{"type": "FeatureCollection", "metadata": {"source": "Survey of India (per src_agency attribute in the source data)", "hosted_via": "National Water Data Portal (NWDP), NWIC, Ministry of Jal Shakti -- https://nwdp.nwic.gov.in/", "access": "public, no login required", "crs_original": "EPSG:7755 (WGS 84 / India NSF LCC)", "fetch_date": "2026-08-02", "quality": "verified-official -- Survey of India source", "state": "Tripura", "district": "North Tripura", "processing": "reprojected to EPSG:4326, topology-preserving simplify (shared-arc, tolerance 0.0005 deg) so adjacent polygons never overlap/gap at shared borders, coords rounded 5dp, 0 feature(s) needed the per-feature fallback", "feature_count": 92}, "features": [{"id": "0", "type": "Feature", "properties": {"village_name": "Tlakchi", "vil_lgd": 272734, "district_name": "North Tripura", "dist_lgd": 270, "subdistrict_name": "Kanchanpur", "sdcode": 6685, "block_name": "Jampuii hills", "block_lgd": 40.0, "gp_name": "", "state_name": "TRIPURA", "state_lgd": 16, "population": 314, "households": 75}, "geometry": {"type": "Polygon", "coordinates": [[[92.30671000000001, 24.04454], [92.30566, 24.03836], [92.30731, 24.034090000000003], [92.30686000000001, 24.02832], [92.30822, 24.018410000000003], [92.30749, 24.001330000000003], [92.30242000000001, 23.998260000000002], [92.28901, 23.999760000000002], [92.28416000000001, 23.99905], [92.28495000000001, 24.002370000000003], [92.28434000000001, 24.00739], [92.28370000000001, 24.01104], [92.28477000000001, 24.015210000000003], [92.2827, 24.023220000000002], [92.28391, 24.02654], [92.28370000000001, 24.03227], [92.28612000000001, 24.039440000000003], [92.28434000000001, 24.044780000000003], [92.28391, 24.055960000000002], [92.29617, 24.056030000000003], [92.30188000000001, 24.057920000000003], [92.3058, 24.06039], [92.30915, 24.061950000000003], [92.30701, 24.05403], [92.30671000000001, 24.04454]]]}}, {"id": "1", "type": "Feature", "properties": {"village_name": "Sibnagar", "vil_lgd": 272713, "district_name": "North Tripura", "dist_lgd": 270, "subdistrict_name": "Kanchanpur", "sdcode": 6685, "block_name": "Dasda", "block_lgd": 39.0, "gp_name": "", "state_name": "TRIPURA", "state_lgd": 16, "population": 2201, "households": 497}, "geometry": {"type": "Polygon", "coordinates": [[[92.20976, 24.078290000000003], [92.20833, 24.074060000000003], [92.20420000000001, 24.06997], [92.20104, 24.071340000000003], [92.19547000000001, 24.071340000000003], [92.19351, 24.07203], [92.1911, 24.07657], [92.19155, 24.084130000000002], [92.19035000000001, 24.08633], [92.18583000000001, 24.09073], [92.18447, 24.09458], [92.18568, 24.09898], [92.18824000000001, 24.10228], [92.1914, 24.11025], [92.19948000000001, 24.119370000000004], [92.20215, 24.11485], [92.20583, 24.110950000000003], [92.20714000000001, 24.10585], [92.20999, 24.101940000000003], [92.21035, 24.096410000000002], [92.20833, 24.092940000000002], [92.20821000000001, 24.08903], [92.21035, 24.086100000000002], [92.21701, 24.08436], [92.21579000000001, 24.082980000000003], [92.20976, 24.078290000000003]]]}}, {"id": "2", "type": "Feature", "properties": {"village_name": "Paschim Tlangsangbari Part", "vil_lgd": 272739, "district_name": "North Tripura", "dist_lgd": 270, "subdistrict_name": "Kanchanpur", "sdcode": 6685, "block_name": "Jampuii hills", "block_lgd": 40.0, "gp_name": "", "state_name": "TRIPURA", "state_lgd": 16, "population": 755, "households": 153}, "geometry": {"type": "Polygon", "coordinates": [[[92.27413000000001, 23.916110000000003], [92.27431000000001, 23.914260000000002], [92.27692, 23.912630000000004], [92.27642, 23.90943], [92.27749000000001, 23.904320000000002], [92.27666, 23.895960000000002], [92.27369, 23.890530000000002], [92.27119, 23.883350000000004], [92.27024, 23.875500000000002], [92.26668000000001, 23.87658], [92.25493, 23.87752], [92.25184, 23.878770000000003], [92.24962000000001, 23.882340000000003], [92.24869000000001, 23.8854], [92.24899, 23.887240000000002], [92.25428000000001, 23.891540000000003], [92.25422, 23.897460000000002], [92.25678, 23.901750000000003], [92.25708, 23.907220000000002], [92.25808, 23.912370000000003], [92.2595, 23.91328], [92.26064000000001, 23.91543], [92.25915, 23.920520000000003], [92.26097000000001, 23.9263], [92.26119000000001, 23.931350000000002], [92.26501, 23.928040000000003], [92.27300000000001, 23.925340000000002], [92.27594, 23.923340000000003], [92.27413000000001, 23.916110000000003]]]}}, {"id": "3", "type": "Feature", "properties": {"village_name": "Belianchief Part", "vil_lgd": 272730, "district_name": "North Tripura", "dist_lgd": 270, "subdistrict_name": "Kanchanpur", "sdcode": 6685, "block_name": "Dasda", "block_lgd": 39.0, "gp_name": "", "state_name": "TRIPURA", "state_lgd": 16, "population": 203, "households": 49}, "geometry": {"type": "Polygon", "coordinates": [[[92.25522000000001, 23.972130000000003], [92.25501000000001, 23.966330000000003], [92.25355, 23.965090000000004], [92.24892000000001, 23.964930000000003], [92.24641000000001, 23.966030000000003], [92.24561000000001, 23.96806], [92.24778, 23.969730000000002], [92.24698000000001, 23.971610000000002], [92.2455, 23.971970000000002], [92.24304000000001, 23.970560000000003], [92.23825000000001, 23.97192], [92.23918, 23.97406], [92.24061, 23.9738], [92.24196, 23.975360000000002], [92.24474000000001, 23.97484], [92.24881, 23.981350000000003], [92.24631000000001, 23.98748], [92.24845, 23.99002], [92.24902, 23.993470000000002], [92.24795, 23.995680000000004], [92.24795, 23.998420000000003], [92.24895000000001, 24.00324], [92.25080000000001, 24.004540000000002], [92.25080000000001, 24.005850000000002], [92.24795, 24.010080000000002], [92.24745, 24.01256], [92.25173000000001, 24.018870000000003], [92.25202, 24.024540000000002], [92.25250000000001, 24.02569], [92.25615, 24.028190000000002], [92.25779000000001, 24.027600000000003], [92.25772, 24.024600000000003], [92.25922000000001, 24.023590000000002], [92.2592, 24.00596], [92.25672, 23.983010000000004], [92.25451000000001, 23.97877], [92.25629, 23.97408], [92.25522000000001, 23.972130000000003]]]}}, {"id": "4", "type": "Feature", "properties": {"village_name": "Indurail Part", "vil_lgd": 272661, "district_name": "North Tripura", "dist_lgd": 270, "subdistrict_name": "Panisagar", "sdcode": 6678, "block_name": "Damchhara", "block_lgd": 36.0, "gp_name": "RAHUMCHERRA", "state_name": "TRIPURA", "state_lgd": 16, "population": 269, "households": 56}, "geometry": {"type": "Polygon", "coordinates": [[[92.19939000000001, 24.26378], [92.20420000000001, 24.26237], [92.20593000000001, 24.26069], [92.21187, 24.260640000000002], [92.2176, 24.26], [92.21287000000001, 24.249930000000003], [92.17581000000001, 24.259870000000003], [92.17699, 24.26432], [92.17873, 24.266090000000002], [92.1799, 24.267080000000004], [92.18251000000001, 24.267190000000003], [92.19404, 24.263720000000003], [92.19939000000001, 24.26378]]]}}, {"id": "5", "type": "Feature", "properties": {"village_name": "Central Catchment R F", "vil_lgd": 272728, "district_name": "North Tripura", "dist_lgd": 270, "subdistrict_name": "Kanchanpur", "sdcode": 6685, "block_name": "Dasda", "block_lgd": 39.0, "gp_name": "", "state_name": "TRIPURA", "state_lgd": 16, "population": 14476, "households": 2932}, "geometry": {"type": "Polygon", "coordinates": [[[92.23773000000001, 23.88416], [92.23953, 23.87921], [92.23972, 23.876430000000003], [92.23792, 23.87217], [92.2343, 23.8673], [92.23459000000001, 23.860950000000003], [92.23373000000001, 23.85582], [92.23564, 23.852690000000003], [92.23915000000001, 23.84956], [92.24191, 23.84887], [92.24315000000001, 23.84956], [92.24543000000001, 23.86147], [92.24685000000001, 23.862080000000002], [92.24990000000001, 23.860950000000003], [92.25341, 23.860860000000002], [92.26886, 23.86249], [92.26546, 23.85162], [92.26445000000001, 23.84833], [92.26370000000001, 23.838810000000002], [92.2643, 23.836370000000002], [92.26608, 23.833920000000003], [92.26653, 23.831210000000002], [92.26623000000001, 23.827540000000003], [92.26697, 23.82441], [92.26628000000001, 23.815910000000002], [92.25706000000001, 23.81247], [92.25777000000001, 23.804370000000002], [92.26001000000001, 23.793470000000003], [92.26487, 23.77316], [92.26731000000001, 23.768600000000003], [92.26551, 23.761370000000003], [92.26718000000001, 23.751640000000002], [92.26553000000001, 23.74323], [92.26670000000001, 23.732380000000003], [92.26549000000001, 23.724890000000002], [92.26164000000001, 23.723440000000004], [92.2604, 23.724700000000002], [92.25826, 23.725240000000003], [92.24915000000001, 23.72437], [92.24797000000001, 23.72285], [92.24403000000001, 23.722340000000003], [92.24100000000001, 23.72071], [92.23917, 23.71843], [92.23841, 23.71552], [92.23634000000001, 23.713620000000002], [92.23635, 23.712090000000003], [92.23951000000001, 23.708190000000002], [92.23966, 23.702550000000002], [92.24040000000001, 23.702440000000003], [92.24058000000001, 23.700870000000002], [92.24241, 23.699160000000003], [92.24208, 23.694930000000003], [92.24038, 23.69291], [92.23639000000001, 23.692860000000003], [92.23452, 23.689470000000004], [92.23482000000001, 23.68663], [92.23203000000001, 23.68475], [92.23181000000001, 23.682630000000003], [92.23334000000001, 23.681230000000003], [92.23065000000001, 23.67528], [92.23310000000001, 23.667550000000002], [92.23155000000001, 23.666230000000002], [92.22953000000001, 23.666120000000003], [92.22908000000001, 23.663400000000003], [92.22593, 23.657760000000003], [92.22558000000001, 23.6551], [92.22319, 23.654470000000003], [92.22262, 23.65283], [92.22157000000001, 23.65305], [92.21937000000001, 23.6519], [92.21184000000001, 23.652630000000002], [92.21041000000001, 23.653550000000003], [92.21119, 23.655440000000002], [92.21086000000001, 23.65884], [92.20658, 23.66111], [92.20672, 23.66644], [92.20749, 23.6671], [92.20607000000001, 23.669500000000003], [92.20633000000001, 23.67162], [92.20568, 23.672400000000003], [92.2073, 23.67761], [92.20830000000001, 23.67723], [92.21035, 23.67866], [92.21239000000001, 23.681150000000002], [92.21277, 23.684240000000003], [92.21366, 23.68495], [92.21092, 23.688570000000002], [92.21142, 23.690540000000002], [92.20983000000001, 23.691450000000003], [92.20916000000001, 23.695800000000002], [92.20703, 23.70062], [92.20575000000001, 23.70173], [92.20411000000001, 23.701900000000002], [92.20407, 23.703830000000004], [92.20284000000001, 23.705810000000003], [92.19819000000001, 23.7072], [92.19354000000001, 23.706770000000002], [92.19005000000001, 23.70839], [92.18855, 23.71017], [92.18609000000001, 23.710980000000003], [92.18440000000001, 23.70932], [92.18472000000001, 23.708090000000002], [92.17771, 23.70756], [92.17701000000001, 23.70916], [92.17750000000001, 23.71028], [92.17631, 23.71235], [92.17655, 23.716410000000003], [92.17311000000001, 23.717730000000003], [92.17080000000001, 23.722540000000002], [92.1696, 23.723190000000002], [92.16951, 23.724700000000002], [92.17072, 23.72492], [92.17154000000001, 23.7266], [92.17079000000001, 23.732850000000003], [92.17291, 23.735740000000003], [92.17188, 23.738560000000003], [92.17089000000001, 23.739160000000002], [92.17357000000001, 23.751890000000003], [92.17262000000001, 23.753670000000003], [92.17136, 23.75421], [92.16731, 23.75355], [92.16394000000001, 23.754140000000003], [92.16219000000001, 23.756420000000002], [92.15990000000001, 23.757550000000002], [92.15909, 23.761120000000002], [92.15989, 23.7647], [92.16167, 23.767680000000002], [92.15916000000001, 23.770220000000002], [92.15949, 23.776790000000002], [92.15827, 23.782120000000003], [92.15808000000001, 23.78732], [92.159, 23.791010000000004], [92.15725, 23.795050000000003], [92.15789000000001, 23.79982], [92.15731000000001, 23.80151], [92.15859, 23.809790000000003], [92.15746000000001, 23.81208], [92.15688, 23.820510000000002], [92.15729, 23.826490000000003], [92.15934000000001, 23.82919], [92.15818, 23.83031], [92.15739, 23.833720000000003], [92.158, 23.83751], [92.15695000000001, 23.84083], [92.15853000000001, 23.84457], [92.15673000000001, 23.85047], [92.1568, 23.854170000000003], [92.15281, 23.859800000000003], [92.16276, 23.8621], [92.17274, 23.859820000000003], [92.1808, 23.861060000000002], [92.18821000000001, 23.85715], [92.19121000000001, 23.85695], [92.19306, 23.858060000000002], [92.19884, 23.861060000000002], [92.20303000000001, 23.85904], [92.20474, 23.8593], [92.20645, 23.859820000000003], [92.20797, 23.86182], [92.20835000000001, 23.86617], [92.20578, 23.871730000000003], [92.20559, 23.891990000000003], [92.20673000000001, 23.893810000000002], [92.20873, 23.89329], [92.20930000000001, 23.89016], [92.21196, 23.88877], [92.21938, 23.89233], [92.2248, 23.89964], [92.22746000000001, 23.900940000000002], [92.22936000000001, 23.900940000000002], [92.23611000000001, 23.89607], [92.23811, 23.89338], [92.23915000000001, 23.8899], [92.23849000000001, 23.886860000000002], [92.23773000000001, 23.88416]]]}}, {"id": "6", "type": "Feature", "properties": {"village_name": "Ramprasaipara", "vil_lgd": 272725, "district_name": "North Tripura", "dist_lgd": 270, "subdistrict_name": "Kanchanpur", "sdcode": 6685, "block_name": "Dasda", "block_lgd": 39.0, "gp_name": "", "state_name": "TRIPURA", "state_lgd": 16, "population": 283, "households": 64}, "geometry": {"type": "Polygon", "coordinates": [[[92.19542000000001, 23.92154], [92.19875, 23.92154], [92.20773000000001, 23.91785], [92.20859, 23.91484], [92.20517000000001, 23.907410000000002], [92.20531000000001, 23.899590000000003], [92.20673000000001, 23.893810000000002], [92.20082000000001, 23.89579], [92.19789, 23.895850000000003], [92.19105, 23.892200000000003], [92.18601000000001, 23.892200000000003], [92.18584000000001, 23.898460000000004], [92.18385, 23.90237], [92.18285, 23.907590000000003], [92.18042000000001, 23.91045], [92.17857000000001, 23.915670000000002], [92.17558000000001, 23.925050000000002], [92.18165, 23.927780000000002], [92.18901000000001, 23.92819], [92.19281000000001, 23.92246], [92.19542000000001, 23.92154]]]}}, {"id": "7", "type": "Feature", "properties": {"village_name": "Kalapania", "vil_lgd": 272723, "district_name": "North Tripura", "dist_lgd": 270, "subdistrict_name": "Kanchanpur", "sdcode": 6685, "block_name": "Dasda", "block_lgd": 39.0, "gp_name": "", "state_name": "TRIPURA", "state_lgd": 16, "population": 864, "households": 192}, "geometry": {"type": "Polygon", "coordinates": [[[92.18841, 23.867790000000003], [92.18812000000001, 23.86382], [92.18943, 23.861890000000002], [92.19137, 23.8609], [92.19306, 23.858060000000002], [92.19121000000001, 23.85695], [92.18821000000001, 23.85715], [92.1808, 23.861060000000002], [92.17274, 23.859820000000003], [92.16276, 23.8621], [92.15281, 23.859800000000003], [92.15027, 23.861780000000003], [92.15159000000001, 23.8642], [92.15175, 23.868840000000002], [92.14739, 23.87684], [92.14691, 23.880470000000003], [92.14822000000001, 23.882080000000002], [92.15144000000001, 23.88406], [92.15897000000001, 23.883960000000002], [92.16182, 23.884790000000002], [92.16890000000001, 23.888710000000003], [92.17432000000001, 23.8886], [92.17768000000001, 23.89001], [92.18179, 23.8897], [92.18430000000001, 23.88521], [92.18498000000001, 23.87984], [92.18681000000001, 23.87561], [92.18755, 23.869510000000002], [92.18841, 23.867790000000003]]]}}, {"id": "8", "type": "Feature", "properties": {"village_name": "Lambachhara", "vil_lgd": 272724, "district_name": "North Tripura", "dist_lgd": 270, "subdistrict_name": "Kanchanpur", "sdcode": 6685, "block_name": "Dasda", "block_lgd": 39.0, "gp_name": "", "state_name": "TRIPURA", "state_lgd": 16, "population": 108, "households": 26}, "geometry": {"type": "Polygon", "coordinates": [[[92.20578, 23.871730000000003], [92.20835000000001, 23.86617], [92.20797, 23.86182], [92.20645, 23.859820000000003], [92.20474, 23.8593], [92.20303000000001, 23.85904], [92.19884, 23.861060000000002], [92.19306, 23.858060000000002], [92.19137, 23.8609], [92.18943, 23.861890000000002], [92.18812000000001, 23.86382], [92.18841, 23.867790000000003], [92.18755, 23.869510000000002], [92.18681000000001, 23.87561], [92.18498000000001, 23.87984], [92.18430000000001, 23.88521], [92.18179, 23.8897], [92.18601000000001, 23.892200000000003], [92.19105, 23.892200000000003], [92.19789, 23.895850000000003], [92.20082000000001, 23.89579], [92.20673000000001, 23.893810000000002], [92.20559, 23.891990000000003], [92.20578, 23.871730000000003]]]}}, {"id": "9", "type": "Feature", "properties": {"village_name": "Sunitipur", "vil_lgd": 272722, "district_name": "North Tripura", "dist_lgd": 270, "subdistrict_name": "Kanchanpur", "sdcode": 6685, "block_name": "Dasda", "block_lgd": 39.0, "gp_name": "", "state_name": "TRIPURA", "state_lgd": 16, "population": 808, "households": 169}, "geometry": {"type": "Polygon", "coordinates": [[[92.18042000000001, 23.91045], [92.18285, 23.907590000000003], [92.18385, 23.90237], [92.18584000000001, 23.898460000000004], [92.18601000000001, 23.892200000000003], [92.18179, 23.8897], [92.17768000000001, 23.89001], [92.17432000000001, 23.8886], [92.16890000000001, 23.888710000000003], [92.16182, 23.884790000000002], [92.15897000000001, 23.883960000000002], [92.15144000000001, 23.88406], [92.14822000000001, 23.882080000000002], [92.14647000000001, 23.881950000000003], [92.14053000000001, 23.892970000000002], [92.14066000000001, 23.898480000000003], [92.13798000000001, 23.902530000000002], [92.13809, 23.90613], [92.13602, 23.913210000000003], [92.14855000000001, 23.915470000000003], [92.15468000000001, 23.91756], [92.15982000000001, 23.9171], [92.16303, 23.918930000000003], [92.17272000000001, 23.92134], [92.17558000000001, 23.925050000000002], [92.17857000000001, 23.915670000000002], [92.18042000000001, 23.91045]]]}}, {"id": "10", "type": "Feature", "properties": {"village_name": "Gachirampara", "vil_lgd": 272727, "district_name": "North Tripura", "dist_lgd": 270, "subdistrict_name": "Kanchanpur", "sdcode": 6685, "block_name": "Dasda", "block_lgd": 39.0, "gp_name": "", "state_name": "TRIPURA", "state_lgd": 16, "population": 21601, "households": 3870}, "geometry": {"type": "Polygon", "coordinates": [[[92.25678, 23.901750000000003], [92.25422, 23.897460000000002], [92.25428000000001, 23.891540000000003], [92.24899, 23.887240000000002], [92.24869000000001, 23.8854], [92.24962000000001, 23.882340000000003], [92.24628000000001, 23.871650000000002], [92.24543000000001, 23.86147], [92.24315000000001, 23.84956], [92.24191, 23.84887], [92.23915000000001, 23.84956], [92.23564, 23.852690000000003], [92.23373000000001, 23.85582], [92.23459000000001, 23.860950000000003], [92.2343, 23.8673], [92.23792, 23.87217], [92.23972, 23.876430000000003], [92.23953, 23.87921], [92.23773000000001, 23.88416], [92.23849000000001, 23.886860000000002], [92.23915000000001, 23.8899], [92.23811, 23.89338], [92.23611000000001, 23.89607], [92.22936000000001, 23.900940000000002], [92.22746000000001, 23.900940000000002], [92.2248, 23.89964], [92.21938, 23.89233], [92.21196, 23.88877], [92.20930000000001, 23.89016], [92.20873, 23.89329], [92.20673000000001, 23.893810000000002], [92.20531000000001, 23.899590000000003], [92.20517000000001, 23.907410000000002], [92.20859, 23.91484], [92.21002000000001, 23.913140000000002], [92.21173, 23.90793], [92.21373000000001, 23.905970000000003], [92.21829000000001, 23.908450000000002], [92.21758000000001, 23.91093], [92.21972000000001, 23.911710000000003], [92.22528000000001, 23.91184], [92.22770000000001, 23.913140000000002], [92.22913000000001, 23.920710000000003], [92.23155000000001, 23.92801], [92.23441000000001, 23.93465], [92.23626, 23.936870000000003], [92.23811, 23.937780000000004], [92.24781, 23.93804], [92.25309000000001, 23.935830000000003], [92.25694000000001, 23.934], [92.25908000000001, 23.93126], [92.26097000000001, 23.9263], [92.25915, 23.920520000000003], [92.26064000000001, 23.91543], [92.2595, 23.91328], [92.25808, 23.912370000000003], [92.25708, 23.907220000000002], [92.25678, 23.901750000000003]]]}}, {"id": "11", "type": "Feature", "properties": {"village_name": "Taiyangpara", "vil_lgd": 272721, "district_name": "North Tripura", "dist_lgd": 270, "subdistrict_name": "Kanchanpur", "sdcode": 6685, "block_name": "Dasda", "block_lgd": 39.0, "gp_name": "", "state_name": "TRIPURA", "state_lgd": 16, "population": 4334, "households": 941}, "geometry": {"type": "Polygon", "coordinates": [[[92.14477000000001, 23.9475], [92.14562000000001, 23.944460000000003], [92.15494000000001, 23.94611], [92.15713000000001, 23.94472], [92.15713000000001, 23.94272], [92.15551, 23.9389], [92.15874000000001, 23.931340000000002], [92.15922, 23.927080000000004], [92.16303, 23.918930000000003], [92.15982000000001, 23.9171], [92.15468000000001, 23.91756], [92.14855000000001, 23.915470000000003], [92.13602, 23.913210000000003], [92.13408000000001, 23.917250000000003], [92.13262, 23.923360000000002], [92.12836, 23.93043], [92.12823, 23.937420000000003], [92.12176000000001, 23.95306], [92.12167000000001, 23.957490000000004], [92.12575000000001, 23.962010000000003], [92.13127, 23.964530000000003], [92.13449000000001, 23.964820000000003], [92.13707000000001, 23.963220000000003], [92.13878000000001, 23.96036], [92.13821, 23.958190000000002], [92.13536, 23.953930000000003], [92.13469, 23.9508], [92.13621, 23.948800000000002], [92.14078, 23.947930000000003], [92.14477000000001, 23.9475]]]}}, {"id": "12", "type": "Feature", "properties": {"village_name": "Dasmanipara", "vil_lgd": 272720, "district_name": "North Tripura", "dist_lgd": 270, "subdistrict_name": "Kanchanpur", "sdcode": 6685, "block_name": "Dasda", "block_lgd": 39.0, "gp_name": "DASMANIPARA", "state_name": "TRIPURA", "state_lgd": 16, "population": 771, "households": 163}, "geometry": {"type": "Polygon", "coordinates": [[[92.17297, 23.965210000000003], [92.17659, 23.964290000000002], [92.17665000000001, 23.963310000000003], [92.17428000000001, 23.96196], [92.17101000000001, 23.957900000000002], [92.16798000000001, 23.948760000000004], [92.17071000000001, 23.93915], [92.17303000000001, 23.93524], [92.18165, 23.927780000000002], [92.17558000000001, 23.925050000000002], [92.17272000000001, 23.92134], [92.16303, 23.918930000000003], [92.15922, 23.927080000000004], [92.15874000000001, 23.931340000000002], [92.15551, 23.9389], [92.15713000000001, 23.94272], [92.15713000000001, 23.94472], [92.15494000000001, 23.94611], [92.14562000000001, 23.944460000000003], [92.14477000000001, 23.9475], [92.14078, 23.947930000000003], [92.13621, 23.948800000000002], [92.13469, 23.9508], [92.13536, 23.953930000000003], [92.13821, 23.958190000000002], [92.13878000000001, 23.96036], [92.13707000000001, 23.963220000000003], [92.13449000000001, 23.964820000000003], [92.13637000000001, 23.97108], [92.13958000000001, 23.9688], [92.14213000000001, 23.968310000000002], [92.14463, 23.96874], [92.14974000000001, 23.971950000000003], [92.15621, 23.97173], [92.1615, 23.96891], [92.16709, 23.971020000000003], [92.17166, 23.968970000000002], [92.17297, 23.965210000000003]]]}}, {"id": "13", "type": "Feature", "properties": {"village_name": "Tuichhama", "vil_lgd": 272726, "district_name": "North Tripura", "dist_lgd": 270, "subdistrict_name": "Kanchanpur", "sdcode": 6685, "block_name": "Dasda", "block_lgd": 39.0, "gp_name": "", "state_name": "TRIPURA", "state_lgd": 16, "population": 4557, "households": 961}, "geometry": {"type": "Polygon", "coordinates": [[[92.21341000000001, 23.94555], [92.21774, 23.94479], [92.21792, 23.93952], [92.22107000000001, 23.935070000000003], [92.22345000000001, 23.935720000000003], [92.22844, 23.9399], [92.23402, 23.93908], [92.23626, 23.936870000000003], [92.23441000000001, 23.93465], [92.23155000000001, 23.92801], [92.22913000000001, 23.920710000000003], [92.22770000000001, 23.913140000000002], [92.22528000000001, 23.91184], [92.21972000000001, 23.911710000000003], [92.21758000000001, 23.91093], [92.21829000000001, 23.908450000000002], [92.21373000000001, 23.905970000000003], [92.21173, 23.90793], [92.21002000000001, 23.913140000000002], [92.20859, 23.91484], [92.20773000000001, 23.91785], [92.19875, 23.92154], [92.19542000000001, 23.92154], [92.19281000000001, 23.92246], [92.18901000000001, 23.92819], [92.18165, 23.927780000000002], [92.17303000000001, 23.93524], [92.17071000000001, 23.93915], [92.16798000000001, 23.948760000000004], [92.17101000000001, 23.957900000000002], [92.17472000000001, 23.954780000000003], [92.17728000000001, 23.954510000000003], [92.18162000000001, 23.951790000000003], [92.18655000000001, 23.95022], [92.18821000000001, 23.951030000000003], [92.19154, 23.956950000000003], [92.19760000000001, 23.957770000000004], [92.19885000000001, 23.95842], [92.20021000000001, 23.9614], [92.20152, 23.96244], [92.20544000000001, 23.9633], [92.2099, 23.961620000000003], [92.21038, 23.960530000000002], [92.20824, 23.95717], [92.20800000000001, 23.95538], [92.21127000000001, 23.950000000000003], [92.21412000000001, 23.948480000000004], [92.21341000000001, 23.94555]]]}}, {"id": "14", "type": "Feature", "properties": {"village_name": "Kamarmara", "vil_lgd": 272719, "district_name": "North Tripura", "dist_lgd": 270, "subdistrict_name": "Kanchanpur", "sdcode": 6685, "block_name": "Dasda", "block_lgd": 39.0, "gp_name": "DASAMONI", "state_name": "TRIPURA", "state_lgd": 16, "population": 515, "households": 127}, "geometry": {"type": "Polygon", "coordinates": [[[92.18665000000001, 23.975810000000003], [92.18874000000001, 23.975720000000003], [92.19102000000001, 23.97342], [92.19625, 23.97268], [92.20082000000001, 23.975550000000002], [92.20395, 23.976280000000003], [92.20605, 23.973160000000004], [92.20585000000001, 23.97125], [92.20429000000001, 23.96855], [92.20544000000001, 23.9633], [92.20152, 23.96244], [92.20021000000001, 23.9614], [92.19885000000001, 23.95842], [92.19760000000001, 23.957770000000004], [92.19154, 23.956950000000003], [92.18821000000001, 23.951030000000003], [92.18655000000001, 23.95022], [92.18162000000001, 23.951790000000003], [92.17728000000001, 23.954510000000003], [92.17472000000001, 23.954780000000003], [92.17101000000001, 23.957900000000002], [92.17428000000001, 23.96196], [92.17665000000001, 23.963310000000003], [92.17659, 23.964290000000002], [92.17297, 23.965210000000003], [92.17166, 23.968970000000002], [92.17519, 23.9735], [92.18285, 23.974030000000003], [92.18351000000001, 23.978980000000004], [92.18584000000001, 23.978540000000002], [92.18622, 23.976940000000003], [92.18665000000001, 23.975810000000003]]]}}, {"id": "15", "type": "Feature", "properties": {"village_name": "Dasda Laxmipur", "vil_lgd": 272718, "district_name": "North Tripura", "dist_lgd": 270, "subdistrict_name": "Kanchanpur", "sdcode": 6685, "block_name": "Dasda", "block_lgd": 39.0, "gp_name": "", "state_name": "TRIPURA", "state_lgd": 16, "population": 5835, "households": 1349}, "geometry": {"type": "Polygon", "coordinates": [[[92.22701, 23.96863], [92.23084, 23.971660000000004], [92.23825000000001, 23.97192], [92.24304000000001, 23.970560000000003], [92.2455, 23.971970000000002], [92.24698000000001, 23.971610000000002], [92.24778, 23.969730000000002], [92.24561000000001, 23.96806], [92.24641000000001, 23.966030000000003], [92.24892000000001, 23.964930000000003], [92.25355, 23.965090000000004], [92.25152000000001, 23.96196], [92.25137000000001, 23.95662], [92.25351, 23.953170000000004], [92.25795000000001, 23.95107], [92.26178, 23.94685], [92.26371, 23.9389], [92.26335, 23.936420000000002], [92.26072, 23.93355], [92.26119000000001, 23.931350000000002], [92.26097000000001, 23.9263], [92.25908000000001, 23.93126], [92.25694000000001, 23.934], [92.25309000000001, 23.935830000000003], [92.24781, 23.93804], [92.23811, 23.937780000000004], [92.23626, 23.936870000000003], [92.23402, 23.93908], [92.22844, 23.9399], [92.22345000000001, 23.935720000000003], [92.22107000000001, 23.935070000000003], [92.21792, 23.93952], [92.21774, 23.94479], [92.21341000000001, 23.94555], [92.21412000000001, 23.948480000000004], [92.21127000000001, 23.950000000000003], [92.20800000000001, 23.95538], [92.20824, 23.95717], [92.21038, 23.960530000000002], [92.2099, 23.961620000000003], [92.20544000000001, 23.9633], [92.20429000000001, 23.96855], [92.20585000000001, 23.97125], [92.20605, 23.973160000000004], [92.20395, 23.976280000000003], [92.20602000000001, 23.977760000000004], [92.20796000000001, 23.981040000000004], [92.21247000000001, 23.978640000000002], [92.21526, 23.974320000000002], [92.22171, 23.97228], [92.22547, 23.968950000000003], [92.22701, 23.96863]]]}}, {"id": "16", "type": "Feature", "properties": {"village_name": "Satnala", "vil_lgd": 272717, "district_name": "North Tripura", "dist_lgd": 270, "subdistrict_name": "Kanchanpur", "sdcode": 6685, "block_name": "Dasda", "block_lgd": 39.0, "gp_name": "SATNALA", "state_name": "TRIPURA", "state_lgd": 16, "population": 7991, "households": 1719}, "geometry": {"type": "Polygon", "coordinates": [[[92.25173000000001, 24.018870000000003], [92.24745, 24.01256], [92.24795, 24.010080000000002], [92.25080000000001, 24.005850000000002], [92.25080000000001, 24.004540000000002], [92.24895000000001, 24.00324], [92.24795, 23.998420000000003], [92.24795, 23.995680000000004], [92.24902, 23.993470000000002], [92.24845, 23.99002], [92.24631000000001, 23.98748], [92.24881, 23.981350000000003], [92.24474000000001, 23.97484], [92.24196, 23.975360000000002], [92.24061, 23.9738], [92.23918, 23.97406], [92.23825000000001, 23.97192], [92.23084, 23.971660000000004], [92.22701, 23.96863], [92.22547, 23.968950000000003], [92.22171, 23.97228], [92.21526, 23.974320000000002], [92.21247000000001, 23.978640000000002], [92.20796000000001, 23.981040000000004], [92.20592, 23.98601], [92.20649, 23.989720000000002], [92.20513000000001, 23.99565], [92.20599000000001, 24.0023], [92.20413, 24.00607], [92.20421, 24.007700000000003], [92.20941, 24.012200000000004], [92.21095000000001, 24.01734], [92.21305000000001, 24.01838], [92.21647, 24.018060000000002], [92.22103000000001, 24.021770000000004], [92.22267000000001, 24.025940000000002], [92.22588, 24.02972], [92.22852, 24.029850000000003], [92.2338, 24.026400000000002], [92.23750000000001, 24.026400000000002], [92.24021, 24.02399], [92.24214, 24.024700000000003], [92.24656, 24.028480000000002], [92.24941000000001, 24.02783], [92.25250000000001, 24.02569], [92.25202, 24.024540000000002], [92.25173000000001, 24.018870000000003]]]}}, {"id": "17", "type": "Feature", "properties": {"village_name": "Manu Chailengta R F", "vil_lgd": 272716, "district_name": "North Tripura", "dist_lgd": 270, "subdistrict_name": "Kanchanpur", "sdcode": 6685, "block_name": "Dasda", "block_lgd": 39.0, "gp_name": "MANUCHAILONGTA", "state_name": "TRIPURA", "state_lgd": 16, "population": 1462, "households": 340}, "geometry": {"type": "Polygon", "coordinates": [[[92.20941, 24.012200000000004], [92.20421, 24.007700000000003], [92.20413, 24.00607], [92.20599000000001, 24.0023], [92.20513000000001, 23.99565], [92.20649, 23.989720000000002], [92.20592, 23.98601], [92.20796000000001, 23.981040000000004], [92.20602000000001, 23.977760000000004], [92.20395, 23.976280000000003], [92.20082000000001, 23.975550000000002], [92.19625, 23.97268], [92.19102000000001, 23.97342], [92.18874000000001, 23.975720000000003], [92.18665000000001, 23.975810000000003], [92.18622, 23.976940000000003], [92.18584000000001, 23.978540000000002], [92.18351000000001, 23.978980000000004], [92.18285, 23.974030000000003], [92.17519, 23.9735], [92.17166, 23.968970000000002], [92.16709, 23.971020000000003], [92.1615, 23.96891], [92.15621, 23.97173], [92.14974000000001, 23.971950000000003], [92.14463, 23.96874], [92.14213000000001, 23.968310000000002], [92.13958000000001, 23.9688], [92.13637000000001, 23.97108], [92.13449000000001, 23.964820000000003], [92.13127, 23.964530000000003], [92.12575000000001, 23.962010000000003], [92.12167000000001, 23.957490000000004], [92.12176000000001, 23.95306], [92.12823, 23.937420000000003], [92.12836, 23.93043], [92.12594000000001, 23.930780000000002], [92.11768000000001, 23.92584], [92.11492000000001, 23.92575], [92.11330000000001, 23.924690000000002], [92.10904000000001, 23.926180000000002], [92.10816000000001, 23.928320000000003], [92.10502000000001, 23.93082], [92.09941, 23.929840000000002], [92.09588000000001, 23.930300000000003], [92.09178000000001, 23.934730000000002], [92.09239000000001, 23.94197], [92.09779, 23.948770000000003], [92.09782000000001, 23.951620000000002], [92.10025, 23.95314], [92.10009000000001, 23.95954], [92.10162000000001, 23.962780000000002], [92.09784, 23.96345], [92.09615000000001, 23.968320000000002], [92.09335, 23.968750000000004], [92.09286, 23.96976], [92.09308, 23.973450000000003], [92.0943, 23.976640000000003], [92.09352000000001, 23.97822], [92.09196000000001, 23.978620000000003], [92.09190000000001, 23.99163], [92.09279000000001, 23.992990000000002], [92.09594000000001, 23.993820000000003], [92.09674000000001, 23.995510000000003], [92.10220000000001, 23.996060000000003], [92.11237000000001, 23.992240000000002], [92.11598000000001, 23.994590000000002], [92.12235000000001, 23.997020000000003], [92.12549000000001, 24.00214], [92.13243000000001, 24.00675], [92.13728, 24.00822], [92.14526000000001, 24.00927], [92.15287000000001, 24.008830000000003], [92.16057, 24.00944], [92.16856000000001, 24.008740000000003], [92.16989000000001, 24.00935], [92.17512, 24.01526], [92.1774, 24.01647], [92.18092000000001, 24.01613], [92.18900000000001, 24.013430000000003], [92.19470000000001, 24.016650000000002], [92.20136000000001, 24.016910000000003], [92.20741000000001, 24.018880000000003], [92.21095000000001, 24.01734], [92.20941, 24.012200000000004]]]}}, {"id": "18", "type": "Feature", "properties": {"village_name": "Chandipur", "vil_lgd": 272715, "district_name": "North Tripura", "dist_lgd": 270, "subdistrict_name": "Kanchanpur", "sdcode": 6685, "block_name": "Dasda", "block_lgd": 39.0, "gp_name": "CHANDIPUR", "state_name": "TRIPURA", "state_lgd": 16, "population": 1298, "households": 279}, "geometry": {"type": "Polygon", "coordinates": [[[92.15332000000001, 24.04051], [92.14930000000001, 24.03657], [92.14930000000001, 24.032230000000002], [92.15614000000001, 24.024220000000003], [92.16057, 24.00944], [92.15287000000001, 24.008830000000003], [92.14526000000001, 24.00927], [92.13728, 24.00822], [92.13243000000001, 24.00675], [92.12549000000001, 24.00214], [92.12235000000001, 23.997020000000003], [92.11598000000001, 23.994590000000002], [92.11237000000001, 23.992240000000002], [92.10220000000001, 23.996060000000003], [92.09674000000001, 23.995510000000003], [92.09603000000001, 23.999730000000003], [92.09948000000001, 24.000860000000003], [92.09822000000001, 24.009970000000003], [92.10171000000001, 24.011830000000003], [92.10281, 24.010340000000003], [92.10677000000001, 24.01106], [92.10753000000001, 24.012670000000004], [92.10733, 24.01575], [92.11115000000001, 24.016750000000002], [92.11326000000001, 24.01875], [92.11222000000001, 24.02118], [92.11274, 24.022920000000003], [92.11364, 24.02279], [92.11451000000001, 24.02064], [92.11667000000001, 24.02005], [92.11976000000001, 24.02372], [92.12402, 24.026030000000002], [92.12433, 24.027070000000002], [92.12008, 24.030410000000003], [92.11748, 24.030910000000002], [92.11483000000001, 24.030240000000003], [92.11340000000001, 24.03111], [92.1123, 24.036440000000002], [92.1294, 24.04566], [92.13519000000001, 24.045520000000003], [92.14099, 24.0439], [92.14633, 24.044710000000002], [92.15064000000001, 24.046470000000003], [92.15138, 24.04512], [92.15332000000001, 24.04051]]]}}, {"id": "19", "type": "Feature", "properties": {"village_name": "Laljuri Part", "vil_lgd": 272709, "district_name": "North Tripura", "dist_lgd": 270, "subdistrict_name": "Kanchanpur", "sdcode": 6685, "block_name": "Dasda", "block_lgd": 39.0, "gp_name": "", "state_name": "TRIPURA", "state_lgd": 16, "population": 1126, "households": 266}, "geometry": {"type": "Polygon", "coordinates": [[[92.22865, 24.151020000000003], [92.22509000000001, 24.148410000000002], [92.22238, 24.144900000000003], [92.22452000000001, 24.144250000000003], [92.23079000000001, 24.14646], [92.23293000000001, 24.14516], [92.22808, 24.14178], [92.22666000000001, 24.139570000000003], [92.22666000000001, 24.138], [92.22423, 24.135920000000002], [92.21568, 24.134100000000004], [92.21254, 24.120820000000002], [92.20897000000001, 24.120820000000002], [92.20254000000001, 24.12262], [92.20405000000001, 24.13155], [92.20450000000001, 24.140210000000003], [92.20947000000001, 24.14901], [92.21158000000001, 24.154780000000002], [92.21444000000001, 24.15818], [92.21430000000001, 24.15577], [92.21516000000001, 24.154670000000003], [92.22015, 24.15538], [92.22300000000001, 24.159350000000003], [92.2231, 24.16128], [92.22851000000001, 24.161430000000003], [92.23037000000001, 24.158170000000002], [92.23051000000001, 24.154400000000003], [92.22865, 24.151020000000003]]]}}, {"id": "20", "type": "Feature", "properties": {"village_name": "Rahumchhara", "vil_lgd": 272660, "district_name": "North Tripura", "dist_lgd": 270, "subdistrict_name": "Panisagar", "sdcode": 6678, "block_name": "Damchhara", "block_lgd": 36.0, "gp_name": "RAHUMCHERRA", "state_name": "TRIPURA", "state_lgd": 16, "population": 1689, "households": 357}, "geometry": {"type": "Polygon", "coordinates": [[[92.23968, 24.250700000000002], [92.23738, 24.238190000000003], [92.23548000000001, 24.235210000000002], [92.23439, 24.23074], [92.23082000000001, 24.226480000000002], [92.22992, 24.226290000000002], [92.23016000000001, 24.225690000000004], [92.20437000000001, 24.2359], [92.19902, 24.239150000000002], [92.18774, 24.239960000000004], [92.17761, 24.24304], [92.17372, 24.251970000000004], [92.1739, 24.257820000000002], [92.17581000000001, 24.259870000000003], [92.21287000000001, 24.249930000000003], [92.23968, 24.250700000000002]]]}}, {"id": "21", "type": "Feature", "properties": {"village_name": "Paschim Tlangsanbari Part", "vil_lgd": 272729, "district_name": "North Tripura", "dist_lgd": 270, "subdistrict_name": "Kanchanpur", "sdcode": 6685, "block_name": "Dasda", "block_lgd": 39.0, "gp_name": "", "state_name": "TRIPURA", "state_lgd": 16, "population": 830, "households": 199}, "geometry": {"type": "Polygon", "coordinates": [[[92.26668000000001, 23.87658], [92.27024, 23.875500000000002], [92.27143000000001, 23.87441], [92.27158000000001, 23.87224], [92.26886, 23.86249], [92.25341, 23.860860000000002], [92.24990000000001, 23.860950000000003], [92.24685000000001, 23.862080000000002], [92.24543000000001, 23.86147], [92.24628000000001, 23.871650000000002], [92.24962000000001, 23.882340000000003], [92.25184, 23.878770000000003], [92.25493, 23.87752], [92.26668000000001, 23.87658]]]}}, {"id": "22", "type": "Feature", "properties": {"village_name": "Santipur", "vil_lgd": 272712, "district_name": "North Tripura", "dist_lgd": 270, "subdistrict_name": "Kanchanpur", "sdcode": 6685, "block_name": "Dasda", "block_lgd": 39.0, "gp_name": "", "state_name": "TRIPURA", "state_lgd": 16, "population": 2231, "households": 567}, "geometry": {"type": "Polygon", "coordinates": [[[92.24175000000001, 24.150270000000003], [92.24196, 24.143890000000003], [92.24367000000001, 24.13933], [92.24474000000001, 24.139590000000002], [92.24596000000001, 24.149220000000003], [92.24838000000001, 24.14955], [92.24931000000001, 24.14864], [92.25109, 24.143300000000004], [92.26, 24.14122], [92.26236, 24.139270000000003], [92.26395000000001, 24.137410000000003], [92.26443, 24.134110000000003], [92.25736, 24.125700000000002], [92.25783000000001, 24.11822], [92.26068000000001, 24.120250000000002], [92.26603, 24.126350000000002], [92.27242000000001, 24.13652], [92.27569000000001, 24.139100000000003], [92.28104, 24.141520000000003], [92.28524, 24.134520000000002], [92.28624, 24.130550000000003], [92.28546, 24.12515], [92.28275000000001, 24.12085], [92.28211, 24.118250000000003], [92.28268000000001, 24.11558], [92.28417, 24.113960000000002], [92.2836, 24.11051], [92.28416000000001, 24.10697], [92.27950000000001, 24.1064], [92.27195, 24.09973], [92.26928000000001, 24.09853], [92.26018, 24.09897], [92.25941, 24.100050000000003], [92.25971000000001, 24.104550000000003], [92.25721, 24.10949], [92.25632, 24.109160000000003], [92.25093000000001, 24.101480000000002], [92.24897000000001, 24.09562], [92.24599, 24.0928], [92.24582000000001, 24.091610000000003], [92.2479, 24.08678], [92.24481, 24.082440000000002], [92.24546000000001, 24.08076], [92.24493000000001, 24.07807], [92.25040000000001, 24.072650000000003], [92.25244, 24.069170000000003], [92.25572000000001, 24.064220000000002], [92.25744, 24.05732], [92.25736, 24.04332], [92.25822000000001, 24.04156], [92.26079000000001, 24.039810000000003], [92.26243000000001, 24.033030000000004], [92.26221000000001, 24.0288], [92.25922000000001, 24.023590000000002], [92.25772, 24.024600000000003], [92.25779000000001, 24.027600000000003], [92.25615, 24.028190000000002], [92.25250000000001, 24.02569], [92.24941000000001, 24.02783], [92.24656, 24.028480000000002], [92.24214, 24.024700000000003], [92.24021, 24.02399], [92.23750000000001, 24.026400000000002], [92.2338, 24.026400000000002], [92.22852, 24.029850000000003], [92.22588, 24.02972], [92.22437000000001, 24.032610000000002], [92.2214, 24.035210000000003], [92.22105, 24.03695], [92.22211, 24.047580000000004], [92.22164000000001, 24.05572], [92.22366000000001, 24.05789], [92.22402000000001, 24.05985], [92.22069, 24.06809], [92.21677000000001, 24.07504], [92.21579000000001, 24.082980000000003], [92.21701, 24.08436], [92.21035, 24.086100000000002], [92.20821000000001, 24.08903], [92.20833, 24.092940000000002], [92.21035, 24.096410000000002], [92.20999, 24.101940000000003], [92.20714000000001, 24.10585], [92.20583, 24.110950000000003], [92.20215, 24.11485], [92.19948000000001, 24.119370000000004], [92.20254000000001, 24.12262], [92.20897000000001, 24.120820000000002], [92.21254, 24.120820000000002], [92.21568, 24.134100000000004], [92.22423, 24.135920000000002], [92.22666000000001, 24.138], [92.22666000000001, 24.139570000000003], [92.22808, 24.14178], [92.23293000000001, 24.14516], [92.23079000000001, 24.14646], [92.22452000000001, 24.144250000000003], [92.22238, 24.144900000000003], [92.22509000000001, 24.148410000000002], [92.22865, 24.151020000000003], [92.23051000000001, 24.154400000000003], [92.23037000000001, 24.158170000000002], [92.22851000000001, 24.161430000000003], [92.2231, 24.16128], [92.22243, 24.163710000000002], [92.22599000000001, 24.16787], [92.22635000000001, 24.17601], [92.22735, 24.177110000000003], [92.22885000000001, 24.177310000000002], [92.23177000000001, 24.174010000000003], [92.23633000000001, 24.162950000000002], [92.24175000000001, 24.150270000000003]]]}}, {"id": "23", "type": "Feature", "properties": {"village_name": "Kanchanchhara", "vil_lgd": 272714, "district_name": "North Tripura", "dist_lgd": 270, "subdistrict_name": "Kanchanpur", "sdcode": 6685, "block_name": "Dasda", "block_lgd": 39.0, "gp_name": "KANCHANCHERRA", "state_name": "TRIPURA", "state_lgd": 16, "population": 4148, "households": 931}, "geometry": {"type": "Polygon", "coordinates": [[[92.20433000000001, 24.040650000000003], [92.20362, 24.029040000000002], [92.20741000000001, 24.018880000000003], [92.20136000000001, 24.016910000000003], [92.19470000000001, 24.016650000000002], [92.18900000000001, 24.013430000000003], [92.18092000000001, 24.01613], [92.1774, 24.01647], [92.17512, 24.01526], [92.16989000000001, 24.00935], [92.16856000000001, 24.008740000000003], [92.16057, 24.00944], [92.15614000000001, 24.024220000000003], [92.14930000000001, 24.032230000000002], [92.14930000000001, 24.03657], [92.15332000000001, 24.04051], [92.15884000000001, 24.036730000000002], [92.16849, 24.034830000000003], [92.177, 24.037290000000002], [92.18099000000001, 24.042150000000003], [92.18271000000001, 24.041020000000003], [92.18584000000001, 24.043190000000003], [92.19069, 24.043540000000004], [92.19991, 24.04727], [92.20528, 24.048250000000003], [92.206, 24.047490000000003], [92.20433000000001, 24.040650000000003]]]}}, {"id": "24", "type": "Feature", "properties": {"village_name": "Ujan Machhmara R F", "vil_lgd": 272708, "district_name": "North Tripura", "dist_lgd": 270, "subdistrict_name": "Kanchanpur", "sdcode": 6685, "block_name": "Dasda", "block_lgd": 39.0, "gp_name": "", "state_name": "TRIPURA", "state_lgd": 16, "population": 6354, "households": 1449}, "geometry": {"type": "Polygon", "coordinates": [[[92.21158000000001, 24.154780000000002], [92.20947000000001, 24.14901], [92.20450000000001, 24.140210000000003], [92.20405000000001, 24.13155], [92.20254000000001, 24.12262], [92.19948000000001, 24.119370000000004], [92.1914, 24.11025], [92.18824000000001, 24.10228], [92.18568, 24.09898], [92.18447, 24.09458], [92.18583000000001, 24.09073], [92.19035000000001, 24.08633], [92.19155, 24.084130000000002], [92.1911, 24.07657], [92.19351, 24.07203], [92.19547000000001, 24.071340000000003], [92.20104, 24.071340000000003], [92.20420000000001, 24.06997], [92.20661000000001, 24.06653], [92.20631, 24.06474], [92.2039, 24.06323], [92.2039, 24.062130000000003], [92.20511, 24.05938], [92.20857000000001, 24.05526], [92.20902000000001, 24.05141], [92.206, 24.047490000000003], [92.20528, 24.048250000000003], [92.19991, 24.04727], [92.19069, 24.043540000000004], [92.18584000000001, 24.043190000000003], [92.18271000000001, 24.041020000000003], [92.18099000000001, 24.042150000000003], [92.177, 24.037290000000002], [92.16849, 24.034830000000003], [92.15884000000001, 24.036730000000002], [92.15332000000001, 24.04051], [92.15138, 24.04512], [92.15064000000001, 24.046470000000003], [92.14633, 24.044710000000002], [92.14099, 24.0439], [92.13519000000001, 24.045520000000003], [92.1294, 24.04566], [92.1123, 24.036440000000002], [92.11272000000001, 24.03768], [92.11501000000001, 24.039520000000003], [92.11367000000001, 24.04156], [92.11345000000001, 24.044800000000002], [92.11098000000001, 24.04915], [92.11239, 24.049550000000004], [92.11595000000001, 24.05414], [92.11554000000001, 24.056030000000003], [92.11406000000001, 24.055970000000002], [92.11146000000001, 24.05861], [92.11099, 24.06191], [92.11225, 24.06593], [92.11149, 24.06847], [92.11282000000001, 24.07204], [92.11447000000001, 24.072560000000003], [92.11658000000001, 24.069950000000002], [92.11777000000001, 24.06959], [92.11808, 24.067400000000003], [92.11921000000001, 24.066920000000003], [92.12006000000001, 24.068730000000002], [92.12369000000001, 24.07037], [92.12638000000001, 24.070290000000004], [92.12714000000001, 24.06878], [92.12826000000001, 24.069730000000003], [92.13375, 24.068920000000002], [92.13626000000001, 24.074650000000002], [92.14160000000001, 24.075110000000002], [92.14358000000001, 24.077720000000003], [92.14388000000001, 24.080330000000004], [92.14287, 24.081020000000002], [92.1439, 24.08235], [92.14437000000001, 24.085230000000003], [92.14338000000001, 24.08592], [92.14578, 24.086450000000003], [92.14751000000001, 24.08424], [92.15052000000001, 24.082860000000004], [92.15265000000001, 24.0882], [92.15492, 24.09046], [92.15512000000001, 24.09268], [92.15804000000001, 24.09139], [92.15983000000001, 24.09381], [92.16309000000001, 24.095450000000003], [92.16573000000001, 24.10076], [92.16531, 24.10181], [92.16891000000001, 24.10479], [92.1666, 24.1081], [92.16674, 24.10959], [92.16306, 24.111710000000002], [92.16172, 24.11464], [92.15934000000001, 24.1171], [92.15505, 24.11794], [92.15402, 24.116010000000003], [92.15315000000001, 24.11589], [92.14849000000001, 24.117870000000003], [92.14606, 24.11757], [92.14558000000001, 24.1198], [92.14680000000001, 24.120120000000004], [92.14897, 24.118290000000002], [92.15021, 24.118360000000003], [92.15834000000001, 24.126350000000002], [92.16153000000001, 24.126910000000002], [92.16353000000001, 24.129150000000003], [92.16368000000001, 24.132530000000003], [92.16636000000001, 24.133450000000003], [92.1658, 24.13437], [92.17025000000001, 24.13588], [92.17132000000001, 24.134410000000003], [92.17401000000001, 24.134570000000004], [92.17686, 24.135990000000003], [92.17728000000001, 24.137620000000002], [92.17909, 24.13763], [92.18282, 24.139780000000002], [92.18516000000001, 24.14422], [92.18774, 24.146690000000003], [92.19173, 24.14683], [92.19398000000001, 24.15079], [92.19536000000001, 24.151020000000003], [92.19594000000001, 24.149610000000003], [92.19646, 24.150180000000002], [92.19702000000001, 24.152800000000003], [92.19894000000001, 24.154390000000003], [92.19951, 24.158710000000003], [92.21387000000001, 24.1641], [92.21523, 24.16072], [92.21444000000001, 24.15818], [92.21158000000001, 24.154780000000002]]]}}, {"id": "25", "type": "Feature", "properties": {"village_name": "Juri R F", "vil_lgd": 272657, "district_name": "North Tripura", "dist_lgd": 270, "subdistrict_name": "Panisagar", "sdcode": 6678, "block_name": "Damchhara", "block_lgd": 36.0, "gp_name": "", "state_name": "TRIPURA", "state_lgd": 16, "population": 1738, "households": 392}, "geometry": {"type": "Polygon", "coordinates": [[[92.2299, 24.221970000000002], [92.23117, 24.218190000000003], [92.22972000000001, 24.21338], [92.23046000000001, 24.20943], [92.23001000000001, 24.2068], [92.23336, 24.204310000000003], [92.23301000000001, 24.200470000000003], [92.23478, 24.196890000000003], [92.23540000000001, 24.19094], [92.23676, 24.189210000000003], [92.23511, 24.185900000000004], [92.23785000000001, 24.18428], [92.23808000000001, 24.180870000000002], [92.23963, 24.177010000000003], [92.23964000000001, 24.17441], [92.24198000000001, 24.17079], [92.24425000000001, 24.16946], [92.24466000000001, 24.16672], [92.24627000000001, 24.16457], [92.24669, 24.162770000000002], [92.24568000000001, 24.159750000000003], [92.24773, 24.15671], [92.25080000000001, 24.15416], [92.24946000000001, 24.15088], [92.25109, 24.143300000000004], [92.24931000000001, 24.14864], [92.24838000000001, 24.14955], [92.24596000000001, 24.149220000000003], [92.24474000000001, 24.139590000000002], [92.24367000000001, 24.13933], [92.24196, 24.143890000000003], [92.24175000000001, 24.150270000000003], [92.23633000000001, 24.162950000000002], [92.23177000000001, 24.174010000000003], [92.22885000000001, 24.177310000000002], [92.22735, 24.177110000000003], [92.22635000000001, 24.17601], [92.22599000000001, 24.16787], [92.22243, 24.163710000000002], [92.2231, 24.16128], [92.22300000000001, 24.159350000000003], [92.22015, 24.15538], [92.21516000000001, 24.154670000000003], [92.21430000000001, 24.15577], [92.21444000000001, 24.15818], [92.21523, 24.16072], [92.21387000000001, 24.1641], [92.19951, 24.158710000000003], [92.20006000000001, 24.160950000000003], [92.19908000000001, 24.16591], [92.20271000000001, 24.16756], [92.20336, 24.16992], [92.20188, 24.174950000000003], [92.20341, 24.18073], [92.20249000000001, 24.183690000000002], [92.20318, 24.18665], [92.20178000000001, 24.191280000000003], [92.19558, 24.190820000000002], [92.19258, 24.18887], [92.18935, 24.1887], [92.1889, 24.19027], [92.1859, 24.191180000000003], [92.18253000000001, 24.19394], [92.18162000000001, 24.19753], [92.182, 24.19985], [92.17927, 24.198590000000003], [92.17631, 24.201700000000002], [92.17198, 24.2008], [92.16965, 24.20585], [92.17084000000001, 24.21216], [92.17009, 24.213410000000003], [92.16795, 24.213520000000003], [92.16844, 24.216320000000003], [92.16986000000001, 24.217670000000002], [92.16861, 24.22932], [92.17057000000001, 24.23344], [92.17372, 24.23495], [92.1774, 24.23983], [92.17761, 24.24304], [92.18774, 24.239960000000004], [92.19902, 24.239150000000002], [92.20437000000001, 24.2359], [92.23016000000001, 24.225690000000004], [92.2299, 24.221970000000002]]]}}, {"id": "26", "type": "Feature", "properties": {"village_name": "Jayantipara", "vil_lgd": 272710, "district_name": "North Tripura", "dist_lgd": 270, "subdistrict_name": "Kanchanpur", "sdcode": 6685, "block_name": "Dasda", "block_lgd": 39.0, "gp_name": "", "state_name": "TRIPURA", "state_lgd": 16, "population": 2096, "households": 429}, "geometry": {"type": "Polygon", "coordinates": [[[92.25783000000001, 24.11822], [92.25736, 24.125700000000002], [92.26443, 24.134110000000003], [92.26395000000001, 24.137410000000003], [92.26236, 24.139270000000003], [92.26271000000001, 24.14467], [92.26842, 24.15189], [92.27498000000001, 24.152800000000003], [92.27690000000001, 24.152150000000002], [92.27818, 24.14975], [92.27911, 24.144930000000002], [92.28104, 24.141520000000003], [92.27569000000001, 24.139100000000003], [92.27242000000001, 24.13652], [92.26603, 24.126350000000002], [92.26068000000001, 24.120250000000002], [92.25783000000001, 24.11822]]]}}, {"id": "27", "type": "Feature", "properties": {"village_name": "Pekuchhara", "vil_lgd": 272651, "district_name": "North Tripura", "dist_lgd": 270, "subdistrict_name": "Panisagar", "sdcode": 6678, "block_name": "Panisagar", "block_lgd": 35.0, "gp_name": "", "state_name": "TRIPURA", "state_lgd": 16, "population": 1852, "households": 429}, "geometry": {"type": "Polygon", "coordinates": [[[92.17489, 24.275760000000002], [92.17736000000001, 24.274120000000003], [92.17641, 24.27126], [92.17708, 24.26788], [92.17873, 24.266090000000002], [92.17699, 24.26432], [92.17581000000001, 24.259870000000003], [92.1739, 24.257820000000002], [92.17372, 24.251970000000004], [92.17761, 24.24304], [92.1774, 24.23983], [92.17372, 24.23495], [92.17057000000001, 24.23344], [92.16861, 24.22932], [92.16986000000001, 24.217670000000002], [92.16844, 24.216320000000003], [92.16651, 24.221950000000003], [92.16778000000001, 24.223920000000003], [92.16770000000001, 24.226470000000003], [92.16594, 24.227040000000002], [92.16332000000001, 24.23018], [92.15997, 24.23007], [92.15997, 24.228170000000002], [92.15313, 24.22593], [92.15201, 24.226350000000004], [92.15350000000001, 24.231830000000002], [92.15204000000001, 24.23448], [92.15163000000001, 24.23758], [92.15065000000001, 24.23778], [92.15074000000001, 24.24517], [92.15169, 24.24725], [92.15559, 24.250190000000003], [92.15977000000001, 24.249070000000003], [92.16111000000001, 24.24941], [92.16187000000001, 24.251150000000003], [92.16044000000001, 24.260340000000003], [92.16643, 24.26536], [92.16643, 24.272640000000003], [92.16776, 24.277320000000003], [92.17147000000001, 24.275850000000002], [92.17489, 24.275760000000002]]]}}, {"id": "28", "type": "Feature", "properties": {"village_name": "Piplachhara", "vil_lgd": 272659, "district_name": "North Tripura", "dist_lgd": 270, "subdistrict_name": "Panisagar", "sdcode": 6678, "block_name": "Damchhara", "block_lgd": 36.0, "gp_name": "PIPLACHERRA", "state_name": "TRIPURA", "state_lgd": 16, "population": 1879, "households": 398}, "geometry": {"type": "Polygon", "coordinates": [[[92.26245, 24.222520000000003], [92.26034000000001, 24.219450000000002], [92.26235000000001, 24.21723], [92.26254, 24.213910000000002], [92.26367, 24.2115], [92.26287, 24.208710000000004], [92.26382000000001, 24.20651], [92.26399, 24.202740000000002], [92.26163000000001, 24.195800000000002], [92.2622, 24.19312], [92.26103, 24.18916], [92.26284000000001, 24.18614], [92.26249000000001, 24.18382], [92.26375, 24.1809], [92.26188, 24.178350000000002], [92.25801000000001, 24.17567], [92.25519000000001, 24.175800000000002], [92.24963000000001, 24.179430000000004], [92.24435000000001, 24.179370000000002], [92.24106, 24.18248], [92.23808000000001, 24.180870000000002], [92.23785000000001, 24.18428], [92.23511, 24.185900000000004], [92.23676, 24.189210000000003], [92.23540000000001, 24.19094], [92.23478, 24.196890000000003], [92.23301000000001, 24.200470000000003], [92.23336, 24.204310000000003], [92.23001000000001, 24.2068], [92.23046000000001, 24.20943], [92.22972000000001, 24.21338], [92.23117, 24.218190000000003], [92.2299, 24.221970000000002], [92.23016000000001, 24.225690000000004], [92.22992, 24.226290000000002], [92.23082000000001, 24.226480000000002], [92.24537000000001, 24.23083], [92.24857, 24.23007], [92.25002, 24.226290000000002], [92.25225, 24.22688], [92.25420000000001, 24.2285], [92.25844000000001, 24.228040000000004], [92.26325000000001, 24.23026], [92.26292000000001, 24.228050000000003], [92.26245, 24.222520000000003]]]}}, {"id": "29", "type": "Feature", "properties": {"village_name": "Sabual", "vil_lgd": 272742, "district_name": "North Tripura", "dist_lgd": 270, "subdistrict_name": "Kanchanpur", "sdcode": 6685, "block_name": "Jampuii hills", "block_lgd": 40.0, "gp_name": "", "state_name": "TRIPURA", "state_lgd": 16, "population": 1102, "households": 209}, "geometry": {"type": "Polygon", "coordinates": [[[92.29433, 23.91062], [92.30099000000001, 23.91045], [92.29942000000001, 23.90305], [92.29823, 23.901660000000003], [92.29804000000001, 23.89975], [92.29913, 23.897050000000004], [92.29657, 23.895090000000003], [92.29585, 23.893590000000003], [92.29721, 23.889940000000003], [92.29557000000001, 23.887980000000002], [92.29378000000001, 23.883100000000002], [92.29393, 23.87957], [92.29728, 23.87384], [92.29942000000001, 23.872600000000002], [92.30291000000001, 23.87208], [92.30683, 23.867060000000002], [92.3109, 23.86588], [92.31508000000001, 23.86672], [92.31673, 23.86435], [92.3152, 23.86259], [92.31503000000001, 23.860500000000002], [92.3117, 23.86022], [92.30854000000001, 23.856790000000004], [92.29934, 23.85969], [92.29634, 23.862920000000003], [92.29265000000001, 23.864520000000002], [92.29048, 23.86757], [92.28759000000001, 23.86848], [92.28511, 23.867150000000002], [92.28334000000001, 23.865080000000003], [92.27927000000001, 23.856340000000003], [92.27205000000001, 23.85086], [92.26546, 23.85162], [92.26886, 23.86249], [92.27158000000001, 23.87224], [92.27143000000001, 23.87441], [92.27024, 23.875500000000002], [92.27119, 23.883350000000004], [92.27369, 23.890530000000002], [92.27666, 23.895960000000002], [92.27749000000001, 23.904320000000002], [92.27642, 23.90943], [92.27692, 23.912630000000004], [92.28500000000001, 23.91861], [92.29202000000001, 23.914260000000002], [92.29338000000001, 23.91176], [92.29433, 23.91062]]]}}, {"id": "30", "type": "Feature", "properties": {"village_name": "Bhangmun", "vil_lgd": 272736, "district_name": "North Tripura", "dist_lgd": 270, "subdistrict_name": "Kanchanpur", "sdcode": 6685, "block_name": "Jampuii hills", "block_lgd": 40.0, "gp_name": "", "state_name": "TRIPURA", "state_lgd": 16, "population": 1306, "households": 265}, "geometry": {"type": "Polygon", "coordinates": [[[92.32299, 23.995430000000002], [92.32201, 23.993370000000002], [92.32226000000001, 23.990360000000003], [92.32358, 23.98854], [92.32141000000001, 23.987560000000002], [92.32114000000001, 23.985550000000003], [92.32194000000001, 23.983200000000004], [92.32067, 23.981980000000004], [92.32014000000001, 23.979020000000002], [92.31731, 23.97878], [92.3168, 23.97766], [92.31735, 23.97511], [92.31522000000001, 23.974660000000004], [92.31445000000001, 23.97284], [92.31152, 23.973080000000003], [92.31039000000001, 23.97227], [92.31031, 23.969520000000003], [92.30860000000001, 23.96808], [92.30997, 23.963690000000003], [92.30967000000001, 23.962590000000002], [92.30286000000001, 23.966030000000003], [92.30024, 23.966500000000003], [92.28934000000001, 23.963890000000003], [92.28221, 23.967640000000003], [92.28278, 23.97171], [92.28461, 23.97567], [92.2839, 23.981890000000003], [92.28490000000001, 23.986060000000002], [92.28276000000001, 23.994570000000003], [92.28290000000001, 23.998220000000003], [92.28416000000001, 23.99905], [92.28901, 23.999760000000002], [92.30242000000001, 23.998260000000002], [92.30749, 24.001330000000003], [92.31133000000001, 24.00543], [92.31923, 24.007630000000002], [92.32436000000001, 24.00465], [92.32284000000001, 24.002730000000003], [92.32620000000001, 23.997780000000002], [92.32440000000001, 23.9963], [92.32299, 23.995430000000002]]]}}, {"id": "31", "type": "Feature", "properties": {"village_name": "Purba Manpai", "vil_lgd": 272733, "district_name": "North Tripura", "dist_lgd": 270, "subdistrict_name": "Kanchanpur", "sdcode": 6685, "block_name": "Jampuii hills", "block_lgd": 40.0, "gp_name": "", "state_name": "TRIPURA", "state_lgd": 16, "population": 797, "households": 168}, "geometry": {"type": "Polygon", "coordinates": [[[92.3031, 24.066820000000003], [92.30596000000001, 24.06737], [92.30460000000001, 24.064210000000003], [92.3058, 24.06039], [92.30188000000001, 24.057920000000003], [92.29617, 24.056030000000003], [92.28391, 24.055960000000002], [92.28346, 24.05947], [92.28524, 24.06051], [92.28646, 24.0624], [92.28688000000001, 24.066370000000003], [92.28781000000001, 24.082970000000003], [92.28679000000001, 24.09259], [92.30204, 24.095010000000002], [92.30735000000001, 24.09324], [92.31071000000001, 24.09027], [92.30475000000001, 24.08263], [92.30295000000001, 24.076860000000003], [92.3028, 24.06971], [92.3031, 24.066820000000003]]]}}, {"id": "32", "type": "Feature", "properties": {"village_name": "Belianchief Part", "vil_lgd": 272737, "district_name": "North Tripura", "dist_lgd": 270, "subdistrict_name": "Kanchanpur", "sdcode": 6685, "block_name": "Jampuii hills", "block_lgd": 40.0, "gp_name": "", "state_name": "TRIPURA", "state_lgd": 16, "population": 1309, "households": 272}, "geometry": {"type": "Polygon", "coordinates": [[[92.28495000000001, 24.002370000000003], [92.28416000000001, 23.99905], [92.28290000000001, 23.998220000000003], [92.28276000000001, 23.994570000000003], [92.28490000000001, 23.986060000000002], [92.2839, 23.981890000000003], [92.28461, 23.97567], [92.28278, 23.97171], [92.28221, 23.967640000000003], [92.27965, 23.96364], [92.27971000000001, 23.961090000000002], [92.28001, 23.958810000000003], [92.28262000000001, 23.95436], [92.28262000000001, 23.95316], [92.26824, 23.95153], [92.26153000000001, 23.9524], [92.25795000000001, 23.95107], [92.25351, 23.953170000000004], [92.25137000000001, 23.95662], [92.25152000000001, 23.96196], [92.25355, 23.965090000000004], [92.25501000000001, 23.966330000000003], [92.25522000000001, 23.972130000000003], [92.25629, 23.97408], [92.25451000000001, 23.97877], [92.25672, 23.983010000000004], [92.2592, 24.00596], [92.2638, 24.006870000000003], [92.27635000000001, 24.0057], [92.28134000000001, 24.006610000000002], [92.28434000000001, 24.00739], [92.28495000000001, 24.002370000000003]]]}}, {"id": "33", "type": "Feature", "properties": {"village_name": "Banglabari", "vil_lgd": 272738, "district_name": "North Tripura", "dist_lgd": 270, "subdistrict_name": "Kanchanpur", "sdcode": 6685, "block_name": "Jampuii hills", "block_lgd": 40.0, "gp_name": "", "state_name": "TRIPURA", "state_lgd": 16, "population": 405, "households": 86}, "geometry": {"type": "Polygon", "coordinates": [[[92.28079000000001, 23.947110000000002], [92.28136, 23.938290000000002], [92.28089000000001, 23.936510000000002], [92.27761000000001, 23.93316], [92.27718, 23.92573], [92.2767, 23.92339], [92.27594, 23.923340000000003], [92.27300000000001, 23.925340000000002], [92.26501, 23.928040000000003], [92.26119000000001, 23.931350000000002], [92.26072, 23.93355], [92.26335, 23.936420000000002], [92.26371, 23.9389], [92.26178, 23.94685], [92.25795000000001, 23.95107], [92.26153000000001, 23.9524], [92.26824, 23.95153], [92.28262000000001, 23.95316], [92.28079000000001, 23.947110000000002]]]}}, {"id": "34", "type": "Feature", "properties": {"village_name": "Simblong", "vil_lgd": 272740, "district_name": "North Tripura", "dist_lgd": 270, "subdistrict_name": "Kanchanpur", "sdcode": 6685, "block_name": "Jampuii hills", "block_lgd": 40.0, "gp_name": "", "state_name": "TRIPURA", "state_lgd": 16, "population": 1571, "households": 268}, "geometry": {"type": "Polygon", "coordinates": [[[92.30797000000001, 23.96056], [92.3092, 23.95739], [92.30829000000001, 23.954230000000003], [92.31053000000001, 23.952340000000003], [92.31092000000001, 23.948210000000003], [92.30927000000001, 23.94414], [92.31068, 23.93483], [92.30900000000001, 23.932820000000003], [92.30899000000001, 23.931220000000003], [92.31630000000001, 23.928060000000002], [92.3177, 23.924960000000002], [92.31925000000001, 23.91572], [92.32141000000001, 23.91475], [92.3251, 23.914530000000003], [92.32227, 23.91093], [92.32209, 23.908820000000002], [92.31774, 23.90677], [92.31495000000001, 23.906280000000002], [92.31204000000001, 23.907040000000002], [92.30628, 23.91187], [92.30426000000001, 23.91193], [92.30099000000001, 23.91045], [92.29433, 23.91062], [92.29338000000001, 23.91176], [92.29202000000001, 23.914260000000002], [92.28500000000001, 23.91861], [92.27692, 23.912630000000004], [92.27431000000001, 23.914260000000002], [92.27413000000001, 23.916110000000003], [92.27594, 23.923340000000003], [92.2767, 23.92339], [92.27718, 23.92573], [92.27761000000001, 23.93316], [92.28089000000001, 23.936510000000002], [92.28136, 23.938290000000002], [92.28079000000001, 23.947110000000002], [92.28262000000001, 23.95316], [92.28262000000001, 23.95436], [92.28001, 23.958810000000003], [92.27971000000001, 23.961090000000002], [92.27965, 23.96364], [92.28221, 23.967640000000003], [92.28934000000001, 23.963890000000003], [92.30024, 23.966500000000003], [92.30286000000001, 23.966030000000003], [92.30967000000001, 23.962590000000002], [92.30797000000001, 23.96056]]]}}, {"id": "35", "type": "Feature", "properties": {"village_name": "Sailo", "vil_lgd": 272741, "district_name": "North Tripura", "dist_lgd": 270, "subdistrict_name": "Kanchanpur", "sdcode": 6685, "block_name": "Jampuii hills", "block_lgd": 40.0, "gp_name": "", "state_name": "TRIPURA", "state_lgd": 16, "population": 483, "households": 101}, "geometry": {"type": "Polygon", "coordinates": [[[92.31495000000001, 23.906280000000002], [92.31774, 23.90677], [92.32209, 23.908820000000002], [92.32397, 23.904850000000003], [92.32224000000001, 23.902130000000003], [92.31954, 23.900850000000002], [92.31804000000001, 23.898500000000002], [92.31747000000001, 23.899900000000002], [92.31688000000001, 23.899600000000003], [92.31745000000001, 23.89354], [92.31665000000001, 23.889090000000003], [92.31490000000001, 23.88791], [92.3144, 23.885420000000003], [92.31286, 23.88481], [92.31248000000001, 23.88163], [92.31118000000001, 23.880110000000002], [92.3117, 23.87853], [92.31318, 23.877470000000002], [92.31111000000001, 23.87498], [92.31080000000001, 23.87028], [92.31162, 23.868750000000002], [92.31408, 23.868370000000002], [92.31508000000001, 23.86672], [92.3109, 23.86588], [92.30683, 23.867060000000002], [92.30291000000001, 23.87208], [92.29942000000001, 23.872600000000002], [92.29728, 23.87384], [92.29393, 23.87957], [92.29378000000001, 23.883100000000002], [92.29557000000001, 23.887980000000002], [92.29721, 23.889940000000003], [92.29585, 23.893590000000003], [92.29657, 23.895090000000003], [92.29913, 23.897050000000004], [92.29804000000001, 23.89975], [92.29823, 23.901660000000003], [92.29942000000001, 23.90305], [92.30099000000001, 23.91045], [92.30426000000001, 23.91193], [92.30628, 23.91187], [92.31204000000001, 23.907040000000002], [92.31495000000001, 23.906280000000002]]]}}, {"id": "36", "type": "Feature", "properties": {"village_name": "Central Catchment R F", "vil_lgd": 272743, "district_name": "North Tripura", "dist_lgd": 270, "subdistrict_name": "Kanchanpur", "sdcode": 6685, "block_name": "Jampuii hills", "block_lgd": 40.0, "gp_name": "KONPUI", "state_name": "TRIPURA", "state_lgd": 16, "population": 2436, "households": 487}, "geometry": {"type": "Polygon", "coordinates": [[[92.26918, 23.84691], [92.26870000000001, 23.84166], [92.27105, 23.838990000000003], [92.27231, 23.834590000000002], [92.27807000000001, 23.82663], [92.28238, 23.81802], [92.28248, 23.815050000000003], [92.28129000000001, 23.814130000000002], [92.26628000000001, 23.815910000000002], [92.26697, 23.82441], [92.26623000000001, 23.827540000000003], [92.26653, 23.831210000000002], [92.26608, 23.833920000000003], [92.2643, 23.836370000000002], [92.26370000000001, 23.838810000000002], [92.26445000000001, 23.84833], [92.26546, 23.85162], [92.27205000000001, 23.85086], [92.26918, 23.84691]]]}}, {"id": "37", "type": "Feature", "properties": {"village_name": "Jamraipara", "vil_lgd": 272711, "district_name": "North Tripura", "dist_lgd": 270, "subdistrict_name": "Kanchanpur", "sdcode": 6685, "block_name": "Dasda", "block_lgd": 39.0, "gp_name": "JAMARAIPARA", "state_name": "TRIPURA", "state_lgd": 16, "population": 2604, "households": 554}, "geometry": {"type": "Polygon", "coordinates": [[[92.26928000000001, 24.09853], [92.27195, 24.09973], [92.27950000000001, 24.1064], [92.28416000000001, 24.10697], [92.2861, 24.104260000000004], [92.28703, 24.100240000000003], [92.28679000000001, 24.09259], [92.28781000000001, 24.082970000000003], [92.28688000000001, 24.066370000000003], [92.28646, 24.0624], [92.28524, 24.06051], [92.28346, 24.05947], [92.26663, 24.062920000000002], [92.26014, 24.06839], [92.25608000000001, 24.0695], [92.25244, 24.069170000000003], [92.25040000000001, 24.072650000000003], [92.24493000000001, 24.07807], [92.24546000000001, 24.08076], [92.24481, 24.082440000000002], [92.2479, 24.08678], [92.24582000000001, 24.091610000000003], [92.24599, 24.0928], [92.24897000000001, 24.09562], [92.25093000000001, 24.101480000000002], [92.25632, 24.109160000000003], [92.25721, 24.10949], [92.25971000000001, 24.104550000000003], [92.25941, 24.100050000000003], [92.26018, 24.09897], [92.26928000000001, 24.09853]]]}}, {"id": "38", "type": "Feature", "properties": {"village_name": "Paschim Manpai", "vil_lgd": 272732, "district_name": "North Tripura", "dist_lgd": 270, "subdistrict_name": "Kanchanpur", "sdcode": 6685, "block_name": "Jampuii hills", "block_lgd": 40.0, "gp_name": "", "state_name": "TRIPURA", "state_lgd": 16, "population": 947, "households": 192}, "geometry": {"type": "Polygon", "coordinates": [[[92.27635000000001, 24.0057], [92.2638, 24.006870000000003], [92.2592, 24.00596], [92.25922000000001, 24.023590000000002], [92.26221000000001, 24.0288], [92.26243000000001, 24.033030000000004], [92.26079000000001, 24.039810000000003], [92.25822000000001, 24.04156], [92.25736, 24.04332], [92.25744, 24.05732], [92.25572000000001, 24.064220000000002], [92.25244, 24.069170000000003], [92.25608000000001, 24.0695], [92.26014, 24.06839], [92.26663, 24.062920000000002], [92.28346, 24.05947], [92.28391, 24.055960000000002], [92.28434000000001, 24.044780000000003], [92.28612000000001, 24.039440000000003], [92.28370000000001, 24.03227], [92.28391, 24.02654], [92.2827, 24.023220000000002], [92.28477000000001, 24.015210000000003], [92.28370000000001, 24.01104], [92.28434000000001, 24.00739], [92.28134000000001, 24.006610000000002], [92.27635000000001, 24.0057]]]}}, {"id": "39", "type": "Feature", "properties": {"village_name": "Kalagang Part", "vil_lgd": 272735, "district_name": "North Tripura", "dist_lgd": 270, "subdistrict_name": "Kanchanpur", "sdcode": 6685, "block_name": "Jampuii hills", "block_lgd": 40.0, "gp_name": "", "state_name": "TRIPURA", "state_lgd": 16, "population": 886, "households": 223}, "geometry": {"type": "Polygon", "coordinates": [[[92.31631, 24.059530000000002], [92.31763000000001, 24.05571], [92.31725, 24.05423], [92.31531000000001, 24.053150000000002], [92.31339000000001, 24.054900000000004], [92.31231000000001, 24.0544], [92.31245000000001, 24.050320000000003], [92.31643000000001, 24.045610000000003], [92.31201, 24.038510000000002], [92.31278, 24.0376], [92.31565, 24.0377], [92.31574, 24.03487], [92.31205000000001, 24.032670000000003], [92.31695, 24.030060000000002], [92.31501, 24.02765], [92.31476, 24.025990000000004], [92.31977, 24.02485], [92.31877, 24.021880000000003], [92.31718000000001, 24.021580000000004], [92.31557000000001, 24.023380000000003], [92.31393000000001, 24.02194], [92.31438000000001, 24.020550000000004], [92.31641, 24.01931], [92.31687000000001, 24.016420000000004], [92.31919, 24.01517], [92.32020000000001, 24.01265], [92.31886, 24.009970000000003], [92.31923, 24.007630000000002], [92.31133000000001, 24.00543], [92.30749, 24.001330000000003], [92.30822, 24.018410000000003], [92.30686000000001, 24.02832], [92.30731, 24.034090000000003], [92.30566, 24.03836], [92.30671000000001, 24.04454], [92.30701, 24.05403], [92.30915, 24.061950000000003], [92.31657000000001, 24.062540000000002], [92.31835000000001, 24.062030000000004], [92.31631, 24.059530000000002]]]}}, {"id": "40", "type": "Feature", "properties": {"village_name": "Kalagang Part", "vil_lgd": 272667, "district_name": "North Tripura", "dist_lgd": 270, "subdistrict_name": "Panisagar", "sdcode": 6678, "block_name": "Damchhara", "block_lgd": 36.0, "gp_name": "", "state_name": "TRIPURA", "state_lgd": 16, "population": 1202, "households": 235}, "geometry": {"type": "Polygon", "coordinates": [[[92.32414000000001, 24.079680000000003], [92.32399000000001, 24.07889], [92.32324000000001, 24.078180000000003], [92.31954, 24.078280000000003], [92.31887, 24.07757], [92.32113000000001, 24.07524], [92.32129, 24.07269], [92.32052, 24.07102], [92.3195, 24.07019], [92.31656000000001, 24.070040000000002], [92.3168, 24.06653], [92.31986, 24.063740000000003], [92.31835000000001, 24.062030000000004], [92.31657000000001, 24.062540000000002], [92.30915, 24.061950000000003], [92.3058, 24.06039], [92.30460000000001, 24.064210000000003], [92.30596000000001, 24.06737], [92.3031, 24.066820000000003], [92.3028, 24.06971], [92.30295000000001, 24.076860000000003], [92.30475000000001, 24.08263], [92.31071000000001, 24.09027], [92.31573, 24.088140000000003], [92.31721, 24.086470000000002], [92.31818000000001, 24.083350000000003], [92.32228, 24.081870000000002], [92.32414000000001, 24.079680000000003]]]}}, {"id": "41", "type": "Feature", "properties": {"village_name": "Khedachhara", "vil_lgd": 272666, "district_name": "North Tripura", "dist_lgd": 270, "subdistrict_name": "Panisagar", "sdcode": 6678, "block_name": "Damchhara", "block_lgd": 36.0, "gp_name": "", "state_name": "TRIPURA", "state_lgd": 16, "population": 5573, "households": 1122}, "geometry": {"type": "Polygon", "coordinates": [[[92.32474, 24.119680000000002], [92.32711, 24.117], [92.32607, 24.11586], [92.32485000000001, 24.116120000000002], [92.32430000000001, 24.115070000000003], [92.32489000000001, 24.11285], [92.32791, 24.11194], [92.32579000000001, 24.109900000000003], [92.32535000000001, 24.10735], [92.32262, 24.104390000000002], [92.32327000000001, 24.103650000000002], [92.32690000000001, 24.10444], [92.32767000000001, 24.101490000000002], [92.32492, 24.09759], [92.32482, 24.08817], [92.32228, 24.081870000000002], [92.31818000000001, 24.083350000000003], [92.31721, 24.086470000000002], [92.31573, 24.088140000000003], [92.31071000000001, 24.09027], [92.30735000000001, 24.09324], [92.30204, 24.095010000000002], [92.28679000000001, 24.09259], [92.28703, 24.100240000000003], [92.29276, 24.104090000000003], [92.29776000000001, 24.1047], [92.30051, 24.106820000000003], [92.30098000000001, 24.108600000000003], [92.29973000000001, 24.111150000000002], [92.29962, 24.1141], [92.29772000000001, 24.116200000000003], [92.29984, 24.12095], [92.30473, 24.125210000000003], [92.31188, 24.12687], [92.31526000000001, 24.12863], [92.32532, 24.128500000000003], [92.32474, 24.119680000000002]]]}}, {"id": "42", "type": "Feature", "properties": {"village_name": "Damchhara R F", "vil_lgd": 272665, "district_name": "North Tripura", "dist_lgd": 270, "subdistrict_name": "Panisagar", "sdcode": 6678, "block_name": "Damchhara", "block_lgd": 36.0, "gp_name": "", "state_name": "TRIPURA", "state_lgd": 16, "population": 5552, "households": 1074}, "geometry": {"type": "Polygon", "coordinates": [[[92.28249000000001, 24.221780000000003], [92.28522000000001, 24.23035], [92.29075, 24.23111], [92.29219, 24.22728], [92.29060000000001, 24.22547], [92.29079, 24.219230000000003], [92.28956000000001, 24.215010000000003], [92.29022, 24.212970000000002], [92.29304, 24.20953], [92.29301000000001, 24.207690000000003], [92.29168000000001, 24.201510000000003], [92.28971000000001, 24.19845], [92.28812, 24.192130000000002], [92.28857, 24.19058], [92.29178, 24.188810000000004], [92.29454000000001, 24.185740000000003], [92.29613, 24.18148], [92.29484000000001, 24.17958], [92.29005000000001, 24.17685], [92.28878, 24.174170000000004], [92.28865, 24.169870000000003], [92.29182, 24.16325], [92.29449000000001, 24.161500000000004], [92.29689, 24.161620000000003], [92.30176, 24.16412], [92.31416, 24.168450000000004], [92.31592, 24.16853], [92.31706000000001, 24.167350000000003], [92.31982, 24.16834], [92.32439000000001, 24.16822], [92.32863, 24.16625], [92.32873000000001, 24.155070000000002], [92.33173000000001, 24.151790000000002], [92.32874000000001, 24.143120000000003], [92.33066000000001, 24.141240000000003], [92.33070000000001, 24.13969], [92.32920000000001, 24.13897], [92.32506000000001, 24.13963], [92.32478, 24.138630000000003], [92.32462000000001, 24.13585], [92.32586, 24.13249], [92.32532, 24.128500000000003], [92.31526000000001, 24.12863], [92.31188, 24.12687], [92.30473, 24.125210000000003], [92.29984, 24.12095], [92.29772000000001, 24.116200000000003], [92.29962, 24.1141], [92.29973000000001, 24.111150000000002], [92.30098000000001, 24.108600000000003], [92.30051, 24.106820000000003], [92.29776000000001, 24.1047], [92.29276, 24.104090000000003], [92.28703, 24.100240000000003], [92.2861, 24.104260000000004], [92.28416000000001, 24.10697], [92.2836, 24.11051], [92.28417, 24.113960000000002], [92.28268000000001, 24.11558], [92.28211, 24.118250000000003], [92.28275000000001, 24.12085], [92.28546, 24.12515], [92.28624, 24.130550000000003], [92.28524, 24.134520000000002], [92.28104, 24.141520000000003], [92.27911, 24.144930000000002], [92.27818, 24.14975], [92.27690000000001, 24.152150000000002], [92.27511000000001, 24.154950000000003], [92.2753, 24.158160000000002], [92.27463, 24.15912], [92.27054000000001, 24.1612], [92.26950000000001, 24.162760000000002], [92.26864, 24.17013], [92.26626, 24.173520000000003], [92.26588000000001, 24.175770000000004], [92.26588000000001, 24.17716], [92.26375, 24.1809], [92.26249000000001, 24.18382], [92.26284000000001, 24.18614], [92.26103, 24.18916], [92.2622, 24.19312], [92.26163000000001, 24.195800000000002], [92.26399, 24.202740000000002], [92.26382000000001, 24.20651], [92.26287, 24.208710000000004], [92.26367, 24.2115], [92.26254, 24.213910000000002], [92.26235000000001, 24.21723], [92.26034000000001, 24.219450000000002], [92.26245, 24.222520000000003], [92.26292000000001, 24.228050000000003], [92.26325000000001, 24.23026], [92.27908000000001, 24.236780000000003], [92.28016000000001, 24.23338], [92.28005, 24.22353], [92.28126, 24.221210000000003], [92.28249000000001, 24.221780000000003]]]}}, {"id": "43", "type": "Feature", "properties": {"village_name": "Damchhara", "vil_lgd": 272662, "district_name": "North Tripura", "dist_lgd": 270, "subdistrict_name": "Panisagar", "sdcode": 6678, "block_name": "Damchhara", "block_lgd": 36.0, "gp_name": "", "state_name": "TRIPURA", "state_lgd": 16, "population": 4817, "households": 983}, "geometry": {"type": "Polygon", "coordinates": [[[92.29705000000001, 24.23281], [92.29449000000001, 24.228820000000002], [92.29219, 24.22728], [92.29075, 24.23111], [92.28522000000001, 24.23035], [92.28249000000001, 24.221780000000003], [92.28126, 24.221210000000003], [92.28005, 24.22353], [92.28016000000001, 24.23338], [92.27908000000001, 24.236780000000003], [92.26325000000001, 24.23026], [92.25844000000001, 24.228040000000004], [92.25420000000001, 24.2285], [92.25225, 24.22688], [92.25002, 24.226290000000002], [92.24857, 24.23007], [92.24537000000001, 24.23083], [92.23082000000001, 24.226480000000002], [92.23439, 24.23074], [92.23548000000001, 24.235210000000002], [92.23738, 24.238190000000003], [92.23968, 24.250700000000002], [92.28959, 24.252350000000003], [92.29254, 24.24996], [92.29542000000001, 24.23657], [92.29705000000001, 24.23281]]]}}, {"id": "44", "type": "Feature", "properties": {"village_name": "Kacharichhara", "vil_lgd": 272664, "district_name": "North Tripura", "dist_lgd": 270, "subdistrict_name": "Panisagar", "sdcode": 6678, "block_name": "Damchhara", "block_lgd": 36.0, "gp_name": "", "state_name": "TRIPURA", "state_lgd": 16, "population": 2479, "households": 516}, "geometry": {"type": "Polygon", "coordinates": [[[92.30726000000001, 24.191180000000003], [92.31085, 24.19227], [92.31908000000001, 24.19969], [92.31889000000001, 24.198240000000002], [92.31993000000001, 24.19731], [92.32448000000001, 24.1977], [92.32610000000001, 24.196990000000003], [92.32503000000001, 24.195320000000002], [92.32191, 24.19459], [92.32221000000001, 24.192980000000002], [92.32636000000001, 24.191360000000003], [92.32270000000001, 24.189670000000003], [92.32247000000001, 24.188350000000003], [92.32545, 24.18552], [92.32652, 24.181310000000003], [92.33025, 24.180870000000002], [92.33206000000001, 24.179560000000002], [92.33135, 24.17836], [92.32749000000001, 24.178330000000003], [92.32613, 24.17724], [92.32591000000001, 24.173550000000002], [92.32387000000001, 24.17123], [92.32439000000001, 24.16822], [92.31982, 24.16834], [92.31706000000001, 24.167350000000003], [92.31592, 24.16853], [92.31416, 24.168450000000004], [92.30176, 24.16412], [92.29689, 24.161620000000003], [92.29449000000001, 24.161500000000004], [92.29182, 24.16325], [92.28865, 24.169870000000003], [92.28878, 24.174170000000004], [92.29005000000001, 24.17685], [92.29484000000001, 24.17958], [92.29613, 24.18148], [92.29454000000001, 24.185740000000003], [92.29178, 24.188810000000004], [92.28857, 24.19058], [92.28812, 24.192130000000002], [92.28971000000001, 24.19845], [92.29168000000001, 24.201510000000003], [92.29301000000001, 24.207690000000003], [92.29805, 24.20401], [92.29942000000001, 24.201300000000003], [92.305, 24.195880000000002], [92.30645000000001, 24.19329], [92.30726000000001, 24.191180000000003]]]}}, {"id": "45", "type": "Feature", "properties": {"village_name": "Narendranagar", "vil_lgd": 272663, "district_name": "North Tripura", "dist_lgd": 270, "subdistrict_name": "Panisagar", "sdcode": 6678, "block_name": "Damchhara", "block_lgd": 36.0, "gp_name": "", "state_name": "TRIPURA", "state_lgd": 16, "population": 1542, "households": 313}, "geometry": {"type": "Polygon", "coordinates": [[[92.31008000000001, 24.221670000000003], [92.31108, 24.22014], [92.31086, 24.217840000000002], [92.31338000000001, 24.216420000000003], [92.31614, 24.212100000000003], [92.31625000000001, 24.21113], [92.31418000000001, 24.20961], [92.31469000000001, 24.20641], [92.32150000000001, 24.203760000000003], [92.31908000000001, 24.19969], [92.31085, 24.19227], [92.30726000000001, 24.191180000000003], [92.30645000000001, 24.19329], [92.305, 24.195880000000002], [92.29942000000001, 24.201300000000003], [92.29805, 24.20401], [92.29301000000001, 24.207690000000003], [92.29304, 24.20953], [92.29022, 24.212970000000002], [92.28956000000001, 24.215010000000003], [92.29079, 24.219230000000003], [92.29060000000001, 24.22547], [92.29219, 24.22728], [92.29449000000001, 24.228820000000002], [92.29705000000001, 24.23281], [92.29778, 24.23092], [92.30354000000001, 24.224140000000002], [92.30573000000001, 24.222730000000002], [92.31008000000001, 24.221670000000003]]]}}, {"id": "46", "type": "Feature", "properties": {"village_name": "Bangsul", "vil_lgd": 272658, "district_name": "North Tripura", "dist_lgd": 270, "subdistrict_name": "Panisagar", "sdcode": 6678, "block_name": "Damchhara", "block_lgd": 36.0, "gp_name": "THUMSARAIPARA", "state_name": "TRIPURA", "state_lgd": 16, "population": 895, "households": 188}, "geometry": {"type": "Polygon", "coordinates": [[[92.26626, 24.173520000000003], [92.26864, 24.17013], [92.26950000000001, 24.162760000000002], [92.27054000000001, 24.1612], [92.27463, 24.15912], [92.2753, 24.158160000000002], [92.27511000000001, 24.154950000000003], [92.27690000000001, 24.152150000000002], [92.27498000000001, 24.152800000000003], [92.26842, 24.15189], [92.26271000000001, 24.14467], [92.26236, 24.139270000000003], [92.26, 24.14122], [92.25109, 24.143300000000004], [92.24946000000001, 24.15088], [92.25080000000001, 24.15416], [92.24773, 24.15671], [92.24568000000001, 24.159750000000003], [92.24669, 24.162770000000002], [92.24627000000001, 24.16457], [92.24466000000001, 24.16672], [92.24425000000001, 24.16946], [92.24198000000001, 24.17079], [92.23964000000001, 24.17441], [92.23963, 24.177010000000003], [92.23808000000001, 24.180870000000002], [92.24106, 24.18248], [92.24435000000001, 24.179370000000002], [92.24963000000001, 24.179430000000004], [92.25519000000001, 24.175800000000002], [92.25801000000001, 24.17567], [92.26188, 24.178350000000002], [92.26375, 24.1809], [92.26588000000001, 24.17716], [92.26588000000001, 24.175770000000004], [92.26626, 24.173520000000003]]]}}, {"id": "47", "type": "Feature", "properties": {"village_name": "Chandpur", "vil_lgd": 272632, "district_name": "North Tripura", "dist_lgd": 270, "subdistrict_name": "Dharmanagar", "sdcode": 6691, "block_name": "Kadamtala", "block_lgd": 34.0, "gp_name": "", "state_name": "TRIPURA", "state_lgd": 16, "population": 1971, "households": 396}, "geometry": {"type": "Polygon", "coordinates": [[[92.24817, 24.416050000000002], [92.24910000000001, 24.413290000000003], [92.25409, 24.411250000000003], [92.26069000000001, 24.41403], [92.26342000000001, 24.410770000000003], [92.26339, 24.409390000000002], [92.26175, 24.408800000000003], [92.26259, 24.406940000000002], [92.26237, 24.402540000000002], [92.26408, 24.399070000000002], [92.25528000000001, 24.393520000000002], [92.24562, 24.39476], [92.23558000000001, 24.393980000000003], [92.23519, 24.39617], [92.23793, 24.405700000000003], [92.24099000000001, 24.41863], [92.24403000000001, 24.416900000000002], [92.24817, 24.416050000000002]]]}}, {"id": "48", "type": "Feature", "properties": {"village_name": "Saraspur", "vil_lgd": 272620, "district_name": "North Tripura", "dist_lgd": 270, "subdistrict_name": "Dharmanagar", "sdcode": 6691, "block_name": "Kadamtala", "block_lgd": 34.0, "gp_name": "", "state_name": "TRIPURA", "state_lgd": 16, "population": 7541, "households": 1580}, "geometry": {"type": "Polygon", "coordinates": [[[92.20282, 24.473370000000003], [92.2068, 24.469880000000003], [92.20856, 24.46629], [92.21025, 24.464660000000002], [92.21013, 24.463260000000002], [92.20692000000001, 24.4612], [92.2038, 24.449360000000002], [92.20523000000001, 24.44825], [92.21235, 24.449040000000004], [92.21278000000001, 24.445490000000003], [92.2103, 24.44488], [92.20595, 24.445570000000004], [92.20272000000001, 24.44469], [92.20075000000001, 24.445120000000003], [92.19892, 24.443710000000003], [92.19652, 24.445660000000004], [92.19328, 24.443690000000004], [92.19107000000001, 24.445660000000004], [92.18898, 24.445490000000003], [92.18598, 24.44678], [92.18378000000001, 24.45136], [92.18369000000001, 24.45287], [92.18509, 24.45577], [92.18339, 24.458090000000002], [92.18253000000001, 24.46253], [92.17721, 24.465940000000003], [92.17647000000001, 24.46761], [92.17424000000001, 24.468940000000003], [92.17214000000001, 24.46901], [92.17269, 24.47052], [92.18177000000001, 24.469350000000002], [92.18269000000001, 24.47059], [92.18519, 24.47165], [92.19394000000001, 24.481080000000002], [92.20091000000001, 24.477420000000002], [92.20234, 24.47537], [92.20282, 24.473370000000003]]]}}, {"id": "49", "type": "Feature", "properties": {"village_name": "Sanichhara", "vil_lgd": 272629, "district_name": "North Tripura", "dist_lgd": 270, "subdistrict_name": "Dharmanagar", "sdcode": 6691, "block_name": "Kadamtala", "block_lgd": 34.0, "gp_name": "", "state_name": "TRIPURA", "state_lgd": 16, "population": 3919, "households": 883}, "geometry": {"type": "Polygon", "coordinates": [[[92.22224000000001, 24.406810000000004], [92.22352000000001, 24.404790000000002], [92.22549000000001, 24.40434], [92.23793, 24.405700000000003], [92.23519, 24.39617], [92.23558000000001, 24.393980000000003], [92.24562, 24.39476], [92.25528000000001, 24.393520000000002], [92.26408, 24.399070000000002], [92.26933000000001, 24.398470000000003], [92.27080000000001, 24.39636], [92.26902000000001, 24.392760000000003], [92.27168, 24.392640000000004], [92.27386000000001, 24.389080000000003], [92.27388, 24.387700000000002], [92.27157000000001, 24.385180000000002], [92.26945, 24.384690000000003], [92.2689, 24.386550000000003], [92.26668000000001, 24.386550000000003], [92.25043000000001, 24.3807], [92.24636000000001, 24.381290000000003], [92.24273000000001, 24.38285], [92.23902000000001, 24.38239], [92.23481000000001, 24.383760000000002], [92.23068, 24.383370000000003], [92.23003000000001, 24.383630000000004], [92.22949000000001, 24.38726], [92.22482000000001, 24.38586], [92.22090000000001, 24.38584], [92.21744000000001, 24.387230000000002], [92.21562, 24.387130000000003], [92.21411, 24.389010000000003], [92.22003000000001, 24.39486], [92.21982000000001, 24.397620000000003], [92.21778, 24.40096], [92.21754000000001, 24.40518], [92.21867, 24.407570000000003], [92.22224000000001, 24.406810000000004]]]}}, {"id": "50", "type": "Feature", "properties": {"village_name": "Hurua Part", "vil_lgd": 272628, "district_name": "North Tripura", "dist_lgd": 270, "subdistrict_name": "Dharmanagar", "sdcode": 6691, "block_name": "Kadamtala", "block_lgd": 34.0, "gp_name": "", "state_name": "TRIPURA", "state_lgd": 16, "population": 10742, "households": 2403}, "geometry": {"type": "Polygon", "coordinates": [[[92.21671, 24.41009], [92.21867, 24.407570000000003], [92.21754000000001, 24.40518], [92.21778, 24.40096], [92.21982000000001, 24.397620000000003], [92.22003000000001, 24.39486], [92.21411, 24.389010000000003], [92.21562, 24.387130000000003], [92.21049000000001, 24.386120000000002], [92.2005, 24.387290000000004], [92.19968, 24.385050000000003], [92.19812, 24.384330000000002], [92.19327000000001, 24.3895], [92.1817, 24.39018], [92.18016, 24.390480000000004], [92.17994, 24.391230000000004], [92.18115, 24.397240000000004], [92.18101, 24.400160000000003], [92.17941, 24.404380000000003], [92.18336000000001, 24.408340000000003], [92.18315000000001, 24.4111], [92.18438, 24.410580000000003], [92.18605000000001, 24.41128], [92.18718000000001, 24.4142], [92.19003000000001, 24.41512], [92.19425000000001, 24.413990000000002], [92.19591000000001, 24.41128], [92.19698000000001, 24.4109], [92.20346, 24.411340000000003], [92.20928, 24.413610000000002], [92.21142, 24.413120000000003], [92.21207000000001, 24.41052], [92.21671, 24.41009]]]}}, {"id": "51", "type": "Feature", "properties": {"village_name": "Baruakandi Part", "vil_lgd": 272626, "district_name": "North Tripura", "dist_lgd": 270, "subdistrict_name": "Dharmanagar", "sdcode": 6691, "block_name": "Kadamtala", "block_lgd": 34.0, "gp_name": "", "state_name": "TRIPURA", "state_lgd": 16, "population": 14325, "households": 2962}, "geometry": {"type": "Polygon", "coordinates": [[[92.14515, 24.409840000000003], [92.15035, 24.41009], [92.14921000000001, 24.40818], [92.14868000000001, 24.402790000000003], [92.14939000000001, 24.392560000000003], [92.14625000000001, 24.385920000000002], [92.14432000000001, 24.38351], [92.1414, 24.383010000000002], [92.13650000000001, 24.384050000000002], [92.13421000000001, 24.38566], [92.13131000000001, 24.3855], [92.12805, 24.38389], [92.12606000000001, 24.38109], [92.12332, 24.381190000000004], [92.11955, 24.378800000000002], [92.10535, 24.373710000000003], [92.10564000000001, 24.37734], [92.10954000000001, 24.380670000000002], [92.11037, 24.379810000000003], [92.11156000000001, 24.38099], [92.11333, 24.38059], [92.11331000000001, 24.382230000000003], [92.11456000000001, 24.381770000000003], [92.11525, 24.382520000000003], [92.11616000000001, 24.38079], [92.11821, 24.38062], [92.11856, 24.38209], [92.11795000000001, 24.382270000000002], [92.11901, 24.382270000000002], [92.11928, 24.38156], [92.11964, 24.382410000000004], [92.12053, 24.381420000000002], [92.12, 24.38304], [92.12085, 24.383360000000003], [92.1216, 24.382080000000002], [92.12135, 24.383550000000003], [92.12366, 24.384500000000003], [92.12190000000001, 24.38483], [92.12276000000001, 24.38502], [92.12175, 24.386110000000002], [92.12197, 24.387030000000003], [92.12016000000001, 24.38744], [92.12021000000001, 24.388550000000002], [92.1192, 24.38859], [92.12077000000001, 24.38943], [92.11890000000001, 24.389940000000003], [92.11984000000001, 24.390510000000003], [92.12015000000001, 24.39232], [92.12181000000001, 24.393130000000003], [92.12257000000001, 24.395940000000003], [92.12643000000001, 24.396800000000002], [92.12744, 24.39835], [92.12694, 24.399710000000002], [92.12846, 24.400090000000002], [92.12738, 24.401650000000004], [92.12970000000001, 24.404090000000004], [92.13047, 24.40389], [92.13159, 24.406650000000003], [92.13216000000001, 24.4068], [92.13234000000001, 24.40594], [92.13317, 24.40736], [92.13379, 24.406570000000002], [92.13516000000001, 24.40716], [92.1345, 24.41008], [92.13262, 24.411], [92.13336000000001, 24.411320000000003], [92.13339, 24.41353], [92.1362, 24.41119], [92.14515, 24.409840000000003]]]}}, {"id": "52", "type": "Feature", "properties": {"village_name": "Ragna", "vil_lgd": 272625, "district_name": "North Tripura", "dist_lgd": 270, "subdistrict_name": "Dharmanagar", "sdcode": 6691, "block_name": "Kadamtala", "block_lgd": 34.0, "gp_name": "", "state_name": "TRIPURA", "state_lgd": 16, "population": 3043, "households": 626}, "geometry": {"type": "Polygon", "coordinates": [[[92.15642000000001, 24.42263], [92.15931, 24.422230000000003], [92.15639, 24.419300000000003], [92.15902000000001, 24.41447], [92.15719000000001, 24.41327], [92.15889000000001, 24.40987], [92.15035, 24.41009], [92.14515, 24.409840000000003], [92.1362, 24.41119], [92.13339, 24.41353], [92.13284, 24.414340000000003], [92.13335000000001, 24.41694], [92.13669, 24.420050000000003], [92.13608, 24.42321], [92.13701, 24.42404], [92.13673000000001, 24.424850000000003], [92.13865000000001, 24.425140000000003], [92.13979, 24.423720000000003], [92.14411000000001, 24.42208], [92.14545000000001, 24.423370000000002], [92.14775, 24.42104], [92.14996000000001, 24.421760000000003], [92.15041000000001, 24.42293], [92.15301000000001, 24.424290000000003], [92.15325000000001, 24.42548], [92.15567, 24.423550000000002], [92.15642000000001, 24.42263]]]}}, {"id": "53", "type": "Feature", "properties": {"village_name": "Bhagyapur", "vil_lgd": 272627, "district_name": "North Tripura", "dist_lgd": 270, "subdistrict_name": "Dharmanagar", "sdcode": 6691, "block_name": "Kadamtala", "block_lgd": 34.0, "gp_name": "", "state_name": "TRIPURA", "state_lgd": 16, "population": 3789, "households": 783}, "geometry": {"type": "Polygon", "coordinates": [[[92.16929, 24.425590000000003], [92.17232000000001, 24.426240000000004], [92.17072, 24.423430000000003], [92.17351000000001, 24.422510000000003], [92.17434, 24.41937], [92.17761, 24.418390000000002], [92.17755000000001, 24.417530000000003], [92.17636, 24.417260000000002], [92.17666000000001, 24.41655], [92.17945, 24.41628], [92.18034, 24.415470000000003], [92.17916000000001, 24.414540000000002], [92.17627, 24.41045], [92.17634000000001, 24.40847], [92.17459000000001, 24.40734], [92.16550000000001, 24.408240000000003], [92.16137, 24.409930000000003], [92.15889000000001, 24.40987], [92.15719000000001, 24.41327], [92.15902000000001, 24.41447], [92.15639, 24.419300000000003], [92.15931, 24.422230000000003], [92.16041000000001, 24.422520000000002], [92.15991000000001, 24.42122], [92.16396, 24.418360000000003], [92.16651, 24.421680000000002], [92.16587000000001, 24.422520000000002], [92.16668000000001, 24.422600000000003], [92.16743000000001, 24.424100000000003], [92.16802000000001, 24.42725], [92.16819000000001, 24.426430000000003], [92.16929, 24.425590000000003]]]}}, {"id": "54", "type": "Feature", "properties": {"village_name": "Pratyekrai", "vil_lgd": 272630, "district_name": "North Tripura", "dist_lgd": 270, "subdistrict_name": "Dharmanagar", "sdcode": 6691, "block_name": "Kadamtala", "block_lgd": 34.0, "gp_name": "", "state_name": "TRIPURA", "state_lgd": 16, "population": 8474, "households": 1849}, "geometry": {"type": "Polygon", "coordinates": [[[92.18316, 24.429250000000003], [92.18363000000001, 24.42854], [92.18423000000001, 24.429250000000003], [92.18535000000001, 24.428], [92.18761, 24.427410000000002], [92.19546000000001, 24.426810000000003], [92.20021000000001, 24.427410000000002], [92.20199000000001, 24.428490000000004], [92.21239000000001, 24.42649], [92.21275000000001, 24.4234], [92.22113, 24.418480000000002], [92.22475000000001, 24.413500000000003], [92.22867000000001, 24.41437], [92.23146000000001, 24.413770000000003], [92.23901000000001, 24.41843], [92.24099000000001, 24.41863], [92.23793, 24.405700000000003], [92.22549000000001, 24.40434], [92.22352000000001, 24.404790000000002], [92.22224000000001, 24.406810000000004], [92.21867, 24.407570000000003], [92.21671, 24.41009], [92.21207000000001, 24.41052], [92.21142, 24.413120000000003], [92.20928, 24.413610000000002], [92.20346, 24.411340000000003], [92.19698000000001, 24.4109], [92.19591000000001, 24.41128], [92.19425000000001, 24.413990000000002], [92.19003000000001, 24.41512], [92.18718000000001, 24.4142], [92.18605000000001, 24.41128], [92.18438, 24.410580000000003], [92.18315000000001, 24.4111], [92.17916000000001, 24.414540000000002], [92.18034, 24.415470000000003], [92.17945, 24.41628], [92.17666000000001, 24.41655], [92.17636, 24.417260000000002], [92.17755000000001, 24.417530000000003], [92.17761, 24.418390000000002], [92.17434, 24.41937], [92.17351000000001, 24.422510000000003], [92.17072, 24.423430000000003], [92.17232000000001, 24.426240000000004], [92.16929, 24.425590000000003], [92.16819000000001, 24.426430000000003], [92.16802000000001, 24.42725], [92.16913000000001, 24.427770000000002], [92.16601000000001, 24.428120000000003], [92.16709, 24.43138], [92.16655, 24.43232], [92.17822000000001, 24.428870000000003], [92.18316, 24.429250000000003]]]}}, {"id": "55", "type": "Feature", "properties": {"village_name": "Laxminagar", "vil_lgd": 272631, "district_name": "North Tripura", "dist_lgd": 270, "subdistrict_name": "Dharmanagar", "sdcode": 6691, "block_name": "Kadamtala", "block_lgd": 34.0, "gp_name": "", "state_name": "TRIPURA", "state_lgd": 16, "population": 3711, "households": 761}, "geometry": {"type": "Polygon", "coordinates": [[[92.25380000000001, 24.432850000000002], [92.25913000000001, 24.434700000000003], [92.25895000000001, 24.43305], [92.25693000000001, 24.43214], [92.25592, 24.4263], [92.25648000000001, 24.424760000000003], [92.2543, 24.42189], [92.25464000000001, 24.420140000000004], [92.25632, 24.41916], [92.25664, 24.417920000000002], [92.26069000000001, 24.41403], [92.25409, 24.411250000000003], [92.24910000000001, 24.413290000000003], [92.24817, 24.416050000000002], [92.24403000000001, 24.416900000000002], [92.24099000000001, 24.41863], [92.23901000000001, 24.41843], [92.23146000000001, 24.413770000000003], [92.22867000000001, 24.41437], [92.22475000000001, 24.413500000000003], [92.22113, 24.418480000000002], [92.21275000000001, 24.4234], [92.21239000000001, 24.42649], [92.21449000000001, 24.429160000000003], [92.21695000000001, 24.429990000000004], [92.21837000000001, 24.432170000000003], [92.22048000000001, 24.43279], [92.22653000000001, 24.43176], [92.22875, 24.429160000000003], [92.23343000000001, 24.42874], [92.23879000000001, 24.433780000000002], [92.24113000000001, 24.437730000000002], [92.2449, 24.434610000000003], [92.2506, 24.433110000000003], [92.25380000000001, 24.432850000000002]]]}}, {"id": "56", "type": "Feature", "properties": {"village_name": "Churaibari", "vil_lgd": 272622, "district_name": "North Tripura", "dist_lgd": 270, "subdistrict_name": "Dharmanagar", "sdcode": 6691, "block_name": "Kadamtala", "block_lgd": 34.0, "gp_name": "", "state_name": "TRIPURA", "state_lgd": 16, "population": 16540, "households": 3329}, "geometry": {"type": "Polygon", "coordinates": [[[92.23638000000001, 24.45475], [92.23487, 24.452610000000004], [92.23562000000001, 24.452370000000002], [92.23685, 24.4495], [92.23783, 24.44958], [92.23868, 24.4477], [92.2445, 24.44443], [92.24637000000001, 24.445220000000003], [92.25218000000001, 24.441840000000003], [92.25323, 24.44227], [92.25347000000001, 24.440310000000004], [92.25631000000001, 24.44046], [92.25931000000001, 24.439320000000002], [92.25913000000001, 24.434700000000003], [92.25380000000001, 24.432850000000002], [92.2506, 24.433110000000003], [92.2449, 24.434610000000003], [92.24113000000001, 24.437730000000002], [92.23879000000001, 24.433780000000002], [92.23343000000001, 24.42874], [92.22875, 24.429160000000003], [92.22653000000001, 24.43176], [92.22048000000001, 24.43279], [92.21837000000001, 24.432170000000003], [92.21695000000001, 24.429990000000004], [92.21449000000001, 24.429160000000003], [92.2115, 24.431120000000004], [92.21214, 24.43411], [92.21449000000001, 24.436320000000002], [92.21528, 24.43833], [92.21428, 24.44378], [92.21321, 24.444820000000004], [92.21278000000001, 24.445490000000003], [92.21235, 24.449040000000004], [92.21478, 24.45352], [92.22184000000001, 24.45053], [92.23077, 24.451210000000003], [92.23127000000001, 24.45397], [92.23351000000001, 24.456080000000004], [92.23459000000001, 24.459210000000002], [92.23630000000001, 24.45823], [92.23638000000001, 24.45475]]]}}, {"id": "57", "type": "Feature", "properties": {"village_name": "Ichailalchhara", "vil_lgd": 272623, "district_name": "North Tripura", "dist_lgd": 270, "subdistrict_name": "Dharmanagar", "sdcode": 6691, "block_name": "Kadamtala", "block_lgd": 34.0, "gp_name": "ICHAILALCHHARA", "state_name": "TRIPURA", "state_lgd": 16, "population": 4830, "households": 1032}, "geometry": {"type": "Polygon", "coordinates": [[[92.21428, 24.44378], [92.21528, 24.43833], [92.21449000000001, 24.436320000000002], [92.21214, 24.43411], [92.2115, 24.431120000000004], [92.21449000000001, 24.429160000000003], [92.21239000000001, 24.42649], [92.20199000000001, 24.428490000000004], [92.20021000000001, 24.427410000000002], [92.19546000000001, 24.426810000000003], [92.18761, 24.427410000000002], [92.18535000000001, 24.428], [92.18423000000001, 24.429250000000003], [92.18475000000001, 24.43175], [92.18411, 24.436790000000002], [92.18827, 24.442310000000003], [92.18898, 24.445490000000003], [92.19107000000001, 24.445660000000004], [92.19328, 24.443690000000004], [92.19652, 24.445660000000004], [92.19892, 24.443710000000003], [92.20075000000001, 24.445120000000003], [92.20272000000001, 24.44469], [92.20595, 24.445570000000004], [92.2103, 24.44488], [92.21278000000001, 24.445490000000003], [92.21321, 24.444820000000004], [92.21428, 24.44378]]]}}, {"id": "58", "type": "Feature", "properties": {"village_name": "Bishnupur", "vil_lgd": 272624, "district_name": "North Tripura", "dist_lgd": 270, "subdistrict_name": "Dharmanagar", "sdcode": 6691, "block_name": "Kadamtala", "block_lgd": 34.0, "gp_name": "BISHNUPUR", "state_name": "TRIPURA", "state_lgd": 16, "population": 4502, "households": 911}, "geometry": {"type": "Polygon", "coordinates": [[[92.16523000000001, 24.45832], [92.17144, 24.459310000000002], [92.17419000000001, 24.457990000000002], [92.17538, 24.45464], [92.17339000000001, 24.452150000000003], [92.17286000000001, 24.450120000000002], [92.17429000000001, 24.448300000000003], [92.17945, 24.44834], [92.18598, 24.44678], [92.18898, 24.445490000000003], [92.18827, 24.442310000000003], [92.18411, 24.436790000000002], [92.18475000000001, 24.43175], [92.18423000000001, 24.429250000000003], [92.18363000000001, 24.42854], [92.18316, 24.429250000000003], [92.17822000000001, 24.428870000000003], [92.16655, 24.43232], [92.16600000000001, 24.433290000000003], [92.16746, 24.43381], [92.16745, 24.43455], [92.16625, 24.4368], [92.16389000000001, 24.436570000000003], [92.16442, 24.438840000000003], [92.16260000000001, 24.4399], [92.16447000000001, 24.44077], [92.16362000000001, 24.443220000000004], [92.16444000000001, 24.444630000000004], [92.16210000000001, 24.44706], [92.16207000000001, 24.448320000000002], [92.16101, 24.44872], [92.1624, 24.450930000000003], [92.16167, 24.452640000000002], [92.15955000000001, 24.453260000000004], [92.16128, 24.45626], [92.16116000000001, 24.458730000000003], [92.15854, 24.458720000000003], [92.15808000000001, 24.459650000000003], [92.15958, 24.460530000000002], [92.15926, 24.46169], [92.16062000000001, 24.461720000000003], [92.16421000000001, 24.458820000000003], [92.16523000000001, 24.45832]]]}}, {"id": "59", "type": "Feature", "properties": {"village_name": "Maheshpur", "vil_lgd": 272619, "district_name": "North Tripura", "dist_lgd": 270, "subdistrict_name": "Dharmanagar", "sdcode": 6691, "block_name": "Kadamtala", "block_lgd": 34.0, "gp_name": "BISHNUPUR", "state_name": "TRIPURA", "state_lgd": 16, "population": 2588, "households": 578}, "geometry": {"type": "Polygon", "coordinates": [[[92.16928, 24.468100000000003], [92.17112, 24.468040000000002], [92.17214000000001, 24.46901], [92.17424000000001, 24.468940000000003], [92.17647000000001, 24.46761], [92.17721, 24.465940000000003], [92.18253000000001, 24.46253], [92.18339, 24.458090000000002], [92.18509, 24.45577], [92.18369000000001, 24.45287], [92.18378000000001, 24.45136], [92.18598, 24.44678], [92.17945, 24.44834], [92.17429000000001, 24.448300000000003], [92.17286000000001, 24.450120000000002], [92.17339000000001, 24.452150000000003], [92.17538, 24.45464], [92.17419000000001, 24.457990000000002], [92.17144, 24.459310000000002], [92.16523000000001, 24.45832], [92.16421000000001, 24.458820000000003], [92.16062000000001, 24.461720000000003], [92.15926, 24.46169], [92.1589, 24.462370000000004], [92.16043, 24.46298], [92.15841, 24.463780000000003], [92.15839000000001, 24.46589], [92.15561000000001, 24.465670000000003], [92.15649, 24.468580000000003], [92.15726000000001, 24.468750000000004], [92.15820000000001, 24.46751], [92.15806, 24.47003], [92.15535000000001, 24.46975], [92.15566000000001, 24.471120000000003], [92.16135000000001, 24.47153], [92.16583000000001, 24.470260000000003], [92.16928, 24.468100000000003]]]}}, {"id": "60", "type": "Feature", "properties": {"village_name": "Sarala", "vil_lgd": 272618, "district_name": "North Tripura", "dist_lgd": 270, "subdistrict_name": "Dharmanagar", "sdcode": 6691, "block_name": "Kadamtala", "block_lgd": 34.0, "gp_name": "", "state_name": "TRIPURA", "state_lgd": 16, "population": 1720, "households": 382}, "geometry": {"type": "Polygon", "coordinates": [[[92.19498, 24.48391], [92.19394000000001, 24.481080000000002], [92.18519, 24.47165], [92.18269000000001, 24.47059], [92.18177000000001, 24.469350000000002], [92.17269, 24.47052], [92.17214000000001, 24.46901], [92.17112, 24.468040000000002], [92.16928, 24.468100000000003], [92.16583000000001, 24.470260000000003], [92.16135000000001, 24.47153], [92.15566000000001, 24.471120000000003], [92.15427000000001, 24.47209], [92.15459000000001, 24.47305], [92.15580000000001, 24.473830000000003], [92.15592000000001, 24.472430000000003], [92.15718000000001, 24.472990000000003], [92.15724, 24.47407], [92.15589000000001, 24.475170000000002], [92.15611000000001, 24.477020000000003], [92.15423000000001, 24.478350000000002], [92.16007, 24.479540000000004], [92.16268000000001, 24.47877], [92.17338000000001, 24.479540000000004], [92.17576000000001, 24.482010000000002], [92.17576000000001, 24.48327], [92.17709, 24.484820000000003], [92.17678000000001, 24.487090000000002], [92.18006000000001, 24.486960000000003], [92.18481000000001, 24.48486], [92.18754000000001, 24.486810000000002], [92.19104, 24.484820000000003], [92.19498, 24.48391]]]}}, {"id": "61", "type": "Feature", "properties": {"village_name": "Brajendranagar", "vil_lgd": 272615, "district_name": "North Tripura", "dist_lgd": 270, "subdistrict_name": "Dharmanagar", "sdcode": 6691, "block_name": "Kadamtala", "block_lgd": 34.0, "gp_name": "", "state_name": "TRIPURA", "state_lgd": 16, "population": 3529, "households": 739}, "geometry": {"type": "Polygon", "coordinates": [[[92.17575000000001, 24.49716], [92.1794, 24.49462], [92.17922, 24.49116], [92.17678000000001, 24.487090000000002], [92.17709, 24.484820000000003], [92.17576000000001, 24.48327], [92.17576000000001, 24.482010000000002], [92.17338000000001, 24.479540000000004], [92.16268000000001, 24.47877], [92.16007, 24.479540000000004], [92.15423000000001, 24.478350000000002], [92.15270000000001, 24.48147], [92.15394, 24.484530000000003], [92.15297000000001, 24.485930000000003], [92.15359000000001, 24.487240000000003], [92.15195000000001, 24.48722], [92.15230000000001, 24.490450000000003], [92.15129, 24.49115], [92.15369000000001, 24.49164], [92.15220000000001, 24.49464], [92.15051000000001, 24.495340000000002], [92.15145000000001, 24.49605], [92.15164, 24.498970000000003], [92.15979, 24.496920000000003], [92.16452000000001, 24.4993], [92.16892000000001, 24.49867], [92.17019, 24.496840000000002], [92.17575000000001, 24.49716]]]}}, {"id": "62", "type": "Feature", "properties": {"village_name": "Satsangam", "vil_lgd": 272613, "district_name": "North Tripura", "dist_lgd": 270, "subdistrict_name": "Dharmanagar", "sdcode": 6691, "block_name": "Kadamtala", "block_lgd": 34.0, "gp_name": "", "state_name": "TRIPURA", "state_lgd": 16, "population": 3917, "households": 871}, "geometry": {"type": "Polygon", "coordinates": [[[92.17415000000001, 24.526980000000002], [92.17086, 24.52336], [92.16982, 24.5194], [92.16690000000001, 24.51807], [92.16644000000001, 24.51697], [92.16744000000001, 24.51227], [92.16369, 24.507170000000002], [92.16473, 24.50296], [92.16362000000001, 24.50046], [92.16452000000001, 24.4993], [92.15979, 24.496920000000003], [92.15164, 24.498970000000003], [92.15277, 24.500140000000002], [92.15389, 24.499840000000003], [92.15231000000001, 24.502270000000003], [92.15466, 24.502940000000002], [92.15661, 24.50457], [92.15715, 24.506240000000002], [92.15908, 24.50709], [92.15480000000001, 24.510650000000002], [92.15471000000001, 24.511830000000003], [92.15348, 24.51206], [92.15612, 24.513620000000003], [92.15700000000001, 24.512490000000003], [92.15688, 24.514000000000003], [92.15814, 24.51528], [92.15638000000001, 24.51591], [92.15543000000001, 24.518030000000003], [92.1564, 24.51875], [92.15567, 24.51987], [92.15771000000001, 24.52004], [92.15776000000001, 24.521880000000003], [92.15497, 24.522850000000002], [92.15859, 24.523200000000003], [92.16009000000001, 24.525240000000004], [92.15882, 24.52746], [92.15988, 24.52935], [92.16137, 24.528760000000002], [92.16188000000001, 24.52749], [92.1657, 24.529100000000003], [92.16569000000001, 24.53141], [92.16734000000001, 24.53178], [92.16791, 24.53074], [92.16949000000001, 24.531750000000002], [92.17093000000001, 24.530640000000002], [92.17415000000001, 24.526980000000002]]]}}, {"id": "63", "type": "Feature", "properties": {"village_name": "Ranibari", "vil_lgd": 272614, "district_name": "North Tripura", "dist_lgd": 270, "subdistrict_name": "Dharmanagar", "sdcode": 6691, "block_name": "Kadamtala", "block_lgd": 34.0, "gp_name": "", "state_name": "TRIPURA", "state_lgd": 16, "population": 1493, "households": 320}, "geometry": {"type": "Polygon", "coordinates": [[[92.19506000000001, 24.505580000000002], [92.19563000000001, 24.503500000000003], [92.19723, 24.50195], [92.19249, 24.50185], [92.18593000000001, 24.503960000000003], [92.18511000000001, 24.50308], [92.18390000000001, 24.4952], [92.18087000000001, 24.49341], [92.1794, 24.49462], [92.17575000000001, 24.49716], [92.17019, 24.496840000000002], [92.16892000000001, 24.49867], [92.16452000000001, 24.4993], [92.16362000000001, 24.50046], [92.16473, 24.50296], [92.16369, 24.507170000000002], [92.16744000000001, 24.51227], [92.16644000000001, 24.51697], [92.16690000000001, 24.51807], [92.16982, 24.5194], [92.17086, 24.52336], [92.17415000000001, 24.526980000000002], [92.17631, 24.526320000000002], [92.17595000000001, 24.523480000000003], [92.17803, 24.523180000000004], [92.17980000000001, 24.52409], [92.18039, 24.52231], [92.18213, 24.52381], [92.18283000000001, 24.522440000000003], [92.18476000000001, 24.52324], [92.18605000000001, 24.5223], [92.18612, 24.5208], [92.18793000000001, 24.521110000000004], [92.18826000000001, 24.51883], [92.19111000000001, 24.51772], [92.19264000000001, 24.51819], [92.19282000000001, 24.51611], [92.19604000000001, 24.51275], [92.19599000000001, 24.511650000000003], [92.1978, 24.510620000000003], [92.19506000000001, 24.505580000000002]]]}}, {"id": "64", "type": "Feature", "properties": {"village_name": "Piarachhara", "vil_lgd": 272616, "district_name": "North Tripura", "dist_lgd": 270, "subdistrict_name": "Dharmanagar", "sdcode": 6691, "block_name": "Kadamtala", "block_lgd": 34.0, "gp_name": "", "state_name": "TRIPURA", "state_lgd": 16, "population": 1836, "households": 413}, "geometry": {"type": "Polygon", "coordinates": [[[92.19723, 24.50195], [92.20469000000001, 24.49969], [92.20555, 24.49783], [92.19998000000001, 24.49013], [92.19872000000001, 24.48721], [92.19498, 24.48391], [92.19104, 24.484820000000003], [92.18754000000001, 24.486810000000002], [92.18481000000001, 24.48486], [92.18006000000001, 24.486960000000003], [92.17678000000001, 24.487090000000002], [92.17922, 24.49116], [92.1794, 24.49462], [92.18087000000001, 24.49341], [92.18390000000001, 24.4952], [92.18511000000001, 24.50308], [92.18593000000001, 24.503960000000003], [92.19249, 24.50185], [92.19723, 24.50195]]]}}, {"id": "65", "type": "Feature", "properties": {"village_name": "Jubarajnagar", "vil_lgd": 272642, "district_name": "North Tripura", "dist_lgd": 270, "subdistrict_name": "Dharmanagar", "sdcode": 6691, "block_name": "Panisagar", "block_lgd": 35.0, "gp_name": "JUBARAJNAGAR", "state_name": "TRIPURA", "state_lgd": 16, "population": 4425, "households": 994}, "geometry": {"type": "Polygon", "coordinates": [[[92.15605000000001, 24.351930000000003], [92.15826000000001, 24.35068], [92.15587000000001, 24.34739], [92.15578000000001, 24.34258], [92.15820000000001, 24.34043], [92.15707, 24.333630000000003], [92.15359000000001, 24.332440000000002], [92.15332000000001, 24.331300000000002], [92.15496, 24.330140000000004], [92.1533, 24.32843], [92.15068000000001, 24.32719], [92.15063, 24.324060000000003], [92.14931000000001, 24.321050000000003], [92.14355, 24.320890000000002], [92.14189, 24.319750000000003], [92.14018, 24.319950000000002], [92.13300000000001, 24.323020000000003], [92.12929000000001, 24.330940000000002], [92.13270000000001, 24.3332], [92.13472, 24.33791], [92.13834000000001, 24.34062], [92.13882000000001, 24.342350000000003], [92.13799, 24.343380000000003], [92.14286000000001, 24.34993], [92.14589000000001, 24.351770000000002], [92.15242, 24.353130000000004], [92.15278, 24.35237], [92.15605000000001, 24.351930000000003]]]}}, {"id": "66", "type": "Feature", "properties": {"village_name": "Kurti", "vil_lgd": 272617, "district_name": "North Tripura", "dist_lgd": 270, "subdistrict_name": "Dharmanagar", "sdcode": 6691, "block_name": "Kadamtala", "block_lgd": 34.0, "gp_name": "", "state_name": "TRIPURA", "state_lgd": 16, "population": 13359, "households": 2674}, "geometry": {"type": "Polygon", "coordinates": [[[92.20160000000001, 24.507440000000003], [92.20755000000001, 24.506110000000003], [92.20888000000001, 24.504140000000003], [92.22972000000001, 24.502360000000003], [92.23169000000001, 24.49425], [92.23483, 24.491550000000004], [92.23658, 24.48871], [92.23490000000001, 24.48692], [92.23656000000001, 24.48467], [92.23541, 24.483770000000003], [92.23343000000001, 24.484140000000004], [92.23144, 24.48006], [92.23226000000001, 24.47884], [92.21773, 24.47848], [92.21488000000001, 24.47753], [92.21351000000001, 24.47585], [92.20796000000001, 24.474020000000003], [92.20234, 24.47537], [92.20091000000001, 24.477420000000002], [92.19394000000001, 24.481080000000002], [92.19498, 24.48391], [92.19872000000001, 24.48721], [92.19998000000001, 24.49013], [92.20555, 24.49783], [92.20469000000001, 24.49969], [92.19723, 24.50195], [92.19563000000001, 24.503500000000003], [92.19506000000001, 24.505580000000002], [92.1978, 24.510620000000003], [92.19982, 24.51124], [92.20019, 24.510320000000004], [92.20160000000001, 24.507440000000003]]]}}, {"id": "67", "type": "Feature", "properties": {"village_name": "Kadamtala", "vil_lgd": 272621, "district_name": "North Tripura", "dist_lgd": 270, "subdistrict_name": "Dharmanagar", "sdcode": 6691, "block_name": "Kadamtala", "block_lgd": 34.0, "gp_name": "", "state_name": "TRIPURA", "state_lgd": 16, "population": 11469, "households": 2364}, "geometry": {"type": "Polygon", "coordinates": [[[92.23315000000001, 24.47623], [92.23475, 24.474570000000003], [92.23327, 24.47315], [92.23147, 24.47352], [92.23060000000001, 24.47143], [92.23129, 24.46806], [92.22981, 24.462750000000003], [92.23032, 24.46133], [92.23459000000001, 24.459210000000002], [92.23351000000001, 24.456080000000004], [92.23127000000001, 24.45397], [92.23077, 24.451210000000003], [92.22184000000001, 24.45053], [92.21478, 24.45352], [92.21235, 24.449040000000004], [92.20523000000001, 24.44825], [92.2038, 24.449360000000002], [92.20692000000001, 24.4612], [92.21013, 24.463260000000002], [92.21025, 24.464660000000002], [92.20856, 24.46629], [92.2068, 24.469880000000003], [92.20282, 24.473370000000003], [92.20234, 24.47537], [92.20796000000001, 24.474020000000003], [92.21351000000001, 24.47585], [92.21488000000001, 24.47753], [92.21773, 24.47848], [92.23226000000001, 24.47884], [92.23282, 24.478140000000003], [92.23315000000001, 24.47623]]]}}, {"id": "68", "type": "Feature", "properties": {"village_name": "Dakshin Padmabil", "vil_lgd": 272653, "district_name": "North Tripura", "dist_lgd": 270, "subdistrict_name": "Panisagar", "sdcode": 6678, "block_name": "Panisagar", "block_lgd": 35.0, "gp_name": "", "state_name": "TRIPURA", "state_lgd": 16, "population": 2628, "households": 589}, "geometry": {"type": "Polygon", "coordinates": [[[92.20785000000001, 24.29259], [92.20642000000001, 24.296400000000002], [92.1914, 24.30422], [92.19040000000001, 24.30383], [92.18748000000001, 24.29941], [92.18477000000001, 24.297520000000002], [92.18206, 24.296290000000003], [92.17557000000001, 24.295180000000002], [92.173, 24.29869], [92.17357000000001, 24.30038], [92.17742000000001, 24.304350000000003], [92.17771, 24.3076], [92.17615, 24.30901], [92.17833, 24.310560000000002], [92.18213, 24.309870000000004], [92.18655000000001, 24.312510000000003], [92.19430000000001, 24.31464], [92.20100000000001, 24.314420000000002], [92.20371, 24.31351], [92.20923, 24.3165], [92.21312, 24.31606], [92.21461000000001, 24.31669], [92.21293000000001, 24.30844], [92.21007, 24.30356], [92.20939000000001, 24.30018], [92.20957000000001, 24.291580000000003], [92.20785000000001, 24.29259]]]}}, {"id": "69", "type": "Feature", "properties": {"village_name": "Indurail Part", "vil_lgd": 272654, "district_name": "North Tripura", "dist_lgd": 270, "subdistrict_name": "Panisagar", "sdcode": 6678, "block_name": "Panisagar", "block_lgd": 35.0, "gp_name": "", "state_name": "TRIPURA", "state_lgd": 16, "population": 1641, "households": 331}, "geometry": {"type": "Polygon", "coordinates": [[[92.23637000000001, 24.346280000000004], [92.24002, 24.343110000000003], [92.24607, 24.343220000000002], [92.25326000000001, 24.33845], [92.2176, 24.26], [92.21187, 24.260640000000002], [92.21133, 24.263340000000003], [92.2124, 24.26649], [92.2124, 24.269520000000004], [92.20991000000001, 24.27201], [92.21044, 24.27364], [92.20716, 24.27595], [92.20591, 24.279220000000002], [92.20665000000001, 24.28047], [92.20654, 24.28546], [92.20791000000001, 24.287020000000002], [92.20957000000001, 24.291580000000003], [92.20939000000001, 24.30018], [92.21007, 24.30356], [92.21293000000001, 24.30844], [92.21461000000001, 24.31669], [92.21703000000001, 24.327050000000003], [92.21692, 24.330900000000003], [92.2188, 24.334590000000002], [92.21897000000001, 24.338800000000003], [92.22336000000001, 24.343420000000002], [92.22529, 24.344320000000003], [92.22804000000001, 24.345450000000003], [92.22987, 24.34784], [92.23152, 24.3468], [92.23637000000001, 24.346280000000004]]]}}, {"id": "70", "type": "Feature", "properties": {"village_name": "Bagbasa", "vil_lgd": 272639, "district_name": "North Tripura", "dist_lgd": 270, "subdistrict_name": "Dharmanagar", "sdcode": 6691, "block_name": "Panisagar", "block_lgd": 35.0, "gp_name": "", "state_name": "TRIPURA", "state_lgd": 16, "population": 3842, "households": 821}, "geometry": {"type": "Polygon", "coordinates": [[[92.26864, 24.38406], [92.26875000000001, 24.38257], [92.27096, 24.382600000000004], [92.27082, 24.380350000000004], [92.2729, 24.379060000000003], [92.26806, 24.378110000000003], [92.26876000000001, 24.37179], [92.26814, 24.367880000000003], [92.26617, 24.366960000000002], [92.25326000000001, 24.33845], [92.24607, 24.343220000000002], [92.24002, 24.343110000000003], [92.23637000000001, 24.346280000000004], [92.23152, 24.3468], [92.22987, 24.34784], [92.22804000000001, 24.345450000000003], [92.22529, 24.344320000000003], [92.22363000000001, 24.34513], [92.21932000000001, 24.34541], [92.21700000000001, 24.34793], [92.21982000000001, 24.351470000000003], [92.22164000000001, 24.362800000000004], [92.21925, 24.364040000000003], [92.21811000000001, 24.366280000000003], [92.21522, 24.36842], [92.21362, 24.370820000000002], [92.21508000000001, 24.3729], [92.21486, 24.37693], [92.21554, 24.378880000000002], [92.22090000000001, 24.38584], [92.22482000000001, 24.38586], [92.22949000000001, 24.38726], [92.23003000000001, 24.383630000000004], [92.23068, 24.383370000000003], [92.23481000000001, 24.383760000000002], [92.23902000000001, 24.38239], [92.24273000000001, 24.38285], [92.24636000000001, 24.381290000000003], [92.25043000000001, 24.3807], [92.26668000000001, 24.386550000000003], [92.2689, 24.386550000000003], [92.26945, 24.384690000000003], [92.26864, 24.38406]]]}}, {"id": "71", "type": "Feature", "properties": {"village_name": "Radhapur", "vil_lgd": 272635, "district_name": "North Tripura", "dist_lgd": 270, "subdistrict_name": "Dharmanagar", "sdcode": 6691, "block_name": "Panisagar", "block_lgd": 35.0, "gp_name": "", "state_name": "TRIPURA", "state_lgd": 16, "population": 3826, "households": 909}, "geometry": {"type": "Polygon", "coordinates": [[[92.16276, 24.36942], [92.16389000000001, 24.36644], [92.16247000000001, 24.36492], [92.16247000000001, 24.3627], [92.16045000000001, 24.36173], [92.15581, 24.355610000000002], [92.15242, 24.353130000000004], [92.14589000000001, 24.351770000000002], [92.14286000000001, 24.34993], [92.14215, 24.35394], [92.13971000000001, 24.35491], [92.13543000000001, 24.35442], [92.13412000000001, 24.355290000000004], [92.13276, 24.356370000000002], [92.13143000000001, 24.359250000000003], [92.13382000000001, 24.36145], [92.13786, 24.3608], [92.14731, 24.366270000000004], [92.15105000000001, 24.369190000000003], [92.15414000000001, 24.37368], [92.16324, 24.370790000000003], [92.16276, 24.36942]]]}}, {"id": "72", "type": "Feature", "properties": {"village_name": "Ganganagar", "vil_lgd": 272638, "district_name": "North Tripura", "dist_lgd": 270, "subdistrict_name": "Dharmanagar", "sdcode": 6691, "block_name": "Panisagar", "block_lgd": 35.0, "gp_name": "", "state_name": "TRIPURA", "state_lgd": 16, "population": 6771, "households": 1556}, "geometry": {"type": "Polygon", "coordinates": [[[92.21554, 24.378880000000002], [92.21486, 24.37693], [92.21508000000001, 24.3729], [92.21362, 24.370820000000002], [92.21522, 24.36842], [92.21811000000001, 24.366280000000003], [92.21925, 24.364040000000003], [92.22164000000001, 24.362800000000004], [92.21982000000001, 24.351470000000003], [92.21700000000001, 24.34793], [92.21932000000001, 24.34541], [92.21801, 24.343010000000003], [92.21185000000001, 24.33979], [92.20951000000001, 24.342440000000003], [92.20375000000001, 24.34259], [92.19991, 24.345100000000002], [92.19736, 24.34862], [92.19479000000001, 24.350600000000004], [92.19143000000001, 24.351010000000002], [92.18863, 24.355610000000002], [92.18686000000001, 24.360940000000003], [92.18916, 24.36652], [92.19411000000001, 24.370600000000003], [92.19787000000001, 24.37226], [92.19812, 24.384330000000002], [92.19968, 24.385050000000003], [92.2005, 24.387290000000004], [92.21049000000001, 24.386120000000002], [92.21562, 24.387130000000003], [92.21744000000001, 24.387230000000002], [92.22090000000001, 24.38584], [92.21554, 24.378880000000002]]]}}, {"id": "73", "type": "Feature", "properties": {"village_name": "Jalebasa", "vil_lgd": 272652, "district_name": "North Tripura", "dist_lgd": 270, "subdistrict_name": "Panisagar", "sdcode": 6678, "block_name": "Panisagar", "block_lgd": 35.0, "gp_name": "", "state_name": "TRIPURA", "state_lgd": 16, "population": 5112, "households": 1137}, "geometry": {"type": "Polygon", "coordinates": [[[92.20791000000001, 24.287020000000002], [92.20654, 24.28546], [92.20665000000001, 24.28047], [92.20591, 24.279220000000002], [92.20716, 24.27595], [92.21044, 24.27364], [92.20991000000001, 24.27201], [92.2124, 24.269520000000004], [92.2124, 24.26649], [92.21133, 24.263340000000003], [92.21187, 24.260640000000002], [92.20593000000001, 24.26069], [92.20420000000001, 24.26237], [92.19939000000001, 24.26378], [92.19404, 24.263720000000003], [92.18251000000001, 24.267190000000003], [92.1799, 24.267080000000004], [92.17873, 24.266090000000002], [92.17708, 24.26788], [92.17641, 24.27126], [92.17736000000001, 24.274120000000003], [92.17489, 24.275760000000002], [92.17147000000001, 24.275850000000002], [92.16776, 24.277320000000003], [92.16758, 24.278200000000002], [92.16849, 24.278940000000002], [92.17134, 24.28002], [92.18945000000001, 24.278550000000003], [92.1932, 24.279110000000003], [92.19625, 24.280890000000003], [92.19805000000001, 24.28349], [92.20043000000001, 24.28995], [92.20419000000001, 24.29211], [92.20642000000001, 24.296400000000002], [92.20785000000001, 24.29259], [92.20957000000001, 24.291580000000003], [92.20791000000001, 24.287020000000002]]]}}, {"id": "74", "type": "Feature", "properties": {"village_name": "Roa", "vil_lgd": 272649, "district_name": "North Tripura", "dist_lgd": 270, "subdistrict_name": "Panisagar", "sdcode": 6678, "block_name": "Panisagar", "block_lgd": 35.0, "gp_name": "", "state_name": "TRIPURA", "state_lgd": 16, "population": 6544, "households": 1418}, "geometry": {"type": "Polygon", "coordinates": [[[92.17307000000001, 24.310910000000003], [92.17615, 24.30901], [92.17771, 24.3076], [92.17742000000001, 24.304350000000003], [92.17357000000001, 24.30038], [92.173, 24.29869], [92.17557000000001, 24.295180000000002], [92.18206, 24.296290000000003], [92.18477000000001, 24.297520000000002], [92.18748000000001, 24.29941], [92.19040000000001, 24.30383], [92.1914, 24.30422], [92.20642000000001, 24.296400000000002], [92.20419000000001, 24.29211], [92.20043000000001, 24.28995], [92.19805000000001, 24.28349], [92.19625, 24.280890000000003], [92.1932, 24.279110000000003], [92.18945000000001, 24.278550000000003], [92.17134, 24.28002], [92.16849, 24.278940000000002], [92.16758, 24.278200000000002], [92.16776, 24.277320000000003], [92.16396, 24.27871], [92.16401, 24.28292], [92.16264000000001, 24.283500000000004], [92.16247000000001, 24.285320000000002], [92.15871000000001, 24.289060000000003], [92.15831000000001, 24.29119], [92.15666, 24.29363], [92.15443, 24.2954], [92.14591, 24.291150000000002], [92.14512, 24.29154], [92.14527000000001, 24.294210000000003], [92.14688000000001, 24.297200000000004], [92.15325000000001, 24.29876], [92.15988, 24.302590000000002], [92.15938000000001, 24.304800000000004], [92.15639, 24.306040000000003], [92.15489000000001, 24.30779], [92.15425, 24.309680000000004], [92.15475, 24.310200000000002], [92.15725, 24.311040000000002], [92.16409, 24.31078], [92.16723, 24.311950000000003], [92.1688, 24.310650000000003], [92.17307000000001, 24.310910000000003]]]}}, {"id": "75", "type": "Feature", "properties": {"village_name": "Uttar Padmabil", "vil_lgd": 272640, "district_name": "North Tripura", "dist_lgd": 270, "subdistrict_name": "Panisagar", "sdcode": 6678, "block_name": "Panisagar", "block_lgd": 35.0, "gp_name": "", "state_name": "TRIPURA", "state_lgd": 16, "population": 5873, "households": 1233}, "geometry": {"type": "Polygon", "coordinates": [[[92.22336000000001, 24.343420000000002], [92.21897000000001, 24.338800000000003], [92.2188, 24.334590000000002], [92.21692, 24.330900000000003], [92.21703000000001, 24.327050000000003], [92.21461000000001, 24.31669], [92.21312, 24.31606], [92.20923, 24.3165], [92.20371, 24.31351], [92.20100000000001, 24.314420000000002], [92.19430000000001, 24.31464], [92.18655000000001, 24.312510000000003], [92.18213, 24.309870000000004], [92.17833, 24.310560000000002], [92.17393000000001, 24.314110000000003], [92.17358, 24.32165], [92.17557000000001, 24.327170000000002], [92.18220000000001, 24.329060000000002], [92.18812000000001, 24.337370000000004], [92.19347, 24.339260000000003], [92.19575, 24.34231], [92.19991, 24.345100000000002], [92.20375000000001, 24.34259], [92.20951000000001, 24.342440000000003], [92.21185000000001, 24.33979], [92.21801, 24.343010000000003], [92.21932000000001, 24.34541], [92.22363000000001, 24.34513], [92.22529, 24.344320000000003], [92.22336000000001, 24.343420000000002]]]}}, {"id": "76", "type": "Feature", "properties": {"village_name": "Bilthai", "vil_lgd": 272650, "district_name": "North Tripura", "dist_lgd": 270, "subdistrict_name": "Panisagar", "sdcode": 6678, "block_name": "Panisagar", "block_lgd": 35.0, "gp_name": "", "state_name": "TRIPURA", "state_lgd": 16, "population": 2598, "households": 603}, "geometry": {"type": "Polygon", "coordinates": [[[92.14527000000001, 24.294210000000003], [92.14512, 24.29154], [92.14591, 24.291150000000002], [92.14373, 24.28844], [92.14133000000001, 24.28771], [92.13648, 24.2834], [92.13026, 24.28095], [92.12827, 24.276840000000004], [92.12348, 24.27523], [92.12256000000001, 24.27398], [92.12246, 24.271510000000003], [92.11286000000001, 24.270300000000002], [92.10832, 24.27108], [92.10716000000001, 24.27381], [92.10475000000001, 24.271320000000003], [92.10079, 24.27232], [92.10372000000001, 24.278340000000004], [92.10764, 24.28186], [92.11370000000001, 24.282400000000003], [92.1225, 24.287010000000002], [92.12416, 24.290200000000002], [92.12594000000001, 24.290850000000002], [92.12832, 24.293670000000002], [92.13705, 24.300710000000002], [92.14098000000001, 24.300710000000002], [92.14365000000001, 24.297670000000004], [92.14688000000001, 24.297200000000004], [92.14527000000001, 24.294210000000003]]]}}, {"id": "77", "type": "Feature", "properties": {"village_name": "Paschim Tilthai", "vil_lgd": 272645, "district_name": "North Tripura", "dist_lgd": 270, "subdistrict_name": "Dharmanagar", "sdcode": 6691, "block_name": "Panisagar", "block_lgd": 35.0, "gp_name": "", "state_name": "TRIPURA", "state_lgd": 16, "population": 1313, "households": 294}, "geometry": {"type": "Polygon", "coordinates": [[[92.10731000000001, 24.304930000000002], [92.10831, 24.30402], [92.10888000000001, 24.300710000000002], [92.11273000000001, 24.298630000000003], [92.1148, 24.29109], [92.1148, 24.289340000000003], [92.11394000000001, 24.288230000000002], [92.10764, 24.28186], [92.10372000000001, 24.278340000000004], [92.10079, 24.27232], [92.09647000000001, 24.272650000000002], [92.09519, 24.273660000000003], [92.09329000000001, 24.27257], [92.09046000000001, 24.273740000000004], [92.08614000000001, 24.273770000000003], [92.08093000000001, 24.27586], [92.08021000000001, 24.27812], [92.08145, 24.281720000000004], [92.08130000000001, 24.28731], [92.08045000000001, 24.29212], [92.08181, 24.2969], [92.08192000000001, 24.301180000000002], [92.08259000000001, 24.30272], [92.08369, 24.30244], [92.08375000000001, 24.303790000000003], [92.08237000000001, 24.303980000000003], [92.08227000000001, 24.30524], [92.0798, 24.306230000000003], [92.07862, 24.307660000000002], [92.07700000000001, 24.3078], [92.07617, 24.31174], [92.07261000000001, 24.314130000000002], [92.07301000000001, 24.317400000000003], [92.08485, 24.323390000000003], [92.08827000000001, 24.322670000000002], [92.09519, 24.322930000000003], [92.09355000000001, 24.321890000000003], [92.09283, 24.319490000000002], [92.0939, 24.318], [92.09291, 24.312410000000003], [92.0934, 24.31098], [92.09490000000001, 24.309610000000003], [92.10414, 24.305840000000003], [92.10731000000001, 24.304930000000002]]]}}, {"id": "78", "type": "Feature", "properties": {"village_name": "Purba Tilthai", "vil_lgd": 272646, "district_name": "North Tripura", "dist_lgd": 270, "subdistrict_name": "Dharmanagar", "sdcode": 6691, "block_name": "Panisagar", "block_lgd": 35.0, "gp_name": "PURBA TILTHAI", "state_name": "TRIPURA", "state_lgd": 16, "population": 4275, "households": 957}, "geometry": {"type": "Polygon", "coordinates": [[[92.14189, 24.319750000000003], [92.14355, 24.320890000000002], [92.14931000000001, 24.321050000000003], [92.14754, 24.316470000000002], [92.14834, 24.31096], [92.14709, 24.307170000000003], [92.14908000000001, 24.30535], [92.14908000000001, 24.30431], [92.14688000000001, 24.297200000000004], [92.14365000000001, 24.297670000000004], [92.14098000000001, 24.300710000000002], [92.13705, 24.300710000000002], [92.12832, 24.293670000000002], [92.12594000000001, 24.290850000000002], [92.12416, 24.290200000000002], [92.1225, 24.287010000000002], [92.11370000000001, 24.282400000000003], [92.10764, 24.28186], [92.11394000000001, 24.288230000000002], [92.1148, 24.289340000000003], [92.1148, 24.29109], [92.11273000000001, 24.298630000000003], [92.10888000000001, 24.300710000000002], [92.10831, 24.30402], [92.10731000000001, 24.304930000000002], [92.10414, 24.305840000000003], [92.11001, 24.310290000000002], [92.1144, 24.30795], [92.11594000000001, 24.308470000000003], [92.12056000000001, 24.312990000000003], [92.12433, 24.31481], [92.12672, 24.31491], [92.12935, 24.31678], [92.13300000000001, 24.323020000000003], [92.14018, 24.319950000000002], [92.14189, 24.319750000000003]]]}}, {"id": "79", "type": "Feature", "properties": {"village_name": "Ramnagar", "vil_lgd": 272648, "district_name": "North Tripura", "dist_lgd": 270, "subdistrict_name": "Panisagar", "sdcode": 6678, "block_name": "Panisagar", "block_lgd": 35.0, "gp_name": "", "state_name": "TRIPURA", "state_lgd": 16, "population": 2489, "households": 567}, "geometry": {"type": "Polygon", "coordinates": [[[92.17557000000001, 24.327170000000002], [92.17358, 24.32165], [92.17393000000001, 24.314110000000003], [92.17833, 24.310560000000002], [92.17615, 24.30901], [92.17307000000001, 24.310910000000003], [92.1688, 24.310650000000003], [92.16723, 24.311950000000003], [92.16409, 24.31078], [92.15725, 24.311040000000002], [92.15475, 24.310200000000002], [92.15425, 24.309680000000004], [92.15489000000001, 24.30779], [92.15639, 24.306040000000003], [92.15938000000001, 24.304800000000004], [92.15988, 24.302590000000002], [92.15325000000001, 24.29876], [92.14688000000001, 24.297200000000004], [92.14908000000001, 24.30431], [92.14908000000001, 24.30535], [92.14709, 24.307170000000003], [92.14834, 24.31096], [92.14754, 24.316470000000002], [92.14931000000001, 24.321050000000003], [92.15063, 24.324060000000003], [92.15068000000001, 24.32719], [92.1533, 24.32843], [92.15589000000001, 24.326210000000003], [92.16242000000001, 24.325020000000002], [92.16659000000001, 24.33123], [92.16613000000001, 24.32832], [92.16727, 24.327640000000002], [92.17557000000001, 24.327170000000002]]]}}, {"id": "80", "type": "Feature", "properties": {"village_name": "Uptakhali", "vil_lgd": 272641, "district_name": "North Tripura", "dist_lgd": 270, "subdistrict_name": "Dharmanagar", "sdcode": 6691, "block_name": "Panisagar", "block_lgd": 35.0, "gp_name": "", "state_name": "TRIPURA", "state_lgd": 16, "population": 4675, "households": 1065}, "geometry": {"type": "Polygon", "coordinates": [[[92.19736, 24.34862], [92.19991, 24.345100000000002], [92.19575, 24.34231], [92.19347, 24.339260000000003], [92.18812000000001, 24.337370000000004], [92.18220000000001, 24.329060000000002], [92.17557000000001, 24.327170000000002], [92.16727, 24.327640000000002], [92.16613000000001, 24.32832], [92.16659000000001, 24.33123], [92.17070000000001, 24.336530000000003], [92.16893, 24.340480000000003], [92.16733, 24.34157], [92.15820000000001, 24.34043], [92.15578000000001, 24.34258], [92.15587000000001, 24.34739], [92.15826000000001, 24.35068], [92.16143000000001, 24.351290000000002], [92.16428, 24.35003], [92.16638, 24.350550000000002], [92.16885, 24.349860000000003], [92.17745000000001, 24.35133], [92.18164, 24.350900000000003], [92.18530000000001, 24.353540000000002], [92.1881, 24.354490000000002], [92.18863, 24.355610000000002], [92.19143000000001, 24.351010000000002], [92.19479000000001, 24.350600000000004], [92.19736, 24.34862]]]}}, {"id": "81", "type": "Feature", "properties": {"village_name": "Rajnagar", "vil_lgd": 272644, "district_name": "North Tripura", "dist_lgd": 270, "subdistrict_name": "Dharmanagar", "sdcode": 6691, "block_name": "Panisagar", "block_lgd": 35.0, "gp_name": "RAJNAGAR", "state_name": "TRIPURA", "state_lgd": 16, "population": 4695, "households": 1067}, "geometry": {"type": "Polygon", "coordinates": [[[92.11851, 24.338420000000003], [92.12045, 24.338990000000003], [92.12616000000001, 24.338680000000004], [92.12929000000001, 24.330940000000002], [92.13300000000001, 24.323020000000003], [92.12935, 24.31678], [92.12672, 24.31491], [92.12433, 24.31481], [92.12056000000001, 24.312990000000003], [92.11594000000001, 24.308470000000003], [92.1144, 24.30795], [92.11001, 24.310290000000002], [92.10414, 24.305840000000003], [92.09490000000001, 24.309610000000003], [92.0934, 24.31098], [92.09291, 24.312410000000003], [92.0939, 24.318], [92.09283, 24.319490000000002], [92.09355000000001, 24.321890000000003], [92.09519, 24.322930000000003], [92.09581000000001, 24.325170000000004], [92.09461, 24.337950000000003], [92.09626, 24.339250000000003], [92.09929000000001, 24.340400000000002], [92.1002, 24.34336], [92.10146, 24.344350000000002], [92.10539000000001, 24.34616], [92.11035000000001, 24.34466], [92.11292, 24.340500000000002], [92.11697000000001, 24.339460000000003], [92.11737000000001, 24.33904], [92.11851, 24.338420000000003]]]}}, {"id": "82", "type": "Feature", "properties": {"village_name": "Balidhum", "vil_lgd": 272633, "district_name": "North Tripura", "dist_lgd": 270, "subdistrict_name": "Dharmanagar", "sdcode": 6691, "block_name": "Panisagar", "block_lgd": 35.0, "gp_name": "", "state_name": "TRIPURA", "state_lgd": 16, "population": 1500, "households": 327}, "geometry": {"type": "Polygon", "coordinates": [[[92.10577, 24.382130000000004], [92.10743000000001, 24.38201], [92.10907, 24.380350000000004], [92.10954000000001, 24.380670000000002], [92.10564000000001, 24.37734], [92.10535, 24.373710000000003], [92.10447, 24.3667], [92.10092, 24.359620000000003], [92.09966000000001, 24.351920000000003], [92.09484, 24.345910000000003], [92.09490000000001, 24.34315], [92.09626, 24.339250000000003], [92.09461, 24.337950000000003], [92.09581000000001, 24.325170000000004], [92.09519, 24.322930000000003], [92.08827000000001, 24.322670000000002], [92.08485, 24.323390000000003], [92.07301000000001, 24.317400000000003], [92.07461, 24.319850000000002], [92.07398, 24.32287], [92.07465, 24.32456], [92.07360000000001, 24.32879], [92.07423000000001, 24.33423], [92.0759, 24.339250000000003], [92.07532, 24.34298], [92.07610000000001, 24.345460000000003], [92.07517000000001, 24.34681], [92.07503000000001, 24.349850000000004], [92.07693, 24.35826], [92.07702, 24.364240000000002], [92.07808000000001, 24.367240000000002], [92.07599, 24.375110000000003], [92.08099000000001, 24.37468], [92.08526, 24.375590000000003], [92.08626000000001, 24.37327], [92.08966000000001, 24.37197], [92.09381, 24.37309], [92.09623, 24.372770000000003], [92.09742000000001, 24.376220000000004], [92.10016, 24.375850000000003], [92.09978000000001, 24.377160000000003], [92.10158000000001, 24.378210000000003], [92.10153000000001, 24.37975], [92.10017, 24.380560000000003], [92.10203000000001, 24.381860000000003], [92.10189000000001, 24.382720000000003], [92.10374, 24.38256], [92.10434000000001, 24.38107], [92.10577, 24.382130000000004]]]}}, {"id": "83", "type": "Feature", "properties": {"village_name": "Dhupirband", "vil_lgd": 272636, "district_name": "North Tripura", "dist_lgd": 270, "subdistrict_name": "Dharmanagar", "sdcode": 6691, "block_name": "Panisagar", "block_lgd": 35.0, "gp_name": "", "state_name": "TRIPURA", "state_lgd": 16, "population": 7006, "households": 1438}, "geometry": {"type": "Polygon", "coordinates": [[[92.17125, 24.36869], [92.18009, 24.36773], [92.18446, 24.36859], [92.18916, 24.36652], [92.18686000000001, 24.360940000000003], [92.18863, 24.355610000000002], [92.1881, 24.354490000000002], [92.18530000000001, 24.353540000000002], [92.18164, 24.350900000000003], [92.17745000000001, 24.35133], [92.16885, 24.349860000000003], [92.16638, 24.350550000000002], [92.16428, 24.35003], [92.16143000000001, 24.351290000000002], [92.15826000000001, 24.35068], [92.15605000000001, 24.351930000000003], [92.15278, 24.35237], [92.15242, 24.353130000000004], [92.15581, 24.355610000000002], [92.16045000000001, 24.36173], [92.16247000000001, 24.3627], [92.16247000000001, 24.36492], [92.16389000000001, 24.36644], [92.16276, 24.36942], [92.16324, 24.370790000000003], [92.16632000000001, 24.36897], [92.17125, 24.36869]]]}}, {"id": "84", "type": "Feature", "properties": {"village_name": "Dharmanagar Np", "vil_lgd": 249803, "district_name": "North Tripura", "dist_lgd": 270, "subdistrict_name": "Dharmanagar", "sdcode": 6691, "block_name": "", "block_lgd": 0.0, "gp_name": "", "state_name": "TRIPURA", "state_lgd": 16, "population": 40595, "households": 9971}, "geometry": {"type": "Polygon", "coordinates": [[[92.18336000000001, 24.408340000000003], [92.17941, 24.404380000000003], [92.18101, 24.400160000000003], [92.18115, 24.397240000000004], [92.17994, 24.391230000000004], [92.18016, 24.390480000000004], [92.1817, 24.39018], [92.17814000000001, 24.385420000000003], [92.17256, 24.370320000000003], [92.17125, 24.36869], [92.16632000000001, 24.36897], [92.16324, 24.370790000000003], [92.15414000000001, 24.37368], [92.14969, 24.374820000000003], [92.15046000000001, 24.37639], [92.1504, 24.38034], [92.14731, 24.380830000000003], [92.14432000000001, 24.38351], [92.14625000000001, 24.385920000000002], [92.14939000000001, 24.392560000000003], [92.14868000000001, 24.402790000000003], [92.14921000000001, 24.40818], [92.15035, 24.41009], [92.15889000000001, 24.40987], [92.16137, 24.409930000000003], [92.16550000000001, 24.408240000000003], [92.17459000000001, 24.40734], [92.17634000000001, 24.40847], [92.17627, 24.41045], [92.17916000000001, 24.414540000000002], [92.18315000000001, 24.4111], [92.18336000000001, 24.408340000000003]]]}}, {"id": "85", "type": "Feature", "properties": {"village_name": "Kameswar Part", "vil_lgd": 272637, "district_name": "North Tripura", "dist_lgd": 270, "subdistrict_name": "Dharmanagar", "sdcode": 6691, "block_name": "Panisagar", "block_lgd": 35.0, "gp_name": "", "state_name": "TRIPURA", "state_lgd": 16, "population": 7535, "households": 1689}, "geometry": {"type": "Polygon", "coordinates": [[[92.19812, 24.384330000000002], [92.19787000000001, 24.37226], [92.19411000000001, 24.370600000000003], [92.18916, 24.36652], [92.18446, 24.36859], [92.18009, 24.36773], [92.17125, 24.36869], [92.17256, 24.370320000000003], [92.17814000000001, 24.385420000000003], [92.1817, 24.39018], [92.19327000000001, 24.3895], [92.19812, 24.384330000000002]]]}}, {"id": "86", "type": "Feature", "properties": {"village_name": "Paschim Halflong", "vil_lgd": 272634, "district_name": "North Tripura", "dist_lgd": 270, "subdistrict_name": "Dharmanagar", "sdcode": 6691, "block_name": "Panisagar", "block_lgd": 35.0, "gp_name": "HALFLONG", "state_name": "TRIPURA", "state_lgd": 16, "population": 2208, "households": 480}, "geometry": {"type": "Polygon", "coordinates": [[[92.13347, 24.362420000000004], [92.13382000000001, 24.36145], [92.13143000000001, 24.359250000000003], [92.12920000000001, 24.35705], [92.13003, 24.355320000000003], [92.12540000000001, 24.352240000000002], [92.12492, 24.35056], [92.12011000000001, 24.34888], [92.11993000000001, 24.34493], [92.11945, 24.34352], [92.11797000000001, 24.34249], [92.11697000000001, 24.339460000000003], [92.11292, 24.340500000000002], [92.11035000000001, 24.34466], [92.10539000000001, 24.34616], [92.10146, 24.344350000000002], [92.1002, 24.34336], [92.09929000000001, 24.340400000000002], [92.09626, 24.339250000000003], [92.09490000000001, 24.34315], [92.09484, 24.345910000000003], [92.09966000000001, 24.351920000000003], [92.10092, 24.359620000000003], [92.10714, 24.358690000000003], [92.11142000000001, 24.3608], [92.11594000000001, 24.361390000000004], [92.11843, 24.36296], [92.11927000000001, 24.36664], [92.12004, 24.36681], [92.12491000000001, 24.366370000000003], [92.12592000000001, 24.36437], [92.13466000000001, 24.366970000000002], [92.13513, 24.365620000000003], [92.1346, 24.36448], [92.13347, 24.362420000000004]]]}}, {"id": "87", "type": "Feature", "properties": {"village_name": "Purba Halflong", "vil_lgd": 272643, "district_name": "North Tripura", "dist_lgd": 270, "subdistrict_name": "Dharmanagar", "sdcode": 6691, "block_name": "Panisagar", "block_lgd": 35.0, "gp_name": "HALFLONG", "state_name": "TRIPURA", "state_lgd": 16, "population": 2395, "households": 544}, "geometry": {"type": "Polygon", "coordinates": [[[92.13543000000001, 24.35442], [92.13971000000001, 24.35491], [92.14215, 24.35394], [92.14286000000001, 24.34993], [92.13799, 24.343380000000003], [92.13882000000001, 24.342350000000003], [92.13834000000001, 24.34062], [92.13472, 24.33791], [92.13270000000001, 24.3332], [92.12929000000001, 24.330940000000002], [92.12616000000001, 24.338680000000004], [92.12045, 24.338990000000003], [92.11851, 24.338420000000003], [92.11737000000001, 24.33904], [92.11697000000001, 24.339460000000003], [92.11797000000001, 24.34249], [92.11945, 24.34352], [92.11993000000001, 24.34493], [92.12011000000001, 24.34888], [92.12492, 24.35056], [92.12540000000001, 24.352240000000002], [92.13003, 24.355320000000003], [92.12920000000001, 24.35705], [92.13143000000001, 24.359250000000003], [92.13276, 24.356370000000002], [92.13412000000001, 24.355290000000004], [92.13543000000001, 24.35442]]]}}, {"id": "88", "type": "Feature", "properties": {"village_name": "Deochhara", "vil_lgd": 272647, "district_name": "North Tripura", "dist_lgd": 270, "subdistrict_name": "Panisagar", "sdcode": 6678, "block_name": "Panisagar", "block_lgd": 35.0, "gp_name": "", "state_name": "TRIPURA", "state_lgd": 16, "population": 4843, "households": 1161}, "geometry": {"type": "Polygon", "coordinates": [[[92.17070000000001, 24.336530000000003], [92.16659000000001, 24.33123], [92.16242000000001, 24.325020000000002], [92.15589000000001, 24.326210000000003], [92.1533, 24.32843], [92.15496, 24.330140000000004], [92.15332000000001, 24.331300000000002], [92.15359000000001, 24.332440000000002], [92.15707, 24.333630000000003], [92.15820000000001, 24.34043], [92.16733, 24.34157], [92.16893, 24.340480000000003], [92.17070000000001, 24.336530000000003]]]}}, {"id": "89", "type": "Feature", "properties": {"village_name": "Kanchanpur CT", "vil_lgd": 272731, "district_name": "North Tripura", "dist_lgd": 270, "subdistrict_name": "Kanchanpur", "sdcode": 6685, "block_name": "", "block_lgd": null, "gp_name": "", "state_name": "TRIPURA", "state_lgd": 16, "population": 15341, "households": 3378}, "geometry": {"type": "Polygon", "coordinates": [[[92.22267000000001, 24.025940000000002], [92.22103000000001, 24.021770000000004], [92.21647, 24.018060000000002], [92.21305000000001, 24.01838], [92.21095000000001, 24.01734], [92.20741000000001, 24.018880000000003], [92.20362, 24.029040000000002], [92.20433000000001, 24.040650000000003], [92.206, 24.047490000000003], [92.20902000000001, 24.05141], [92.20857000000001, 24.05526], [92.20511, 24.05938], [92.2039, 24.062130000000003], [92.2039, 24.06323], [92.20631, 24.06474], [92.20661000000001, 24.06653], [92.20420000000001, 24.06997], [92.20833, 24.074060000000003], [92.20976, 24.078290000000003], [92.21579000000001, 24.082980000000003], [92.21677000000001, 24.07504], [92.22069, 24.06809], [92.22402000000001, 24.05985], [92.22366000000001, 24.05789], [92.22164000000001, 24.05572], [92.22211, 24.047580000000004], [92.22105, 24.03695], [92.2214, 24.035210000000003], [92.22437000000001, 24.032610000000002], [92.22588, 24.02972], [92.22267000000001, 24.025940000000002]]]}}, {"id": "90", "type": "Feature", "properties": {"village_name": "Panisagar CT", "vil_lgd": 272656, "district_name": "North Tripura", "dist_lgd": 270, "subdistrict_name": "Panisagar", "sdcode": 6678, "block_name": "", "block_lgd": null, "gp_name": "", "state_name": "TRIPURA", "state_lgd": 16, "population": 14758, "households": 3249}, "geometry": {"type": "Polygon", "coordinates": [[[92.16643, 24.272640000000003], [92.16643, 24.26536], [92.16044000000001, 24.260340000000003], [92.16187000000001, 24.251150000000003], [92.16111000000001, 24.24941], [92.15977000000001, 24.249070000000003], [92.15559, 24.250190000000003], [92.15169, 24.24725], [92.15074000000001, 24.24517], [92.15065000000001, 24.23778], [92.14314, 24.23843], [92.13687, 24.24332], [92.13066, 24.24547], [92.12800000000001, 24.25184], [92.12490000000001, 24.253210000000003], [92.12324000000001, 24.255830000000003], [92.12339, 24.26049], [92.12609, 24.266430000000003], [92.12246, 24.271510000000003], [92.12256000000001, 24.27398], [92.12348, 24.27523], [92.12827, 24.276840000000004], [92.13026, 24.28095], [92.13648, 24.2834], [92.14133000000001, 24.28771], [92.14373, 24.28844], [92.14591, 24.291150000000002], [92.15443, 24.2954], [92.15666, 24.29363], [92.15831000000001, 24.29119], [92.15871000000001, 24.289060000000003], [92.16247000000001, 24.285320000000002], [92.16264000000001, 24.283500000000004], [92.16401, 24.28292], [92.16396, 24.27871], [92.16776, 24.277320000000003], [92.16643, 24.272640000000003]]]}}, {"id": "91", "type": "Feature", "properties": {"village_name": "Dewanpasa CT", "vil_lgd": 272655, "district_name": "North Tripura", "dist_lgd": 270, "subdistrict_name": "Dharmanagar", "sdcode": 6691, "block_name": "", "block_lgd": null, "gp_name": "", "state_name": "TRIPURA", "state_lgd": 16, "population": 8761, "households": 2025}, "geometry": {"type": "Polygon", "coordinates": [[[92.1414, 24.383010000000002], [92.14432000000001, 24.38351], [92.14731, 24.380830000000003], [92.1504, 24.38034], [92.15046000000001, 24.37639], [92.14969, 24.374820000000003], [92.15414000000001, 24.37368], [92.15105000000001, 24.369190000000003], [92.14731, 24.366270000000004], [92.13786, 24.3608], [92.13382000000001, 24.36145], [92.13347, 24.362420000000004], [92.1346, 24.36448], [92.13513, 24.365620000000003], [92.13466000000001, 24.366970000000002], [92.12592000000001, 24.36437], [92.12491000000001, 24.366370000000003], [92.12004, 24.36681], [92.11927000000001, 24.36664], [92.11843, 24.36296], [92.11594000000001, 24.361390000000004], [92.11142000000001, 24.3608], [92.10714, 24.358690000000003], [92.10092, 24.359620000000003], [92.10447, 24.3667], [92.10535, 24.373710000000003], [92.11955, 24.378800000000002], [92.12332, 24.381190000000004], [92.12606000000001, 24.38109], [92.12805, 24.38389], [92.13131000000001, 24.3855], [92.13421000000001, 24.38566], [92.13650000000001, 24.384050000000002], [92.1414, 24.383010000000002]]]}}]}