{"type": "FeatureCollection", "metadata": {"source": "Survey of India (per src_agency attribute in the source data)", "hosted_via": "National Water Data Portal (NWDP), NWIC, Ministry of Jal Shakti -- https://nwdp.nwic.gov.in/", "access": "public, no login required", "crs_original": "EPSG:7755 (WGS 84 / India NSF LCC)", "fetch_date": "2026-08-02", "quality": "verified-official -- Survey of India source", "state": "Maharashtra", "district": "Hingoli", "processing": "reprojected to EPSG:4326, topology-preserving simplify (shared-arc, tolerance 0.0005 deg) so adjacent polygons never overlap/gap at shared borders, coords rounded 5dp, 0 feature(s) needed the per-feature fallback", "feature_count": 714}, "features": [{"id": "0", "type": "Feature", "properties": {"village_name": "Belala", "vil_lgd": 545810, "district_name": "Hingoli", "dist_lgd": 477, "subdistrict_name": "Sengaon", "sdcode": 4111, "block_name": "Sengaon", "block_lgd": 162, "gp_name": "", "state_name": "MAHARASHTRA", "state_lgd": 27, "population": 0, "households": 0}, "geometry": {"type": "Polygon", "coordinates": [[[76.85754, 19.795450000000002], [76.85009000000001, 19.800620000000002], [76.85285, 19.81294], [76.85512, 19.82168], [76.85627000000001, 19.8258], [76.86879, 19.81584], [76.86317000000001, 19.808230000000002], [76.85748000000001, 19.796460000000003], [76.85754, 19.795450000000002]]]}}, {"id": "1", "type": "Feature", "properties": {"village_name": "Krishnapur Tarf Shewala", "vil_lgd": 546215, "district_name": "Hingoli", "dist_lgd": 477, "subdistrict_name": "Kalamnuri", "sdcode": 4114, "block_name": "Kalamnuri", "block_lgd": 165, "gp_name": "", "state_name": "MAHARASHTRA", "state_lgd": 27, "population": 606, "households": 115}, "geometry": {"type": "Polygon", "coordinates": [[[77.44688000000001, 19.52841], [77.43606000000001, 19.52849], [77.43662, 19.53349], [77.43722000000001, 19.53872], [77.43816000000001, 19.541300000000003], [77.4431, 19.54229], [77.44399, 19.54041], [77.44596, 19.536350000000002], [77.44688000000001, 19.52841]]]}}, {"id": "2", "type": "Feature", "properties": {"village_name": "Garkheda", "vil_lgd": 545732, "district_name": "Hingoli", "dist_lgd": 477, "subdistrict_name": "Sengaon", "sdcode": 4111, "block_name": "Sengaon", "block_lgd": 162, "gp_name": "", "state_name": "MAHARASHTRA", "state_lgd": 27, "population": 0, "households": 0}, "geometry": {"type": "Polygon", "coordinates": [[[76.74080000000001, 19.7865], [76.73477000000001, 19.77943], [76.72614, 19.771250000000002], [76.72550000000001, 19.77205], [76.72248, 19.772460000000002], [76.71881, 19.771530000000002], [76.71246000000001, 19.76489], [76.70852000000001, 19.767400000000002], [76.70475, 19.771620000000002], [76.70109000000001, 19.777720000000002], [76.69992, 19.78132], [76.70969000000001, 19.78271], [76.72249000000001, 19.789800000000003], [76.73454000000001, 19.8], [76.73929000000001, 19.80527], [76.7406, 19.80027], [76.74080000000001, 19.7865]]]}}, {"id": "3", "type": "Feature", "properties": {"village_name": "Mangwadi", "vil_lgd": 545828, "district_name": "Hingoli", "dist_lgd": 477, "subdistrict_name": "Sengaon", "sdcode": 4111, "block_name": "Sengaon", "block_lgd": 162, "gp_name": "", "state_name": "MAHARASHTRA", "state_lgd": 27, "population": 0, "households": 0}, "geometry": {"type": "Polygon", "coordinates": [[[76.79270000000001, 19.66747], [76.78907000000001, 19.67143], [76.78721, 19.69237], [76.79677000000001, 19.69416], [76.79857000000001, 19.690820000000002], [76.80924, 19.68157], [76.79514, 19.66945], [76.79487, 19.66758], [76.79270000000001, 19.66747]]]}}, {"id": "4", "type": "Feature", "properties": {"village_name": "Kumbharwadi", "vil_lgd": 546156, "district_name": "Hingoli", "dist_lgd": 477, "subdistrict_name": "Kalamnuri", "sdcode": 4114, "block_name": "Kalamnuri", "block_lgd": 165, "gp_name": "", "state_name": "MAHARASHTRA", "state_lgd": 27, "population": 1113, "households": 213}, "geometry": {"type": "Polygon", "coordinates": [[[77.34294000000001, 19.611230000000003], [77.33548, 19.610030000000002], [77.32811000000001, 19.613220000000002], [77.32334, 19.612530000000003], [77.32405, 19.61848], [77.34139, 19.61974], [77.34240000000001, 19.613960000000002], [77.34294000000001, 19.611230000000003]]]}}, {"id": "5", "type": "Feature", "properties": {"village_name": "Devala", "vil_lgd": 546011, "district_name": "Hingoli", "dist_lgd": 477, "subdistrict_name": "Aundha (Nagnath)", "sdcode": 4113, "block_name": "Aundha (Nagnath)", "block_lgd": 164, "gp_name": "", "state_name": "MAHARASHTRA", "state_lgd": 27, "population": 191, "households": 29}, "geometry": {"type": "Polygon", "coordinates": [[[77.06012000000001, 19.572570000000002], [77.05214000000001, 19.572640000000003], [77.04607, 19.5744], [77.04882, 19.578650000000003], [77.05307, 19.588540000000002], [77.06851, 19.588700000000003], [77.06012000000001, 19.572570000000002]]]}}, {"id": "6", "type": "Feature", "properties": {"village_name": "Palasgaon Tarf Dhamangaon", "vil_lgd": 546358, "district_name": "Hingoli", "dist_lgd": 477, "subdistrict_name": "Basmath", "sdcode": 4115, "block_name": "Basmath", "block_lgd": 166, "gp_name": "", "state_name": "MAHARASHTRA", "state_lgd": 27, "population": 399, "households": 72}, "geometry": {"type": "Polygon", "coordinates": [[[77.13211000000001, 19.40156], [77.12648, 19.39086], [77.11672, 19.3926], [77.11892, 19.40755], [77.11952000000001, 19.40925], [77.12363, 19.415090000000003], [77.13475000000001, 19.40419], [77.13211000000001, 19.40156]]]}}, {"id": "7", "type": "Feature", "properties": {"village_name": "Surwadi", "vil_lgd": 546009, "district_name": "Hingoli", "dist_lgd": 477, "subdistrict_name": "Aundha (Nagnath)", "sdcode": 4113, "block_name": "Aundha (Nagnath)", "block_lgd": 164, "gp_name": "", "state_name": "MAHARASHTRA", "state_lgd": 27, "population": 649, "households": 127}, "geometry": {"type": "Polygon", "coordinates": [[[77.11998000000001, 19.58275], [77.10693, 19.579520000000002], [77.09419000000001, 19.575110000000002], [77.0896, 19.579710000000002], [77.08802, 19.58649], [77.09225, 19.590700000000002], [77.09588000000001, 19.591990000000003], [77.11488, 19.594790000000003], [77.11622000000001, 19.59036], [77.1191, 19.58509], [77.11998000000001, 19.58275]]]}}, {"id": "8", "type": "Feature", "properties": {"village_name": "Ban", "vil_lgd": 545708, "district_name": "Hingoli", "dist_lgd": 477, "subdistrict_name": "Sengaon", "sdcode": 4111, "block_name": "Sengaon", "block_lgd": 162, "gp_name": "", "state_name": "MAHARASHTRA", "state_lgd": 27, "population": 1375, "households": 292}, "geometry": {"type": "Polygon", "coordinates": [[[76.53434, 19.85077], [76.53579, 19.84778], [76.53907000000001, 19.845370000000003], [76.54020000000001, 19.84701], [76.54489000000001, 19.84468], [76.54115, 19.838520000000003], [76.53580000000001, 19.82212], [76.53275000000001, 19.82301], [76.52422, 19.821450000000002], [76.5201, 19.82176], [76.51416, 19.824160000000003], [76.51515, 19.826990000000002], [76.51409000000001, 19.826420000000002], [76.51273, 19.82732], [76.51254, 19.8316], [76.51727000000001, 19.83228], [76.51879000000001, 19.83517], [76.51802, 19.83622], [76.52052, 19.83632], [76.51941000000001, 19.83941], [76.52159, 19.84005], [76.52244, 19.84213], [76.52051, 19.84418], [76.52074, 19.8485], [76.51939, 19.849220000000003], [76.51986000000001, 19.851100000000002], [76.52459, 19.85046], [76.53434, 19.85077]]]}}, {"id": "9", "type": "Feature", "properties": {"village_name": "Suregaon", "vil_lgd": 546010, "district_name": "Hingoli", "dist_lgd": 477, "subdistrict_name": "Aundha (Nagnath)", "sdcode": 4113, "block_name": "Aundha (Nagnath)", "block_lgd": 164, "gp_name": "", "state_name": "MAHARASHTRA", "state_lgd": 27, "population": 1035, "households": 218}, "geometry": {"type": "Polygon", "coordinates": [[[77.08802, 19.58649], [77.0896, 19.579710000000002], [77.09419000000001, 19.575110000000002], [77.08799, 19.57308], [77.08553, 19.57018], [77.07151, 19.57442], [77.06012000000001, 19.572570000000002], [77.06851, 19.588700000000003], [77.08768, 19.58883], [77.08802, 19.58649]]]}}, {"id": "10", "type": "Feature", "properties": {"village_name": "Jamraja", "vil_lgd": 546021, "district_name": "Hingoli", "dist_lgd": 477, "subdistrict_name": "Aundha (Nagnath)", "sdcode": 4113, "block_name": "Aundha (Nagnath)", "block_lgd": 164, "gp_name": "", "state_name": "MAHARASHTRA", "state_lgd": 27, "population": 426, "households": 89}, "geometry": {"type": "Polygon", "coordinates": [[[77.12779, 19.56625], [77.11769000000001, 19.56641], [77.11281000000001, 19.56501], [77.10504, 19.565070000000002], [77.10498000000001, 19.566270000000003], [77.09419000000001, 19.575110000000002], [77.10693, 19.579520000000002], [77.11998000000001, 19.58275], [77.12119000000001, 19.578870000000002], [77.12516000000001, 19.575300000000002], [77.12598000000001, 19.57253], [77.12779, 19.56625]]]}}, {"id": "11", "type": "Feature", "properties": {"village_name": "Pawanmari", "vil_lgd": 546241, "district_name": "Hingoli", "dist_lgd": 477, "subdistrict_name": "Kalamnuri", "sdcode": 4114, "block_name": "Kalamnuri", "block_lgd": 165, "gp_name": "", "state_name": "MAHARASHTRA", "state_lgd": 27, "population": 928, "households": 176}, "geometry": {"type": "Polygon", "coordinates": [[[77.37587, 19.48545], [77.37043000000001, 19.489050000000002], [77.35882000000001, 19.49265], [77.35983, 19.497770000000003], [77.37282, 19.499830000000003], [77.37323, 19.49714], [77.37717, 19.488190000000003], [77.37587, 19.48545]]]}}, {"id": "12", "type": "Feature", "properties": {"village_name": "Brahmangaon Bk", "vil_lgd": 546289, "district_name": "Hingoli", "dist_lgd": 477, "subdistrict_name": "Basmath", "sdcode": 4115, "block_name": "Basmath", "block_lgd": 166, "gp_name": "", "state_name": "MAHARASHTRA", "state_lgd": 27, "population": 597, "households": 112}, "geometry": {"type": "Polygon", "coordinates": [[[76.94301, 19.371370000000002], [76.92659, 19.37349], [76.91128, 19.372980000000002], [76.90399000000001, 19.37374], [76.90377000000001, 19.378310000000003], [76.90507000000001, 19.384900000000002], [76.91491, 19.38391], [76.92649, 19.38016], [76.94431, 19.3793], [76.9432, 19.373980000000003], [76.94301, 19.371370000000002]]]}}, {"id": "13", "type": "Feature", "properties": {"village_name": "Telangwadi", "vil_lgd": 546184, "district_name": "Hingoli", "dist_lgd": 477, "subdistrict_name": "Kalamnuri", "sdcode": 4114, "block_name": "Kalamnuri", "block_lgd": 165, "gp_name": "", "state_name": "MAHARASHTRA", "state_lgd": 27, "population": 660, "households": 137}, "geometry": {"type": "Polygon", "coordinates": [[[77.32806000000001, 19.50634], [77.32293, 19.506500000000003], [77.30841000000001, 19.512580000000003], [77.30887000000001, 19.5163], [77.30771, 19.520490000000002], [77.32973000000001, 19.518330000000002], [77.3296, 19.5148], [77.32806000000001, 19.50634]]]}}, {"id": "14", "type": "Feature", "properties": {"village_name": "Tapowan", "vil_lgd": 546083, "district_name": "Hingoli", "dist_lgd": 477, "subdistrict_name": "Aundha (Nagnath)", "sdcode": 4113, "block_name": "Aundha (Nagnath)", "block_lgd": 164, "gp_name": "", "state_name": "MAHARASHTRA", "state_lgd": 27, "population": 2587, "households": 469}, "geometry": {"type": "Polygon", "coordinates": [[[76.95717, 19.435950000000002], [76.95106000000001, 19.436290000000003], [76.94462, 19.43812], [76.93862, 19.440800000000003], [76.93508, 19.44368], [76.93456, 19.450580000000002], [76.94498, 19.450010000000002], [76.96148000000001, 19.446180000000002], [76.96078, 19.442410000000002], [76.95768000000001, 19.4373], [76.95717, 19.435950000000002]]]}}, {"id": "15", "type": "Feature", "properties": {"village_name": "Sangmeshwar", "vil_lgd": 546293, "district_name": "Hingoli", "dist_lgd": 477, "subdistrict_name": "Basmath", "sdcode": 4115, "block_name": "Basmath", "block_lgd": 166, "gp_name": "", "state_name": "MAHARASHTRA", "state_lgd": 27, "population": 0, "households": 0}, "geometry": {"type": "Polygon", "coordinates": [[[76.93713000000001, 19.32139], [76.94033, 19.31933], [76.94164, 19.31625], [76.94080000000001, 19.3137], [76.94029, 19.31633], [76.9332, 19.317610000000002], [76.91481, 19.318730000000002], [76.91263000000001, 19.31997], [76.91114, 19.32212], [76.90884000000001, 19.33089], [76.91728, 19.332600000000003], [76.93442, 19.3318], [76.93713000000001, 19.32139]]]}}, {"id": "16", "type": "Feature", "properties": {"village_name": "Adgaon", "vil_lgd": 546276, "district_name": "Hingoli", "dist_lgd": 477, "subdistrict_name": "Basmath", "sdcode": 4115, "block_name": "Basmath", "block_lgd": 166, "gp_name": "", "state_name": "MAHARASHTRA", "state_lgd": 27, "population": 4425, "households": 872}, "geometry": {"type": "Polygon", "coordinates": [[[76.96851000000001, 19.39187], [76.98203000000001, 19.389560000000003], [76.98644, 19.390310000000003], [76.98892000000001, 19.39186], [76.99159, 19.39243], [77.00624, 19.38998], [77.00800000000001, 19.38351], [77.00794, 19.3795], [76.99628000000001, 19.38007], [76.99219000000001, 19.37857], [76.99085000000001, 19.375320000000002], [76.99096, 19.36088], [76.98361000000001, 19.36332], [76.97289, 19.36327], [76.97124000000001, 19.36933], [76.96888000000001, 19.37121], [76.96413000000001, 19.37996], [76.9599, 19.38465], [76.95884000000001, 19.385430000000003], [76.95160000000001, 19.386090000000003], [76.94829, 19.38735], [76.95077, 19.39189], [76.95231000000001, 19.39309], [76.95496, 19.3912], [76.95784, 19.390680000000003], [76.96851000000001, 19.39187]]]}}, {"id": "17", "type": "Feature", "properties": {"village_name": "Karanjala", "vil_lgd": 546267, "district_name": "Hingoli", "dist_lgd": 477, "subdistrict_name": "Basmath", "sdcode": 4115, "block_name": "Basmath", "block_lgd": 166, "gp_name": "", "state_name": "MAHARASHTRA", "state_lgd": 27, "population": 3422, "households": 638}, "geometry": {"type": "Polygon", "coordinates": [[[76.99037000000001, 19.443230000000003], [76.99225000000001, 19.44116], [76.9912, 19.431710000000002], [76.99093, 19.42498], [76.98821000000001, 19.42182], [76.98864, 19.41485], [76.98396000000001, 19.414720000000003], [76.97680000000001, 19.414910000000003], [76.96725, 19.41701], [76.95899, 19.421850000000003], [76.95698, 19.42582], [76.95764000000001, 19.428160000000002], [76.95717, 19.435950000000002], [76.95768000000001, 19.4373], [76.96078, 19.442410000000002], [76.96148000000001, 19.446180000000002], [76.96427000000001, 19.44536], [76.97736, 19.444840000000003], [76.98750000000001, 19.44263], [76.99037000000001, 19.443230000000003]]]}}, {"id": "18", "type": "Feature", "properties": {"village_name": "Karla", "vil_lgd": 545741, "district_name": "Hingoli", "dist_lgd": 477, "subdistrict_name": "Sengaon", "sdcode": 4111, "block_name": "Sengaon", "block_lgd": 162, "gp_name": "", "state_name": "MAHARASHTRA", "state_lgd": 27, "population": 0, "households": 0}, "geometry": {"type": "Polygon", "coordinates": [[[76.77226, 19.758390000000002], [76.76221000000001, 19.749650000000003], [76.75935000000001, 19.74323], [76.7579, 19.737080000000002], [76.7393, 19.73367], [76.73192, 19.73627], [76.73076, 19.737350000000003], [76.73004, 19.739430000000002], [76.73113000000001, 19.75015], [76.74195, 19.7525], [76.74515000000001, 19.755180000000003], [76.75448, 19.7677], [76.7579, 19.768800000000002], [76.76221000000001, 19.766820000000003], [76.76872, 19.76582], [76.77451, 19.763530000000003], [76.77226, 19.758390000000002]]]}}, {"id": "19", "type": "Feature", "properties": {"village_name": "Parli", "vil_lgd": 546273, "district_name": "Hingoli", "dist_lgd": 477, "subdistrict_name": "Basmath", "sdcode": 4115, "block_name": "Basmath", "block_lgd": 166, "gp_name": "", "state_name": "MAHARASHTRA", "state_lgd": 27, "population": 1718, "households": 377}, "geometry": {"type": "Polygon", "coordinates": [[[76.95367, 19.406730000000003], [76.94643, 19.40766], [76.93371, 19.411920000000002], [76.92331, 19.419210000000003], [76.92601, 19.422230000000003], [76.92986, 19.42934], [76.93424, 19.428240000000002], [76.94772, 19.42763], [76.95698, 19.42582], [76.95899, 19.421850000000003], [76.95673000000001, 19.420260000000003], [76.95375, 19.41081], [76.95367, 19.406730000000003]]]}}, {"id": "20", "type": "Feature", "properties": {"village_name": "Borisawant", "vil_lgd": 546272, "district_name": "Hingoli", "dist_lgd": 477, "subdistrict_name": "Basmath", "sdcode": 4115, "block_name": "Basmath", "block_lgd": 166, "gp_name": "", "state_name": "MAHARASHTRA", "state_lgd": 27, "population": 2758, "households": 500}, "geometry": {"type": "Polygon", "coordinates": [[[76.98396000000001, 19.414720000000003], [76.98476000000001, 19.411730000000002], [76.98893000000001, 19.403750000000002], [76.98968, 19.399430000000002], [76.98892000000001, 19.39186], [76.98644, 19.390310000000003], [76.98203000000001, 19.389560000000003], [76.96851000000001, 19.39187], [76.95784, 19.390680000000003], [76.95496, 19.3912], [76.95231000000001, 19.39309], [76.95348000000001, 19.397840000000002], [76.95367, 19.406730000000003], [76.95375, 19.41081], [76.95673000000001, 19.420260000000003], [76.95899, 19.421850000000003], [76.96725, 19.41701], [76.97680000000001, 19.414910000000003], [76.98396000000001, 19.414720000000003]]]}}, {"id": "21", "type": "Feature", "properties": {"village_name": "Mategaon", "vil_lgd": 546274, "district_name": "Hingoli", "dist_lgd": 477, "subdistrict_name": "Basmath", "sdcode": 4115, "block_name": "Basmath", "block_lgd": 166, "gp_name": "", "state_name": "MAHARASHTRA", "state_lgd": 27, "population": 710, "households": 147}, "geometry": {"type": "Polygon", "coordinates": [[[76.95077, 19.39189], [76.94778000000001, 19.395370000000003], [76.92751000000001, 19.40278], [76.91733, 19.41066], [76.92331, 19.419210000000003], [76.93371, 19.411920000000002], [76.94643, 19.40766], [76.95367, 19.406730000000003], [76.95348000000001, 19.397840000000002], [76.95231000000001, 19.39309], [76.95077, 19.39189]]]}}, {"id": "22", "type": "Feature", "properties": {"village_name": "Dhaulgaon", "vil_lgd": 546275, "district_name": "Hingoli", "dist_lgd": 477, "subdistrict_name": "Basmath", "sdcode": 4115, "block_name": "Basmath", "block_lgd": 166, "gp_name": "", "state_name": "MAHARASHTRA", "state_lgd": 27, "population": 982, "households": 217}, "geometry": {"type": "Polygon", "coordinates": [[[76.94829, 19.38735], [76.93828, 19.387900000000002], [76.92601, 19.3902], [76.91520000000001, 19.3991], [76.9132, 19.40304], [76.91733, 19.41066], [76.92751000000001, 19.40278], [76.94778000000001, 19.395370000000003], [76.95077, 19.39189], [76.94829, 19.38735]]]}}, {"id": "23", "type": "Feature", "properties": {"village_name": "Sawangi Bk", "vil_lgd": 546288, "district_name": "Hingoli", "dist_lgd": 477, "subdistrict_name": "Basmath", "sdcode": 4115, "block_name": "Basmath", "block_lgd": 166, "gp_name": "", "state_name": "MAHARASHTRA", "state_lgd": 27, "population": 1653, "households": 330}, "geometry": {"type": "Polygon", "coordinates": [[[76.94431, 19.3793], [76.92649, 19.38016], [76.91491, 19.38391], [76.90507000000001, 19.384900000000002], [76.90602000000001, 19.39102], [76.90830000000001, 19.39611], [76.91041000000001, 19.40032], [76.9132, 19.40304], [76.91520000000001, 19.3991], [76.92601, 19.3902], [76.93828, 19.387900000000002], [76.94829, 19.38735], [76.94431, 19.3793]]]}}, {"id": "24", "type": "Feature", "properties": {"village_name": "Hatta", "vil_lgd": 546287, "district_name": "Hingoli", "dist_lgd": 477, "subdistrict_name": "Basmath", "sdcode": 4115, "block_name": "Basmath", "block_lgd": 166, "gp_name": "", "state_name": "MAHARASHTRA", "state_lgd": 27, "population": 8228, "households": 1592}, "geometry": {"type": "Polygon", "coordinates": [[[76.97001, 19.35819], [76.96962, 19.348650000000003], [76.97177, 19.341990000000003], [76.97279, 19.332700000000003], [76.96433, 19.329520000000002], [76.95481000000001, 19.32825], [76.94828000000001, 19.32647], [76.94638, 19.32554], [76.94033, 19.31933], [76.93713000000001, 19.32139], [76.93442, 19.3318], [76.93337000000001, 19.343400000000003], [76.93443, 19.348000000000003], [76.93411, 19.351090000000003], [76.93389, 19.352390000000003], [76.93407, 19.353900000000003], [76.94153, 19.36119], [76.94250000000001, 19.364880000000003], [76.94301, 19.371370000000002], [76.9432, 19.373980000000003], [76.94431, 19.3793], [76.94829, 19.38735], [76.95160000000001, 19.386090000000003], [76.95884000000001, 19.385430000000003], [76.9599, 19.38465], [76.96413000000001, 19.37996], [76.96888000000001, 19.37121], [76.97124000000001, 19.36933], [76.97289, 19.36327], [76.97001, 19.35819]]]}}, {"id": "25", "type": "Feature", "properties": {"village_name": "Brahmangaon Kh", "vil_lgd": 546290, "district_name": "Hingoli", "dist_lgd": 477, "subdistrict_name": "Basmath", "sdcode": 4115, "block_name": "Basmath", "block_lgd": 166, "gp_name": "", "state_name": "MAHARASHTRA", "state_lgd": 27, "population": 648, "households": 117}, "geometry": {"type": "Polygon", "coordinates": [[[76.92659, 19.37349], [76.94301, 19.371370000000002], [76.94250000000001, 19.364880000000003], [76.93541, 19.366880000000002], [76.92359, 19.36699], [76.91843, 19.36571], [76.90893000000001, 19.361710000000002], [76.90428, 19.37092], [76.90399000000001, 19.37374], [76.91128, 19.372980000000002], [76.92659, 19.37349]]]}}, {"id": "26", "type": "Feature", "properties": {"village_name": "Sonna Tarf Hatta", "vil_lgd": 546291, "district_name": "Hingoli", "dist_lgd": 477, "subdistrict_name": "Basmath", "sdcode": 4115, "block_name": "Basmath", "block_lgd": 166, "gp_name": "", "state_name": "MAHARASHTRA", "state_lgd": 27, "population": 600, "households": 119}, "geometry": {"type": "Polygon", "coordinates": [[[76.93411, 19.351090000000003], [76.93121000000001, 19.352790000000002], [76.92429000000001, 19.35441], [76.91169000000001, 19.355020000000003], [76.90893000000001, 19.361710000000002], [76.91843, 19.36571], [76.92359, 19.36699], [76.93541, 19.366880000000002], [76.94250000000001, 19.364880000000003], [76.94153, 19.36119], [76.93407, 19.353900000000003], [76.93389, 19.352390000000003], [76.93411, 19.351090000000003]]]}}, {"id": "27", "type": "Feature", "properties": {"village_name": "Chikhali", "vil_lgd": 546286, "district_name": "Hingoli", "dist_lgd": 477, "subdistrict_name": "Basmath", "sdcode": 4115, "block_name": "Basmath", "block_lgd": 166, "gp_name": "", "state_name": "MAHARASHTRA", "state_lgd": 27, "population": 1313, "households": 252}, "geometry": {"type": "Polygon", "coordinates": [[[76.99096, 19.36088], [76.99210000000001, 19.35612], [76.99362, 19.35019], [76.99771000000001, 19.343880000000002], [76.99763, 19.33498], [76.99349000000001, 19.33208], [76.98983000000001, 19.331210000000002], [76.98146000000001, 19.33545], [76.97279, 19.332700000000003], [76.97177, 19.341990000000003], [76.96962, 19.348650000000003], [76.97001, 19.35819], [76.97289, 19.36327], [76.98361000000001, 19.36332], [76.99096, 19.36088]]]}}, {"id": "28", "type": "Feature", "properties": {"village_name": "Pimpalgaon Hajam", "vil_lgd": 546292, "district_name": "Hingoli", "dist_lgd": 477, "subdistrict_name": "Basmath", "sdcode": 4115, "block_name": "Basmath", "block_lgd": 166, "gp_name": "", "state_name": "MAHARASHTRA", "state_lgd": 27, "population": 1469, "households": 272}, "geometry": {"type": "Polygon", "coordinates": [[[76.93275000000001, 19.34551], [76.93443, 19.348000000000003], [76.93337000000001, 19.343400000000003], [76.93442, 19.3318], [76.91728, 19.332600000000003], [76.90884000000001, 19.33089], [76.90849, 19.33586], [76.91188000000001, 19.34299], [76.91263000000001, 19.348280000000003], [76.92567000000001, 19.344920000000002], [76.93275000000001, 19.34551]]]}}, {"id": "29", "type": "Feature", "properties": {"village_name": "Daregavhan", "vil_lgd": 546084, "district_name": "Hingoli", "dist_lgd": 477, "subdistrict_name": "Aundha (Nagnath)", "sdcode": 4113, "block_name": "Aundha (Nagnath)", "block_lgd": 164, "gp_name": "", "state_name": "MAHARASHTRA", "state_lgd": 27, "population": 0, "households": 0}, "geometry": {"type": "Polygon", "coordinates": [[[76.95764000000001, 19.428160000000002], [76.95698, 19.42582], [76.94772, 19.42763], [76.93424, 19.428240000000002], [76.92986, 19.42934], [76.92998, 19.43173], [76.93218, 19.43797], [76.93414, 19.4406], [76.93508, 19.44368], [76.93862, 19.440800000000003], [76.94462, 19.43812], [76.95106000000001, 19.436290000000003], [76.95717, 19.435950000000002], [76.95764000000001, 19.428160000000002]]]}}, {"id": "30", "type": "Feature", "properties": {"village_name": "Sawali Kh", "vil_lgd": 546092, "district_name": "Hingoli", "dist_lgd": 477, "subdistrict_name": "Aundha (Nagnath)", "sdcode": 4113, "block_name": "Aundha (Nagnath)", "block_lgd": 164, "gp_name": "", "state_name": "MAHARASHTRA", "state_lgd": 27, "population": 1029, "households": 183}, "geometry": {"type": "Polygon", "coordinates": [[[76.93142, 19.57607], [76.93128, 19.567760000000003], [76.92255, 19.56941], [76.90646000000001, 19.5681], [76.90728, 19.579], [76.90532, 19.58376], [76.90523, 19.586530000000003], [76.90608, 19.590120000000002], [76.91551000000001, 19.599210000000003], [76.92378000000001, 19.599970000000003], [76.93, 19.585910000000002], [76.93142, 19.57607]]]}}, {"id": "31", "type": "Feature", "properties": {"village_name": "Wadchuna", "vil_lgd": 545997, "district_name": "Hingoli", "dist_lgd": 477, "subdistrict_name": "Aundha (Nagnath)", "sdcode": 4113, "block_name": "Aundha (Nagnath)", "block_lgd": 164, "gp_name": "", "state_name": "MAHARASHTRA", "state_lgd": 27, "population": 1047, "households": 203}, "geometry": {"type": "Polygon", "coordinates": [[[76.92755000000001, 19.66776], [76.91343, 19.646130000000003], [76.91386, 19.64063], [76.90407, 19.644470000000002], [76.89992000000001, 19.643130000000003], [76.89920000000001, 19.641430000000003], [76.88637, 19.647080000000003], [76.88564000000001, 19.65379], [76.88610000000001, 19.65621], [76.88650000000001, 19.658230000000003], [76.89008000000001, 19.666330000000002], [76.89132000000001, 19.66863], [76.90226000000001, 19.679920000000003], [76.91168, 19.687600000000003], [76.91972000000001, 19.691650000000003], [76.93061, 19.67488], [76.92755000000001, 19.66776]]]}}, {"id": "32", "type": "Feature", "properties": {"village_name": "Adol", "vil_lgd": 545837, "district_name": "Hingoli", "dist_lgd": 477, "subdistrict_name": "Sengaon", "sdcode": 4111, "block_name": "Sengaon", "block_lgd": 162, "gp_name": "", "state_name": "MAHARASHTRA", "state_lgd": 27, "population": 1012, "households": 204}, "geometry": {"type": "Polygon", "coordinates": [[[76.88610000000001, 19.65621], [76.88084, 19.65725], [76.87626, 19.65658], [76.87104000000001, 19.656920000000003], [76.86926000000001, 19.658990000000003], [76.86646, 19.66025], [76.85583000000001, 19.662480000000002], [76.86486000000001, 19.67057], [76.86448, 19.67521], [76.86246000000001, 19.681630000000002], [76.86746000000001, 19.68656], [76.869, 19.689300000000003], [76.8708, 19.688860000000002], [76.87377000000001, 19.686890000000002], [76.87673000000001, 19.68309], [76.88399000000001, 19.680030000000002], [76.89008000000001, 19.666330000000002], [76.88650000000001, 19.658230000000003], [76.88610000000001, 19.65621]]]}}, {"id": "33", "type": "Feature", "properties": {"village_name": "Jambharun Andhwadi", "vil_lgd": 545990, "district_name": "Hingoli", "dist_lgd": 477, "subdistrict_name": "Hingoli", "sdcode": 4112, "block_name": "Hingoli", "block_lgd": 163, "gp_name": "", "state_name": "MAHARASHTRA", "state_lgd": 27, "population": 929, "households": 157}, "geometry": {"type": "Polygon", "coordinates": [[[76.95507, 19.672050000000002], [76.95058, 19.67257], [76.94463, 19.67097], [76.94039000000001, 19.666120000000003], [76.93061, 19.67488], [76.93992, 19.68173], [76.94600000000001, 19.6842], [76.95288000000001, 19.6858], [76.96149000000001, 19.68982], [76.95801, 19.6796], [76.95544000000001, 19.672810000000002], [76.95507, 19.672050000000002]]]}}, {"id": "34", "type": "Feature", "properties": {"village_name": "Bhosi", "vil_lgd": 545996, "district_name": "Hingoli", "dist_lgd": 477, "subdistrict_name": "Aundha (Nagnath)", "sdcode": 4113, "block_name": "Aundha (Nagnath)", "block_lgd": 164, "gp_name": "", "state_name": "MAHARASHTRA", "state_lgd": 27, "population": 1890, "households": 365}, "geometry": {"type": "Polygon", "coordinates": [[[77.00202, 19.67547], [77.00312000000001, 19.670820000000003], [77.00143000000001, 19.65848], [76.99000000000001, 19.66222], [76.98519, 19.65981], [76.98447, 19.65857], [76.97850000000001, 19.660400000000003], [76.97202, 19.66102], [76.96623000000001, 19.659100000000002], [76.9602, 19.655130000000003], [76.95553000000001, 19.65369], [76.95323, 19.65736], [76.95519, 19.66759], [76.95507, 19.672050000000002], [76.95544000000001, 19.672810000000002], [76.95801, 19.6796], [76.96091000000001, 19.678810000000002], [76.97939000000001, 19.68447], [76.99006, 19.689230000000002], [76.99863, 19.68504], [77.00202, 19.67547]]]}}, {"id": "35", "type": "Feature", "properties": {"village_name": "Durchuna", "vil_lgd": 545998, "district_name": "Hingoli", "dist_lgd": 477, "subdistrict_name": "Aundha (Nagnath)", "sdcode": 4113, "block_name": "Aundha (Nagnath)", "block_lgd": 164, "gp_name": "", "state_name": "MAHARASHTRA", "state_lgd": 27, "population": 751, "households": 143}, "geometry": {"type": "Polygon", "coordinates": [[[76.94153, 19.66498], [76.9428, 19.65686], [76.94138000000001, 19.649070000000002], [76.93728, 19.634900000000002], [76.93593000000001, 19.619040000000002], [76.93076, 19.61618], [76.92569, 19.61568], [76.92309, 19.61634], [76.91801000000001, 19.62262], [76.91708000000001, 19.634320000000002], [76.91574, 19.6387], [76.91386, 19.64063], [76.91343, 19.646130000000003], [76.92755000000001, 19.66776], [76.93061, 19.67488], [76.94039000000001, 19.666120000000003], [76.94153, 19.66498]]]}}, {"id": "36", "type": "Feature", "properties": {"village_name": "Dhegaj", "vil_lgd": 545999, "district_name": "Hingoli", "dist_lgd": 477, "subdistrict_name": "Aundha (Nagnath)", "sdcode": 4113, "block_name": "Aundha (Nagnath)", "block_lgd": 164, "gp_name": "", "state_name": "MAHARASHTRA", "state_lgd": 27, "population": 1460, "households": 281}, "geometry": {"type": "Polygon", "coordinates": [[[76.95519, 19.66759], [76.95323, 19.65736], [76.95553000000001, 19.65369], [76.95929000000001, 19.64921], [76.96029, 19.639770000000002], [76.95971, 19.60863], [76.94754, 19.61467], [76.94791000000001, 19.61684], [76.94768, 19.619570000000003], [76.94661, 19.621350000000003], [76.94495, 19.62181], [76.93963000000001, 19.62122], [76.93593000000001, 19.619040000000002], [76.93728, 19.634900000000002], [76.94138000000001, 19.649070000000002], [76.9428, 19.65686], [76.94153, 19.66498], [76.94039000000001, 19.666120000000003], [76.94463, 19.67097], [76.95058, 19.67257], [76.95507, 19.672050000000002], [76.95519, 19.66759]]]}}, {"id": "37", "type": "Feature", "properties": {"village_name": "Repa", "vil_lgd": 545838, "district_name": "Hingoli", "dist_lgd": 477, "subdistrict_name": "Sengaon", "sdcode": 4111, "block_name": "Sengaon", "block_lgd": 162, "gp_name": "", "state_name": "MAHARASHTRA", "state_lgd": 27, "population": 388, "households": 87}, "geometry": {"type": "Polygon", "coordinates": [[[76.86765000000001, 19.64546], [76.86294000000001, 19.64489], [76.85695000000001, 19.64771], [76.85496, 19.65462], [76.85583000000001, 19.662480000000002], [76.86646, 19.66025], [76.86926000000001, 19.658990000000003], [76.87104000000001, 19.656920000000003], [76.86765000000001, 19.64546]]]}}, {"id": "38", "type": "Feature", "properties": {"village_name": "Pimpri Ling", "vil_lgd": 545839, "district_name": "Hingoli", "dist_lgd": 477, "subdistrict_name": "Sengaon", "sdcode": 4111, "block_name": "Sengaon", "block_lgd": 162, "gp_name": "", "state_name": "MAHARASHTRA", "state_lgd": 27, "population": 722, "households": 152}, "geometry": {"type": "Polygon", "coordinates": [[[76.88564000000001, 19.65379], [76.88637, 19.647080000000003], [76.88087, 19.645380000000003], [76.87638000000001, 19.642780000000002], [76.87012, 19.64554], [76.86765000000001, 19.64546], [76.87104000000001, 19.656920000000003], [76.87626, 19.65658], [76.88084, 19.65725], [76.88610000000001, 19.65621], [76.88564000000001, 19.65379]]]}}, {"id": "39", "type": "Feature", "properties": {"village_name": "Nandgaon", "vil_lgd": 546000, "district_name": "Hingoli", "dist_lgd": 477, "subdistrict_name": "Aundha (Nagnath)", "sdcode": 4113, "block_name": "Aundha (Nagnath)", "block_lgd": 164, "gp_name": "", "state_name": "MAHARASHTRA", "state_lgd": 27, "population": 1517, "households": 314}, "geometry": {"type": "Polygon", "coordinates": [[[76.98316000000001, 19.65631], [76.9847, 19.63653], [76.98257000000001, 19.627820000000003], [76.97710000000001, 19.629420000000003], [76.97104, 19.63325], [76.96623000000001, 19.659100000000002], [76.97202, 19.66102], [76.97850000000001, 19.660400000000003], [76.98447, 19.65857], [76.98316000000001, 19.65631]]]}}, {"id": "40", "type": "Feature", "properties": {"village_name": "Siddheshwar", "vil_lgd": 546003, "district_name": "Hingoli", "dist_lgd": 477, "subdistrict_name": "Aundha (Nagnath)", "sdcode": 4113, "block_name": "Aundha (Nagnath)", "block_lgd": 164, "gp_name": "", "state_name": "MAHARASHTRA", "state_lgd": 27, "population": 2565, "households": 547}, "geometry": {"type": "Polygon", "coordinates": [[[76.98582, 19.62171], [76.98945, 19.608800000000002], [76.99264000000001, 19.60376], [76.99942, 19.5975], [76.99345000000001, 19.5968], [76.97771, 19.59944], [76.95971, 19.60863], [76.96029, 19.639770000000002], [76.95929000000001, 19.64921], [76.95553000000001, 19.65369], [76.9602, 19.655130000000003], [76.96623000000001, 19.659100000000002], [76.97104, 19.63325], [76.97710000000001, 19.629420000000003], [76.98257000000001, 19.627820000000003], [76.98582, 19.62171]]]}}, {"id": "41", "type": "Feature", "properties": {"village_name": "Ling Pimpri", "vil_lgd": 545840, "district_name": "Hingoli", "dist_lgd": 477, "subdistrict_name": "Sengaon", "sdcode": 4111, "block_name": "Sengaon", "block_lgd": 162, "gp_name": "", "state_name": "MAHARASHTRA", "state_lgd": 27, "population": 141, "households": 40}, "geometry": {"type": "Polygon", "coordinates": [[[76.89452, 19.63729], [76.88172, 19.621760000000002], [76.87999, 19.620540000000002], [76.87442, 19.620040000000003], [76.87144, 19.62064], [76.8691, 19.62214], [76.86907000000001, 19.623730000000002], [76.86932, 19.626320000000003], [76.87530000000001, 19.63895], [76.87638000000001, 19.642780000000002], [76.88087, 19.645380000000003], [76.88637, 19.647080000000003], [76.89920000000001, 19.641430000000003], [76.89452, 19.63729]]]}}, {"id": "42", "type": "Feature", "properties": {"village_name": "Kamatha", "vil_lgd": 546089, "district_name": "Hingoli", "dist_lgd": 477, "subdistrict_name": "Aundha (Nagnath)", "sdcode": 4113, "block_name": "Aundha (Nagnath)", "block_lgd": 164, "gp_name": "", "state_name": "MAHARASHTRA", "state_lgd": 27, "population": 101, "households": 22}, "geometry": {"type": "Polygon", "coordinates": [[[76.94754, 19.61467], [76.94559000000001, 19.603460000000002], [76.92464000000001, 19.60385], [76.92312000000001, 19.606270000000002], [76.92569, 19.61568], [76.93076, 19.61618], [76.93593000000001, 19.619040000000002], [76.93963000000001, 19.62122], [76.94495, 19.62181], [76.94661, 19.621350000000003], [76.94768, 19.619570000000003], [76.94791000000001, 19.61684], [76.94754, 19.61467]]]}}, {"id": "43", "type": "Feature", "properties": {"village_name": "Bhagwa", "vil_lgd": 546099, "district_name": "Hingoli", "dist_lgd": 477, "subdistrict_name": "Aundha (Nagnath)", "sdcode": 4113, "block_name": "Aundha (Nagnath)", "block_lgd": 164, "gp_name": "", "state_name": "MAHARASHTRA", "state_lgd": 27, "population": 207, "households": 34}, "geometry": {"type": "Polygon", "coordinates": [[[76.96838000000001, 19.5115], [76.96166000000001, 19.51209], [76.95136000000001, 19.51574], [76.95283, 19.518700000000003], [76.95398, 19.524070000000002], [76.96155, 19.52373], [76.97103000000001, 19.521590000000003], [76.96928000000001, 19.51821], [76.96845, 19.512220000000003], [76.96838000000001, 19.5115]]]}}, {"id": "44", "type": "Feature", "properties": {"village_name": "Murtijapur Sawangi", "vil_lgd": 546005, "district_name": "Hingoli", "dist_lgd": 477, "subdistrict_name": "Aundha (Nagnath)", "sdcode": 4113, "block_name": "Aundha (Nagnath)", "block_lgd": 164, "gp_name": "", "state_name": "MAHARASHTRA", "state_lgd": 27, "population": 1993, "households": 387}, "geometry": {"type": "Polygon", "coordinates": [[[76.96235, 19.566560000000003], [76.95989, 19.568710000000003], [76.95753, 19.57392], [76.96025, 19.58263], [76.95948, 19.586910000000003], [76.95753, 19.58894], [76.95993, 19.5976], [76.95971, 19.60863], [76.97771, 19.59944], [76.99345000000001, 19.5968], [76.9915, 19.586530000000003], [76.98872, 19.579420000000002], [76.98695000000001, 19.577920000000002], [76.97426, 19.576150000000002], [76.96547000000001, 19.569370000000003], [76.96235, 19.566560000000003]]]}}, {"id": "45", "type": "Feature", "properties": {"village_name": "Jod Pimpri", "vil_lgd": 546090, "district_name": "Hingoli", "dist_lgd": 477, "subdistrict_name": "Aundha (Nagnath)", "sdcode": 4113, "block_name": "Aundha (Nagnath)", "block_lgd": 164, "gp_name": "", "state_name": "MAHARASHTRA", "state_lgd": 27, "population": 810, "households": 153}, "geometry": {"type": "Polygon", "coordinates": [[[76.94623, 19.596880000000002], [76.94872000000001, 19.59272], [76.93994, 19.58836], [76.93, 19.585910000000002], [76.92378000000001, 19.599970000000003], [76.92464000000001, 19.60385], [76.94559000000001, 19.603460000000002], [76.94623, 19.596880000000002]]]}}, {"id": "46", "type": "Feature", "properties": {"village_name": "Salna", "vil_lgd": 546100, "district_name": "Hingoli", "dist_lgd": 477, "subdistrict_name": "Aundha (Nagnath)", "sdcode": 4113, "block_name": "Aundha (Nagnath)", "block_lgd": 164, "gp_name": "", "state_name": "MAHARASHTRA", "state_lgd": 27, "population": 1586, "households": 329}, "geometry": {"type": "Polygon", "coordinates": [[[76.95136000000001, 19.51574], [76.93276, 19.519720000000003], [76.92353, 19.52286], [76.92645, 19.53459], [76.92902000000001, 19.539330000000003], [76.93561000000001, 19.54126], [76.93728, 19.53922], [76.94114, 19.53761], [76.9547, 19.53536], [76.95398, 19.524070000000002], [76.95283, 19.518700000000003], [76.95136000000001, 19.51574]]]}}, {"id": "47", "type": "Feature", "properties": {"village_name": "Daudgaon", "vil_lgd": 546104, "district_name": "Hingoli", "dist_lgd": 477, "subdistrict_name": "Aundha (Nagnath)", "sdcode": 4113, "block_name": "Aundha (Nagnath)", "block_lgd": 164, "gp_name": "", "state_name": "MAHARASHTRA", "state_lgd": 27, "population": 1780, "households": 339}, "geometry": {"type": "Polygon", "coordinates": [[[76.88910000000001, 19.52925], [76.88904000000001, 19.52457], [76.88876, 19.513810000000003], [76.88629, 19.512030000000003], [76.88596000000001, 19.510550000000002], [76.88224000000001, 19.510990000000003], [76.87910000000001, 19.51263], [76.87285, 19.512310000000003], [76.86902, 19.513050000000003], [76.86728000000001, 19.51425], [76.86607000000001, 19.521500000000003], [76.8666, 19.530350000000002], [76.88205, 19.5284], [76.88910000000001, 19.52925]]]}}, {"id": "48", "type": "Feature", "properties": {"village_name": "Nandkheda", "vil_lgd": 546113, "district_name": "Hingoli", "dist_lgd": 477, "subdistrict_name": "Aundha (Nagnath)", "sdcode": 4113, "block_name": "Aundha (Nagnath)", "block_lgd": 164, "gp_name": "", "state_name": "MAHARASHTRA", "state_lgd": 27, "population": 571, "households": 106}, "geometry": {"type": "Polygon", "coordinates": [[[76.94445, 19.473360000000003], [76.94087, 19.46779], [76.93836, 19.464840000000002], [76.93639, 19.463880000000003], [76.93405000000001, 19.463970000000003], [76.93141, 19.46665], [76.92773000000001, 19.46712], [76.92639000000001, 19.46958], [76.91924, 19.474490000000003], [76.91676000000001, 19.47531], [76.91048, 19.474950000000003], [76.91137, 19.4815], [76.91161000000001, 19.48514], [76.94762, 19.47829], [76.94445, 19.473360000000003]]]}}, {"id": "49", "type": "Feature", "properties": {"village_name": "Rupur", "vil_lgd": 546091, "district_name": "Hingoli", "dist_lgd": 477, "subdistrict_name": "Aundha (Nagnath)", "sdcode": 4113, "block_name": "Aundha (Nagnath)", "block_lgd": 164, "gp_name": "", "state_name": "MAHARASHTRA", "state_lgd": 27, "population": 1723, "households": 326}, "geometry": {"type": "Polygon", "coordinates": [[[76.95948, 19.586910000000003], [76.96025, 19.58263], [76.95753, 19.57392], [76.95989, 19.568710000000003], [76.96235, 19.566560000000003], [76.96730000000001, 19.56211], [76.95285000000001, 19.56042], [76.94512, 19.560160000000003], [76.93426000000001, 19.56039], [76.9338, 19.56453], [76.93144000000001, 19.56632], [76.93128, 19.567760000000003], [76.93142, 19.57607], [76.93, 19.585910000000002], [76.93994, 19.58836], [76.94872000000001, 19.59272], [76.95753, 19.58894], [76.95948, 19.586910000000003]]]}}, {"id": "50", "type": "Feature", "properties": {"village_name": "Keli Tanda", "vil_lgd": 546093, "district_name": "Hingoli", "dist_lgd": 477, "subdistrict_name": "Aundha (Nagnath)", "sdcode": 4113, "block_name": "Aundha (Nagnath)", "block_lgd": 164, "gp_name": "", "state_name": "MAHARASHTRA", "state_lgd": 27, "population": 983, "households": 208}, "geometry": {"type": "Polygon", "coordinates": [[[76.90655000000001, 19.563170000000003], [76.89252, 19.564140000000002], [76.89496000000001, 19.568720000000003], [76.89574, 19.574460000000002], [76.89500000000001, 19.587010000000003], [76.90523, 19.586530000000003], [76.90532, 19.58376], [76.90728, 19.579], [76.90646000000001, 19.5681], [76.90657, 19.563840000000003], [76.90655000000001, 19.563170000000003]]]}}, {"id": "51", "type": "Feature", "properties": {"village_name": "Matha", "vil_lgd": 546014, "district_name": "Hingoli", "dist_lgd": 477, "subdistrict_name": "Aundha (Nagnath)", "sdcode": 4113, "block_name": "Aundha (Nagnath)", "block_lgd": 164, "gp_name": "", "state_name": "MAHARASHTRA", "state_lgd": 27, "population": 2534, "households": 507}, "geometry": {"type": "Polygon", "coordinates": [[[76.97455000000001, 19.53928], [76.97416000000001, 19.54784], [76.97222000000001, 19.553970000000003], [76.96950000000001, 19.56003], [76.96730000000001, 19.56211], [76.96235, 19.566560000000003], [76.96547000000001, 19.569370000000003], [76.97426, 19.576150000000002], [76.98695000000001, 19.577920000000002], [76.99327000000001, 19.5727], [77.00083000000001, 19.56219], [76.99998000000001, 19.555970000000002], [77.00126, 19.55328], [77.00210000000001, 19.54774], [76.98364000000001, 19.54101], [76.97455000000001, 19.53928]]]}}, {"id": "52", "type": "Feature", "properties": {"village_name": "Jalalpur", "vil_lgd": 546112, "district_name": "Hingoli", "dist_lgd": 477, "subdistrict_name": "Aundha (Nagnath)", "sdcode": 4113, "block_name": "Aundha (Nagnath)", "block_lgd": 164, "gp_name": "", "state_name": "MAHARASHTRA", "state_lgd": 27, "population": 547, "households": 105}, "geometry": {"type": "Polygon", "coordinates": [[[76.89573, 19.48957], [76.89914, 19.488390000000003], [76.91137, 19.4815], [76.91048, 19.474950000000003], [76.91004000000001, 19.47106], [76.90212000000001, 19.47181], [76.88910000000001, 19.47641], [76.8828, 19.479400000000002], [76.87434, 19.48205], [76.87359000000001, 19.490540000000003], [76.88754, 19.49031], [76.89573, 19.48957]]]}}, {"id": "53", "type": "Feature", "properties": {"village_name": "Pardi[Sawali", "vil_lgd": 546095, "district_name": "Hingoli", "dist_lgd": 477, "subdistrict_name": "Aundha (Nagnath)", "sdcode": 4113, "block_name": "Aundha (Nagnath)", "block_lgd": 164, "gp_name": "", "state_name": "MAHARASHTRA", "state_lgd": 27, "population": 1430, "households": 294}, "geometry": {"type": "Polygon", "coordinates": [[[76.93440000000001, 19.5481], [76.92291, 19.5499], [76.90792, 19.553810000000002], [76.90644, 19.557380000000002], [76.90655000000001, 19.563170000000003], [76.90657, 19.563840000000003], [76.90646000000001, 19.5681], [76.92255, 19.56941], [76.93128, 19.567760000000003], [76.93144000000001, 19.56632], [76.9338, 19.56453], [76.93426000000001, 19.56039], [76.93445000000001, 19.54941], [76.93440000000001, 19.5481]]]}}, {"id": "54", "type": "Feature", "properties": {"village_name": "Keli", "vil_lgd": 546094, "district_name": "Hingoli", "dist_lgd": 477, "subdistrict_name": "Aundha (Nagnath)", "sdcode": 4113, "block_name": "Aundha (Nagnath)", "block_lgd": 164, "gp_name": "", "state_name": "MAHARASHTRA", "state_lgd": 27, "population": 1151, "households": 242}, "geometry": {"type": "Polygon", "coordinates": [[[76.90644, 19.557380000000002], [76.90792, 19.553810000000002], [76.92291, 19.5499], [76.93440000000001, 19.5481], [76.93428, 19.54514], [76.93561000000001, 19.54126], [76.92902000000001, 19.539330000000003], [76.92645, 19.53459], [76.91802000000001, 19.537940000000003], [76.91407000000001, 19.538700000000002], [76.90678000000001, 19.53797], [76.89841000000001, 19.538780000000003], [76.89067, 19.53911], [76.89097000000001, 19.540650000000003], [76.89132000000001, 19.54925], [76.88918000000001, 19.55365], [76.88946, 19.55818], [76.89252, 19.564140000000002], [76.90655000000001, 19.563170000000003], [76.90644, 19.557380000000002]]]}}, {"id": "55", "type": "Feature", "properties": {"village_name": "Gojegaon", "vil_lgd": 546096, "district_name": "Hingoli", "dist_lgd": 477, "subdistrict_name": "Aundha (Nagnath)", "sdcode": 4113, "block_name": "Aundha (Nagnath)", "block_lgd": 164, "gp_name": "", "state_name": "MAHARASHTRA", "state_lgd": 27, "population": 1656, "households": 314}, "geometry": {"type": "Polygon", "coordinates": [[[76.95285000000001, 19.56042], [76.95947000000001, 19.546290000000003], [76.96679, 19.538510000000002], [76.9547, 19.53536], [76.94114, 19.53761], [76.93728, 19.53922], [76.93561000000001, 19.54126], [76.93428, 19.54514], [76.93440000000001, 19.5481], [76.93445000000001, 19.54941], [76.93426000000001, 19.56039], [76.94512, 19.560160000000003], [76.95285000000001, 19.56042]]]}}, {"id": "56", "type": "Feature", "properties": {"village_name": "Rameshwar", "vil_lgd": 546103, "district_name": "Hingoli", "dist_lgd": 477, "subdistrict_name": "Aundha (Nagnath)", "sdcode": 4113, "block_name": "Aundha (Nagnath)", "block_lgd": 164, "gp_name": "", "state_name": "MAHARASHTRA", "state_lgd": 27, "population": 1300, "households": 262}, "geometry": {"type": "Polygon", "coordinates": [[[76.89097000000001, 19.540650000000003], [76.89067, 19.53911], [76.88910000000001, 19.52925], [76.88205, 19.5284], [76.8666, 19.530350000000002], [76.86562, 19.542050000000003], [76.86717, 19.541390000000003], [76.89097000000001, 19.540650000000003]]]}}, {"id": "57", "type": "Feature", "properties": {"village_name": "Yeli", "vil_lgd": 546101, "district_name": "Hingoli", "dist_lgd": 477, "subdistrict_name": "Aundha (Nagnath)", "sdcode": 4113, "block_name": "Aundha (Nagnath)", "block_lgd": 164, "gp_name": "", "state_name": "MAHARASHTRA", "state_lgd": 27, "population": 756, "households": 149}, "geometry": {"type": "Polygon", "coordinates": [[[76.91407000000001, 19.538700000000002], [76.91802000000001, 19.537940000000003], [76.92645, 19.53459], [76.92353, 19.52286], [76.92174, 19.517120000000002], [76.91697, 19.518150000000002], [76.90842, 19.52185], [76.90305000000001, 19.522080000000003], [76.89841000000001, 19.538780000000003], [76.90678000000001, 19.53797], [76.91407000000001, 19.538700000000002]]]}}, {"id": "58", "type": "Feature", "properties": {"village_name": "Chimegaon", "vil_lgd": 546098, "district_name": "Hingoli", "dist_lgd": 477, "subdistrict_name": "Aundha (Nagnath)", "sdcode": 4113, "block_name": "Aundha (Nagnath)", "block_lgd": 164, "gp_name": "", "state_name": "MAHARASHTRA", "state_lgd": 27, "population": 489, "households": 97}, "geometry": {"type": "Polygon", "coordinates": [[[76.97103000000001, 19.521590000000003], [76.96155, 19.52373], [76.95398, 19.524070000000002], [76.9547, 19.53536], [76.96679, 19.538510000000002], [76.97435, 19.53038], [76.97303000000001, 19.5252], [76.97103000000001, 19.521590000000003]]]}}, {"id": "59", "type": "Feature", "properties": {"village_name": "Anjanwadi", "vil_lgd": 546067, "district_name": "Hingoli", "dist_lgd": 477, "subdistrict_name": "Aundha (Nagnath)", "sdcode": 4113, "block_name": "Aundha (Nagnath)", "block_lgd": 164, "gp_name": "", "state_name": "MAHARASHTRA", "state_lgd": 27, "population": 1832, "households": 362}, "geometry": {"type": "Polygon", "coordinates": [[[76.99591000000001, 19.511370000000003], [76.98919000000001, 19.511190000000003], [76.98746000000001, 19.510250000000003], [76.98421, 19.511830000000003], [76.97282000000001, 19.51085], [76.97109, 19.511300000000002], [76.96845, 19.512220000000003], [76.96928000000001, 19.51821], [76.97103000000001, 19.521590000000003], [76.97303000000001, 19.5252], [76.97435, 19.53038], [76.97456000000001, 19.533340000000003], [76.98929000000001, 19.53282], [76.99258, 19.53113], [76.99992, 19.52333], [76.99636000000001, 19.51256], [76.99591000000001, 19.511370000000003]]]}}, {"id": "60", "type": "Feature", "properties": {"village_name": "Undegaon", "vil_lgd": 546105, "district_name": "Hingoli", "dist_lgd": 477, "subdistrict_name": "Aundha (Nagnath)", "sdcode": 4113, "block_name": "Aundha (Nagnath)", "block_lgd": 164, "gp_name": "", "state_name": "MAHARASHTRA", "state_lgd": 27, "population": 1692, "households": 353}, "geometry": {"type": "Polygon", "coordinates": [[[76.90305000000001, 19.522080000000003], [76.90842, 19.52185], [76.91697, 19.518150000000002], [76.92174, 19.517120000000002], [76.91946, 19.50549], [76.91636000000001, 19.497600000000002], [76.89755000000001, 19.500950000000003], [76.89149, 19.50071], [76.8866, 19.498440000000002], [76.88596000000001, 19.510550000000002], [76.88629, 19.512030000000003], [76.88876, 19.513810000000003], [76.88904000000001, 19.52457], [76.89824, 19.522360000000003], [76.90305000000001, 19.522080000000003]]]}}, {"id": "61", "type": "Feature", "properties": {"village_name": "Ankhali", "vil_lgd": 546106, "district_name": "Hingoli", "dist_lgd": 477, "subdistrict_name": "Aundha (Nagnath)", "sdcode": 4113, "block_name": "Aundha (Nagnath)", "block_lgd": 164, "gp_name": "", "state_name": "MAHARASHTRA", "state_lgd": 27, "population": 1420, "households": 272}, "geometry": {"type": "Polygon", "coordinates": [[[76.96085000000001, 19.49643], [76.95127000000001, 19.498610000000003], [76.93814, 19.49958], [76.91946, 19.50549], [76.92174, 19.517120000000002], [76.92353, 19.52286], [76.93276, 19.519720000000003], [76.95136000000001, 19.51574], [76.96166000000001, 19.51209], [76.96838000000001, 19.5115], [76.96723, 19.505730000000003], [76.96171000000001, 19.497570000000003], [76.96085000000001, 19.49643]]]}}, {"id": "62", "type": "Feature", "properties": {"village_name": "Landala", "vil_lgd": 546111, "district_name": "Hingoli", "dist_lgd": 477, "subdistrict_name": "Aundha (Nagnath)", "sdcode": 4113, "block_name": "Aundha (Nagnath)", "block_lgd": 164, "gp_name": "", "state_name": "MAHARASHTRA", "state_lgd": 27, "population": 510, "households": 105}, "geometry": {"type": "Polygon", "coordinates": [[[76.87910000000001, 19.51263], [76.88224000000001, 19.510990000000003], [76.88596000000001, 19.510550000000002], [76.8866, 19.498440000000002], [76.88754, 19.49031], [76.87359000000001, 19.490540000000003], [76.87143, 19.49536], [76.86623, 19.502580000000002], [76.86785, 19.50985], [76.86728000000001, 19.51425], [76.86902, 19.513050000000003], [76.87285, 19.512310000000003], [76.87910000000001, 19.51263]]]}}, {"id": "63", "type": "Feature", "properties": {"village_name": "Pota Kh", "vil_lgd": 546107, "district_name": "Hingoli", "dist_lgd": 477, "subdistrict_name": "Aundha (Nagnath)", "sdcode": 4113, "block_name": "Aundha (Nagnath)", "block_lgd": 164, "gp_name": "", "state_name": "MAHARASHTRA", "state_lgd": 27, "population": 1497, "households": 290}, "geometry": {"type": "Polygon", "coordinates": [[[76.97282000000001, 19.51085], [76.98421, 19.511830000000003], [76.98746000000001, 19.510250000000003], [76.98728000000001, 19.49746], [76.99268000000001, 19.49407], [76.99941000000001, 19.491590000000002], [76.99958000000001, 19.485590000000002], [76.99823, 19.48121], [76.99041000000001, 19.48131], [76.98620000000001, 19.48158], [76.97581000000001, 19.482460000000003], [76.97157, 19.48562], [76.96467000000001, 19.48654], [76.95782000000001, 19.49256], [76.96085000000001, 19.49643], [76.96171000000001, 19.497570000000003], [76.96723, 19.505730000000003], [76.96838000000001, 19.5115], [76.96845, 19.512220000000003], [76.97109, 19.511300000000002], [76.97282000000001, 19.51085]]]}}, {"id": "64", "type": "Feature", "properties": {"village_name": "Pota Bk", "vil_lgd": 546108, "district_name": "Hingoli", "dist_lgd": 477, "subdistrict_name": "Aundha (Nagnath)", "sdcode": 4113, "block_name": "Aundha (Nagnath)", "block_lgd": 164, "gp_name": "", "state_name": "MAHARASHTRA", "state_lgd": 27, "population": 1274, "households": 260}, "geometry": {"type": "Polygon", "coordinates": [[[76.95167000000001, 19.48498], [76.93985, 19.487550000000002], [76.93045000000001, 19.49322], [76.92003000000001, 19.49699], [76.91636000000001, 19.497600000000002], [76.91946, 19.50549], [76.93814, 19.49958], [76.95127000000001, 19.498610000000003], [76.96085000000001, 19.49643], [76.95782000000001, 19.49256], [76.95186000000001, 19.48527], [76.95167000000001, 19.48498]]]}}, {"id": "65", "type": "Feature", "properties": {"village_name": "Chincholi Nikoba", "vil_lgd": 546110, "district_name": "Hingoli", "dist_lgd": 477, "subdistrict_name": "Aundha (Nagnath)", "sdcode": 4113, "block_name": "Aundha (Nagnath)", "block_lgd": 164, "gp_name": "", "state_name": "MAHARASHTRA", "state_lgd": 27, "population": 1869, "households": 376}, "geometry": {"type": "Polygon", "coordinates": [[[76.91161000000001, 19.48514], [76.91137, 19.4815], [76.89914, 19.488390000000003], [76.89573, 19.48957], [76.88754, 19.49031], [76.8866, 19.498440000000002], [76.89149, 19.50071], [76.89755000000001, 19.500950000000003], [76.91636000000001, 19.497600000000002], [76.91161000000001, 19.48514]]]}}, {"id": "66", "type": "Feature", "properties": {"village_name": "Perjabad", "vil_lgd": 546109, "district_name": "Hingoli", "dist_lgd": 477, "subdistrict_name": "Aundha (Nagnath)", "sdcode": 4113, "block_name": "Aundha (Nagnath)", "block_lgd": 164, "gp_name": "", "state_name": "MAHARASHTRA", "state_lgd": 27, "population": 910, "households": 168}, "geometry": {"type": "Polygon", "coordinates": [[[76.94762, 19.47829], [76.91161000000001, 19.48514], [76.91636000000001, 19.497600000000002], [76.92003000000001, 19.49699], [76.93045000000001, 19.49322], [76.93985, 19.487550000000002], [76.95167000000001, 19.48498], [76.94836000000001, 19.47944], [76.94762, 19.47829]]]}}, {"id": "67", "type": "Feature", "properties": {"village_name": "Takalgavhan Tarf Aundha", "vil_lgd": 546081, "district_name": "Hingoli", "dist_lgd": 477, "subdistrict_name": "Aundha (Nagnath)", "sdcode": 4113, "block_name": "Aundha (Nagnath)", "block_lgd": 164, "gp_name": "", "state_name": "MAHARASHTRA", "state_lgd": 27, "population": 935, "households": 202}, "geometry": {"type": "Polygon", "coordinates": [[[76.98620000000001, 19.48158], [76.98678000000001, 19.480130000000003], [76.98543000000001, 19.47842], [76.97864000000001, 19.474490000000003], [76.97276000000001, 19.47502], [76.96118000000001, 19.47829], [76.95186000000001, 19.48527], [76.95782000000001, 19.49256], [76.96467000000001, 19.48654], [76.97157, 19.48562], [76.97581000000001, 19.482460000000003], [76.98620000000001, 19.48158]]]}}, {"id": "68", "type": "Feature", "properties": {"village_name": "Nalegaon", "vil_lgd": 546082, "district_name": "Hingoli", "dist_lgd": 477, "subdistrict_name": "Aundha (Nagnath)", "sdcode": 4113, "block_name": "Aundha (Nagnath)", "block_lgd": 164, "gp_name": "", "state_name": "MAHARASHTRA", "state_lgd": 27, "population": 1305, "households": 272}, "geometry": {"type": "Polygon", "coordinates": [[[76.96469, 19.46554], [76.94445, 19.473360000000003], [76.94762, 19.47829], [76.94836000000001, 19.47944], [76.95167000000001, 19.48498], [76.95186000000001, 19.48527], [76.96118000000001, 19.47829], [76.97276000000001, 19.47502], [76.97082, 19.467540000000003], [76.96884, 19.46546], [76.96469, 19.46554]]]}}, {"id": "69", "type": "Feature", "properties": {"village_name": "Ukhali", "vil_lgd": 546115, "district_name": "Hingoli", "dist_lgd": 477, "subdistrict_name": "Aundha (Nagnath)", "sdcode": 4113, "block_name": "Aundha (Nagnath)", "block_lgd": 164, "gp_name": "", "state_name": "MAHARASHTRA", "state_lgd": 27, "population": 2146, "households": 408}, "geometry": {"type": "Polygon", "coordinates": [[[76.91004000000001, 19.47106], [76.90779, 19.45777], [76.90780000000001, 19.453390000000002], [76.91220000000001, 19.44856], [76.90871, 19.443530000000003], [76.90271000000001, 19.44329], [76.89428000000001, 19.44772], [76.89202, 19.45193], [76.88456000000001, 19.454800000000002], [76.88067000000001, 19.463970000000003], [76.88564000000001, 19.470190000000002], [76.88910000000001, 19.47641], [76.90212000000001, 19.47181], [76.91004000000001, 19.47106]]]}}, {"id": "70", "type": "Feature", "properties": {"village_name": "Berula", "vil_lgd": 546114, "district_name": "Hingoli", "dist_lgd": 477, "subdistrict_name": "Aundha (Nagnath)", "sdcode": 4113, "block_name": "Aundha (Nagnath)", "block_lgd": 164, "gp_name": "", "state_name": "MAHARASHTRA", "state_lgd": 27, "population": 856, "households": 159}, "geometry": {"type": "Polygon", "coordinates": [[[76.93356, 19.45296], [76.927, 19.452260000000003], [76.92072, 19.4542], [76.91609000000001, 19.45495], [76.91386, 19.45454], [76.91220000000001, 19.44856], [76.90780000000001, 19.453390000000002], [76.90779, 19.45777], [76.91004000000001, 19.47106], [76.91048, 19.474950000000003], [76.91676000000001, 19.47531], [76.91924, 19.474490000000003], [76.92639000000001, 19.46958], [76.92773000000001, 19.46712], [76.92629000000001, 19.46618], [76.92628, 19.46186], [76.93122000000001, 19.457130000000003], [76.93356, 19.45296]]]}}, {"id": "71", "type": "Feature", "properties": {"village_name": "Ajalsonda", "vil_lgd": 546085, "district_name": "Hingoli", "dist_lgd": 477, "subdistrict_name": "Aundha (Nagnath)", "sdcode": 4113, "block_name": "Aundha (Nagnath)", "block_lgd": 164, "gp_name": "", "state_name": "MAHARASHTRA", "state_lgd": 27, "population": 2726, "households": 559}, "geometry": {"type": "Polygon", "coordinates": [[[76.97864000000001, 19.474490000000003], [76.9779, 19.473640000000003], [76.97809000000001, 19.47192], [76.98022, 19.463890000000003], [76.98129, 19.46178], [76.98806, 19.45428], [76.99037000000001, 19.443230000000003], [76.98750000000001, 19.44263], [76.97736, 19.444840000000003], [76.96427000000001, 19.44536], [76.96148000000001, 19.446180000000002], [76.94498, 19.450010000000002], [76.93456, 19.450580000000002], [76.93356, 19.45296], [76.93122000000001, 19.457130000000003], [76.92628, 19.46186], [76.92629000000001, 19.46618], [76.92773000000001, 19.46712], [76.93141, 19.46665], [76.93405000000001, 19.463970000000003], [76.93639, 19.463880000000003], [76.93836, 19.464840000000002], [76.94087, 19.46779], [76.94445, 19.473360000000003], [76.96469, 19.46554], [76.96884, 19.46546], [76.97082, 19.467540000000003], [76.97276000000001, 19.47502], [76.97864000000001, 19.474490000000003]]]}}, {"id": "72", "type": "Feature", "properties": {"village_name": "Lad Pimpri", "vil_lgd": 546004, "district_name": "Hingoli", "dist_lgd": 477, "subdistrict_name": "Aundha (Nagnath)", "sdcode": 4113, "block_name": "Aundha (Nagnath)", "block_lgd": 164, "gp_name": "", "state_name": "MAHARASHTRA", "state_lgd": 27, "population": 0, "households": 0}, "geometry": {"type": "Polygon", "coordinates": [[[76.95993, 19.5976], [76.95753, 19.58894], [76.94872000000001, 19.59272], [76.94623, 19.596880000000002], [76.94559000000001, 19.603460000000002], [76.94754, 19.61467], [76.95971, 19.60863], [76.95993, 19.5976]]]}}, {"id": "73", "type": "Feature", "properties": {"village_name": "Shingi", "vil_lgd": 546298, "district_name": "Hingoli", "dist_lgd": 477, "subdistrict_name": "Basmath", "sdcode": 4115, "block_name": "Basmath", "block_lgd": 166, "gp_name": "", "state_name": "MAHARASHTRA", "state_lgd": 27, "population": 516, "households": 98}, "geometry": {"type": "Polygon", "coordinates": [[[77.13525000000001, 19.43344], [77.1327, 19.439300000000003], [77.12799000000001, 19.44348], [77.11024, 19.450580000000002], [77.1209, 19.4567], [77.12263, 19.45867], [77.12345, 19.464260000000003], [77.13202000000001, 19.454060000000002], [77.13692, 19.45042], [77.14129000000001, 19.448400000000003], [77.14237, 19.444960000000002], [77.14219, 19.443140000000003], [77.13642, 19.43419], [77.13525000000001, 19.43344]]]}}, {"id": "74", "type": "Feature", "properties": {"village_name": "Chuncha", "vil_lgd": 546251, "district_name": "Hingoli", "dist_lgd": 477, "subdistrict_name": "Kalamnuri", "sdcode": 4114, "block_name": "Kalamnuri", "block_lgd": 165, "gp_name": "", "state_name": "MAHARASHTRA", "state_lgd": 27, "population": 2511, "households": 519}, "geometry": {"type": "Polygon", "coordinates": [[[77.44417, 19.42125], [77.43683, 19.410410000000002], [77.43342000000001, 19.41289], [77.43749000000001, 19.431820000000002], [77.44032, 19.43741], [77.44034, 19.440610000000003], [77.44441, 19.44077], [77.44769000000001, 19.441850000000002], [77.44808, 19.440440000000002], [77.44417, 19.42125]]]}}, {"id": "75", "type": "Feature", "properties": {"village_name": "Umra", "vil_lgd": 546076, "district_name": "Hingoli", "dist_lgd": 477, "subdistrict_name": "Aundha (Nagnath)", "sdcode": 4113, "block_name": "Aundha (Nagnath)", "block_lgd": 164, "gp_name": "", "state_name": "MAHARASHTRA", "state_lgd": 27, "population": 1462, "households": 318}, "geometry": {"type": "Polygon", "coordinates": [[[77.10147, 19.44425], [77.09898000000001, 19.44011], [77.09407, 19.42885], [77.07552000000001, 19.43389], [77.06312000000001, 19.43858], [77.06839000000001, 19.44397], [77.07096, 19.4523], [77.07388, 19.4587], [77.08279, 19.46087], [77.08688000000001, 19.461090000000002], [77.09597000000001, 19.45992], [77.09899, 19.45804], [77.10501000000001, 19.447850000000003], [77.10147, 19.44425]]]}}, {"id": "76", "type": "Feature", "properties": {"village_name": "Sirala Tanda", "vil_lgd": 546088, "district_name": "Hingoli", "dist_lgd": 477, "subdistrict_name": "Aundha (Nagnath)", "sdcode": 4113, "block_name": "Aundha (Nagnath)", "block_lgd": 164, "gp_name": "", "state_name": "MAHARASHTRA", "state_lgd": 27, "population": 472, "households": 93}, "geometry": {"type": "Polygon", "coordinates": [[[77.06839000000001, 19.44397], [77.06312000000001, 19.43858], [77.05729000000001, 19.44134], [77.05419, 19.44346], [77.04411, 19.444300000000002], [77.03808000000001, 19.44771], [77.04197, 19.450850000000003], [77.05322000000001, 19.451400000000003], [77.06558000000001, 19.45504], [77.07388, 19.4587], [77.07096, 19.4523], [77.06839000000001, 19.44397]]]}}, {"id": "77", "type": "Feature", "properties": {"village_name": "Wadad", "vil_lgd": 546087, "district_name": "Hingoli", "dist_lgd": 477, "subdistrict_name": "Aundha (Nagnath)", "sdcode": 4113, "block_name": "Aundha (Nagnath)", "block_lgd": 164, "gp_name": "", "state_name": "MAHARASHTRA", "state_lgd": 27, "population": 1886, "households": 348}, "geometry": {"type": "Polygon", "coordinates": [[[77.03683000000001, 19.41815], [77.02818, 19.42079], [77.02931000000001, 19.42789], [77.03098, 19.43881], [77.03558000000001, 19.444650000000003], [77.03686, 19.446450000000002], [77.03808000000001, 19.44771], [77.04411, 19.444300000000002], [77.05419, 19.44346], [77.05729000000001, 19.44134], [77.05071000000001, 19.434340000000002], [77.04414000000001, 19.423720000000003], [77.04310000000001, 19.418120000000002], [77.03683000000001, 19.41815]]]}}, {"id": "78", "type": "Feature", "properties": {"village_name": "Aral", "vil_lgd": 546278, "district_name": "Hingoli", "dist_lgd": 477, "subdistrict_name": "Basmath", "sdcode": 4115, "block_name": "Basmath", "block_lgd": 166, "gp_name": "", "state_name": "MAHARASHTRA", "state_lgd": 27, "population": 3384, "households": 645}, "geometry": {"type": "Polygon", "coordinates": [[[77.01946000000001, 19.33348], [77.00297, 19.33407], [76.99763, 19.33498], [76.99771000000001, 19.343880000000002], [76.99362, 19.35019], [76.99210000000001, 19.35612], [77.00280000000001, 19.35398], [77.00489, 19.355770000000003], [77.00599000000001, 19.359530000000003], [77.02089000000001, 19.35518], [77.01946000000001, 19.33348]]]}}, {"id": "79", "type": "Feature", "properties": {"village_name": "Kallavi", "vil_lgd": 546368, "district_name": "Hingoli", "dist_lgd": 477, "subdistrict_name": "Basmath", "sdcode": 4115, "block_name": "Basmath", "block_lgd": 166, "gp_name": "", "state_name": "MAHARASHTRA", "state_lgd": 27, "population": 125, "households": 27}, "geometry": {"type": "Polygon", "coordinates": [[[77.1496, 19.35284], [77.14734, 19.35679], [77.14714000000001, 19.360870000000002], [77.14885000000001, 19.36494], [77.15115, 19.367510000000003], [77.15484000000001, 19.371640000000003], [77.15679, 19.3732], [77.15987000000001, 19.37396], [77.16641000000001, 19.372790000000002], [77.16598, 19.366030000000002], [77.16375000000001, 19.360390000000002], [77.15960000000001, 19.35405], [77.1496, 19.35284]]]}}, {"id": "80", "type": "Feature", "properties": {"village_name": "Wadgaon Tarf Jawala", "vil_lgd": 546261, "district_name": "Hingoli", "dist_lgd": 477, "subdistrict_name": "Kalamnuri", "sdcode": 4114, "block_name": "Kalamnuri", "block_lgd": 165, "gp_name": "", "state_name": "MAHARASHTRA", "state_lgd": 27, "population": 2122, "households": 389}, "geometry": {"type": "Polygon", "coordinates": [[[77.32052, 19.371630000000003], [77.31369000000001, 19.37496], [77.31083000000001, 19.377940000000002], [77.30892, 19.381870000000003], [77.30947, 19.38831], [77.31122, 19.39072], [77.3271, 19.3886], [77.32859, 19.388370000000002], [77.33127, 19.385060000000003], [77.33158, 19.37965], [77.32872, 19.37516], [77.32416, 19.37281], [77.32052, 19.371630000000003]]]}}, {"id": "81", "type": "Feature", "properties": {"village_name": "Girgaon", "vil_lgd": 546391, "district_name": "Hingoli", "dist_lgd": 477, "subdistrict_name": "Basmath", "sdcode": 4115, "block_name": "Basmath", "block_lgd": 166, "gp_name": "", "state_name": "MAHARASHTRA", "state_lgd": 27, "population": 9605, "households": 1798}, "geometry": {"type": "Polygon", "coordinates": [[[77.30892, 19.381870000000003], [77.31083000000001, 19.377940000000002], [77.30891000000001, 19.372950000000003], [77.30884, 19.370070000000002], [77.31057000000001, 19.358060000000002], [77.31201, 19.35547], [77.31163000000001, 19.349030000000003], [77.31289000000001, 19.346510000000002], [77.31247, 19.33999], [77.3097, 19.33024], [77.30133000000001, 19.332790000000003], [77.29765, 19.32827], [77.29429, 19.328390000000002], [77.28907000000001, 19.32629], [77.28078000000001, 19.326400000000003], [77.28064, 19.316290000000002], [77.26780000000001, 19.31602], [77.26422000000001, 19.315150000000003], [77.26096000000001, 19.315510000000003], [77.26153000000001, 19.316760000000002], [77.25642, 19.3183], [77.26845, 19.32874], [77.27194, 19.335240000000002], [77.27198, 19.342670000000002], [77.27175000000001, 19.34991], [77.26969000000001, 19.35594], [77.26376, 19.359450000000002], [77.26338000000001, 19.361710000000002], [77.26686000000001, 19.36815], [77.27895000000001, 19.372580000000003], [77.27804, 19.367970000000003], [77.27898, 19.366380000000003], [77.29164, 19.36693], [77.29501, 19.38183], [77.29464, 19.385050000000003], [77.29299, 19.38739], [77.30394000000001, 19.38924], [77.30947, 19.38831], [77.30892, 19.381870000000003]]]}}, {"id": "82", "type": "Feature", "properties": {"village_name": "Khajamapur", "vil_lgd": 546392, "district_name": "Hingoli", "dist_lgd": 477, "subdistrict_name": "Basmath", "sdcode": 4115, "block_name": "Basmath", "block_lgd": 166, "gp_name": "", "state_name": "MAHARASHTRA", "state_lgd": 27, "population": 245, "households": 46}, "geometry": {"type": "Polygon", "coordinates": [[[77.27898, 19.366380000000003], [77.27804, 19.367970000000003], [77.27895000000001, 19.372580000000003], [77.28145, 19.3856], [77.28497, 19.386740000000003], [77.29299, 19.38739], [77.29464, 19.385050000000003], [77.29501, 19.38183], [77.29164, 19.36693], [77.27898, 19.366380000000003]]]}}, {"id": "83", "type": "Feature", "properties": {"village_name": "Telgaon", "vil_lgd": 546279, "district_name": "Hingoli", "dist_lgd": 477, "subdistrict_name": "Basmath", "sdcode": 4115, "block_name": "Basmath", "block_lgd": 166, "gp_name": "", "state_name": "MAHARASHTRA", "state_lgd": 27, "population": 997, "households": 225}, "geometry": {"type": "Polygon", "coordinates": [[[77.01946000000001, 19.33348], [77.02089000000001, 19.35518], [77.02616, 19.353990000000003], [77.03478000000001, 19.35079], [77.04567, 19.34924], [77.03296, 19.33912], [77.03221, 19.335690000000003], [77.02757000000001, 19.33547], [77.02420000000001, 19.33357], [77.01946000000001, 19.33348]]]}}, {"id": "84", "type": "Feature", "properties": {"village_name": "Loleshwar", "vil_lgd": 546305, "district_name": "Hingoli", "dist_lgd": 477, "subdistrict_name": "Basmath", "sdcode": 4115, "block_name": "Basmath", "block_lgd": 166, "gp_name": "", "state_name": "MAHARASHTRA", "state_lgd": 27, "population": 850, "households": 154}, "geometry": {"type": "Polygon", "coordinates": [[[77.09414000000001, 19.381520000000002], [77.09434, 19.3896], [77.09639, 19.39771], [77.09870000000001, 19.39762], [77.10155, 19.397340000000003], [77.11458, 19.392940000000003], [77.11255000000001, 19.387960000000003], [77.11169000000001, 19.383000000000003], [77.10991, 19.38129], [77.09414000000001, 19.381520000000002]]]}}, {"id": "85", "type": "Feature", "properties": {"village_name": "Ranjala", "vil_lgd": 546086, "district_name": "Hingoli", "dist_lgd": 477, "subdistrict_name": "Aundha (Nagnath)", "sdcode": 4113, "block_name": "Aundha (Nagnath)", "block_lgd": 164, "gp_name": "", "state_name": "MAHARASHTRA", "state_lgd": 27, "population": 1603, "households": 312}, "geometry": {"type": "Polygon", "coordinates": [[[77.03098, 19.43881], [77.02931000000001, 19.42789], [77.01806, 19.43074], [76.99940000000001, 19.42996], [76.9912, 19.431710000000002], [76.99225000000001, 19.44116], [76.9945, 19.44085], [76.99661, 19.44181], [77.00192000000001, 19.45445], [77.01065000000001, 19.457420000000003], [77.01251, 19.45726], [77.01490000000001, 19.454790000000003], [77.02286000000001, 19.452540000000003], [77.0351, 19.446720000000003], [77.03558000000001, 19.444650000000003], [77.03098, 19.43881]]]}}, {"id": "86", "type": "Feature", "properties": {"village_name": "Pardi Kh", "vil_lgd": 546343, "district_name": "Hingoli", "dist_lgd": 477, "subdistrict_name": "Basmath", "sdcode": 4115, "block_name": "Basmath", "block_lgd": 166, "gp_name": "", "state_name": "MAHARASHTRA", "state_lgd": 27, "population": 2148, "households": 410}, "geometry": {"type": "Polygon", "coordinates": [[[77.281, 19.432280000000002], [77.27886000000001, 19.453020000000002], [77.28555, 19.454720000000002], [77.29201, 19.45867], [77.30133000000001, 19.47164], [77.30685000000001, 19.465310000000002], [77.30973, 19.459670000000003], [77.31007000000001, 19.45605], [77.30724000000001, 19.44368], [77.30757000000001, 19.43701], [77.28808000000001, 19.43343], [77.281, 19.432280000000002]]]}}, {"id": "87", "type": "Feature", "properties": {"village_name": "Waghi", "vil_lgd": 546297, "district_name": "Hingoli", "dist_lgd": 477, "subdistrict_name": "Basmath", "sdcode": 4115, "block_name": "Basmath", "block_lgd": 166, "gp_name": "", "state_name": "MAHARASHTRA", "state_lgd": 27, "population": 1064, "households": 210}, "geometry": {"type": "Polygon", "coordinates": [[[77.13059000000001, 19.432270000000003], [77.12352000000001, 19.43241], [77.12114000000001, 19.43118], [77.12105000000001, 19.434540000000002], [77.11734000000001, 19.43774], [77.11324, 19.4389], [77.10874000000001, 19.442950000000003], [77.10501000000001, 19.447850000000003], [77.11024, 19.450580000000002], [77.12799000000001, 19.44348], [77.1327, 19.439300000000003], [77.13525000000001, 19.43344], [77.135, 19.43328], [77.13059000000001, 19.432270000000003]]]}}, {"id": "88", "type": "Feature", "properties": {"village_name": "Kurunda", "vil_lgd": 546345, "district_name": "Hingoli", "dist_lgd": 477, "subdistrict_name": "Basmath", "sdcode": 4115, "block_name": "Basmath", "block_lgd": 166, "gp_name": "", "state_name": "MAHARASHTRA", "state_lgd": 27, "population": 12323, "households": 2281}, "geometry": {"type": "Polygon", "coordinates": [[[77.24981000000001, 19.455340000000003], [77.26371, 19.45429], [77.27886000000001, 19.453020000000002], [77.281, 19.432280000000002], [77.28131, 19.425150000000002], [77.27815000000001, 19.41553], [77.27842000000001, 19.41411], [77.28069, 19.41158], [77.28173000000001, 19.40644], [77.26429, 19.413240000000002], [77.26138, 19.41297], [77.26057, 19.41214], [77.25853000000001, 19.405540000000002], [77.22804000000001, 19.404400000000003], [77.2261, 19.40641], [77.22302, 19.40737], [77.21476000000001, 19.407700000000002], [77.21442, 19.41648], [77.21624000000001, 19.420900000000003], [77.21348, 19.42613], [77.21362, 19.428630000000002], [77.21952, 19.44591], [77.21835, 19.44923], [77.21384, 19.44932], [77.21347, 19.46038], [77.21938, 19.45908], [77.23205, 19.45463], [77.24981000000001, 19.455340000000003]]]}}, {"id": "89", "type": "Feature", "properties": {"village_name": "Korta", "vil_lgd": 546355, "district_name": "Hingoli", "dist_lgd": 477, "subdistrict_name": "Basmath", "sdcode": 4115, "block_name": "Basmath", "block_lgd": 166, "gp_name": "", "state_name": "MAHARASHTRA", "state_lgd": 27, "population": 1674, "households": 261}, "geometry": {"type": "Polygon", "coordinates": [[[77.18637000000001, 19.45342], [77.18570000000001, 19.4475], [77.1862, 19.44426], [77.19084000000001, 19.44537], [77.19718, 19.443920000000002], [77.19901, 19.441640000000003], [77.19590000000001, 19.42812], [77.19513, 19.42132], [77.18687000000001, 19.420370000000002], [77.17801, 19.418290000000002], [77.17569, 19.42012], [77.16864000000001, 19.419870000000003], [77.1688, 19.426280000000002], [77.17179, 19.433380000000003], [77.17261, 19.43805], [77.17077, 19.44431], [77.16292, 19.44462], [77.16486, 19.455260000000003], [77.17184, 19.455370000000002], [77.18637000000001, 19.45342]]]}}, {"id": "90", "type": "Feature", "properties": {"village_name": "Hiradgaon", "vil_lgd": 546296, "district_name": "Hingoli", "dist_lgd": 477, "subdistrict_name": "Basmath", "sdcode": 4115, "block_name": "Basmath", "block_lgd": 166, "gp_name": "", "state_name": "MAHARASHTRA", "state_lgd": 27, "population": 782, "households": 168}, "geometry": {"type": "Polygon", "coordinates": [[[77.10745, 19.419150000000002], [77.10155, 19.42284], [77.0955, 19.423830000000002], [77.09366, 19.42528], [77.09407, 19.42885], [77.09898000000001, 19.44011], [77.10147, 19.44425], [77.10501000000001, 19.447850000000003], [77.10874000000001, 19.442950000000003], [77.11324, 19.4389], [77.11734000000001, 19.43774], [77.12105000000001, 19.434540000000002], [77.12114000000001, 19.43118], [77.11514000000001, 19.42122], [77.10745, 19.419150000000002]]]}}, {"id": "91", "type": "Feature", "properties": {"village_name": "Dabhadi", "vil_lgd": 546388, "district_name": "Hingoli", "dist_lgd": 477, "subdistrict_name": "Basmath", "sdcode": 4115, "block_name": "Basmath", "block_lgd": 166, "gp_name": "", "state_name": "MAHARASHTRA", "state_lgd": 27, "population": 990, "households": 192}, "geometry": {"type": "Polygon", "coordinates": [[[77.27992, 19.39232], [77.27269000000001, 19.39279], [77.2642, 19.391430000000003], [77.2557, 19.3911], [77.25349, 19.39166], [77.25849000000001, 19.40321], [77.25853000000001, 19.405540000000002], [77.26057, 19.41214], [77.26138, 19.41297], [77.26429, 19.413240000000002], [77.28173000000001, 19.40644], [77.28154, 19.402420000000003], [77.28026000000001, 19.398220000000002], [77.27992, 19.39232]]]}}, {"id": "92", "type": "Feature", "properties": {"village_name": "Nagapur", "vil_lgd": 546294, "district_name": "Hingoli", "dist_lgd": 477, "subdistrict_name": "Basmath", "sdcode": 4115, "block_name": "Basmath", "block_lgd": 166, "gp_name": "", "state_name": "MAHARASHTRA", "state_lgd": 27, "population": 551, "households": 115}, "geometry": {"type": "Polygon", "coordinates": [[[77.05628, 19.4157], [77.04310000000001, 19.418120000000002], [77.04414000000001, 19.423720000000003], [77.05071000000001, 19.434340000000002], [77.05729000000001, 19.44134], [77.06312000000001, 19.43858], [77.06127000000001, 19.43298], [77.0612, 19.42549], [77.05823000000001, 19.41889], [77.05628, 19.4157]]]}}, {"id": "93", "type": "Feature", "properties": {"village_name": "Nahad", "vil_lgd": 546295, "district_name": "Hingoli", "dist_lgd": 477, "subdistrict_name": "Basmath", "sdcode": 4115, "block_name": "Basmath", "block_lgd": 166, "gp_name": "", "state_name": "MAHARASHTRA", "state_lgd": 27, "population": 2063, "households": 402}, "geometry": {"type": "Polygon", "coordinates": [[[77.08457, 19.41263], [77.08303000000001, 19.41262], [77.07012, 19.413410000000002], [77.06230000000001, 19.41121], [77.06068, 19.41428], [77.05628, 19.4157], [77.05823000000001, 19.41889], [77.0612, 19.42549], [77.06127000000001, 19.43298], [77.06312000000001, 19.43858], [77.07552000000001, 19.43389], [77.09407, 19.42885], [77.09366, 19.42528], [77.09074000000001, 19.42408], [77.08639000000001, 19.42023], [77.08457, 19.41263]]]}}, {"id": "94", "type": "Feature", "properties": {"village_name": "Gunda", "vil_lgd": 546268, "district_name": "Hingoli", "dist_lgd": 477, "subdistrict_name": "Basmath", "sdcode": 4115, "block_name": "Basmath", "block_lgd": 166, "gp_name": "", "state_name": "MAHARASHTRA", "state_lgd": 27, "population": 2912, "households": 540}, "geometry": {"type": "Polygon", "coordinates": [[[77.01806, 19.43074], [77.02931000000001, 19.42789], [77.02818, 19.42079], [77.02641000000001, 19.419], [77.02596000000001, 19.414450000000002], [77.01158000000001, 19.41006], [77.00514000000001, 19.40972], [76.99456, 19.412460000000003], [76.98864, 19.41485], [76.98821000000001, 19.42182], [76.99093, 19.42498], [76.9912, 19.431710000000002], [76.99940000000001, 19.42996], [77.01806, 19.43074]]]}}, {"id": "95", "type": "Feature", "properties": {"village_name": "Rameshwar Tanda", "vil_lgd": 546246, "district_name": "Hingoli", "dist_lgd": 477, "subdistrict_name": "Kalamnuri", "sdcode": 4114, "block_name": "Kalamnuri", "block_lgd": 165, "gp_name": "", "state_name": "MAHARASHTRA", "state_lgd": 27, "population": 1431, "households": 272}, "geometry": {"type": "Polygon", "coordinates": [[[77.34708, 19.42135], [77.34512000000001, 19.425430000000002], [77.34005, 19.42744], [77.34047000000001, 19.431240000000003], [77.32946000000001, 19.432850000000002], [77.32516000000001, 19.43579], [77.32728, 19.44106], [77.32968000000001, 19.44416], [77.33483000000001, 19.45861], [77.33609000000001, 19.465760000000003], [77.35583000000001, 19.455270000000002], [77.36042, 19.4537], [77.36003000000001, 19.443800000000003], [77.35383, 19.43418], [77.35078, 19.426920000000003], [77.34708, 19.42135]]]}}, {"id": "96", "type": "Feature", "properties": {"village_name": "Wartala", "vil_lgd": 546347, "district_name": "Hingoli", "dist_lgd": 477, "subdistrict_name": "Basmath", "sdcode": 4115, "block_name": "Basmath", "block_lgd": 166, "gp_name": "", "state_name": "MAHARASHTRA", "state_lgd": 27, "population": 470, "households": 91}, "geometry": {"type": "Polygon", "coordinates": [[[77.19513, 19.42132], [77.19590000000001, 19.42812], [77.19901, 19.441640000000003], [77.21384, 19.44932], [77.21835, 19.44923], [77.21952, 19.44591], [77.21362, 19.428630000000002], [77.20665000000001, 19.426840000000002], [77.19922000000001, 19.422210000000003], [77.19629, 19.42152], [77.19513, 19.42132]]]}}, {"id": "97", "type": "Feature", "properties": {"village_name": "Pangra Tarf Dhamangaon", "vil_lgd": 546357, "district_name": "Hingoli", "dist_lgd": 477, "subdistrict_name": "Basmath", "sdcode": 4115, "block_name": "Basmath", "block_lgd": 166, "gp_name": "", "state_name": "MAHARASHTRA", "state_lgd": 27, "population": 1681, "households": 302}, "geometry": {"type": "Polygon", "coordinates": [[[77.13844, 19.407690000000002], [77.13475000000001, 19.40419], [77.12363, 19.415090000000003], [77.12033000000001, 19.41815], [77.11514000000001, 19.42122], [77.12114000000001, 19.43118], [77.12352000000001, 19.43241], [77.13059000000001, 19.432270000000003], [77.135, 19.43328], [77.13525000000001, 19.43344], [77.14124000000001, 19.41721], [77.14255, 19.415470000000003], [77.13844, 19.407690000000002]]]}}, {"id": "98", "type": "Feature", "properties": {"village_name": "Tondapur", "vil_lgd": 546236, "district_name": "Hingoli", "dist_lgd": 477, "subdistrict_name": "Kalamnuri", "sdcode": 4114, "block_name": "Kalamnuri", "block_lgd": 165, "gp_name": "", "state_name": "MAHARASHTRA", "state_lgd": 27, "population": 2942, "households": 592}, "geometry": {"type": "Polygon", "coordinates": [[[77.40941000000001, 19.4572], [77.41907, 19.45842], [77.41779000000001, 19.454530000000002], [77.41614000000001, 19.44863], [77.41713, 19.43981], [77.41434000000001, 19.43539], [77.41496000000001, 19.429260000000003], [77.41228000000001, 19.42657], [77.40981000000001, 19.422320000000003], [77.40218, 19.424770000000002], [77.39064, 19.430480000000003], [77.38071000000001, 19.43729], [77.38653000000001, 19.44836], [77.38769, 19.45062], [77.38987, 19.45538], [77.39349, 19.459010000000003], [77.40174, 19.45917], [77.40941000000001, 19.4572]]]}}, {"id": "99", "type": "Feature", "properties": {"village_name": "Karanji", "vil_lgd": 546269, "district_name": "Hingoli", "dist_lgd": 477, "subdistrict_name": "Basmath", "sdcode": 4115, "block_name": "Basmath", "block_lgd": 166, "gp_name": "", "state_name": "MAHARASHTRA", "state_lgd": 27, "population": 1523, "households": 322}, "geometry": {"type": "Polygon", "coordinates": [[[77.04310000000001, 19.418120000000002], [77.05628, 19.4157], [77.06068, 19.41428], [77.06230000000001, 19.41121], [77.05872000000001, 19.40831], [77.05795, 19.402710000000003], [77.05369, 19.40283], [77.02738000000001, 19.407700000000002], [77.02596000000001, 19.414450000000002], [77.02641000000001, 19.419], [77.02818, 19.42079], [77.03683000000001, 19.41815], [77.04310000000001, 19.418120000000002]]]}}, {"id": "100", "type": "Feature", "properties": {"village_name": "Guldalwadi", "vil_lgd": 546247, "district_name": "Hingoli", "dist_lgd": 477, "subdistrict_name": "Kalamnuri", "sdcode": 4114, "block_name": "Kalamnuri", "block_lgd": 165, "gp_name": "", "state_name": "MAHARASHTRA", "state_lgd": 27, "population": 1097, "households": 229}, "geometry": {"type": "Polygon", "coordinates": [[[77.36895000000001, 19.44471], [77.37920000000001, 19.448960000000003], [77.38653000000001, 19.44836], [77.38071000000001, 19.43729], [77.37733, 19.43755], [77.3738, 19.436040000000002], [77.36893, 19.427970000000002], [77.36556, 19.425880000000003], [77.36395, 19.42107], [77.35952, 19.40802], [77.35796, 19.39901], [77.35728, 19.397190000000002], [77.35143000000001, 19.39655], [77.35050000000001, 19.39723], [77.34826000000001, 19.4037], [77.34406000000001, 19.40754], [77.34296, 19.409670000000002], [77.343, 19.41212], [77.34708, 19.42135], [77.35078, 19.426920000000003], [77.35383, 19.43418], [77.36003000000001, 19.443800000000003], [77.36042, 19.4537], [77.36194, 19.452340000000003], [77.36512, 19.44566], [77.36621000000001, 19.44515], [77.36895000000001, 19.44471]]]}}, {"id": "101", "type": "Feature", "properties": {"village_name": "Puyani Bk", "vil_lgd": 546299, "district_name": "Hingoli", "dist_lgd": 477, "subdistrict_name": "Basmath", "sdcode": 4115, "block_name": "Basmath", "block_lgd": 166, "gp_name": "", "state_name": "MAHARASHTRA", "state_lgd": 27, "population": 1183, "households": 215}, "geometry": {"type": "Polygon", "coordinates": [[[77.10381000000001, 19.40809], [77.10339, 19.4051], [77.09974000000001, 19.401190000000003], [77.09870000000001, 19.39762], [77.09639, 19.39771], [77.09307000000001, 19.398480000000003], [77.08629, 19.404690000000002], [77.08303000000001, 19.41262], [77.08457, 19.41263], [77.08639000000001, 19.42023], [77.09074000000001, 19.42408], [77.09366, 19.42528], [77.0955, 19.423830000000002], [77.10155, 19.42284], [77.10745, 19.419150000000002], [77.10544, 19.41504], [77.10381000000001, 19.40809]]]}}, {"id": "102", "type": "Feature", "properties": {"village_name": "Kalamba", "vil_lgd": 546271, "district_name": "Hingoli", "dist_lgd": 477, "subdistrict_name": "Basmath", "sdcode": 4115, "block_name": "Basmath", "block_lgd": 166, "gp_name": "", "state_name": "MAHARASHTRA", "state_lgd": 27, "population": 1380, "households": 254}, "geometry": {"type": "Polygon", "coordinates": [[[77.01158000000001, 19.41006], [77.02596000000001, 19.414450000000002], [77.02738000000001, 19.407700000000002], [77.02711000000001, 19.40267], [77.02390000000001, 19.39396], [77.00976, 19.3902], [77.00624, 19.38998], [76.99159, 19.39243], [76.98892000000001, 19.39186], [76.98968, 19.399430000000002], [76.98893000000001, 19.403750000000002], [76.98476000000001, 19.411730000000002], [76.98396000000001, 19.414720000000003], [76.98864, 19.41485], [76.99456, 19.412460000000003], [77.00514000000001, 19.40972], [77.01158000000001, 19.41006]]]}}, {"id": "103", "type": "Feature", "properties": {"village_name": "Mahmadapurwadi", "vil_lgd": 546363, "district_name": "Hingoli", "dist_lgd": 477, "subdistrict_name": "Basmath", "sdcode": 4115, "block_name": "Basmath", "block_lgd": 166, "gp_name": "", "state_name": "MAHARASHTRA", "state_lgd": 27, "population": 634, "households": 105}, "geometry": {"type": "Polygon", "coordinates": [[[77.20280000000001, 19.38748], [77.20466, 19.39139], [77.20875000000001, 19.395290000000003], [77.21357, 19.403290000000002], [77.21476000000001, 19.407700000000002], [77.22302, 19.40737], [77.2261, 19.40641], [77.22804000000001, 19.404400000000003], [77.22769000000001, 19.40022], [77.22476, 19.39496], [77.22271, 19.391260000000003], [77.21892000000001, 19.38802], [77.21396, 19.386740000000003], [77.20280000000001, 19.38748]]]}}, {"id": "104", "type": "Feature", "properties": {"village_name": "Waranga Phata", "vil_lgd": 546250, "district_name": "Hingoli", "dist_lgd": 477, "subdistrict_name": "Kalamnuri", "sdcode": 4114, "block_name": "Kalamnuri", "block_lgd": 165, "gp_name": "", "state_name": "MAHARASHTRA", "state_lgd": 27, "population": 4012, "households": 807}, "geometry": {"type": "Polygon", "coordinates": [[[77.42939000000001, 19.453580000000002], [77.43754000000001, 19.45212], [77.44034, 19.440610000000003], [77.44032, 19.43741], [77.43749000000001, 19.431820000000002], [77.43342000000001, 19.41289], [77.42259, 19.412650000000003], [77.41471, 19.408230000000003], [77.40907, 19.410510000000002], [77.40981000000001, 19.422320000000003], [77.41228000000001, 19.42657], [77.41496000000001, 19.429260000000003], [77.41434000000001, 19.43539], [77.41713, 19.43981], [77.41614000000001, 19.44863], [77.41779000000001, 19.454530000000002], [77.42072, 19.453650000000003], [77.42939000000001, 19.453580000000002]]]}}, {"id": "105", "type": "Feature", "properties": {"village_name": "Parwa", "vil_lgd": 546356, "district_name": "Hingoli", "dist_lgd": 477, "subdistrict_name": "Basmath", "sdcode": 4115, "block_name": "Basmath", "block_lgd": 166, "gp_name": "", "state_name": "MAHARASHTRA", "state_lgd": 27, "population": 381, "households": 77}, "geometry": {"type": "Polygon", "coordinates": [[[77.11892, 19.40755], [77.11151000000001, 19.40794], [77.10381000000001, 19.40809], [77.10544, 19.41504], [77.10745, 19.419150000000002], [77.11514000000001, 19.42122], [77.12033000000001, 19.41815], [77.12363, 19.415090000000003], [77.11952000000001, 19.40925], [77.11892, 19.40755]]]}}, {"id": "106", "type": "Feature", "properties": {"village_name": "Kudala", "vil_lgd": 546301, "district_name": "Hingoli", "dist_lgd": 477, "subdistrict_name": "Basmath", "sdcode": 4115, "block_name": "Basmath", "block_lgd": 166, "gp_name": "", "state_name": "MAHARASHTRA", "state_lgd": 27, "population": 1975, "households": 360}, "geometry": {"type": "Polygon", "coordinates": [[[77.09307000000001, 19.398480000000003], [77.07542000000001, 19.39665], [77.06960000000001, 19.39461], [77.06321000000001, 19.39732], [77.05812, 19.40098], [77.05795, 19.402710000000003], [77.05872000000001, 19.40831], [77.06230000000001, 19.41121], [77.07012, 19.413410000000002], [77.08303000000001, 19.41262], [77.08629, 19.404690000000002], [77.09307000000001, 19.398480000000003]]]}}, {"id": "107", "type": "Feature", "properties": {"village_name": "Pimprala", "vil_lgd": 546362, "district_name": "Hingoli", "dist_lgd": 477, "subdistrict_name": "Basmath", "sdcode": 4115, "block_name": "Basmath", "block_lgd": 166, "gp_name": "", "state_name": "MAHARASHTRA", "state_lgd": 27, "population": 1885, "households": 390}, "geometry": {"type": "Polygon", "coordinates": [[[77.20007000000001, 19.39715], [77.19447000000001, 19.40921], [77.19409, 19.413120000000003], [77.19513, 19.42132], [77.19629, 19.42152], [77.19922000000001, 19.422210000000003], [77.20665000000001, 19.426840000000002], [77.21362, 19.428630000000002], [77.21348, 19.42613], [77.21624000000001, 19.420900000000003], [77.21442, 19.41648], [77.21476000000001, 19.407700000000002], [77.21357, 19.403290000000002], [77.20347000000001, 19.40069], [77.20007000000001, 19.39715]]]}}, {"id": "108", "type": "Feature", "properties": {"village_name": "Sangnapur", "vil_lgd": 546270, "district_name": "Hingoli", "dist_lgd": 477, "subdistrict_name": "Basmath", "sdcode": 4115, "block_name": "Basmath", "block_lgd": 166, "gp_name": "", "state_name": "MAHARASHTRA", "state_lgd": 27, "population": 209, "households": 37}, "geometry": {"type": "Polygon", "coordinates": [[[77.05795, 19.402710000000003], [77.05812, 19.40098], [77.05608000000001, 19.3961], [77.05341, 19.392280000000003], [77.05164, 19.391340000000003], [77.03641, 19.392110000000002], [77.02390000000001, 19.39396], [77.02711000000001, 19.40267], [77.02738000000001, 19.407700000000002], [77.05369, 19.40283], [77.05795, 19.402710000000003]]]}}, {"id": "109", "type": "Feature", "properties": {"village_name": "Kanosa", "vil_lgd": 546344, "district_name": "Hingoli", "dist_lgd": 477, "subdistrict_name": "Basmath", "sdcode": 4115, "block_name": "Basmath", "block_lgd": 166, "gp_name": "", "state_name": "MAHARASHTRA", "state_lgd": 27, "population": 1048, "households": 185}, "geometry": {"type": "Polygon", "coordinates": [[[77.27815000000001, 19.41553], [77.28131, 19.425150000000002], [77.281, 19.432280000000002], [77.28808000000001, 19.43343], [77.30757000000001, 19.43701], [77.30949000000001, 19.4282], [77.30987, 19.419970000000003], [77.30341, 19.41664], [77.30124, 19.41627], [77.27815000000001, 19.41553]]]}}, {"id": "110", "type": "Feature", "properties": {"village_name": "Bhendegaon", "vil_lgd": 546360, "district_name": "Hingoli", "dist_lgd": 477, "subdistrict_name": "Basmath", "sdcode": 4115, "block_name": "Basmath", "block_lgd": 166, "gp_name": "", "state_name": "MAHARASHTRA", "state_lgd": 27, "population": 1442, "households": 243}, "geometry": {"type": "Polygon", "coordinates": [[[77.17212, 19.39056], [77.16781, 19.398770000000003], [77.16502000000001, 19.39967], [77.16548, 19.404230000000002], [77.16395, 19.414740000000002], [77.16564000000001, 19.41817], [77.16864000000001, 19.419870000000003], [77.17569, 19.42012], [77.17801, 19.418290000000002], [77.18019000000001, 19.407230000000002], [77.18195, 19.40428], [77.18609000000001, 19.40002], [77.18592000000001, 19.395570000000003], [77.18484000000001, 19.39254], [77.18063000000001, 19.390400000000003], [77.17212, 19.39056]]]}}, {"id": "111", "type": "Feature", "properties": {"village_name": "Rameshwar", "vil_lgd": 546257, "district_name": "Hingoli", "dist_lgd": 477, "subdistrict_name": "Kalamnuri", "sdcode": 4114, "block_name": "Kalamnuri", "block_lgd": 165, "gp_name": "", "state_name": "MAHARASHTRA", "state_lgd": 27, "population": 420, "households": 84}, "geometry": {"type": "Polygon", "coordinates": [[[77.33761000000001, 19.40678], [77.33566, 19.410230000000002], [77.33141, 19.41467], [77.3237, 19.416220000000003], [77.32459, 19.41879], [77.32402, 19.4265], [77.3238, 19.43241], [77.32516000000001, 19.43579], [77.32946000000001, 19.432850000000002], [77.34047000000001, 19.431240000000003], [77.34005, 19.42744], [77.34512000000001, 19.425430000000002], [77.34708, 19.42135], [77.343, 19.41212], [77.33761000000001, 19.40678]]]}}, {"id": "112", "type": "Feature", "properties": {"village_name": "Mahagaon", "vil_lgd": 546361, "district_name": "Hingoli", "dist_lgd": 477, "subdistrict_name": "Basmath", "sdcode": 4115, "block_name": "Basmath", "block_lgd": 166, "gp_name": "", "state_name": "MAHARASHTRA", "state_lgd": 27, "population": 1171, "households": 206}, "geometry": {"type": "Polygon", "coordinates": [[[77.19872000000001, 19.39442], [77.19081000000001, 19.395780000000002], [77.18592000000001, 19.395570000000003], [77.18609000000001, 19.40002], [77.18195, 19.40428], [77.18019000000001, 19.407230000000002], [77.17801, 19.418290000000002], [77.18687000000001, 19.420370000000002], [77.19513, 19.42132], [77.19409, 19.413120000000003], [77.19447000000001, 19.40921], [77.20007000000001, 19.39715], [77.19872000000001, 19.39442]]]}}, {"id": "113", "type": "Feature", "properties": {"village_name": "Dhamangaon", "vil_lgd": 546359, "district_name": "Hingoli", "dist_lgd": 477, "subdistrict_name": "Basmath", "sdcode": 4115, "block_name": "Basmath", "block_lgd": 166, "gp_name": "", "state_name": "MAHARASHTRA", "state_lgd": 27, "population": 2175, "households": 382}, "geometry": {"type": "Polygon", "coordinates": [[[77.16395, 19.414740000000002], [77.16548, 19.404230000000002], [77.16502000000001, 19.39967], [77.16119, 19.39318], [77.15469, 19.39038], [77.14416, 19.396790000000003], [77.13475000000001, 19.40419], [77.13844, 19.407690000000002], [77.14255, 19.415470000000003], [77.14369, 19.414140000000003], [77.14631, 19.413300000000003], [77.16395, 19.414740000000002]]]}}, {"id": "114", "type": "Feature", "properties": {"village_name": "Jamgavhan", "vil_lgd": 546248, "district_name": "Hingoli", "dist_lgd": 477, "subdistrict_name": "Kalamnuri", "sdcode": 4114, "block_name": "Kalamnuri", "block_lgd": 165, "gp_name": "", "state_name": "MAHARASHTRA", "state_lgd": 27, "population": 1823, "households": 269}, "geometry": {"type": "Polygon", "coordinates": [[[77.40907, 19.410510000000002], [77.40652, 19.407890000000002], [77.40372, 19.40662], [77.40099000000001, 19.40848], [77.39871000000001, 19.408920000000002], [77.39225, 19.40794], [77.38681000000001, 19.412180000000003], [77.37425, 19.41964], [77.37047000000001, 19.420900000000003], [77.36395, 19.42107], [77.36556, 19.425880000000003], [77.36893, 19.427970000000002], [77.3738, 19.436040000000002], [77.37733, 19.43755], [77.38071000000001, 19.43729], [77.39064, 19.430480000000003], [77.40218, 19.424770000000002], [77.40981000000001, 19.422320000000003], [77.40907, 19.410510000000002]]]}}, {"id": "115", "type": "Feature", "properties": {"village_name": "Puyani Kh", "vil_lgd": 546300, "district_name": "Hingoli", "dist_lgd": 477, "subdistrict_name": "Basmath", "sdcode": 4115, "block_name": "Basmath", "block_lgd": 166, "gp_name": "", "state_name": "MAHARASHTRA", "state_lgd": 27, "population": 775, "households": 158}, "geometry": {"type": "Polygon", "coordinates": [[[77.11892, 19.40755], [77.11672, 19.3926], [77.11458, 19.392940000000003], [77.10155, 19.397340000000003], [77.09870000000001, 19.39762], [77.09974000000001, 19.401190000000003], [77.10339, 19.4051], [77.10381000000001, 19.40809], [77.11151000000001, 19.40794], [77.11892, 19.40755]]]}}, {"id": "116", "type": "Feature", "properties": {"village_name": "Wiregaon", "vil_lgd": 546303, "district_name": "Hingoli", "dist_lgd": 477, "subdistrict_name": "Basmath", "sdcode": 4115, "block_name": "Basmath", "block_lgd": 166, "gp_name": "", "state_name": "MAHARASHTRA", "state_lgd": 27, "population": 2194, "households": 402}, "geometry": {"type": "Polygon", "coordinates": [[[77.06829, 19.38587], [77.06484, 19.37948], [77.06513000000001, 19.37562], [77.05121000000001, 19.373920000000002], [77.03709, 19.374470000000002], [77.03841000000001, 19.377270000000003], [77.03835000000001, 19.379540000000002], [77.0377, 19.387620000000002], [77.03641, 19.392110000000002], [77.05164, 19.391340000000003], [77.05341, 19.392280000000003], [77.05608000000001, 19.3961], [77.05812, 19.40098], [77.06321000000001, 19.39732], [77.06960000000001, 19.39461], [77.07016, 19.39205], [77.06829, 19.38587]]]}}, {"id": "117", "type": "Feature", "properties": {"village_name": "Digras Bk", "vil_lgd": 546258, "district_name": "Hingoli", "dist_lgd": 477, "subdistrict_name": "Kalamnuri", "sdcode": 4114, "block_name": "Kalamnuri", "block_lgd": 165, "gp_name": "", "state_name": "MAHARASHTRA", "state_lgd": 27, "population": 1964, "households": 370}, "geometry": {"type": "Polygon", "coordinates": [[[77.31513000000001, 19.41063], [77.31345, 19.413520000000002], [77.31043000000001, 19.41627], [77.30987, 19.419970000000003], [77.30949000000001, 19.4282], [77.31462, 19.428440000000002], [77.32402, 19.4265], [77.32459, 19.41879], [77.3237, 19.416220000000003], [77.31880000000001, 19.412080000000003], [77.31513000000001, 19.41063]]]}}, {"id": "118", "type": "Feature", "properties": {"village_name": "Darephal", "vil_lgd": 546302, "district_name": "Hingoli", "dist_lgd": 477, "subdistrict_name": "Basmath", "sdcode": 4115, "block_name": "Basmath", "block_lgd": 166, "gp_name": "", "state_name": "MAHARASHTRA", "state_lgd": 27, "population": 2839, "households": 551}, "geometry": {"type": "Polygon", "coordinates": [[[77.0377, 19.387620000000002], [77.03835000000001, 19.379540000000002], [77.03841000000001, 19.377270000000003], [77.03709, 19.374470000000002], [77.03541000000001, 19.373420000000003], [77.02797000000001, 19.374460000000003], [77.00794, 19.3795], [77.00800000000001, 19.38351], [77.00624, 19.38998], [77.00976, 19.3902], [77.02390000000001, 19.39396], [77.03641, 19.392110000000002], [77.0377, 19.387620000000002]]]}}, {"id": "119", "type": "Feature", "properties": {"village_name": "Barepurwadi", "vil_lgd": 546367, "district_name": "Hingoli", "dist_lgd": 477, "subdistrict_name": "Basmath", "sdcode": 4115, "block_name": "Basmath", "block_lgd": 166, "gp_name": "", "state_name": "MAHARASHTRA", "state_lgd": 27, "population": 774, "households": 172}, "geometry": {"type": "Polygon", "coordinates": [[[77.1524, 19.386760000000002], [77.15026, 19.38493], [77.13783000000001, 19.381680000000003], [77.1362, 19.382170000000002], [77.12846, 19.39007], [77.12648, 19.39086], [77.13211000000001, 19.40156], [77.13475000000001, 19.40419], [77.14416, 19.396790000000003], [77.15469, 19.39038], [77.1524, 19.386760000000002]]]}}, {"id": "120", "type": "Feature", "properties": {"village_name": "Tembhurni", "vil_lgd": 546304, "district_name": "Hingoli", "dist_lgd": 477, "subdistrict_name": "Basmath", "sdcode": 4115, "block_name": "Basmath", "block_lgd": 166, "gp_name": "", "state_name": "MAHARASHTRA", "state_lgd": 27, "population": 2787, "households": 501}, "geometry": {"type": "Polygon", "coordinates": [[[77.09421, 19.366690000000002], [77.08881000000001, 19.372770000000003], [77.08731, 19.378480000000003], [77.08632, 19.378020000000003], [77.08611, 19.380110000000002], [77.07976000000001, 19.38016], [77.06829, 19.38587], [77.07016, 19.39205], [77.06960000000001, 19.39461], [77.07542000000001, 19.39665], [77.09307000000001, 19.398480000000003], [77.09639, 19.39771], [77.09434, 19.3896], [77.09414000000001, 19.381520000000002], [77.09421, 19.366690000000002]]]}}, {"id": "121", "type": "Feature", "properties": {"village_name": "Pardi Bk", "vil_lgd": 546389, "district_name": "Hingoli", "dist_lgd": 477, "subdistrict_name": "Basmath", "sdcode": 4115, "block_name": "Basmath", "block_lgd": 166, "gp_name": "", "state_name": "MAHARASHTRA", "state_lgd": 27, "population": 2772, "households": 522}, "geometry": {"type": "Polygon", "coordinates": [[[77.31345, 19.413520000000002], [77.31513000000001, 19.41063], [77.31571000000001, 19.40567], [77.31372, 19.401000000000003], [77.31257000000001, 19.39365], [77.31122, 19.39072], [77.30947, 19.38831], [77.30394000000001, 19.38924], [77.29299, 19.38739], [77.28497, 19.386740000000003], [77.28145, 19.3856], [77.28029000000001, 19.38755], [77.27992, 19.39232], [77.28026000000001, 19.398220000000002], [77.28154, 19.402420000000003], [77.28173000000001, 19.40644], [77.28069, 19.41158], [77.27842000000001, 19.41411], [77.27815000000001, 19.41553], [77.30124, 19.41627], [77.30341, 19.41664], [77.30987, 19.419970000000003], [77.31043000000001, 19.41627], [77.31345, 19.413520000000002]]]}}, {"id": "122", "type": "Feature", "properties": {"village_name": "Sukliveer", "vil_lgd": 546255, "district_name": "Hingoli", "dist_lgd": 477, "subdistrict_name": "Kalamnuri", "sdcode": 4114, "block_name": "Kalamnuri", "block_lgd": 165, "gp_name": "", "state_name": "MAHARASHTRA", "state_lgd": 27, "population": 2627, "households": 500}, "geometry": {"type": "Polygon", "coordinates": [[[77.37471000000001, 19.38851], [77.37087000000001, 19.38886], [77.36723, 19.39048], [77.36664, 19.39412], [77.35796, 19.39901], [77.35952, 19.40802], [77.36395, 19.42107], [77.37047000000001, 19.420900000000003], [77.37425, 19.41964], [77.38681000000001, 19.412180000000003], [77.39225, 19.40794], [77.39775, 19.40368], [77.39581000000001, 19.401870000000002], [77.39036, 19.39141], [77.38115, 19.38879], [77.37471000000001, 19.38851]]]}}, {"id": "123", "type": "Feature", "properties": {"village_name": "Mhatargaon", "vil_lgd": 546366, "district_name": "Hingoli", "dist_lgd": 477, "subdistrict_name": "Basmath", "sdcode": 4115, "block_name": "Basmath", "block_lgd": 166, "gp_name": "", "state_name": "MAHARASHTRA", "state_lgd": 27, "population": 1706, "households": 307}, "geometry": {"type": "Polygon", "coordinates": [[[77.16641000000001, 19.372790000000002], [77.15987000000001, 19.37396], [77.1586, 19.378320000000002], [77.15578000000001, 19.38135], [77.15026, 19.38493], [77.1524, 19.386760000000002], [77.15469, 19.39038], [77.16119, 19.39318], [77.16502000000001, 19.39967], [77.16781, 19.398770000000003], [77.17212, 19.39056], [77.17471, 19.384880000000003], [77.17505000000001, 19.378690000000002], [77.17302000000001, 19.37594], [77.16763, 19.3732], [77.16641000000001, 19.372790000000002]]]}}, {"id": "124", "type": "Feature", "properties": {"village_name": "Salapur", "vil_lgd": 546259, "district_name": "Hingoli", "dist_lgd": 477, "subdistrict_name": "Kalamnuri", "sdcode": 4114, "block_name": "Kalamnuri", "block_lgd": 165, "gp_name": "", "state_name": "MAHARASHTRA", "state_lgd": 27, "population": 733, "households": 138}, "geometry": {"type": "Polygon", "coordinates": [[[77.3335, 19.40164], [77.32294, 19.40446], [77.31755000000001, 19.40437], [77.31571000000001, 19.40567], [77.31513000000001, 19.41063], [77.31880000000001, 19.412080000000003], [77.3237, 19.416220000000003], [77.33141, 19.41467], [77.33566, 19.410230000000002], [77.33761000000001, 19.40678], [77.33678, 19.405810000000002], [77.3335, 19.40164]]]}}, {"id": "125", "type": "Feature", "properties": {"village_name": "Akoli", "vil_lgd": 546306, "district_name": "Hingoli", "dist_lgd": 477, "subdistrict_name": "Basmath", "sdcode": 4115, "block_name": "Basmath", "block_lgd": 166, "gp_name": "", "state_name": "MAHARASHTRA", "state_lgd": 27, "population": 2487, "households": 500}, "geometry": {"type": "Polygon", "coordinates": [[[77.12309, 19.35508], [77.12032, 19.35657], [77.11714, 19.35678], [77.11875, 19.36129], [77.11821, 19.36372], [77.11734000000001, 19.364980000000003], [77.11422, 19.36634], [77.11042, 19.36701], [77.11125000000001, 19.370720000000002], [77.11527000000001, 19.37546], [77.11568000000001, 19.378880000000002], [77.11437000000001, 19.381580000000003], [77.11169000000001, 19.383000000000003], [77.11255000000001, 19.387960000000003], [77.11458, 19.392940000000003], [77.11672, 19.3926], [77.12648, 19.39086], [77.12846, 19.39007], [77.1362, 19.382170000000002], [77.13783000000001, 19.381680000000003], [77.13844, 19.374260000000003], [77.13772, 19.371740000000003], [77.13286000000001, 19.36522], [77.13013000000001, 19.3596], [77.12309, 19.35508]]]}}, {"id": "126", "type": "Feature", "properties": {"village_name": "Borala", "vil_lgd": 546365, "district_name": "Hingoli", "dist_lgd": 477, "subdistrict_name": "Basmath", "sdcode": 4115, "block_name": "Basmath", "block_lgd": 166, "gp_name": "", "state_name": "MAHARASHTRA", "state_lgd": 27, "population": 2139, "households": 390}, "geometry": {"type": "Polygon", "coordinates": [[[77.20466, 19.39139], [77.20280000000001, 19.38748], [77.20148, 19.383200000000002], [77.20230000000001, 19.38006], [77.20503000000001, 19.37649], [77.21152000000001, 19.375120000000003], [77.21507000000001, 19.36909], [77.2085, 19.36862], [77.20469, 19.3656], [77.18451, 19.369130000000002], [77.18381000000001, 19.37872], [77.17505000000001, 19.378690000000002], [77.17471, 19.384880000000003], [77.17212, 19.39056], [77.18063000000001, 19.390400000000003], [77.18484000000001, 19.39254], [77.18592000000001, 19.395570000000003], [77.19081000000001, 19.395780000000002], [77.19872000000001, 19.39442], [77.20007000000001, 19.39715], [77.20347000000001, 19.40069], [77.21357, 19.403290000000002], [77.20875000000001, 19.395290000000003], [77.20466, 19.39139]]]}}, {"id": "127", "type": "Feature", "properties": {"village_name": "Kurundwadi", "vil_lgd": 546346, "district_name": "Hingoli", "dist_lgd": 477, "subdistrict_name": "Basmath", "sdcode": 4115, "block_name": "Basmath", "block_lgd": 166, "gp_name": "", "state_name": "MAHARASHTRA", "state_lgd": 27, "population": 1169, "households": 244}, "geometry": {"type": "Polygon", "coordinates": [[[77.25849000000001, 19.40321], [77.25349, 19.39166], [77.24995000000001, 19.39292], [77.24368000000001, 19.39233], [77.23236, 19.389670000000002], [77.22476, 19.39496], [77.22769000000001, 19.40022], [77.22804000000001, 19.404400000000003], [77.25853000000001, 19.405540000000002], [77.25849000000001, 19.40321]]]}}, {"id": "128", "type": "Feature", "properties": {"village_name": "Hapsapur", "vil_lgd": 546313, "district_name": "Hingoli", "dist_lgd": 477, "subdistrict_name": "Basmath", "sdcode": 4115, "block_name": "Basmath", "block_lgd": 166, "gp_name": "", "state_name": "MAHARASHTRA", "state_lgd": 27, "population": 1006, "households": 186}, "geometry": {"type": "Polygon", "coordinates": [[[77.08632, 19.378020000000003], [77.08731, 19.378480000000003], [77.08881000000001, 19.372770000000003], [77.09421, 19.366690000000002], [77.09265, 19.36449], [77.09248000000001, 19.36202], [77.09048, 19.358140000000002], [77.08834, 19.36238], [77.08596, 19.3651], [77.07965, 19.36888], [77.07148000000001, 19.37021], [77.06593000000001, 19.3746], [77.06513000000001, 19.37562], [77.06484, 19.37948], [77.06829, 19.38587], [77.07976000000001, 19.38016], [77.08611, 19.380110000000002], [77.08632, 19.378020000000003]]]}}, {"id": "129", "type": "Feature", "properties": {"village_name": "Wadi Tuljapur", "vil_lgd": 546277, "district_name": "Hingoli", "dist_lgd": 477, "subdistrict_name": "Basmath", "sdcode": 4115, "block_name": "Basmath", "block_lgd": 166, "gp_name": "", "state_name": "MAHARASHTRA", "state_lgd": 27, "population": 658, "households": 140}, "geometry": {"type": "Polygon", "coordinates": [[[77.02616, 19.353990000000003], [77.02089000000001, 19.35518], [77.00599000000001, 19.359530000000003], [77.00489, 19.355770000000003], [77.00280000000001, 19.35398], [76.99210000000001, 19.35612], [76.99096, 19.36088], [76.99085000000001, 19.375320000000002], [76.99219000000001, 19.37857], [76.99628000000001, 19.38007], [77.00794, 19.3795], [77.02797000000001, 19.374460000000003], [77.03541000000001, 19.373420000000003], [77.03446000000001, 19.372], [77.02616, 19.353990000000003]]]}}, {"id": "130", "type": "Feature", "properties": {"village_name": "Jawala Panchal", "vil_lgd": 546256, "district_name": "Hingoli", "dist_lgd": 477, "subdistrict_name": "Kalamnuri", "sdcode": 4114, "block_name": "Kalamnuri", "block_lgd": 165, "gp_name": "", "state_name": "MAHARASHTRA", "state_lgd": 27, "population": 4342, "households": 733}, "geometry": {"type": "Polygon", "coordinates": [[[77.35728, 19.397190000000002], [77.35796, 19.39901], [77.36664, 19.39412], [77.36723, 19.39048], [77.36546000000001, 19.391280000000002], [77.35310000000001, 19.37244], [77.34419000000001, 19.37339], [77.33691, 19.37902], [77.33158, 19.37965], [77.33127, 19.385060000000003], [77.32859, 19.388370000000002], [77.3271, 19.3886], [77.33342, 19.39958], [77.3335, 19.40164], [77.33678, 19.405810000000002], [77.33761000000001, 19.40678], [77.343, 19.41212], [77.34296, 19.409670000000002], [77.34406000000001, 19.40754], [77.34826000000001, 19.4037], [77.35050000000001, 19.39723], [77.35143000000001, 19.39655], [77.35728, 19.397190000000002]]]}}, {"id": "131", "type": "Feature", "properties": {"village_name": "Chincholi T A", "vil_lgd": 546312, "district_name": "Hingoli", "dist_lgd": 477, "subdistrict_name": "Basmath", "sdcode": 4115, "block_name": "Basmath", "block_lgd": 166, "gp_name": "", "state_name": "MAHARASHTRA", "state_lgd": 27, "population": 59, "households": 15}, "geometry": {"type": "Polygon", "coordinates": [[[77.11568000000001, 19.378880000000002], [77.11527000000001, 19.37546], [77.11125000000001, 19.370720000000002], [77.11042, 19.36701], [77.10432, 19.36679], [77.09915000000001, 19.36795], [77.09421, 19.366690000000002], [77.09414000000001, 19.381520000000002], [77.10991, 19.38129], [77.11169000000001, 19.383000000000003], [77.11437000000001, 19.381580000000003], [77.11568000000001, 19.378880000000002]]]}}, {"id": "132", "type": "Feature", "properties": {"village_name": "Redgaon", "vil_lgd": 546260, "district_name": "Hingoli", "dist_lgd": 477, "subdistrict_name": "Kalamnuri", "sdcode": 4114, "block_name": "Kalamnuri", "block_lgd": 165, "gp_name": "", "state_name": "MAHARASHTRA", "state_lgd": 27, "population": 1333, "households": 247}, "geometry": {"type": "Polygon", "coordinates": [[[77.31755000000001, 19.40437], [77.32294, 19.40446], [77.3335, 19.40164], [77.33342, 19.39958], [77.3271, 19.3886], [77.31122, 19.39072], [77.31257000000001, 19.39365], [77.31372, 19.401000000000003], [77.31571000000001, 19.40567], [77.31755000000001, 19.40437]]]}}, {"id": "133", "type": "Feature", "properties": {"village_name": "Kawatha", "vil_lgd": 546364, "district_name": "Hingoli", "dist_lgd": 477, "subdistrict_name": "Basmath", "sdcode": 4115, "block_name": "Basmath", "block_lgd": 166, "gp_name": "", "state_name": "MAHARASHTRA", "state_lgd": 27, "population": 2671, "households": 512}, "geometry": {"type": "Polygon", "coordinates": [[[77.22887, 19.38183], [77.23117, 19.3717], [77.23001000000001, 19.365930000000002], [77.22861, 19.364030000000003], [77.22409, 19.36454], [77.22080000000001, 19.3654], [77.21507000000001, 19.36909], [77.21152000000001, 19.375120000000003], [77.20503000000001, 19.37649], [77.20230000000001, 19.38006], [77.20148, 19.383200000000002], [77.20280000000001, 19.38748], [77.21396, 19.386740000000003], [77.21892000000001, 19.38802], [77.22271, 19.391260000000003], [77.22476, 19.39496], [77.23236, 19.389670000000002], [77.23024000000001, 19.388260000000002], [77.22887, 19.38183]]]}}, {"id": "134", "type": "Feature", "properties": {"village_name": "Balegaon", "vil_lgd": 546315, "district_name": "Hingoli", "dist_lgd": 477, "subdistrict_name": "Basmath", "sdcode": 4115, "block_name": "Basmath", "block_lgd": 166, "gp_name": "", "state_name": "MAHARASHTRA", "state_lgd": 27, "population": 2024, "households": 427}, "geometry": {"type": "Polygon", "coordinates": [[[77.04621, 19.348860000000002], [77.04567, 19.34924], [77.03478000000001, 19.35079], [77.02616, 19.353990000000003], [77.03446000000001, 19.372], [77.03541000000001, 19.373420000000003], [77.03709, 19.374470000000002], [77.05121000000001, 19.373920000000002], [77.04963000000001, 19.367910000000002], [77.04916, 19.363090000000003], [77.04978000000001, 19.36034], [77.04627, 19.350430000000003], [77.04621, 19.348860000000002]]]}}, {"id": "135", "type": "Feature", "properties": {"village_name": "Reulgaon", "vil_lgd": 546314, "district_name": "Hingoli", "dist_lgd": 477, "subdistrict_name": "Basmath", "sdcode": 4115, "block_name": "Basmath", "block_lgd": 166, "gp_name": "", "state_name": "MAHARASHTRA", "state_lgd": 27, "population": 1487, "households": 245}, "geometry": {"type": "Polygon", "coordinates": [[[77.07148000000001, 19.37021], [77.07965, 19.36888], [77.08596, 19.3651], [77.08834, 19.36238], [77.09048, 19.358140000000002], [77.08932, 19.355020000000003], [77.08078, 19.35461], [77.06190000000001, 19.35576], [77.05414, 19.357680000000002], [77.05116000000001, 19.35884], [77.04978000000001, 19.36034], [77.04916, 19.363090000000003], [77.04963000000001, 19.367910000000002], [77.05121000000001, 19.373920000000002], [77.06513000000001, 19.37562], [77.06593000000001, 19.3746], [77.07148000000001, 19.37021]]]}}, {"id": "136", "type": "Feature", "properties": {"village_name": "Dagadgaon", "vil_lgd": 546307, "district_name": "Hingoli", "dist_lgd": 477, "subdistrict_name": "Basmath", "sdcode": 4115, "block_name": "Basmath", "block_lgd": 166, "gp_name": "", "state_name": "MAHARASHTRA", "state_lgd": 27, "population": 746, "households": 137}, "geometry": {"type": "Polygon", "coordinates": [[[77.15115, 19.367510000000003], [77.14376, 19.370510000000003], [77.13844, 19.374260000000003], [77.13783000000001, 19.381680000000003], [77.15026, 19.38493], [77.15578000000001, 19.38135], [77.1586, 19.378320000000002], [77.15987000000001, 19.37396], [77.15679, 19.3732], [77.15484000000001, 19.371640000000003], [77.15115, 19.367510000000003]]]}}, {"id": "137", "type": "Feature", "properties": {"village_name": "Kinhola", "vil_lgd": 546394, "district_name": "Hingoli", "dist_lgd": 477, "subdistrict_name": "Basmath", "sdcode": 4115, "block_name": "Basmath", "block_lgd": 166, "gp_name": "", "state_name": "MAHARASHTRA", "state_lgd": 27, "population": 2365, "households": 554}, "geometry": {"type": "Polygon", "coordinates": [[[77.23945, 19.35694], [77.23414000000001, 19.35952], [77.22861, 19.364030000000003], [77.23001000000001, 19.365930000000002], [77.23117, 19.3717], [77.22887, 19.38183], [77.23024000000001, 19.388260000000002], [77.23236, 19.389670000000002], [77.24368000000001, 19.39233], [77.24995000000001, 19.39292], [77.25349, 19.39166], [77.24775000000001, 19.37544], [77.24834000000001, 19.36223], [77.24512, 19.359450000000002], [77.24072000000001, 19.35755], [77.23945, 19.35694]]]}}, {"id": "138", "type": "Feature", "properties": {"village_name": "Mahalingi", "vil_lgd": 546252, "district_name": "Hingoli", "dist_lgd": 477, "subdistrict_name": "Kalamnuri", "sdcode": 4114, "block_name": "Kalamnuri", "block_lgd": 165, "gp_name": "", "state_name": "MAHARASHTRA", "state_lgd": 27, "population": 725, "households": 143}, "geometry": {"type": "Polygon", "coordinates": [[[77.43683, 19.410410000000002], [77.43564, 19.40846], [77.44815000000001, 19.390060000000002], [77.44685000000001, 19.38484], [77.44357000000001, 19.383850000000002], [77.43692, 19.379890000000003], [77.43114000000001, 19.379440000000002], [77.42669000000001, 19.389090000000003], [77.42551, 19.39188], [77.42304, 19.394080000000002], [77.41471, 19.408230000000003], [77.42259, 19.412650000000003], [77.43342000000001, 19.41289], [77.43683, 19.410410000000002]]]}}, {"id": "139", "type": "Feature", "properties": {"village_name": "Bhategaon", "vil_lgd": 546254, "district_name": "Hingoli", "dist_lgd": 477, "subdistrict_name": "Kalamnuri", "sdcode": 4114, "block_name": "Kalamnuri", "block_lgd": 165, "gp_name": "", "state_name": "MAHARASHTRA", "state_lgd": 27, "population": 1738, "households": 312}, "geometry": {"type": "Polygon", "coordinates": [[[77.40848000000001, 19.38288], [77.40501, 19.383840000000003], [77.40209, 19.386210000000002], [77.39657000000001, 19.38716], [77.39036, 19.39141], [77.39581000000001, 19.401870000000002], [77.39775, 19.40368], [77.39842, 19.404220000000002], [77.40372, 19.40662], [77.40652, 19.407890000000002], [77.40907, 19.410510000000002], [77.41471, 19.408230000000003], [77.42304, 19.394080000000002], [77.41498, 19.38716], [77.40848000000001, 19.38288]]]}}, {"id": "140", "type": "Feature", "properties": {"village_name": "Somthana", "vil_lgd": 546393, "district_name": "Hingoli", "dist_lgd": 477, "subdistrict_name": "Basmath", "sdcode": 4115, "block_name": "Basmath", "block_lgd": 166, "gp_name": "", "state_name": "MAHARASHTRA", "state_lgd": 27, "population": 2476, "households": 480}, "geometry": {"type": "Polygon", "coordinates": [[[77.28029000000001, 19.38755], [77.28145, 19.3856], [77.27895000000001, 19.372580000000003], [77.26686000000001, 19.36815], [77.26338000000001, 19.361710000000002], [77.25840000000001, 19.36157], [77.25449, 19.361780000000003], [77.24834000000001, 19.36223], [77.24775000000001, 19.37544], [77.25349, 19.39166], [77.2557, 19.3911], [77.2642, 19.391430000000003], [77.27269000000001, 19.39279], [77.27992, 19.39232], [77.28029000000001, 19.38755]]]}}, {"id": "141", "type": "Feature", "properties": {"village_name": "Rodga", "vil_lgd": 546308, "district_name": "Hingoli", "dist_lgd": 477, "subdistrict_name": "Basmath", "sdcode": 4115, "block_name": "Basmath", "block_lgd": 166, "gp_name": "", "state_name": "MAHARASHTRA", "state_lgd": 27, "population": 994, "households": 166}, "geometry": {"type": "Polygon", "coordinates": [[[77.14726, 19.35046], [77.13601000000001, 19.35576], [77.13013000000001, 19.3596], [77.13286000000001, 19.36522], [77.13772, 19.371740000000003], [77.13844, 19.374260000000003], [77.14376, 19.370510000000003], [77.15115, 19.367510000000003], [77.14885000000001, 19.36494], [77.14714000000001, 19.360870000000002], [77.14734, 19.35679], [77.1496, 19.35284], [77.14726, 19.35046]]]}}, {"id": "142", "type": "Feature", "properties": {"village_name": "Mohagaon", "vil_lgd": 546369, "district_name": "Hingoli", "dist_lgd": 477, "subdistrict_name": "Basmath", "sdcode": 4115, "block_name": "Basmath", "block_lgd": 166, "gp_name": "", "state_name": "MAHARASHTRA", "state_lgd": 27, "population": 276, "households": 45}, "geometry": {"type": "Polygon", "coordinates": [[[77.18381000000001, 19.37872], [77.18451, 19.369130000000002], [77.18032000000001, 19.36398], [77.17915, 19.359450000000002], [77.16858, 19.35836], [77.16628, 19.35876], [77.16375000000001, 19.360390000000002], [77.16598, 19.366030000000002], [77.16641000000001, 19.372790000000002], [77.16763, 19.3732], [77.17302000000001, 19.37594], [77.17505000000001, 19.378690000000002], [77.18381000000001, 19.37872]]]}}, {"id": "143", "type": "Feature", "properties": {"village_name": "Phata", "vil_lgd": 546311, "district_name": "Hingoli", "dist_lgd": 477, "subdistrict_name": "Basmath", "sdcode": 4115, "block_name": "Basmath", "block_lgd": 166, "gp_name": "", "state_name": "MAHARASHTRA", "state_lgd": 27, "population": 439, "households": 61}, "geometry": {"type": "Polygon", "coordinates": [[[77.11042, 19.36701], [77.11422, 19.36634], [77.11734000000001, 19.364980000000003], [77.11821, 19.36372], [77.11875, 19.36129], [77.11714, 19.35678], [77.10628000000001, 19.35529], [77.09048, 19.358140000000002], [77.09248000000001, 19.36202], [77.09265, 19.36449], [77.09421, 19.366690000000002], [77.09915000000001, 19.36795], [77.10432, 19.36679], [77.11042, 19.36701]]]}}, {"id": "144", "type": "Feature", "properties": {"village_name": "Dongarkada", "vil_lgd": 546264, "district_name": "Hingoli", "dist_lgd": 477, "subdistrict_name": "Kalamnuri", "sdcode": 4114, "block_name": "Kalamnuri", "block_lgd": 165, "gp_name": "", "state_name": "MAHARASHTRA", "state_lgd": 27, "population": 6954, "households": 1264}, "geometry": {"type": "Polygon", "coordinates": [[[77.38115, 19.38879], [77.39036, 19.39141], [77.39657000000001, 19.38716], [77.39605, 19.377100000000002], [77.39452, 19.372780000000002], [77.38667000000001, 19.36454], [77.38378, 19.359560000000002], [77.38254, 19.359150000000003], [77.38072000000001, 19.364910000000002], [77.37935, 19.36607], [77.36981, 19.36624], [77.3639, 19.369300000000003], [77.36007000000001, 19.369790000000002], [77.35390000000001, 19.369190000000003], [77.35434000000001, 19.37152], [77.35310000000001, 19.37244], [77.36546000000001, 19.391280000000002], [77.36723, 19.39048], [77.37087000000001, 19.38886], [77.37471000000001, 19.38851], [77.38115, 19.38879]]]}}, {"id": "145", "type": "Feature", "properties": {"village_name": "Ranjana", "vil_lgd": 546317, "district_name": "Hingoli", "dist_lgd": 477, "subdistrict_name": "Basmath", "sdcode": 4115, "block_name": "Basmath", "block_lgd": 166, "gp_name": "", "state_name": "MAHARASHTRA", "state_lgd": 27, "population": 2324, "households": 471}, "geometry": {"type": "Polygon", "coordinates": [[[77.08932, 19.355020000000003], [77.08971000000001, 19.34373], [77.08872000000001, 19.340110000000003], [77.07953, 19.33989], [77.07176000000001, 19.342570000000002], [77.06671, 19.34515], [77.05839, 19.3457], [77.05762, 19.34638], [77.05994000000001, 19.35011], [77.06190000000001, 19.35576], [77.08078, 19.35461], [77.08932, 19.355020000000003]]]}}, {"id": "146", "type": "Feature", "properties": {"village_name": "Khandegaon", "vil_lgd": 546310, "district_name": "Hingoli", "dist_lgd": 477, "subdistrict_name": "Basmath", "sdcode": 4115, "block_name": "Basmath", "block_lgd": 166, "gp_name": "", "state_name": "MAHARASHTRA", "state_lgd": 27, "population": 3136, "households": 580}, "geometry": {"type": "Polygon", "coordinates": [[[77.11714, 19.35678], [77.12032, 19.35657], [77.12309, 19.35508], [77.12462000000001, 19.352240000000002], [77.12409000000001, 19.348570000000002], [77.12162000000001, 19.340190000000003], [77.1192, 19.336470000000002], [77.11792000000001, 19.335350000000002], [77.11532000000001, 19.33481], [77.11004000000001, 19.334590000000002], [77.0905, 19.335720000000002], [77.08755000000001, 19.33726], [77.08872000000001, 19.340110000000003], [77.08971000000001, 19.34373], [77.08932, 19.355020000000003], [77.09048, 19.358140000000002], [77.10628000000001, 19.35529], [77.11714, 19.35678]]]}}, {"id": "147", "type": "Feature", "properties": {"village_name": "Phattepur", "vil_lgd": 546370, "district_name": "Hingoli", "dist_lgd": 477, "subdistrict_name": "Basmath", "sdcode": 4115, "block_name": "Basmath", "block_lgd": 166, "gp_name": "", "state_name": "MAHARASHTRA", "state_lgd": 27, "population": 147, "households": 38}, "geometry": {"type": "Polygon", "coordinates": [[[77.18912, 19.35649], [77.17915, 19.359450000000002], [77.18032000000001, 19.36398], [77.18451, 19.369130000000002], [77.20469, 19.3656], [77.20228, 19.362540000000003], [77.19508, 19.356820000000003], [77.19275, 19.356440000000003], [77.18912, 19.35649]]]}}, {"id": "148", "type": "Feature", "properties": {"village_name": "Pangrasati", "vil_lgd": 546309, "district_name": "Hingoli", "dist_lgd": 477, "subdistrict_name": "Basmath", "sdcode": 4115, "block_name": "Basmath", "block_lgd": 166, "gp_name": "", "state_name": "MAHARASHTRA", "state_lgd": 27, "population": 1325, "households": 276}, "geometry": {"type": "Polygon", "coordinates": [[[77.12911000000001, 19.33239], [77.12657, 19.33246], [77.12126, 19.33483], [77.1192, 19.336470000000002], [77.12162000000001, 19.340190000000003], [77.12409000000001, 19.348570000000002], [77.12462000000001, 19.352240000000002], [77.12309, 19.35508], [77.13013000000001, 19.3596], [77.13601000000001, 19.35576], [77.14726, 19.35046], [77.14023, 19.34328], [77.13680000000001, 19.338350000000002], [77.13533000000001, 19.3339], [77.13298, 19.33314], [77.12911000000001, 19.33239]]]}}, {"id": "149", "type": "Feature", "properties": {"village_name": "Khudnapur", "vil_lgd": 546395, "district_name": "Hingoli", "dist_lgd": 477, "subdistrict_name": "Basmath", "sdcode": 4115, "block_name": "Basmath", "block_lgd": 166, "gp_name": "", "state_name": "MAHARASHTRA", "state_lgd": 27, "population": 822, "households": 118}, "geometry": {"type": "Polygon", "coordinates": [[[77.21319000000001, 19.350340000000003], [77.20475, 19.35246], [77.20263000000001, 19.35497], [77.20228, 19.362540000000003], [77.20469, 19.3656], [77.2085, 19.36862], [77.21507000000001, 19.36909], [77.22080000000001, 19.3654], [77.21784000000001, 19.35848], [77.21738, 19.35056], [77.21587000000001, 19.350440000000003], [77.21319000000001, 19.350340000000003]]]}}, {"id": "150", "type": "Feature", "properties": {"village_name": "Zunzunwadi", "vil_lgd": 546253, "district_name": "Hingoli", "dist_lgd": 477, "subdistrict_name": "Kalamnuri", "sdcode": 4114, "block_name": "Kalamnuri", "block_lgd": 165, "gp_name": "", "state_name": "MAHARASHTRA", "state_lgd": 27, "population": 524, "households": 101}, "geometry": {"type": "Polygon", "coordinates": [[[77.43114000000001, 19.379440000000002], [77.42377, 19.377650000000003], [77.42103, 19.3777], [77.42157, 19.378890000000002], [77.41851000000001, 19.381220000000003], [77.4133, 19.38115], [77.40848000000001, 19.38288], [77.41498, 19.38716], [77.42304, 19.394080000000002], [77.42551, 19.39188], [77.42669000000001, 19.389090000000003], [77.43114000000001, 19.379440000000002]]]}}, {"id": "151", "type": "Feature", "properties": {"village_name": "Bhogaon", "vil_lgd": 546320, "district_name": "Hingoli", "dist_lgd": 477, "subdistrict_name": "Basmath", "sdcode": 4115, "block_name": "Basmath", "block_lgd": 166, "gp_name": "", "state_name": "MAHARASHTRA", "state_lgd": 27, "population": 925, "households": 213}, "geometry": {"type": "Polygon", "coordinates": [[[77.03402000000001, 19.330150000000003], [77.03221, 19.335690000000003], [77.03296, 19.33912], [77.04567, 19.34924], [77.04621, 19.348860000000002], [77.04697, 19.346210000000003], [77.04852000000001, 19.344720000000002], [77.05293, 19.34244], [77.05657000000001, 19.34197], [77.05340000000001, 19.33235], [77.04289, 19.33155], [77.03402000000001, 19.330150000000003]]]}}, {"id": "152", "type": "Feature", "properties": {"village_name": "Raywadi", "vil_lgd": 546321, "district_name": "Hingoli", "dist_lgd": 477, "subdistrict_name": "Basmath", "sdcode": 4115, "block_name": "Basmath", "block_lgd": 166, "gp_name": "", "state_name": "MAHARASHTRA", "state_lgd": 27, "population": 555, "households": 95}, "geometry": {"type": "Polygon", "coordinates": [[[77.06328, 19.312710000000003], [77.05227000000001, 19.31764], [77.05296000000001, 19.328400000000002], [77.06722, 19.32845], [77.06719000000001, 19.325770000000002], [77.06561, 19.322460000000003], [77.06572000000001, 19.316580000000002], [77.06328, 19.312710000000003]]]}}, {"id": "153", "type": "Feature", "properties": {"village_name": "Digras Kh", "vil_lgd": 546390, "district_name": "Hingoli", "dist_lgd": 477, "subdistrict_name": "Basmath", "sdcode": 4115, "block_name": "Basmath", "block_lgd": 166, "gp_name": "", "state_name": "MAHARASHTRA", "state_lgd": 27, "population": 229, "households": 50}, "geometry": {"type": "Polygon", "coordinates": [[[77.33321000000001, 19.356710000000003], [77.32688, 19.356900000000003], [77.31201, 19.35547], [77.31057000000001, 19.358060000000002], [77.30884, 19.370070000000002], [77.30891000000001, 19.372950000000003], [77.31083000000001, 19.377940000000002], [77.31369000000001, 19.37496], [77.32052, 19.371630000000003], [77.32514, 19.36942], [77.32820000000001, 19.366490000000002], [77.33160000000001, 19.360400000000002], [77.33321000000001, 19.356710000000003]]]}}, {"id": "154", "type": "Feature", "properties": {"village_name": "Warud", "vil_lgd": 546265, "district_name": "Hingoli", "dist_lgd": 477, "subdistrict_name": "Kalamnuri", "sdcode": 4114, "block_name": "Kalamnuri", "block_lgd": 165, "gp_name": "", "state_name": "MAHARASHTRA", "state_lgd": 27, "population": 2770, "households": 558}, "geometry": {"type": "Polygon", "coordinates": [[[77.4133, 19.38115], [77.41851000000001, 19.381220000000003], [77.42157, 19.378890000000002], [77.42103, 19.3777], [77.41680000000001, 19.377760000000002], [77.41659, 19.375110000000003], [77.41329, 19.36681], [77.4102, 19.366190000000003], [77.40952, 19.364610000000003], [77.40570000000001, 19.364140000000003], [77.40133, 19.359060000000003], [77.39285000000001, 19.354020000000002], [77.38836, 19.352790000000002], [77.38761000000001, 19.35666], [77.38254, 19.359150000000003], [77.38378, 19.359560000000002], [77.38667000000001, 19.36454], [77.39452, 19.372780000000002], [77.39605, 19.377100000000002], [77.39657000000001, 19.38716], [77.40209, 19.386210000000002], [77.40501, 19.383840000000003], [77.40848000000001, 19.38288], [77.4133, 19.38115]]]}}, {"id": "155", "type": "Feature", "properties": {"village_name": "Wasphal", "vil_lgd": 546262, "district_name": "Hingoli", "dist_lgd": 477, "subdistrict_name": "Kalamnuri", "sdcode": 4114, "block_name": "Kalamnuri", "block_lgd": 165, "gp_name": "", "state_name": "MAHARASHTRA", "state_lgd": 27, "population": 669, "households": 120}, "geometry": {"type": "Polygon", "coordinates": [[[77.35434000000001, 19.37152], [77.35390000000001, 19.369190000000003], [77.35015, 19.353260000000002], [77.34098, 19.35432], [77.33321000000001, 19.356710000000003], [77.33160000000001, 19.360400000000002], [77.32820000000001, 19.366490000000002], [77.32514, 19.36942], [77.32052, 19.371630000000003], [77.32416, 19.37281], [77.32872, 19.37516], [77.33158, 19.37965], [77.33691, 19.37902], [77.34419000000001, 19.37339], [77.35310000000001, 19.37244], [77.35434000000001, 19.37152]]]}}, {"id": "156", "type": "Feature", "properties": {"village_name": "Basmat", "vil_lgd": 546372, "district_name": "Hingoli", "dist_lgd": 477, "subdistrict_name": "Basmath", "sdcode": 4115, "block_name": "Basmath", "block_lgd": 166, "gp_name": "", "state_name": "MAHARASHTRA", "state_lgd": 27, "population": 478, "households": 103}, "geometry": {"type": "Polygon", "coordinates": [[[77.16858, 19.35836], [77.17915, 19.359450000000002], [77.18356, 19.35051], [77.18402, 19.347800000000003], [77.17154000000001, 19.34927], [77.16747000000001, 19.34888], [77.16828000000001, 19.352790000000002], [77.16278000000001, 19.353060000000003], [77.15960000000001, 19.35405], [77.16375000000001, 19.360390000000002], [77.16628, 19.35876], [77.16858, 19.35836]]]}}, {"id": "157", "type": "Feature", "properties": {"village_name": "Borgaon Bk", "vil_lgd": 546396, "district_name": "Hingoli", "dist_lgd": 477, "subdistrict_name": "Basmath", "sdcode": 4115, "block_name": "Basmath", "block_lgd": 166, "gp_name": "", "state_name": "MAHARASHTRA", "state_lgd": 27, "population": 974, "households": 186}, "geometry": {"type": "Polygon", "coordinates": [[[77.22861, 19.364030000000003], [77.23414000000001, 19.35952], [77.23945, 19.35694], [77.23769, 19.3534], [77.23313, 19.34831], [77.22545000000001, 19.34684], [77.22305, 19.347330000000003], [77.21738, 19.35056], [77.21784000000001, 19.35848], [77.22080000000001, 19.3654], [77.22409, 19.36454], [77.22861, 19.364030000000003]]]}}, {"id": "158", "type": "Feature", "properties": {"village_name": "Ekrukha", "vil_lgd": 546319, "district_name": "Hingoli", "dist_lgd": 477, "subdistrict_name": "Basmath", "sdcode": 4115, "block_name": "Basmath", "block_lgd": 166, "gp_name": "", "state_name": "MAHARASHTRA", "state_lgd": 27, "population": 1381, "households": 246}, "geometry": {"type": "Polygon", "coordinates": [[[77.06671, 19.34515], [77.07176000000001, 19.342570000000002], [77.07128, 19.33613], [77.06830000000001, 19.332910000000002], [77.06722, 19.32845], [77.05296000000001, 19.328400000000002], [77.05340000000001, 19.33235], [77.05657000000001, 19.34197], [77.05699000000001, 19.344040000000003], [77.05762, 19.34638], [77.05839, 19.3457], [77.06671, 19.34515]]]}}, {"id": "159", "type": "Feature", "properties": {"village_name": "Polka", "vil_lgd": 546371, "district_name": "Hingoli", "dist_lgd": 477, "subdistrict_name": "Basmath", "sdcode": 4115, "block_name": "Basmath", "block_lgd": 166, "gp_name": "", "state_name": "MAHARASHTRA", "state_lgd": 27, "population": 96, "households": 32}, "geometry": {"type": "Polygon", "coordinates": [[[77.20263000000001, 19.35497], [77.20475, 19.35246], [77.20302000000001, 19.35273], [77.19904000000001, 19.346], [77.18402, 19.347800000000003], [77.18356, 19.35051], [77.17915, 19.359450000000002], [77.18912, 19.35649], [77.19275, 19.356440000000003], [77.19508, 19.356820000000003], [77.20228, 19.362540000000003], [77.20263000000001, 19.35497]]]}}, {"id": "160", "type": "Feature", "properties": {"village_name": "Satefal Tarf Aral", "vil_lgd": 546318, "district_name": "Hingoli", "dist_lgd": 477, "subdistrict_name": "Basmath", "sdcode": 4115, "block_name": "Basmath", "block_lgd": 166, "gp_name": "", "state_name": "MAHARASHTRA", "state_lgd": 27, "population": 1966, "households": 357}, "geometry": {"type": "Polygon", "coordinates": [[[77.08872000000001, 19.340110000000003], [77.08755000000001, 19.33726], [77.0905, 19.335720000000002], [77.09173000000001, 19.329610000000002], [77.06722, 19.32845], [77.06830000000001, 19.332910000000002], [77.07128, 19.33613], [77.07176000000001, 19.342570000000002], [77.07953, 19.33989], [77.08872000000001, 19.340110000000003]]]}}, {"id": "161", "type": "Feature", "properties": {"village_name": "Parajana", "vil_lgd": 546397, "district_name": "Hingoli", "dist_lgd": 477, "subdistrict_name": "Basmath", "sdcode": 4115, "block_name": "Basmath", "block_lgd": 166, "gp_name": "", "state_name": "MAHARASHTRA", "state_lgd": 27, "population": 643, "households": 146}, "geometry": {"type": "Polygon", "coordinates": [[[77.25840000000001, 19.36157], [77.25662000000001, 19.35791], [77.24821, 19.349780000000003], [77.24478, 19.34184], [77.23516000000001, 19.34258], [77.23313, 19.34831], [77.23769, 19.3534], [77.23945, 19.35694], [77.24072000000001, 19.35755], [77.24512, 19.359450000000002], [77.24834000000001, 19.36223], [77.25449, 19.361780000000003], [77.25840000000001, 19.36157]]]}}, {"id": "162", "type": "Feature", "properties": {"village_name": "Borgaon Kh", "vil_lgd": 546398, "district_name": "Hingoli", "dist_lgd": 477, "subdistrict_name": "Basmath", "sdcode": 4115, "block_name": "Basmath", "block_lgd": 166, "gp_name": "", "state_name": "MAHARASHTRA", "state_lgd": 27, "population": 421, "households": 73}, "geometry": {"type": "Polygon", "coordinates": [[[77.27198, 19.342670000000002], [77.26154000000001, 19.34474], [77.24948, 19.341620000000002], [77.24478, 19.34184], [77.24821, 19.349780000000003], [77.25662000000001, 19.35791], [77.25840000000001, 19.36157], [77.26338000000001, 19.361710000000002], [77.26376, 19.359450000000002], [77.26969000000001, 19.35594], [77.27175000000001, 19.34991], [77.27198, 19.342670000000002]]]}}, {"id": "163", "type": "Feature", "properties": {"village_name": "Konatha", "vil_lgd": 546280, "district_name": "Hingoli", "dist_lgd": 477, "subdistrict_name": "Basmath", "sdcode": 4115, "block_name": "Basmath", "block_lgd": 166, "gp_name": "", "state_name": "MAHARASHTRA", "state_lgd": 27, "population": 1193, "households": 204}, "geometry": {"type": "Polygon", "coordinates": [[[77.03402000000001, 19.330150000000003], [77.03398, 19.32413], [77.03608000000001, 19.31717], [77.02123, 19.315], [77.01887, 19.32395], [77.01842, 19.3259], [77.01946000000001, 19.33348], [77.02420000000001, 19.33357], [77.02757000000001, 19.33547], [77.03221, 19.335690000000003], [77.03402000000001, 19.330150000000003]]]}}, {"id": "164", "type": "Feature", "properties": {"village_name": "Kanhergaon", "vil_lgd": 546403, "district_name": "Hingoli", "dist_lgd": 477, "subdistrict_name": "Basmath", "sdcode": 4115, "block_name": "Basmath", "block_lgd": 166, "gp_name": "", "state_name": "MAHARASHTRA", "state_lgd": 27, "population": 955, "households": 199}, "geometry": {"type": "Polygon", "coordinates": [[[77.21587000000001, 19.350440000000003], [77.21464, 19.338510000000003], [77.21266, 19.33099], [77.22149, 19.331210000000002], [77.22158, 19.32656], [77.22076000000001, 19.323780000000003], [77.21127000000001, 19.325860000000002], [77.20044, 19.33002], [77.19729000000001, 19.331500000000002], [77.19872000000001, 19.33405], [77.19709, 19.342000000000002], [77.20046, 19.34531], [77.19904000000001, 19.346], [77.20302000000001, 19.35273], [77.20475, 19.35246], [77.21319000000001, 19.350340000000003], [77.21587000000001, 19.350440000000003]]]}}, {"id": "165", "type": "Feature", "properties": {"village_name": "Nasratpur", "vil_lgd": 546373, "district_name": "Hingoli", "dist_lgd": 477, "subdistrict_name": "Basmath", "sdcode": 4115, "block_name": "Basmath", "block_lgd": 166, "gp_name": "", "state_name": "MAHARASHTRA", "state_lgd": 27, "population": 23, "households": 5}, "geometry": {"type": "Polygon", "coordinates": [[[77.13533000000001, 19.3339], [77.13680000000001, 19.338350000000002], [77.14023, 19.34328], [77.15277, 19.343490000000003], [77.15522, 19.34128], [77.16017000000001, 19.339840000000002], [77.15959000000001, 19.33527], [77.14903000000001, 19.333440000000003], [77.13533000000001, 19.3339]]]}}, {"id": "166", "type": "Feature", "properties": {"village_name": "Rajapur", "vil_lgd": 546413, "district_name": "Hingoli", "dist_lgd": 477, "subdistrict_name": "Basmath", "sdcode": 4115, "block_name": "Basmath", "block_lgd": 166, "gp_name": "", "state_name": "MAHARASHTRA", "state_lgd": 27, "population": 989, "households": 197}, "geometry": {"type": "Polygon", "coordinates": [[[77.19037, 19.283700000000003], [77.18904, 19.27371], [77.18596000000001, 19.27229], [77.17477000000001, 19.27327], [77.16869000000001, 19.273410000000002], [77.16717000000001, 19.28009], [77.16837000000001, 19.2834], [77.17182000000001, 19.28658], [77.17703, 19.28787], [77.18060000000001, 19.2874], [77.18746, 19.283630000000002], [77.19037, 19.283700000000003]]]}}, {"id": "167", "type": "Feature", "properties": {"village_name": "Lahan", "vil_lgd": 546386, "district_name": "Hingoli", "dist_lgd": 477, "subdistrict_name": "Basmath", "sdcode": 4115, "block_name": "Basmath", "block_lgd": 166, "gp_name": "", "state_name": "MAHARASHTRA", "state_lgd": 27, "population": 521, "households": 92}, "geometry": {"type": "Polygon", "coordinates": [[[77.13893, 19.24369], [77.13249, 19.24719], [77.12929000000001, 19.25159], [77.12827, 19.256], [77.12428000000001, 19.259980000000002], [77.12874000000001, 19.265690000000003], [77.13291000000001, 19.27445], [77.13686000000001, 19.27175], [77.14357000000001, 19.26482], [77.14184, 19.249180000000003], [77.13893, 19.24369]]]}}, {"id": "168", "type": "Feature", "properties": {"village_name": "Marlapur", "vil_lgd": 546415, "district_name": "Hingoli", "dist_lgd": 477, "subdistrict_name": "Basmath", "sdcode": 4115, "block_name": "Basmath", "block_lgd": 166, "gp_name": "", "state_name": "MAHARASHTRA", "state_lgd": 27, "population": 1201, "households": 224}, "geometry": {"type": "Polygon", "coordinates": [[[77.18596000000001, 19.27229], [77.18904, 19.27371], [77.19236000000001, 19.270110000000003], [77.1953, 19.26366], [77.19751000000001, 19.26206], [77.18975, 19.25974], [77.1838, 19.259700000000002], [77.17945, 19.25834], [77.16868000000001, 19.26217], [77.16514000000001, 19.262240000000002], [77.16756000000001, 19.26548], [77.16869000000001, 19.273410000000002], [77.17477000000001, 19.27327], [77.18596000000001, 19.27229]]]}}, {"id": "169", "type": "Feature", "properties": {"village_name": "Wakhari", "vil_lgd": 546387, "district_name": "Hingoli", "dist_lgd": 477, "subdistrict_name": "Basmath", "sdcode": 4115, "block_name": "Basmath", "block_lgd": 166, "gp_name": "", "state_name": "MAHARASHTRA", "state_lgd": 27, "population": 2366, "households": 435}, "geometry": {"type": "Polygon", "coordinates": [[[77.16514000000001, 19.262240000000002], [77.16868000000001, 19.26217], [77.17945, 19.25834], [77.17772000000001, 19.25155], [77.17420000000001, 19.24425], [77.17409, 19.24077], [77.16777, 19.235200000000003], [77.16203, 19.2279], [77.15537, 19.229210000000002], [77.14491000000001, 19.235030000000002], [77.14162, 19.241220000000002], [77.13893, 19.24369], [77.14184, 19.249180000000003], [77.14357000000001, 19.26482], [77.14688000000001, 19.263080000000002], [77.16038, 19.26198], [77.16514000000001, 19.262240000000002]]]}}, {"id": "170", "type": "Feature", "properties": {"village_name": "Hiwara Kh", "vil_lgd": 546418, "district_name": "Hingoli", "dist_lgd": 477, "subdistrict_name": "Basmath", "sdcode": 4115, "block_name": "Basmath", "block_lgd": 166, "gp_name": "", "state_name": "MAHARASHTRA", "state_lgd": 27, "population": 875, "households": 129}, "geometry": {"type": "Polygon", "coordinates": [[[77.19038, 19.253590000000003], [77.18891, 19.23985], [77.19026000000001, 19.235030000000002], [77.18751, 19.23447], [77.18343, 19.23656], [77.17702000000001, 19.237160000000003], [77.17466, 19.238470000000003], [77.17409, 19.24077], [77.17420000000001, 19.24425], [77.17772000000001, 19.25155], [77.17945, 19.25834], [77.1838, 19.259700000000002], [77.18975, 19.25974], [77.19038, 19.253590000000003]]]}}, {"id": "171", "type": "Feature", "properties": {"village_name": "Dagadpimpri", "vil_lgd": 546416, "district_name": "Hingoli", "dist_lgd": 477, "subdistrict_name": "Basmath", "sdcode": 4115, "block_name": "Basmath", "block_lgd": 166, "gp_name": "", "state_name": "MAHARASHTRA", "state_lgd": 27, "population": 427, "households": 73}, "geometry": {"type": "Polygon", "coordinates": [[[77.20856, 19.259120000000003], [77.20246, 19.254260000000002], [77.20267000000001, 19.244400000000002], [77.19962000000001, 19.24435], [77.19994000000001, 19.250880000000002], [77.19751000000001, 19.26206], [77.20630000000001, 19.2635], [77.21092, 19.26211], [77.20856, 19.259120000000003]]]}}, {"id": "172", "type": "Feature", "properties": {"village_name": "Sunegaon", "vil_lgd": 546417, "district_name": "Hingoli", "dist_lgd": 477, "subdistrict_name": "Basmath", "sdcode": 4115, "block_name": "Basmath", "block_lgd": 166, "gp_name": "", "state_name": "MAHARASHTRA", "state_lgd": 27, "population": 787, "households": 144}, "geometry": {"type": "Polygon", "coordinates": [[[77.19233000000001, 19.24396], [77.19189, 19.235300000000002], [77.19026000000001, 19.235030000000002], [77.18891, 19.23985], [77.19038, 19.253590000000003], [77.18975, 19.25974], [77.19751000000001, 19.26206], [77.19994000000001, 19.250880000000002], [77.19962000000001, 19.24435], [77.19233000000001, 19.24396]]]}}, {"id": "173", "type": "Feature", "properties": {"village_name": "Thorava", "vil_lgd": 546375, "district_name": "Hingoli", "dist_lgd": 477, "subdistrict_name": "Basmath", "sdcode": 4115, "block_name": "Basmath", "block_lgd": 166, "gp_name": "", "state_name": "MAHARASHTRA", "state_lgd": 27, "population": 2049, "households": 424}, "geometry": {"type": "Polygon", "coordinates": [[[77.12657, 19.33246], [77.12911000000001, 19.33239], [77.13052, 19.32664], [77.12950000000001, 19.318420000000003], [77.12683000000001, 19.313460000000003], [77.12027, 19.31456], [77.11977, 19.31933], [77.11857, 19.322470000000003], [77.11533, 19.3245], [77.09597000000001, 19.32684], [77.09176000000001, 19.32672], [77.09173000000001, 19.329610000000002], [77.0905, 19.335720000000002], [77.11004000000001, 19.334590000000002], [77.11532000000001, 19.33481], [77.11792000000001, 19.335350000000002], [77.1192, 19.336470000000002], [77.12126, 19.33483], [77.12657, 19.33246]]]}}, {"id": "174", "type": "Feature", "properties": {"village_name": "Dhanora Tarf Aral", "vil_lgd": 546281, "district_name": "Hingoli", "dist_lgd": 477, "subdistrict_name": "Basmath", "sdcode": 4115, "block_name": "Basmath", "block_lgd": 166, "gp_name": "", "state_name": "MAHARASHTRA", "state_lgd": 27, "population": 1145, "households": 241}, "geometry": {"type": "Polygon", "coordinates": [[[77.05227000000001, 19.31764], [77.04624000000001, 19.318160000000002], [77.04071, 19.317610000000002], [77.03608000000001, 19.31717], [77.03398, 19.32413], [77.03402000000001, 19.330150000000003], [77.04289, 19.33155], [77.05340000000001, 19.33235], [77.05296000000001, 19.328400000000002], [77.05227000000001, 19.31764]]]}}, {"id": "175", "type": "Feature", "properties": {"village_name": "Malwata", "vil_lgd": 546402, "district_name": "Hingoli", "dist_lgd": 477, "subdistrict_name": "Basmath", "sdcode": 4115, "block_name": "Basmath", "block_lgd": 166, "gp_name": "", "state_name": "MAHARASHTRA", "state_lgd": 27, "population": 2021, "households": 375}, "geometry": {"type": "Polygon", "coordinates": [[[77.23321, 19.33042], [77.23392000000001, 19.319270000000003], [77.2286, 19.32177], [77.22076000000001, 19.323780000000003], [77.22158, 19.32656], [77.22149, 19.331210000000002], [77.21266, 19.33099], [77.21464, 19.338510000000003], [77.21587000000001, 19.350440000000003], [77.21738, 19.35056], [77.22305, 19.347330000000003], [77.22545000000001, 19.34684], [77.22582000000001, 19.34099], [77.22513000000001, 19.33697], [77.22919, 19.33567], [77.23094, 19.33174], [77.23321, 19.33042]]]}}, {"id": "176", "type": "Feature", "properties": {"village_name": "Hiwara Tarf Jawala", "vil_lgd": 546266, "district_name": "Hingoli", "dist_lgd": 477, "subdistrict_name": "Kalamnuri", "sdcode": 4114, "block_name": "Kalamnuri", "block_lgd": 165, "gp_name": "", "state_name": "MAHARASHTRA", "state_lgd": 27, "population": 3024, "households": 554}, "geometry": {"type": "Polygon", "coordinates": [[[77.38761000000001, 19.35666], [77.38836, 19.352790000000002], [77.38439000000001, 19.339910000000003], [77.38083, 19.3408], [77.37905, 19.33819], [77.37221000000001, 19.339170000000003], [77.36555000000001, 19.33848], [77.36332, 19.33893], [77.35279000000001, 19.34514], [77.36983000000001, 19.36221], [77.36981, 19.36624], [77.37935, 19.36607], [77.38072000000001, 19.364910000000002], [77.38254, 19.359150000000003], [77.38761000000001, 19.35666]]]}}, {"id": "177", "type": "Feature", "properties": {"village_name": "Murumba Bk", "vil_lgd": 546401, "district_name": "Hingoli", "dist_lgd": 477, "subdistrict_name": "Basmath", "sdcode": 4115, "block_name": "Basmath", "block_lgd": 166, "gp_name": "", "state_name": "MAHARASHTRA", "state_lgd": 27, "population": 1593, "households": 288}, "geometry": {"type": "Polygon", "coordinates": [[[77.24948, 19.341620000000002], [77.25269, 19.330430000000003], [77.24715, 19.3323], [77.23576000000001, 19.331490000000002], [77.23321, 19.33042], [77.23094, 19.33174], [77.22919, 19.33567], [77.22513000000001, 19.33697], [77.22582000000001, 19.34099], [77.22545000000001, 19.34684], [77.23313, 19.34831], [77.23516000000001, 19.34258], [77.24478, 19.34184], [77.24948, 19.341620000000002]]]}}, {"id": "178", "type": "Feature", "properties": {"village_name": "Kaudgaon", "vil_lgd": 546284, "district_name": "Hingoli", "dist_lgd": 477, "subdistrict_name": "Basmath", "sdcode": 4115, "block_name": "Basmath", "block_lgd": 166, "gp_name": "", "state_name": "MAHARASHTRA", "state_lgd": 27, "population": 1167, "households": 221}, "geometry": {"type": "Polygon", "coordinates": [[[76.998, 19.31236], [76.99592000000001, 19.321810000000003], [77.0061, 19.324840000000002], [77.01565000000001, 19.324720000000003], [77.01887, 19.32395], [77.02123, 19.315], [77.00198, 19.313740000000003], [76.998, 19.31236]]]}}, {"id": "179", "type": "Feature", "properties": {"village_name": "Sategaon", "vil_lgd": 546322, "district_name": "Hingoli", "dist_lgd": 477, "subdistrict_name": "Basmath", "sdcode": 4115, "block_name": "Basmath", "block_lgd": 166, "gp_name": "", "state_name": "MAHARASHTRA", "state_lgd": 27, "population": 317, "households": 55}, "geometry": {"type": "Polygon", "coordinates": [[[77.09176000000001, 19.32672], [77.09158000000001, 19.31622], [77.06572000000001, 19.316580000000002], [77.06561, 19.322460000000003], [77.06719000000001, 19.325770000000002], [77.06722, 19.32845], [77.09173000000001, 19.329610000000002], [77.09176000000001, 19.32672]]]}}, {"id": "180", "type": "Feature", "properties": {"village_name": "Ganeshpur", "vil_lgd": 546374, "district_name": "Hingoli", "dist_lgd": 477, "subdistrict_name": "Basmath", "sdcode": 4115, "block_name": "Basmath", "block_lgd": 166, "gp_name": "", "state_name": "MAHARASHTRA", "state_lgd": 27, "population": 894, "households": 190}, "geometry": {"type": "Polygon", "coordinates": [[[77.15831, 19.32766], [77.15043, 19.32278], [77.14504000000001, 19.32241], [77.14087, 19.32316], [77.13052, 19.32664], [77.12911000000001, 19.33239], [77.13298, 19.33314], [77.13533000000001, 19.3339], [77.14903000000001, 19.333440000000003], [77.15959000000001, 19.33527], [77.15831, 19.32766]]]}}, {"id": "181", "type": "Feature", "properties": {"village_name": "Kagban", "vil_lgd": 546376, "district_name": "Hingoli", "dist_lgd": 477, "subdistrict_name": "Basmath", "sdcode": 4115, "block_name": "Basmath", "block_lgd": 166, "gp_name": "", "state_name": "MAHARASHTRA", "state_lgd": 27, "population": 651, "households": 134}, "geometry": {"type": "Polygon", "coordinates": [[[77.11537000000001, 19.307470000000002], [77.11396, 19.312240000000003], [77.11206, 19.31288], [77.09261000000001, 19.3139], [77.09158000000001, 19.31622], [77.09176000000001, 19.32672], [77.09597000000001, 19.32684], [77.11533, 19.3245], [77.11857, 19.322470000000003], [77.11977, 19.31933], [77.12027, 19.31456], [77.11850000000001, 19.31133], [77.11537000000001, 19.307470000000002]]]}}, {"id": "182", "type": "Feature", "properties": {"village_name": "Palsi", "vil_lgd": 546326, "district_name": "Hingoli", "dist_lgd": 477, "subdistrict_name": "Basmath", "sdcode": 4115, "block_name": "Basmath", "block_lgd": 166, "gp_name": "", "state_name": "MAHARASHTRA", "state_lgd": 27, "population": 1819, "households": 348}, "geometry": {"type": "Polygon", "coordinates": [[[77.06484, 19.29379], [77.05754, 19.292440000000003], [77.0544, 19.29495], [77.04971, 19.29707], [77.04585, 19.29745], [77.03537, 19.29608], [77.03809000000001, 19.299660000000003], [77.04112, 19.307570000000002], [77.04071, 19.317610000000002], [77.04624000000001, 19.318160000000002], [77.05227000000001, 19.31764], [77.06328, 19.312710000000003], [77.06500000000001, 19.305960000000002], [77.06553000000001, 19.298620000000003], [77.06484, 19.29379]]]}}, {"id": "183", "type": "Feature", "properties": {"village_name": "Govindpur T Hayatnagar", "vil_lgd": 546379, "district_name": "Hingoli", "dist_lgd": 477, "subdistrict_name": "Basmath", "sdcode": 4115, "block_name": "Basmath", "block_lgd": 166, "gp_name": "", "state_name": "MAHARASHTRA", "state_lgd": 27, "population": 284, "households": 52}, "geometry": {"type": "Polygon", "coordinates": [[[77.14504000000001, 19.32241], [77.15043, 19.32278], [77.15102, 19.31266], [77.14886000000001, 19.310360000000003], [77.14486000000001, 19.309420000000003], [77.14150000000001, 19.306910000000002], [77.12683000000001, 19.313460000000003], [77.12950000000001, 19.318420000000003], [77.13052, 19.32664], [77.14087, 19.32316], [77.14504000000001, 19.32241]]]}}, {"id": "184", "type": "Feature", "properties": {"village_name": "Ridhora", "vil_lgd": 546282, "district_name": "Hingoli", "dist_lgd": 477, "subdistrict_name": "Basmath", "sdcode": 4115, "block_name": "Basmath", "block_lgd": 166, "gp_name": "", "state_name": "MAHARASHTRA", "state_lgd": 27, "population": 1549, "households": 328}, "geometry": {"type": "Polygon", "coordinates": [[[77.03537, 19.29608], [77.03356000000001, 19.298430000000003], [77.02899000000001, 19.29972], [77.01489000000001, 19.30113], [77.01664000000001, 19.30759], [77.01717000000001, 19.31079], [77.02123, 19.315], [77.03608000000001, 19.31717], [77.04071, 19.317610000000002], [77.04112, 19.307570000000002], [77.03809000000001, 19.299660000000003], [77.03537, 19.29608]]]}}, {"id": "185", "type": "Feature", "properties": {"village_name": "Hisewadgaon", "vil_lgd": 546283, "district_name": "Hingoli", "dist_lgd": 477, "subdistrict_name": "Basmath", "sdcode": 4115, "block_name": "Basmath", "block_lgd": 166, "gp_name": "", "state_name": "MAHARASHTRA", "state_lgd": 27, "population": 28, "households": 6}, "geometry": {"type": "Polygon", "coordinates": [[[77.01489000000001, 19.30113], [77.00542, 19.30218], [77.00164000000001, 19.300870000000003], [76.99947, 19.299200000000003], [76.998, 19.31236], [77.00198, 19.313740000000003], [77.02123, 19.315], [77.01717000000001, 19.31079], [77.01664000000001, 19.30759], [77.01489000000001, 19.30113]]]}}, {"id": "186", "type": "Feature", "properties": {"village_name": "Lingi", "vil_lgd": 546323, "district_name": "Hingoli", "dist_lgd": 477, "subdistrict_name": "Basmath", "sdcode": 4115, "block_name": "Basmath", "block_lgd": 166, "gp_name": "", "state_name": "MAHARASHTRA", "state_lgd": 27, "population": 1338, "households": 304}, "geometry": {"type": "Polygon", "coordinates": [[[77.09171, 19.302110000000003], [77.08172, 19.30319], [77.06484, 19.29379], [77.06553000000001, 19.298620000000003], [77.06500000000001, 19.305960000000002], [77.06328, 19.312710000000003], [77.06572000000001, 19.316580000000002], [77.09158000000001, 19.31622], [77.09261000000001, 19.3139], [77.09381, 19.311120000000003], [77.09392000000001, 19.30795], [77.09297000000001, 19.30413], [77.09171, 19.302110000000003]]]}}, {"id": "187", "type": "Feature", "properties": {"village_name": "Jawala Traf Babulgaon", "vil_lgd": 546380, "district_name": "Hingoli", "dist_lgd": 477, "subdistrict_name": "Basmath", "sdcode": 4115, "block_name": "Basmath", "block_lgd": 166, "gp_name": "", "state_name": "MAHARASHTRA", "state_lgd": 27, "population": 1275, "households": 261}, "geometry": {"type": "Polygon", "coordinates": [[[77.16531, 19.31068], [77.15605000000001, 19.312520000000003], [77.15102, 19.31266], [77.15043, 19.32278], [77.15831, 19.32766], [77.16413, 19.32608], [77.16628, 19.32355], [77.18039, 19.32006], [77.16638, 19.310840000000002], [77.16531, 19.31068]]]}}, {"id": "188", "type": "Feature", "properties": {"village_name": "Chandgavhan", "vil_lgd": 546404, "district_name": "Hingoli", "dist_lgd": 477, "subdistrict_name": "Basmath", "sdcode": 4115, "block_name": "Basmath", "block_lgd": 166, "gp_name": "", "state_name": "MAHARASHTRA", "state_lgd": 27, "population": 324, "households": 79}, "geometry": {"type": "Polygon", "coordinates": [[[77.20044, 19.33002], [77.20058, 19.324], [77.19810000000001, 19.315340000000003], [77.19019, 19.315420000000003], [77.18637000000001, 19.31716], [77.18174, 19.319470000000003], [77.18583000000001, 19.33098], [77.18981000000001, 19.3302], [77.19729000000001, 19.331500000000002], [77.20044, 19.33002]]]}}, {"id": "189", "type": "Feature", "properties": {"village_name": "Injangaon", "vil_lgd": 546405, "district_name": "Hingoli", "dist_lgd": 477, "subdistrict_name": "Basmath", "sdcode": 4115, "block_name": "Basmath", "block_lgd": 166, "gp_name": "", "state_name": "MAHARASHTRA", "state_lgd": 27, "population": 2011, "households": 454}, "geometry": {"type": "Polygon", "coordinates": [[[77.22331000000001, 19.307350000000003], [77.21826, 19.309700000000003], [77.20419000000001, 19.31099], [77.19810000000001, 19.315340000000003], [77.20058, 19.324], [77.20044, 19.33002], [77.21127000000001, 19.325860000000002], [77.22076000000001, 19.323780000000003], [77.22002, 19.31774], [77.224, 19.314120000000003], [77.2241, 19.31175], [77.22331000000001, 19.307350000000003]]]}}, {"id": "190", "type": "Feature", "properties": {"village_name": "Sarola", "vil_lgd": 546377, "district_name": "Hingoli", "dist_lgd": 477, "subdistrict_name": "Basmath", "sdcode": 4115, "block_name": "Basmath", "block_lgd": 166, "gp_name": "", "state_name": "MAHARASHTRA", "state_lgd": 27, "population": 606, "households": 113}, "geometry": {"type": "Polygon", "coordinates": [[[77.09827, 19.296860000000002], [77.09613, 19.299490000000002], [77.09171, 19.302110000000003], [77.09297000000001, 19.30413], [77.09392000000001, 19.30795], [77.09381, 19.311120000000003], [77.09261000000001, 19.3139], [77.11206, 19.31288], [77.11396, 19.312240000000003], [77.11537000000001, 19.307470000000002], [77.11347, 19.306620000000002], [77.10785000000001, 19.299300000000002], [77.10422000000001, 19.298080000000002], [77.09827, 19.296860000000002]]]}}, {"id": "191", "type": "Feature", "properties": {"village_name": "Agdad", "vil_lgd": 546378, "district_name": "Hingoli", "dist_lgd": 477, "subdistrict_name": "Basmath", "sdcode": 4115, "block_name": "Basmath", "block_lgd": 166, "gp_name": "", "state_name": "MAHARASHTRA", "state_lgd": 27, "population": 130, "households": 26}, "geometry": {"type": "Polygon", "coordinates": [[[77.14408, 19.29145], [77.13696, 19.29946], [77.13487, 19.30049], [77.12436000000001, 19.303220000000003], [77.11537000000001, 19.307470000000002], [77.11850000000001, 19.31133], [77.12027, 19.31456], [77.12683000000001, 19.313460000000003], [77.14150000000001, 19.306910000000002], [77.14563000000001, 19.302390000000003], [77.14714000000001, 19.29476], [77.14945, 19.29231], [77.14561, 19.291420000000002], [77.14408, 19.29145]]]}}, {"id": "192", "type": "Feature", "properties": {"village_name": "Bhoripgaon", "vil_lgd": 546411, "district_name": "Hingoli", "dist_lgd": 477, "subdistrict_name": "Basmath", "sdcode": 4115, "block_name": "Basmath", "block_lgd": 166, "gp_name": "", "state_name": "MAHARASHTRA", "state_lgd": 27, "population": 848, "households": 152}, "geometry": {"type": "Polygon", "coordinates": [[[77.18060000000001, 19.2874], [77.17703, 19.28787], [77.17182000000001, 19.28658], [77.16411000000001, 19.293660000000003], [77.15965000000001, 19.29466], [77.1645, 19.304570000000002], [77.16531, 19.31068], [77.16638, 19.310840000000002], [77.18039, 19.32006], [77.18174, 19.319470000000003], [77.18637000000001, 19.31716], [77.18299, 19.3002], [77.17915, 19.292730000000002], [77.1795, 19.28912], [77.18060000000001, 19.2874]]]}}, {"id": "193", "type": "Feature", "properties": {"village_name": "Palasgaon Tarf Malota", "vil_lgd": 546406, "district_name": "Hingoli", "dist_lgd": 477, "subdistrict_name": "Basmath", "sdcode": 4115, "block_name": "Basmath", "block_lgd": 166, "gp_name": "", "state_name": "MAHARASHTRA", "state_lgd": 27, "population": 2840, "households": 526}, "geometry": {"type": "Polygon", "coordinates": [[[77.23762, 19.312820000000002], [77.23662, 19.299200000000003], [77.23046000000001, 19.301180000000002], [77.22331000000001, 19.307350000000003], [77.2241, 19.31175], [77.224, 19.314120000000003], [77.22002, 19.31774], [77.22076000000001, 19.323780000000003], [77.2286, 19.32177], [77.23392000000001, 19.319270000000003], [77.23762, 19.312820000000002]]]}}, {"id": "194", "type": "Feature", "properties": {"village_name": "Khandarban", "vil_lgd": 546381, "district_name": "Hingoli", "dist_lgd": 477, "subdistrict_name": "Basmath", "sdcode": 4115, "block_name": "Basmath", "block_lgd": 166, "gp_name": "", "state_name": "MAHARASHTRA", "state_lgd": 27, "population": 344, "households": 71}, "geometry": {"type": "Polygon", "coordinates": [[[77.14945, 19.29231], [77.14714000000001, 19.29476], [77.14563000000001, 19.302390000000003], [77.14150000000001, 19.306910000000002], [77.14486000000001, 19.309420000000003], [77.14886000000001, 19.310360000000003], [77.15102, 19.31266], [77.15605000000001, 19.312520000000003], [77.16531, 19.31068], [77.1645, 19.304570000000002], [77.15965000000001, 19.29466], [77.15395000000001, 19.29336], [77.14945, 19.29231]]]}}, {"id": "195", "type": "Feature", "properties": {"village_name": "Mudi", "vil_lgd": 546324, "district_name": "Hingoli", "dist_lgd": 477, "subdistrict_name": "Basmath", "sdcode": 4115, "block_name": "Basmath", "block_lgd": 166, "gp_name": "", "state_name": "MAHARASHTRA", "state_lgd": 27, "population": 986, "households": 183}, "geometry": {"type": "Polygon", "coordinates": [[[77.11549000000001, 19.28301], [77.10548, 19.28441], [77.10244, 19.28395], [77.10035, 19.293660000000003], [77.09827, 19.296860000000002], [77.10422000000001, 19.298080000000002], [77.10785000000001, 19.299300000000002], [77.11347, 19.306620000000002], [77.11537000000001, 19.307470000000002], [77.12436000000001, 19.303220000000003], [77.12258, 19.295350000000003], [77.1182, 19.28646], [77.11549000000001, 19.28301]]]}}, {"id": "196", "type": "Feature", "properties": {"village_name": "Takalgaon", "vil_lgd": 546410, "district_name": "Hingoli", "dist_lgd": 477, "subdistrict_name": "Basmath", "sdcode": 4115, "block_name": "Basmath", "block_lgd": 166, "gp_name": "", "state_name": "MAHARASHTRA", "state_lgd": 27, "population": 1666, "households": 331}, "geometry": {"type": "Polygon", "coordinates": [[[77.18746, 19.283630000000002], [77.18060000000001, 19.2874], [77.1795, 19.28912], [77.17915, 19.292730000000002], [77.18299, 19.3002], [77.18637000000001, 19.31716], [77.19019, 19.315420000000003], [77.1907, 19.30874], [77.19636000000001, 19.30047], [77.2001, 19.290280000000003], [77.19037, 19.283700000000003], [77.18746, 19.283630000000002]]]}}, {"id": "197", "type": "Feature", "properties": {"village_name": "Hayatnagar", "vil_lgd": 546325, "district_name": "Hingoli", "dist_lgd": 477, "subdistrict_name": "Basmath", "sdcode": 4115, "block_name": "Basmath", "block_lgd": 166, "gp_name": "", "state_name": "MAHARASHTRA", "state_lgd": 27, "population": 4369, "households": 806}, "geometry": {"type": "Polygon", "coordinates": [[[77.10009000000001, 19.26507], [77.09446000000001, 19.269170000000003], [77.09012000000001, 19.270310000000002], [77.07918000000001, 19.26911], [77.06376, 19.26886], [77.05856, 19.28122], [77.05737, 19.286170000000002], [77.05754, 19.292440000000003], [77.06484, 19.29379], [77.08172, 19.30319], [77.09171, 19.302110000000003], [77.09613, 19.299490000000002], [77.09827, 19.296860000000002], [77.10035, 19.293660000000003], [77.10244, 19.28395], [77.10213, 19.27653], [77.10094000000001, 19.27242], [77.10009000000001, 19.26507]]]}}, {"id": "198", "type": "Feature", "properties": {"village_name": "Jawala Bk", "vil_lgd": 546327, "district_name": "Hingoli", "dist_lgd": 477, "subdistrict_name": "Basmath", "sdcode": 4115, "block_name": "Basmath", "block_lgd": 166, "gp_name": "", "state_name": "MAHARASHTRA", "state_lgd": 27, "population": 1142, "households": 208}, "geometry": {"type": "Polygon", "coordinates": [[[77.04248000000001, 19.26123], [77.03790000000001, 19.26254], [77.03198, 19.266920000000002], [77.02704, 19.269350000000003], [77.02432, 19.27571], [77.02399000000001, 19.281740000000003], [77.02470000000001, 19.285140000000002], [77.02606, 19.28724], [77.03427, 19.291310000000003], [77.03518000000001, 19.292710000000003], [77.03537, 19.29608], [77.04585, 19.29745], [77.04971, 19.29707], [77.0544, 19.29495], [77.05754, 19.292440000000003], [77.05737, 19.286170000000002], [77.04536, 19.28284], [77.04428, 19.281750000000002], [77.04372000000001, 19.28069], [77.04411, 19.27139], [77.04248000000001, 19.26123]]]}}, {"id": "199", "type": "Feature", "properties": {"village_name": "Pimpala Chorya", "vil_lgd": 546382, "district_name": "Hingoli", "dist_lgd": 477, "subdistrict_name": "Basmath", "sdcode": 4115, "block_name": "Basmath", "block_lgd": 166, "gp_name": "", "state_name": "MAHARASHTRA", "state_lgd": 27, "population": 1192, "households": 239}, "geometry": {"type": "Polygon", "coordinates": [[[77.13686000000001, 19.27175], [77.13291000000001, 19.27445], [77.12997, 19.276510000000002], [77.12861000000001, 19.27642], [77.12222000000001, 19.281010000000002], [77.12649, 19.28515], [77.13264000000001, 19.29391], [77.13487, 19.30049], [77.13696, 19.29946], [77.14408, 19.29145], [77.14328, 19.287290000000002], [77.13686000000001, 19.27175]]]}}, {"id": "200", "type": "Feature", "properties": {"village_name": "Gunj T Asegaon", "vil_lgd": 546407, "district_name": "Hingoli", "dist_lgd": 477, "subdistrict_name": "Basmath", "sdcode": 4115, "block_name": "Basmath", "block_lgd": 166, "gp_name": "", "state_name": "MAHARASHTRA", "state_lgd": 27, "population": 1838, "households": 323}, "geometry": {"type": "Polygon", "coordinates": [[[77.23547, 19.29116], [77.23626, 19.285210000000003], [77.23556, 19.27457], [77.22953000000001, 19.275660000000002], [77.22063, 19.275270000000003], [77.21892000000001, 19.27194], [77.21466000000001, 19.278200000000002], [77.22109, 19.297400000000003], [77.22331000000001, 19.307350000000003], [77.23046000000001, 19.301180000000002], [77.23662, 19.299200000000003], [77.23547, 19.29116]]]}}, {"id": "201", "type": "Feature", "properties": {"village_name": "Jawala Kh", "vil_lgd": 546328, "district_name": "Hingoli", "dist_lgd": 477, "subdistrict_name": "Basmath", "sdcode": 4115, "block_name": "Basmath", "block_lgd": 166, "gp_name": "", "state_name": "MAHARASHTRA", "state_lgd": 27, "population": 619, "households": 97}, "geometry": {"type": "Polygon", "coordinates": [[[77.06011000000001, 19.26351], [77.05902, 19.26389], [77.05589, 19.26096], [77.05263000000001, 19.25938], [77.04744000000001, 19.25882], [77.04407, 19.261100000000003], [77.04248000000001, 19.26123], [77.04411, 19.27139], [77.04372000000001, 19.28069], [77.04428, 19.281750000000002], [77.04536, 19.28284], [77.05737, 19.286170000000002], [77.05856, 19.28122], [77.06376, 19.26886], [77.06302000000001, 19.26715], [77.06011000000001, 19.26351]]]}}, {"id": "202", "type": "Feature", "properties": {"village_name": "Runj T Asegaon", "vil_lgd": 546408, "district_name": "Hingoli", "dist_lgd": 477, "subdistrict_name": "Basmath", "sdcode": 4115, "block_name": "Basmath", "block_lgd": 166, "gp_name": "", "state_name": "MAHARASHTRA", "state_lgd": 27, "population": 883, "households": 195}, "geometry": {"type": "Polygon", "coordinates": [[[77.21466000000001, 19.278200000000002], [77.20939000000001, 19.285300000000003], [77.20657, 19.292350000000003], [77.20464000000001, 19.29381], [77.20782000000001, 19.299100000000003], [77.21182, 19.300870000000003], [77.21638, 19.300790000000003], [77.22109, 19.297400000000003], [77.21466000000001, 19.278200000000002]]]}}, {"id": "203", "type": "Feature", "properties": {"village_name": "Renkapur", "vil_lgd": 546384, "district_name": "Hingoli", "dist_lgd": 477, "subdistrict_name": "Basmath", "sdcode": 4115, "block_name": "Basmath", "block_lgd": 166, "gp_name": "", "state_name": "MAHARASHTRA", "state_lgd": 27, "population": 868, "households": 185}, "geometry": {"type": "Polygon", "coordinates": [[[77.12861000000001, 19.27642], [77.12997, 19.276510000000002], [77.13291000000001, 19.27445], [77.12874000000001, 19.265690000000003], [77.12428000000001, 19.259980000000002], [77.1102, 19.27609], [77.10213, 19.27653], [77.10244, 19.28395], [77.10548, 19.28441], [77.11549000000001, 19.28301], [77.12222000000001, 19.281010000000002], [77.12861000000001, 19.27642]]]}}, {"id": "204", "type": "Feature", "properties": {"village_name": "Asegaon", "vil_lgd": 546414, "district_name": "Hingoli", "dist_lgd": 477, "subdistrict_name": "Basmath", "sdcode": 4115, "block_name": "Basmath", "block_lgd": 166, "gp_name": "", "state_name": "MAHARASHTRA", "state_lgd": 27, "population": 2584, "households": 484}, "geometry": {"type": "Polygon", "coordinates": [[[77.21892000000001, 19.27194], [77.21092, 19.26211], [77.20630000000001, 19.2635], [77.19751000000001, 19.26206], [77.1953, 19.26366], [77.19236000000001, 19.270110000000003], [77.18904, 19.27371], [77.19037, 19.283700000000003], [77.2001, 19.290280000000003], [77.20464000000001, 19.29381], [77.20657, 19.292350000000003], [77.20939000000001, 19.285300000000003], [77.21466000000001, 19.278200000000002], [77.21892000000001, 19.27194]]]}}, {"id": "205", "type": "Feature", "properties": {"village_name": "Lon Bk", "vil_lgd": 546385, "district_name": "Hingoli", "dist_lgd": 477, "subdistrict_name": "Basmath", "sdcode": 4115, "block_name": "Basmath", "block_lgd": 166, "gp_name": "", "state_name": "MAHARASHTRA", "state_lgd": 27, "population": 1598, "households": 330}, "geometry": {"type": "Polygon", "coordinates": [[[77.11092000000001, 19.24405], [77.10836, 19.2481], [77.10103000000001, 19.253320000000002], [77.10009000000001, 19.26507], [77.10094000000001, 19.27242], [77.10213, 19.27653], [77.1102, 19.27609], [77.12428000000001, 19.259980000000002], [77.12827, 19.256], [77.12929000000001, 19.25159], [77.1226, 19.247850000000003], [77.11845000000001, 19.24643], [77.11092000000001, 19.24405]]]}}, {"id": "206", "type": "Feature", "properties": {"village_name": "Ambanath", "vil_lgd": 546353, "district_name": "Hingoli", "dist_lgd": 477, "subdistrict_name": "Basmath", "sdcode": 4115, "block_name": "Basmath", "block_lgd": 166, "gp_name": "", "state_name": "MAHARASHTRA", "state_lgd": 27, "population": 5, "households": 1}, "geometry": {"type": "Polygon", "coordinates": [[[77.16148000000001, 19.43017], [77.15843000000001, 19.43024], [77.15573, 19.430670000000003], [77.15229000000001, 19.43363], [77.1517, 19.43586], [77.15194000000001, 19.444360000000003], [77.16232000000001, 19.445600000000002], [77.16292, 19.44462], [77.17077, 19.44431], [77.17261, 19.43805], [77.17179, 19.433380000000003], [77.16148000000001, 19.43017]]]}}, {"id": "207", "type": "Feature", "properties": {"village_name": "Rukhi", "vil_lgd": 546316, "district_name": "Hingoli", "dist_lgd": 477, "subdistrict_name": "Basmath", "sdcode": 4115, "block_name": "Basmath", "block_lgd": 166, "gp_name": "", "state_name": "MAHARASHTRA", "state_lgd": 27, "population": 136, "households": 23}, "geometry": {"type": "Polygon", "coordinates": [[[77.05657000000001, 19.34197], [77.05293, 19.34244], [77.04852000000001, 19.344720000000002], [77.04697, 19.346210000000003], [77.04621, 19.348860000000002], [77.04627, 19.350430000000003], [77.04978000000001, 19.36034], [77.05116000000001, 19.35884], [77.05414, 19.357680000000002], [77.06190000000001, 19.35576], [77.05994000000001, 19.35011], [77.05762, 19.34638], [77.05699000000001, 19.344040000000003], [77.05657000000001, 19.34197]]]}}, {"id": "208", "type": "Feature", "properties": {"village_name": "Murumba Kh", "vil_lgd": 546400, "district_name": "Hingoli", "dist_lgd": 477, "subdistrict_name": "Basmath", "sdcode": 4115, "block_name": "Basmath", "block_lgd": 166, "gp_name": "", "state_name": "MAHARASHTRA", "state_lgd": 27, "population": 24, "households": 4}, "geometry": {"type": "Polygon", "coordinates": [[[77.25439, 19.32508], [77.24944, 19.32092], [77.24097, 19.322550000000003], [77.23762, 19.312820000000002], [77.23392000000001, 19.319270000000003], [77.23321, 19.33042], [77.23576000000001, 19.331490000000002], [77.24715, 19.3323], [77.25269, 19.330430000000003], [77.25439, 19.32508]]]}}, {"id": "209", "type": "Feature", "properties": {"village_name": "Babhulgaon", "vil_lgd": 546412, "district_name": "Hingoli", "dist_lgd": 477, "subdistrict_name": "Basmath", "sdcode": 4115, "block_name": "Basmath", "block_lgd": 166, "gp_name": "", "state_name": "MAHARASHTRA", "state_lgd": 27, "population": 3906, "households": 745}, "geometry": {"type": "Polygon", "coordinates": [[[77.17182000000001, 19.28658], [77.16837000000001, 19.2834], [77.16717000000001, 19.28009], [77.16869000000001, 19.273410000000002], [77.16756000000001, 19.26548], [77.16514000000001, 19.262240000000002], [77.16038, 19.26198], [77.14688000000001, 19.263080000000002], [77.14357000000001, 19.26482], [77.13686000000001, 19.27175], [77.14328, 19.287290000000002], [77.14408, 19.29145], [77.14561, 19.291420000000002], [77.14945, 19.29231], [77.15395000000001, 19.29336], [77.15965000000001, 19.29466], [77.16411000000001, 19.293660000000003], [77.17182000000001, 19.28658]]]}}, {"id": "210", "type": "Feature", "properties": {"village_name": "Basmath", "vil_lgd": 251413, "district_name": "Hingoli", "dist_lgd": 477, "subdistrict_name": "Basmath", "sdcode": 4115, "block_name": "", "block_lgd": 0, "gp_name": "", "state_name": "MAHARASHTRA", "state_lgd": 27, "population": 68846, "households": 12405}, "geometry": {"type": "Polygon", "coordinates": [[[77.16747000000001, 19.34888], [77.17154000000001, 19.34927], [77.18402, 19.347800000000003], [77.19904000000001, 19.346], [77.20046, 19.34531], [77.19709, 19.342000000000002], [77.19872000000001, 19.33405], [77.19729000000001, 19.331500000000002], [77.18981000000001, 19.3302], [77.18583000000001, 19.33098], [77.18174, 19.319470000000003], [77.18039, 19.32006], [77.16628, 19.32355], [77.16413, 19.32608], [77.15831, 19.32766], [77.15959000000001, 19.33527], [77.16017000000001, 19.339840000000002], [77.15522, 19.34128], [77.15277, 19.343490000000003], [77.14023, 19.34328], [77.14726, 19.35046], [77.1496, 19.35284], [77.15960000000001, 19.35405], [77.16278000000001, 19.353060000000003], [77.16828000000001, 19.352790000000002], [77.16747000000001, 19.34888]]]}}, {"id": "211", "type": "Feature", "properties": {"village_name": "Ambala", "vil_lgd": 546354, "district_name": "Hingoli", "dist_lgd": 477, "subdistrict_name": "Basmath", "sdcode": 4115, "block_name": "Basmath", "block_lgd": 166, "gp_name": "", "state_name": "MAHARASHTRA", "state_lgd": 27, "population": 0, "households": 0}, "geometry": {"type": "Polygon", "coordinates": [[[77.16148000000001, 19.43017], [77.17179, 19.433380000000003], [77.1688, 19.426280000000002], [77.16864000000001, 19.419870000000003], [77.16564000000001, 19.41817], [77.16395, 19.414740000000002], [77.14631, 19.413300000000003], [77.14369, 19.414140000000003], [77.14255, 19.415470000000003], [77.14124000000001, 19.41721], [77.13525000000001, 19.43344], [77.13642, 19.43419], [77.14219, 19.443140000000003], [77.14237, 19.444960000000002], [77.15194000000001, 19.444360000000003], [77.1517, 19.43586], [77.15229000000001, 19.43363], [77.15573, 19.430670000000003], [77.15843000000001, 19.43024], [77.16148000000001, 19.43017]]]}}, {"id": "212", "type": "Feature", "properties": {"village_name": "Sawargaon", "vil_lgd": 546409, "district_name": "Hingoli", "dist_lgd": 477, "subdistrict_name": "Basmath", "sdcode": 4115, "block_name": "Basmath", "block_lgd": 166, "gp_name": "", "state_name": "MAHARASHTRA", "state_lgd": 27, "population": 0, "households": 0}, "geometry": {"type": "Polygon", "coordinates": [[[77.22109, 19.297400000000003], [77.21638, 19.300790000000003], [77.21182, 19.300870000000003], [77.20782000000001, 19.299100000000003], [77.20464000000001, 19.29381], [77.2001, 19.290280000000003], [77.19636000000001, 19.30047], [77.1907, 19.30874], [77.19019, 19.315420000000003], [77.19810000000001, 19.315340000000003], [77.20419000000001, 19.31099], [77.21826, 19.309700000000003], [77.22331000000001, 19.307350000000003], [77.22109, 19.297400000000003]]]}}, {"id": "213", "type": "Feature", "properties": {"village_name": "Bhategaon", "vil_lgd": 546285, "district_name": "Hingoli", "dist_lgd": 477, "subdistrict_name": "Basmath", "sdcode": 4115, "block_name": "Basmath", "block_lgd": 166, "gp_name": "", "state_name": "MAHARASHTRA", "state_lgd": 27, "population": 0, "households": 0}, "geometry": {"type": "Polygon", "coordinates": [[[77.01887, 19.32395], [77.01565000000001, 19.324720000000003], [77.0061, 19.324840000000002], [76.99592000000001, 19.321810000000003], [76.99303, 19.32824], [76.98983000000001, 19.331210000000002], [76.99349000000001, 19.33208], [76.99763, 19.33498], [77.00297, 19.33407], [77.01946000000001, 19.33348], [77.01842, 19.3259], [77.01887, 19.32395]]]}}, {"id": "214", "type": "Feature", "properties": {"village_name": "Krishnapur Tarf Jawala", "vil_lgd": 546263, "district_name": "Hingoli", "dist_lgd": 477, "subdistrict_name": "Kalamnuri", "sdcode": 4114, "block_name": "Kalamnuri", "block_lgd": 165, "gp_name": "", "state_name": "MAHARASHTRA", "state_lgd": 27, "population": 0, "households": 0}, "geometry": {"type": "Polygon", "coordinates": [[[77.36983000000001, 19.36221], [77.35279000000001, 19.34514], [77.34992000000001, 19.34627], [77.35015, 19.353260000000002], [77.35390000000001, 19.369190000000003], [77.36007000000001, 19.369790000000002], [77.3639, 19.369300000000003], [77.36981, 19.36624], [77.36983000000001, 19.36221]]]}}, {"id": "215", "type": "Feature", "properties": {"village_name": "Chincholi Tarf Malavta", "vil_lgd": 546399, "district_name": "Hingoli", "dist_lgd": 477, "subdistrict_name": "Basmath", "sdcode": 4115, "block_name": "Basmath", "block_lgd": 166, "gp_name": "", "state_name": "MAHARASHTRA", "state_lgd": 27, "population": 0, "households": 0}, "geometry": {"type": "Polygon", "coordinates": [[[77.25642, 19.3183], [77.24944, 19.32092], [77.25439, 19.32508], [77.25269, 19.330430000000003], [77.24948, 19.341620000000002], [77.26154000000001, 19.34474], [77.27198, 19.342670000000002], [77.27194, 19.335240000000002], [77.26845, 19.32874], [77.25642, 19.3183]]]}}, {"id": "216", "type": "Feature", "properties": {"village_name": "Jamgavhan Tanda", "vil_lgd": 546249, "district_name": "Hingoli", "dist_lgd": 477, "subdistrict_name": "Kalamnuri", "sdcode": 4114, "block_name": "Kalamnuri", "block_lgd": 165, "gp_name": "", "state_name": "MAHARASHTRA", "state_lgd": 27, "population": 145, "households": 30}, "geometry": {"type": "Polygon", "coordinates": [[[77.39775, 19.40368], [77.39225, 19.40794], [77.39871000000001, 19.408920000000002], [77.40099000000001, 19.40848], [77.40372, 19.40662], [77.39842, 19.404220000000002], [77.39775, 19.40368]]]}}, {"id": "217", "type": "Feature", "properties": {"village_name": "Sawangi", "vil_lgd": 546171, "district_name": "Hingoli", "dist_lgd": 477, "subdistrict_name": "Kalamnuri", "sdcode": 4114, "block_name": "Kalamnuri", "block_lgd": 165, "gp_name": "", "state_name": "MAHARASHTRA", "state_lgd": 27, "population": 873, "households": 174}, "geometry": {"type": "Polygon", "coordinates": [[[77.24940000000001, 19.60689], [77.24509, 19.60782], [77.23631, 19.610390000000002], [77.24158000000001, 19.61717], [77.24346000000001, 19.627640000000003], [77.24571, 19.6281], [77.24911, 19.6296], [77.25758, 19.63587], [77.25615, 19.6213], [77.24940000000001, 19.60689]]]}}, {"id": "218", "type": "Feature", "properties": {"village_name": "Digras K", "vil_lgd": 545966, "district_name": "Hingoli", "dist_lgd": 477, "subdistrict_name": "Hingoli", "sdcode": 4112, "block_name": "Hingoli", "block_lgd": 163, "gp_name": "", "state_name": "MAHARASHTRA", "state_lgd": 27, "population": 4936, "households": 1029}, "geometry": {"type": "Polygon", "coordinates": [[[77.08313000000001, 19.69224], [77.08415000000001, 19.689590000000003], [77.08691, 19.686890000000002], [77.08238, 19.68383], [77.08068, 19.67764], [77.08283, 19.66723], [77.08779000000001, 19.65989], [77.0891, 19.655910000000002], [77.08311, 19.650560000000002], [77.07236, 19.64318], [77.06099, 19.649430000000002], [77.05951, 19.652610000000003], [77.05713, 19.654120000000002], [77.04315000000001, 19.654310000000002], [77.04220000000001, 19.67097], [77.04324000000001, 19.675420000000003], [77.05307, 19.67903], [77.05765000000001, 19.680410000000002], [77.06500000000001, 19.68492], [77.06684000000001, 19.68721], [77.07530000000001, 19.69404], [77.08149, 19.692700000000002], [77.08313000000001, 19.69224]]]}}, {"id": "219", "type": "Feature", "properties": {"village_name": "Sawali", "vil_lgd": 546001, "district_name": "Hingoli", "dist_lgd": 477, "subdistrict_name": "Aundha (Nagnath)", "sdcode": 4113, "block_name": "Aundha (Nagnath)", "block_lgd": 164, "gp_name": "", "state_name": "MAHARASHTRA", "state_lgd": 27, "population": 1261, "households": 277}, "geometry": {"type": "Polygon", "coordinates": [[[77.04220000000001, 19.67097], [77.04315000000001, 19.654310000000002], [77.03464000000001, 19.65408], [77.03577, 19.65987], [77.03559000000001, 19.66526], [77.03452, 19.66675], [77.03368, 19.670810000000003], [77.03131, 19.670530000000003], [77.02762000000001, 19.66845], [77.02303, 19.66338], [77.01608, 19.66128], [77.0117, 19.657870000000003], [77.01123000000001, 19.65511], [77.01387000000001, 19.65203], [77.00808, 19.65086], [77.00143000000001, 19.65848], [77.00312000000001, 19.670820000000003], [77.00202, 19.67547], [77.00754, 19.6781], [77.01209, 19.680310000000002], [77.02013000000001, 19.68599], [77.02049000000001, 19.684540000000002], [77.02583000000001, 19.681500000000003], [77.02993000000001, 19.68024], [77.03567000000001, 19.67971], [77.04324000000001, 19.675420000000003], [77.04220000000001, 19.67097]]]}}, {"id": "220", "type": "Feature", "properties": {"village_name": "Santuk Pimpari", "vil_lgd": 545967, "district_name": "Hingoli", "dist_lgd": 477, "subdistrict_name": "Hingoli", "sdcode": 4112, "block_name": "Hingoli", "block_lgd": 163, "gp_name": "", "state_name": "MAHARASHTRA", "state_lgd": 27, "population": 1616, "households": 294}, "geometry": {"type": "Polygon", "coordinates": [[[77.09921, 19.68081], [77.10409, 19.67811], [77.11341, 19.67799], [77.12345, 19.6753], [77.11507, 19.667370000000002], [77.10773, 19.65978], [77.10594, 19.65454], [77.0891, 19.655910000000002], [77.08779000000001, 19.65989], [77.08283, 19.66723], [77.08068, 19.67764], [77.08238, 19.68383], [77.08691, 19.686890000000002], [77.09462, 19.684910000000002], [77.09921, 19.68081]]]}}, {"id": "221", "type": "Feature", "properties": {"village_name": "Samga", "vil_lgd": 545933, "district_name": "Hingoli", "dist_lgd": 477, "subdistrict_name": "Hingoli", "sdcode": 4112, "block_name": "Hingoli", "block_lgd": 163, "gp_name": "", "state_name": "MAHARASHTRA", "state_lgd": 27, "population": 1670, "households": 336}, "geometry": {"type": "Polygon", "coordinates": [[[77.20306000000001, 19.68045], [77.20553000000001, 19.678990000000002], [77.21109000000001, 19.678430000000002], [77.21122000000001, 19.67404], [77.20292, 19.67443], [77.18272, 19.67172], [77.18553, 19.68046], [77.18619000000001, 19.688380000000002], [77.18755, 19.69123], [77.19386, 19.69003], [77.19464, 19.690810000000003], [77.19496000000001, 19.69462], [77.19987, 19.69021], [77.20306000000001, 19.68045]]]}}, {"id": "222", "type": "Feature", "properties": {"village_name": "Kothalaj", "vil_lgd": 545934, "district_name": "Hingoli", "dist_lgd": 477, "subdistrict_name": "Hingoli", "sdcode": 4112, "block_name": "Hingoli", "block_lgd": 163, "gp_name": "", "state_name": "MAHARASHTRA", "state_lgd": 27, "population": 1945, "households": 347}, "geometry": {"type": "Polygon", "coordinates": [[[77.17023, 19.66026], [77.16463, 19.661540000000002], [77.16221, 19.665200000000002], [77.15518, 19.66879], [77.15089, 19.677280000000003], [77.14733000000001, 19.68046], [77.15763000000001, 19.682560000000002], [77.16784000000001, 19.686570000000003], [77.1837, 19.69027], [77.18492, 19.69168], [77.18608, 19.691480000000002], [77.18755, 19.69123], [77.18619000000001, 19.688380000000002], [77.18553, 19.68046], [77.18272, 19.67172], [77.17920000000001, 19.66174], [77.17558000000001, 19.660590000000003], [77.17023, 19.66026]]]}}, {"id": "223", "type": "Feature", "properties": {"village_name": "Sawali Tanda", "vil_lgd": 546002, "district_name": "Hingoli", "dist_lgd": 477, "subdistrict_name": "Aundha (Nagnath)", "sdcode": 4113, "block_name": "Aundha (Nagnath)", "block_lgd": 164, "gp_name": "", "state_name": "MAHARASHTRA", "state_lgd": 27, "population": 500, "households": 91}, "geometry": {"type": "Polygon", "coordinates": [[[77.01387000000001, 19.65203], [77.01123000000001, 19.65511], [77.0117, 19.657870000000003], [77.01608, 19.66128], [77.02303, 19.66338], [77.02762000000001, 19.66845], [77.03131, 19.670530000000003], [77.03368, 19.670810000000003], [77.03452, 19.66675], [77.03559000000001, 19.66526], [77.03577, 19.65987], [77.03464000000001, 19.65408], [77.01748, 19.652800000000003], [77.01387000000001, 19.65203]]]}}, {"id": "224", "type": "Feature", "properties": {"village_name": "Selsura", "vil_lgd": 546164, "district_name": "Hingoli", "dist_lgd": 477, "subdistrict_name": "Kalamnuri", "sdcode": 4114, "block_name": "Kalamnuri", "block_lgd": 165, "gp_name": "", "state_name": "MAHARASHTRA", "state_lgd": 27, "population": 1642, "households": 342}, "geometry": {"type": "Polygon", "coordinates": [[[77.26665000000001, 19.673810000000003], [77.25964, 19.669130000000003], [77.23993, 19.670650000000002], [77.23797, 19.68023], [77.23845, 19.68906], [77.24225000000001, 19.689320000000002], [77.24666, 19.690350000000002], [77.25185, 19.69515], [77.26292000000001, 19.69431], [77.26324000000001, 19.69179], [77.26538000000001, 19.691360000000003], [77.26665000000001, 19.673810000000003]]]}}, {"id": "225", "type": "Feature", "properties": {"village_name": "Dewala", "vil_lgd": 546025, "district_name": "Hingoli", "dist_lgd": 477, "subdistrict_name": "Aundha (Nagnath)", "sdcode": 4113, "block_name": "Aundha (Nagnath)", "block_lgd": 164, "gp_name": "", "state_name": "MAHARASHTRA", "state_lgd": 27, "population": 1209, "households": 205}, "geometry": {"type": "Polygon", "coordinates": [[[77.16463, 19.661540000000002], [77.15333000000001, 19.65886], [77.14997000000001, 19.658820000000002], [77.14136, 19.663410000000002], [77.13634, 19.663320000000002], [77.12265000000001, 19.663680000000003], [77.11507, 19.667370000000002], [77.12345, 19.6753], [77.1286, 19.679090000000002], [77.13494, 19.67976], [77.14127, 19.67998], [77.1431, 19.680130000000002], [77.14733000000001, 19.68046], [77.15089, 19.677280000000003], [77.15518, 19.66879], [77.16221, 19.665200000000002], [77.16463, 19.661540000000002]]]}}, {"id": "226", "type": "Feature", "properties": {"village_name": "Kalamkonda Bk", "vil_lgd": 545931, "district_name": "Hingoli", "dist_lgd": 477, "subdistrict_name": "Hingoli", "sdcode": 4112, "block_name": "Hingoli", "block_lgd": 163, "gp_name": "", "state_name": "MAHARASHTRA", "state_lgd": 27, "population": 1329, "households": 253}, "geometry": {"type": "Polygon", "coordinates": [[[77.23576000000001, 19.669330000000002], [77.22616000000001, 19.67604], [77.22163, 19.678320000000003], [77.22073, 19.679660000000002], [77.22106000000001, 19.684530000000002], [77.22307, 19.688830000000003], [77.22710000000001, 19.69011], [77.23277, 19.69031], [77.23845, 19.68906], [77.23797, 19.68023], [77.23993, 19.670650000000002], [77.23711, 19.670080000000002], [77.23576000000001, 19.669330000000002]]]}}, {"id": "227", "type": "Feature", "properties": {"village_name": "Gangalwadi", "vil_lgd": 546006, "district_name": "Hingoli", "dist_lgd": 477, "subdistrict_name": "Aundha (Nagnath)", "sdcode": 4113, "block_name": "Aundha (Nagnath)", "block_lgd": 164, "gp_name": "", "state_name": "MAHARASHTRA", "state_lgd": 27, "population": 728, "households": 141}, "geometry": {"type": "Polygon", "coordinates": [[[77.00808, 19.65086], [77.00894000000001, 19.649140000000003], [77.00844000000001, 19.64301], [77.00569, 19.630760000000002], [77.00192000000001, 19.620900000000002], [77.00165000000001, 19.615370000000002], [77.00200000000001, 19.61146], [77.001, 19.60576], [77.00179, 19.600800000000003], [76.99942, 19.5975], [76.99264000000001, 19.60376], [76.98945, 19.608800000000002], [76.98582, 19.62171], [76.98257000000001, 19.627820000000003], [76.9847, 19.63653], [76.98316000000001, 19.65631], [76.98447, 19.65857], [76.98519, 19.65981], [76.99000000000001, 19.66222], [77.00143000000001, 19.65848], [77.00808, 19.65086]]]}}, {"id": "228", "type": "Feature", "properties": {"village_name": "Hatmali", "vil_lgd": 546163, "district_name": "Hingoli", "dist_lgd": 477, "subdistrict_name": "Kalamnuri", "sdcode": 4114, "block_name": "Kalamnuri", "block_lgd": 165, "gp_name": "", "state_name": "MAHARASHTRA", "state_lgd": 27, "population": 807, "households": 171}, "geometry": {"type": "Polygon", "coordinates": [[[77.27577000000001, 19.69141], [77.28261, 19.690340000000003], [77.28778000000001, 19.688280000000002], [77.29019000000001, 19.68643], [77.29190000000001, 19.67547], [77.28639000000001, 19.675030000000003], [77.27664, 19.672590000000003], [77.27032000000001, 19.67324], [77.26665000000001, 19.673810000000003], [77.26538000000001, 19.691360000000003], [77.26666, 19.691270000000003], [77.27577000000001, 19.69141]]]}}, {"id": "229", "type": "Feature", "properties": {"village_name": "Takli Tarf Nandapur", "vil_lgd": 545937, "district_name": "Hingoli", "dist_lgd": 477, "subdistrict_name": "Hingoli", "sdcode": 4112, "block_name": "Hingoli", "block_lgd": 163, "gp_name": "", "state_name": "MAHARASHTRA", "state_lgd": 27, "population": 1430, "households": 269}, "geometry": {"type": "Polygon", "coordinates": [[[77.22163, 19.678320000000003], [77.22616000000001, 19.67604], [77.23576000000001, 19.669330000000002], [77.23010000000001, 19.6578], [77.22084000000001, 19.65827], [77.21821000000001, 19.66287], [77.21222, 19.66695], [77.21137, 19.669020000000003], [77.21122000000001, 19.67404], [77.21109000000001, 19.678430000000002], [77.21978, 19.677660000000003], [77.22163, 19.678320000000003]]]}}, {"id": "230", "type": "Feature", "properties": {"village_name": "Kundkar Pimpri", "vil_lgd": 546024, "district_name": "Hingoli", "dist_lgd": 477, "subdistrict_name": "Aundha (Nagnath)", "sdcode": 4113, "block_name": "Aundha (Nagnath)", "block_lgd": 164, "gp_name": "", "state_name": "MAHARASHTRA", "state_lgd": 27, "population": 1038, "households": 181}, "geometry": {"type": "Polygon", "coordinates": [[[77.13634, 19.663320000000002], [77.13719, 19.64908], [77.14024, 19.642210000000002], [77.12400000000001, 19.641550000000002], [77.11881000000001, 19.64224], [77.11637, 19.643980000000003], [77.11012000000001, 19.645290000000003], [77.10682000000001, 19.646800000000002], [77.10539, 19.65081], [77.10594, 19.65454], [77.10773, 19.65978], [77.11507, 19.667370000000002], [77.12265000000001, 19.663680000000003], [77.13634, 19.663320000000002]]]}}, {"id": "231", "type": "Feature", "properties": {"village_name": "Durgdhamni", "vil_lgd": 545936, "district_name": "Hingoli", "dist_lgd": 477, "subdistrict_name": "Hingoli", "sdcode": 4112, "block_name": "Hingoli", "block_lgd": 163, "gp_name": "", "state_name": "MAHARASHTRA", "state_lgd": 27, "population": 620, "households": 136}, "geometry": {"type": "Polygon", "coordinates": [[[77.22084000000001, 19.65827], [77.21183, 19.65831], [77.2094, 19.657400000000003], [77.20774, 19.65556], [77.20121, 19.657040000000002], [77.19536000000001, 19.6568], [77.18289, 19.65868], [77.18168, 19.66046], [77.17920000000001, 19.66174], [77.18272, 19.67172], [77.20292, 19.67443], [77.21122000000001, 19.67404], [77.21137, 19.669020000000003], [77.21222, 19.66695], [77.21821000000001, 19.66287], [77.22084000000001, 19.65827]]]}}, {"id": "232", "type": "Feature", "properties": {"village_name": "Dughala", "vil_lgd": 546037, "district_name": "Hingoli", "dist_lgd": 477, "subdistrict_name": "Aundha (Nagnath)", "sdcode": 4113, "block_name": "Aundha (Nagnath)", "block_lgd": 164, "gp_name": "", "state_name": "MAHARASHTRA", "state_lgd": 27, "population": 2892, "households": 544}, "geometry": {"type": "Polygon", "coordinates": [[[77.05713, 19.654120000000002], [77.05951, 19.652610000000003], [77.06099, 19.649430000000002], [77.05653000000001, 19.633850000000002], [77.05763, 19.623430000000003], [77.05353000000001, 19.60629], [77.04971, 19.60782], [77.01258, 19.614720000000002], [77.00165000000001, 19.615370000000002], [77.00192000000001, 19.620900000000002], [77.00569, 19.630760000000002], [77.00844000000001, 19.64301], [77.00894000000001, 19.649140000000003], [77.00808, 19.65086], [77.01387000000001, 19.65203], [77.01748, 19.652800000000003], [77.03464000000001, 19.65408], [77.04315000000001, 19.654310000000002], [77.05713, 19.654120000000002]]]}}, {"id": "233", "type": "Feature", "properties": {"village_name": "Lakh", "vil_lgd": 546026, "district_name": "Hingoli", "dist_lgd": 477, "subdistrict_name": "Aundha (Nagnath)", "sdcode": 4113, "block_name": "Aundha (Nagnath)", "block_lgd": 164, "gp_name": "", "state_name": "MAHARASHTRA", "state_lgd": 27, "population": 2334, "households": 437}, "geometry": {"type": "Polygon", "coordinates": [[[77.15333000000001, 19.65886], [77.16463, 19.661540000000002], [77.17023, 19.66026], [77.16333, 19.64884], [77.16304000000001, 19.646800000000002], [77.16352, 19.64449], [77.16715, 19.640620000000002], [77.16841000000001, 19.64158], [77.16748000000001, 19.630850000000002], [77.16295000000001, 19.63051], [77.15806, 19.63232], [77.15125, 19.63737], [77.14188, 19.63549], [77.14179, 19.64057], [77.14024, 19.642210000000002], [77.13719, 19.64908], [77.13634, 19.663320000000002], [77.14136, 19.663410000000002], [77.14997000000001, 19.658820000000002], [77.15333000000001, 19.65886]]]}}, {"id": "234", "type": "Feature", "properties": {"village_name": "Hiwara Jatu", "vil_lgd": 546023, "district_name": "Hingoli", "dist_lgd": 477, "subdistrict_name": "Aundha (Nagnath)", "sdcode": 4113, "block_name": "Aundha (Nagnath)", "block_lgd": 164, "gp_name": "", "state_name": "MAHARASHTRA", "state_lgd": 27, "population": 740, "households": 155}, "geometry": {"type": "Polygon", "coordinates": [[[77.1008, 19.63218], [77.07361, 19.63476], [77.07368000000001, 19.63941], [77.07236, 19.64318], [77.08311, 19.650560000000002], [77.0891, 19.655910000000002], [77.10594, 19.65454], [77.10539, 19.65081], [77.10682000000001, 19.646800000000002], [77.10253, 19.642190000000003], [77.10107, 19.638620000000003], [77.10090000000001, 19.635740000000002], [77.1008, 19.63218]]]}}, {"id": "235", "type": "Feature", "properties": {"village_name": "Jamrun", "vil_lgd": 546165, "district_name": "Hingoli", "dist_lgd": 477, "subdistrict_name": "Kalamnuri", "sdcode": 4114, "block_name": "Kalamnuri", "block_lgd": 165, "gp_name": "", "state_name": "MAHARASHTRA", "state_lgd": 27, "population": 648, "households": 112}, "geometry": {"type": "Polygon", "coordinates": [[[77.27664, 19.672590000000003], [77.28002000000001, 19.667360000000002], [77.28, 19.664350000000002], [77.27771000000001, 19.659470000000002], [77.27533000000001, 19.65837], [77.25986, 19.65688], [77.25868000000001, 19.667270000000002], [77.25964, 19.669130000000003], [77.26665000000001, 19.673810000000003], [77.27032000000001, 19.67324], [77.27664, 19.672590000000003]]]}}, {"id": "236", "type": "Feature", "properties": {"village_name": "Maldhamni", "vil_lgd": 545938, "district_name": "Hingoli", "dist_lgd": 477, "subdistrict_name": "Hingoli", "sdcode": 4112, "block_name": "Hingoli", "block_lgd": 163, "gp_name": "", "state_name": "MAHARASHTRA", "state_lgd": 27, "population": 1981, "households": 461}, "geometry": {"type": "Polygon", "coordinates": [[[77.24001000000001, 19.63896], [77.23759000000001, 19.63907], [77.23183, 19.644090000000002], [77.23136000000001, 19.645780000000002], [77.23098, 19.65662], [77.23010000000001, 19.6578], [77.23576000000001, 19.669330000000002], [77.23711, 19.670080000000002], [77.23993, 19.670650000000002], [77.25964, 19.669130000000003], [77.25868000000001, 19.667270000000002], [77.25986, 19.65688], [77.25975000000001, 19.65142], [77.25837, 19.649820000000002], [77.25683000000001, 19.64533], [77.25439, 19.643320000000003], [77.24788000000001, 19.6427], [77.24176, 19.64018], [77.24001000000001, 19.63896]]]}}, {"id": "237", "type": "Feature", "properties": {"village_name": "Bibgavhan", "vil_lgd": 546144, "district_name": "Hingoli", "dist_lgd": 477, "subdistrict_name": "Kalamnuri", "sdcode": 4114, "block_name": "Kalamnuri", "block_lgd": 165, "gp_name": "", "state_name": "MAHARASHTRA", "state_lgd": 27, "population": 400, "households": 73}, "geometry": {"type": "Polygon", "coordinates": [[[77.38156000000001, 19.638620000000003], [77.37851, 19.6442], [77.37666, 19.64589], [77.37299, 19.665010000000002], [77.37043000000001, 19.671020000000002], [77.37027, 19.676070000000003], [77.37795000000001, 19.679920000000003], [77.37960000000001, 19.68212], [77.38062000000001, 19.68533], [77.38624, 19.68514], [77.39454, 19.677310000000002], [77.39787000000001, 19.66879], [77.39724000000001, 19.66263], [77.39243, 19.66178], [77.38994000000001, 19.65831], [77.38412000000001, 19.65415], [77.385, 19.651570000000003], [77.38837000000001, 19.650450000000003], [77.38754, 19.644640000000003], [77.38873000000001, 19.64264], [77.38534, 19.64139], [77.38156000000001, 19.638620000000003]]]}}, {"id": "238", "type": "Feature", "properties": {"village_name": "Pimpla", "vil_lgd": 546036, "district_name": "Hingoli", "dist_lgd": 477, "subdistrict_name": "Aundha (Nagnath)", "sdcode": 4113, "block_name": "Aundha (Nagnath)", "block_lgd": 164, "gp_name": "", "state_name": "MAHARASHTRA", "state_lgd": 27, "population": 492, "households": 112}, "geometry": {"type": "Polygon", "coordinates": [[[77.07107, 19.618530000000003], [77.06935, 19.61999], [77.06367, 19.62218], [77.05763, 19.623430000000003], [77.05653000000001, 19.633850000000002], [77.06099, 19.649430000000002], [77.07236, 19.64318], [77.07368000000001, 19.63941], [77.07361, 19.63476], [77.07193000000001, 19.62225], [77.07107, 19.618530000000003]]]}}, {"id": "239", "type": "Feature", "properties": {"village_name": "Kalamkonda Kh", "vil_lgd": 546166, "district_name": "Hingoli", "dist_lgd": 477, "subdistrict_name": "Kalamnuri", "sdcode": 4114, "block_name": "Kalamnuri", "block_lgd": 165, "gp_name": "", "state_name": "MAHARASHTRA", "state_lgd": 27, "population": 1026, "households": 210}, "geometry": {"type": "Polygon", "coordinates": [[[77.30337, 19.65576], [77.28908000000001, 19.656170000000003], [77.28252, 19.655710000000003], [77.28116, 19.659360000000003], [77.27771000000001, 19.659470000000002], [77.28, 19.664350000000002], [77.28002000000001, 19.667360000000002], [77.27664, 19.672590000000003], [77.28639000000001, 19.675030000000003], [77.29190000000001, 19.67547], [77.29625, 19.67613], [77.29557000000001, 19.671280000000003], [77.30337, 19.65576]]]}}, {"id": "240", "type": "Feature", "properties": {"village_name": "Nawkha", "vil_lgd": 545935, "district_name": "Hingoli", "dist_lgd": 477, "subdistrict_name": "Hingoli", "sdcode": 4112, "block_name": "Hingoli", "block_lgd": 163, "gp_name": "", "state_name": "MAHARASHTRA", "state_lgd": 27, "population": 472, "households": 101}, "geometry": {"type": "Polygon", "coordinates": [[[77.18289, 19.65868], [77.18402, 19.643150000000002], [77.17522000000001, 19.64526], [77.17244000000001, 19.64467], [77.16841000000001, 19.64158], [77.16715, 19.640620000000002], [77.16352, 19.64449], [77.16304000000001, 19.646800000000002], [77.16333, 19.64884], [77.17023, 19.66026], [77.17558000000001, 19.660590000000003], [77.17920000000001, 19.66174], [77.18168, 19.66046], [77.18289, 19.65868]]]}}, {"id": "241", "type": "Feature", "properties": {"village_name": "Khaparkheda", "vil_lgd": 546145, "district_name": "Hingoli", "dist_lgd": 477, "subdistrict_name": "Kalamnuri", "sdcode": 4114, "block_name": "Kalamnuri", "block_lgd": 165, "gp_name": "", "state_name": "MAHARASHTRA", "state_lgd": 27, "population": 1425, "households": 275}, "geometry": {"type": "Polygon", "coordinates": [[[77.40952, 19.665570000000002], [77.40689, 19.659010000000002], [77.40264, 19.66147], [77.39724000000001, 19.66263], [77.39787000000001, 19.66879], [77.39454, 19.677310000000002], [77.40192, 19.68126], [77.40613, 19.682540000000003], [77.40725, 19.678060000000002], [77.41099000000001, 19.671270000000003], [77.41210000000001, 19.667610000000003], [77.40952, 19.665570000000002]]]}}, {"id": "242", "type": "Feature", "properties": {"village_name": "Yedud", "vil_lgd": 546028, "district_name": "Hingoli", "dist_lgd": 477, "subdistrict_name": "Aundha (Nagnath)", "sdcode": 4113, "block_name": "Aundha (Nagnath)", "block_lgd": 164, "gp_name": "", "state_name": "MAHARASHTRA", "state_lgd": 27, "population": 1803, "households": 393}, "geometry": {"type": "Polygon", "coordinates": [[[77.20121, 19.657040000000002], [77.20774, 19.65556], [77.20583, 19.6505], [77.20604, 19.645680000000002], [77.20662, 19.63991], [77.20579000000001, 19.639180000000003], [77.19883, 19.639770000000002], [77.19612000000001, 19.63738], [77.19463, 19.63293], [77.19221, 19.631220000000003], [77.18722000000001, 19.63672], [77.18402, 19.643150000000002], [77.18289, 19.65868], [77.19536000000001, 19.6568], [77.20121, 19.657040000000002]]]}}, {"id": "243", "type": "Feature", "properties": {"village_name": "Jadgaon", "vil_lgd": 546034, "district_name": "Hingoli", "dist_lgd": 477, "subdistrict_name": "Aundha (Nagnath)", "sdcode": 4113, "block_name": "Aundha (Nagnath)", "block_lgd": 164, "gp_name": "", "state_name": "MAHARASHTRA", "state_lgd": 27, "population": 1715, "households": 332}, "geometry": {"type": "Polygon", "coordinates": [[[77.11989000000001, 19.639760000000003], [77.12036, 19.63259], [77.12226000000001, 19.626620000000003], [77.12407, 19.62003], [77.12279000000001, 19.615560000000002], [77.12084, 19.613210000000002], [77.11479, 19.604950000000002], [77.10548, 19.6095], [77.09239000000001, 19.611870000000003], [77.09960000000001, 19.62273], [77.10081000000001, 19.62751], [77.1008, 19.63218], [77.10090000000001, 19.635740000000002], [77.10107, 19.638620000000003], [77.10253, 19.642190000000003], [77.10682000000001, 19.646800000000002], [77.11012000000001, 19.645290000000003], [77.11637, 19.643980000000003], [77.11881000000001, 19.64224], [77.11989000000001, 19.639760000000003]]]}}, {"id": "244", "type": "Feature", "properties": {"village_name": "Khed", "vil_lgd": 545939, "district_name": "Hingoli", "dist_lgd": 477, "subdistrict_name": "Hingoli", "sdcode": 4112, "block_name": "Hingoli", "block_lgd": 163, "gp_name": "", "state_name": "MAHARASHTRA", "state_lgd": 27, "population": 567, "households": 104}, "geometry": {"type": "Polygon", "coordinates": [[[77.21508, 19.64241], [77.20604, 19.645680000000002], [77.20583, 19.6505], [77.20774, 19.65556], [77.2094, 19.657400000000003], [77.21183, 19.65831], [77.22084000000001, 19.65827], [77.23010000000001, 19.6578], [77.23098, 19.65662], [77.23136000000001, 19.645780000000002], [77.2171, 19.64254], [77.21508, 19.64241]]]}}, {"id": "245", "type": "Feature", "properties": {"village_name": "Malegaon", "vil_lgd": 546152, "district_name": "Hingoli", "dist_lgd": 477, "subdistrict_name": "Kalamnuri", "sdcode": 4114, "block_name": "Kalamnuri", "block_lgd": 165, "gp_name": "", "state_name": "MAHARASHTRA", "state_lgd": 27, "population": 1102, "households": 215}, "geometry": {"type": "Polygon", "coordinates": [[[77.37043000000001, 19.671020000000002], [77.37299, 19.665010000000002], [77.37666, 19.64589], [77.36703, 19.64028], [77.36157, 19.63924], [77.35698000000001, 19.63999], [77.35756, 19.64114], [77.35673000000001, 19.64995], [77.35561000000001, 19.653290000000002], [77.35314000000001, 19.656630000000003], [77.36045, 19.669210000000003], [77.35965, 19.67107], [77.36368, 19.670550000000002], [77.37043000000001, 19.671020000000002]]]}}, {"id": "246", "type": "Feature", "properties": {"village_name": "Mahalajgaon", "vil_lgd": 546033, "district_name": "Hingoli", "dist_lgd": 477, "subdistrict_name": "Aundha (Nagnath)", "sdcode": 4113, "block_name": "Aundha (Nagnath)", "block_lgd": 164, "gp_name": "", "state_name": "MAHARASHTRA", "state_lgd": 27, "population": 304, "households": 59}, "geometry": {"type": "Polygon", "coordinates": [[[77.14024, 19.642210000000002], [77.14179, 19.64057], [77.14188, 19.63549], [77.15125, 19.63737], [77.15806, 19.63232], [77.15586, 19.6296], [77.14851, 19.62488], [77.1376, 19.62818], [77.12947000000001, 19.62799], [77.12226000000001, 19.626620000000003], [77.12036, 19.63259], [77.11989000000001, 19.639760000000003], [77.11881000000001, 19.64224], [77.12400000000001, 19.641550000000002], [77.14024, 19.642210000000002]]]}}, {"id": "247", "type": "Feature", "properties": {"village_name": "Waranga Tarf Nandapur", "vil_lgd": 546168, "district_name": "Hingoli", "dist_lgd": 477, "subdistrict_name": "Kalamnuri", "sdcode": 4114, "block_name": "Kalamnuri", "block_lgd": 165, "gp_name": "", "state_name": "MAHARASHTRA", "state_lgd": 27, "population": 2081, "households": 417}, "geometry": {"type": "Polygon", "coordinates": [[[77.2796, 19.6259], [77.2754, 19.62751], [77.25978, 19.63784], [77.25439, 19.643320000000003], [77.25683000000001, 19.64533], [77.25837, 19.649820000000002], [77.25975000000001, 19.65142], [77.25986, 19.65688], [77.27533000000001, 19.65837], [77.27771000000001, 19.659470000000002], [77.28116, 19.659360000000003], [77.28252, 19.655710000000003], [77.28728000000001, 19.64609], [77.29, 19.63812], [77.29024000000001, 19.62918], [77.28125, 19.626070000000002], [77.2796, 19.6259]]]}}, {"id": "248", "type": "Feature", "properties": {"village_name": "Borja", "vil_lgd": 546035, "district_name": "Hingoli", "dist_lgd": 477, "subdistrict_name": "Aundha (Nagnath)", "sdcode": 4113, "block_name": "Aundha (Nagnath)", "block_lgd": 164, "gp_name": "", "state_name": "MAHARASHTRA", "state_lgd": 27, "population": 967, "households": 193}, "geometry": {"type": "Polygon", "coordinates": [[[77.08965, 19.612340000000003], [77.07684, 19.61373], [77.07531, 19.61426], [77.07107, 19.618530000000003], [77.07193000000001, 19.62225], [77.07361, 19.63476], [77.1008, 19.63218], [77.10081000000001, 19.62751], [77.09960000000001, 19.62273], [77.09239000000001, 19.611870000000003], [77.08965, 19.612340000000003]]]}}, {"id": "249", "type": "Feature", "properties": {"village_name": "Palodi", "vil_lgd": 546153, "district_name": "Hingoli", "dist_lgd": 477, "subdistrict_name": "Kalamnuri", "sdcode": 4114, "block_name": "Kalamnuri", "block_lgd": 165, "gp_name": "", "state_name": "MAHARASHTRA", "state_lgd": 27, "population": 1444, "households": 291}, "geometry": {"type": "Polygon", "coordinates": [[[77.32405, 19.61848], [77.32327000000001, 19.623880000000003], [77.31991000000001, 19.63622], [77.31546, 19.64103], [77.31526000000001, 19.645970000000002], [77.31705000000001, 19.65079], [77.31721, 19.65436], [77.32541, 19.66083], [77.33232000000001, 19.66319], [77.34580000000001, 19.66128], [77.35314000000001, 19.656630000000003], [77.35561000000001, 19.653290000000002], [77.35673000000001, 19.64995], [77.35756, 19.64114], [77.35698000000001, 19.63999], [77.35171000000001, 19.637970000000003], [77.34899, 19.635620000000003], [77.34726, 19.6322], [77.34564, 19.625700000000002], [77.34139, 19.61974], [77.32405, 19.61848]]]}}, {"id": "250", "type": "Feature", "properties": {"village_name": "Shiwani Bk", "vil_lgd": 546150, "district_name": "Hingoli", "dist_lgd": 477, "subdistrict_name": "Kalamnuri", "sdcode": 4114, "block_name": "Kalamnuri", "block_lgd": 165, "gp_name": "", "state_name": "MAHARASHTRA", "state_lgd": 27, "population": 1082, "households": 237}, "geometry": {"type": "Polygon", "coordinates": [[[77.43398, 19.654500000000002], [77.4338, 19.64281], [77.41029, 19.644160000000003], [77.40721, 19.65537], [77.40689, 19.659010000000002], [77.40952, 19.665570000000002], [77.41210000000001, 19.667610000000003], [77.42118, 19.66964], [77.43572, 19.6691], [77.43398, 19.654500000000002]]]}}, {"id": "251", "type": "Feature", "properties": {"village_name": "Puyana", "vil_lgd": 546167, "district_name": "Hingoli", "dist_lgd": 477, "subdistrict_name": "Kalamnuri", "sdcode": 4114, "block_name": "Kalamnuri", "block_lgd": 165, "gp_name": "", "state_name": "MAHARASHTRA", "state_lgd": 27, "population": 1054, "households": 215}, "geometry": {"type": "Polygon", "coordinates": [[[77.30337, 19.65576], [77.31288, 19.65405], [77.31721, 19.65436], [77.31705000000001, 19.65079], [77.31526000000001, 19.645970000000002], [77.31546, 19.64103], [77.29, 19.63812], [77.28728000000001, 19.64609], [77.28252, 19.655710000000003], [77.28908000000001, 19.656170000000003], [77.30337, 19.65576]]]}}, {"id": "252", "type": "Feature", "properties": {"village_name": "Hingni", "vil_lgd": 545940, "district_name": "Hingoli", "dist_lgd": 477, "subdistrict_name": "Hingoli", "sdcode": 4112, "block_name": "Hingoli", "block_lgd": 163, "gp_name": "", "state_name": "MAHARASHTRA", "state_lgd": 27, "population": 1628, "households": 305}, "geometry": {"type": "Polygon", "coordinates": [[[77.2171, 19.64254], [77.23136000000001, 19.645780000000002], [77.23183, 19.644090000000002], [77.23759000000001, 19.63907], [77.24001000000001, 19.63896], [77.23433, 19.63012], [77.22848, 19.63013], [77.22526, 19.62778], [77.22038, 19.625700000000002], [77.21616, 19.630460000000003], [77.21471000000001, 19.63622], [77.20579000000001, 19.639180000000003], [77.20662, 19.63991], [77.20604, 19.645680000000002], [77.21508, 19.64241], [77.2171, 19.64254]]]}}, {"id": "253", "type": "Feature", "properties": {"village_name": "Zara", "vil_lgd": 546151, "district_name": "Hingoli", "dist_lgd": 477, "subdistrict_name": "Kalamnuri", "sdcode": 4114, "block_name": "Kalamnuri", "block_lgd": 165, "gp_name": "", "state_name": "MAHARASHTRA", "state_lgd": 27, "population": 934, "households": 204}, "geometry": {"type": "Polygon", "coordinates": [[[77.41063000000001, 19.64167], [77.40879000000001, 19.641640000000002], [77.40187, 19.638810000000003], [77.39576000000001, 19.64206], [77.38984, 19.64187], [77.38873000000001, 19.64264], [77.38754, 19.644640000000003], [77.38837000000001, 19.650450000000003], [77.385, 19.651570000000003], [77.38412000000001, 19.65415], [77.38994000000001, 19.65831], [77.39243, 19.66178], [77.39724000000001, 19.66263], [77.40264, 19.66147], [77.40689, 19.659010000000002], [77.40721, 19.65537], [77.41029, 19.644160000000003], [77.41062000000001, 19.643], [77.41063000000001, 19.64167]]]}}, {"id": "254", "type": "Feature", "properties": {"village_name": "Wasai", "vil_lgd": 546029, "district_name": "Hingoli", "dist_lgd": 477, "subdistrict_name": "Aundha (Nagnath)", "sdcode": 4113, "block_name": "Aundha (Nagnath)", "block_lgd": 164, "gp_name": "", "state_name": "MAHARASHTRA", "state_lgd": 27, "population": 1762, "households": 406}, "geometry": {"type": "Polygon", "coordinates": [[[77.19359, 19.60131], [77.18377000000001, 19.605120000000003], [77.17672, 19.603520000000003], [77.17737000000001, 19.60658], [77.1794, 19.61043], [77.18345000000001, 19.61486], [77.18777, 19.621640000000003], [77.18731000000001, 19.62649], [77.19221, 19.631220000000003], [77.19463, 19.63293], [77.19612000000001, 19.63738], [77.19883, 19.639770000000002], [77.20579000000001, 19.639180000000003], [77.21471000000001, 19.63622], [77.21616, 19.630460000000003], [77.22038, 19.625700000000002], [77.21273000000001, 19.613500000000002], [77.20098, 19.60976], [77.19663000000001, 19.60557], [77.19359, 19.60131]]]}}, {"id": "255", "type": "Feature", "properties": {"village_name": "Yehalegaon", "vil_lgd": 546038, "district_name": "Hingoli", "dist_lgd": 477, "subdistrict_name": "Aundha (Nagnath)", "sdcode": 4113, "block_name": "Aundha (Nagnath)", "block_lgd": 164, "gp_name": "", "state_name": "MAHARASHTRA", "state_lgd": 27, "population": 2609, "households": 481}, "geometry": {"type": "Polygon", "coordinates": [[[77.09239000000001, 19.611870000000003], [77.0811, 19.59794], [77.05338, 19.60501], [77.05353000000001, 19.60629], [77.05763, 19.623430000000003], [77.06367, 19.62218], [77.06935, 19.61999], [77.07107, 19.618530000000003], [77.07531, 19.61426], [77.07684, 19.61373], [77.08965, 19.612340000000003], [77.09239000000001, 19.611870000000003]]]}}, {"id": "256", "type": "Feature", "properties": {"village_name": "Anjanwada", "vil_lgd": 546007, "district_name": "Hingoli", "dist_lgd": 477, "subdistrict_name": "Aundha (Nagnath)", "sdcode": 4113, "block_name": "Aundha (Nagnath)", "block_lgd": 164, "gp_name": "", "state_name": "MAHARASHTRA", "state_lgd": 27, "population": 814, "households": 142}, "geometry": {"type": "Polygon", "coordinates": [[[77.05338, 19.60501], [77.05307, 19.588540000000002], [77.04882, 19.578650000000003], [77.04608, 19.581000000000003], [77.04074, 19.58323], [77.03633, 19.58399], [77.03186000000001, 19.58614], [77.02722, 19.587210000000002], [77.02243, 19.586170000000003], [77.01399, 19.58162], [77.00834, 19.58924], [76.99942, 19.5975], [77.00179, 19.600800000000003], [77.001, 19.60576], [77.00200000000001, 19.61146], [77.00165000000001, 19.615370000000002], [77.01258, 19.614720000000002], [77.04971, 19.60782], [77.05353000000001, 19.60629], [77.05338, 19.60501]]]}}, {"id": "257", "type": "Feature", "properties": {"village_name": "Renapur", "vil_lgd": 546169, "district_name": "Hingoli", "dist_lgd": 477, "subdistrict_name": "Kalamnuri", "sdcode": 4114, "block_name": "Kalamnuri", "block_lgd": 165, "gp_name": "", "state_name": "MAHARASHTRA", "state_lgd": 27, "population": 520, "households": 102}, "geometry": {"type": "Polygon", "coordinates": [[[77.24346000000001, 19.627640000000003], [77.23433, 19.63012], [77.24001000000001, 19.63896], [77.24176, 19.64018], [77.24788000000001, 19.6427], [77.25439, 19.643320000000003], [77.25978, 19.63784], [77.25758, 19.63587], [77.24911, 19.6296], [77.24571, 19.6281], [77.24346000000001, 19.627640000000003]]]}}, {"id": "258", "type": "Feature", "properties": {"village_name": "Pangra Tarf Lakh", "vil_lgd": 546031, "district_name": "Hingoli", "dist_lgd": 477, "subdistrict_name": "Aundha (Nagnath)", "sdcode": 4113, "block_name": "Aundha (Nagnath)", "block_lgd": 164, "gp_name": "", "state_name": "MAHARASHTRA", "state_lgd": 27, "population": 422, "households": 104}, "geometry": {"type": "Polygon", "coordinates": [[[77.16295000000001, 19.63051], [77.16748000000001, 19.630850000000002], [77.16695, 19.61802], [77.16542000000001, 19.611510000000003], [77.16587000000001, 19.607400000000002], [77.15185000000001, 19.613090000000003], [77.14592, 19.614240000000002], [77.14604, 19.61571], [77.14851, 19.62488], [77.15586, 19.6296], [77.15806, 19.63232], [77.16295000000001, 19.63051]]]}}, {"id": "259", "type": "Feature", "properties": {"village_name": "Metha", "vil_lgd": 546032, "district_name": "Hingoli", "dist_lgd": 477, "subdistrict_name": "Aundha (Nagnath)", "sdcode": 4113, "block_name": "Aundha (Nagnath)", "block_lgd": 164, "gp_name": "", "state_name": "MAHARASHTRA", "state_lgd": 27, "population": 1630, "households": 359}, "geometry": {"type": "Polygon", "coordinates": [[[77.14592, 19.614240000000002], [77.14149, 19.6151], [77.13291000000001, 19.61512], [77.12084, 19.613210000000002], [77.12279000000001, 19.615560000000002], [77.12407, 19.62003], [77.12226000000001, 19.626620000000003], [77.12947000000001, 19.62799], [77.1376, 19.62818], [77.14851, 19.62488], [77.14604, 19.61571], [77.14592, 19.614240000000002]]]}}, {"id": "260", "type": "Feature", "properties": {"village_name": "Gadhala", "vil_lgd": 546030, "district_name": "Hingoli", "dist_lgd": 477, "subdistrict_name": "Aundha (Nagnath)", "sdcode": 4113, "block_name": "Aundha (Nagnath)", "block_lgd": 164, "gp_name": "", "state_name": "MAHARASHTRA", "state_lgd": 27, "population": 557, "households": 86}, "geometry": {"type": "Polygon", "coordinates": [[[77.17672, 19.603520000000003], [77.17463000000001, 19.60358], [77.16587000000001, 19.607400000000002], [77.16542000000001, 19.611510000000003], [77.16695, 19.61802], [77.16748000000001, 19.630850000000002], [77.17884000000001, 19.6321], [77.19221, 19.631220000000003], [77.18731000000001, 19.62649], [77.18777, 19.621640000000003], [77.18345000000001, 19.61486], [77.1794, 19.61043], [77.17737000000001, 19.60658], [77.17672, 19.603520000000003]]]}}, {"id": "261", "type": "Feature", "properties": {"village_name": "Sodegaon", "vil_lgd": 546172, "district_name": "Hingoli", "dist_lgd": 477, "subdistrict_name": "Kalamnuri", "sdcode": 4114, "block_name": "Kalamnuri", "block_lgd": 165, "gp_name": "", "state_name": "MAHARASHTRA", "state_lgd": 27, "population": 2103, "households": 431}, "geometry": {"type": "Polygon", "coordinates": [[[77.27269000000001, 19.60454], [77.24940000000001, 19.60689], [77.25615, 19.6213], [77.25758, 19.63587], [77.25978, 19.63784], [77.2754, 19.62751], [77.2796, 19.6259], [77.28253000000001, 19.617810000000002], [77.28043000000001, 19.60442], [77.27269000000001, 19.60454]]]}}, {"id": "262", "type": "Feature", "properties": {"village_name": "Sadas Tarf Nandapur", "vil_lgd": 546154, "district_name": "Hingoli", "dist_lgd": 477, "subdistrict_name": "Kalamnuri", "sdcode": 4114, "block_name": "Kalamnuri", "block_lgd": 165, "gp_name": "", "state_name": "MAHARASHTRA", "state_lgd": 27, "population": 1867, "households": 415}, "geometry": {"type": "Polygon", "coordinates": [[[77.30776, 19.62058], [77.29024000000001, 19.62918], [77.29, 19.63812], [77.31546, 19.64103], [77.31991000000001, 19.63622], [77.32327000000001, 19.623880000000003], [77.31117, 19.620510000000003], [77.30776, 19.62058]]]}}, {"id": "263", "type": "Feature", "properties": {"village_name": "Arati", "vil_lgd": 546192, "district_name": "Hingoli", "dist_lgd": 477, "subdistrict_name": "Kalamnuri", "sdcode": 4114, "block_name": "Kalamnuri", "block_lgd": 165, "gp_name": "", "state_name": "MAHARASHTRA", "state_lgd": 27, "population": 206, "households": 37}, "geometry": {"type": "Polygon", "coordinates": [[[77.38307, 19.62303], [77.37968000000001, 19.623330000000003], [77.37057, 19.623630000000002], [77.36642, 19.628580000000003], [77.36157, 19.63924], [77.36703, 19.64028], [77.37666, 19.64589], [77.37851, 19.6442], [77.38156000000001, 19.638620000000003], [77.38416000000001, 19.63437], [77.38473, 19.625320000000002], [77.38307, 19.62303]]]}}, {"id": "264", "type": "Feature", "properties": {"village_name": "Mhaisgavhan", "vil_lgd": 546178, "district_name": "Hingoli", "dist_lgd": 477, "subdistrict_name": "Kalamnuri", "sdcode": 4114, "block_name": "Kalamnuri", "block_lgd": 165, "gp_name": "", "state_name": "MAHARASHTRA", "state_lgd": 27, "population": 512, "households": 131}, "geometry": {"type": "Polygon", "coordinates": [[[77.29570000000001, 19.56988], [77.28727, 19.57395], [77.28057000000001, 19.5818], [77.28174000000001, 19.585130000000003], [77.28623, 19.59259], [77.28544000000001, 19.59597], [77.28315, 19.6002], [77.28336, 19.60491], [77.30177, 19.609340000000003], [77.30132, 19.57149], [77.30018000000001, 19.570500000000003], [77.29843000000001, 19.56987], [77.29570000000001, 19.56988]]]}}, {"id": "265", "type": "Feature", "properties": {"village_name": "Rupur", "vil_lgd": 546174, "district_name": "Hingoli", "dist_lgd": 477, "subdistrict_name": "Kalamnuri", "sdcode": 4114, "block_name": "Kalamnuri", "block_lgd": 165, "gp_name": "", "state_name": "MAHARASHTRA", "state_lgd": 27, "population": 1205, "households": 269}, "geometry": {"type": "Polygon", "coordinates": [[[77.30132, 19.57149], [77.30177, 19.609340000000003], [77.30801000000001, 19.607860000000002], [77.31316000000001, 19.605580000000003], [77.3169, 19.60114], [77.32317, 19.59101], [77.31583, 19.58061], [77.30914, 19.576240000000002], [77.30132, 19.57149]]]}}, {"id": "266", "type": "Feature", "properties": {"village_name": "Tamtitanda", "vil_lgd": 546051, "district_name": "Hingoli", "dist_lgd": 477, "subdistrict_name": "Aundha (Nagnath)", "sdcode": 4113, "block_name": "Aundha (Nagnath)", "block_lgd": 164, "gp_name": "", "state_name": "MAHARASHTRA", "state_lgd": 27, "population": 840, "households": 160}, "geometry": {"type": "Polygon", "coordinates": [[[77.16996, 19.5472], [77.16756000000001, 19.545240000000003], [77.16634, 19.544240000000002], [77.15608, 19.54288], [77.14878, 19.543830000000003], [77.14628, 19.54528], [77.13886000000001, 19.54735], [77.13058000000001, 19.560170000000003], [77.14647000000001, 19.562910000000002], [77.17613, 19.565230000000003], [77.17463000000001, 19.5563], [77.17331, 19.555300000000003], [77.17019, 19.54923], [77.16996, 19.5472]]]}}, {"id": "267", "type": "Feature", "properties": {"village_name": "Yelegaon", "vil_lgd": 546180, "district_name": "Hingoli", "dist_lgd": 477, "subdistrict_name": "Kalamnuri", "sdcode": 4114, "block_name": "Kalamnuri", "block_lgd": 165, "gp_name": "", "state_name": "MAHARASHTRA", "state_lgd": 27, "population": 2016, "households": 394}, "geometry": {"type": "Polygon", "coordinates": [[[77.29872, 19.54044], [77.29501, 19.54071], [77.29499000000001, 19.55218], [77.29241, 19.55809], [77.29859, 19.56566], [77.30018000000001, 19.570500000000003], [77.30132, 19.57149], [77.30914, 19.576240000000002], [77.31583, 19.58061], [77.31946, 19.57348], [77.32554, 19.55582], [77.32805, 19.55251], [77.32862, 19.54464], [77.3075, 19.54289], [77.29872, 19.54044]]]}}, {"id": "268", "type": "Feature", "properties": {"village_name": "Rudrawadi", "vil_lgd": 546222, "district_name": "Hingoli", "dist_lgd": 477, "subdistrict_name": "Kalamnuri", "sdcode": 4114, "block_name": "Kalamnuri", "block_lgd": 165, "gp_name": "", "state_name": "MAHARASHTRA", "state_lgd": 27, "population": 1452, "households": 243}, "geometry": {"type": "Polygon", "coordinates": [[[77.39502, 19.517390000000002], [77.39013000000001, 19.517110000000002], [77.38396, 19.51773], [77.38131000000001, 19.51724], [77.37999, 19.532610000000002], [77.38263, 19.53536], [77.38442, 19.537860000000002], [77.38854, 19.537560000000003], [77.39482000000001, 19.534730000000003], [77.40097, 19.53435], [77.40367, 19.52909], [77.40321, 19.52427], [77.40156, 19.522180000000002], [77.39502, 19.517390000000002]]]}}, {"id": "269", "type": "Feature", "properties": {"village_name": "Bolda", "vil_lgd": 546182, "district_name": "Hingoli", "dist_lgd": 477, "subdistrict_name": "Kalamnuri", "sdcode": 4114, "block_name": "Kalamnuri", "block_lgd": 165, "gp_name": "", "state_name": "MAHARASHTRA", "state_lgd": 27, "population": 1429, "households": 263}, "geometry": {"type": "Polygon", "coordinates": [[[77.29241, 19.55809], [77.29499000000001, 19.55218], [77.29501, 19.54071], [77.29343, 19.53912], [77.29294, 19.53613], [77.28961000000001, 19.53604], [77.28761, 19.53726], [77.27868000000001, 19.52952], [77.27526, 19.533620000000003], [77.274, 19.53722], [77.2727, 19.552300000000002], [77.27082, 19.555570000000003], [77.26486000000001, 19.55957], [77.25805000000001, 19.559350000000002], [77.26154000000001, 19.562890000000003], [77.26180000000001, 19.566560000000003], [77.28571000000001, 19.56096], [77.29241, 19.55809]]]}}, {"id": "270", "type": "Feature", "properties": {"village_name": "Kasabe Dhawanda", "vil_lgd": 546210, "district_name": "Hingoli", "dist_lgd": 477, "subdistrict_name": "Kalamnuri", "sdcode": 4114, "block_name": "Kalamnuri", "block_lgd": 165, "gp_name": "", "state_name": "MAHARASHTRA", "state_lgd": 27, "population": 1519, "households": 327}, "geometry": {"type": "Polygon", "coordinates": [[[77.36883, 19.54782], [77.36603000000001, 19.54831], [77.36149, 19.55242], [77.35513, 19.555770000000003], [77.34229, 19.5648], [77.35005000000001, 19.57169], [77.35684, 19.57301], [77.36261, 19.575300000000002], [77.37561000000001, 19.57254], [77.39206, 19.567110000000003], [77.39805000000001, 19.5665], [77.38829000000001, 19.56241], [77.38045000000001, 19.554920000000003], [77.37429, 19.54904], [77.37193, 19.54805], [77.36883, 19.54782]]]}}, {"id": "271", "type": "Feature", "properties": {"village_name": "Lohara Kh", "vil_lgd": 546057, "district_name": "Hingoli", "dist_lgd": 477, "subdistrict_name": "Aundha (Nagnath)", "sdcode": 4113, "block_name": "Aundha (Nagnath)", "block_lgd": 164, "gp_name": "", "state_name": "MAHARASHTRA", "state_lgd": 27, "population": 1496, "households": 326}, "geometry": {"type": "Polygon", "coordinates": [[[77.21857, 19.544420000000002], [77.2172, 19.54257], [77.20993, 19.53388], [77.20156, 19.52615], [77.19091, 19.5214], [77.18017, 19.518060000000002], [77.17932, 19.5226], [77.17597, 19.53067], [77.17414000000001, 19.53293], [77.17113, 19.5407], [77.16756000000001, 19.545240000000003], [77.16996, 19.5472], [77.17019, 19.54923], [77.17331, 19.555300000000003], [77.17463000000001, 19.5563], [77.19573000000001, 19.55401], [77.19854000000001, 19.552880000000002], [77.20319, 19.548450000000003], [77.20467000000001, 19.547230000000003], [77.21202000000001, 19.54458], [77.21857, 19.544420000000002]]]}}, {"id": "272", "type": "Feature", "properties": {"village_name": "Nimtok", "vil_lgd": 546188, "district_name": "Hingoli", "dist_lgd": 477, "subdistrict_name": "Kalamnuri", "sdcode": 4114, "block_name": "Kalamnuri", "block_lgd": 165, "gp_name": "", "state_name": "MAHARASHTRA", "state_lgd": 27, "population": 1031, "households": 204}, "geometry": {"type": "Polygon", "coordinates": [[[77.35073000000001, 19.502480000000002], [77.34772000000001, 19.50232], [77.33994000000001, 19.50474], [77.33401, 19.50634], [77.32806000000001, 19.50634], [77.3296, 19.5148], [77.32973000000001, 19.518330000000002], [77.32949, 19.52483], [77.34126, 19.525550000000003], [77.3409, 19.51971], [77.3431, 19.513820000000003], [77.35073000000001, 19.502480000000002]]]}}, {"id": "273", "type": "Feature", "properties": {"village_name": "Takalgavhan", "vil_lgd": 546170, "district_name": "Hingoli", "dist_lgd": 477, "subdistrict_name": "Kalamnuri", "sdcode": 4114, "block_name": "Kalamnuri", "block_lgd": 165, "gp_name": "", "state_name": "MAHARASHTRA", "state_lgd": 27, "population": 222, "households": 60}, "geometry": {"type": "Polygon", "coordinates": [[[77.23631, 19.610390000000002], [77.23149000000001, 19.61485], [77.22038, 19.625700000000002], [77.22526, 19.62778], [77.22848, 19.63013], [77.23433, 19.63012], [77.24346000000001, 19.627640000000003], [77.24158000000001, 19.61717], [77.23631, 19.610390000000002]]]}}, {"id": "274", "type": "Feature", "properties": {"village_name": "Dharkheda", "vil_lgd": 546039, "district_name": "Hingoli", "dist_lgd": 477, "subdistrict_name": "Aundha (Nagnath)", "sdcode": 4113, "block_name": "Aundha (Nagnath)", "block_lgd": 164, "gp_name": "", "state_name": "MAHARASHTRA", "state_lgd": 27, "population": 263, "households": 56}, "geometry": {"type": "Polygon", "coordinates": [[[77.11376000000001, 19.601860000000002], [77.11488, 19.594790000000003], [77.09588000000001, 19.591990000000003], [77.09225, 19.590700000000002], [77.08802, 19.58649], [77.08768, 19.58883], [77.08376000000001, 19.59674], [77.0811, 19.59794], [77.09239000000001, 19.611870000000003], [77.10548, 19.6095], [77.11479, 19.604950000000002], [77.11376000000001, 19.601860000000002]]]}}, {"id": "275", "type": "Feature", "properties": {"village_name": "Gholwa", "vil_lgd": 546157, "district_name": "Hingoli", "dist_lgd": 477, "subdistrict_name": "Kalamnuri", "sdcode": 4114, "block_name": "Kalamnuri", "block_lgd": 165, "gp_name": "", "state_name": "MAHARASHTRA", "state_lgd": 27, "population": 1421, "households": 272}, "geometry": {"type": "Polygon", "coordinates": [[[77.39576000000001, 19.64206], [77.40187, 19.638810000000003], [77.40222, 19.63755], [77.3995, 19.62749], [77.39935000000001, 19.624160000000003], [77.38307, 19.62303], [77.38473, 19.625320000000002], [77.38416000000001, 19.63437], [77.38156000000001, 19.638620000000003], [77.38534, 19.64139], [77.38873000000001, 19.64264], [77.38984, 19.64187], [77.39576000000001, 19.64206]]]}}, {"id": "276", "type": "Feature", "properties": {"village_name": "Tuppa", "vil_lgd": 546159, "district_name": "Hingoli", "dist_lgd": 477, "subdistrict_name": "Kalamnuri", "sdcode": 4114, "block_name": "Kalamnuri", "block_lgd": 165, "gp_name": "", "state_name": "MAHARASHTRA", "state_lgd": 27, "population": 1222, "households": 260}, "geometry": {"type": "Polygon", "coordinates": [[[77.43563, 19.63933], [77.43608, 19.63463], [77.43438, 19.63415], [77.43306000000001, 19.63256], [77.43176000000001, 19.624170000000003], [77.42892, 19.61615], [77.42805000000001, 19.61664], [77.42441000000001, 19.61589], [77.42192, 19.61504], [77.41429000000001, 19.62452], [77.41442, 19.62599], [77.41519000000001, 19.627640000000003], [77.41497000000001, 19.63381], [77.41335000000001, 19.63904], [77.41175000000001, 19.6413], [77.41063000000001, 19.64167], [77.41062000000001, 19.643], [77.41029, 19.644160000000003], [77.4338, 19.64281], [77.43563, 19.63933]]]}}, {"id": "277", "type": "Feature", "properties": {"village_name": "Pardi", "vil_lgd": 546191, "district_name": "Hingoli", "dist_lgd": 477, "subdistrict_name": "Kalamnuri", "sdcode": 4114, "block_name": "Kalamnuri", "block_lgd": 165, "gp_name": "", "state_name": "MAHARASHTRA", "state_lgd": 27, "population": 1058, "households": 204}, "geometry": {"type": "Polygon", "coordinates": [[[77.34139, 19.61974], [77.34564, 19.625700000000002], [77.34726, 19.6322], [77.34899, 19.635620000000003], [77.35171000000001, 19.637970000000003], [77.35698000000001, 19.63999], [77.36157, 19.63924], [77.36642, 19.628580000000003], [77.37057, 19.623630000000002], [77.34364000000001, 19.620330000000003], [77.34139, 19.61974]]]}}, {"id": "278", "type": "Feature", "properties": {"village_name": "Poor", "vil_lgd": 546043, "district_name": "Hingoli", "dist_lgd": 477, "subdistrict_name": "Aundha (Nagnath)", "sdcode": 4113, "block_name": "Aundha (Nagnath)", "block_lgd": 164, "gp_name": "", "state_name": "MAHARASHTRA", "state_lgd": 27, "population": 1312, "households": 262}, "geometry": {"type": "Polygon", "coordinates": [[[77.19408, 19.596210000000003], [77.19142000000001, 19.596880000000002], [77.19359, 19.60131], [77.19663000000001, 19.60557], [77.20098, 19.60976], [77.21273000000001, 19.613500000000002], [77.22038, 19.625700000000002], [77.23149000000001, 19.61485], [77.21926, 19.60518], [77.20831000000001, 19.600820000000002], [77.19408, 19.596210000000003]]]}}, {"id": "279", "type": "Feature", "properties": {"village_name": "Nishana", "vil_lgd": 546040, "district_name": "Hingoli", "dist_lgd": 477, "subdistrict_name": "Aundha (Nagnath)", "sdcode": 4113, "block_name": "Aundha (Nagnath)", "block_lgd": 164, "gp_name": "", "state_name": "MAHARASHTRA", "state_lgd": 27, "population": 1530, "households": 293}, "geometry": {"type": "Polygon", "coordinates": [[[77.13607, 19.58962], [77.12655000000001, 19.58784], [77.12291, 19.58573], [77.1191, 19.58509], [77.11622000000001, 19.59036], [77.11488, 19.594790000000003], [77.11376000000001, 19.601860000000002], [77.11479, 19.604950000000002], [77.12084, 19.613210000000002], [77.13291000000001, 19.61512], [77.13399000000001, 19.59985], [77.13573000000001, 19.59298], [77.13607, 19.58962]]]}}, {"id": "280", "type": "Feature", "properties": {"village_name": "Asonda", "vil_lgd": 546041, "district_name": "Hingoli", "dist_lgd": 477, "subdistrict_name": "Aundha (Nagnath)", "sdcode": 4113, "block_name": "Aundha (Nagnath)", "block_lgd": 164, "gp_name": "", "state_name": "MAHARASHTRA", "state_lgd": 27, "population": 554, "households": 93}, "geometry": {"type": "Polygon", "coordinates": [[[77.13863, 19.588790000000003], [77.13607, 19.58962], [77.13573000000001, 19.59298], [77.13399000000001, 19.59985], [77.13291000000001, 19.61512], [77.14149, 19.6151], [77.14592, 19.614240000000002], [77.14602000000001, 19.612270000000002], [77.15104000000001, 19.60058], [77.14742000000001, 19.59493], [77.13906, 19.5911], [77.13863, 19.588790000000003]]]}}, {"id": "281", "type": "Feature", "properties": {"village_name": "Kakaddhaba", "vil_lgd": 546042, "district_name": "Hingoli", "dist_lgd": 477, "subdistrict_name": "Aundha (Nagnath)", "sdcode": 4113, "block_name": "Aundha (Nagnath)", "block_lgd": 164, "gp_name": "", "state_name": "MAHARASHTRA", "state_lgd": 27, "population": 1293, "households": 247}, "geometry": {"type": "Polygon", "coordinates": [[[77.17672, 19.603520000000003], [77.18377000000001, 19.605120000000003], [77.19359, 19.60131], [77.19142000000001, 19.596880000000002], [77.18416, 19.58896], [77.18303, 19.584840000000003], [77.18055000000001, 19.5893], [77.17899000000001, 19.590480000000003], [77.15706, 19.595740000000003], [77.15418000000001, 19.59741], [77.15104000000001, 19.60058], [77.14602000000001, 19.612270000000002], [77.14592, 19.614240000000002], [77.15185000000001, 19.613090000000003], [77.16587000000001, 19.607400000000002], [77.17463000000001, 19.60358], [77.17672, 19.603520000000003]]]}}, {"id": "282", "type": "Feature", "properties": {"village_name": "Bramhanwada Pr Aundha", "vil_lgd": 546013, "district_name": "Hingoli", "dist_lgd": 477, "subdistrict_name": "Aundha (Nagnath)", "sdcode": 4113, "block_name": "Aundha (Nagnath)", "block_lgd": 164, "gp_name": "", "state_name": "MAHARASHTRA", "state_lgd": 27, "population": 1092, "households": 207}, "geometry": {"type": "Polygon", "coordinates": [[[77.00834, 19.58924], [77.01399, 19.58162], [77.01809, 19.572940000000003], [77.02203, 19.56954], [77.02297, 19.56124], [77.01086000000001, 19.561870000000003], [77.00706000000001, 19.56288], [77.00083000000001, 19.56219], [76.99327000000001, 19.5727], [76.98695000000001, 19.577920000000002], [76.98872, 19.579420000000002], [76.9915, 19.586530000000003], [76.99345000000001, 19.5968], [76.99942, 19.5975], [77.00834, 19.58924]]]}}, {"id": "283", "type": "Feature", "properties": {"village_name": "Salegaon", "vil_lgd": 546173, "district_name": "Hingoli", "dist_lgd": 477, "subdistrict_name": "Kalamnuri", "sdcode": 4114, "block_name": "Kalamnuri", "block_lgd": 165, "gp_name": "", "state_name": "MAHARASHTRA", "state_lgd": 27, "population": 2215, "households": 457}, "geometry": {"type": "Polygon", "coordinates": [[[77.31117, 19.620510000000003], [77.32327000000001, 19.623880000000003], [77.32405, 19.61848], [77.32334, 19.612530000000003], [77.31473000000001, 19.607480000000002], [77.31316000000001, 19.605580000000003], [77.30801000000001, 19.607860000000002], [77.30177, 19.609340000000003], [77.28336, 19.60491], [77.28043000000001, 19.60442], [77.28253000000001, 19.617810000000002], [77.2796, 19.6259], [77.28125, 19.626070000000002], [77.29024000000001, 19.62918], [77.30776, 19.62058], [77.31117, 19.620510000000003]]]}}, {"id": "284", "type": "Feature", "properties": {"village_name": "Naukha Tarf Kalamnuri", "vil_lgd": 546160, "district_name": "Hingoli", "dist_lgd": 477, "subdistrict_name": "Kalamnuri", "sdcode": 4114, "block_name": "Kalamnuri", "block_lgd": 165, "gp_name": "", "state_name": "MAHARASHTRA", "state_lgd": 27, "population": 560, "households": 123}, "geometry": {"type": "Polygon", "coordinates": [[[77.45016000000001, 19.624100000000002], [77.44775000000001, 19.61579], [77.44647, 19.60733], [77.43992, 19.61307], [77.43385, 19.612830000000002], [77.42892, 19.61615], [77.43176000000001, 19.624170000000003], [77.43306000000001, 19.63256], [77.43438, 19.63415], [77.43608, 19.63463], [77.44698000000001, 19.63359], [77.44986, 19.63147], [77.45016000000001, 19.624100000000002]]]}}, {"id": "285", "type": "Feature", "properties": {"village_name": "Kanjara", "vil_lgd": 546044, "district_name": "Hingoli", "dist_lgd": 477, "subdistrict_name": "Aundha (Nagnath)", "sdcode": 4113, "block_name": "Aundha (Nagnath)", "block_lgd": 164, "gp_name": "", "state_name": "MAHARASHTRA", "state_lgd": 27, "population": 1427, "households": 270}, "geometry": {"type": "Polygon", "coordinates": [[[77.23777000000001, 19.60046], [77.23245, 19.600530000000003], [77.22727, 19.59943], [77.20989, 19.593030000000002], [77.20713, 19.592910000000003], [77.19408, 19.596210000000003], [77.20831000000001, 19.600820000000002], [77.21926, 19.60518], [77.23149000000001, 19.61485], [77.23631, 19.610390000000002], [77.24509, 19.60782], [77.23777000000001, 19.60046]]]}}, {"id": "286", "type": "Feature", "properties": {"village_name": "Jaroda", "vil_lgd": 546194, "district_name": "Hingoli", "dist_lgd": 477, "subdistrict_name": "Kalamnuri", "sdcode": 4114, "block_name": "Kalamnuri", "block_lgd": 165, "gp_name": "", "state_name": "MAHARASHTRA", "state_lgd": 27, "population": 701, "households": 155}, "geometry": {"type": "Polygon", "coordinates": [[[77.42192, 19.61504], [77.42441000000001, 19.61589], [77.42285000000001, 19.61345], [77.42293000000001, 19.60012], [77.42014, 19.59456], [77.4128, 19.59427], [77.40901000000001, 19.59121], [77.40432000000001, 19.595360000000003], [77.40219, 19.59578], [77.40347000000001, 19.597710000000003], [77.40412, 19.612270000000002], [77.40458000000001, 19.62263], [77.40664000000001, 19.625490000000003], [77.40958, 19.62714], [77.41203, 19.627360000000003], [77.41442, 19.62599], [77.41429000000001, 19.62452], [77.42192, 19.61504]]]}}, {"id": "287", "type": "Feature", "properties": {"village_name": "Chichordi", "vil_lgd": 546206, "district_name": "Hingoli", "dist_lgd": 477, "subdistrict_name": "Kalamnuri", "sdcode": 4114, "block_name": "Kalamnuri", "block_lgd": 165, "gp_name": "", "state_name": "MAHARASHTRA", "state_lgd": 27, "population": 1420, "households": 274}, "geometry": {"type": "Polygon", "coordinates": [[[77.37065000000001, 19.602210000000003], [77.36647, 19.600630000000002], [77.36267000000001, 19.6005], [77.35311, 19.606360000000002], [77.35059000000001, 19.60688], [77.34494000000001, 19.607590000000002], [77.34294000000001, 19.611230000000003], [77.34240000000001, 19.613960000000002], [77.34139, 19.61974], [77.34364000000001, 19.620330000000003], [77.37057, 19.623630000000002], [77.37275000000001, 19.62076], [77.37311000000001, 19.614610000000003], [77.37065000000001, 19.602210000000003]]]}}, {"id": "288", "type": "Feature", "properties": {"village_name": "Salva", "vil_lgd": 546204, "district_name": "Hingoli", "dist_lgd": 477, "subdistrict_name": "Kalamnuri", "sdcode": 4114, "block_name": "Kalamnuri", "block_lgd": 165, "gp_name": "", "state_name": "MAHARASHTRA", "state_lgd": 27, "population": 2258, "households": 447}, "geometry": {"type": "Polygon", "coordinates": [[[77.40242, 19.612940000000002], [77.40412, 19.612270000000002], [77.40347000000001, 19.597710000000003], [77.40219, 19.59578], [77.39459000000001, 19.594260000000002], [77.39087, 19.59178], [77.38732, 19.59477], [77.38375, 19.59422], [77.38106, 19.596950000000003], [77.37636, 19.59831], [77.37268, 19.60197], [77.37065000000001, 19.602210000000003], [77.37311000000001, 19.614610000000003], [77.37275000000001, 19.62076], [77.37057, 19.623630000000002], [77.37968000000001, 19.623330000000003], [77.38044000000001, 19.62112], [77.38166000000001, 19.62059], [77.3816, 19.61701], [77.38396, 19.616020000000002], [77.38581, 19.6122], [77.40242, 19.612940000000002]]]}}, {"id": "289", "type": "Feature", "properties": {"village_name": "Anjanwada Tanda", "vil_lgd": 546012, "district_name": "Hingoli", "dist_lgd": 477, "subdistrict_name": "Aundha (Nagnath)", "sdcode": 4113, "block_name": "Aundha (Nagnath)", "block_lgd": 164, "gp_name": "", "state_name": "MAHARASHTRA", "state_lgd": 27, "population": 868, "households": 149}, "geometry": {"type": "Polygon", "coordinates": [[[77.03219, 19.567420000000002], [77.02405, 19.56812], [77.02203, 19.56954], [77.01809, 19.572940000000003], [77.01399, 19.58162], [77.02243, 19.586170000000003], [77.02722, 19.587210000000002], [77.03186000000001, 19.58614], [77.03633, 19.58399], [77.04074, 19.58323], [77.04608, 19.581000000000003], [77.04882, 19.578650000000003], [77.04607, 19.5744], [77.03886, 19.56954], [77.03219, 19.567420000000002]]]}}, {"id": "290", "type": "Feature", "properties": {"village_name": "Phuldhaba", "vil_lgd": 546049, "district_name": "Hingoli", "dist_lgd": 477, "subdistrict_name": "Aundha (Nagnath)", "sdcode": 4113, "block_name": "Aundha (Nagnath)", "block_lgd": 164, "gp_name": "", "state_name": "MAHARASHTRA", "state_lgd": 27, "population": 703, "households": 142}, "geometry": {"type": "Polygon", "coordinates": [[[77.18204, 19.58013], [77.17880000000001, 19.57507], [77.16977, 19.580720000000003], [77.15769, 19.58164], [77.13863, 19.588790000000003], [77.13906, 19.5911], [77.14742000000001, 19.59493], [77.15104000000001, 19.60058], [77.15418000000001, 19.59741], [77.15706, 19.595740000000003], [77.17899000000001, 19.590480000000003], [77.18055000000001, 19.5893], [77.18303, 19.584840000000003], [77.18204, 19.58013]]]}}, {"id": "291", "type": "Feature", "properties": {"village_name": "Narwadi", "vil_lgd": 546193, "district_name": "Hingoli", "dist_lgd": 477, "subdistrict_name": "Kalamnuri", "sdcode": 4114, "block_name": "Kalamnuri", "block_lgd": 165, "gp_name": "", "state_name": "MAHARASHTRA", "state_lgd": 27, "population": 1032, "households": 234}, "geometry": {"type": "Polygon", "coordinates": [[[77.40458000000001, 19.62263], [77.40412, 19.612270000000002], [77.40242, 19.612940000000002], [77.38581, 19.6122], [77.38396, 19.616020000000002], [77.3816, 19.61701], [77.38166000000001, 19.62059], [77.38044000000001, 19.62112], [77.37968000000001, 19.623330000000003], [77.38307, 19.62303], [77.39935000000001, 19.624160000000003], [77.40072, 19.62402], [77.40458000000001, 19.62263]]]}}, {"id": "292", "type": "Feature", "properties": {"village_name": "Nandapur", "vil_lgd": 546176, "district_name": "Hingoli", "dist_lgd": 477, "subdistrict_name": "Kalamnuri", "sdcode": 4114, "block_name": "Kalamnuri", "block_lgd": 165, "gp_name": "", "state_name": "MAHARASHTRA", "state_lgd": 27, "population": 2549, "households": 482}, "geometry": {"type": "Polygon", "coordinates": [[[77.26858, 19.575020000000002], [77.26346000000001, 19.579980000000003], [77.25842, 19.582040000000003], [77.24739000000001, 19.58464], [77.24443000000001, 19.58648], [77.24493000000001, 19.594330000000003], [77.24418, 19.596970000000002], [77.24024, 19.59991], [77.23777000000001, 19.60046], [77.24509, 19.60782], [77.24940000000001, 19.60689], [77.27269000000001, 19.60454], [77.27340000000001, 19.597800000000003], [77.27234, 19.59297], [77.27099000000001, 19.586730000000003], [77.27288, 19.576690000000003], [77.26858, 19.575020000000002]]]}}, {"id": "293", "type": "Feature", "properties": {"village_name": "Chapnath", "vil_lgd": 546155, "district_name": "Hingoli", "dist_lgd": 477, "subdistrict_name": "Kalamnuri", "sdcode": 4114, "block_name": "Kalamnuri", "block_lgd": 165, "gp_name": "", "state_name": "MAHARASHTRA", "state_lgd": 27, "population": 931, "households": 197}, "geometry": {"type": "Polygon", "coordinates": [[[77.34294000000001, 19.611230000000003], [77.34494000000001, 19.607590000000002], [77.34051000000001, 19.604960000000002], [77.33559000000001, 19.599510000000002], [77.32317, 19.59101], [77.3169, 19.60114], [77.31316000000001, 19.605580000000003], [77.31473000000001, 19.607480000000002], [77.32334, 19.612530000000003], [77.32811000000001, 19.613220000000002], [77.33548, 19.610030000000002], [77.34294000000001, 19.611230000000003]]]}}, {"id": "294", "type": "Feature", "properties": {"village_name": "Marsulwadi Tanda", "vil_lgd": 546336, "district_name": "Hingoli", "dist_lgd": 477, "subdistrict_name": "Basmath", "sdcode": 4115, "block_name": "Basmath", "block_lgd": 166, "gp_name": "", "state_name": "MAHARASHTRA", "state_lgd": 27, "population": 523, "households": 119}, "geometry": {"type": "Polygon", "coordinates": [[[77.17316000000001, 19.5011], [77.17269, 19.495340000000002], [77.15587000000001, 19.49352], [77.15495, 19.50187], [77.15492, 19.5134], [77.17668, 19.506870000000003], [77.17316000000001, 19.5011]]]}}, {"id": "295", "type": "Feature", "properties": {"village_name": "Amba", "vil_lgd": 546349, "district_name": "Hingoli", "dist_lgd": 477, "subdistrict_name": "Basmath", "sdcode": 4115, "block_name": "Basmath", "block_lgd": 166, "gp_name": "", "state_name": "MAHARASHTRA", "state_lgd": 27, "population": 4194, "households": 861}, "geometry": {"type": "Polygon", "coordinates": [[[77.19186, 19.45746], [77.18915000000001, 19.45963], [77.18823, 19.462100000000003], [77.18828, 19.4679], [77.19294000000001, 19.470670000000002], [77.20414000000001, 19.472230000000003], [77.19813, 19.465600000000002], [77.19798, 19.46094], [77.19593, 19.45889], [77.19311, 19.45758], [77.19186, 19.45746]]]}}, {"id": "296", "type": "Feature", "properties": {"village_name": "Dandegaon", "vil_lgd": 546245, "district_name": "Hingoli", "dist_lgd": 477, "subdistrict_name": "Kalamnuri", "sdcode": 4114, "block_name": "Kalamnuri", "block_lgd": 165, "gp_name": "", "state_name": "MAHARASHTRA", "state_lgd": 27, "population": 2471, "households": 509}, "geometry": {"type": "Polygon", "coordinates": [[[77.32974, 19.479650000000003], [77.33511, 19.47736], [77.33683, 19.4721], [77.33693000000001, 19.469900000000003], [77.33609000000001, 19.465760000000003], [77.33483000000001, 19.45861], [77.32968000000001, 19.44416], [77.32728, 19.44106], [77.32516000000001, 19.43579], [77.3238, 19.43241], [77.32402, 19.4265], [77.31462, 19.428440000000002], [77.30949000000001, 19.4282], [77.30757000000001, 19.43701], [77.30724000000001, 19.44368], [77.31007000000001, 19.45605], [77.30973, 19.459670000000003], [77.30685000000001, 19.465310000000002], [77.30133000000001, 19.47164], [77.30005000000001, 19.473670000000002], [77.29904, 19.47566], [77.30669, 19.479830000000003], [77.30798, 19.481990000000003], [77.31149, 19.48037], [77.32074, 19.47904], [77.32974, 19.479650000000003]]]}}, {"id": "297", "type": "Feature", "properties": {"village_name": "Pimpaldari Tarf Nandapur", "vil_lgd": 546048, "district_name": "Hingoli", "dist_lgd": 477, "subdistrict_name": "Aundha (Nagnath)", "sdcode": 4113, "block_name": "Aundha (Nagnath)", "block_lgd": 164, "gp_name": "", "state_name": "MAHARASHTRA", "state_lgd": 27, "population": 4274, "households": 700}, "geometry": {"type": "Polygon", "coordinates": [[[77.20989, 19.593030000000002], [77.20912000000001, 19.584220000000002], [77.20930000000001, 19.572460000000003], [77.20829, 19.56737], [77.20525, 19.55309], [77.20319, 19.548450000000003], [77.19854000000001, 19.552880000000002], [77.19573000000001, 19.55401], [77.17463000000001, 19.5563], [77.17613, 19.565230000000003], [77.17578, 19.5698], [77.17906, 19.573780000000003], [77.17880000000001, 19.57507], [77.18204, 19.58013], [77.18303, 19.584840000000003], [77.18416, 19.58896], [77.19142000000001, 19.596880000000002], [77.19408, 19.596210000000003], [77.20713, 19.592910000000003], [77.20989, 19.593030000000002]]]}}, {"id": "298", "type": "Feature", "properties": {"village_name": "Jamgavhan", "vil_lgd": 546045, "district_name": "Hingoli", "dist_lgd": 477, "subdistrict_name": "Aundha (Nagnath)", "sdcode": 4113, "block_name": "Aundha (Nagnath)", "block_lgd": 164, "gp_name": "", "state_name": "MAHARASHTRA", "state_lgd": 27, "population": 1629, "households": 317}, "geometry": {"type": "Polygon", "coordinates": [[[77.24491, 19.57855], [77.24193000000001, 19.57852], [77.23321, 19.58285], [77.22804000000001, 19.584020000000002], [77.20912000000001, 19.584220000000002], [77.20989, 19.593030000000002], [77.22727, 19.59943], [77.23245, 19.600530000000003], [77.23777000000001, 19.60046], [77.24024, 19.59991], [77.24418, 19.596970000000002], [77.24493000000001, 19.594330000000003], [77.24443000000001, 19.58648], [77.24491, 19.57855]]]}}, {"id": "299", "type": "Feature", "properties": {"village_name": "Jalaldhaba", "vil_lgd": 546050, "district_name": "Hingoli", "dist_lgd": 477, "subdistrict_name": "Aundha (Nagnath)", "sdcode": 4113, "block_name": "Aundha (Nagnath)", "block_lgd": 164, "gp_name": "", "state_name": "MAHARASHTRA", "state_lgd": 27, "population": 2609, "households": 507}, "geometry": {"type": "Polygon", "coordinates": [[[77.16977, 19.580720000000003], [77.17880000000001, 19.57507], [77.17906, 19.573780000000003], [77.17578, 19.5698], [77.17613, 19.565230000000003], [77.14647000000001, 19.562910000000002], [77.13058000000001, 19.560170000000003], [77.12806, 19.565330000000003], [77.12779, 19.56625], [77.12598000000001, 19.57253], [77.12516000000001, 19.575300000000002], [77.12119000000001, 19.578870000000002], [77.11998000000001, 19.58275], [77.1191, 19.58509], [77.12291, 19.58573], [77.12655000000001, 19.58784], [77.13607, 19.58962], [77.13863, 19.588790000000003], [77.15769, 19.58164], [77.16977, 19.580720000000003]]]}}, {"id": "300", "type": "Feature", "properties": {"village_name": "Ghoda", "vil_lgd": 546195, "district_name": "Hingoli", "dist_lgd": 477, "subdistrict_name": "Kalamnuri", "sdcode": 4114, "block_name": "Kalamnuri", "block_lgd": 165, "gp_name": "", "state_name": "MAHARASHTRA", "state_lgd": 27, "population": 2820, "households": 524}, "geometry": {"type": "Polygon", "coordinates": [[[77.43385, 19.612830000000002], [77.43992, 19.61307], [77.44647, 19.60733], [77.44761000000001, 19.60696], [77.44247, 19.58029], [77.44251000000001, 19.574450000000002], [77.44422, 19.563830000000003], [77.44191000000001, 19.561210000000003], [77.43956, 19.555750000000003], [77.43664000000001, 19.55599], [77.43434, 19.55957], [77.42914, 19.573500000000003], [77.42528, 19.57927], [77.42388000000001, 19.586840000000002], [77.42014, 19.59456], [77.42293000000001, 19.60012], [77.42285000000001, 19.61345], [77.42441000000001, 19.61589], [77.42805000000001, 19.61664], [77.42892, 19.61615], [77.43385, 19.612830000000002]]]}}, {"id": "301", "type": "Feature", "properties": {"village_name": "Chinchoti", "vil_lgd": 546175, "district_name": "Hingoli", "dist_lgd": 477, "subdistrict_name": "Kalamnuri", "sdcode": 4114, "block_name": "Kalamnuri", "block_lgd": 165, "gp_name": "", "state_name": "MAHARASHTRA", "state_lgd": 27, "population": 21, "households": 5}, "geometry": {"type": "Polygon", "coordinates": [[[77.28315, 19.6002], [77.28544000000001, 19.59597], [77.27234, 19.59297], [77.27340000000001, 19.597800000000003], [77.27269000000001, 19.60454], [77.28043000000001, 19.60442], [77.28336, 19.60491], [77.28315, 19.6002]]]}}, {"id": "302", "type": "Feature", "properties": {"village_name": "Digras Tarf Kondur", "vil_lgd": 546207, "district_name": "Hingoli", "dist_lgd": 477, "subdistrict_name": "Kalamnuri", "sdcode": 4114, "block_name": "Kalamnuri", "block_lgd": 165, "gp_name": "", "state_name": "MAHARASHTRA", "state_lgd": 27, "population": 1231, "households": 242}, "geometry": {"type": "Polygon", "coordinates": [[[77.33402000000001, 19.57637], [77.32656, 19.585520000000002], [77.32317, 19.59101], [77.33559000000001, 19.599510000000002], [77.34051000000001, 19.604960000000002], [77.34494000000001, 19.607590000000002], [77.35059000000001, 19.60688], [77.35000000000001, 19.60575], [77.35119, 19.600530000000003], [77.35089, 19.595470000000002], [77.34662, 19.5832], [77.34568, 19.58113], [77.3431, 19.578770000000002], [77.33768, 19.577080000000002], [77.33402000000001, 19.57637]]]}}, {"id": "303", "type": "Feature", "properties": {"village_name": "Kondhur", "vil_lgd": 546208, "district_name": "Hingoli", "dist_lgd": 477, "subdistrict_name": "Kalamnuri", "sdcode": 4114, "block_name": "Kalamnuri", "block_lgd": 165, "gp_name": "", "state_name": "MAHARASHTRA", "state_lgd": 27, "population": 2316, "households": 429}, "geometry": {"type": "Polygon", "coordinates": [[[77.36647, 19.600630000000002], [77.36504000000001, 19.59467], [77.36419000000001, 19.57994], [77.36261, 19.575300000000002], [77.35684, 19.57301], [77.35005000000001, 19.57169], [77.34229, 19.5648], [77.33402000000001, 19.57637], [77.33768, 19.577080000000002], [77.3431, 19.578770000000002], [77.34568, 19.58113], [77.34662, 19.5832], [77.35089, 19.595470000000002], [77.35119, 19.600530000000003], [77.35000000000001, 19.60575], [77.35059000000001, 19.60688], [77.35311, 19.606360000000002], [77.36267000000001, 19.6005], [77.36647, 19.600630000000002]]]}}, {"id": "304", "type": "Feature", "properties": {"village_name": "Aundha Nagnath", "vil_lgd": 296909, "district_name": "Hingoli", "dist_lgd": 477, "subdistrict_name": "Aundha (Nagnath)", "sdcode": 4113, "block_name": "", "block_lgd": 0, "gp_name": "", "state_name": "MAHARASHTRA", "state_lgd": 27, "population": 14801, "households": 2744}, "geometry": {"type": "Polygon", "coordinates": [[[77.06012000000001, 19.572570000000002], [77.07151, 19.57442], [77.07279000000001, 19.57309], [77.07357, 19.55434], [77.07592000000001, 19.53761], [77.06981, 19.533790000000003], [77.06824, 19.53105], [77.06872000000001, 19.524240000000002], [77.06784, 19.523200000000003], [77.06299, 19.52102], [77.05812, 19.520480000000003], [77.05244, 19.52128], [77.04689, 19.523380000000003], [77.03992000000001, 19.535780000000003], [77.03743, 19.543660000000003], [77.03449, 19.548650000000002], [77.03112, 19.550050000000002], [77.02337, 19.551170000000003], [77.02505000000001, 19.55563], [77.02297, 19.56124], [77.02203, 19.56954], [77.02405, 19.56812], [77.03219, 19.567420000000002], [77.03886, 19.56954], [77.04607, 19.5744], [77.05214000000001, 19.572640000000003], [77.06012000000001, 19.572570000000002]]]}}, {"id": "305", "type": "Feature", "properties": {"village_name": "Talni Pr Aundha", "vil_lgd": 546019, "district_name": "Hingoli", "dist_lgd": 477, "subdistrict_name": "Aundha (Nagnath)", "sdcode": 4113, "block_name": "Aundha (Nagnath)", "block_lgd": 164, "gp_name": "", "state_name": "MAHARASHTRA", "state_lgd": 27, "population": 351, "households": 84}, "geometry": {"type": "Polygon", "coordinates": [[[77.08551, 19.56631], [77.08824000000001, 19.555870000000002], [77.09507, 19.54268], [77.09177000000001, 19.54016], [77.08971000000001, 19.539630000000002], [77.07997, 19.538890000000002], [77.07592000000001, 19.53761], [77.07357, 19.55434], [77.07279000000001, 19.57309], [77.07151, 19.57442], [77.08553, 19.57018], [77.08551, 19.56631]]]}}, {"id": "306", "type": "Feature", "properties": {"village_name": "Belthar", "vil_lgd": 546205, "district_name": "Hingoli", "dist_lgd": 477, "subdistrict_name": "Kalamnuri", "sdcode": 4114, "block_name": "Kalamnuri", "block_lgd": 165, "gp_name": "", "state_name": "MAHARASHTRA", "state_lgd": 27, "population": 1498, "households": 315}, "geometry": {"type": "Polygon", "coordinates": [[[77.38375, 19.59422], [77.38732, 19.59477], [77.39087, 19.59178], [77.391, 19.59056], [77.38636000000001, 19.58379], [77.38044000000001, 19.578780000000002], [77.37586, 19.57776], [77.3665, 19.578740000000003], [77.36419000000001, 19.57994], [77.36504000000001, 19.59467], [77.36647, 19.600630000000002], [77.37065000000001, 19.602210000000003], [77.37268, 19.60197], [77.37636, 19.59831], [77.38106, 19.596950000000003], [77.38375, 19.59422]]]}}, {"id": "307", "type": "Feature", "properties": {"village_name": "Harwadi", "vil_lgd": 546177, "district_name": "Hingoli", "dist_lgd": 477, "subdistrict_name": "Kalamnuri", "sdcode": 4114, "block_name": "Kalamnuri", "block_lgd": 165, "gp_name": "", "state_name": "MAHARASHTRA", "state_lgd": 27, "population": 596, "households": 119}, "geometry": {"type": "Polygon", "coordinates": [[[77.27288, 19.576690000000003], [77.27099000000001, 19.586730000000003], [77.27234, 19.59297], [77.28544000000001, 19.59597], [77.28623, 19.59259], [77.28174000000001, 19.585130000000003], [77.28057000000001, 19.5818], [77.27927000000001, 19.579610000000002], [77.27288, 19.576690000000003]]]}}, {"id": "308", "type": "Feature", "properties": {"village_name": "Sukapur", "vil_lgd": 546016, "district_name": "Hingoli", "dist_lgd": 477, "subdistrict_name": "Aundha (Nagnath)", "sdcode": 4113, "block_name": "Aundha (Nagnath)", "block_lgd": 164, "gp_name": "", "state_name": "MAHARASHTRA", "state_lgd": 27, "population": 947, "households": 188}, "geometry": {"type": "Polygon", "coordinates": [[[77.02297, 19.56124], [77.02505000000001, 19.55563], [77.02337, 19.551170000000003], [77.01913, 19.54558], [77.00827000000001, 19.546960000000002], [77.00504000000001, 19.54645], [77.00210000000001, 19.54774], [77.00126, 19.55328], [76.99998000000001, 19.555970000000002], [77.00083000000001, 19.56219], [77.00706000000001, 19.56288], [77.01086000000001, 19.561870000000003], [77.02297, 19.56124]]]}}, {"id": "309", "type": "Feature", "properties": {"village_name": "Tembhurdara", "vil_lgd": 546047, "district_name": "Hingoli", "dist_lgd": 477, "subdistrict_name": "Aundha (Nagnath)", "sdcode": 4113, "block_name": "Aundha (Nagnath)", "block_lgd": 164, "gp_name": "", "state_name": "MAHARASHTRA", "state_lgd": 27, "population": 270, "households": 54}, "geometry": {"type": "Polygon", "coordinates": [[[77.24491, 19.57855], [77.25304000000001, 19.57306], [77.26215, 19.571430000000003], [77.26180000000001, 19.566560000000003], [77.26154000000001, 19.562890000000003], [77.25805000000001, 19.559350000000002], [77.2531, 19.558380000000003], [77.24902, 19.55882], [77.24674, 19.559350000000002], [77.24373, 19.562150000000003], [77.23681, 19.56604], [77.22622000000001, 19.568540000000002], [77.20829, 19.56737], [77.20930000000001, 19.572460000000003], [77.20912000000001, 19.584220000000002], [77.22804000000001, 19.584020000000002], [77.23321, 19.58285], [77.24193000000001, 19.57852], [77.24491, 19.57855]]]}}, {"id": "310", "type": "Feature", "properties": {"village_name": "Yelki", "vil_lgd": 546203, "district_name": "Hingoli", "dist_lgd": 477, "subdistrict_name": "Kalamnuri", "sdcode": 4114, "block_name": "Kalamnuri", "block_lgd": 165, "gp_name": "", "state_name": "MAHARASHTRA", "state_lgd": 27, "population": 2435, "households": 510}, "geometry": {"type": "Polygon", "coordinates": [[[77.40889, 19.567950000000003], [77.40509, 19.567980000000002], [77.39805000000001, 19.5665], [77.39206, 19.567110000000003], [77.37561000000001, 19.57254], [77.36261, 19.575300000000002], [77.36419000000001, 19.57994], [77.3665, 19.578740000000003], [77.37586, 19.57776], [77.38044000000001, 19.578780000000002], [77.38636000000001, 19.58379], [77.391, 19.59056], [77.39087, 19.59178], [77.39459000000001, 19.594260000000002], [77.40219, 19.59578], [77.40432000000001, 19.595360000000003], [77.40901000000001, 19.59121], [77.40975, 19.58939], [77.41063000000001, 19.57872], [77.40889, 19.567950000000003]]]}}, {"id": "311", "type": "Feature", "properties": {"village_name": "Rajapur", "vil_lgd": 546022, "district_name": "Hingoli", "dist_lgd": 477, "subdistrict_name": "Aundha (Nagnath)", "sdcode": 4113, "block_name": "Aundha (Nagnath)", "block_lgd": 164, "gp_name": "", "state_name": "MAHARASHTRA", "state_lgd": 27, "population": 576, "households": 107}, "geometry": {"type": "Polygon", "coordinates": [[[77.13058000000001, 19.560170000000003], [77.13886000000001, 19.54735], [77.12644, 19.5435], [77.11906, 19.54331], [77.11423, 19.544050000000002], [77.11464000000001, 19.5472], [77.11379000000001, 19.550810000000002], [77.10484000000001, 19.56061], [77.10504, 19.565070000000002], [77.11281000000001, 19.56501], [77.11769000000001, 19.56641], [77.12779, 19.56625], [77.12806, 19.565330000000003], [77.13058000000001, 19.560170000000003]]]}}, {"id": "312", "type": "Feature", "properties": {"village_name": "Kamtha", "vil_lgd": 546202, "district_name": "Hingoli", "dist_lgd": 477, "subdistrict_name": "Kalamnuri", "sdcode": 4114, "block_name": "Kalamnuri", "block_lgd": 165, "gp_name": "", "state_name": "MAHARASHTRA", "state_lgd": 27, "population": 974, "households": 220}, "geometry": {"type": "Polygon", "coordinates": [[[77.43664000000001, 19.55599], [77.43131000000001, 19.55648], [77.42742000000001, 19.558940000000003], [77.41869000000001, 19.565050000000003], [77.40889, 19.567950000000003], [77.41063000000001, 19.57872], [77.40975, 19.58939], [77.40901000000001, 19.59121], [77.4128, 19.59427], [77.42014, 19.59456], [77.42388000000001, 19.586840000000002], [77.42528, 19.57927], [77.42914, 19.573500000000003], [77.43434, 19.55957], [77.43664000000001, 19.55599]]]}}, {"id": "313", "type": "Feature", "properties": {"village_name": "Asola", "vil_lgd": 546181, "district_name": "Hingoli", "dist_lgd": 477, "subdistrict_name": "Kalamnuri", "sdcode": 4114, "block_name": "Kalamnuri", "block_lgd": 165, "gp_name": "", "state_name": "MAHARASHTRA", "state_lgd": 27, "population": 1014, "households": 190}, "geometry": {"type": "Polygon", "coordinates": [[[77.29843000000001, 19.56987], [77.30018000000001, 19.570500000000003], [77.29859, 19.56566], [77.29241, 19.55809], [77.28571000000001, 19.56096], [77.26180000000001, 19.566560000000003], [77.26215, 19.571430000000003], [77.26522, 19.57355], [77.26858, 19.575020000000002], [77.27288, 19.576690000000003], [77.27927000000001, 19.579610000000002], [77.28057000000001, 19.5818], [77.28727, 19.57395], [77.29570000000001, 19.56988], [77.29843000000001, 19.56987]]]}}, {"id": "314", "type": "Feature", "properties": {"village_name": "Amdari", "vil_lgd": 546046, "district_name": "Hingoli", "dist_lgd": 477, "subdistrict_name": "Aundha (Nagnath)", "sdcode": 4113, "block_name": "Aundha (Nagnath)", "block_lgd": 164, "gp_name": "", "state_name": "MAHARASHTRA", "state_lgd": 27, "population": 1947, "households": 374}, "geometry": {"type": "Polygon", "coordinates": [[[77.26215, 19.571430000000003], [77.25304000000001, 19.57306], [77.24491, 19.57855], [77.24443000000001, 19.58648], [77.24739000000001, 19.58464], [77.25842, 19.582040000000003], [77.26346000000001, 19.579980000000003], [77.26858, 19.575020000000002], [77.26522, 19.57355], [77.26215, 19.571430000000003]]]}}, {"id": "315", "type": "Feature", "properties": {"village_name": "Galandi", "vil_lgd": 546017, "district_name": "Hingoli", "dist_lgd": 477, "subdistrict_name": "Aundha (Nagnath)", "sdcode": 4113, "block_name": "Aundha (Nagnath)", "block_lgd": 164, "gp_name": "", "state_name": "MAHARASHTRA", "state_lgd": 27, "population": 1211, "households": 216}, "geometry": {"type": "Polygon", "coordinates": [[[77.04689, 19.523380000000003], [77.03825, 19.527730000000002], [77.02598, 19.52756], [77.02392, 19.527060000000002], [77.022, 19.525470000000002], [77.01856000000001, 19.53472], [77.01979, 19.54483], [77.01913, 19.54558], [77.02337, 19.551170000000003], [77.03112, 19.550050000000002], [77.03449, 19.548650000000002], [77.03743, 19.543660000000003], [77.03992000000001, 19.535780000000003], [77.04689, 19.523380000000003]]]}}, {"id": "316", "type": "Feature", "properties": {"village_name": "Golegaon", "vil_lgd": 546015, "district_name": "Hingoli", "dist_lgd": 477, "subdistrict_name": "Aundha (Nagnath)", "sdcode": 4113, "block_name": "Aundha (Nagnath)", "block_lgd": 164, "gp_name": "", "state_name": "MAHARASHTRA", "state_lgd": 27, "population": 2226, "households": 413}, "geometry": {"type": "Polygon", "coordinates": [[[77.01979, 19.54483], [77.01856000000001, 19.53472], [77.022, 19.525470000000002], [77.02068000000001, 19.52417], [77.01873, 19.522550000000003], [77.01501, 19.521330000000003], [77.00491000000001, 19.521800000000002], [76.99992, 19.52333], [76.99258, 19.53113], [76.98929000000001, 19.53282], [76.97456000000001, 19.533340000000003], [76.97455000000001, 19.53928], [76.98364000000001, 19.54101], [77.00210000000001, 19.54774], [77.00504000000001, 19.54645], [77.00827000000001, 19.546960000000002], [77.01913, 19.54558], [77.01979, 19.54483]]]}}, {"id": "317", "type": "Feature", "properties": {"village_name": "Rajdari", "vil_lgd": 546053, "district_name": "Hingoli", "dist_lgd": 477, "subdistrict_name": "Aundha (Nagnath)", "sdcode": 4113, "block_name": "Aundha (Nagnath)", "block_lgd": 164, "gp_name": "", "state_name": "MAHARASHTRA", "state_lgd": 27, "population": 1088, "households": 197}, "geometry": {"type": "Polygon", "coordinates": [[[77.24674, 19.559350000000002], [77.24149000000001, 19.56006], [77.23410000000001, 19.55872], [77.2305, 19.556040000000003], [77.22642, 19.5512], [77.22464000000001, 19.551750000000002], [77.22447000000001, 19.5549], [77.22323, 19.555940000000003], [77.22044000000001, 19.55609], [77.21665, 19.55469], [77.21327000000001, 19.54963], [77.20525, 19.55309], [77.20829, 19.56737], [77.22622000000001, 19.568540000000002], [77.23681, 19.56604], [77.24373, 19.562150000000003], [77.24674, 19.559350000000002]]]}}, {"id": "318", "type": "Feature", "properties": {"village_name": "Bibthar", "vil_lgd": 546209, "district_name": "Hingoli", "dist_lgd": 477, "subdistrict_name": "Kalamnuri", "sdcode": 4114, "block_name": "Kalamnuri", "block_lgd": 165, "gp_name": "", "state_name": "MAHARASHTRA", "state_lgd": 27, "population": 247, "households": 64}, "geometry": {"type": "Polygon", "coordinates": [[[77.35314000000001, 19.551810000000003], [77.34274, 19.5544], [77.32805, 19.55251], [77.32554, 19.55582], [77.31946, 19.57348], [77.32188000000001, 19.574060000000003], [77.33402000000001, 19.57637], [77.34229, 19.5648], [77.35513, 19.555770000000003], [77.35314000000001, 19.551810000000003]]]}}, {"id": "319", "type": "Feature", "properties": {"village_name": "Asola Traf Lakh", "vil_lgd": 546055, "district_name": "Hingoli", "dist_lgd": 477, "subdistrict_name": "Aundha (Nagnath)", "sdcode": 4113, "block_name": "Aundha (Nagnath)", "block_lgd": 164, "gp_name": "", "state_name": "MAHARASHTRA", "state_lgd": 27, "population": 1854, "households": 338}, "geometry": {"type": "Polygon", "coordinates": [[[77.12644, 19.5435], [77.12605, 19.53387], [77.12677000000001, 19.52952], [77.12863, 19.525170000000003], [77.13040000000001, 19.52419], [77.12367, 19.519340000000003], [77.10823, 19.517110000000002], [77.10291000000001, 19.51811], [77.09822000000001, 19.517750000000003], [77.09784, 19.52559], [77.09574, 19.5283], [77.09074000000001, 19.531480000000002], [77.08979000000001, 19.533140000000003], [77.08971000000001, 19.539630000000002], [77.09177000000001, 19.54016], [77.09507, 19.54268], [77.09947000000001, 19.545240000000003], [77.10358000000001, 19.54625], [77.10777, 19.546110000000002], [77.11423, 19.544050000000002], [77.11906, 19.54331], [77.12644, 19.5435]]]}}, {"id": "320", "type": "Feature", "properties": {"village_name": "Pangra Shinde", "vil_lgd": 546329, "district_name": "Hingoli", "dist_lgd": 477, "subdistrict_name": "Basmath", "sdcode": 4115, "block_name": "Basmath", "block_lgd": 166, "gp_name": "", "state_name": "MAHARASHTRA", "state_lgd": 27, "population": 4066, "households": 862}, "geometry": {"type": "Polygon", "coordinates": [[[77.2531, 19.558380000000003], [77.25805000000001, 19.559350000000002], [77.26486000000001, 19.55957], [77.27082, 19.555570000000003], [77.2727, 19.552300000000002], [77.274, 19.53722], [77.26126000000001, 19.53143], [77.24955, 19.530990000000003], [77.23781000000001, 19.528070000000003], [77.2172, 19.54257], [77.21857, 19.544420000000002], [77.22023, 19.544600000000003], [77.22642, 19.5512], [77.2305, 19.556040000000003], [77.23410000000001, 19.55872], [77.24149000000001, 19.56006], [77.24674, 19.559350000000002], [77.24902, 19.55882], [77.2531, 19.558380000000003]]]}}, {"id": "321", "type": "Feature", "properties": {"village_name": "Sawar Kheda", "vil_lgd": 546056, "district_name": "Hingoli", "dist_lgd": 477, "subdistrict_name": "Aundha (Nagnath)", "sdcode": 4113, "block_name": "Aundha (Nagnath)", "block_lgd": 164, "gp_name": "", "state_name": "MAHARASHTRA", "state_lgd": 27, "population": 311, "households": 74}, "geometry": {"type": "Polygon", "coordinates": [[[77.14288, 19.52456], [77.13769, 19.524610000000003], [77.13040000000001, 19.52419], [77.12863, 19.525170000000003], [77.12677000000001, 19.52952], [77.12605, 19.53387], [77.12644, 19.5435], [77.13886000000001, 19.54735], [77.14628, 19.54528], [77.14878, 19.543830000000003], [77.14288, 19.52456]]]}}, {"id": "322", "type": "Feature", "properties": {"village_name": "Sonwadi", "vil_lgd": 546052, "district_name": "Hingoli", "dist_lgd": 477, "subdistrict_name": "Aundha (Nagnath)", "sdcode": 4113, "block_name": "Aundha (Nagnath)", "block_lgd": 164, "gp_name": "", "state_name": "MAHARASHTRA", "state_lgd": 27, "population": 824, "households": 170}, "geometry": {"type": "Polygon", "coordinates": [[[77.22023, 19.544600000000003], [77.21857, 19.544420000000002], [77.21202000000001, 19.54458], [77.20467000000001, 19.547230000000003], [77.20319, 19.548450000000003], [77.20525, 19.55309], [77.21327000000001, 19.54963], [77.21665, 19.55469], [77.22044000000001, 19.55609], [77.22323, 19.555940000000003], [77.22447000000001, 19.5549], [77.22464000000001, 19.551750000000002], [77.22642, 19.5512], [77.22023, 19.544600000000003]]]}}, {"id": "323", "type": "Feature", "properties": {"village_name": "Daregaon", "vil_lgd": 546054, "district_name": "Hingoli", "dist_lgd": 477, "subdistrict_name": "Aundha (Nagnath)", "sdcode": 4113, "block_name": "Aundha (Nagnath)", "block_lgd": 164, "gp_name": "", "state_name": "MAHARASHTRA", "state_lgd": 27, "population": 1962, "households": 364}, "geometry": {"type": "Polygon", "coordinates": [[[77.09331, 19.51508], [77.08454, 19.503600000000002], [77.08092, 19.50666], [77.07216000000001, 19.50981], [77.07025, 19.51924], [77.06784, 19.523200000000003], [77.06872000000001, 19.524240000000002], [77.06824, 19.53105], [77.06981, 19.533790000000003], [77.07592000000001, 19.53761], [77.07997, 19.538890000000002], [77.08971000000001, 19.539630000000002], [77.08979000000001, 19.533140000000003], [77.09074000000001, 19.531480000000002], [77.09574, 19.5283], [77.09784, 19.52559], [77.09822000000001, 19.517750000000003], [77.09331, 19.51508]]]}}, {"id": "324", "type": "Feature", "properties": {"village_name": "Lohara Bk", "vil_lgd": 546058, "district_name": "Hingoli", "dist_lgd": 477, "subdistrict_name": "Aundha (Nagnath)", "sdcode": 4113, "block_name": "Aundha (Nagnath)", "block_lgd": 164, "gp_name": "", "state_name": "MAHARASHTRA", "state_lgd": 27, "population": 1535, "households": 312}, "geometry": {"type": "Polygon", "coordinates": [[[77.17668, 19.506870000000003], [77.15492, 19.5134], [77.14411000000001, 19.52431], [77.14288, 19.52456], [77.14878, 19.543830000000003], [77.15608, 19.54288], [77.16634, 19.544240000000002], [77.16756000000001, 19.545240000000003], [77.17113, 19.5407], [77.17414000000001, 19.53293], [77.17597, 19.53067], [77.17932, 19.5226], [77.18017, 19.518060000000002], [77.17668, 19.506870000000003]]]}}, {"id": "325", "type": "Feature", "properties": {"village_name": "Sapali", "vil_lgd": 546211, "district_name": "Hingoli", "dist_lgd": 477, "subdistrict_name": "Kalamnuri", "sdcode": 4114, "block_name": "Kalamnuri", "block_lgd": 165, "gp_name": "", "state_name": "MAHARASHTRA", "state_lgd": 27, "population": 1156, "households": 216}, "geometry": {"type": "Polygon", "coordinates": [[[77.38804, 19.54831], [77.38697, 19.55058], [77.38045000000001, 19.554920000000003], [77.38829000000001, 19.56241], [77.39805000000001, 19.5665], [77.39875, 19.55534], [77.38982, 19.548750000000002], [77.38804, 19.54831]]]}}, {"id": "326", "type": "Feature", "properties": {"village_name": "Wangarwadi", "vil_lgd": 546066, "district_name": "Hingoli", "dist_lgd": 477, "subdistrict_name": "Aundha (Nagnath)", "sdcode": 4113, "block_name": "Aundha (Nagnath)", "block_lgd": 164, "gp_name": "", "state_name": "MAHARASHTRA", "state_lgd": 27, "population": 586, "households": 122}, "geometry": {"type": "Polygon", "coordinates": [[[77.04288000000001, 19.512970000000003], [77.04141000000001, 19.51164], [77.03808000000001, 19.5145], [77.03534, 19.51516], [77.02855000000001, 19.5152], [77.0224, 19.513720000000003], [77.02215000000001, 19.519940000000002], [77.02068000000001, 19.52417], [77.022, 19.525470000000002], [77.02392, 19.527060000000002], [77.02598, 19.52756], [77.03825, 19.527730000000002], [77.04689, 19.523380000000003], [77.04446, 19.51642], [77.04288000000001, 19.512970000000003]]]}}, {"id": "327", "type": "Feature", "properties": {"village_name": "Dongargaon Pul", "vil_lgd": 546213, "district_name": "Hingoli", "dist_lgd": 477, "subdistrict_name": "Kalamnuri", "sdcode": 4114, "block_name": "Kalamnuri", "block_lgd": 165, "gp_name": "", "state_name": "MAHARASHTRA", "state_lgd": 27, "population": 1573, "households": 313}, "geometry": {"type": "Polygon", "coordinates": [[[77.41636000000001, 19.54964], [77.40863, 19.557280000000002], [77.41277000000001, 19.559130000000003], [77.41628, 19.55968], [77.42456, 19.555570000000003], [77.41996, 19.55133], [77.41636000000001, 19.54964]]]}}, {"id": "328", "type": "Feature", "properties": {"village_name": "Kondashi Bk", "vil_lgd": 546069, "district_name": "Hingoli", "dist_lgd": 477, "subdistrict_name": "Aundha (Nagnath)", "sdcode": 4113, "block_name": "Aundha (Nagnath)", "block_lgd": 164, "gp_name": "", "state_name": "MAHARASHTRA", "state_lgd": 27, "population": 998, "households": 205}, "geometry": {"type": "Polygon", "coordinates": [[[77.0227, 19.50928], [77.02483000000001, 19.504720000000002], [77.02113, 19.49612], [77.01909, 19.49396], [77.00574, 19.49108], [76.99941000000001, 19.491590000000002], [76.99886000000001, 19.50054], [76.99613000000001, 19.50793], [76.99591000000001, 19.511370000000003], [76.99636000000001, 19.51256], [76.99992, 19.52333], [77.00491000000001, 19.521800000000002], [77.01501, 19.521330000000003], [77.01873, 19.522550000000003], [77.02068000000001, 19.52417], [77.02215000000001, 19.519940000000002], [77.0224, 19.513720000000003], [77.0227, 19.50928]]]}}, {"id": "329", "type": "Feature", "properties": {"village_name": "Sirli", "vil_lgd": 546330, "district_name": "Hingoli", "dist_lgd": 477, "subdistrict_name": "Basmath", "sdcode": 4115, "block_name": "Basmath", "block_lgd": 166, "gp_name": "", "state_name": "MAHARASHTRA", "state_lgd": 27, "population": 2079, "households": 402}, "geometry": {"type": "Polygon", "coordinates": [[[77.23165, 19.504730000000002], [77.22022000000001, 19.50601], [77.21442, 19.503600000000002], [77.21327000000001, 19.51086], [77.20156, 19.52615], [77.20993, 19.53388], [77.2172, 19.54257], [77.23781000000001, 19.528070000000003], [77.24092, 19.524610000000003], [77.24254, 19.5212], [77.24568000000001, 19.51397], [77.24642, 19.51011], [77.24085000000001, 19.509610000000002], [77.23708, 19.50794], [77.23165, 19.504730000000002]]]}}, {"id": "330", "type": "Feature", "properties": {"village_name": "Gorlegaon", "vil_lgd": 546186, "district_name": "Hingoli", "dist_lgd": 477, "subdistrict_name": "Kalamnuri", "sdcode": 4114, "block_name": "Kalamnuri", "block_lgd": 165, "gp_name": "", "state_name": "MAHARASHTRA", "state_lgd": 27, "population": 776, "households": 171}, "geometry": {"type": "Polygon", "coordinates": [[[77.34468000000001, 19.542990000000003], [77.34333000000001, 19.53967], [77.32870000000001, 19.54155], [77.32862, 19.54464], [77.32805, 19.55251], [77.34274, 19.5544], [77.35314000000001, 19.551810000000003], [77.34468000000001, 19.542990000000003]]]}}, {"id": "331", "type": "Feature", "properties": {"village_name": "Nageshwadi", "vil_lgd": 546064, "district_name": "Hingoli", "dist_lgd": 477, "subdistrict_name": "Aundha (Nagnath)", "sdcode": 4113, "block_name": "Aundha (Nagnath)", "block_lgd": 164, "gp_name": "", "state_name": "MAHARASHTRA", "state_lgd": 27, "population": 2653, "households": 450}, "geometry": {"type": "Polygon", "coordinates": [[[77.05812, 19.520480000000003], [77.06299, 19.52102], [77.06784, 19.523200000000003], [77.07025, 19.51924], [77.07216000000001, 19.50981], [77.06697000000001, 19.51012], [77.06096000000001, 19.50244], [77.05604000000001, 19.499540000000003], [77.03941, 19.481170000000002], [77.03029000000001, 19.48185], [77.02810000000001, 19.486880000000003], [77.03002000000001, 19.500680000000003], [77.03188, 19.50202], [77.04141000000001, 19.51164], [77.04288000000001, 19.512970000000003], [77.04446, 19.51642], [77.04689, 19.523380000000003], [77.05244, 19.52128], [77.05812, 19.520480000000003]]]}}, {"id": "332", "type": "Feature", "properties": {"village_name": "Akhada Balapur", "vil_lgd": 546214, "district_name": "Hingoli", "dist_lgd": 477, "subdistrict_name": "Kalamnuri", "sdcode": 4114, "block_name": "Kalamnuri", "block_lgd": 165, "gp_name": "", "state_name": "MAHARASHTRA", "state_lgd": 27, "population": 12505, "households": 2506}, "geometry": {"type": "Polygon", "coordinates": [[[77.43606000000001, 19.52849], [77.4315, 19.527220000000003], [77.42863000000001, 19.524350000000002], [77.42543, 19.51632], [77.41599000000001, 19.518800000000002], [77.4106, 19.52211], [77.40924000000001, 19.52609], [77.40919000000001, 19.53197], [77.41199, 19.540830000000003], [77.41636000000001, 19.54964], [77.41996, 19.55133], [77.42456, 19.555570000000003], [77.42742000000001, 19.558940000000003], [77.43131000000001, 19.55648], [77.43309, 19.5467], [77.43238000000001, 19.54372], [77.43067, 19.54147], [77.43063000000001, 19.53947], [77.43662, 19.53349], [77.43606000000001, 19.52849]]]}}, {"id": "333", "type": "Feature", "properties": {"village_name": "Kupti", "vil_lgd": 546221, "district_name": "Hingoli", "dist_lgd": 477, "subdistrict_name": "Kalamnuri", "sdcode": 4114, "block_name": "Kalamnuri", "block_lgd": 165, "gp_name": "", "state_name": "MAHARASHTRA", "state_lgd": 27, "population": 758, "households": 125}, "geometry": {"type": "Polygon", "coordinates": [[[77.40919000000001, 19.53197], [77.40797, 19.533620000000003], [77.40475, 19.53496], [77.40097, 19.53435], [77.39482000000001, 19.534730000000003], [77.38854, 19.537560000000003], [77.38442, 19.537860000000002], [77.38788000000001, 19.544], [77.38804, 19.54831], [77.38982, 19.548750000000002], [77.39875, 19.55534], [77.40863, 19.557280000000002], [77.41636000000001, 19.54964], [77.41199, 19.540830000000003], [77.40919000000001, 19.53197]]]}}, {"id": "334", "type": "Feature", "properties": {"village_name": "Dhardhawanda", "vil_lgd": 546223, "district_name": "Hingoli", "dist_lgd": 477, "subdistrict_name": "Kalamnuri", "sdcode": 4114, "block_name": "Kalamnuri", "block_lgd": 165, "gp_name": "", "state_name": "MAHARASHTRA", "state_lgd": 27, "population": 358, "households": 74}, "geometry": {"type": "Polygon", "coordinates": [[[77.37999, 19.532610000000002], [77.37279000000001, 19.53637], [77.36929, 19.53995], [77.36883, 19.54782], [77.37193, 19.54805], [77.37429, 19.54904], [77.38045000000001, 19.554920000000003], [77.38697, 19.55058], [77.38804, 19.54831], [77.38788000000001, 19.544], [77.38442, 19.537860000000002], [77.38263, 19.53536], [77.37999, 19.532610000000002]]]}}, {"id": "335", "type": "Feature", "properties": {"village_name": "Pimpri Bk", "vil_lgd": 546201, "district_name": "Hingoli", "dist_lgd": 477, "subdistrict_name": "Kalamnuri", "sdcode": 4114, "block_name": "Kalamnuri", "block_lgd": 165, "gp_name": "", "state_name": "MAHARASHTRA", "state_lgd": 27, "population": 1012, "households": 204}, "geometry": {"type": "Polygon", "coordinates": [[[77.43662, 19.53349], [77.43063000000001, 19.53947], [77.43067, 19.54147], [77.43238000000001, 19.54372], [77.43309, 19.5467], [77.43131000000001, 19.55648], [77.43664000000001, 19.55599], [77.43956, 19.555750000000003], [77.44170000000001, 19.55556], [77.44333, 19.55383], [77.4431, 19.54229], [77.43816000000001, 19.541300000000003], [77.43722000000001, 19.53872], [77.43662, 19.53349]]]}}, {"id": "336", "type": "Feature", "properties": {"village_name": "Wangarwadi Tanda", "vil_lgd": 546065, "district_name": "Hingoli", "dist_lgd": 477, "subdistrict_name": "Aundha (Nagnath)", "sdcode": 4113, "block_name": "Aundha (Nagnath)", "block_lgd": 164, "gp_name": "", "state_name": "MAHARASHTRA", "state_lgd": 27, "population": 771, "households": 161}, "geometry": {"type": "Polygon", "coordinates": [[[77.03002000000001, 19.500680000000003], [77.0275, 19.501350000000002], [77.02483000000001, 19.504720000000002], [77.0227, 19.50928], [77.0224, 19.513720000000003], [77.02855000000001, 19.5152], [77.03534, 19.51516], [77.03808000000001, 19.5145], [77.04141000000001, 19.51164], [77.03188, 19.50202], [77.03002000000001, 19.500680000000003]]]}}, {"id": "337", "type": "Feature", "properties": {"village_name": "Potra", "vil_lgd": 546185, "district_name": "Hingoli", "dist_lgd": 477, "subdistrict_name": "Kalamnuri", "sdcode": 4114, "block_name": "Kalamnuri", "block_lgd": 165, "gp_name": "", "state_name": "MAHARASHTRA", "state_lgd": 27, "population": 2877, "households": 599}, "geometry": {"type": "Polygon", "coordinates": [[[77.32949, 19.52483], [77.32973000000001, 19.518330000000002], [77.30771, 19.520490000000002], [77.30464, 19.522270000000002], [77.29095000000001, 19.524040000000003], [77.29294, 19.53613], [77.29343, 19.53912], [77.29501, 19.54071], [77.29872, 19.54044], [77.3075, 19.54289], [77.32862, 19.54464], [77.32870000000001, 19.54155], [77.32949, 19.52483]]]}}, {"id": "338", "type": "Feature", "properties": {"village_name": "Laxmannaik Tanda", "vil_lgd": 546060, "district_name": "Hingoli", "dist_lgd": 477, "subdistrict_name": "Aundha (Nagnath)", "sdcode": 4113, "block_name": "Aundha (Nagnath)", "block_lgd": 164, "gp_name": "", "state_name": "MAHARASHTRA", "state_lgd": 27, "population": 920, "households": 152}, "geometry": {"type": "Polygon", "coordinates": [[[77.13725000000001, 19.51498], [77.13912, 19.503690000000002], [77.13756000000001, 19.48995], [77.13276, 19.489900000000002], [77.12489000000001, 19.490550000000002], [77.12142, 19.49687], [77.1239, 19.510830000000002], [77.12367, 19.519340000000003], [77.13040000000001, 19.52419], [77.13769, 19.524610000000003], [77.13725000000001, 19.51498]]]}}, {"id": "339", "type": "Feature", "properties": {"village_name": "Sanghanaik Tanda", "vil_lgd": 546059, "district_name": "Hingoli", "dist_lgd": 477, "subdistrict_name": "Aundha (Nagnath)", "sdcode": 4113, "block_name": "Aundha (Nagnath)", "block_lgd": 164, "gp_name": "", "state_name": "MAHARASHTRA", "state_lgd": 27, "population": 568, "households": 128}, "geometry": {"type": "Polygon", "coordinates": [[[77.15450000000001, 19.48879], [77.13756000000001, 19.48995], [77.13912, 19.503690000000002], [77.13725000000001, 19.51498], [77.13769, 19.524610000000003], [77.14288, 19.52456], [77.14411000000001, 19.52431], [77.15492, 19.5134], [77.15495, 19.50187], [77.15587000000001, 19.49352], [77.15534000000001, 19.49076], [77.15450000000001, 19.48879]]]}}, {"id": "340", "type": "Feature", "properties": {"village_name": "Wadad", "vil_lgd": 545859, "district_name": "Hingoli", "dist_lgd": 477, "subdistrict_name": "Hingoli", "sdcode": 4112, "block_name": "Hingoli", "block_lgd": 163, "gp_name": "", "state_name": "MAHARASHTRA", "state_lgd": 27, "population": 1018, "households": 183}, "geometry": {"type": "Polygon", "coordinates": [[[77.17163000000001, 19.878130000000002], [77.16489, 19.87856], [77.16018000000001, 19.87638], [77.14710000000001, 19.88287], [77.14078, 19.887220000000003], [77.13584, 19.89292], [77.13256000000001, 19.897270000000002], [77.12971, 19.90388], [77.13298, 19.904300000000003], [77.14284, 19.90203], [77.15790000000001, 19.893870000000003], [77.17437000000001, 19.89213], [77.17095, 19.88107], [77.17163000000001, 19.878130000000002]]]}}, {"id": "341", "type": "Feature", "properties": {"village_name": "Wapti", "vil_lgd": 546331, "district_name": "Hingoli", "dist_lgd": 477, "subdistrict_name": "Basmath", "sdcode": 4115, "block_name": "Basmath", "block_lgd": 166, "gp_name": "", "state_name": "MAHARASHTRA", "state_lgd": 27, "population": 2015, "households": 410}, "geometry": {"type": "Polygon", "coordinates": [[[77.27868000000001, 19.52952], [77.28572000000001, 19.524040000000003], [77.28424000000001, 19.521330000000003], [77.2766, 19.51516], [77.27527, 19.51047], [77.27114, 19.502650000000003], [77.26475, 19.51163], [77.26308, 19.516280000000002], [77.25999, 19.518320000000003], [77.25364, 19.520760000000003], [77.24254, 19.5212], [77.24092, 19.524610000000003], [77.23781000000001, 19.528070000000003], [77.24955, 19.530990000000003], [77.26126000000001, 19.53143], [77.274, 19.53722], [77.27526, 19.533620000000003], [77.27868000000001, 19.52952]]]}}, {"id": "342", "type": "Feature", "properties": {"village_name": "Kawada", "vil_lgd": 546187, "district_name": "Hingoli", "dist_lgd": 477, "subdistrict_name": "Kalamnuri", "sdcode": 4114, "block_name": "Kalamnuri", "block_lgd": 165, "gp_name": "", "state_name": "MAHARASHTRA", "state_lgd": 27, "population": 1101, "households": 218}, "geometry": {"type": "Polygon", "coordinates": [[[77.34126, 19.525550000000003], [77.32949, 19.52483], [77.32870000000001, 19.54155], [77.34333000000001, 19.53967], [77.34150000000001, 19.527720000000002], [77.34126, 19.525550000000003]]]}}, {"id": "343", "type": "Feature", "properties": {"village_name": "Sarangwadi", "vil_lgd": 546061, "district_name": "Hingoli", "dist_lgd": 477, "subdistrict_name": "Aundha (Nagnath)", "sdcode": 4113, "block_name": "Aundha (Nagnath)", "block_lgd": 164, "gp_name": "", "state_name": "MAHARASHTRA", "state_lgd": 27, "population": 689, "households": 132}, "geometry": {"type": "Polygon", "coordinates": [[[77.1239, 19.510830000000002], [77.12142, 19.49687], [77.10635, 19.49359], [77.10591000000001, 19.49756], [77.10466000000001, 19.49978], [77.09798, 19.50581], [77.09753, 19.5086], [77.09843000000001, 19.512430000000002], [77.09822000000001, 19.517750000000003], [77.10291000000001, 19.51811], [77.10823, 19.517110000000002], [77.12367, 19.519340000000003], [77.1239, 19.510830000000002]]]}}, {"id": "344", "type": "Feature", "properties": {"village_name": "Gawalewadi", "vil_lgd": 546062, "district_name": "Hingoli", "dist_lgd": 477, "subdistrict_name": "Aundha (Nagnath)", "sdcode": 4113, "block_name": "Aundha (Nagnath)", "block_lgd": 164, "gp_name": "", "state_name": "MAHARASHTRA", "state_lgd": 27, "population": 829, "households": 172}, "geometry": {"type": "Polygon", "coordinates": [[[77.09039, 19.488650000000003], [77.08917000000001, 19.4889], [77.08744, 19.498350000000002], [77.08454, 19.503600000000002], [77.09331, 19.51508], [77.09822000000001, 19.517750000000003], [77.09843000000001, 19.512430000000002], [77.09753, 19.5086], [77.09798, 19.50581], [77.10466000000001, 19.49978], [77.10591000000001, 19.49756], [77.10635, 19.49359], [77.09336, 19.490260000000003], [77.09039, 19.488650000000003]]]}}, {"id": "345", "type": "Feature", "properties": {"village_name": "Boldawadi", "vil_lgd": 546183, "district_name": "Hingoli", "dist_lgd": 477, "subdistrict_name": "Kalamnuri", "sdcode": 4114, "block_name": "Kalamnuri", "block_lgd": 165, "gp_name": "", "state_name": "MAHARASHTRA", "state_lgd": 27, "population": 614, "households": 115}, "geometry": {"type": "Polygon", "coordinates": [[[77.29294, 19.53613], [77.29095000000001, 19.524040000000003], [77.28572000000001, 19.524040000000003], [77.27868000000001, 19.52952], [77.28761, 19.53726], [77.28961000000001, 19.53604], [77.29294, 19.53613]]]}}, {"id": "346", "type": "Feature", "properties": {"village_name": "Rajawadi", "vil_lgd": 546335, "district_name": "Hingoli", "dist_lgd": 477, "subdistrict_name": "Basmath", "sdcode": 4115, "block_name": "Basmath", "block_lgd": 166, "gp_name": "", "state_name": "MAHARASHTRA", "state_lgd": 27, "population": 1032, "households": 187}, "geometry": {"type": "Polygon", "coordinates": [[[77.21442, 19.49292], [77.20711, 19.495710000000003], [77.19068, 19.49953], [77.17992000000001, 19.50626], [77.17668, 19.506870000000003], [77.18017, 19.518060000000002], [77.19091, 19.5214], [77.20156, 19.52615], [77.21327000000001, 19.51086], [77.21442, 19.503600000000002], [77.21442, 19.49292]]]}}, {"id": "347", "type": "Feature", "properties": {"village_name": "Chondi Tarf Shahapur", "vil_lgd": 546063, "district_name": "Hingoli", "dist_lgd": 477, "subdistrict_name": "Aundha (Nagnath)", "sdcode": 4113, "block_name": "Aundha (Nagnath)", "block_lgd": 164, "gp_name": "", "state_name": "MAHARASHTRA", "state_lgd": 27, "population": 1474, "households": 285}, "geometry": {"type": "Polygon", "coordinates": [[[77.05525, 19.472720000000002], [77.05314000000001, 19.473190000000002], [77.05000000000001, 19.4779], [77.04427000000001, 19.48025], [77.03941, 19.481170000000002], [77.05604000000001, 19.499540000000003], [77.06096000000001, 19.50244], [77.06697000000001, 19.51012], [77.07216000000001, 19.50981], [77.08092, 19.50666], [77.08454, 19.503600000000002], [77.06719000000001, 19.4923], [77.06370000000001, 19.48695], [77.0584, 19.47837], [77.05525, 19.472720000000002]]]}}, {"id": "348", "type": "Feature", "properties": {"village_name": "Asola Traf Aundha", "vil_lgd": 546070, "district_name": "Hingoli", "dist_lgd": 477, "subdistrict_name": "Aundha (Nagnath)", "sdcode": 4113, "block_name": "Aundha (Nagnath)", "block_lgd": 164, "gp_name": "", "state_name": "MAHARASHTRA", "state_lgd": 27, "population": 3212, "households": 648}, "geometry": {"type": "Polygon", "coordinates": [[[77.02810000000001, 19.486880000000003], [77.03029000000001, 19.48185], [77.03042, 19.4782], [77.02731, 19.47304], [77.01528, 19.463810000000002], [77.01308, 19.468850000000003], [77.01134, 19.4708], [77.00277000000001, 19.47267], [77.00105, 19.47438], [76.99943, 19.47645], [76.99823, 19.48121], [76.99958000000001, 19.485590000000002], [76.99941000000001, 19.491590000000002], [77.00574, 19.49108], [77.01909, 19.49396], [77.02113, 19.49612], [77.02483000000001, 19.504720000000002], [77.0275, 19.501350000000002], [77.03002000000001, 19.500680000000003], [77.02810000000001, 19.486880000000003]]]}}, {"id": "349", "type": "Feature", "properties": {"village_name": "Kupti", "vil_lgd": 546332, "district_name": "Hingoli", "dist_lgd": 477, "subdistrict_name": "Basmath", "sdcode": 4115, "block_name": "Basmath", "block_lgd": 166, "gp_name": "", "state_name": "MAHARASHTRA", "state_lgd": 27, "population": 1170, "households": 281}, "geometry": {"type": "Polygon", "coordinates": [[[77.25596, 19.49565], [77.25537000000001, 19.498420000000003], [77.25258000000001, 19.50221], [77.24937000000001, 19.504810000000003], [77.24642, 19.51011], [77.24568000000001, 19.51397], [77.24254, 19.5212], [77.25364, 19.520760000000003], [77.25999, 19.518320000000003], [77.26308, 19.516280000000002], [77.26475, 19.51163], [77.27114, 19.502650000000003], [77.26946000000001, 19.49821], [77.25596, 19.49565]]]}}, {"id": "350", "type": "Feature", "properties": {"village_name": "Kalyachiwadi", "vil_lgd": 546228, "district_name": "Hingoli", "dist_lgd": 477, "subdistrict_name": "Kalamnuri", "sdcode": 4114, "block_name": "Kalamnuri", "block_lgd": 165, "gp_name": "", "state_name": "MAHARASHTRA", "state_lgd": 27, "population": 493, "households": 97}, "geometry": {"type": "Polygon", "coordinates": [[[77.41214000000001, 19.513630000000003], [77.40868, 19.51216], [77.40783, 19.507360000000002], [77.40306000000001, 19.50806], [77.40075, 19.50732], [77.40053, 19.505920000000003], [77.40282, 19.50409], [77.40203000000001, 19.502650000000003], [77.39937, 19.50347], [77.39395, 19.503390000000003], [77.39188, 19.513520000000003], [77.39013000000001, 19.517110000000002], [77.39502, 19.517390000000002], [77.40156, 19.522180000000002], [77.40321, 19.52427], [77.40367, 19.52909], [77.40097, 19.53435], [77.40475, 19.53496], [77.40797, 19.533620000000003], [77.40919000000001, 19.53197], [77.40924000000001, 19.52609], [77.4106, 19.52211], [77.41120000000001, 19.52042], [77.41214000000001, 19.513630000000003]]]}}, {"id": "351", "type": "Feature", "properties": {"village_name": "Kathoda", "vil_lgd": 546072, "district_name": "Hingoli", "dist_lgd": 477, "subdistrict_name": "Aundha (Nagnath)", "sdcode": 4113, "block_name": "Aundha (Nagnath)", "block_lgd": 164, "gp_name": "", "state_name": "MAHARASHTRA", "state_lgd": 27, "population": 626, "households": 114}, "geometry": {"type": "Polygon", "coordinates": [[[77.08614, 19.483490000000003], [77.08470000000001, 19.479390000000002], [77.07495, 19.476380000000002], [77.06370000000001, 19.48695], [77.06719000000001, 19.4923], [77.08454, 19.503600000000002], [77.08744, 19.498350000000002], [77.08917000000001, 19.4889], [77.09039, 19.488650000000003], [77.08614, 19.483490000000003]]]}}, {"id": "352", "type": "Feature", "properties": {"village_name": "Kanhegaon", "vil_lgd": 546218, "district_name": "Hingoli", "dist_lgd": 477, "subdistrict_name": "Kalamnuri", "sdcode": 4114, "block_name": "Kalamnuri", "block_lgd": 165, "gp_name": "", "state_name": "MAHARASHTRA", "state_lgd": 27, "population": 1367, "households": 261}, "geometry": {"type": "Polygon", "coordinates": [[[77.44752000000001, 19.49735], [77.44388000000001, 19.496650000000002], [77.4405, 19.497120000000002], [77.43628000000001, 19.498330000000003], [77.43008, 19.498610000000003], [77.4264, 19.503580000000003], [77.42388000000001, 19.509690000000003], [77.42543, 19.51632], [77.42863000000001, 19.524350000000002], [77.4315, 19.527220000000003], [77.43606000000001, 19.52849], [77.44688000000001, 19.52841], [77.44756000000001, 19.52267], [77.44847, 19.51582], [77.45235000000001, 19.5041], [77.45435, 19.50157], [77.44752000000001, 19.49735]]]}}, {"id": "353", "type": "Feature", "properties": {"village_name": "Sindgi", "vil_lgd": 546190, "district_name": "Hingoli", "dist_lgd": 477, "subdistrict_name": "Kalamnuri", "sdcode": 4114, "block_name": "Kalamnuri", "block_lgd": 165, "gp_name": "", "state_name": "MAHARASHTRA", "state_lgd": 27, "population": 3380, "households": 707}, "geometry": {"type": "Polygon", "coordinates": [[[77.29904, 19.47566], [77.29438, 19.48076], [77.29041000000001, 19.483780000000003], [77.28619, 19.48592], [77.27791, 19.48796], [77.27386000000001, 19.48983], [77.27164, 19.49217], [77.26966, 19.49567], [77.26946000000001, 19.49821], [77.27114, 19.502650000000003], [77.27527, 19.51047], [77.2766, 19.51516], [77.28424000000001, 19.521330000000003], [77.28572000000001, 19.524040000000003], [77.29095000000001, 19.524040000000003], [77.30464, 19.522270000000002], [77.30771, 19.520490000000002], [77.30887000000001, 19.5163], [77.30841000000001, 19.512580000000003], [77.30622000000001, 19.5085], [77.30442000000001, 19.4993], [77.30471, 19.49576], [77.30801000000001, 19.48778], [77.30798, 19.481990000000003], [77.30669, 19.479830000000003], [77.29904, 19.47566]]]}}, {"id": "354", "type": "Feature", "properties": {"village_name": "Tovha", "vil_lgd": 546226, "district_name": "Hingoli", "dist_lgd": 477, "subdistrict_name": "Kalamnuri", "sdcode": 4114, "block_name": "Kalamnuri", "block_lgd": 165, "gp_name": "", "state_name": "MAHARASHTRA", "state_lgd": 27, "population": 865, "households": 152}, "geometry": {"type": "Polygon", "coordinates": [[[77.35940000000001, 19.50113], [77.35443000000001, 19.5028], [77.35073000000001, 19.502480000000002], [77.3431, 19.513820000000003], [77.3409, 19.51971], [77.34126, 19.525550000000003], [77.34150000000001, 19.527720000000002], [77.35405, 19.5271], [77.35744000000001, 19.52586], [77.3588, 19.51989], [77.35962, 19.50563], [77.35940000000001, 19.50113]]]}}, {"id": "355", "type": "Feature", "properties": {"village_name": "Chondhi Tarf Sendursena", "vil_lgd": 546338, "district_name": "Hingoli", "dist_lgd": 477, "subdistrict_name": "Basmath", "sdcode": 4115, "block_name": "Basmath", "block_lgd": 166, "gp_name": "", "state_name": "MAHARASHTRA", "state_lgd": 27, "population": 2671, "households": 506}, "geometry": {"type": "Polygon", "coordinates": [[[77.21399000000001, 19.483220000000003], [77.21299, 19.48158], [77.21140000000001, 19.479000000000003], [77.20414000000001, 19.472230000000003], [77.19294000000001, 19.470670000000002], [77.18828, 19.4679], [77.18238000000001, 19.467740000000003], [77.17998, 19.467820000000003], [77.17022, 19.47077], [77.17002000000001, 19.47302], [77.17386, 19.485590000000002], [77.17407, 19.489800000000002], [77.17269, 19.495340000000002], [77.17316000000001, 19.5011], [77.17668, 19.506870000000003], [77.17992000000001, 19.50626], [77.19068, 19.49953], [77.20711, 19.495710000000003], [77.21442, 19.49292], [77.21399000000001, 19.483220000000003]]]}}, {"id": "356", "type": "Feature", "properties": {"village_name": "Bhosi", "vil_lgd": 546230, "district_name": "Hingoli", "dist_lgd": 477, "subdistrict_name": "Kalamnuri", "sdcode": 4114, "block_name": "Kalamnuri", "block_lgd": 165, "gp_name": "", "state_name": "MAHARASHTRA", "state_lgd": 27, "population": 1318, "households": 218}, "geometry": {"type": "Polygon", "coordinates": [[[77.42652000000001, 19.478170000000002], [77.42393000000001, 19.469710000000003], [77.41907, 19.45842], [77.40941000000001, 19.4572], [77.40174, 19.45917], [77.39349, 19.459010000000003], [77.39478000000001, 19.4644], [77.39511, 19.46929], [77.39460000000001, 19.47164], [77.39203, 19.475360000000002], [77.39185, 19.480110000000003], [77.39897, 19.483], [77.40062, 19.483510000000003], [77.40788, 19.482950000000002], [77.41061, 19.48373], [77.41633, 19.48712], [77.41865, 19.487270000000002], [77.42591, 19.4848], [77.42652000000001, 19.478170000000002]]]}}, {"id": "357", "type": "Feature", "properties": {"village_name": "Yedsi", "vil_lgd": 546239, "district_name": "Hingoli", "dist_lgd": 477, "subdistrict_name": "Kalamnuri", "sdcode": 4114, "block_name": "Kalamnuri", "block_lgd": 165, "gp_name": "", "state_name": "MAHARASHTRA", "state_lgd": 27, "population": 893, "households": 158}, "geometry": {"type": "Polygon", "coordinates": [[[77.39203, 19.475360000000002], [77.39460000000001, 19.47164], [77.39511, 19.46929], [77.38690000000001, 19.46714], [77.36417, 19.46321], [77.36813000000001, 19.46948], [77.37165, 19.480140000000002], [77.37304, 19.481350000000003], [77.37629000000001, 19.482310000000002], [77.38564000000001, 19.48178], [77.39185, 19.480110000000003], [77.39203, 19.475360000000002]]]}}, {"id": "358", "type": "Feature", "properties": {"village_name": "Kothari", "vil_lgd": 546342, "district_name": "Hingoli", "dist_lgd": 477, "subdistrict_name": "Basmath", "sdcode": 4115, "block_name": "Basmath", "block_lgd": 166, "gp_name": "", "state_name": "MAHARASHTRA", "state_lgd": 27, "population": 1421, "households": 277}, "geometry": {"type": "Polygon", "coordinates": [[[77.29201, 19.45867], [77.28555, 19.454720000000002], [77.27886000000001, 19.453020000000002], [77.26371, 19.45429], [77.26667, 19.459090000000003], [77.26833, 19.464360000000003], [77.27073, 19.46836], [77.27598, 19.470940000000002], [77.29208000000001, 19.471420000000002], [77.29601000000001, 19.471700000000002], [77.30005000000001, 19.473670000000002], [77.30133000000001, 19.47164], [77.29201, 19.45867]]]}}, {"id": "359", "type": "Feature", "properties": {"village_name": "Khapar Kheda", "vil_lgd": 546333, "district_name": "Hingoli", "dist_lgd": 477, "subdistrict_name": "Basmath", "sdcode": 4115, "block_name": "Basmath", "block_lgd": 166, "gp_name": "", "state_name": "MAHARASHTRA", "state_lgd": 27, "population": 625, "households": 134}, "geometry": {"type": "Polygon", "coordinates": [[[77.24282000000001, 19.4903], [77.23910000000001, 19.49283], [77.23734, 19.496100000000002], [77.23425, 19.497030000000002], [77.23165, 19.504730000000002], [77.23708, 19.50794], [77.24085000000001, 19.509610000000002], [77.24642, 19.51011], [77.24937000000001, 19.504810000000003], [77.25258000000001, 19.50221], [77.25537000000001, 19.498420000000003], [77.25596, 19.49565], [77.25116000000001, 19.491200000000003], [77.24899, 19.49013], [77.24282000000001, 19.4903]]]}}, {"id": "360", "type": "Feature", "properties": {"village_name": "Shirad Shahapur", "vil_lgd": 546073, "district_name": "Hingoli", "dist_lgd": 477, "subdistrict_name": "Aundha (Nagnath)", "sdcode": 4113, "block_name": "Aundha (Nagnath)", "block_lgd": 164, "gp_name": "", "state_name": "MAHARASHTRA", "state_lgd": 27, "population": 7386, "households": 1436}, "geometry": {"type": "Polygon", "coordinates": [[[77.12518, 19.47877], [77.12355000000001, 19.46768], [77.12345, 19.464260000000003], [77.12263, 19.45867], [77.1209, 19.4567], [77.11024, 19.450580000000002], [77.10501000000001, 19.447850000000003], [77.09899, 19.45804], [77.09597000000001, 19.45992], [77.08688000000001, 19.461090000000002], [77.08279, 19.46087], [77.08158, 19.46656], [77.0827, 19.4741], [77.08470000000001, 19.479390000000002], [77.08614, 19.483490000000003], [77.09039, 19.488650000000003], [77.09336, 19.490260000000003], [77.10635, 19.49359], [77.12142, 19.49687], [77.12489000000001, 19.490550000000002], [77.12518, 19.47877]]]}}, {"id": "361", "type": "Feature", "properties": {"village_name": "Khambala", "vil_lgd": 546334, "district_name": "Hingoli", "dist_lgd": 477, "subdistrict_name": "Basmath", "sdcode": 4115, "block_name": "Basmath", "block_lgd": 166, "gp_name": "", "state_name": "MAHARASHTRA", "state_lgd": 27, "population": 1168, "households": 221}, "geometry": {"type": "Polygon", "coordinates": [[[77.23425, 19.497030000000002], [77.23734, 19.496100000000002], [77.23910000000001, 19.49283], [77.21808, 19.48178], [77.21573000000001, 19.481440000000003], [77.21299, 19.48158], [77.21399000000001, 19.483220000000003], [77.21442, 19.49292], [77.21442, 19.503600000000002], [77.22022000000001, 19.50601], [77.23165, 19.504730000000002], [77.23425, 19.497030000000002]]]}}, {"id": "362", "type": "Feature", "properties": {"village_name": "Jawala Bajar", "vil_lgd": 546080, "district_name": "Hingoli", "dist_lgd": 477, "subdistrict_name": "Aundha (Nagnath)", "sdcode": 4113, "block_name": "Aundha (Nagnath)", "block_lgd": 164, "gp_name": "", "state_name": "MAHARASHTRA", "state_lgd": 27, "population": 13219, "households": 2526}, "geometry": {"type": "Polygon", "coordinates": [[[76.99823, 19.48121], [76.99943, 19.47645], [77.00105, 19.47438], [77.00277000000001, 19.47267], [77.01134, 19.4708], [77.01308, 19.468850000000003], [77.01528, 19.463810000000002], [77.01494000000001, 19.4617], [77.01303, 19.458650000000002], [77.01065000000001, 19.457420000000003], [77.00192000000001, 19.45445], [76.99661, 19.44181], [76.9945, 19.44085], [76.99225000000001, 19.44116], [76.99037000000001, 19.443230000000003], [76.98806, 19.45428], [76.98129, 19.46178], [76.98022, 19.463890000000003], [76.97809000000001, 19.47192], [76.9779, 19.473640000000003], [76.97864000000001, 19.474490000000003], [76.98543000000001, 19.47842], [76.98678000000001, 19.480130000000003], [76.98620000000001, 19.48158], [76.99041000000001, 19.48131], [76.99823, 19.48121]]]}}, {"id": "363", "type": "Feature", "properties": {"village_name": "Kandli", "vil_lgd": 546229, "district_name": "Hingoli", "dist_lgd": 477, "subdistrict_name": "Kalamnuri", "sdcode": 4114, "block_name": "Kalamnuri", "block_lgd": 165, "gp_name": "", "state_name": "MAHARASHTRA", "state_lgd": 27, "population": 2599, "households": 503}, "geometry": {"type": "Polygon", "coordinates": [[[77.42167, 19.50335], [77.41978, 19.5012], [77.41699000000001, 19.49417], [77.41633, 19.48712], [77.41061, 19.48373], [77.40788, 19.482950000000002], [77.40062, 19.483510000000003], [77.39803, 19.486590000000003], [77.39552, 19.49341], [77.39395, 19.503390000000003], [77.39937, 19.50347], [77.40203000000001, 19.502650000000003], [77.40282, 19.50409], [77.40053, 19.505920000000003], [77.40075, 19.50732], [77.40306000000001, 19.50806], [77.40783, 19.507360000000002], [77.40868, 19.51216], [77.41214000000001, 19.513630000000003], [77.41120000000001, 19.52042], [77.4106, 19.52211], [77.41599000000001, 19.518800000000002], [77.42543, 19.51632], [77.42388000000001, 19.509690000000003], [77.42167, 19.50335]]]}}, {"id": "364", "type": "Feature", "properties": {"village_name": "Takalgavhan Tarf Shahapur", "vil_lgd": 546077, "district_name": "Hingoli", "dist_lgd": 477, "subdistrict_name": "Aundha (Nagnath)", "sdcode": 4113, "block_name": "Aundha (Nagnath)", "block_lgd": 164, "gp_name": "", "state_name": "MAHARASHTRA", "state_lgd": 27, "population": 294, "households": 53}, "geometry": {"type": "Polygon", "coordinates": [[[77.07388, 19.4587], [77.06894000000001, 19.460050000000003], [77.06840000000001, 19.46434], [77.06947000000001, 19.469620000000003], [77.06845000000001, 19.471500000000002], [77.07495, 19.476380000000002], [77.08470000000001, 19.479390000000002], [77.0827, 19.4741], [77.08158, 19.46656], [77.08279, 19.46087], [77.07388, 19.4587]]]}}, {"id": "365", "type": "Feature", "properties": {"village_name": "Jam", "vil_lgd": 546189, "district_name": "Hingoli", "dist_lgd": 477, "subdistrict_name": "Kalamnuri", "sdcode": 4114, "block_name": "Kalamnuri", "block_lgd": 165, "gp_name": "", "state_name": "MAHARASHTRA", "state_lgd": 27, "population": 1854, "households": 343}, "geometry": {"type": "Polygon", "coordinates": [[[77.32806000000001, 19.50634], [77.33401, 19.50634], [77.33994000000001, 19.50474], [77.33298, 19.49661], [77.33092, 19.48225], [77.32974, 19.479650000000003], [77.32074, 19.47904], [77.31149, 19.48037], [77.30798, 19.481990000000003], [77.30801000000001, 19.48778], [77.30471, 19.49576], [77.30442000000001, 19.4993], [77.30622000000001, 19.5085], [77.30841000000001, 19.512580000000003], [77.32293, 19.506500000000003], [77.32806000000001, 19.50634]]]}}, {"id": "366", "type": "Feature", "properties": {"village_name": "Kathoda Tanda", "vil_lgd": 546071, "district_name": "Hingoli", "dist_lgd": 477, "subdistrict_name": "Aundha (Nagnath)", "sdcode": 4113, "block_name": "Aundha (Nagnath)", "block_lgd": 164, "gp_name": "", "state_name": "MAHARASHTRA", "state_lgd": 27, "population": 1460, "households": 277}, "geometry": {"type": "Polygon", "coordinates": [[[77.06845000000001, 19.471500000000002], [77.06733000000001, 19.472910000000002], [77.06531000000001, 19.473280000000003], [77.05934, 19.473470000000002], [77.05525, 19.472720000000002], [77.0584, 19.47837], [77.06370000000001, 19.48695], [77.07495, 19.476380000000002], [77.06845000000001, 19.471500000000002]]]}}, {"id": "367", "type": "Feature", "properties": {"village_name": "Bhurkyachiwadi", "vil_lgd": 546227, "district_name": "Hingoli", "dist_lgd": 477, "subdistrict_name": "Kalamnuri", "sdcode": 4114, "block_name": "Kalamnuri", "block_lgd": 165, "gp_name": "", "state_name": "MAHARASHTRA", "state_lgd": 27, "population": 1218, "households": 235}, "geometry": {"type": "Polygon", "coordinates": [[[77.39188, 19.513520000000003], [77.39395, 19.503390000000003], [77.38769, 19.50335], [77.38165000000001, 19.50459], [77.37985, 19.504160000000002], [77.37972, 19.50007], [77.37282, 19.499830000000003], [77.35983, 19.497770000000003], [77.35940000000001, 19.50113], [77.36615, 19.504080000000002], [77.37903, 19.516270000000002], [77.38131000000001, 19.51724], [77.38396, 19.51773], [77.39013000000001, 19.517110000000002], [77.39188, 19.513520000000003]]]}}, {"id": "368", "type": "Feature", "properties": {"village_name": "Purjal", "vil_lgd": 546079, "district_name": "Hingoli", "dist_lgd": 477, "subdistrict_name": "Aundha (Nagnath)", "sdcode": 4113, "block_name": "Aundha (Nagnath)", "block_lgd": 164, "gp_name": "", "state_name": "MAHARASHTRA", "state_lgd": 27, "population": 2384, "households": 464}, "geometry": {"type": "Polygon", "coordinates": [[[77.03558000000001, 19.444650000000003], [77.0351, 19.446720000000003], [77.02286000000001, 19.452540000000003], [77.01490000000001, 19.454790000000003], [77.01251, 19.45726], [77.01065000000001, 19.457420000000003], [77.01303, 19.458650000000002], [77.01494000000001, 19.4617], [77.01528, 19.463810000000002], [77.02731, 19.47304], [77.03042, 19.4782], [77.03029000000001, 19.48185], [77.03941, 19.481170000000002], [77.04427000000001, 19.48025], [77.05000000000001, 19.4779], [77.05314000000001, 19.473190000000002], [77.05525, 19.472720000000002], [77.04946000000001, 19.45916], [77.04197, 19.450850000000003], [77.03808000000001, 19.44771], [77.03686, 19.446450000000002], [77.03558000000001, 19.444650000000003]]]}}, {"id": "369", "type": "Feature", "properties": {"village_name": "Sendur Sana", "vil_lgd": 546074, "district_name": "Hingoli", "dist_lgd": 477, "subdistrict_name": "Aundha (Nagnath)", "sdcode": 4113, "block_name": "Aundha (Nagnath)", "block_lgd": 164, "gp_name": "", "state_name": "MAHARASHTRA", "state_lgd": 27, "population": 2397, "households": 454}, "geometry": {"type": "Polygon", "coordinates": [[[77.13756000000001, 19.48995], [77.15450000000001, 19.48879], [77.15257000000001, 19.47429], [77.15100000000001, 19.469170000000002], [77.14128000000001, 19.46844], [77.12355000000001, 19.46768], [77.12518, 19.47877], [77.12489000000001, 19.490550000000002], [77.13276, 19.489900000000002], [77.13756000000001, 19.48995]]]}}, {"id": "370", "type": "Feature", "properties": {"village_name": "Marsul", "vil_lgd": 546337, "district_name": "Hingoli", "dist_lgd": 477, "subdistrict_name": "Basmath", "sdcode": 4115, "block_name": "Basmath", "block_lgd": 166, "gp_name": "", "state_name": "MAHARASHTRA", "state_lgd": 27, "population": 866, "households": 157}, "geometry": {"type": "Polygon", "coordinates": [[[77.17022, 19.47077], [77.15881, 19.47371], [77.15257000000001, 19.47429], [77.15450000000001, 19.48879], [77.15534000000001, 19.49076], [77.15587000000001, 19.49352], [77.17269, 19.495340000000002], [77.17407, 19.489800000000002], [77.17386, 19.485590000000002], [77.17002000000001, 19.47302], [77.17022, 19.47077]]]}}, {"id": "371", "type": "Feature", "properties": {"village_name": "Sukali", "vil_lgd": 546340, "district_name": "Hingoli", "dist_lgd": 477, "subdistrict_name": "Basmath", "sdcode": 4115, "block_name": "Basmath", "block_lgd": 166, "gp_name": "", "state_name": "MAHARASHTRA", "state_lgd": 27, "population": 2383, "households": 464}, "geometry": {"type": "Polygon", "coordinates": [[[77.27386000000001, 19.48983], [77.27791, 19.48796], [77.27598, 19.470940000000002], [77.27073, 19.46836], [77.26833, 19.464360000000003], [77.26667, 19.459090000000003], [77.26371, 19.45429], [77.24981000000001, 19.455340000000003], [77.2446, 19.47401], [77.24347, 19.48403], [77.24282000000001, 19.4903], [77.24899, 19.49013], [77.25116000000001, 19.491200000000003], [77.25596, 19.49565], [77.26946000000001, 19.49821], [77.26966, 19.49567], [77.27164, 19.49217], [77.27386000000001, 19.48983]]]}}, {"id": "372", "type": "Feature", "properties": {"village_name": "Maldhawanda", "vil_lgd": 546242, "district_name": "Hingoli", "dist_lgd": 477, "subdistrict_name": "Kalamnuri", "sdcode": 4114, "block_name": "Kalamnuri", "block_lgd": 165, "gp_name": "", "state_name": "MAHARASHTRA", "state_lgd": 27, "population": 1007, "households": 193}, "geometry": {"type": "Polygon", "coordinates": [[[77.35073000000001, 19.502480000000002], [77.35443000000001, 19.5028], [77.35940000000001, 19.50113], [77.35983, 19.497770000000003], [77.35882000000001, 19.49265], [77.35711, 19.48554], [77.35481, 19.481270000000002], [77.34889000000001, 19.47837], [77.3448, 19.47333], [77.34069000000001, 19.472160000000002], [77.33683, 19.4721], [77.33511, 19.47736], [77.32974, 19.479650000000003], [77.33092, 19.48225], [77.33298, 19.49661], [77.33994000000001, 19.50474], [77.34772000000001, 19.50232], [77.35073000000001, 19.502480000000002]]]}}, {"id": "373", "type": "Feature", "properties": {"village_name": "Ada", "vil_lgd": 546220, "district_name": "Hingoli", "dist_lgd": 477, "subdistrict_name": "Kalamnuri", "sdcode": 4114, "block_name": "Kalamnuri", "block_lgd": 165, "gp_name": "", "state_name": "MAHARASHTRA", "state_lgd": 27, "population": 688, "households": 153}, "geometry": {"type": "Polygon", "coordinates": [[[77.42591, 19.4848], [77.41865, 19.487270000000002], [77.41633, 19.48712], [77.41699000000001, 19.49417], [77.41978, 19.5012], [77.42167, 19.50335], [77.42388000000001, 19.509690000000003], [77.4264, 19.503580000000003], [77.43008, 19.498610000000003], [77.42817000000001, 19.489], [77.42591, 19.4848]]]}}, {"id": "374", "type": "Feature", "properties": {"village_name": "Donwada", "vil_lgd": 546339, "district_name": "Hingoli", "dist_lgd": 477, "subdistrict_name": "Basmath", "sdcode": 4115, "block_name": "Basmath", "block_lgd": 166, "gp_name": "", "state_name": "MAHARASHTRA", "state_lgd": 27, "population": 1750, "households": 322}, "geometry": {"type": "Polygon", "coordinates": [[[77.2446, 19.47401], [77.24981000000001, 19.455340000000003], [77.23205, 19.45463], [77.21938, 19.45908], [77.21347, 19.46038], [77.21333000000001, 19.46509], [77.21578000000001, 19.47754], [77.21573000000001, 19.481440000000003], [77.21808, 19.48178], [77.23910000000001, 19.49283], [77.24282000000001, 19.4903], [77.24347, 19.48403], [77.2446, 19.47401]]]}}, {"id": "375", "type": "Feature", "properties": {"village_name": "Sirala", "vil_lgd": 546078, "district_name": "Hingoli", "dist_lgd": 477, "subdistrict_name": "Aundha (Nagnath)", "sdcode": 4113, "block_name": "Aundha (Nagnath)", "block_lgd": 164, "gp_name": "", "state_name": "MAHARASHTRA", "state_lgd": 27, "population": 1819, "households": 357}, "geometry": {"type": "Polygon", "coordinates": [[[77.06733000000001, 19.472910000000002], [77.06845000000001, 19.471500000000002], [77.06947000000001, 19.469620000000003], [77.06840000000001, 19.46434], [77.06894000000001, 19.460050000000003], [77.07388, 19.4587], [77.06558000000001, 19.45504], [77.05322000000001, 19.451400000000003], [77.04197, 19.450850000000003], [77.04946000000001, 19.45916], [77.05525, 19.472720000000002], [77.05934, 19.473470000000002], [77.06531000000001, 19.473280000000003], [77.06733000000001, 19.472910000000002]]]}}, {"id": "376", "type": "Feature", "properties": {"village_name": "Baur", "vil_lgd": 546240, "district_name": "Hingoli", "dist_lgd": 477, "subdistrict_name": "Kalamnuri", "sdcode": 4114, "block_name": "Kalamnuri", "block_lgd": 165, "gp_name": "", "state_name": "MAHARASHTRA", "state_lgd": 27, "population": 1355, "households": 299}, "geometry": {"type": "Polygon", "coordinates": [[[77.39185, 19.480110000000003], [77.38564000000001, 19.48178], [77.37629000000001, 19.482310000000002], [77.37587, 19.48545], [77.37717, 19.488190000000003], [77.37323, 19.49714], [77.37282, 19.499830000000003], [77.37972, 19.50007], [77.37985, 19.504160000000002], [77.38165000000001, 19.50459], [77.38769, 19.50335], [77.39395, 19.503390000000003], [77.39552, 19.49341], [77.39803, 19.486590000000003], [77.40062, 19.483510000000003], [77.39897, 19.483], [77.39185, 19.480110000000003]]]}}, {"id": "377", "type": "Feature", "properties": {"village_name": "Selu", "vil_lgd": 546348, "district_name": "Hingoli", "dist_lgd": 477, "subdistrict_name": "Basmath", "sdcode": 4115, "block_name": "Basmath", "block_lgd": 166, "gp_name": "", "state_name": "MAHARASHTRA", "state_lgd": 27, "population": 1633, "households": 307}, "geometry": {"type": "Polygon", "coordinates": [[[77.21578000000001, 19.47754], [77.21333000000001, 19.46509], [77.21347, 19.46038], [77.21384, 19.44932], [77.19901, 19.441640000000003], [77.19718, 19.443920000000002], [77.19084000000001, 19.44537], [77.1862, 19.44426], [77.18570000000001, 19.4475], [77.18637000000001, 19.45342], [77.18813, 19.453860000000002], [77.19311, 19.45758], [77.19593, 19.45889], [77.19798, 19.46094], [77.19813, 19.465600000000002], [77.20414000000001, 19.472230000000003], [77.21140000000001, 19.479000000000003], [77.21299, 19.48158], [77.21573000000001, 19.481440000000003], [77.21578000000001, 19.47754]]]}}, {"id": "378", "type": "Feature", "properties": {"village_name": "Kotharwadi", "vil_lgd": 546341, "district_name": "Hingoli", "dist_lgd": 477, "subdistrict_name": "Basmath", "sdcode": 4115, "block_name": "Basmath", "block_lgd": 166, "gp_name": "", "state_name": "MAHARASHTRA", "state_lgd": 27, "population": 760, "households": 142}, "geometry": {"type": "Polygon", "coordinates": [[[77.27598, 19.470940000000002], [77.27791, 19.48796], [77.28619, 19.48592], [77.29041000000001, 19.483780000000003], [77.29438, 19.48076], [77.29904, 19.47566], [77.30005000000001, 19.473670000000002], [77.29601000000001, 19.471700000000002], [77.29208000000001, 19.471420000000002], [77.27598, 19.470940000000002]]]}}, {"id": "379", "type": "Feature", "properties": {"village_name": "Pimpri", "vil_lgd": 546351, "district_name": "Hingoli", "dist_lgd": 477, "subdistrict_name": "Basmath", "sdcode": 4115, "block_name": "Basmath", "block_lgd": 166, "gp_name": "", "state_name": "MAHARASHTRA", "state_lgd": 27, "population": 202, "households": 42}, "geometry": {"type": "Polygon", "coordinates": [[[77.17165, 19.467260000000003], [77.1726, 19.46132], [77.17184, 19.455370000000002], [77.16486, 19.455260000000003], [77.16284, 19.458070000000003], [77.15100000000001, 19.469170000000002], [77.15257000000001, 19.47429], [77.15881, 19.47371], [77.17022, 19.47077], [77.17165, 19.467260000000003]]]}}, {"id": "380", "type": "Feature", "properties": {"village_name": "Datti", "vil_lgd": 546231, "district_name": "Hingoli", "dist_lgd": 477, "subdistrict_name": "Kalamnuri", "sdcode": 4114, "block_name": "Kalamnuri", "block_lgd": 165, "gp_name": "", "state_name": "MAHARASHTRA", "state_lgd": 27, "population": 2013, "households": 455}, "geometry": {"type": "Polygon", "coordinates": [[[77.43628000000001, 19.498330000000003], [77.4405, 19.497120000000002], [77.44248, 19.48457], [77.45374000000001, 19.48356], [77.45733000000001, 19.482960000000002], [77.45538, 19.480040000000002], [77.45453, 19.47363], [77.4548, 19.46872], [77.45432000000001, 19.466150000000003], [77.45231000000001, 19.463630000000002], [77.44568000000001, 19.466540000000002], [77.43654000000001, 19.46627], [77.42971, 19.46875], [77.42592, 19.468780000000002], [77.42393000000001, 19.469710000000003], [77.42652000000001, 19.478170000000002], [77.42591, 19.4848], [77.42817000000001, 19.489], [77.43008, 19.498610000000003], [77.43628000000001, 19.498330000000003]]]}}, {"id": "381", "type": "Feature", "properties": {"village_name": "Bothi", "vil_lgd": 546243, "district_name": "Hingoli", "dist_lgd": 477, "subdistrict_name": "Kalamnuri", "sdcode": 4114, "block_name": "Kalamnuri", "block_lgd": 165, "gp_name": "", "state_name": "MAHARASHTRA", "state_lgd": 27, "population": 2101, "households": 392}, "geometry": {"type": "Polygon", "coordinates": [[[77.37629000000001, 19.482310000000002], [77.37304, 19.481350000000003], [77.37165, 19.480140000000002], [77.36813000000001, 19.46948], [77.36417, 19.46321], [77.35881, 19.4632], [77.35799, 19.46637], [77.35637000000001, 19.46816], [77.33693000000001, 19.469900000000003], [77.33683, 19.4721], [77.34069000000001, 19.472160000000002], [77.3448, 19.47333], [77.34889000000001, 19.47837], [77.35481, 19.481270000000002], [77.35711, 19.48554], [77.35882000000001, 19.49265], [77.37043000000001, 19.489050000000002], [77.37587, 19.48545], [77.37629000000001, 19.482310000000002]]]}}, {"id": "382", "type": "Feature", "properties": {"village_name": "Mardi", "vil_lgd": 546075, "district_name": "Hingoli", "dist_lgd": 477, "subdistrict_name": "Aundha (Nagnath)", "sdcode": 4113, "block_name": "Aundha (Nagnath)", "block_lgd": 164, "gp_name": "", "state_name": "MAHARASHTRA", "state_lgd": 27, "population": 603, "households": 106}, "geometry": {"type": "Polygon", "coordinates": [[[77.14129000000001, 19.448400000000003], [77.13692, 19.45042], [77.13202000000001, 19.454060000000002], [77.12345, 19.464260000000003], [77.12355000000001, 19.46768], [77.14128000000001, 19.46844], [77.14184, 19.453590000000002], [77.14129000000001, 19.448400000000003]]]}}, {"id": "383", "type": "Feature", "properties": {"village_name": "Wai Tarf Dhamangaon", "vil_lgd": 546352, "district_name": "Hingoli", "dist_lgd": 477, "subdistrict_name": "Basmath", "sdcode": 4115, "block_name": "Basmath", "block_lgd": 166, "gp_name": "", "state_name": "MAHARASHTRA", "state_lgd": 27, "population": 1683, "households": 320}, "geometry": {"type": "Polygon", "coordinates": [[[77.16284, 19.458070000000003], [77.16486, 19.455260000000003], [77.16292, 19.44462], [77.16232000000001, 19.445600000000002], [77.15194000000001, 19.444360000000003], [77.14237, 19.444960000000002], [77.14129000000001, 19.448400000000003], [77.14184, 19.453590000000002], [77.14128000000001, 19.46844], [77.15100000000001, 19.469170000000002], [77.16284, 19.458070000000003]]]}}, {"id": "384", "type": "Feature", "properties": {"village_name": "Jununa", "vil_lgd": 546350, "district_name": "Hingoli", "dist_lgd": 477, "subdistrict_name": "Basmath", "sdcode": 4115, "block_name": "Basmath", "block_lgd": 166, "gp_name": "", "state_name": "MAHARASHTRA", "state_lgd": 27, "population": 592, "households": 130}, "geometry": {"type": "Polygon", "coordinates": [[[77.18828, 19.4679], [77.18823, 19.462100000000003], [77.18915000000001, 19.45963], [77.19186, 19.45746], [77.19311, 19.45758], [77.18813, 19.453860000000002], [77.18637000000001, 19.45342], [77.17184, 19.455370000000002], [77.1726, 19.46132], [77.17165, 19.467260000000003], [77.17022, 19.47077], [77.17998, 19.467820000000003], [77.18238000000001, 19.467740000000003], [77.18828, 19.4679]]]}}, {"id": "385", "type": "Feature", "properties": {"village_name": "Koparwadi", "vil_lgd": 546244, "district_name": "Hingoli", "dist_lgd": 477, "subdistrict_name": "Kalamnuri", "sdcode": 4114, "block_name": "Kalamnuri", "block_lgd": 165, "gp_name": "", "state_name": "MAHARASHTRA", "state_lgd": 27, "population": 890, "households": 175}, "geometry": {"type": "Polygon", "coordinates": [[[77.35881, 19.4632], [77.36417, 19.46321], [77.36336, 19.46218], [77.36042, 19.4537], [77.35583000000001, 19.455270000000002], [77.33609000000001, 19.465760000000003], [77.33693000000001, 19.469900000000003], [77.35637000000001, 19.46816], [77.35799, 19.46637], [77.35881, 19.4632]]]}}, {"id": "386", "type": "Feature", "properties": {"village_name": "Yedsi Tanda", "vil_lgd": 546238, "district_name": "Hingoli", "dist_lgd": 477, "subdistrict_name": "Kalamnuri", "sdcode": 4114, "block_name": "Kalamnuri", "block_lgd": 165, "gp_name": "", "state_name": "MAHARASHTRA", "state_lgd": 27, "population": 674, "households": 145}, "geometry": {"type": "Polygon", "coordinates": [[[77.39349, 19.459010000000003], [77.38987, 19.45538], [77.38769, 19.45062], [77.38189000000001, 19.454590000000003], [77.37282, 19.457], [77.36336, 19.46218], [77.36417, 19.46321], [77.38690000000001, 19.46714], [77.39511, 19.46929], [77.39478000000001, 19.4644], [77.39349, 19.459010000000003]]]}}, {"id": "387", "type": "Feature", "properties": {"village_name": "Kurtadi", "vil_lgd": 546235, "district_name": "Hingoli", "dist_lgd": 477, "subdistrict_name": "Kalamnuri", "sdcode": 4114, "block_name": "Kalamnuri", "block_lgd": 165, "gp_name": "", "state_name": "MAHARASHTRA", "state_lgd": 27, "population": 1823, "households": 352}, "geometry": {"type": "Polygon", "coordinates": [[[77.42971, 19.46875], [77.43654000000001, 19.46627], [77.44568000000001, 19.466540000000002], [77.45231000000001, 19.463630000000002], [77.45249000000001, 19.45906], [77.4478, 19.456960000000002], [77.44354000000001, 19.45355], [77.43754000000001, 19.45212], [77.42939000000001, 19.453580000000002], [77.42072, 19.453650000000003], [77.41779000000001, 19.454530000000002], [77.41907, 19.45842], [77.42393000000001, 19.469710000000003], [77.42592, 19.468780000000002], [77.42971, 19.46875]]]}}, {"id": "388", "type": "Feature", "properties": {"village_name": "Umardarawadi", "vil_lgd": 546237, "district_name": "Hingoli", "dist_lgd": 477, "subdistrict_name": "Kalamnuri", "sdcode": 4114, "block_name": "Kalamnuri", "block_lgd": 165, "gp_name": "", "state_name": "MAHARASHTRA", "state_lgd": 27, "population": 848, "households": 183}, "geometry": {"type": "Polygon", "coordinates": [[[77.38653000000001, 19.44836], [77.37920000000001, 19.448960000000003], [77.36895000000001, 19.44471], [77.36621000000001, 19.44515], [77.36512, 19.44566], [77.36194, 19.452340000000003], [77.36042, 19.4537], [77.36336, 19.46218], [77.37282, 19.457], [77.38189000000001, 19.454590000000003], [77.38769, 19.45062], [77.38653000000001, 19.44836]]]}}, {"id": "389", "type": "Feature", "properties": {"village_name": "Kalamnuri", "vil_lgd": 251412, "district_name": "Hingoli", "dist_lgd": 477, "subdistrict_name": "Kalamnuri", "sdcode": 4114, "block_name": "", "block_lgd": 0, "gp_name": "", "state_name": "MAHARASHTRA", "state_lgd": 27, "population": 24784, "households": 4350}, "geometry": {"type": "Polygon", "coordinates": [[[77.35004, 19.693240000000003], [77.35052, 19.69219], [77.35025, 19.68938], [77.34548000000001, 19.687880000000003], [77.34366, 19.68533], [77.34324000000001, 19.68279], [77.34454000000001, 19.67865], [77.34644, 19.676370000000002], [77.34988000000001, 19.674100000000003], [77.35965, 19.67107], [77.36045, 19.669210000000003], [77.35314000000001, 19.656630000000003], [77.34580000000001, 19.66128], [77.33232000000001, 19.66319], [77.32541, 19.66083], [77.31721, 19.65436], [77.31288, 19.65405], [77.30337, 19.65576], [77.29557000000001, 19.671280000000003], [77.29625, 19.67613], [77.30326000000001, 19.683600000000002], [77.30412000000001, 19.690170000000002], [77.31161, 19.690700000000003], [77.31304, 19.69384], [77.31337, 19.70138], [77.3241, 19.703460000000003], [77.32552000000001, 19.710630000000002], [77.32918000000001, 19.71507], [77.3297, 19.70974], [77.33376000000001, 19.70634], [77.33801000000001, 19.701300000000003], [77.33835, 19.698980000000002], [77.34154000000001, 19.696820000000002], [77.35004, 19.693240000000003]]]}}, {"id": "390", "type": "Feature", "properties": {"village_name": "Devdari", "vil_lgd": 546141, "district_name": "Hingoli", "dist_lgd": 477, "subdistrict_name": "Kalamnuri", "sdcode": 4114, "block_name": "Kalamnuri", "block_lgd": 165, "gp_name": "", "state_name": "MAHARASHTRA", "state_lgd": 27, "population": 0, "households": 0}, "geometry": {"type": "Polygon", "coordinates": [[[77.36101000000001, 19.69262], [77.36494, 19.691460000000003], [77.37185000000001, 19.686590000000002], [77.38062000000001, 19.68533], [77.37960000000001, 19.68212], [77.37795000000001, 19.679920000000003], [77.37027, 19.676070000000003], [77.37043000000001, 19.671020000000002], [77.36368, 19.670550000000002], [77.35965, 19.67107], [77.34988000000001, 19.674100000000003], [77.34644, 19.676370000000002], [77.34454000000001, 19.67865], [77.34324000000001, 19.68279], [77.34366, 19.68533], [77.34548000000001, 19.687880000000003], [77.35025, 19.68938], [77.35052, 19.69219], [77.35004, 19.693240000000003], [77.34154000000001, 19.696820000000002], [77.36080000000001, 19.69685], [77.36101000000001, 19.69262]]]}}, {"id": "391", "type": "Feature", "properties": {"village_name": "Gongla", "vil_lgd": 546027, "district_name": "Hingoli", "dist_lgd": 477, "subdistrict_name": "Aundha (Nagnath)", "sdcode": 4113, "block_name": "Aundha (Nagnath)", "block_lgd": 164, "gp_name": "", "state_name": "MAHARASHTRA", "state_lgd": 27, "population": 0, "households": 0}, "geometry": {"type": "Polygon", "coordinates": [[[77.19221, 19.631220000000003], [77.17884000000001, 19.6321], [77.16748000000001, 19.630850000000002], [77.16841000000001, 19.64158], [77.17244000000001, 19.64467], [77.17522000000001, 19.64526], [77.18402, 19.643150000000002], [77.18722000000001, 19.63672], [77.19221, 19.631220000000003]]]}}, {"id": "392", "type": "Feature", "properties": {"village_name": "Dhumka", "vil_lgd": 546158, "district_name": "Hingoli", "dist_lgd": 477, "subdistrict_name": "Kalamnuri", "sdcode": 4114, "block_name": "Kalamnuri", "block_lgd": 165, "gp_name": "", "state_name": "MAHARASHTRA", "state_lgd": 27, "population": 0, "households": 0}, "geometry": {"type": "Polygon", "coordinates": [[[77.41442, 19.62599], [77.41203, 19.627360000000003], [77.40958, 19.62714], [77.40664000000001, 19.625490000000003], [77.40458000000001, 19.62263], [77.40072, 19.62402], [77.39935000000001, 19.624160000000003], [77.3995, 19.62749], [77.40222, 19.63755], [77.40187, 19.638810000000003], [77.40879000000001, 19.641640000000002], [77.41063000000001, 19.64167], [77.41175000000001, 19.6413], [77.41335000000001, 19.63904], [77.41497000000001, 19.63381], [77.41519000000001, 19.627640000000003], [77.41442, 19.62599]]]}}, {"id": "393", "type": "Feature", "properties": {"village_name": "Kharvi", "vil_lgd": 546179, "district_name": "Hingoli", "dist_lgd": 477, "subdistrict_name": "Kalamnuri", "sdcode": 4114, "block_name": "Kalamnuri", "block_lgd": 165, "gp_name": "", "state_name": "MAHARASHTRA", "state_lgd": 27, "population": 0, "households": 0}, "geometry": {"type": "Polygon", "coordinates": [[[77.31946, 19.57348], [77.31583, 19.58061], [77.32317, 19.59101], [77.32656, 19.585520000000002], [77.33402000000001, 19.57637], [77.32188000000001, 19.574060000000003], [77.31946, 19.57348]]]}}, {"id": "394", "type": "Feature", "properties": {"village_name": "Gangaon", "vil_lgd": 546212, "district_name": "Hingoli", "dist_lgd": 477, "subdistrict_name": "Kalamnuri", "sdcode": 4114, "block_name": "Kalamnuri", "block_lgd": 165, "gp_name": "", "state_name": "MAHARASHTRA", "state_lgd": 27, "population": 0, "households": 0}, "geometry": {"type": "Polygon", "coordinates": [[[77.42742000000001, 19.558940000000003], [77.42456, 19.555570000000003], [77.41628, 19.55968], [77.41277000000001, 19.559130000000003], [77.40863, 19.557280000000002], [77.39875, 19.55534], [77.39805000000001, 19.5665], [77.40509, 19.567980000000002], [77.40889, 19.567950000000003], [77.41869000000001, 19.565050000000003], [77.42742000000001, 19.558940000000003]]]}}, {"id": "395", "type": "Feature", "properties": {"village_name": "Kondashi Kh", "vil_lgd": 546068, "district_name": "Hingoli", "dist_lgd": 477, "subdistrict_name": "Aundha (Nagnath)", "sdcode": 4113, "block_name": "Aundha (Nagnath)", "block_lgd": 164, "gp_name": "", "state_name": "MAHARASHTRA", "state_lgd": 27, "population": 0, "households": 0}, "geometry": {"type": "Polygon", "coordinates": [[[76.99613000000001, 19.50793], [76.99886000000001, 19.50054], [76.99941000000001, 19.491590000000002], [76.99268000000001, 19.49407], [76.98728000000001, 19.49746], [76.98746000000001, 19.510250000000003], [76.98919000000001, 19.511190000000003], [76.99591000000001, 19.511370000000003], [76.99613000000001, 19.50793]]]}}, {"id": "396", "type": "Feature", "properties": {"village_name": "Kille Wadgaon", "vil_lgd": 546224, "district_name": "Hingoli", "dist_lgd": 477, "subdistrict_name": "Kalamnuri", "sdcode": 4114, "block_name": "Kalamnuri", "block_lgd": 165, "gp_name": "", "state_name": "MAHARASHTRA", "state_lgd": 27, "population": 687, "households": 143}, "geometry": {"type": "Polygon", "coordinates": [[[77.36929, 19.53995], [77.37279000000001, 19.53637], [77.37999, 19.532610000000002], [77.38131000000001, 19.51724], [77.37903, 19.516270000000002], [77.36615, 19.504080000000002], [77.35940000000001, 19.50113], [77.35962, 19.50563], [77.36211, 19.50777], [77.36590000000001, 19.514300000000002], [77.36633, 19.52503], [77.36752000000001, 19.531460000000003], [77.36947, 19.534930000000003], [77.36395, 19.53534], [77.36102000000001, 19.536360000000002], [77.3491, 19.537380000000002], [77.35008, 19.54361], [77.34468000000001, 19.542990000000003], [77.35314000000001, 19.551810000000003], [77.35513, 19.555770000000003], [77.36149, 19.55242], [77.36603000000001, 19.54831], [77.36883, 19.54782], [77.36929, 19.53995]]]}}, {"id": "397", "type": "Feature", "properties": {"village_name": "Pethvadgaon", "vil_lgd": 546225, "district_name": "Hingoli", "dist_lgd": 477, "subdistrict_name": "Kalamnuri", "sdcode": 4114, "block_name": "Kalamnuri", "block_lgd": 165, "gp_name": "", "state_name": "MAHARASHTRA", "state_lgd": 27, "population": 1637, "households": 305}, "geometry": {"type": "Polygon", "coordinates": [[[77.36947, 19.534930000000003], [77.36752000000001, 19.531460000000003], [77.36633, 19.52503], [77.36590000000001, 19.514300000000002], [77.36211, 19.50777], [77.35962, 19.50563], [77.3588, 19.51989], [77.35744000000001, 19.52586], [77.35405, 19.5271], [77.34150000000001, 19.527720000000002], [77.34333000000001, 19.53967], [77.34468000000001, 19.542990000000003], [77.35008, 19.54361], [77.3491, 19.537380000000002], [77.36102000000001, 19.536360000000002], [77.36395, 19.53534], [77.36947, 19.534930000000003]]]}}, {"id": "398", "type": "Feature", "properties": {"village_name": "Wadhona", "vil_lgd": 545717, "district_name": "Hingoli", "dist_lgd": 477, "subdistrict_name": "Sengaon", "sdcode": 4111, "block_name": "Sengaon", "block_lgd": 162, "gp_name": "", "state_name": "MAHARASHTRA", "state_lgd": 27, "population": 2574, "households": 520}, "geometry": {"type": "Polygon", "coordinates": [[[76.80004000000001, 19.930670000000003], [76.80235, 19.91545], [76.80153, 19.898200000000003], [76.79922, 19.886280000000003], [76.79563, 19.88444], [76.79316, 19.885440000000003], [76.78681, 19.89048], [76.78403, 19.89025], [76.77881000000001, 19.892560000000003], [76.77228000000001, 19.898880000000002], [76.76892000000001, 19.905730000000002], [76.76684, 19.9094], [76.76963, 19.914920000000002], [76.7727, 19.93522], [76.79372000000001, 19.931970000000003], [76.80004000000001, 19.930670000000003]]]}}, {"id": "399", "type": "Feature", "properties": {"village_name": "Pankanhergaon", "vil_lgd": 545751, "district_name": "Hingoli", "dist_lgd": 477, "subdistrict_name": "Sengaon", "sdcode": 4111, "block_name": "Sengaon", "block_lgd": 162, "gp_name": "", "state_name": "MAHARASHTRA", "state_lgd": 27, "population": 6232, "households": 1214}, "geometry": {"type": "Polygon", "coordinates": [[[76.8174, 19.929750000000002], [76.82105, 19.92549], [76.83681, 19.920440000000003], [76.84528, 19.921660000000003], [76.8515, 19.92473], [76.85589, 19.92021], [76.86028, 19.913020000000003], [76.86077, 19.90709], [76.85973000000001, 19.902050000000003], [76.85797000000001, 19.898560000000003], [76.85552000000001, 19.886380000000003], [76.8451, 19.88662], [76.83695, 19.88437], [76.83169000000001, 19.87788], [76.82713000000001, 19.86483], [76.82572, 19.865740000000002], [76.82077000000001, 19.873820000000002], [76.8157, 19.882630000000002], [76.80971000000001, 19.8881], [76.80733000000001, 19.888240000000003], [76.79922, 19.886280000000003], [76.80153, 19.898200000000003], [76.80235, 19.91545], [76.80004000000001, 19.930670000000003], [76.80572000000001, 19.92971], [76.8174, 19.929750000000002]]]}}, {"id": "400", "type": "Feature", "properties": {"village_name": "Taktoda", "vil_lgd": 545796, "district_name": "Hingoli", "dist_lgd": 477, "subdistrict_name": "Sengaon", "sdcode": 4111, "block_name": "Sengaon", "block_lgd": 162, "gp_name": "", "state_name": "MAHARASHTRA", "state_lgd": 27, "population": 2331, "households": 448}, "geometry": {"type": "Polygon", "coordinates": [[[76.95746000000001, 19.9283], [76.96195, 19.92573], [76.96303, 19.92424], [76.96472, 19.91757], [76.95799000000001, 19.901470000000003], [76.95823, 19.89504], [76.95507, 19.8947], [76.94600000000001, 19.89121], [76.93453000000001, 19.906370000000003], [76.93782, 19.919320000000003], [76.94286000000001, 19.925970000000003], [76.95098, 19.930760000000003], [76.95284000000001, 19.93164], [76.95636, 19.93136], [76.95727000000001, 19.93064], [76.95746000000001, 19.9283]]]}}, {"id": "401", "type": "Feature", "properties": {"village_name": "Weltura", "vil_lgd": 545716, "district_name": "Hingoli", "dist_lgd": 477, "subdistrict_name": "Sengaon", "sdcode": 4111, "block_name": "Sengaon", "block_lgd": 162, "gp_name": "", "state_name": "MAHARASHTRA", "state_lgd": 27, "population": 2158, "households": 451}, "geometry": {"type": "Polygon", "coordinates": [[[76.76484, 19.895760000000003], [76.76676, 19.89242], [76.768, 19.88567], [76.76386000000001, 19.87487], [76.76072, 19.869750000000003], [76.74975, 19.87233], [76.74603, 19.87422], [76.74543000000001, 19.875970000000002], [76.74191, 19.87922], [76.74395000000001, 19.887130000000003], [76.74335, 19.89514], [76.74229000000001, 19.89912], [76.74261000000001, 19.901480000000003], [76.74713000000001, 19.912580000000002], [76.76254, 19.90538], [76.76484, 19.895760000000003]]]}}, {"id": "402", "type": "Feature", "properties": {"village_name": "Jaipur", "vil_lgd": 545718, "district_name": "Hingoli", "dist_lgd": 477, "subdistrict_name": "Sengaon", "sdcode": 4111, "block_name": "Sengaon", "block_lgd": 162, "gp_name": "", "state_name": "MAHARASHTRA", "state_lgd": 27, "population": 4120, "households": 866}, "geometry": {"type": "Polygon", "coordinates": [[[76.77228000000001, 19.898880000000002], [76.77881000000001, 19.892560000000003], [76.78403, 19.89025], [76.78681, 19.89048], [76.79316, 19.885440000000003], [76.79563, 19.88444], [76.79602000000001, 19.87705], [76.79735000000001, 19.872850000000003], [76.78931, 19.86323], [76.78459000000001, 19.855600000000003], [76.77757000000001, 19.8577], [76.77617000000001, 19.85858], [76.77597, 19.859840000000002], [76.77217, 19.86229], [76.76530000000001, 19.86393], [76.76584000000001, 19.86784], [76.7639, 19.86945], [76.76072, 19.869750000000003], [76.76386000000001, 19.87487], [76.768, 19.88567], [76.76676, 19.89242], [76.76484, 19.895760000000003], [76.76254, 19.90538], [76.76443, 19.905070000000002], [76.76684, 19.9094], [76.76892000000001, 19.905730000000002], [76.77228000000001, 19.898880000000002]]]}}, {"id": "403", "type": "Feature", "properties": {"village_name": "Datada Bk", "vil_lgd": 545772, "district_name": "Hingoli", "dist_lgd": 477, "subdistrict_name": "Sengaon", "sdcode": 4111, "block_name": "Sengaon", "block_lgd": 162, "gp_name": "", "state_name": "MAHARASHTRA", "state_lgd": 27, "population": 1365, "households": 252}, "geometry": {"type": "Polygon", "coordinates": [[[76.88212, 19.90772], [76.89236000000001, 19.905810000000002], [76.89253000000001, 19.904850000000003], [76.8904, 19.892190000000003], [76.89195000000001, 19.885540000000002], [76.89004000000001, 19.879810000000003], [76.88965, 19.874850000000002], [76.88772, 19.8716], [76.88696, 19.86804], [76.88175000000001, 19.865850000000002], [76.87981, 19.86671], [76.87142, 19.86754], [76.87208000000001, 19.87168], [76.86980000000001, 19.87843], [76.85552000000001, 19.886380000000003], [76.85797000000001, 19.898560000000003], [76.85973000000001, 19.902050000000003], [76.86077, 19.90709], [76.86028, 19.913020000000003], [76.86147000000001, 19.912300000000002], [76.87569, 19.91308], [76.87957, 19.915270000000003], [76.88212, 19.90772]]]}}, {"id": "404", "type": "Feature", "properties": {"village_name": "Ajegaon", "vil_lgd": 545758, "district_name": "Hingoli", "dist_lgd": 477, "subdistrict_name": "Sengaon", "sdcode": 4111, "block_name": "Sengaon", "block_lgd": 162, "gp_name": "", "state_name": "MAHARASHTRA", "state_lgd": 27, "population": 4108, "households": 833}, "geometry": {"type": "Polygon", "coordinates": [[[76.94600000000001, 19.89121], [76.94412000000001, 19.88983], [76.94424000000001, 19.88828], [76.94914, 19.880920000000003], [76.95047000000001, 19.874930000000003], [76.9488, 19.869600000000002], [76.94511, 19.866120000000002], [76.9324, 19.866600000000002], [76.92087000000001, 19.86595], [76.91265, 19.86299], [76.9097, 19.860750000000003], [76.90615000000001, 19.859170000000002], [76.89328, 19.86765], [76.89088000000001, 19.86794], [76.89186000000001, 19.870420000000003], [76.89519, 19.87808], [76.89617000000001, 19.88819], [76.90021, 19.90339], [76.90685, 19.90604], [76.91747000000001, 19.915000000000003], [76.92645, 19.912950000000002], [76.93018000000001, 19.91063], [76.93453000000001, 19.906370000000003], [76.94600000000001, 19.89121]]]}}, {"id": "405", "type": "Feature", "properties": {"village_name": "Hatala", "vil_lgd": 545797, "district_name": "Hingoli", "dist_lgd": 477, "subdistrict_name": "Sengaon", "sdcode": 4111, "block_name": "Sengaon", "block_lgd": 162, "gp_name": "", "state_name": "MAHARASHTRA", "state_lgd": 27, "population": 2171, "households": 421}, "geometry": {"type": "Polygon", "coordinates": [[[76.99986000000001, 19.914050000000003], [77.0002, 19.909730000000003], [76.99646000000001, 19.897460000000002], [76.9937, 19.88879], [76.98087000000001, 19.889950000000002], [76.96767000000001, 19.893440000000002], [76.96475000000001, 19.894470000000002], [76.95823, 19.89504], [76.95799000000001, 19.901470000000003], [76.96472, 19.91757], [76.97358000000001, 19.91789], [76.98257000000001, 19.917170000000002], [76.99986000000001, 19.914050000000003]]]}}, {"id": "406", "type": "Feature", "properties": {"village_name": "Borkhadi", "vil_lgd": 545724, "district_name": "Hingoli", "dist_lgd": 477, "subdistrict_name": "Sengaon", "sdcode": 4111, "block_name": "Sengaon", "block_lgd": 162, "gp_name": "", "state_name": "MAHARASHTRA", "state_lgd": 27, "population": 1456, "households": 248}, "geometry": {"type": "Polygon", "coordinates": [[[76.71355000000001, 19.837660000000003], [76.71373000000001, 19.83529], [76.71013, 19.824610000000003], [76.70979000000001, 19.8214], [76.71002, 19.81849], [76.71153000000001, 19.815720000000002], [76.71213, 19.811390000000003], [76.70796, 19.80253], [76.69692, 19.801630000000003], [76.69294000000001, 19.80753], [76.68844, 19.81201], [76.68409000000001, 19.814700000000002], [76.67956000000001, 19.81602], [76.68616, 19.839100000000002], [76.69085000000001, 19.838890000000003], [76.70538, 19.840760000000003], [76.71296000000001, 19.83988], [76.71355000000001, 19.837660000000003]]]}}, {"id": "407", "type": "Feature", "properties": {"village_name": "Hiwarkheda", "vil_lgd": 545723, "district_name": "Hingoli", "dist_lgd": 477, "subdistrict_name": "Sengaon", "sdcode": 4111, "block_name": "Sengaon", "block_lgd": 162, "gp_name": "", "state_name": "MAHARASHTRA", "state_lgd": 27, "population": 1293, "households": 262}, "geometry": {"type": "Polygon", "coordinates": [[[76.74468, 19.825740000000003], [76.7393, 19.825380000000003], [76.73333000000001, 19.822080000000003], [76.73069000000001, 19.819290000000002], [76.73056000000001, 19.81663], [76.72889, 19.812510000000003], [76.71738, 19.81566], [76.71153000000001, 19.815720000000002], [76.71002, 19.81849], [76.70979000000001, 19.8214], [76.71013, 19.824610000000003], [76.71373000000001, 19.83529], [76.71355000000001, 19.837660000000003], [76.7189, 19.84044], [76.74032000000001, 19.83605], [76.74461000000001, 19.83594], [76.74565000000001, 19.835150000000002], [76.74522, 19.82817], [76.74468, 19.825740000000003]]]}}, {"id": "408", "type": "Feature", "properties": {"village_name": "Uti Bramhachari", "vil_lgd": 545736, "district_name": "Hingoli", "dist_lgd": 477, "subdistrict_name": "Sengaon", "sdcode": 4111, "block_name": "Sengaon", "block_lgd": 162, "gp_name": "", "state_name": "MAHARASHTRA", "state_lgd": 27, "population": 2291, "households": 516}, "geometry": {"type": "Polygon", "coordinates": [[[76.79274000000001, 19.84233], [76.79459, 19.8414], [76.79963000000001, 19.83789], [76.8083, 19.83404], [76.80479000000001, 19.82795], [76.80429000000001, 19.82532], [76.80653000000001, 19.819840000000003], [76.80294, 19.816080000000003], [76.79759, 19.81736], [76.79401, 19.81755], [76.79073000000001, 19.81672], [76.78466, 19.81152], [76.77602, 19.79886], [76.77187, 19.797240000000002], [76.76836, 19.8013], [76.76257000000001, 19.805780000000002], [76.75946, 19.806220000000003], [76.75728000000001, 19.807930000000002], [76.76164, 19.816730000000003], [76.76245, 19.82194], [76.76816000000001, 19.83686], [76.76917, 19.838240000000003], [76.78303000000001, 19.845840000000003], [76.78552, 19.843140000000002], [76.79274000000001, 19.84233]]]}}, {"id": "409", "type": "Feature", "properties": {"village_name": "Ganeshpur", "vil_lgd": 545748, "district_name": "Hingoli", "dist_lgd": 477, "subdistrict_name": "Sengaon", "sdcode": 4111, "block_name": "Sengaon", "block_lgd": 162, "gp_name": "", "state_name": "MAHARASHTRA", "state_lgd": 27, "population": 1148, "households": 205}, "geometry": {"type": "Polygon", "coordinates": [[[76.82883000000001, 19.782760000000003], [76.83332, 19.77663], [76.83403000000001, 19.76687], [76.8324, 19.76161], [76.83118, 19.75776], [76.82728, 19.75131], [76.82026, 19.746170000000003], [76.81316000000001, 19.742900000000002], [76.81121, 19.747880000000002], [76.80871, 19.75093], [76.80784000000001, 19.752110000000002], [76.80890000000001, 19.759420000000002], [76.81617, 19.78367], [76.82504, 19.784070000000003], [76.82883000000001, 19.782760000000003]]]}}, {"id": "410", "type": "Feature", "properties": {"village_name": "Dhotara", "vil_lgd": 545733, "district_name": "Hingoli", "dist_lgd": 477, "subdistrict_name": "Sengaon", "sdcode": 4111, "block_name": "Sengaon", "block_lgd": 162, "gp_name": "", "state_name": "MAHARASHTRA", "state_lgd": 27, "population": 583, "households": 116}, "geometry": {"type": "Polygon", "coordinates": [[[76.71738, 19.81566], [76.72889, 19.812510000000003], [76.73678000000001, 19.808770000000003], [76.73864, 19.807170000000003], [76.73929000000001, 19.80527], [76.73454000000001, 19.8], [76.72249000000001, 19.789800000000003], [76.70969000000001, 19.78271], [76.69992, 19.78132], [76.69974, 19.7835], [76.70100000000001, 19.78753], [76.70370000000001, 19.79342], [76.70796, 19.80253], [76.71213, 19.811390000000003], [76.71153000000001, 19.815720000000002], [76.71738, 19.81566]]]}}, {"id": "411", "type": "Feature", "properties": {"village_name": "Datada Kh", "vil_lgd": 545771, "district_name": "Hingoli", "dist_lgd": 477, "subdistrict_name": "Sengaon", "sdcode": 4111, "block_name": "Sengaon", "block_lgd": 162, "gp_name": "", "state_name": "MAHARASHTRA", "state_lgd": 27, "population": 1031, "households": 234}, "geometry": {"type": "Polygon", "coordinates": [[[76.89088000000001, 19.86794], [76.88696, 19.86804], [76.88772, 19.8716], [76.88965, 19.874850000000002], [76.89004000000001, 19.879810000000003], [76.89195000000001, 19.885540000000002], [76.8904, 19.892190000000003], [76.89253000000001, 19.904850000000003], [76.90021, 19.90339], [76.89617000000001, 19.88819], [76.89519, 19.87808], [76.89186000000001, 19.870420000000003], [76.89088000000001, 19.86794]]]}}, {"id": "412", "type": "Feature", "properties": {"village_name": "Sawarkheda", "vil_lgd": 545719, "district_name": "Hingoli", "dist_lgd": 477, "subdistrict_name": "Sengaon", "sdcode": 4111, "block_name": "Sengaon", "block_lgd": 162, "gp_name": "", "state_name": "MAHARASHTRA", "state_lgd": 27, "population": 945, "households": 180}, "geometry": {"type": "Polygon", "coordinates": [[[76.80645000000001, 19.86804], [76.80527000000001, 19.867800000000003], [76.80184000000001, 19.869850000000003], [76.79735000000001, 19.872850000000003], [76.79602000000001, 19.87705], [76.79563, 19.88444], [76.79922, 19.886280000000003], [76.80733000000001, 19.888240000000003], [76.80971000000001, 19.8881], [76.8157, 19.882630000000002], [76.82077000000001, 19.873820000000002], [76.80645000000001, 19.86804]]]}}, {"id": "413", "type": "Feature", "properties": {"village_name": "Kelsula", "vil_lgd": 545715, "district_name": "Hingoli", "dist_lgd": 477, "subdistrict_name": "Sengaon", "sdcode": 4111, "block_name": "Sengaon", "block_lgd": 162, "gp_name": "", "state_name": "MAHARASHTRA", "state_lgd": 27, "population": 2453, "households": 539}, "geometry": {"type": "Polygon", "coordinates": [[[76.74565000000001, 19.835150000000002], [76.74461000000001, 19.83594], [76.74032000000001, 19.83605], [76.7189, 19.84044], [76.72476, 19.870140000000003], [76.72710000000001, 19.87115], [76.73992000000001, 19.873130000000003], [76.74191, 19.87922], [76.74543000000001, 19.875970000000002], [76.74603, 19.87422], [76.74975, 19.87233], [76.76072, 19.869750000000003], [76.7639, 19.86945], [76.76584000000001, 19.86784], [76.76530000000001, 19.86393], [76.76232, 19.85723], [76.75474000000001, 19.84626], [76.75444, 19.84033], [76.75041, 19.83708], [76.74565000000001, 19.835150000000002]]]}}, {"id": "414", "type": "Feature", "properties": {"village_name": "Ghordadi", "vil_lgd": 545714, "district_name": "Hingoli", "dist_lgd": 477, "subdistrict_name": "Sengaon", "sdcode": 4111, "block_name": "Sengaon", "block_lgd": 162, "gp_name": "", "state_name": "MAHARASHTRA", "state_lgd": 27, "population": 1947, "households": 383}, "geometry": {"type": "Polygon", "coordinates": [[[76.72476, 19.870140000000003], [76.7189, 19.84044], [76.71355000000001, 19.837660000000003], [76.71296000000001, 19.83988], [76.70538, 19.840760000000003], [76.69085000000001, 19.838890000000003], [76.68616, 19.839100000000002], [76.68493000000001, 19.84117], [76.68445000000001, 19.851390000000002], [76.68989, 19.861150000000002], [76.68877, 19.865340000000003], [76.69169000000001, 19.869940000000003], [76.69307, 19.87047], [76.69197000000001, 19.87143], [76.69266, 19.87356], [76.69693000000001, 19.87571], [76.70494000000001, 19.873520000000003], [76.70614, 19.87186], [76.72476, 19.870140000000003]]]}}, {"id": "415", "type": "Feature", "properties": {"village_name": "Suldali Kh", "vil_lgd": 545773, "district_name": "Hingoli", "dist_lgd": 477, "subdistrict_name": "Sengaon", "sdcode": 4111, "block_name": "Sengaon", "block_lgd": 162, "gp_name": "", "state_name": "MAHARASHTRA", "state_lgd": 27, "population": 512, "households": 104}, "geometry": {"type": "Polygon", "coordinates": [[[76.86980000000001, 19.87843], [76.87208000000001, 19.87168], [76.87142, 19.86754], [76.86077, 19.86833], [76.84426, 19.866780000000002], [76.83257, 19.864410000000003], [76.82713000000001, 19.86483], [76.83169000000001, 19.87788], [76.83695, 19.88437], [76.8451, 19.88662], [76.85552000000001, 19.886380000000003], [76.86980000000001, 19.87843]]]}}, {"id": "416", "type": "Feature", "properties": {"village_name": "Dhangarwadi", "vil_lgd": 545759, "district_name": "Hingoli", "dist_lgd": 477, "subdistrict_name": "Sengaon", "sdcode": 4111, "block_name": "Sengaon", "block_lgd": 162, "gp_name": "", "state_name": "MAHARASHTRA", "state_lgd": 27, "population": 1324, "households": 264}, "geometry": {"type": "Polygon", "coordinates": [[[76.96687, 19.887500000000003], [76.96336000000001, 19.87825], [76.95565, 19.869590000000002], [76.94810000000001, 19.866400000000002], [76.94511, 19.866120000000002], [76.9488, 19.869600000000002], [76.95047000000001, 19.874930000000003], [76.94914, 19.880920000000003], [76.94424000000001, 19.88828], [76.94412000000001, 19.88983], [76.94600000000001, 19.89121], [76.95507, 19.8947], [76.95823, 19.89504], [76.96475000000001, 19.894470000000002], [76.96767000000001, 19.893440000000002], [76.96687, 19.887500000000003]]]}}, {"id": "417", "type": "Feature", "properties": {"village_name": "Palshi", "vil_lgd": 545760, "district_name": "Hingoli", "dist_lgd": 477, "subdistrict_name": "Sengaon", "sdcode": 4111, "block_name": "Sengaon", "block_lgd": 162, "gp_name": "", "state_name": "MAHARASHTRA", "state_lgd": 27, "population": 2743, "households": 550}, "geometry": {"type": "Polygon", "coordinates": [[[76.97600000000001, 19.878800000000002], [76.97119, 19.87055], [76.96866, 19.86399], [76.96776000000001, 19.86035], [76.96772, 19.854740000000003], [76.96864000000001, 19.84513], [76.96597000000001, 19.84239], [76.96101, 19.84146], [76.95976, 19.84268], [76.95199000000001, 19.847260000000002], [76.94973, 19.85105], [76.94968, 19.853540000000002], [76.94654000000001, 19.86183], [76.94810000000001, 19.866400000000002], [76.95565, 19.869590000000002], [76.96336000000001, 19.87825], [76.96687, 19.887500000000003], [76.96767000000001, 19.893440000000002], [76.98087000000001, 19.889950000000002], [76.97600000000001, 19.878800000000002]]]}}, {"id": "418", "type": "Feature", "properties": {"village_name": "Sabalkheda", "vil_lgd": 545761, "district_name": "Hingoli", "dist_lgd": 477, "subdistrict_name": "Sengaon", "sdcode": 4111, "block_name": "Sengaon", "block_lgd": 162, "gp_name": "", "state_name": "MAHARASHTRA", "state_lgd": 27, "population": 1084, "households": 222}, "geometry": {"type": "Polygon", "coordinates": [[[76.9835, 19.84643], [76.97253, 19.846680000000003], [76.96864000000001, 19.84513], [76.96772, 19.854740000000003], [76.96776000000001, 19.86035], [76.96866, 19.86399], [76.97119, 19.87055], [76.97600000000001, 19.878800000000002], [76.98087000000001, 19.889950000000002], [76.9937, 19.88879], [76.99145, 19.87227], [76.99237000000001, 19.85967], [76.99051, 19.85912], [76.98724, 19.85534], [76.98485000000001, 19.84957], [76.9835, 19.84643]]]}}, {"id": "419", "type": "Feature", "properties": {"village_name": "Kahakar Kh", "vil_lgd": 545721, "district_name": "Hingoli", "dist_lgd": 477, "subdistrict_name": "Sengaon", "sdcode": 4111, "block_name": "Sengaon", "block_lgd": 162, "gp_name": "", "state_name": "MAHARASHTRA", "state_lgd": 27, "population": 1330, "households": 262}, "geometry": {"type": "Polygon", "coordinates": [[[76.80527000000001, 19.867800000000003], [76.80645000000001, 19.86804], [76.80121000000001, 19.859550000000002], [76.79459, 19.8414], [76.79274000000001, 19.84233], [76.78552, 19.843140000000002], [76.78303000000001, 19.845840000000003], [76.78451000000001, 19.848450000000003], [76.78539, 19.852880000000003], [76.78553000000001, 19.854680000000002], [76.78459000000001, 19.855600000000003], [76.78931, 19.86323], [76.79735000000001, 19.872850000000003], [76.80184000000001, 19.869850000000003], [76.80527000000001, 19.867800000000003]]]}}, {"id": "420", "type": "Feature", "properties": {"village_name": "Shinagikhamba", "vil_lgd": 545720, "district_name": "Hingoli", "dist_lgd": 477, "subdistrict_name": "Sengaon", "sdcode": 4111, "block_name": "Sengaon", "block_lgd": 162, "gp_name": "", "state_name": "MAHARASHTRA", "state_lgd": 27, "population": 1541, "households": 334}, "geometry": {"type": "Polygon", "coordinates": [[[76.82056, 19.853820000000002], [76.81828, 19.8474], [76.81708, 19.845480000000002], [76.81218000000001, 19.841330000000003], [76.8083, 19.83404], [76.79963000000001, 19.83789], [76.79459, 19.8414], [76.80121000000001, 19.859550000000002], [76.80645000000001, 19.86804], [76.82077000000001, 19.873820000000002], [76.82572, 19.865740000000002], [76.82713000000001, 19.86483], [76.82056, 19.853820000000002]]]}}, {"id": "421", "type": "Feature", "properties": {"village_name": "Wazur Kh", "vil_lgd": 545709, "district_name": "Hingoli", "dist_lgd": 477, "subdistrict_name": "Sengaon", "sdcode": 4111, "block_name": "Sengaon", "block_lgd": 162, "gp_name": "", "state_name": "MAHARASHTRA", "state_lgd": 27, "population": 898, "households": 213}, "geometry": {"type": "Polygon", "coordinates": [[[76.56060000000001, 19.84084], [76.55735, 19.820140000000002], [76.54873, 19.82132], [76.54020000000001, 19.817800000000002], [76.53580000000001, 19.82212], [76.54115, 19.838520000000003], [76.54489000000001, 19.84468], [76.54857000000001, 19.84328], [76.56060000000001, 19.84084]]]}}, {"id": "422", "type": "Feature", "properties": {"village_name": "Sakhara", "vil_lgd": 545722, "district_name": "Hingoli", "dist_lgd": 477, "subdistrict_name": "Sengaon", "sdcode": 4111, "block_name": "Sengaon", "block_lgd": 162, "gp_name": "", "state_name": "MAHARASHTRA", "state_lgd": 27, "population": 3003, "households": 616}, "geometry": {"type": "Polygon", "coordinates": [[[76.78553000000001, 19.854680000000002], [76.78539, 19.852880000000003], [76.78451000000001, 19.848450000000003], [76.78303000000001, 19.845840000000003], [76.76917, 19.838240000000003], [76.76816000000001, 19.83686], [76.76245, 19.82194], [76.76164, 19.816730000000003], [76.75728000000001, 19.807930000000002], [76.75279, 19.812630000000002], [76.75369, 19.81678], [76.75191000000001, 19.82307], [76.74949000000001, 19.824730000000002], [76.74468, 19.825740000000003], [76.74522, 19.82817], [76.74565000000001, 19.835150000000002], [76.75041, 19.83708], [76.75444, 19.84033], [76.75474000000001, 19.84626], [76.76232, 19.85723], [76.76530000000001, 19.86393], [76.77217, 19.86229], [76.77597, 19.859840000000002], [76.77617000000001, 19.85858], [76.77757000000001, 19.8577], [76.78459000000001, 19.855600000000003], [76.78553000000001, 19.854680000000002]]]}}, {"id": "423", "type": "Feature", "properties": {"village_name": "Watkali", "vil_lgd": 545774, "district_name": "Hingoli", "dist_lgd": 477, "subdistrict_name": "Sengaon", "sdcode": 4111, "block_name": "Sengaon", "block_lgd": 162, "gp_name": "", "state_name": "MAHARASHTRA", "state_lgd": 27, "population": 2408, "households": 446}, "geometry": {"type": "Polygon", "coordinates": [[[76.86710000000001, 19.85595], [76.86672, 19.85244], [76.86757, 19.85028], [76.85130000000001, 19.842550000000003], [76.84446000000001, 19.838440000000002], [76.83762, 19.84075], [76.83396, 19.84101], [76.83254000000001, 19.84108], [76.82959000000001, 19.84326], [76.82658, 19.84431], [76.81828, 19.8474], [76.82056, 19.853820000000002], [76.82713000000001, 19.86483], [76.83257, 19.864410000000003], [76.84426, 19.866780000000002], [76.86077, 19.86833], [76.87142, 19.86754], [76.86710000000001, 19.85595]]]}}, {"id": "424", "type": "Feature", "properties": {"village_name": "Pimpri Barda", "vil_lgd": 545710, "district_name": "Hingoli", "dist_lgd": 477, "subdistrict_name": "Sengaon", "sdcode": 4111, "block_name": "Sengaon", "block_lgd": 162, "gp_name": "", "state_name": "MAHARASHTRA", "state_lgd": 27, "population": 383, "households": 76}, "geometry": {"type": "Polygon", "coordinates": [[[76.57708000000001, 19.82204], [76.5674, 19.8181], [76.56679000000001, 19.81679], [76.56402, 19.815520000000003], [76.55735, 19.820140000000002], [76.56060000000001, 19.84084], [76.56686, 19.838430000000002], [76.56857000000001, 19.845850000000002], [76.58046, 19.8443], [76.57708000000001, 19.82204]]]}}, {"id": "425", "type": "Feature", "properties": {"village_name": "Sukli Kh", "vil_lgd": 545805, "district_name": "Hingoli", "dist_lgd": 477, "subdistrict_name": "Sengaon", "sdcode": 4111, "block_name": "Sengaon", "block_lgd": 162, "gp_name": "", "state_name": "MAHARASHTRA", "state_lgd": 27, "population": 1244, "households": 223}, "geometry": {"type": "Polygon", "coordinates": [[[76.87432000000001, 19.838320000000003], [76.87433, 19.83977], [76.87057, 19.846510000000002], [76.86757, 19.85028], [76.86672, 19.85244], [76.86710000000001, 19.85595], [76.87142, 19.86754], [76.87981, 19.86671], [76.88175000000001, 19.865850000000002], [76.8828, 19.86523], [76.88427, 19.861960000000003], [76.88599, 19.844720000000002], [76.88553, 19.842540000000003], [76.88634, 19.8411], [76.87915000000001, 19.83949], [76.87432000000001, 19.838320000000003]]]}}, {"id": "426", "type": "Feature", "properties": {"village_name": "Sukli Bk", "vil_lgd": 545806, "district_name": "Hingoli", "dist_lgd": 477, "subdistrict_name": "Sengaon", "sdcode": 4111, "block_name": "Sengaon", "block_lgd": 162, "gp_name": "", "state_name": "MAHARASHTRA", "state_lgd": 27, "population": 1137, "households": 219}, "geometry": {"type": "Polygon", "coordinates": [[[76.89328, 19.86765], [76.90615000000001, 19.859170000000002], [76.9097, 19.860750000000003], [76.90838000000001, 19.858960000000003], [76.90742, 19.854830000000003], [76.90732000000001, 19.84859], [76.90422000000001, 19.84403], [76.90305000000001, 19.840020000000003], [76.90221000000001, 19.841520000000003], [76.88843, 19.84054], [76.88634, 19.8411], [76.88553, 19.842540000000003], [76.88599, 19.844720000000002], [76.88427, 19.861960000000003], [76.8828, 19.86523], [76.88175000000001, 19.865850000000002], [76.88696, 19.86804], [76.89088000000001, 19.86794], [76.89328, 19.86765]]]}}, {"id": "427", "type": "Feature", "properties": {"village_name": "Barda", "vil_lgd": 545711, "district_name": "Hingoli", "dist_lgd": 477, "subdistrict_name": "Sengaon", "sdcode": 4111, "block_name": "Sengaon", "block_lgd": 162, "gp_name": "", "state_name": "MAHARASHTRA", "state_lgd": 27, "population": 906, "households": 191}, "geometry": {"type": "Polygon", "coordinates": [[[76.60213, 19.837880000000002], [76.59497, 19.82299], [76.58706000000001, 19.82336], [76.57708000000001, 19.82204], [76.58046, 19.8443], [76.58859000000001, 19.84455], [76.60024, 19.84178], [76.60213, 19.837880000000002]]]}}, {"id": "428", "type": "Feature", "properties": {"village_name": "Shindephal", "vil_lgd": 545770, "district_name": "Hingoli", "dist_lgd": 477, "subdistrict_name": "Sengaon", "sdcode": 4111, "block_name": "Sengaon", "block_lgd": 162, "gp_name": "", "state_name": "MAHARASHTRA", "state_lgd": 27, "population": 1434, "households": 303}, "geometry": {"type": "Polygon", "coordinates": [[[76.94511, 19.866120000000002], [76.94810000000001, 19.866400000000002], [76.94654000000001, 19.86183], [76.94968, 19.853540000000002], [76.93234000000001, 19.848200000000002], [76.92590000000001, 19.847890000000003], [76.92006, 19.84391], [76.91995, 19.84504], [76.91748000000001, 19.8461], [76.91461000000001, 19.84599], [76.90761, 19.847810000000003], [76.90732000000001, 19.84859], [76.90742, 19.854830000000003], [76.90838000000001, 19.858960000000003], [76.9097, 19.860750000000003], [76.91265, 19.86299], [76.92087000000001, 19.86595], [76.9324, 19.866600000000002], [76.94511, 19.866120000000002]]]}}, {"id": "429", "type": "Feature", "properties": {"village_name": "Kondwada", "vil_lgd": 545801, "district_name": "Hingoli", "dist_lgd": 477, "subdistrict_name": "Sengaon", "sdcode": 4111, "block_name": "Sengaon", "block_lgd": 162, "gp_name": "", "state_name": "MAHARASHTRA", "state_lgd": 27, "population": 1494, "households": 298}, "geometry": {"type": "Polygon", "coordinates": [[[76.82554, 19.823900000000002], [76.82526, 19.82175], [76.82187, 19.81663], [76.81688000000001, 19.81651], [76.80653000000001, 19.819840000000003], [76.80429000000001, 19.82532], [76.80479000000001, 19.82795], [76.8083, 19.83404], [76.81218000000001, 19.841330000000003], [76.81708, 19.845480000000002], [76.81828, 19.8474], [76.82658, 19.84431], [76.82554, 19.823900000000002]]]}}, {"id": "430", "type": "Feature", "properties": {"village_name": "Kolsa", "vil_lgd": 545804, "district_name": "Hingoli", "dist_lgd": 477, "subdistrict_name": "Sengaon", "sdcode": 4111, "block_name": "Sengaon", "block_lgd": 162, "gp_name": "", "state_name": "MAHARASHTRA", "state_lgd": 27, "population": 1997, "households": 369}, "geometry": {"type": "Polygon", "coordinates": [[[76.87033000000001, 19.81912], [76.86879, 19.81584], [76.85627000000001, 19.8258], [76.85512, 19.82168], [76.85090000000001, 19.822550000000003], [76.84743, 19.826120000000003], [76.84446000000001, 19.838440000000002], [76.85130000000001, 19.842550000000003], [76.86757, 19.85028], [76.87057, 19.846510000000002], [76.87433, 19.83977], [76.87432000000001, 19.838320000000003], [76.87244000000001, 19.82656], [76.87033000000001, 19.81912]]]}}, {"id": "431", "type": "Feature", "properties": {"village_name": "Kawatha Bk", "vil_lgd": 545803, "district_name": "Hingoli", "dist_lgd": 477, "subdistrict_name": "Sengaon", "sdcode": 4111, "block_name": "Sengaon", "block_lgd": 162, "gp_name": "", "state_name": "MAHARASHTRA", "state_lgd": 27, "population": 2135, "households": 406}, "geometry": {"type": "Polygon", "coordinates": [[[76.82526, 19.82175], [76.82554, 19.823900000000002], [76.82795, 19.8247], [76.82937000000001, 19.82541], [76.83184, 19.82908], [76.83355, 19.835340000000002], [76.83396, 19.84101], [76.83762, 19.84075], [76.84446000000001, 19.838440000000002], [76.84743, 19.826120000000003], [76.83942, 19.825290000000003], [76.83212, 19.823520000000002], [76.82526, 19.82175]]]}}, {"id": "432", "type": "Feature", "properties": {"village_name": "Shivni Kh", "vil_lgd": 545767, "district_name": "Hingoli", "dist_lgd": 477, "subdistrict_name": "Sengaon", "sdcode": 4111, "block_name": "Sengaon", "block_lgd": 162, "gp_name": "", "state_name": "MAHARASHTRA", "state_lgd": 27, "population": 889, "households": 184}, "geometry": {"type": "Polygon", "coordinates": [[[76.96101, 19.84146], [76.96373000000001, 19.839750000000002], [76.96118000000001, 19.83689], [76.95269, 19.835500000000003], [76.94962000000001, 19.83527], [76.9418, 19.83798], [76.93409000000001, 19.84109], [76.92768000000001, 19.84117], [76.92639000000001, 19.83953], [76.92014, 19.84033], [76.92006, 19.84391], [76.92590000000001, 19.847890000000003], [76.93234000000001, 19.848200000000002], [76.94968, 19.853540000000002], [76.94973, 19.85105], [76.95199000000001, 19.847260000000002], [76.95976, 19.84268], [76.96101, 19.84146]]]}}, {"id": "433", "type": "Feature", "properties": {"village_name": "Sinagi Naga", "vil_lgd": 545807, "district_name": "Hingoli", "dist_lgd": 477, "subdistrict_name": "Sengaon", "sdcode": 4111, "block_name": "Sengaon", "block_lgd": 162, "gp_name": "", "state_name": "MAHARASHTRA", "state_lgd": 27, "population": 1828, "households": 395}, "geometry": {"type": "Polygon", "coordinates": [[[76.91748000000001, 19.8461], [76.91995, 19.84504], [76.92006, 19.84391], [76.92014, 19.84033], [76.91491, 19.827730000000003], [76.91461000000001, 19.81763], [76.91484000000001, 19.81287], [76.91590000000001, 19.810560000000002], [76.91547000000001, 19.80987], [76.91519000000001, 19.809], [76.91237000000001, 19.80853], [76.90769, 19.80965], [76.90306000000001, 19.81406], [76.89943000000001, 19.819960000000002], [76.89875, 19.82149], [76.89905, 19.823780000000003], [76.89974000000001, 19.826980000000002], [76.90278, 19.833170000000003], [76.90305000000001, 19.840020000000003], [76.90422000000001, 19.84403], [76.90732000000001, 19.84859], [76.90761, 19.847810000000003], [76.91461000000001, 19.84599], [76.91748000000001, 19.8461]]]}}, {"id": "434", "type": "Feature", "properties": {"village_name": "Dongargaon", "vil_lgd": 545726, "district_name": "Hingoli", "dist_lgd": 477, "subdistrict_name": "Sengaon", "sdcode": 4111, "block_name": "Sengaon", "block_lgd": 162, "gp_name": "", "state_name": "MAHARASHTRA", "state_lgd": 27, "population": 1344, "households": 274}, "geometry": {"type": "Polygon", "coordinates": [[[76.65098, 19.802190000000003], [76.64703, 19.801060000000003], [76.64428000000001, 19.78779], [76.63895000000001, 19.79744], [76.63591000000001, 19.79858], [76.63387, 19.796930000000003], [76.62101000000001, 19.80748], [76.61206, 19.80836], [76.62223, 19.817130000000002], [76.62397, 19.816000000000003], [76.63223, 19.81435], [76.66318000000001, 19.812140000000003], [76.66148000000001, 19.80254], [76.65098, 19.802190000000003]]]}}, {"id": "435", "type": "Feature", "properties": {"village_name": "Borkhadi", "vil_lgd": 545734, "district_name": "Hingoli", "dist_lgd": 477, "subdistrict_name": "Sengaon", "sdcode": 4111, "block_name": "Sengaon", "block_lgd": 162, "gp_name": "", "state_name": "MAHARASHTRA", "state_lgd": 27, "population": 455, "households": 102}, "geometry": {"type": "Polygon", "coordinates": [[[76.74949000000001, 19.824730000000002], [76.75191000000001, 19.82307], [76.75369, 19.81678], [76.75279, 19.812630000000002], [76.74659000000001, 19.80439], [76.7406, 19.80027], [76.73929000000001, 19.80527], [76.73864, 19.807170000000003], [76.73678000000001, 19.808770000000003], [76.72889, 19.812510000000003], [76.73056000000001, 19.81663], [76.73069000000001, 19.819290000000002], [76.73333000000001, 19.822080000000003], [76.7393, 19.825380000000003], [76.74468, 19.825740000000003], [76.74949000000001, 19.824730000000002]]]}}, {"id": "436", "type": "Feature", "properties": {"village_name": "Sapatgaon", "vil_lgd": 545808, "district_name": "Hingoli", "dist_lgd": 477, "subdistrict_name": "Sengaon", "sdcode": 4111, "block_name": "Sengaon", "block_lgd": 162, "gp_name": "", "state_name": "MAHARASHTRA", "state_lgd": 27, "population": 1658, "households": 336}, "geometry": {"type": "Polygon", "coordinates": [[[76.90305000000001, 19.840020000000003], [76.90278, 19.833170000000003], [76.89974000000001, 19.826980000000002], [76.89905, 19.823780000000003], [76.89875, 19.82149], [76.89943000000001, 19.819960000000002], [76.88292000000001, 19.81916], [76.87753000000001, 19.81968], [76.87033000000001, 19.81912], [76.87244000000001, 19.82656], [76.87432000000001, 19.838320000000003], [76.87915000000001, 19.83949], [76.88634, 19.8411], [76.88843, 19.84054], [76.90221000000001, 19.841520000000003], [76.90305000000001, 19.840020000000003]]]}}, {"id": "437", "type": "Feature", "properties": {"village_name": "Khairi", "vil_lgd": 545740, "district_name": "Hingoli", "dist_lgd": 477, "subdistrict_name": "Sengaon", "sdcode": 4111, "block_name": "Sengaon", "block_lgd": 162, "gp_name": "", "state_name": "MAHARASHTRA", "state_lgd": 27, "population": 207, "households": 49}, "geometry": {"type": "Polygon", "coordinates": [[[76.74515000000001, 19.755180000000003], [76.74195, 19.7525], [76.73113000000001, 19.75015], [76.73154000000001, 19.75831], [76.72958000000001, 19.76564], [76.72614, 19.771250000000002], [76.73477000000001, 19.77943], [76.74080000000001, 19.7865], [76.75372, 19.770310000000002], [76.75448, 19.7677], [76.74515000000001, 19.755180000000003]]]}}, {"id": "438", "type": "Feature", "properties": {"village_name": "Suldali Bk", "vil_lgd": 545764, "district_name": "Hingoli", "dist_lgd": 477, "subdistrict_name": "Sengaon", "sdcode": 4111, "block_name": "Sengaon", "block_lgd": 162, "gp_name": "", "state_name": "MAHARASHTRA", "state_lgd": 27, "population": 953, "households": 221}, "geometry": {"type": "Polygon", "coordinates": [[[76.98238, 19.84279], [76.98668, 19.833190000000002], [76.98548000000001, 19.827710000000003], [76.983, 19.824810000000003], [76.97818000000001, 19.82187], [76.97182000000001, 19.824540000000002], [76.96608, 19.833370000000002], [76.96373000000001, 19.839750000000002], [76.96101, 19.84146], [76.96597000000001, 19.84239], [76.96864000000001, 19.84513], [76.97253, 19.846680000000003], [76.9835, 19.84643], [76.98238, 19.84279]]]}}, {"id": "439", "type": "Feature", "properties": {"village_name": "Khadaki", "vil_lgd": 545725, "district_name": "Hingoli", "dist_lgd": 477, "subdistrict_name": "Sengaon", "sdcode": 4111, "block_name": "Sengaon", "block_lgd": 162, "gp_name": "", "state_name": "MAHARASHTRA", "state_lgd": 27, "population": 1474, "households": 330}, "geometry": {"type": "Polygon", "coordinates": [[[76.69097000000001, 19.79213], [76.68748000000001, 19.791310000000003], [76.68095000000001, 19.79213], [76.66969, 19.79125], [76.67014, 19.793850000000003], [76.66952, 19.79829], [76.66148000000001, 19.80254], [76.66318000000001, 19.812140000000003], [76.67956000000001, 19.81602], [76.68409000000001, 19.814700000000002], [76.68844, 19.81201], [76.69294000000001, 19.80753], [76.69692, 19.801630000000003], [76.69250000000001, 19.793490000000002], [76.69097000000001, 19.79213]]]}}, {"id": "440", "type": "Feature", "properties": {"village_name": "Shivni Bk", "vil_lgd": 545768, "district_name": "Hingoli", "dist_lgd": 477, "subdistrict_name": "Sengaon", "sdcode": 4111, "block_name": "Sengaon", "block_lgd": 162, "gp_name": "", "state_name": "MAHARASHTRA", "state_lgd": 27, "population": 1212, "households": 234}, "geometry": {"type": "Polygon", "coordinates": [[[76.94962000000001, 19.83527], [76.95269, 19.835500000000003], [76.95219, 19.83255], [76.94968, 19.82985], [76.94612000000001, 19.82094], [76.94365, 19.82241], [76.93442, 19.825200000000002], [76.93438, 19.8272], [76.92639000000001, 19.83953], [76.92768000000001, 19.84117], [76.93409000000001, 19.84109], [76.9418, 19.83798], [76.94962000000001, 19.83527]]]}}, {"id": "441", "type": "Feature", "properties": {"village_name": "Salegaon", "vil_lgd": 545727, "district_name": "Hingoli", "dist_lgd": 477, "subdistrict_name": "Sengaon", "sdcode": 4111, "block_name": "Sengaon", "block_lgd": 162, "gp_name": "", "state_name": "MAHARASHTRA", "state_lgd": 27, "population": 647, "households": 148}, "geometry": {"type": "Polygon", "coordinates": [[[76.6143, 19.78602], [76.61491000000001, 19.787750000000003], [76.61423, 19.78883], [76.60643, 19.792520000000003], [76.60440000000001, 19.796310000000002], [76.60429, 19.79894], [76.60832, 19.80722], [76.61206, 19.80836], [76.62101000000001, 19.80748], [76.63387, 19.796930000000003], [76.63307, 19.79372], [76.63383, 19.79023], [76.61807, 19.78667], [76.6143, 19.78602]]]}}, {"id": "442", "type": "Feature", "properties": {"village_name": "Karegaon", "vil_lgd": 545769, "district_name": "Hingoli", "dist_lgd": 477, "subdistrict_name": "Sengaon", "sdcode": 4111, "block_name": "Sengaon", "block_lgd": 162, "gp_name": "", "state_name": "MAHARASHTRA", "state_lgd": 27, "population": 904, "households": 176}, "geometry": {"type": "Polygon", "coordinates": [[[76.93438, 19.8272], [76.93442, 19.825200000000002], [76.9325, 19.81987], [76.93205, 19.815730000000002], [76.93021, 19.812230000000003], [76.92793, 19.811130000000002], [76.91547000000001, 19.80987], [76.91590000000001, 19.810560000000002], [76.91484000000001, 19.81287], [76.91461000000001, 19.81763], [76.91491, 19.827730000000003], [76.92014, 19.84033], [76.92639000000001, 19.83953], [76.93438, 19.8272]]]}}, {"id": "443", "type": "Feature", "properties": {"village_name": "Kawardadi", "vil_lgd": 545802, "district_name": "Hingoli", "dist_lgd": 477, "subdistrict_name": "Sengaon", "sdcode": 4111, "block_name": "Sengaon", "block_lgd": 162, "gp_name": "", "state_name": "MAHARASHTRA", "state_lgd": 27, "population": 1018, "households": 204}, "geometry": {"type": "Polygon", "coordinates": [[[76.82554, 19.823900000000002], [76.82658, 19.84431], [76.82959000000001, 19.84326], [76.83254000000001, 19.84108], [76.83396, 19.84101], [76.83355, 19.835340000000002], [76.83184, 19.82908], [76.82937000000001, 19.82541], [76.82795, 19.8247], [76.82554, 19.823900000000002]]]}}, {"id": "444", "type": "Feature", "properties": {"village_name": "Belkheda", "vil_lgd": 545766, "district_name": "Hingoli", "dist_lgd": 477, "subdistrict_name": "Sengaon", "sdcode": 4111, "block_name": "Sengaon", "block_lgd": 162, "gp_name": "", "state_name": "MAHARASHTRA", "state_lgd": 27, "population": 177, "households": 29}, "geometry": {"type": "Polygon", "coordinates": [[[76.98009, 19.818640000000002], [76.97983, 19.81754], [76.9642, 19.816580000000002], [76.95439, 19.81475], [76.95258000000001, 19.81726], [76.94612000000001, 19.82094], [76.94968, 19.82985], [76.95219, 19.83255], [76.95269, 19.835500000000003], [76.96118000000001, 19.83689], [76.96373000000001, 19.839750000000002], [76.96608, 19.833370000000002], [76.97182000000001, 19.824540000000002], [76.97818000000001, 19.82187], [76.98009, 19.818640000000002]]]}}, {"id": "445", "type": "Feature", "properties": {"village_name": "Warud Chakrapan", "vil_lgd": 545811, "district_name": "Hingoli", "dist_lgd": 477, "subdistrict_name": "Sengaon", "sdcode": 4111, "block_name": "Sengaon", "block_lgd": 162, "gp_name": "", "state_name": "MAHARASHTRA", "state_lgd": 27, "population": 2575, "households": 579}, "geometry": {"type": "Polygon", "coordinates": [[[76.85009000000001, 19.800620000000002], [76.84034000000001, 19.803250000000002], [76.83654, 19.803060000000002], [76.83521, 19.805660000000003], [76.82187, 19.81663], [76.82526, 19.82175], [76.83212, 19.823520000000002], [76.83942, 19.825290000000003], [76.84743, 19.826120000000003], [76.85090000000001, 19.822550000000003], [76.85512, 19.82168], [76.85285, 19.81294], [76.85009000000001, 19.800620000000002]]]}}, {"id": "446", "type": "Feature", "properties": {"village_name": "Mahalsapur", "vil_lgd": 545812, "district_name": "Hingoli", "dist_lgd": 477, "subdistrict_name": "Sengaon", "sdcode": 4111, "block_name": "Sengaon", "block_lgd": 162, "gp_name": "", "state_name": "MAHARASHTRA", "state_lgd": 27, "population": 1093, "households": 209}, "geometry": {"type": "Polygon", "coordinates": [[[76.82187, 19.81663], [76.83521, 19.805660000000003], [76.83654, 19.803060000000002], [76.82504, 19.784070000000003], [76.81617, 19.78367], [76.81410000000001, 19.786510000000003], [76.81442000000001, 19.79172], [76.81233, 19.79786], [76.80849, 19.799940000000003], [76.80258, 19.80029], [76.80383, 19.8118], [76.80294, 19.816080000000003], [76.80653000000001, 19.819840000000003], [76.81688000000001, 19.81651], [76.82187, 19.81663]]]}}, {"id": "447", "type": "Feature", "properties": {"village_name": "Patoda", "vil_lgd": 545737, "district_name": "Hingoli", "dist_lgd": 477, "subdistrict_name": "Sengaon", "sdcode": 4111, "block_name": "Sengaon", "block_lgd": 162, "gp_name": "", "state_name": "MAHARASHTRA", "state_lgd": 27, "population": 1764, "households": 351}, "geometry": {"type": "Polygon", "coordinates": [[[76.80383, 19.8118], [76.80258, 19.80029], [76.78665000000001, 19.79777], [76.77902, 19.795800000000003], [76.77754, 19.798650000000002], [76.77602, 19.79886], [76.78466, 19.81152], [76.79073000000001, 19.81672], [76.79401, 19.81755], [76.79759, 19.81736], [76.80294, 19.816080000000003], [76.80383, 19.8118]]]}}, {"id": "448", "type": "Feature", "properties": {"village_name": "Nansi", "vil_lgd": 545729, "district_name": "Hingoli", "dist_lgd": 477, "subdistrict_name": "Sengaon", "sdcode": 4111, "block_name": "Sengaon", "block_lgd": 162, "gp_name": "", "state_name": "MAHARASHTRA", "state_lgd": 27, "population": 483, "households": 94}, "geometry": {"type": "Polygon", "coordinates": [[[76.66952, 19.79829], [76.67014, 19.793850000000003], [76.66969, 19.79125], [76.66697, 19.783530000000003], [76.64768000000001, 19.77983], [76.64428000000001, 19.78779], [76.64703, 19.801060000000003], [76.65098, 19.802190000000003], [76.66148000000001, 19.80254], [76.66952, 19.79829]]]}}, {"id": "449", "type": "Feature", "properties": {"village_name": "Holgira", "vil_lgd": 545735, "district_name": "Hingoli", "dist_lgd": 477, "subdistrict_name": "Sengaon", "sdcode": 4111, "block_name": "Sengaon", "block_lgd": 162, "gp_name": "", "state_name": "MAHARASHTRA", "state_lgd": 27, "population": 379, "households": 69}, "geometry": {"type": "Polygon", "coordinates": [[[76.75946, 19.806220000000003], [76.76257000000001, 19.805780000000002], [76.76836, 19.8013], [76.77187, 19.797240000000002], [76.76898000000001, 19.794320000000003], [76.76061, 19.791210000000003], [76.75059, 19.79307], [76.74445, 19.789730000000002], [76.74080000000001, 19.7865], [76.7406, 19.80027], [76.74659000000001, 19.80439], [76.75279, 19.812630000000002], [76.75728000000001, 19.807930000000002], [76.75946, 19.806220000000003]]]}}, {"id": "450", "type": "Feature", "properties": {"village_name": "Sonsawangi", "vil_lgd": 545731, "district_name": "Hingoli", "dist_lgd": 477, "subdistrict_name": "Sengaon", "sdcode": 4111, "block_name": "Sengaon", "block_lgd": 162, "gp_name": "", "state_name": "MAHARASHTRA", "state_lgd": 27, "population": 154, "households": 32}, "geometry": {"type": "Polygon", "coordinates": [[[76.70100000000001, 19.78753], [76.69974, 19.7835], [76.69992, 19.78132], [76.70109000000001, 19.777720000000002], [76.69497000000001, 19.77548], [76.688, 19.77495], [76.68376, 19.775470000000002], [76.6798, 19.775750000000002], [76.67604, 19.782210000000003], [76.67468000000001, 19.78303], [76.67272000000001, 19.78386], [76.66697, 19.783530000000003], [76.66969, 19.79125], [76.68095000000001, 19.79213], [76.68748000000001, 19.791310000000003], [76.69097000000001, 19.79213], [76.69250000000001, 19.793490000000002], [76.69692, 19.801630000000003], [76.70796, 19.80253], [76.70370000000001, 19.79342], [76.70100000000001, 19.78753]]]}}, {"id": "451", "type": "Feature", "properties": {"village_name": "Pardi", "vil_lgd": 545818, "district_name": "Hingoli", "dist_lgd": 477, "subdistrict_name": "Sengaon", "sdcode": 4111, "block_name": "Sengaon", "block_lgd": 162, "gp_name": "", "state_name": "MAHARASHTRA", "state_lgd": 27, "population": 883, "households": 164}, "geometry": {"type": "Polygon", "coordinates": [[[76.95258000000001, 19.81726], [76.95439, 19.81475], [76.95604, 19.81136], [76.95682000000001, 19.805780000000002], [76.95593000000001, 19.804350000000003], [76.95165, 19.803350000000002], [76.94797000000001, 19.803250000000002], [76.94189, 19.80467], [76.93338, 19.808970000000002], [76.93021, 19.812230000000003], [76.93205, 19.815730000000002], [76.9325, 19.81987], [76.93442, 19.825200000000002], [76.94365, 19.82241], [76.94612000000001, 19.82094], [76.95258000000001, 19.81726]]]}}, {"id": "452", "type": "Feature", "properties": {"village_name": "Sengaon", "vil_lgd": 296910, "district_name": "Hingoli", "dist_lgd": 477, "subdistrict_name": "Sengaon", "sdcode": 4111, "block_name": "", "block_lgd": 0, "gp_name": "", "state_name": "MAHARASHTRA", "state_lgd": 27, "population": 8455, "households": 1708}, "geometry": {"type": "Polygon", "coordinates": [[[76.89943000000001, 19.819960000000002], [76.90306000000001, 19.81406], [76.90769, 19.80965], [76.91237000000001, 19.80853], [76.91352, 19.802410000000002], [76.91349000000001, 19.79729], [76.91266, 19.79633], [76.90782, 19.7924], [76.90196, 19.785960000000003], [76.89995, 19.7829], [76.89923, 19.779300000000003], [76.89122, 19.779040000000002], [76.88656, 19.776880000000002], [76.87750000000001, 19.77682], [76.87176000000001, 19.773190000000003], [76.87181000000001, 19.781070000000003], [76.86791000000001, 19.800130000000003], [76.86317000000001, 19.808230000000002], [76.86879, 19.81584], [76.87033000000001, 19.81912], [76.87753000000001, 19.81968], [76.88292000000001, 19.81916], [76.89943000000001, 19.819960000000002]]]}}, {"id": "453", "type": "Feature", "properties": {"village_name": "Bramhapuri", "vil_lgd": 545977, "district_name": "Hingoli", "dist_lgd": 477, "subdistrict_name": "Hingoli", "sdcode": 4112, "block_name": "Hingoli", "block_lgd": 163, "gp_name": "", "state_name": "MAHARASHTRA", "state_lgd": 27, "population": 752, "households": 133}, "geometry": {"type": "Polygon", "coordinates": [[[76.97962000000001, 19.801660000000002], [76.98280000000001, 19.799190000000003], [76.98438, 19.794030000000003], [76.98394, 19.79315], [76.98010000000001, 19.78809], [76.97189, 19.78966], [76.95676, 19.79051], [76.95686, 19.79979], [76.95811, 19.80157], [76.96403000000001, 19.80185], [76.97962000000001, 19.801660000000002]]]}}, {"id": "454", "type": "Feature", "properties": {"village_name": "Talni Pra Narsi", "vil_lgd": 545816, "district_name": "Hingoli", "dist_lgd": 477, "subdistrict_name": "Sengaon", "sdcode": 4111, "block_name": "Sengaon", "block_lgd": 162, "gp_name": "", "state_name": "MAHARASHTRA", "state_lgd": 27, "population": 1468, "households": 288}, "geometry": {"type": "Polygon", "coordinates": [[[76.91586000000001, 19.788780000000003], [76.91623000000001, 19.783530000000003], [76.91816, 19.78078], [76.91897, 19.776130000000002], [76.91953000000001, 19.77408], [76.91316, 19.76967], [76.90698, 19.769180000000002], [76.90235000000001, 19.77119], [76.90089, 19.772730000000003], [76.89923, 19.779300000000003], [76.89995, 19.7829], [76.90196, 19.785960000000003], [76.90782, 19.7924], [76.91266, 19.79633], [76.91681000000001, 19.794310000000003], [76.91586000000001, 19.788780000000003]]]}}, {"id": "455", "type": "Feature", "properties": {"village_name": "Warud Saman", "vil_lgd": 545820, "district_name": "Hingoli", "dist_lgd": 477, "subdistrict_name": "Sengaon", "sdcode": 4111, "block_name": "Sengaon", "block_lgd": 162, "gp_name": "", "state_name": "MAHARASHTRA", "state_lgd": 27, "population": 349, "households": 77}, "geometry": {"type": "Polygon", "coordinates": [[[76.99121000000001, 19.765430000000002], [76.99650000000001, 19.76256], [76.99634, 19.75309], [76.99546000000001, 19.74886], [76.9889, 19.74934], [76.98672, 19.74662], [76.98468000000001, 19.745690000000003], [76.98279000000001, 19.74753], [76.97519000000001, 19.75046], [76.9684, 19.750590000000003], [76.97224, 19.758010000000002], [76.97366000000001, 19.763090000000002], [76.97357000000001, 19.77033], [76.97913000000001, 19.769080000000002], [76.98707, 19.768990000000002], [76.99121000000001, 19.765430000000002]]]}}, {"id": "456", "type": "Feature", "properties": {"village_name": "Ridhora", "vil_lgd": 545817, "district_name": "Hingoli", "dist_lgd": 477, "subdistrict_name": "Sengaon", "sdcode": 4111, "block_name": "Sengaon", "block_lgd": 162, "gp_name": "", "state_name": "MAHARASHTRA", "state_lgd": 27, "population": 1354, "households": 276}, "geometry": {"type": "Polygon", "coordinates": [[[76.93289, 19.78022], [76.93023000000001, 19.77542], [76.92936, 19.772170000000003], [76.91897, 19.776130000000002], [76.91816, 19.78078], [76.91623000000001, 19.783530000000003], [76.91586000000001, 19.788780000000003], [76.91681000000001, 19.794310000000003], [76.92072, 19.796670000000002], [76.92515, 19.797020000000003], [76.93007, 19.79501], [76.92985, 19.7909], [76.93282, 19.78218], [76.93289, 19.78022]]]}}, {"id": "457", "type": "Feature", "properties": {"village_name": "Jamrun Jahagir", "vil_lgd": 545975, "district_name": "Hingoli", "dist_lgd": 477, "subdistrict_name": "Hingoli", "sdcode": 4112, "block_name": "Hingoli", "block_lgd": 163, "gp_name": "", "state_name": "MAHARASHTRA", "state_lgd": 27, "population": 370, "households": 90}, "geometry": {"type": "Polygon", "coordinates": [[[76.98230000000001, 19.81069], [76.98232, 19.812320000000003], [76.97983, 19.81754], [76.98009, 19.818640000000002], [76.97818000000001, 19.82187], [76.983, 19.824810000000003], [76.98548000000001, 19.827710000000003], [76.99173, 19.82476], [76.99314000000001, 19.82319], [76.99395000000001, 19.81321], [76.99343, 19.812800000000003], [76.98752, 19.81163], [76.98230000000001, 19.81069]]]}}, {"id": "458", "type": "Feature", "properties": {"village_name": "Uti Purna", "vil_lgd": 545728, "district_name": "Hingoli", "dist_lgd": 477, "subdistrict_name": "Sengaon", "sdcode": 4111, "block_name": "Sengaon", "block_lgd": 162, "gp_name": "", "state_name": "MAHARASHTRA", "state_lgd": 27, "population": 601, "households": 141}, "geometry": {"type": "Polygon", "coordinates": [[[76.60624, 19.7691], [76.60283000000001, 19.77032], [76.60156, 19.77174], [76.60157000000001, 19.773290000000003], [76.60223, 19.77532], [76.6143, 19.78602], [76.61807, 19.78667], [76.63383, 19.79023], [76.63526, 19.78058], [76.63464, 19.779310000000002], [76.63115, 19.77692], [76.62232, 19.772920000000003], [76.61041, 19.769000000000002], [76.60624, 19.7691]]]}}, {"id": "459", "type": "Feature", "properties": {"village_name": "Bhandari", "vil_lgd": 545739, "district_name": "Hingoli", "dist_lgd": 477, "subdistrict_name": "Sengaon", "sdcode": 4111, "block_name": "Sengaon", "block_lgd": 162, "gp_name": "", "state_name": "MAHARASHTRA", "state_lgd": 27, "population": 1121, "households": 248}, "geometry": {"type": "Polygon", "coordinates": [[[76.77754, 19.798650000000002], [76.77902, 19.795800000000003], [76.77943, 19.7864], [76.77747000000001, 19.774240000000002], [76.77451, 19.763530000000003], [76.76872, 19.76582], [76.76221000000001, 19.766820000000003], [76.7579, 19.768800000000002], [76.75448, 19.7677], [76.75372, 19.770310000000002], [76.74080000000001, 19.7865], [76.74445, 19.789730000000002], [76.75059, 19.79307], [76.76061, 19.791210000000003], [76.76898000000001, 19.794320000000003], [76.77187, 19.797240000000002], [76.77602, 19.79886], [76.77754, 19.798650000000002]]]}}, {"id": "460", "type": "Feature", "properties": {"village_name": "Makodi", "vil_lgd": 545814, "district_name": "Hingoli", "dist_lgd": 477, "subdistrict_name": "Sengaon", "sdcode": 4111, "block_name": "Sengaon", "block_lgd": 162, "gp_name": "", "state_name": "MAHARASHTRA", "state_lgd": 27, "population": 1650, "households": 321}, "geometry": {"type": "Polygon", "coordinates": [[[76.86131, 19.75906], [76.86110000000001, 19.76022], [76.85885, 19.760930000000002], [76.85234000000001, 19.76181], [76.85771000000001, 19.78074], [76.85817, 19.791690000000003], [76.85754, 19.795450000000002], [76.85748000000001, 19.796460000000003], [76.86317000000001, 19.808230000000002], [76.86791000000001, 19.800130000000003], [76.87181000000001, 19.781070000000003], [76.87176000000001, 19.773190000000003], [76.87186000000001, 19.76519], [76.86714, 19.762980000000002], [76.86131, 19.75906]]]}}, {"id": "461", "type": "Feature", "properties": {"village_name": "Deulgaon Jahagir", "vil_lgd": 545765, "district_name": "Hingoli", "dist_lgd": 477, "subdistrict_name": "Sengaon", "sdcode": 4111, "block_name": "Sengaon", "block_lgd": 162, "gp_name": "", "state_name": "MAHARASHTRA", "state_lgd": 27, "population": 1099, "households": 225}, "geometry": {"type": "Polygon", "coordinates": [[[76.98126, 19.803720000000002], [76.97962000000001, 19.801660000000002], [76.96403000000001, 19.80185], [76.95811, 19.80157], [76.95593000000001, 19.804350000000003], [76.95682000000001, 19.805780000000002], [76.95604, 19.81136], [76.95439, 19.81475], [76.9642, 19.816580000000002], [76.97983, 19.81754], [76.98232, 19.812320000000003], [76.98230000000001, 19.81069], [76.98126, 19.803720000000002]]]}}, {"id": "462", "type": "Feature", "properties": {"village_name": "Hatta", "vil_lgd": 545738, "district_name": "Hingoli", "dist_lgd": 477, "subdistrict_name": "Sengaon", "sdcode": 4111, "block_name": "Sengaon", "block_lgd": 162, "gp_name": "", "state_name": "MAHARASHTRA", "state_lgd": 27, "population": 2742, "households": 524}, "geometry": {"type": "Polygon", "coordinates": [[[76.80890000000001, 19.759420000000002], [76.80784000000001, 19.752110000000002], [76.80871, 19.75093], [76.79375, 19.7526], [76.79496, 19.759500000000003], [76.79439, 19.767680000000002], [76.79283000000001, 19.76996], [76.77747000000001, 19.774240000000002], [76.77943, 19.7864], [76.77902, 19.795800000000003], [76.78665000000001, 19.79777], [76.80258, 19.80029], [76.80849, 19.799940000000003], [76.81233, 19.79786], [76.81442000000001, 19.79172], [76.81410000000001, 19.786510000000003], [76.81617, 19.78367], [76.80890000000001, 19.759420000000002]]]}}, {"id": "463", "type": "Feature", "properties": {"village_name": "Jamrun Bk", "vil_lgd": 545819, "district_name": "Hingoli", "dist_lgd": 477, "subdistrict_name": "Sengaon", "sdcode": 4111, "block_name": "Sengaon", "block_lgd": 162, "gp_name": "", "state_name": "MAHARASHTRA", "state_lgd": 27, "population": 1206, "households": 263}, "geometry": {"type": "Polygon", "coordinates": [[[76.95593000000001, 19.804350000000003], [76.95811, 19.80157], [76.95686, 19.79979], [76.95676, 19.79051], [76.9534, 19.785510000000002], [76.95215, 19.777150000000002], [76.9411, 19.780880000000003], [76.93282, 19.78218], [76.92985, 19.7909], [76.93007, 19.79501], [76.92515, 19.797020000000003], [76.92072, 19.796670000000002], [76.91681000000001, 19.794310000000003], [76.91266, 19.79633], [76.91349000000001, 19.79729], [76.91352, 19.802410000000002], [76.91237000000001, 19.80853], [76.91519000000001, 19.809], [76.91547000000001, 19.80987], [76.92793, 19.811130000000002], [76.93021, 19.812230000000003], [76.93338, 19.808970000000002], [76.94189, 19.80467], [76.94797000000001, 19.803250000000002], [76.95165, 19.803350000000002], [76.95593000000001, 19.804350000000003]]]}}, {"id": "464", "type": "Feature", "properties": {"village_name": "Bhankheda", "vil_lgd": 545813, "district_name": "Hingoli", "dist_lgd": 477, "subdistrict_name": "Sengaon", "sdcode": 4111, "block_name": "Sengaon", "block_lgd": 162, "gp_name": "", "state_name": "MAHARASHTRA", "state_lgd": 27, "population": 2319, "households": 484}, "geometry": {"type": "Polygon", "coordinates": [[[76.85009000000001, 19.800620000000002], [76.85754, 19.795450000000002], [76.85817, 19.791690000000003], [76.85771000000001, 19.78074], [76.85234000000001, 19.76181], [76.8324, 19.76161], [76.83403000000001, 19.76687], [76.83332, 19.77663], [76.82883000000001, 19.782760000000003], [76.82504, 19.784070000000003], [76.83654, 19.803060000000002], [76.84034000000001, 19.803250000000002], [76.85009000000001, 19.800620000000002]]]}}, {"id": "465", "type": "Feature", "properties": {"village_name": "Bamani Kh", "vil_lgd": 545730, "district_name": "Hingoli", "dist_lgd": 477, "subdistrict_name": "Sengaon", "sdcode": 4111, "block_name": "Sengaon", "block_lgd": 162, "gp_name": "", "state_name": "MAHARASHTRA", "state_lgd": 27, "population": 357, "households": 81}, "geometry": {"type": "Polygon", "coordinates": [[[76.688, 19.77495], [76.69497000000001, 19.77548], [76.70109000000001, 19.777720000000002], [76.70475, 19.771620000000002], [76.70852000000001, 19.767400000000002], [76.71246000000001, 19.76489], [76.70778, 19.754540000000002], [76.70546, 19.75289], [76.70195000000001, 19.752830000000003], [76.69894000000001, 19.75382], [76.69609000000001, 19.75645], [76.69318000000001, 19.76434], [76.67281000000001, 19.771340000000002], [76.65446, 19.77043], [76.65237, 19.77107], [76.64955, 19.77483], [76.64768000000001, 19.77983], [76.66697, 19.783530000000003], [76.67272000000001, 19.78386], [76.67468000000001, 19.78303], [76.67604, 19.782210000000003], [76.6798, 19.775750000000002], [76.68376, 19.775470000000002], [76.688, 19.77495]]]}}, {"id": "466", "type": "Feature", "properties": {"village_name": "Hanwatkheda", "vil_lgd": 545976, "district_name": "Hingoli", "dist_lgd": 477, "subdistrict_name": "Hingoli", "sdcode": 4112, "block_name": "Hingoli", "block_lgd": 163, "gp_name": "", "state_name": "MAHARASHTRA", "state_lgd": 27, "population": 797, "households": 160}, "geometry": {"type": "Polygon", "coordinates": [[[76.99986000000001, 19.800880000000003], [76.99947, 19.79784], [76.9992, 19.794220000000003], [77.00200000000001, 19.788410000000002], [76.99723, 19.79006], [76.99078, 19.790290000000002], [76.9873, 19.791150000000002], [76.98394, 19.79315], [76.98438, 19.794030000000003], [76.98280000000001, 19.799190000000003], [76.97962000000001, 19.801660000000002], [76.98126, 19.803720000000002], [76.98230000000001, 19.81069], [76.98752, 19.81163], [76.99343, 19.812800000000003], [77.00355, 19.803910000000002], [76.99986000000001, 19.800880000000003]]]}}, {"id": "467", "type": "Feature", "properties": {"village_name": "Giroli", "vil_lgd": 545979, "district_name": "Hingoli", "dist_lgd": 477, "subdistrict_name": "Hingoli", "sdcode": 4112, "block_name": "Hingoli", "block_lgd": 163, "gp_name": "", "state_name": "MAHARASHTRA", "state_lgd": 27, "population": 493, "households": 98}, "geometry": {"type": "Polygon", "coordinates": [[[76.99723, 19.79006], [77.00200000000001, 19.788410000000002], [77.00399, 19.785870000000003], [77.00208, 19.77925], [77.00141, 19.76971], [77.00191000000001, 19.76482], [76.99650000000001, 19.76256], [76.99121000000001, 19.765430000000002], [76.98707, 19.768990000000002], [76.98156, 19.777810000000002], [76.97953000000001, 19.78509], [76.98010000000001, 19.78809], [76.98394, 19.79315], [76.9873, 19.791150000000002], [76.99078, 19.790290000000002], [76.99723, 19.79006]]]}}, {"id": "468", "type": "Feature", "properties": {"village_name": "Sarkali", "vil_lgd": 545978, "district_name": "Hingoli", "dist_lgd": 477, "subdistrict_name": "Hingoli", "sdcode": 4112, "block_name": "Hingoli", "block_lgd": 163, "gp_name": "", "state_name": "MAHARASHTRA", "state_lgd": 27, "population": 955, "households": 195}, "geometry": {"type": "Polygon", "coordinates": [[[76.97953000000001, 19.78509], [76.98156, 19.777810000000002], [76.98707, 19.768990000000002], [76.97913000000001, 19.769080000000002], [76.97357000000001, 19.77033], [76.95215, 19.777150000000002], [76.9534, 19.785510000000002], [76.95676, 19.79051], [76.97189, 19.78966], [76.98010000000001, 19.78809], [76.97953000000001, 19.78509]]]}}, {"id": "469", "type": "Feature", "properties": {"village_name": "Hatta Tanda", "vil_lgd": 545747, "district_name": "Hingoli", "dist_lgd": 477, "subdistrict_name": "Sengaon", "sdcode": 4111, "block_name": "Sengaon", "block_lgd": 162, "gp_name": "", "state_name": "MAHARASHTRA", "state_lgd": 27, "population": 317, "households": 77}, "geometry": {"type": "Polygon", "coordinates": [[[76.79375, 19.7526], [76.78905, 19.75392], [76.77226, 19.758390000000002], [76.77451, 19.763530000000003], [76.77747000000001, 19.774240000000002], [76.79283000000001, 19.76996], [76.79439, 19.767680000000002], [76.79496, 19.759500000000003], [76.79375, 19.7526]]]}}, {"id": "470", "type": "Feature", "properties": {"village_name": "Barada", "vil_lgd": 545815, "district_name": "Hingoli", "dist_lgd": 477, "subdistrict_name": "Sengaon", "sdcode": 4111, "block_name": "Sengaon", "block_lgd": 162, "gp_name": "", "state_name": "MAHARASHTRA", "state_lgd": 27, "population": 561, "households": 106}, "geometry": {"type": "Polygon", "coordinates": [[[76.90089, 19.772730000000003], [76.89344000000001, 19.760620000000003], [76.89218000000001, 19.76069], [76.88593, 19.76444], [76.87776000000001, 19.76573], [76.87186000000001, 19.76519], [76.87176000000001, 19.773190000000003], [76.87750000000001, 19.77682], [76.88656, 19.776880000000002], [76.89122, 19.779040000000002], [76.89923, 19.779300000000003], [76.90089, 19.772730000000003]]]}}, {"id": "471", "type": "Feature", "properties": {"village_name": "Pusegaon", "vil_lgd": 545822, "district_name": "Hingoli", "dist_lgd": 477, "subdistrict_name": "Sengaon", "sdcode": 4111, "block_name": "Sengaon", "block_lgd": 162, "gp_name": "", "state_name": "MAHARASHTRA", "state_lgd": 27, "population": 6004, "households": 1124}, "geometry": {"type": "Polygon", "coordinates": [[[76.95500000000001, 19.76639], [76.96148000000001, 19.76097], [76.95745000000001, 19.754550000000002], [76.95385, 19.74614], [76.95299, 19.74201], [76.95364000000001, 19.738010000000003], [76.95483, 19.73573], [76.93786, 19.722990000000003], [76.92482000000001, 19.72098], [76.92344, 19.73037], [76.92354, 19.73646], [76.92503, 19.7386], [76.92897, 19.740750000000002], [76.92988000000001, 19.74268], [76.92876000000001, 19.76952], [76.92936, 19.772170000000003], [76.93023000000001, 19.77542], [76.93289, 19.78022], [76.93282, 19.78218], [76.9411, 19.780880000000003], [76.95215, 19.777150000000002], [76.95500000000001, 19.76639]]]}}, {"id": "472", "type": "Feature", "properties": {"village_name": "Chikhalagar", "vil_lgd": 545827, "district_name": "Hingoli", "dist_lgd": 477, "subdistrict_name": "Sengaon", "sdcode": 4111, "block_name": "Sengaon", "block_lgd": 162, "gp_name": "", "state_name": "MAHARASHTRA", "state_lgd": 27, "population": 1013, "households": 229}, "geometry": {"type": "Polygon", "coordinates": [[[76.82494000000001, 19.72134], [76.82326, 19.71319], [76.81619, 19.70578], [76.81502, 19.70232], [76.80081000000001, 19.70663], [76.79929000000001, 19.70918], [76.79793000000001, 19.709100000000003], [76.79905000000001, 19.721970000000002], [76.79928000000001, 19.730430000000002], [76.80116000000001, 19.736420000000003], [76.80409, 19.739320000000003], [76.81316000000001, 19.742900000000002], [76.81514, 19.73796], [76.82024000000001, 19.73289], [76.82353, 19.72662], [76.82494000000001, 19.72134]]]}}, {"id": "473", "type": "Feature", "properties": {"village_name": "Khudaj", "vil_lgd": 545823, "district_name": "Hingoli", "dist_lgd": 477, "subdistrict_name": "Sengaon", "sdcode": 4111, "block_name": "Sengaon", "block_lgd": 162, "gp_name": "", "state_name": "MAHARASHTRA", "state_lgd": 27, "population": 3271, "households": 620}, "geometry": {"type": "Polygon", "coordinates": [[[76.92876000000001, 19.76952], [76.92988000000001, 19.74268], [76.92897, 19.740750000000002], [76.92503, 19.7386], [76.92354, 19.73646], [76.92344, 19.73037], [76.92482000000001, 19.72098], [76.91939, 19.71261], [76.91248, 19.71432], [76.90660000000001, 19.71449], [76.90746, 19.71648], [76.90504, 19.726200000000002], [76.90526000000001, 19.734990000000003], [76.90411, 19.74013], [76.89720000000001, 19.74887], [76.89488, 19.749630000000003], [76.89191000000001, 19.75213], [76.89196000000001, 19.757260000000002], [76.89344000000001, 19.760620000000003], [76.90089, 19.772730000000003], [76.90235000000001, 19.77119], [76.90698, 19.769180000000002], [76.91316, 19.76967], [76.91953000000001, 19.77408], [76.91897, 19.776130000000002], [76.92936, 19.772170000000003], [76.92876000000001, 19.76952]]]}}, {"id": "474", "type": "Feature", "properties": {"village_name": "Warud Kaji", "vil_lgd": 545821, "district_name": "Hingoli", "dist_lgd": 477, "subdistrict_name": "Sengaon", "sdcode": 4111, "block_name": "Sengaon", "block_lgd": 162, "gp_name": "", "state_name": "MAHARASHTRA", "state_lgd": 27, "population": 434, "households": 89}, "geometry": {"type": "Polygon", "coordinates": [[[76.95483, 19.73573], [76.95364000000001, 19.738010000000003], [76.95299, 19.74201], [76.95385, 19.74614], [76.95745000000001, 19.754550000000002], [76.96148000000001, 19.76097], [76.95500000000001, 19.76639], [76.95215, 19.777150000000002], [76.97357000000001, 19.77033], [76.97366000000001, 19.763090000000002], [76.97224, 19.758010000000002], [76.9684, 19.750590000000003], [76.95977, 19.73929], [76.95483, 19.73573]]]}}, {"id": "475", "type": "Feature", "properties": {"village_name": "Wad Hiwara", "vil_lgd": 545826, "district_name": "Hingoli", "dist_lgd": 477, "subdistrict_name": "Sengaon", "sdcode": 4111, "block_name": "Sengaon", "block_lgd": 162, "gp_name": "", "state_name": "MAHARASHTRA", "state_lgd": 27, "population": 877, "households": 185}, "geometry": {"type": "Polygon", "coordinates": [[[76.83764000000001, 19.721610000000002], [76.83395, 19.72456], [76.82944, 19.72624], [76.82353, 19.72662], [76.82024000000001, 19.73289], [76.81514, 19.73796], [76.81316000000001, 19.742900000000002], [76.82026, 19.746170000000003], [76.82728, 19.75131], [76.83118, 19.75776], [76.8324, 19.76161], [76.85234000000001, 19.76181], [76.84368, 19.735310000000002], [76.84356000000001, 19.72906], [76.84054, 19.726020000000002], [76.83764000000001, 19.721610000000002]]]}}, {"id": "476", "type": "Feature", "properties": {"village_name": "Lingdari", "vil_lgd": 545824, "district_name": "Hingoli", "dist_lgd": 477, "subdistrict_name": "Sengaon", "sdcode": 4111, "block_name": "Sengaon", "block_lgd": 162, "gp_name": "", "state_name": "MAHARASHTRA", "state_lgd": 27, "population": 762, "households": 152}, "geometry": {"type": "Polygon", "coordinates": [[[76.89196000000001, 19.757260000000002], [76.89191000000001, 19.75213], [76.88688, 19.750410000000002], [76.88292000000001, 19.747580000000003], [76.87862000000001, 19.74696], [76.86485, 19.750230000000002], [76.86131, 19.75906], [76.86714, 19.762980000000002], [76.87186000000001, 19.76519], [76.87776000000001, 19.76573], [76.88593, 19.76444], [76.89218000000001, 19.76069], [76.89344000000001, 19.760620000000003], [76.89196000000001, 19.757260000000002]]]}}, {"id": "477", "type": "Feature", "properties": {"village_name": "Tandulwadi", "vil_lgd": 545749, "district_name": "Hingoli", "dist_lgd": 477, "subdistrict_name": "Sengaon", "sdcode": 4111, "block_name": "Sengaon", "block_lgd": 162, "gp_name": "", "state_name": "MAHARASHTRA", "state_lgd": 27, "population": 748, "households": 151}, "geometry": {"type": "Polygon", "coordinates": [[[76.80871, 19.75093], [76.81121, 19.747880000000002], [76.81316000000001, 19.742900000000002], [76.80409, 19.739320000000003], [76.80116000000001, 19.736420000000003], [76.79928000000001, 19.730430000000002], [76.79905000000001, 19.721970000000002], [76.78877, 19.724490000000003], [76.78613, 19.72917], [76.7857, 19.7317], [76.78343000000001, 19.732750000000003], [76.78541000000001, 19.740370000000002], [76.78905, 19.75392], [76.79375, 19.7526], [76.80871, 19.75093]]]}}, {"id": "478", "type": "Feature", "properties": {"village_name": "Jamb Andh", "vil_lgd": 545825, "district_name": "Hingoli", "dist_lgd": 477, "subdistrict_name": "Sengaon", "sdcode": 4111, "block_name": "Sengaon", "block_lgd": 162, "gp_name": "", "state_name": "MAHARASHTRA", "state_lgd": 27, "population": 1111, "households": 207}, "geometry": {"type": "Polygon", "coordinates": [[[76.86485, 19.750230000000002], [76.86469000000001, 19.74518], [76.86198, 19.738940000000003], [76.85170000000001, 19.727880000000003], [76.84682000000001, 19.72953], [76.84356000000001, 19.72906], [76.84368, 19.735310000000002], [76.85234000000001, 19.76181], [76.85885, 19.760930000000002], [76.86110000000001, 19.76022], [76.86131, 19.75906], [76.86485, 19.750230000000002]]]}}, {"id": "479", "type": "Feature", "properties": {"village_name": "Yeldari", "vil_lgd": 545742, "district_name": "Hingoli", "dist_lgd": 477, "subdistrict_name": "Sengaon", "sdcode": 4111, "block_name": "Sengaon", "block_lgd": 162, "gp_name": "", "state_name": "MAHARASHTRA", "state_lgd": 27, "population": 561, "households": 99}, "geometry": {"type": "Polygon", "coordinates": [[[76.75598000000001, 19.725350000000002], [76.76084, 19.71133], [76.76101000000001, 19.70557], [76.75864, 19.704510000000003], [76.754, 19.70013], [76.75206, 19.705260000000003], [76.74448000000001, 19.70887], [76.74176, 19.71282], [76.74609000000001, 19.725610000000003], [76.74617, 19.72822], [76.74351, 19.731800000000003], [76.7393, 19.73367], [76.7579, 19.737080000000002], [76.75604000000001, 19.727510000000002], [76.75598000000001, 19.725350000000002]]]}}, {"id": "480", "type": "Feature", "properties": {"village_name": "Gondala", "vil_lgd": 545833, "district_name": "Hingoli", "dist_lgd": 477, "subdistrict_name": "Sengaon", "sdcode": 4111, "block_name": "Sengaon", "block_lgd": 162, "gp_name": "", "state_name": "MAHARASHTRA", "state_lgd": 27, "population": 1363, "households": 236}, "geometry": {"type": "Polygon", "coordinates": [[[76.90411, 19.74013], [76.90526000000001, 19.734990000000003], [76.90504, 19.726200000000002], [76.88435000000001, 19.7193], [76.87886, 19.724800000000002], [76.87559, 19.732210000000002], [76.86198, 19.738940000000003], [76.86469000000001, 19.74518], [76.86485, 19.750230000000002], [76.87862000000001, 19.74696], [76.88292000000001, 19.747580000000003], [76.88688, 19.750410000000002], [76.89191000000001, 19.75213], [76.89488, 19.749630000000003], [76.89720000000001, 19.74887], [76.90411, 19.74013]]]}}, {"id": "481", "type": "Feature", "properties": {"village_name": "Limbala Amdari", "vil_lgd": 545745, "district_name": "Hingoli", "dist_lgd": 477, "subdistrict_name": "Sengaon", "sdcode": 4111, "block_name": "Sengaon", "block_lgd": 162, "gp_name": "", "state_name": "MAHARASHTRA", "state_lgd": 27, "population": 141, "households": 38}, "geometry": {"type": "Polygon", "coordinates": [[[76.78113, 19.739500000000003], [76.78541000000001, 19.740370000000002], [76.78343000000001, 19.732750000000003], [76.77476, 19.72446], [76.76363, 19.726860000000002], [76.75604000000001, 19.727510000000002], [76.7579, 19.737080000000002], [76.75935000000001, 19.74323], [76.76944, 19.740170000000003], [76.78113, 19.739500000000003]]]}}, {"id": "482", "type": "Feature", "properties": {"village_name": "Paheni", "vil_lgd": 545987, "district_name": "Hingoli", "dist_lgd": 477, "subdistrict_name": "Hingoli", "sdcode": 4112, "block_name": "Hingoli", "block_lgd": 163, "gp_name": "", "state_name": "MAHARASHTRA", "state_lgd": 27, "population": 3134, "households": 617}, "geometry": {"type": "Polygon", "coordinates": [[[76.98468000000001, 19.745690000000003], [76.98304, 19.73928], [76.98267000000001, 19.73365], [76.98289000000001, 19.730780000000003], [76.98610000000001, 19.7206], [76.98579000000001, 19.71882], [76.98485000000001, 19.716150000000003], [76.9779, 19.710420000000003], [76.97244, 19.71009], [76.96737, 19.711940000000002], [76.96491, 19.718510000000002], [76.96338, 19.7241], [76.95709000000001, 19.73384], [76.95483, 19.73573], [76.95977, 19.73929], [76.9684, 19.750590000000003], [76.97519000000001, 19.75046], [76.98279000000001, 19.74753], [76.98468000000001, 19.745690000000003]]]}}, {"id": "483", "type": "Feature", "properties": {"village_name": "Vaijapur", "vil_lgd": 545986, "district_name": "Hingoli", "dist_lgd": 477, "subdistrict_name": "Hingoli", "sdcode": 4112, "block_name": "Hingoli", "block_lgd": 163, "gp_name": "", "state_name": "MAHARASHTRA", "state_lgd": 27, "population": 1007, "households": 179}, "geometry": {"type": "Polygon", "coordinates": [[[77.00213000000001, 19.718380000000003], [76.9967, 19.718400000000003], [76.98579000000001, 19.71882], [76.98610000000001, 19.7206], [76.98289000000001, 19.730780000000003], [76.98267000000001, 19.73365], [76.98304, 19.73928], [76.98468000000001, 19.745690000000003], [76.98672, 19.74662], [76.9889, 19.74934], [76.99546000000001, 19.74886], [76.99912, 19.74621], [77.00075000000001, 19.743660000000002], [77.00213000000001, 19.72634], [77.00213000000001, 19.718380000000003]]]}}, {"id": "484", "type": "Feature", "properties": {"village_name": "Jamdaya", "vil_lgd": 545832, "district_name": "Hingoli", "dist_lgd": 477, "subdistrict_name": "Sengaon", "sdcode": 4111, "block_name": "Sengaon", "block_lgd": 162, "gp_name": "", "state_name": "MAHARASHTRA", "state_lgd": 27, "population": 1366, "households": 245}, "geometry": {"type": "Polygon", "coordinates": [[[76.88439000000001, 19.716880000000003], [76.88300000000001, 19.71459], [76.88278000000001, 19.712400000000002], [76.87148, 19.703370000000003], [76.86643000000001, 19.705460000000002], [76.85903, 19.707870000000003], [76.8558, 19.709870000000002], [76.85442, 19.721], [76.85170000000001, 19.727880000000003], [76.86198, 19.738940000000003], [76.87559, 19.732210000000002], [76.87886, 19.724800000000002], [76.88435000000001, 19.7193], [76.88439000000001, 19.716880000000003]]]}}, {"id": "485", "type": "Feature", "properties": {"village_name": "Limbala Hudi", "vil_lgd": 545830, "district_name": "Hingoli", "dist_lgd": 477, "subdistrict_name": "Sengaon", "sdcode": 4111, "block_name": "Sengaon", "block_lgd": 162, "gp_name": "", "state_name": "MAHARASHTRA", "state_lgd": 27, "population": 597, "households": 123}, "geometry": {"type": "Polygon", "coordinates": [[[76.84181000000001, 19.701600000000003], [76.83985000000001, 19.6995], [76.83649000000001, 19.69913], [76.83149, 19.70026], [76.82443, 19.70249], [76.81847, 19.70589], [76.81619, 19.70578], [76.82326, 19.71319], [76.82494000000001, 19.72134], [76.82353, 19.72662], [76.82944, 19.72624], [76.83395, 19.72456], [76.83764000000001, 19.721610000000002], [76.83924, 19.71056], [76.84181000000001, 19.701600000000003]]]}}, {"id": "486", "type": "Feature", "properties": {"village_name": "Bodkha", "vil_lgd": 545750, "district_name": "Hingoli", "dist_lgd": 477, "subdistrict_name": "Sengaon", "sdcode": 4111, "block_name": "Sengaon", "block_lgd": 162, "gp_name": "", "state_name": "MAHARASHTRA", "state_lgd": 27, "population": 502, "households": 107}, "geometry": {"type": "Polygon", "coordinates": [[[76.79793000000001, 19.709100000000003], [76.79677000000001, 19.69416], [76.78721, 19.69237], [76.78625000000001, 19.69621], [76.78426, 19.69866], [76.79132000000001, 19.71927], [76.78877, 19.724490000000003], [76.79905000000001, 19.721970000000002], [76.79793000000001, 19.709100000000003]]]}}, {"id": "487", "type": "Feature", "properties": {"village_name": "Hudi", "vil_lgd": 545831, "district_name": "Hingoli", "dist_lgd": 477, "subdistrict_name": "Sengaon", "sdcode": 4111, "block_name": "Sengaon", "block_lgd": 162, "gp_name": "", "state_name": "MAHARASHTRA", "state_lgd": 27, "population": 516, "households": 96}, "geometry": {"type": "Polygon", "coordinates": [[[76.85442, 19.721], [76.8558, 19.709870000000002], [76.85174, 19.70644], [76.85075, 19.704690000000003], [76.83985000000001, 19.6995], [76.84181000000001, 19.701600000000003], [76.83924, 19.71056], [76.83764000000001, 19.721610000000002], [76.84054, 19.726020000000002], [76.84356000000001, 19.72906], [76.84682000000001, 19.72953], [76.85170000000001, 19.727880000000003], [76.85442, 19.721]]]}}, {"id": "488", "type": "Feature", "properties": {"village_name": "Atharwadi", "vil_lgd": 545988, "district_name": "Hingoli", "dist_lgd": 477, "subdistrict_name": "Hingoli", "sdcode": 4112, "block_name": "Hingoli", "block_lgd": 163, "gp_name": "", "state_name": "MAHARASHTRA", "state_lgd": 27, "population": 701, "households": 138}, "geometry": {"type": "Polygon", "coordinates": [[[76.96737, 19.711940000000002], [76.96224000000001, 19.71497], [76.94713, 19.715850000000003], [76.94197000000001, 19.71742], [76.93786, 19.722990000000003], [76.95483, 19.73573], [76.95709000000001, 19.73384], [76.96338, 19.7241], [76.96491, 19.718510000000002], [76.96737, 19.711940000000002]]]}}, {"id": "489", "type": "Feature", "properties": {"village_name": "Khillar", "vil_lgd": 545835, "district_name": "Hingoli", "dist_lgd": 477, "subdistrict_name": "Sengaon", "sdcode": 4111, "block_name": "Sengaon", "block_lgd": 162, "gp_name": "", "state_name": "MAHARASHTRA", "state_lgd": 27, "population": 1094, "households": 211}, "geometry": {"type": "Polygon", "coordinates": [[[76.88399000000001, 19.680030000000002], [76.87673000000001, 19.68309], [76.87377000000001, 19.686890000000002], [76.8708, 19.688860000000002], [76.87148, 19.703370000000003], [76.88278000000001, 19.712400000000002], [76.88300000000001, 19.71459], [76.88439000000001, 19.716880000000003], [76.88435000000001, 19.7193], [76.90504, 19.726200000000002], [76.90746, 19.71648], [76.90660000000001, 19.71449], [76.90109000000001, 19.70511], [76.88398000000001, 19.682450000000003], [76.88399000000001, 19.680030000000002]]]}}, {"id": "490", "type": "Feature", "properties": {"village_name": "Chinchkheda", "vil_lgd": 545743, "district_name": "Hingoli", "dist_lgd": 477, "subdistrict_name": "Sengaon", "sdcode": 4111, "block_name": "Sengaon", "block_lgd": 162, "gp_name": "", "state_name": "MAHARASHTRA", "state_lgd": 27, "population": 710, "households": 137}, "geometry": {"type": "Polygon", "coordinates": [[[76.77344000000001, 19.693620000000003], [76.7716, 19.68568], [76.76804000000001, 19.68391], [76.76311000000001, 19.68421], [76.76034, 19.68635], [76.75491000000001, 19.696640000000002], [76.754, 19.70013], [76.75864, 19.704510000000003], [76.76101000000001, 19.70557], [76.76790000000001, 19.70512], [76.77102000000001, 19.705900000000003], [76.77122, 19.70524], [76.77344000000001, 19.693620000000003]]]}}, {"id": "491", "type": "Feature", "properties": {"village_name": "Jamrun Andh", "vil_lgd": 545989, "district_name": "Hingoli", "dist_lgd": 477, "subdistrict_name": "Hingoli", "sdcode": 4112, "block_name": "Hingoli", "block_lgd": 163, "gp_name": "", "state_name": "MAHARASHTRA", "state_lgd": 27, "population": 1904, "households": 366}, "geometry": {"type": "Polygon", "coordinates": [[[76.96224000000001, 19.71497], [76.96737, 19.711940000000002], [76.96825000000001, 19.70783], [76.96591000000001, 19.70176], [76.96169, 19.69687], [76.96149000000001, 19.68982], [76.95288000000001, 19.6858], [76.94600000000001, 19.6842], [76.93992, 19.68173], [76.93061, 19.67488], [76.91972000000001, 19.691650000000003], [76.91833000000001, 19.71046], [76.91939, 19.71261], [76.92482000000001, 19.72098], [76.93786, 19.722990000000003], [76.94197000000001, 19.71742], [76.94713, 19.715850000000003], [76.96224000000001, 19.71497]]]}}, {"id": "492", "type": "Feature", "properties": {"village_name": "Bramhawadi", "vil_lgd": 545829, "district_name": "Hingoli", "dist_lgd": 477, "subdistrict_name": "Sengaon", "sdcode": 4111, "block_name": "Sengaon", "block_lgd": 162, "gp_name": "", "state_name": "MAHARASHTRA", "state_lgd": 27, "population": 1714, "households": 325}, "geometry": {"type": "Polygon", "coordinates": [[[76.81546, 19.695980000000002], [76.82521000000001, 19.68777], [76.82792, 19.68173], [76.82917, 19.675500000000003], [76.82678, 19.67113], [76.82446, 19.669120000000003], [76.82021, 19.66769], [76.81674000000001, 19.67067], [76.81293000000001, 19.68042], [76.81006000000001, 19.682180000000002], [76.80924, 19.68157], [76.79857000000001, 19.690820000000002], [76.79677000000001, 19.69416], [76.79793000000001, 19.709100000000003], [76.79929000000001, 19.70918], [76.80081000000001, 19.70663], [76.81502, 19.70232], [76.81546, 19.695980000000002]]]}}, {"id": "493", "type": "Feature", "properties": {"village_name": "Hanakdari", "vil_lgd": 545834, "district_name": "Hingoli", "dist_lgd": 477, "subdistrict_name": "Sengaon", "sdcode": 4111, "block_name": "Sengaon", "block_lgd": 162, "gp_name": "", "state_name": "MAHARASHTRA", "state_lgd": 27, "population": 721, "households": 124}, "geometry": {"type": "Polygon", "coordinates": [[[76.91833000000001, 19.71046], [76.91972000000001, 19.691650000000003], [76.91168, 19.687600000000003], [76.90226000000001, 19.679920000000003], [76.89132000000001, 19.66863], [76.89008000000001, 19.666330000000002], [76.88399000000001, 19.680030000000002], [76.88398000000001, 19.682450000000003], [76.90109000000001, 19.70511], [76.90660000000001, 19.71449], [76.91248, 19.71432], [76.91939, 19.71261], [76.91833000000001, 19.71046]]]}}, {"id": "494", "type": "Feature", "properties": {"village_name": "Umardari", "vil_lgd": 545836, "district_name": "Hingoli", "dist_lgd": 477, "subdistrict_name": "Sengaon", "sdcode": 4111, "block_name": "Sengaon", "block_lgd": 162, "gp_name": "", "state_name": "MAHARASHTRA", "state_lgd": 27, "population": 433, "households": 80}, "geometry": {"type": "Polygon", "coordinates": [[[76.87148, 19.703370000000003], [76.8708, 19.688860000000002], [76.869, 19.689300000000003], [76.86746000000001, 19.68656], [76.86246000000001, 19.681630000000002], [76.85289, 19.70267], [76.85163, 19.70493], [76.85075, 19.704690000000003], [76.85174, 19.70644], [76.8558, 19.709870000000002], [76.85903, 19.707870000000003], [76.86643000000001, 19.705460000000002], [76.87148, 19.703370000000003]]]}}, {"id": "495", "type": "Feature", "properties": {"village_name": "Nagzari", "vil_lgd": 545994, "district_name": "Hingoli", "dist_lgd": 477, "subdistrict_name": "Aundha (Nagnath)", "sdcode": 4113, "block_name": "Aundha (Nagnath)", "block_lgd": 164, "gp_name": "", "state_name": "MAHARASHTRA", "state_lgd": 27, "population": 781, "households": 168}, "geometry": {"type": "Polygon", "coordinates": [[[76.99636000000001, 19.713800000000003], [76.99714, 19.7058], [76.99185, 19.70109], [76.99006, 19.689230000000002], [76.98055000000001, 19.690820000000002], [76.96591000000001, 19.70176], [76.96825000000001, 19.70783], [76.96737, 19.711940000000002], [76.97244, 19.71009], [76.9779, 19.710420000000003], [76.98485000000001, 19.716150000000003], [76.98579000000001, 19.71882], [76.9967, 19.718400000000003], [76.99636000000001, 19.713800000000003]]]}}, {"id": "496", "type": "Feature", "properties": {"village_name": "Pazar Tanda", "vil_lgd": 545995, "district_name": "Hingoli", "dist_lgd": 477, "subdistrict_name": "Aundha (Nagnath)", "sdcode": 4113, "block_name": "Aundha (Nagnath)", "block_lgd": 164, "gp_name": "", "state_name": "MAHARASHTRA", "state_lgd": 27, "population": 972, "households": 184}, "geometry": {"type": "Polygon", "coordinates": [[[76.97939000000001, 19.68447], [76.96091000000001, 19.678810000000002], [76.95801, 19.6796], [76.96149000000001, 19.68982], [76.96169, 19.69687], [76.96591000000001, 19.70176], [76.98055000000001, 19.690820000000002], [76.99006, 19.689230000000002], [76.97939000000001, 19.68447]]]}}, {"id": "497", "type": "Feature", "properties": {"village_name": "Dhanora Banjara", "vil_lgd": 545712, "district_name": "Hingoli", "dist_lgd": 477, "subdistrict_name": "Sengaon", "sdcode": 4111, "block_name": "Sengaon", "block_lgd": 162, "gp_name": "", "state_name": "MAHARASHTRA", "state_lgd": 27, "population": 1029, "households": 204}, "geometry": {"type": "Polygon", "coordinates": [[[76.62691000000001, 19.829620000000002], [76.62673000000001, 19.82468], [76.62223, 19.817130000000002], [76.61206, 19.80836], [76.60832, 19.80722], [76.60657, 19.81267], [76.60194000000001, 19.819090000000003], [76.59718000000001, 19.82251], [76.59497, 19.82299], [76.60213, 19.837880000000002], [76.60024, 19.84178], [76.60148000000001, 19.842950000000002], [76.60541, 19.841600000000003], [76.61007000000001, 19.83742], [76.61940000000001, 19.84128], [76.61930000000001, 19.842190000000002], [76.62419000000001, 19.844530000000002], [76.6255, 19.842380000000002], [76.62457, 19.84166], [76.62484, 19.83904], [76.62691000000001, 19.829620000000002]]]}}, {"id": "498", "type": "Feature", "properties": {"village_name": "Kapadsingi", "vil_lgd": 545713, "district_name": "Hingoli", "dist_lgd": 477, "subdistrict_name": "Sengaon", "sdcode": 4111, "block_name": "Sengaon", "block_lgd": 162, "gp_name": "", "state_name": "MAHARASHTRA", "state_lgd": 27, "population": 2325, "households": 415}, "geometry": {"type": "Polygon", "coordinates": [[[76.65046000000001, 19.863840000000003], [76.65357, 19.861530000000002], [76.65454000000001, 19.85741], [76.66576, 19.8505], [76.66906, 19.84953], [76.67381, 19.84944], [76.67979000000001, 19.846860000000003], [76.68266000000001, 19.848190000000002], [76.68445000000001, 19.851390000000002], [76.68493000000001, 19.84117], [76.68616, 19.839100000000002], [76.67956000000001, 19.81602], [76.66318000000001, 19.812140000000003], [76.63223, 19.81435], [76.62397, 19.816000000000003], [76.62223, 19.817130000000002], [76.62673000000001, 19.82468], [76.62691000000001, 19.829620000000002], [76.62484, 19.83904], [76.62457, 19.84166], [76.6255, 19.842380000000002], [76.62419000000001, 19.844530000000002], [76.63031000000001, 19.85894], [76.6332, 19.86823], [76.63499, 19.86871], [76.64785, 19.86768], [76.65046000000001, 19.863840000000003]]]}}, {"id": "499", "type": "Feature", "properties": {"village_name": "Diggi", "vil_lgd": 546121, "district_name": "Hingoli", "dist_lgd": 477, "subdistrict_name": "Kalamnuri", "sdcode": 4114, "block_name": "Kalamnuri", "block_lgd": 165, "gp_name": "", "state_name": "MAHARASHTRA", "state_lgd": 27, "population": 305, "households": 69}, "geometry": {"type": "Polygon", "coordinates": [[[77.35749000000001, 19.756], [77.35806000000001, 19.743260000000003], [77.34920000000001, 19.745440000000002], [77.33967000000001, 19.75043], [77.33634, 19.75084], [77.33805000000001, 19.75421], [77.3395, 19.76218], [77.34174, 19.762240000000002], [77.35145, 19.76631], [77.35749000000001, 19.756]]]}}, {"id": "500", "type": "Feature", "properties": {"village_name": "Batwadi", "vil_lgd": 545776, "district_name": "Hingoli", "dist_lgd": 477, "subdistrict_name": "Sengaon", "sdcode": 4111, "block_name": "Sengaon", "block_lgd": 162, "gp_name": "", "state_name": "MAHARASHTRA", "state_lgd": 27, "population": 1115, "households": 217}, "geometry": {"type": "Polygon", "coordinates": [[[76.96098, 19.95623], [76.95313, 19.93868], [76.94834, 19.94182], [76.94762, 19.94425], [76.94074, 19.94791], [76.93749000000001, 19.952630000000003], [76.94026000000001, 19.95552], [76.94120000000001, 19.957800000000002], [76.94575, 19.95709], [76.96098, 19.95623]]]}}, {"id": "501", "type": "Feature", "properties": {"village_name": "Kendra Bk", "vil_lgd": 545794, "district_name": "Hingoli", "dist_lgd": 477, "subdistrict_name": "Sengaon", "sdcode": 4111, "block_name": "Sengaon", "block_lgd": 162, "gp_name": "", "state_name": "MAHARASHTRA", "state_lgd": 27, "population": 2368, "households": 508}, "geometry": {"type": "Polygon", "coordinates": [[[76.98901000000001, 19.951780000000003], [76.99916, 19.94782], [76.99489000000001, 19.940350000000002], [76.98635, 19.93644], [76.98361000000001, 19.934260000000002], [76.98238, 19.93559], [76.97616000000001, 19.93793], [76.96764, 19.937730000000002], [76.96374, 19.937130000000003], [76.96001000000001, 19.93534], [76.95727000000001, 19.93064], [76.95636, 19.93136], [76.95284000000001, 19.93164], [76.95098, 19.930760000000003], [76.95313, 19.93868], [76.96098, 19.95623], [76.97116000000001, 19.95522], [76.98901000000001, 19.951780000000003]]]}}, {"id": "502", "type": "Feature", "properties": {"village_name": "Maharkheda", "vil_lgd": 545778, "district_name": "Hingoli", "dist_lgd": 477, "subdistrict_name": "Sengaon", "sdcode": 4111, "block_name": "Sengaon", "block_lgd": 162, "gp_name": "", "state_name": "MAHARASHTRA", "state_lgd": 27, "population": 548, "households": 92}, "geometry": {"type": "Polygon", "coordinates": [[[76.97615, 19.97603], [76.97523000000001, 19.97765], [76.96628000000001, 19.982300000000002], [76.96159, 19.985670000000002], [76.96165, 19.98739], [76.97221, 19.99631], [76.98826000000001, 19.99781], [76.99115, 19.99867], [76.99231, 19.996750000000002], [76.99119, 19.98712], [76.98879000000001, 19.98271], [76.97615, 19.97603]]]}}, {"id": "503", "type": "Feature", "properties": {"village_name": "Mannas Pimpari", "vil_lgd": 545777, "district_name": "Hingoli", "dist_lgd": 477, "subdistrict_name": "Sengaon", "sdcode": 4111, "block_name": "Sengaon", "block_lgd": 162, "gp_name": "", "state_name": "MAHARASHTRA", "state_lgd": 27, "population": 1907, "households": 387}, "geometry": {"type": "Polygon", "coordinates": [[[76.97908000000001, 19.97257], [76.97758, 19.96883], [76.97067000000001, 19.957310000000003], [76.97116000000001, 19.95522], [76.96098, 19.95623], [76.94575, 19.95709], [76.94120000000001, 19.957800000000002], [76.9427, 19.96317], [76.94283, 19.969240000000003], [76.94394000000001, 19.97418], [76.95095, 19.985570000000003], [76.95689, 19.985950000000003], [76.96165, 19.98739], [76.96159, 19.985670000000002], [76.96628000000001, 19.982300000000002], [76.97523000000001, 19.97765], [76.97615, 19.97603], [76.97908000000001, 19.97257]]]}}, {"id": "504", "type": "Feature", "properties": {"village_name": "Walana", "vil_lgd": 545775, "district_name": "Hingoli", "dist_lgd": 477, "subdistrict_name": "Sengaon", "sdcode": 4111, "block_name": "Sengaon", "block_lgd": 162, "gp_name": "", "state_name": "MAHARASHTRA", "state_lgd": 27, "population": 2083, "households": 449}, "geometry": {"type": "Polygon", "coordinates": [[[76.94026000000001, 19.95552], [76.93749000000001, 19.952630000000003], [76.92829, 19.949330000000003], [76.90864, 19.94798], [76.89929000000001, 19.950960000000002], [76.89965000000001, 19.952620000000003], [76.90045, 19.96383], [76.91229000000001, 19.968660000000003], [76.91994000000001, 19.97295], [76.92213000000001, 19.9755], [76.92566000000001, 19.97727], [76.93293000000001, 19.97877], [76.94340000000001, 19.98308], [76.94397000000001, 19.98498], [76.95095, 19.985570000000003], [76.94394000000001, 19.97418], [76.94283, 19.969240000000003], [76.9427, 19.96317], [76.94120000000001, 19.957800000000002], [76.94026000000001, 19.95552]]]}}, {"id": "505", "type": "Feature", "properties": {"village_name": "Hiwara Najik Maharkheda", "vil_lgd": 545792, "district_name": "Hingoli", "dist_lgd": 477, "subdistrict_name": "Sengaon", "sdcode": 4111, "block_name": "Sengaon", "block_lgd": 162, "gp_name": "", "state_name": "MAHARASHTRA", "state_lgd": 27, "population": 837, "households": 182}, "geometry": {"type": "Polygon", "coordinates": [[[77.00026000000001, 19.96505], [76.99157000000001, 19.96734], [76.97758, 19.96883], [76.97908000000001, 19.97257], [76.97615, 19.97603], [76.98879000000001, 19.98271], [76.99453000000001, 19.981540000000003], [77.00071000000001, 19.97905], [77.00718, 19.973660000000002], [77.00756000000001, 19.9721], [77.00118, 19.96668], [77.00026000000001, 19.96505]]]}}, {"id": "506", "type": "Feature", "properties": {"village_name": "Shegaon", "vil_lgd": 545753, "district_name": "Hingoli", "dist_lgd": 477, "subdistrict_name": "Sengaon", "sdcode": 4111, "block_name": "Sengaon", "block_lgd": 162, "gp_name": "", "state_name": "MAHARASHTRA", "state_lgd": 27, "population": 1820, "households": 378}, "geometry": {"type": "Polygon", "coordinates": [[[76.857, 19.961910000000003], [76.87179, 19.95782], [76.87252000000001, 19.954400000000003], [76.87852000000001, 19.95352], [76.87061, 19.946340000000003], [76.86254000000001, 19.93663], [76.85642, 19.936230000000002], [76.82594, 19.93803], [76.83022000000001, 19.94751], [76.83237000000001, 19.955250000000003], [76.83589, 19.96251], [76.83748, 19.963800000000003], [76.83869, 19.963630000000002], [76.857, 19.961910000000003]]]}}, {"id": "507", "type": "Feature", "properties": {"village_name": "Kendra Kh", "vil_lgd": 545793, "district_name": "Hingoli", "dist_lgd": 477, "subdistrict_name": "Sengaon", "sdcode": 4111, "block_name": "Sengaon", "block_lgd": 162, "gp_name": "", "state_name": "MAHARASHTRA", "state_lgd": 27, "population": 1361, "households": 294}, "geometry": {"type": "Polygon", "coordinates": [[[76.99916, 19.94782], [76.98901000000001, 19.951780000000003], [76.97116000000001, 19.95522], [76.97067000000001, 19.957310000000003], [76.97758, 19.96883], [76.99157000000001, 19.96734], [77.00026000000001, 19.96505], [76.99964, 19.96134], [77.00307000000001, 19.95736], [77.00316000000001, 19.95579], [77.00047, 19.94988], [76.99916, 19.94782]]]}}, {"id": "508", "type": "Feature", "properties": {"village_name": "Mhalshi", "vil_lgd": 545754, "district_name": "Hingoli", "dist_lgd": 477, "subdistrict_name": "Sengaon", "sdcode": 4111, "block_name": "Sengaon", "block_lgd": 162, "gp_name": "", "state_name": "MAHARASHTRA", "state_lgd": 27, "population": 1908, "households": 355}, "geometry": {"type": "Polygon", "coordinates": [[[76.88917000000001, 19.93947], [76.88812, 19.932250000000003], [76.88797000000001, 19.92951], [76.88478, 19.9219], [76.87957, 19.915270000000003], [76.87569, 19.91308], [76.86147000000001, 19.912300000000002], [76.86028, 19.913020000000003], [76.85589, 19.92021], [76.8515, 19.92473], [76.85686000000001, 19.92883], [76.86254000000001, 19.93663], [76.87061, 19.946340000000003], [76.87852000000001, 19.95352], [76.89216, 19.95139], [76.89398000000001, 19.94884], [76.88917000000001, 19.93947]]]}}, {"id": "509", "type": "Feature", "properties": {"village_name": "Warkheda", "vil_lgd": 545755, "district_name": "Hingoli", "dist_lgd": 477, "subdistrict_name": "Sengaon", "sdcode": 4111, "block_name": "Sengaon", "block_lgd": 162, "gp_name": "", "state_name": "MAHARASHTRA", "state_lgd": 27, "population": 1324, "households": 258}, "geometry": {"type": "Polygon", "coordinates": [[[76.89929000000001, 19.950960000000002], [76.90864, 19.94798], [76.92829, 19.949330000000003], [76.92497, 19.94208], [76.92073, 19.926000000000002], [76.91695, 19.926460000000002], [76.91444000000001, 19.928330000000003], [76.91249, 19.928590000000003], [76.90492, 19.932540000000003], [76.89492000000001, 19.93353], [76.88812, 19.932250000000003], [76.88917000000001, 19.93947], [76.89398000000001, 19.94884], [76.8953, 19.94874], [76.89826000000001, 19.95297], [76.89965000000001, 19.952620000000003], [76.89929000000001, 19.950960000000002]]]}}, {"id": "510", "type": "Feature", "properties": {"village_name": "Kahakar Bk", "vil_lgd": 545756, "district_name": "Hingoli", "dist_lgd": 477, "subdistrict_name": "Sengaon", "sdcode": 4111, "block_name": "Sengaon", "block_lgd": 162, "gp_name": "", "state_name": "MAHARASHTRA", "state_lgd": 27, "population": 2836, "households": 539}, "geometry": {"type": "Polygon", "coordinates": [[[76.95098, 19.930760000000003], [76.94286000000001, 19.925970000000003], [76.93782, 19.919320000000003], [76.93453000000001, 19.906370000000003], [76.93018000000001, 19.91063], [76.92645, 19.912950000000002], [76.91747000000001, 19.915000000000003], [76.92073, 19.926000000000002], [76.92497, 19.94208], [76.92829, 19.949330000000003], [76.93749000000001, 19.952630000000003], [76.94074, 19.94791], [76.94762, 19.94425], [76.94834, 19.94182], [76.95313, 19.93868], [76.95098, 19.930760000000003]]]}}, {"id": "511", "type": "Feature", "properties": {"village_name": "Khairkheda", "vil_lgd": 545752, "district_name": "Hingoli", "dist_lgd": 477, "subdistrict_name": "Sengaon", "sdcode": 4111, "block_name": "Sengaon", "block_lgd": 162, "gp_name": "", "state_name": "MAHARASHTRA", "state_lgd": 27, "population": 953, "households": 185}, "geometry": {"type": "Polygon", "coordinates": [[[76.85686000000001, 19.92883], [76.8515, 19.92473], [76.84528, 19.921660000000003], [76.83681, 19.920440000000003], [76.82105, 19.92549], [76.8174, 19.929750000000002], [76.82137, 19.929450000000003], [76.82594, 19.93803], [76.85642, 19.936230000000002], [76.86254000000001, 19.93663], [76.85686000000001, 19.92883]]]}}, {"id": "512", "type": "Feature", "properties": {"village_name": "Waghjali", "vil_lgd": 545757, "district_name": "Hingoli", "dist_lgd": 477, "subdistrict_name": "Sengaon", "sdcode": 4111, "block_name": "Sengaon", "block_lgd": 162, "gp_name": "", "state_name": "MAHARASHTRA", "state_lgd": 27, "population": 2561, "households": 488}, "geometry": {"type": "Polygon", "coordinates": [[[76.91747000000001, 19.915000000000003], [76.90685, 19.90604], [76.90021, 19.90339], [76.89253000000001, 19.904850000000003], [76.89236000000001, 19.905810000000002], [76.88212, 19.90772], [76.87957, 19.915270000000003], [76.88478, 19.9219], [76.88797000000001, 19.92951], [76.88812, 19.932250000000003], [76.89492000000001, 19.93353], [76.90492, 19.932540000000003], [76.91249, 19.928590000000003], [76.91444000000001, 19.928330000000003], [76.91695, 19.926460000000002], [76.92073, 19.926000000000002], [76.91747000000001, 19.915000000000003]]]}}, {"id": "513", "type": "Feature", "properties": {"village_name": "Gondankheda", "vil_lgd": 545795, "district_name": "Hingoli", "dist_lgd": 477, "subdistrict_name": "Sengaon", "sdcode": 4111, "block_name": "Sengaon", "block_lgd": 162, "gp_name": "", "state_name": "MAHARASHTRA", "state_lgd": 27, "population": 712, "households": 138}, "geometry": {"type": "Polygon", "coordinates": [[[76.98215, 19.92704], [76.98294, 19.92057], [76.98257000000001, 19.917170000000002], [76.97358000000001, 19.91789], [76.96472, 19.91757], [76.96303, 19.92424], [76.96195, 19.92573], [76.95746000000001, 19.9283], [76.95727000000001, 19.93064], [76.96001000000001, 19.93534], [76.96374, 19.937130000000003], [76.96764, 19.937730000000002], [76.97616000000001, 19.93793], [76.98238, 19.93559], [76.98361000000001, 19.934260000000002], [76.98215, 19.92704]]]}}, {"id": "514", "type": "Feature", "properties": {"village_name": "Belwadi", "vil_lgd": 545951, "district_name": "Hingoli", "dist_lgd": 477, "subdistrict_name": "Hingoli", "sdcode": 4112, "block_name": "Hingoli", "block_lgd": 163, "gp_name": "", "state_name": "MAHARASHTRA", "state_lgd": 27, "population": 591, "households": 93}, "geometry": {"type": "Polygon", "coordinates": [[[77.13588, 19.7239], [77.12962, 19.72387], [77.10659000000001, 19.727880000000003], [77.10745, 19.728830000000002], [77.10745, 19.731650000000002], [77.11460000000001, 19.737160000000003], [77.11702000000001, 19.73535], [77.12261000000001, 19.733020000000003], [77.13031000000001, 19.72754], [77.13588, 19.7239]]]}}, {"id": "515", "type": "Feature", "properties": {"village_name": "Bukanwadi", "vil_lgd": 545950, "district_name": "Hingoli", "dist_lgd": 477, "subdistrict_name": "Hingoli", "sdcode": 4112, "block_name": "Hingoli", "block_lgd": 163, "gp_name": "", "state_name": "MAHARASHTRA", "state_lgd": 27, "population": 0, "households": 0}, "geometry": {"type": "Polygon", "coordinates": [[[77.13858, 19.72303], [77.13588, 19.7239], [77.13031000000001, 19.72754], [77.12261000000001, 19.733020000000003], [77.12497, 19.734740000000002], [77.138, 19.73853], [77.14209000000001, 19.738280000000003], [77.14003000000001, 19.725820000000002], [77.13858, 19.72303]]]}}, {"id": "516", "type": "Feature", "properties": {"village_name": "Kalgaon", "vil_lgd": 545872, "district_name": "Hingoli", "dist_lgd": 477, "subdistrict_name": "Hingoli", "sdcode": 4112, "block_name": "Hingoli", "block_lgd": 163, "gp_name": "", "state_name": "MAHARASHTRA", "state_lgd": 27, "population": 1674, "households": 362}, "geometry": {"type": "Polygon", "coordinates": [[[77.18259, 19.77693], [77.15968000000001, 19.79354], [77.15512000000001, 19.797250000000002], [77.15481000000001, 19.79941], [77.15682000000001, 19.805290000000003], [77.16354000000001, 19.81716], [77.17398, 19.818260000000002], [77.18261000000001, 19.81634], [77.19065, 19.81181], [77.19516, 19.80752], [77.19401, 19.805280000000003], [77.1919, 19.78591], [77.19003000000001, 19.781170000000003], [77.18894, 19.779700000000002], [77.18448000000001, 19.77803], [77.18259, 19.77693]]]}}, {"id": "517", "type": "Feature", "properties": {"village_name": "Hingoli", "vil_lgd": 545957, "district_name": "Hingoli", "dist_lgd": 477, "subdistrict_name": "Hingoli", "sdcode": 4112, "block_name": "Hingoli", "block_lgd": 163, "gp_name": "", "state_name": "MAHARASHTRA", "state_lgd": 27, "population": 0, "households": 0}, "geometry": {"type": "Polygon", "coordinates": [[[77.17267000000001, 19.69527], [77.18056, 19.69243], [77.18492, 19.69168], [77.1837, 19.69027], [77.16784000000001, 19.686570000000003], [77.15763000000001, 19.682560000000002], [77.15152, 19.69939], [77.14828, 19.70155], [77.14934000000001, 19.704700000000003], [77.16062000000001, 19.69919], [77.16932000000001, 19.69631], [77.17267000000001, 19.69527]]]}}, {"id": "518", "type": "Feature", "properties": {"village_name": "Bondala", "vil_lgd": 545854, "district_name": "Hingoli", "dist_lgd": 477, "subdistrict_name": "Hingoli", "sdcode": 4112, "block_name": "Hingoli", "block_lgd": 163, "gp_name": "", "state_name": "MAHARASHTRA", "state_lgd": 27, "population": 728, "households": 173}, "geometry": {"type": "Polygon", "coordinates": [[[77.20928, 19.90837], [77.21111, 19.901410000000002], [77.21131000000001, 19.899540000000002], [77.20897000000001, 19.89592], [77.20134, 19.89262], [77.19065, 19.891740000000002], [77.17437000000001, 19.89213], [77.17505000000001, 19.907790000000002], [77.1829, 19.90747], [77.19455, 19.90519], [77.19723, 19.90594], [77.19797000000001, 19.9099], [77.20121, 19.908250000000002], [77.20928, 19.90837]]]}}, {"id": "519", "type": "Feature", "properties": {"village_name": "Malselu", "vil_lgd": 545866, "district_name": "Hingoli", "dist_lgd": 477, "subdistrict_name": "Hingoli", "sdcode": 4112, "block_name": "Hingoli", "block_lgd": 163, "gp_name": "", "state_name": "MAHARASHTRA", "state_lgd": 27, "population": 1577, "households": 332}, "geometry": {"type": "Polygon", "coordinates": [[[77.14807, 19.85584], [77.14501000000001, 19.85642], [77.13789000000001, 19.85506], [77.13579, 19.856800000000003], [77.12224, 19.855050000000002], [77.12060000000001, 19.854200000000002], [77.12038000000001, 19.85048], [77.11677, 19.85161], [77.11356, 19.853420000000003], [77.10847000000001, 19.851390000000002], [77.10612, 19.85207], [77.10271, 19.85498], [77.09959, 19.859360000000002], [77.10351, 19.869660000000003], [77.1062, 19.875760000000003], [77.11108, 19.8781], [77.12100000000001, 19.879420000000003], [77.1251, 19.87001], [77.1346, 19.86342], [77.14030000000001, 19.861120000000003], [77.14787000000001, 19.86006], [77.14807, 19.85584]]]}}, {"id": "520", "type": "Feature", "properties": {"village_name": "Goregaon", "vil_lgd": 545789, "district_name": "Hingoli", "dist_lgd": 477, "subdistrict_name": "Sengaon", "sdcode": 4111, "block_name": "Sengaon", "block_lgd": 162, "gp_name": "", "state_name": "MAHARASHTRA", "state_lgd": 27, "population": 9900, "households": 1967}, "geometry": {"type": "Polygon", "coordinates": [[[77.03018, 19.94988], [77.03874, 19.949270000000002], [77.04473, 19.94407], [77.05926000000001, 19.94478], [77.0647, 19.944090000000003], [77.06195000000001, 19.92789], [77.06215, 19.92069], [77.06351000000001, 19.91657], [77.06927, 19.91298], [77.06067, 19.907030000000002], [77.05501000000001, 19.90208], [77.04358, 19.89477], [77.04801, 19.883560000000003], [77.04125, 19.8789], [77.03655, 19.88482], [77.03152, 19.8896], [77.02718, 19.89066], [77.02250000000001, 19.890140000000002], [77.01632000000001, 19.89086], [76.99646000000001, 19.897460000000002], [77.0002, 19.909730000000003], [76.99986000000001, 19.914050000000003], [77.00215, 19.91601], [77.00718, 19.92671], [77.00771, 19.934050000000003], [76.99903, 19.93955], [76.99489000000001, 19.940350000000002], [76.99916, 19.94782], [77.01742, 19.95239], [77.02729000000001, 19.952930000000002], [77.03018, 19.94988]]]}}, {"id": "521", "type": "Feature", "properties": {"village_name": "Chondi Kh", "vil_lgd": 545788, "district_name": "Hingoli", "dist_lgd": 477, "subdistrict_name": "Sengaon", "sdcode": 4111, "block_name": "Sengaon", "block_lgd": 162, "gp_name": "", "state_name": "MAHARASHTRA", "state_lgd": 27, "population": 1102, "households": 229}, "geometry": {"type": "Polygon", "coordinates": [[[77.07773, 19.880850000000002], [77.06652000000001, 19.88165], [77.05258, 19.885170000000002], [77.04801, 19.883560000000003], [77.04358, 19.89477], [77.05501000000001, 19.90208], [77.06067, 19.907030000000002], [77.06927, 19.91298], [77.07641000000001, 19.9082], [77.078, 19.90503], [77.07946000000001, 19.899070000000002], [77.07993, 19.896800000000002], [77.07888000000001, 19.88766], [77.07773, 19.880850000000002]]]}}, {"id": "522", "type": "Feature", "properties": {"village_name": "Ambala", "vil_lgd": 545853, "district_name": "Hingoli", "dist_lgd": 477, "subdistrict_name": "Hingoli", "sdcode": 4112, "block_name": "Hingoli", "block_lgd": 163, "gp_name": "", "state_name": "MAHARASHTRA", "state_lgd": 27, "population": 990, "households": 214}, "geometry": {"type": "Polygon", "coordinates": [[[77.15264, 19.91075], [77.15908, 19.914060000000003], [77.16282000000001, 19.909730000000003], [77.16757000000001, 19.9079], [77.17505000000001, 19.907790000000002], [77.17437000000001, 19.89213], [77.15790000000001, 19.893870000000003], [77.14284, 19.90203], [77.13298, 19.904300000000003], [77.12971, 19.90388], [77.12938000000001, 19.90473], [77.13256000000001, 19.915640000000003], [77.14446000000001, 19.914450000000002], [77.14949, 19.91221], [77.15264, 19.91075]]]}}, {"id": "523", "type": "Feature", "properties": {"village_name": "Bramhanwada Pra Washim", "vil_lgd": 545787, "district_name": "Hingoli", "dist_lgd": 477, "subdistrict_name": "Sengaon", "sdcode": 4111, "block_name": "Sengaon", "block_lgd": 162, "gp_name": "", "state_name": "MAHARASHTRA", "state_lgd": 27, "population": 1359, "households": 257}, "geometry": {"type": "Polygon", "coordinates": [[[77.09959, 19.859360000000002], [77.09476000000001, 19.862180000000002], [77.07965, 19.864900000000002], [77.07847000000001, 19.866200000000003], [77.07724, 19.87865], [77.07773, 19.880850000000002], [77.07888000000001, 19.88766], [77.07993, 19.896800000000002], [77.07946000000001, 19.899070000000002], [77.09846, 19.904100000000003], [77.10469, 19.90728], [77.11893, 19.901300000000003], [77.12100000000001, 19.879420000000003], [77.11108, 19.8781], [77.1062, 19.875760000000003], [77.10351, 19.869660000000003], [77.09959, 19.859360000000002]]]}}, {"id": "524", "type": "Feature", "properties": {"village_name": "Bhingi", "vil_lgd": 545855, "district_name": "Hingoli", "dist_lgd": 477, "subdistrict_name": "Hingoli", "sdcode": 4112, "block_name": "Hingoli", "block_lgd": 163, "gp_name": "", "state_name": "MAHARASHTRA", "state_lgd": 27, "population": 1476, "households": 305}, "geometry": {"type": "Polygon", "coordinates": [[[77.23343000000001, 19.90408], [77.23392000000001, 19.89788], [77.23526000000001, 19.8975], [77.23408, 19.895290000000003], [77.23472000000001, 19.89186], [77.23066, 19.88764], [77.22494, 19.886290000000002], [77.22267000000001, 19.88643], [77.21812000000001, 19.89422], [77.21111, 19.901410000000002], [77.20928, 19.90837], [77.21701, 19.91175], [77.22031000000001, 19.91469], [77.23357, 19.91034], [77.23581, 19.908700000000003], [77.23343000000001, 19.90408]]]}}, {"id": "525", "type": "Feature", "properties": {"village_name": "Babhulgaon", "vil_lgd": 545799, "district_name": "Hingoli", "dist_lgd": 477, "subdistrict_name": "Sengaon", "sdcode": 4111, "block_name": "Sengaon", "block_lgd": 162, "gp_name": "", "state_name": "MAHARASHTRA", "state_lgd": 27, "population": 4146, "households": 760}, "geometry": {"type": "Polygon", "coordinates": [[[77.02250000000001, 19.890140000000002], [77.02718, 19.89066], [77.03152, 19.8896], [77.03655, 19.88482], [77.04125, 19.8789], [77.05347, 19.8637], [77.05362000000001, 19.860780000000002], [77.05076000000001, 19.858490000000003], [77.04881, 19.85029], [77.02904000000001, 19.845540000000003], [77.02085000000001, 19.844710000000003], [77.01523, 19.84559], [77.00958, 19.84596], [77.00648000000001, 19.84777], [77.00268000000001, 19.854110000000002], [76.99775000000001, 19.859360000000002], [76.99237000000001, 19.85967], [76.99145, 19.87227], [76.9937, 19.88879], [76.99646000000001, 19.897460000000002], [77.01632000000001, 19.89086], [77.02250000000001, 19.890140000000002]]]}}, {"id": "526", "type": "Feature", "properties": {"village_name": "Limbala Pr Washim", "vil_lgd": 545856, "district_name": "Hingoli", "dist_lgd": 477, "subdistrict_name": "Hingoli", "sdcode": 4112, "block_name": "Hingoli", "block_lgd": 163, "gp_name": "", "state_name": "MAHARASHTRA", "state_lgd": 27, "population": 1138, "households": 236}, "geometry": {"type": "Polygon", "coordinates": [[[77.23526000000001, 19.8975], [77.23392000000001, 19.89788], [77.23343000000001, 19.90408], [77.23581, 19.908700000000003], [77.238, 19.912000000000003], [77.24214, 19.90856], [77.24333, 19.90461], [77.24195, 19.90275], [77.23586, 19.898220000000002], [77.23526000000001, 19.8975]]]}}, {"id": "527", "type": "Feature", "properties": {"village_name": "Bodkhi", "vil_lgd": 545860, "district_name": "Hingoli", "dist_lgd": 477, "subdistrict_name": "Hingoli", "sdcode": 4112, "block_name": "Hingoli", "block_lgd": 163, "gp_name": "", "state_name": "MAHARASHTRA", "state_lgd": 27, "population": 701, "households": 128}, "geometry": {"type": "Polygon", "coordinates": [[[77.16018000000001, 19.87638], [77.15601000000001, 19.871460000000003], [77.15481000000001, 19.8717], [77.14704, 19.87312], [77.14631, 19.874460000000003], [77.14416, 19.875680000000003], [77.13249, 19.88071], [77.12626, 19.88144], [77.12100000000001, 19.879420000000003], [77.11893, 19.901300000000003], [77.12971, 19.90388], [77.13256000000001, 19.897270000000002], [77.13584, 19.89292], [77.14078, 19.887220000000003], [77.14710000000001, 19.88287], [77.16018000000001, 19.87638]]]}}, {"id": "528", "type": "Feature", "properties": {"village_name": "Patonda", "vil_lgd": 545876, "district_name": "Hingoli", "dist_lgd": 477, "subdistrict_name": "Hingoli", "sdcode": 4112, "block_name": "Hingoli", "block_lgd": 163, "gp_name": "", "state_name": "MAHARASHTRA", "state_lgd": 27, "population": 682, "households": 130}, "geometry": {"type": "Polygon", "coordinates": [[[77.31022, 19.905340000000002], [77.3131, 19.89724], [77.31267000000001, 19.89496], [77.30630000000001, 19.894360000000002], [77.29585, 19.89581], [77.29358, 19.89525], [77.29288000000001, 19.893980000000003], [77.28772000000001, 19.89601], [77.28608000000001, 19.904600000000002], [77.29157000000001, 19.903460000000003], [77.29443, 19.904230000000002], [77.30651, 19.91418], [77.30836000000001, 19.91494], [77.31086, 19.914710000000003], [77.31266000000001, 19.91347], [77.31320000000001, 19.910770000000003], [77.31244000000001, 19.908530000000003], [77.31022, 19.905340000000002]]]}}, {"id": "529", "type": "Feature", "properties": {"village_name": "Adgaon", "vil_lgd": 545858, "district_name": "Hingoli", "dist_lgd": 477, "subdistrict_name": "Hingoli", "sdcode": 4112, "block_name": "Hingoli", "block_lgd": 163, "gp_name": "", "state_name": "MAHARASHTRA", "state_lgd": 27, "population": 2358, "households": 505}, "geometry": {"type": "Polygon", "coordinates": [[[77.22267000000001, 19.88643], [77.22494, 19.886290000000002], [77.22647, 19.88237], [77.22510000000001, 19.88145], [77.22659, 19.879240000000003], [77.22875, 19.87834], [77.21961, 19.88015], [77.21254, 19.88005], [77.20818000000001, 19.87805], [77.20261, 19.870260000000002], [77.19361, 19.87422], [77.17996000000001, 19.8775], [77.17344, 19.878010000000003], [77.17163000000001, 19.878130000000002], [77.17095, 19.88107], [77.17437000000001, 19.89213], [77.19065, 19.891740000000002], [77.20134, 19.89262], [77.20897000000001, 19.89592], [77.21131000000001, 19.899540000000002], [77.21111, 19.901410000000002], [77.21812000000001, 19.89422], [77.22267000000001, 19.88643]]]}}, {"id": "530", "type": "Feature", "properties": {"village_name": "Dhanapur", "vil_lgd": 545874, "district_name": "Hingoli", "dist_lgd": 477, "subdistrict_name": "Hingoli", "sdcode": 4112, "block_name": "Hingoli", "block_lgd": 163, "gp_name": "", "state_name": "MAHARASHTRA", "state_lgd": 27, "population": 151, "households": 30}, "geometry": {"type": "Polygon", "coordinates": [[[77.28559000000001, 19.886280000000003], [77.28386, 19.87566], [77.28176, 19.87658], [77.27616, 19.87655], [77.27392, 19.87507], [77.27034, 19.870540000000002], [77.26629000000001, 19.87039], [77.26384, 19.87114], [77.26, 19.870500000000003], [77.26310000000001, 19.87974], [77.26452, 19.888740000000002], [77.26347000000001, 19.8943], [77.26046000000001, 19.899880000000003], [77.26475, 19.897340000000003], [77.26703, 19.897750000000002], [77.26873, 19.899330000000003], [77.26943, 19.901950000000003], [77.26936, 19.916870000000003], [77.28413, 19.898870000000002], [77.28559000000001, 19.886280000000003]]]}}, {"id": "531", "type": "Feature", "properties": {"village_name": "Chinchala", "vil_lgd": 545862, "district_name": "Hingoli", "dist_lgd": 477, "subdistrict_name": "Hingoli", "sdcode": 4112, "block_name": "Hingoli", "block_lgd": 163, "gp_name": "", "state_name": "MAHARASHTRA", "state_lgd": 27, "population": 548, "households": 120}, "geometry": {"type": "Polygon", "coordinates": [[[77.18838000000001, 19.841450000000002], [77.18616, 19.84589], [77.18175000000001, 19.851180000000003], [77.17679000000001, 19.85452], [77.16849, 19.85792], [77.17134, 19.863410000000002], [77.17344, 19.878010000000003], [77.17996000000001, 19.8775], [77.19361, 19.87422], [77.20261, 19.870260000000002], [77.20421, 19.86877], [77.20365000000001, 19.85905], [77.20238, 19.855500000000003], [77.20148, 19.855420000000002], [77.19926000000001, 19.852860000000003], [77.19865, 19.8443], [77.19937, 19.842950000000002], [77.19281000000001, 19.841890000000003], [77.18838000000001, 19.841450000000002]]]}}, {"id": "532", "type": "Feature", "properties": {"village_name": "Kherda", "vil_lgd": 545873, "district_name": "Hingoli", "dist_lgd": 477, "subdistrict_name": "Hingoli", "sdcode": 4112, "block_name": "Hingoli", "block_lgd": 163, "gp_name": "", "state_name": "MAHARASHTRA", "state_lgd": 27, "population": 2081, "households": 421}, "geometry": {"type": "Polygon", "coordinates": [[[77.26347000000001, 19.8943], [77.26452, 19.888740000000002], [77.26310000000001, 19.87974], [77.26, 19.870500000000003], [77.25193, 19.86615], [77.25484, 19.878780000000003], [77.25406000000001, 19.880570000000002], [77.25095, 19.877860000000002], [77.24292000000001, 19.874390000000002], [77.23349, 19.8718], [77.23403, 19.87517], [77.23318, 19.87685], [77.22875, 19.87834], [77.22659, 19.879240000000003], [77.22510000000001, 19.88145], [77.22647, 19.88237], [77.24283000000001, 19.88305], [77.24579, 19.884110000000003], [77.24746, 19.88594], [77.24887000000001, 19.89281], [77.24873000000001, 19.894820000000003], [77.25143000000001, 19.8958], [77.25407000000001, 19.899970000000003], [77.25624, 19.901590000000002], [77.25812, 19.90145], [77.26046000000001, 19.899880000000003], [77.26347000000001, 19.8943]]]}}, {"id": "533", "type": "Feature", "properties": {"village_name": "Sagad", "vil_lgd": 545875, "district_name": "Hingoli", "dist_lgd": 477, "subdistrict_name": "Hingoli", "sdcode": 4112, "block_name": "Hingoli", "block_lgd": 163, "gp_name": "", "state_name": "MAHARASHTRA", "state_lgd": 27, "population": 680, "households": 131}, "geometry": {"type": "Polygon", "coordinates": [[[77.28362000000001, 19.906950000000002], [77.28455000000001, 19.90529], [77.28608000000001, 19.904600000000002], [77.28772000000001, 19.89601], [77.28413, 19.898870000000002], [77.26936, 19.916870000000003], [77.27205000000001, 19.91929], [77.27802000000001, 19.918670000000002], [77.28152, 19.916900000000002], [77.28361000000001, 19.91392], [77.28362000000001, 19.906950000000002]]]}}, {"id": "534", "type": "Feature", "properties": {"village_name": "Chondi Bk", "vil_lgd": 545800, "district_name": "Hingoli", "dist_lgd": 477, "subdistrict_name": "Sengaon", "sdcode": 4111, "block_name": "Sengaon", "block_lgd": 162, "gp_name": "", "state_name": "MAHARASHTRA", "state_lgd": 27, "population": 1170, "households": 246}, "geometry": {"type": "Polygon", "coordinates": [[[77.06969000000001, 19.8593], [77.06313, 19.86101], [77.05362000000001, 19.860780000000002], [77.05347, 19.8637], [77.04125, 19.8789], [77.04801, 19.883560000000003], [77.05258, 19.885170000000002], [77.06652000000001, 19.88165], [77.07773, 19.880850000000002], [77.07724, 19.87865], [77.07847000000001, 19.866200000000003], [77.07419, 19.86289], [77.06969000000001, 19.8593]]]}}, {"id": "535", "type": "Feature", "properties": {"village_name": "Bhatsawangi Tanda", "vil_lgd": 545877, "district_name": "Hingoli", "dist_lgd": 477, "subdistrict_name": "Hingoli", "sdcode": 4112, "block_name": "Hingoli", "block_lgd": 163, "gp_name": "", "state_name": "MAHARASHTRA", "state_lgd": 27, "population": 1878, "households": 402}, "geometry": {"type": "Polygon", "coordinates": [[[77.29288000000001, 19.893980000000003], [77.29384, 19.890770000000003], [77.29337000000001, 19.88739], [77.29479, 19.884680000000003], [77.29707, 19.88353], [77.30151000000001, 19.882990000000003], [77.30063000000001, 19.87968], [77.29773, 19.876520000000003], [77.29377000000001, 19.87506], [77.28558000000001, 19.8749], [77.28386, 19.87566], [77.28559000000001, 19.886280000000003], [77.28413, 19.898870000000002], [77.28772000000001, 19.89601], [77.29288000000001, 19.893980000000003]]]}}, {"id": "536", "type": "Feature", "properties": {"village_name": "Ekamba", "vil_lgd": 545861, "district_name": "Hingoli", "dist_lgd": 477, "subdistrict_name": "Hingoli", "sdcode": 4112, "block_name": "Hingoli", "block_lgd": 163, "gp_name": "", "state_name": "MAHARASHTRA", "state_lgd": 27, "population": 1062, "households": 223}, "geometry": {"type": "Polygon", "coordinates": [[[77.15601000000001, 19.871460000000003], [77.16018000000001, 19.87638], [77.16489, 19.87856], [77.17163000000001, 19.878130000000002], [77.17344, 19.878010000000003], [77.17134, 19.863410000000002], [77.16849, 19.85792], [77.15360000000001, 19.85807], [77.15138, 19.857860000000002], [77.14884, 19.855700000000002], [77.14807, 19.85584], [77.14787000000001, 19.86006], [77.14030000000001, 19.861120000000003], [77.1346, 19.86342], [77.1251, 19.87001], [77.12100000000001, 19.879420000000003], [77.12626, 19.88144], [77.13249, 19.88071], [77.14416, 19.875680000000003], [77.14631, 19.874460000000003], [77.14704, 19.87312], [77.15481000000001, 19.8717], [77.15601000000001, 19.871460000000003]]]}}, {"id": "537", "type": "Feature", "properties": {"village_name": "Belura", "vil_lgd": 545863, "district_name": "Hingoli", "dist_lgd": 477, "subdistrict_name": "Hingoli", "sdcode": 4112, "block_name": "Hingoli", "block_lgd": 163, "gp_name": "", "state_name": "MAHARASHTRA", "state_lgd": 27, "population": 1493, "households": 356}, "geometry": {"type": "Polygon", "coordinates": [[[77.22543, 19.85472], [77.20238, 19.855500000000003], [77.20365000000001, 19.85905], [77.20421, 19.86877], [77.20261, 19.870260000000002], [77.20818000000001, 19.87805], [77.21254, 19.88005], [77.21961, 19.88015], [77.22875, 19.87834], [77.23318, 19.87685], [77.23403, 19.87517], [77.23349, 19.8718], [77.23018, 19.862470000000002], [77.22861, 19.856460000000002], [77.22543, 19.85472]]]}}, {"id": "538", "type": "Feature", "properties": {"village_name": "Chorjawala", "vil_lgd": 545867, "district_name": "Hingoli", "dist_lgd": 477, "subdistrict_name": "Hingoli", "sdcode": 4112, "block_name": "Hingoli", "block_lgd": 163, "gp_name": "", "state_name": "MAHARASHTRA", "state_lgd": 27, "population": 1305, "households": 275}, "geometry": {"type": "Polygon", "coordinates": [[[77.10271, 19.85498], [77.10612, 19.85207], [77.10847000000001, 19.851390000000002], [77.11356, 19.853420000000003], [77.11677, 19.85161], [77.11054, 19.837480000000003], [77.1072, 19.83723], [77.10118, 19.83446], [77.09747, 19.8319], [77.09586, 19.829520000000002], [77.08048000000001, 19.83202], [77.08025, 19.83268], [77.07523, 19.83958], [77.07207000000001, 19.852890000000002], [77.06969000000001, 19.8593], [77.07419, 19.86289], [77.07847000000001, 19.866200000000003], [77.07965, 19.864900000000002], [77.09476000000001, 19.862180000000002], [77.09959, 19.859360000000002], [77.10271, 19.85498]]]}}, {"id": "539", "type": "Feature", "properties": {"village_name": "Kherdawadi", "vil_lgd": 545885, "district_name": "Hingoli", "dist_lgd": 477, "subdistrict_name": "Hingoli", "sdcode": 4112, "block_name": "Hingoli", "block_lgd": 163, "gp_name": "", "state_name": "MAHARASHTRA", "state_lgd": 27, "population": 690, "households": 126}, "geometry": {"type": "Polygon", "coordinates": [[[77.24121000000001, 19.859520000000003], [77.23314, 19.862370000000002], [77.23018, 19.862470000000002], [77.23349, 19.8718], [77.24292000000001, 19.874390000000002], [77.25095, 19.877860000000002], [77.25406000000001, 19.880570000000002], [77.25484, 19.878780000000003], [77.25193, 19.86615], [77.24213, 19.860460000000003], [77.24121000000001, 19.859520000000003]]]}}, {"id": "540", "type": "Feature", "properties": {"village_name": "Jawala Bk", "vil_lgd": 545762, "district_name": "Hingoli", "dist_lgd": 477, "subdistrict_name": "Sengaon", "sdcode": 4111, "block_name": "Sengaon", "block_lgd": 162, "gp_name": "", "state_name": "MAHARASHTRA", "state_lgd": 27, "population": 3205, "households": 649}, "geometry": {"type": "Polygon", "coordinates": [[[77.01282, 19.82018], [76.99657, 19.82207], [76.99314000000001, 19.82319], [76.99173, 19.82476], [76.98548000000001, 19.827710000000003], [76.98668, 19.833190000000002], [76.98238, 19.84279], [76.9835, 19.84643], [76.98485000000001, 19.84957], [76.98724, 19.85534], [76.99051, 19.85912], [76.99237000000001, 19.85967], [76.99775000000001, 19.859360000000002], [77.00268000000001, 19.854110000000002], [77.00648000000001, 19.84777], [77.00958, 19.84596], [77.01523, 19.84559], [77.01333000000001, 19.834570000000003], [77.01238000000001, 19.82165], [77.01282, 19.82018]]]}}, {"id": "541", "type": "Feature", "properties": {"village_name": "Bhatsawangi", "vil_lgd": 545878, "district_name": "Hingoli", "dist_lgd": 477, "subdistrict_name": "Hingoli", "sdcode": 4112, "block_name": "Hingoli", "block_lgd": 163, "gp_name": "", "state_name": "MAHARASHTRA", "state_lgd": 27, "population": 1351, "households": 271}, "geometry": {"type": "Polygon", "coordinates": [[[77.31697000000001, 19.877000000000002], [77.31907000000001, 19.86907], [77.31662, 19.86589], [77.30807, 19.86532], [77.29907, 19.867690000000003], [77.29109000000001, 19.871260000000003], [77.28929000000001, 19.87308], [77.28558000000001, 19.8749], [77.29377000000001, 19.87506], [77.29773, 19.876520000000003], [77.30063000000001, 19.87968], [77.30151000000001, 19.882990000000003], [77.30473, 19.88194], [77.3088, 19.88275], [77.31575000000001, 19.88812], [77.31839000000001, 19.889090000000003], [77.32529000000001, 19.88654], [77.31697000000001, 19.877000000000002]]]}}, {"id": "542", "type": "Feature", "properties": {"village_name": "Wanjarwadi", "vil_lgd": 545956, "district_name": "Hingoli", "dist_lgd": 477, "subdistrict_name": "Hingoli", "sdcode": 4112, "block_name": "Hingoli", "block_lgd": 163, "gp_name": "", "state_name": "MAHARASHTRA", "state_lgd": 27, "population": 47, "households": 9}, "geometry": {"type": "Polygon", "coordinates": [[[77.14207, 19.71657], [77.14429000000001, 19.712580000000003], [77.14014, 19.711810000000003], [77.10864000000001, 19.71073], [77.09985, 19.717570000000002], [77.10875, 19.71844], [77.13475000000001, 19.718010000000003], [77.1409, 19.71969], [77.14166, 19.71922], [77.14207, 19.71657]]]}}, {"id": "543", "type": "Feature", "properties": {"village_name": "Durgasawangi", "vil_lgd": 545879, "district_name": "Hingoli", "dist_lgd": 477, "subdistrict_name": "Hingoli", "sdcode": 4112, "block_name": "Hingoli", "block_lgd": 163, "gp_name": "", "state_name": "MAHARASHTRA", "state_lgd": 27, "population": 1539, "households": 289}, "geometry": {"type": "Polygon", "coordinates": [[[77.34532, 19.87619], [77.34611000000001, 19.874940000000002], [77.34399, 19.869590000000002], [77.34486000000001, 19.86381], [77.34161, 19.86205], [77.32708000000001, 19.86013], [77.31662, 19.86589], [77.31907000000001, 19.86907], [77.31697000000001, 19.877000000000002], [77.32529000000001, 19.88654], [77.32969, 19.88081], [77.33263000000001, 19.87844], [77.34307000000001, 19.876800000000003], [77.34532, 19.87619]]]}}, {"id": "544", "type": "Feature", "properties": {"village_name": "Boralwadi", "vil_lgd": 545970, "district_name": "Hingoli", "dist_lgd": 477, "subdistrict_name": "Hingoli", "sdcode": 4112, "block_name": "Hingoli", "block_lgd": 163, "gp_name": "", "state_name": "MAHARASHTRA", "state_lgd": 27, "population": 844, "households": 169}, "geometry": {"type": "Polygon", "coordinates": [[[77.07207000000001, 19.852890000000002], [77.07523, 19.83958], [77.08025, 19.83268], [77.06793, 19.8337], [77.06238, 19.831560000000003], [77.058, 19.831390000000003], [77.05614000000001, 19.83483], [77.05551000000001, 19.834780000000002], [77.05482, 19.830370000000002], [77.05223000000001, 19.829030000000003], [77.04938, 19.82993], [77.04847000000001, 19.82898], [77.04424, 19.83001], [77.05007, 19.847080000000002], [77.04997, 19.84982], [77.04881, 19.85029], [77.05076000000001, 19.858490000000003], [77.05362000000001, 19.860780000000002], [77.06313, 19.86101], [77.06969000000001, 19.8593], [77.07207000000001, 19.852890000000002]]]}}, {"id": "545", "type": "Feature", "properties": {"village_name": "Dhotra", "vil_lgd": 545883, "district_name": "Hingoli", "dist_lgd": 477, "subdistrict_name": "Hingoli", "sdcode": 4112, "block_name": "Hingoli", "block_lgd": 163, "gp_name": "", "state_name": "MAHARASHTRA", "state_lgd": 27, "population": 463, "households": 100}, "geometry": {"type": "Polygon", "coordinates": [[[77.28731, 19.86768], [77.28081, 19.85825], [77.27245, 19.857950000000002], [77.27245, 19.86258], [77.26629000000001, 19.87039], [77.27034, 19.870540000000002], [77.27392, 19.87507], [77.27616, 19.87655], [77.28176, 19.87658], [77.28386, 19.87566], [77.28558000000001, 19.8749], [77.28929000000001, 19.87308], [77.29109000000001, 19.871260000000003], [77.28731, 19.86768]]]}}, {"id": "546", "type": "Feature", "properties": {"village_name": "Sirsam Kh", "vil_lgd": 545884, "district_name": "Hingoli", "dist_lgd": 477, "subdistrict_name": "Hingoli", "sdcode": 4112, "block_name": "Hingoli", "block_lgd": 163, "gp_name": "", "state_name": "MAHARASHTRA", "state_lgd": 27, "population": 473, "households": 92}, "geometry": {"type": "Polygon", "coordinates": [[[77.26336, 19.85191], [77.24741, 19.853730000000002], [77.23998, 19.853820000000002], [77.24059000000001, 19.85819], [77.24121000000001, 19.859520000000003], [77.24213, 19.860460000000003], [77.25193, 19.86615], [77.26, 19.870500000000003], [77.26384, 19.87114], [77.26629000000001, 19.87039], [77.27245, 19.86258], [77.27245, 19.857950000000002], [77.26736000000001, 19.85545], [77.26336, 19.85191]]]}}, {"id": "547", "type": "Feature", "properties": {"village_name": "Umarkhoja", "vil_lgd": 545882, "district_name": "Hingoli", "dist_lgd": 477, "subdistrict_name": "Hingoli", "sdcode": 4112, "block_name": "Hingoli", "block_lgd": 163, "gp_name": "", "state_name": "MAHARASHTRA", "state_lgd": 27, "population": 869, "households": 177}, "geometry": {"type": "Polygon", "coordinates": [[[77.29835, 19.843010000000003], [77.29385, 19.84418], [77.29035, 19.846580000000003], [77.28335000000001, 19.857120000000002], [77.28081, 19.85825], [77.28731, 19.86768], [77.29109000000001, 19.871260000000003], [77.29907, 19.867690000000003], [77.30807, 19.86532], [77.30821, 19.85557], [77.30693000000001, 19.852880000000003], [77.30430000000001, 19.85056], [77.30139000000001, 19.84825], [77.29905000000001, 19.843590000000003], [77.29835, 19.843010000000003]]]}}, {"id": "548", "type": "Feature", "properties": {"village_name": "Singarwadi", "vil_lgd": 545961, "district_name": "Hingoli", "dist_lgd": 477, "subdistrict_name": "Hingoli", "sdcode": 4112, "block_name": "Hingoli", "block_lgd": 163, "gp_name": "", "state_name": "MAHARASHTRA", "state_lgd": 27, "population": 0, "households": 0}, "geometry": {"type": "Polygon", "coordinates": [[[77.14613, 19.70287], [77.14828, 19.70155], [77.15152, 19.69939], [77.15763000000001, 19.682560000000002], [77.14733000000001, 19.68046], [77.1431, 19.680130000000002], [77.14136, 19.69679], [77.13891000000001, 19.70278], [77.14613, 19.70287]]]}}, {"id": "549", "type": "Feature", "properties": {"village_name": "Umra", "vil_lgd": 545969, "district_name": "Hingoli", "dist_lgd": 477, "subdistrict_name": "Hingoli", "sdcode": 4112, "block_name": "Hingoli", "block_lgd": 163, "gp_name": "", "state_name": "MAHARASHTRA", "state_lgd": 27, "population": 1973, "households": 400}, "geometry": {"type": "Polygon", "coordinates": [[[77.04424, 19.83001], [77.04332000000001, 19.827340000000003], [77.0382, 19.820200000000003], [77.03231000000001, 19.81399], [77.02955, 19.81344], [77.02435000000001, 19.81359], [77.0146, 19.817490000000003], [77.01362, 19.81999], [77.01282, 19.82018], [77.01238000000001, 19.82165], [77.01333000000001, 19.834570000000003], [77.01523, 19.84559], [77.02085000000001, 19.844710000000003], [77.02904000000001, 19.845540000000003], [77.04881, 19.85029], [77.04997, 19.84982], [77.05007, 19.847080000000002], [77.04424, 19.83001]]]}}, {"id": "550", "type": "Feature", "properties": {"village_name": "Jaipurwadi", "vil_lgd": 545865, "district_name": "Hingoli", "dist_lgd": 477, "subdistrict_name": "Hingoli", "sdcode": 4112, "block_name": "Hingoli", "block_lgd": 163, "gp_name": "", "state_name": "MAHARASHTRA", "state_lgd": 27, "population": 591, "households": 121}, "geometry": {"type": "Polygon", "coordinates": [[[77.13789000000001, 19.85506], [77.14501000000001, 19.85642], [77.14807, 19.85584], [77.14866, 19.849580000000003], [77.14625000000001, 19.8439], [77.14466, 19.840950000000003], [77.13737, 19.83237], [77.12419000000001, 19.833350000000003], [77.11054, 19.837480000000003], [77.11677, 19.85161], [77.12038000000001, 19.85048], [77.12060000000001, 19.854200000000002], [77.12224, 19.855050000000002], [77.13579, 19.856800000000003], [77.13789000000001, 19.85506]]]}}, {"id": "551", "type": "Feature", "properties": {"village_name": "Khandala", "vil_lgd": 545864, "district_name": "Hingoli", "dist_lgd": 477, "subdistrict_name": "Hingoli", "sdcode": 4112, "block_name": "Hingoli", "block_lgd": 163, "gp_name": "", "state_name": "MAHARASHTRA", "state_lgd": 27, "population": 2358, "households": 481}, "geometry": {"type": "Polygon", "coordinates": [[[77.16849, 19.85792], [77.17679000000001, 19.85452], [77.18175000000001, 19.851180000000003], [77.18616, 19.84589], [77.18838000000001, 19.841450000000002], [77.18812000000001, 19.83967], [77.18531, 19.836270000000003], [77.1799, 19.832780000000003], [77.17713, 19.829890000000002], [77.17398, 19.818260000000002], [77.16354000000001, 19.81716], [77.15499000000001, 19.82393], [77.14995, 19.826220000000003], [77.14185, 19.82768], [77.1396, 19.83031], [77.13666, 19.83142], [77.13737, 19.83237], [77.14466, 19.840950000000003], [77.14625000000001, 19.8439], [77.14866, 19.849580000000003], [77.14807, 19.85584], [77.14884, 19.855700000000002], [77.15138, 19.857860000000002], [77.15360000000001, 19.85807], [77.16849, 19.85792]]]}}, {"id": "552", "type": "Feature", "properties": {"village_name": "Hiradi", "vil_lgd": 545886, "district_name": "Hingoli", "dist_lgd": 477, "subdistrict_name": "Hingoli", "sdcode": 4112, "block_name": "Hingoli", "block_lgd": 163, "gp_name": "", "state_name": "MAHARASHTRA", "state_lgd": 27, "population": 1057, "households": 217}, "geometry": {"type": "Polygon", "coordinates": [[[77.23998, 19.853820000000002], [77.23921, 19.84543], [77.23993, 19.834500000000002], [77.22755000000001, 19.83667], [77.21946000000001, 19.83564], [77.21401, 19.833270000000002], [77.20239000000001, 19.83997], [77.19937, 19.842950000000002], [77.19865, 19.8443], [77.19926000000001, 19.852860000000003], [77.20148, 19.855420000000002], [77.20238, 19.855500000000003], [77.22543, 19.85472], [77.22861, 19.856460000000002], [77.23018, 19.862470000000002], [77.23314, 19.862370000000002], [77.24121000000001, 19.859520000000003], [77.24059000000001, 19.85819], [77.23998, 19.853820000000002]]]}}, {"id": "553", "type": "Feature", "properties": {"village_name": "Palsona", "vil_lgd": 545881, "district_name": "Hingoli", "dist_lgd": 477, "subdistrict_name": "Hingoli", "sdcode": 4112, "block_name": "Hingoli", "block_lgd": 163, "gp_name": "", "state_name": "MAHARASHTRA", "state_lgd": 27, "population": 1670, "households": 313}, "geometry": {"type": "Polygon", "coordinates": [[[77.33107000000001, 19.84184], [77.33034, 19.840010000000003], [77.32638, 19.84212], [77.32384, 19.84222], [77.32029, 19.84325], [77.31516, 19.843120000000003], [77.31398, 19.847630000000002], [77.31211, 19.849680000000003], [77.30430000000001, 19.85056], [77.30693000000001, 19.852880000000003], [77.30821, 19.85557], [77.30807, 19.86532], [77.31662, 19.86589], [77.32708000000001, 19.86013], [77.3288, 19.85848], [77.33046, 19.84899], [77.33124000000001, 19.84439], [77.33107000000001, 19.84184]]]}}, {"id": "554", "type": "Feature", "properties": {"village_name": "Sasewadi", "vil_lgd": 545963, "district_name": "Hingoli", "dist_lgd": 477, "subdistrict_name": "Hingoli", "sdcode": 4112, "block_name": "Hingoli", "block_lgd": 163, "gp_name": "", "state_name": "MAHARASHTRA", "state_lgd": 27, "population": 305, "households": 68}, "geometry": {"type": "Polygon", "coordinates": [[[77.14764000000001, 19.70577], [77.14934000000001, 19.704700000000003], [77.14828, 19.70155], [77.14613, 19.70287], [77.13891000000001, 19.70278], [77.13534, 19.705370000000002], [77.1316, 19.705830000000002], [77.12327, 19.70201], [77.12056000000001, 19.697950000000002], [77.12097, 19.69687], [77.10860000000001, 19.69978], [77.10941000000001, 19.70054], [77.11019, 19.70646], [77.10999000000001, 19.70918], [77.10864000000001, 19.71073], [77.14014, 19.711810000000003], [77.14429000000001, 19.712580000000003], [77.14764000000001, 19.70577]]]}}, {"id": "555", "type": "Feature", "properties": {"village_name": "Khanapur", "vil_lgd": 545880, "district_name": "Hingoli", "dist_lgd": 477, "subdistrict_name": "Hingoli", "sdcode": 4112, "block_name": "Hingoli", "block_lgd": 163, "gp_name": "", "state_name": "MAHARASHTRA", "state_lgd": 27, "population": 386, "households": 72}, "geometry": {"type": "Polygon", "coordinates": [[[77.36030000000001, 19.86119], [77.36174000000001, 19.860210000000002], [77.36268000000001, 19.857660000000003], [77.36243, 19.855490000000003], [77.3519, 19.84982], [77.3515, 19.848730000000003], [77.3524, 19.847070000000002], [77.34788, 19.848080000000003], [77.33663, 19.84785], [77.33046, 19.84899], [77.3288, 19.85848], [77.32708000000001, 19.86013], [77.34161, 19.86205], [77.34486000000001, 19.86381], [77.34956000000001, 19.861880000000003], [77.36030000000001, 19.86119]]]}}, {"id": "556", "type": "Feature", "properties": {"village_name": "Digraswani", "vil_lgd": 545890, "district_name": "Hingoli", "dist_lgd": 477, "subdistrict_name": "Hingoli", "sdcode": 4112, "block_name": "Hingoli", "block_lgd": 163, "gp_name": "", "state_name": "MAHARASHTRA", "state_lgd": 27, "population": 1657, "households": 335}, "geometry": {"type": "Polygon", "coordinates": [[[77.29111, 19.82383], [77.27975, 19.82768], [77.26099, 19.829720000000002], [77.26348, 19.840380000000003], [77.26432000000001, 19.84834], [77.26336, 19.85191], [77.26736000000001, 19.85545], [77.27245, 19.857950000000002], [77.28081, 19.85825], [77.28335000000001, 19.857120000000002], [77.29035, 19.846580000000003], [77.29385, 19.84418], [77.29835, 19.843010000000003], [77.29822, 19.83369], [77.29690000000001, 19.826710000000002], [77.29488, 19.824350000000003], [77.29331, 19.82367], [77.29111, 19.82383]]]}}, {"id": "557", "type": "Feature", "properties": {"village_name": "Borala", "vil_lgd": 545972, "district_name": "Hingoli", "dist_lgd": 477, "subdistrict_name": "Hingoli", "sdcode": 4112, "block_name": "Hingoli", "block_lgd": 163, "gp_name": "", "state_name": "MAHARASHTRA", "state_lgd": 27, "population": 1473, "households": 281}, "geometry": {"type": "Polygon", "coordinates": [[[77.06238, 19.831560000000003], [77.06793, 19.8337], [77.08025, 19.83268], [77.08048000000001, 19.83202], [77.08068, 19.830830000000002], [77.07586, 19.823860000000003], [77.07418000000001, 19.81697], [77.07311, 19.8034], [77.07342000000001, 19.801560000000002], [77.0759, 19.79802], [77.07138, 19.798920000000003], [77.05853, 19.80376], [77.05098000000001, 19.80328], [77.05427, 19.81236], [77.05074, 19.815640000000002], [77.05003, 19.81765], [77.04789000000001, 19.819920000000003], [77.04847000000001, 19.82898], [77.04938, 19.82993], [77.05223000000001, 19.829030000000003], [77.05482, 19.830370000000002], [77.05551000000001, 19.834780000000002], [77.05614000000001, 19.83483], [77.058, 19.831390000000003], [77.06238, 19.831560000000003]]]}}, {"id": "558", "type": "Feature", "properties": {"village_name": "Lohra", "vil_lgd": 545903, "district_name": "Hingoli", "dist_lgd": 477, "subdistrict_name": "Hingoli", "sdcode": 4112, "block_name": "Hingoli", "block_lgd": 163, "gp_name": "", "state_name": "MAHARASHTRA", "state_lgd": 27, "population": 959, "households": 204}, "geometry": {"type": "Polygon", "coordinates": [[[77.31273, 19.812900000000003], [77.30412000000001, 19.81408], [77.2994, 19.81633], [77.2951, 19.82212], [77.29488, 19.824350000000003], [77.29690000000001, 19.826710000000002], [77.29822, 19.83369], [77.30430000000001, 19.83276], [77.30959, 19.83087], [77.31528, 19.83042], [77.31914, 19.824630000000003], [77.31935, 19.81978], [77.31457, 19.815350000000002], [77.31273, 19.812900000000003]]]}}, {"id": "559", "type": "Feature", "properties": {"village_name": "Dhotarwadi", "vil_lgd": 545955, "district_name": "Hingoli", "dist_lgd": 477, "subdistrict_name": "Hingoli", "sdcode": 4112, "block_name": "Hingoli", "block_lgd": 163, "gp_name": "", "state_name": "MAHARASHTRA", "state_lgd": 27, "population": 24, "households": 5}, "geometry": {"type": "Polygon", "coordinates": [[[77.13475000000001, 19.718010000000003], [77.10875, 19.71844], [77.09985, 19.717570000000002], [77.09922, 19.71872], [77.10098, 19.72297], [77.10659000000001, 19.727880000000003], [77.12962, 19.72387], [77.13588, 19.7239], [77.13858, 19.72303], [77.1409, 19.71969], [77.13475000000001, 19.718010000000003]]]}}, {"id": "560", "type": "Feature", "properties": {"village_name": "Jamthi Kh", "vil_lgd": 545941, "district_name": "Hingoli", "dist_lgd": 477, "subdistrict_name": "Hingoli", "sdcode": 4112, "block_name": "Hingoli", "block_lgd": 163, "gp_name": "", "state_name": "MAHARASHTRA", "state_lgd": 27, "population": 1451, "households": 302}, "geometry": {"type": "Polygon", "coordinates": [[[77.09861000000001, 19.79926], [77.09827, 19.810760000000002], [77.09599, 19.81799], [77.09515, 19.824800000000003], [77.09586, 19.829520000000002], [77.09747, 19.8319], [77.10118, 19.83446], [77.1072, 19.83723], [77.11054, 19.837480000000003], [77.12419000000001, 19.833350000000003], [77.11739, 19.813350000000003], [77.11630000000001, 19.81184], [77.11027, 19.807720000000003], [77.1058, 19.801940000000002], [77.10051, 19.79944], [77.09861000000001, 19.79926]]]}}, {"id": "561", "type": "Feature", "properties": {"village_name": "Nandura", "vil_lgd": 545973, "district_name": "Hingoli", "dist_lgd": 477, "subdistrict_name": "Hingoli", "sdcode": 4112, "block_name": "Hingoli", "block_lgd": 163, "gp_name": "", "state_name": "MAHARASHTRA", "state_lgd": 27, "population": 769, "households": 142}, "geometry": {"type": "Polygon", "coordinates": [[[77.04996000000001, 19.800220000000003], [77.03548, 19.80016], [77.03281000000001, 19.8026], [77.02955, 19.81344], [77.03231000000001, 19.81399], [77.0382, 19.820200000000003], [77.04332000000001, 19.827340000000003], [77.04424, 19.83001], [77.04847000000001, 19.82898], [77.04789000000001, 19.819920000000003], [77.05003, 19.81765], [77.05074, 19.815640000000002], [77.05427, 19.81236], [77.05098000000001, 19.80328], [77.04996000000001, 19.800220000000003]]]}}, {"id": "562", "type": "Feature", "properties": {"village_name": "Pangri", "vil_lgd": 545971, "district_name": "Hingoli", "dist_lgd": 477, "subdistrict_name": "Hingoli", "sdcode": 4112, "block_name": "Hingoli", "block_lgd": 163, "gp_name": "", "state_name": "MAHARASHTRA", "state_lgd": 27, "population": 1781, "households": 348}, "geometry": {"type": "Polygon", "coordinates": [[[77.08858000000001, 19.79624], [77.08115000000001, 19.797960000000003], [77.0759, 19.79802], [77.07342000000001, 19.801560000000002], [77.07311, 19.8034], [77.07418000000001, 19.81697], [77.07586, 19.823860000000003], [77.08068, 19.830830000000002], [77.08048000000001, 19.83202], [77.09586, 19.829520000000002], [77.09515, 19.824800000000003], [77.09599, 19.81799], [77.09827, 19.810760000000002], [77.09861000000001, 19.79926], [77.08858000000001, 19.79624]]]}}, {"id": "563", "type": "Feature", "properties": {"village_name": "Malhiwara", "vil_lgd": 545871, "district_name": "Hingoli", "dist_lgd": 477, "subdistrict_name": "Hingoli", "sdcode": 4112, "block_name": "Hingoli", "block_lgd": 163, "gp_name": "", "state_name": "MAHARASHTRA", "state_lgd": 27, "population": 2145, "households": 433}, "geometry": {"type": "Polygon", "coordinates": [[[77.21489000000001, 19.81097], [77.21185000000001, 19.810440000000003], [77.20549000000001, 19.810930000000003], [77.19773, 19.81069], [77.19516, 19.80752], [77.19065, 19.81181], [77.18261000000001, 19.81634], [77.17398, 19.818260000000002], [77.17713, 19.829890000000002], [77.1799, 19.832780000000003], [77.18531, 19.836270000000003], [77.18812000000001, 19.83967], [77.18838000000001, 19.841450000000002], [77.19281000000001, 19.841890000000003], [77.19937, 19.842950000000002], [77.20239000000001, 19.83997], [77.21401, 19.833270000000002], [77.21844, 19.82842], [77.21979, 19.818610000000003], [77.21949000000001, 19.81419], [77.21834000000001, 19.81201], [77.21489000000001, 19.81097]]]}}, {"id": "564", "type": "Feature", "properties": {"village_name": "Changephal", "vil_lgd": 545763, "district_name": "Hingoli", "dist_lgd": 477, "subdistrict_name": "Sengaon", "sdcode": 4111, "block_name": "Sengaon", "block_lgd": 162, "gp_name": "", "state_name": "MAHARASHTRA", "state_lgd": 27, "population": 228, "households": 42}, "geometry": {"type": "Polygon", "coordinates": [[[77.01362, 19.81999], [77.0146, 19.817490000000003], [77.01303, 19.812920000000002], [77.00355, 19.803910000000002], [76.99343, 19.812800000000003], [76.99395000000001, 19.81321], [76.99314000000001, 19.82319], [76.99657, 19.82207], [77.01282, 19.82018], [77.01362, 19.81999]]]}}, {"id": "565", "type": "Feature", "properties": {"village_name": "Satamba", "vil_lgd": 545868, "district_name": "Hingoli", "dist_lgd": 477, "subdistrict_name": "Hingoli", "sdcode": 4112, "block_name": "Hingoli", "block_lgd": 163, "gp_name": "", "state_name": "MAHARASHTRA", "state_lgd": 27, "population": 1309, "households": 285}, "geometry": {"type": "Polygon", "coordinates": [[[77.13666, 19.83142], [77.1396, 19.83031], [77.14185, 19.82768], [77.13341000000001, 19.81405], [77.12954, 19.804180000000002], [77.11933, 19.798920000000003], [77.10589, 19.79503], [77.10486, 19.797320000000003], [77.10483, 19.800140000000003], [77.1058, 19.801940000000002], [77.11027, 19.807720000000003], [77.11630000000001, 19.81184], [77.11739, 19.813350000000003], [77.12419000000001, 19.833350000000003], [77.13737, 19.83237], [77.13666, 19.83142]]]}}, {"id": "566", "type": "Feature", "properties": {"village_name": "Yehlegaon Hatkar", "vil_lgd": 545891, "district_name": "Hingoli", "dist_lgd": 477, "subdistrict_name": "Hingoli", "sdcode": 4112, "block_name": "Hingoli", "block_lgd": 163, "gp_name": "", "state_name": "MAHARASHTRA", "state_lgd": 27, "population": 225, "households": 46}, "geometry": {"type": "Polygon", "coordinates": [[[77.31528, 19.83042], [77.30959, 19.83087], [77.30430000000001, 19.83276], [77.29822, 19.83369], [77.29835, 19.843010000000003], [77.29905000000001, 19.843590000000003], [77.30139000000001, 19.84825], [77.30430000000001, 19.85056], [77.31211, 19.849680000000003], [77.31398, 19.847630000000002], [77.31516, 19.843120000000003], [77.31540000000001, 19.83933], [77.31528, 19.83042]]]}}, {"id": "567", "type": "Feature", "properties": {"village_name": "Sawargaon", "vil_lgd": 545894, "district_name": "Hingoli", "dist_lgd": 477, "subdistrict_name": "Hingoli", "sdcode": 4112, "block_name": "Hingoli", "block_lgd": 163, "gp_name": "", "state_name": "MAHARASHTRA", "state_lgd": 27, "population": 841, "households": 178}, "geometry": {"type": "Polygon", "coordinates": [[[77.34788, 19.848080000000003], [77.3524, 19.847070000000002], [77.3576, 19.84316], [77.35998000000001, 19.83811], [77.36005, 19.835600000000003], [77.35595, 19.835350000000002], [77.34738, 19.837390000000003], [77.34335, 19.837010000000003], [77.33901, 19.840210000000003], [77.33107000000001, 19.84184], [77.33124000000001, 19.84439], [77.33046, 19.84899], [77.33663, 19.84785], [77.34788, 19.848080000000003]]]}}, {"id": "568", "type": "Feature", "properties": {"village_name": "Kadti", "vil_lgd": 545974, "district_name": "Hingoli", "dist_lgd": 477, "subdistrict_name": "Hingoli", "sdcode": 4112, "block_name": "Hingoli", "block_lgd": 163, "gp_name": "", "state_name": "MAHARASHTRA", "state_lgd": 27, "population": 1191, "households": 246}, "geometry": {"type": "Polygon", "coordinates": [[[77.02955, 19.81344], [77.03281000000001, 19.8026], [77.03548, 19.80016], [77.03761, 19.798260000000003], [77.03862000000001, 19.796120000000002], [77.03840000000001, 19.792830000000002], [77.03697000000001, 19.78956], [77.03583, 19.788880000000002], [77.03105000000001, 19.78875], [77.02386000000001, 19.7896], [77.01249, 19.78337], [77.00958, 19.78312], [77.00731, 19.783520000000003], [77.00399, 19.785870000000003], [77.00200000000001, 19.788410000000002], [76.9992, 19.794220000000003], [76.99947, 19.79784], [76.99986000000001, 19.800880000000003], [77.00355, 19.803910000000002], [77.01303, 19.812920000000002], [77.0146, 19.817490000000003], [77.02435000000001, 19.81359], [77.02955, 19.81344]]]}}, {"id": "569", "type": "Feature", "properties": {"village_name": "Jodtala", "vil_lgd": 545887, "district_name": "Hingoli", "dist_lgd": 477, "subdistrict_name": "Hingoli", "sdcode": 4112, "block_name": "Hingoli", "block_lgd": 163, "gp_name": "", "state_name": "MAHARASHTRA", "state_lgd": 27, "population": 973, "households": 207}, "geometry": {"type": "Polygon", "coordinates": [[[77.21834000000001, 19.81201], [77.21949000000001, 19.81419], [77.21979, 19.818610000000003], [77.21844, 19.82842], [77.21401, 19.833270000000002], [77.21946000000001, 19.83564], [77.22755000000001, 19.83667], [77.23993, 19.834500000000002], [77.23972, 19.827620000000003], [77.23689, 19.81784], [77.23585, 19.8165], [77.23339, 19.81501], [77.2245, 19.813480000000002], [77.21834000000001, 19.81201]]]}}, {"id": "570", "type": "Feature", "properties": {"village_name": "Bhandegaon", "vil_lgd": 545870, "district_name": "Hingoli", "dist_lgd": 477, "subdistrict_name": "Hingoli", "sdcode": 4112, "block_name": "Hingoli", "block_lgd": 163, "gp_name": "", "state_name": "MAHARASHTRA", "state_lgd": 27, "population": 2456, "households": 498}, "geometry": {"type": "Polygon", "coordinates": [[[77.15682000000001, 19.805290000000003], [77.15481000000001, 19.79941], [77.14275, 19.79813], [77.14037, 19.80021], [77.13552, 19.80251], [77.12954, 19.804180000000002], [77.13341000000001, 19.81405], [77.14185, 19.82768], [77.14995, 19.826220000000003], [77.15499000000001, 19.82393], [77.16354000000001, 19.81716], [77.15682000000001, 19.805290000000003]]]}}, {"id": "571", "type": "Feature", "properties": {"village_name": "Pimpaldari Tarf Basamba", "vil_lgd": 545892, "district_name": "Hingoli", "dist_lgd": 477, "subdistrict_name": "Hingoli", "sdcode": 4112, "block_name": "Hingoli", "block_lgd": 163, "gp_name": "", "state_name": "MAHARASHTRA", "state_lgd": 27, "population": 994, "households": 174}, "geometry": {"type": "Polygon", "coordinates": [[[77.32638, 19.84212], [77.33034, 19.840010000000003], [77.33152000000001, 19.834120000000002], [77.33079000000001, 19.82534], [77.32993, 19.81485], [77.31935, 19.81978], [77.31914, 19.824630000000003], [77.31528, 19.83042], [77.31540000000001, 19.83933], [77.31516, 19.843120000000003], [77.32029, 19.84325], [77.32384, 19.84222], [77.32638, 19.84212]]]}}, {"id": "572", "type": "Feature", "properties": {"village_name": "Pedgaonwadi", "vil_lgd": 545888, "district_name": "Hingoli", "dist_lgd": 477, "subdistrict_name": "Hingoli", "sdcode": 4112, "block_name": "Hingoli", "block_lgd": 163, "gp_name": "", "state_name": "MAHARASHTRA", "state_lgd": 27, "population": 546, "households": 104}, "geometry": {"type": "Polygon", "coordinates": [[[77.25277000000001, 19.811980000000002], [77.25484, 19.81287], [77.25606, 19.812240000000003], [77.25527000000001, 19.805770000000003], [77.25635000000001, 19.803040000000003], [77.25505000000001, 19.80035], [77.25099, 19.8], [77.24979, 19.79907], [77.24542000000001, 19.79623], [77.23585, 19.8165], [77.23689, 19.81784], [77.23972, 19.827620000000003], [77.23993, 19.834500000000002], [77.24816000000001, 19.832800000000002], [77.25104, 19.825490000000002], [77.25335000000001, 19.824430000000003], [77.25189, 19.819560000000003], [77.25277000000001, 19.811980000000002]]]}}, {"id": "573", "type": "Feature", "properties": {"village_name": "Pedgaon", "vil_lgd": 545905, "district_name": "Hingoli", "dist_lgd": 477, "subdistrict_name": "Hingoli", "sdcode": 4112, "block_name": "Hingoli", "block_lgd": 163, "gp_name": "", "state_name": "MAHARASHTRA", "state_lgd": 27, "population": 3729, "households": 754}, "geometry": {"type": "Polygon", "coordinates": [[[77.29331, 19.82367], [77.29488, 19.824350000000003], [77.2951, 19.82212], [77.2994, 19.81633], [77.29624000000001, 19.813170000000003], [77.28814000000001, 19.80189], [77.27958000000001, 19.803590000000003], [77.27657, 19.803160000000002], [77.27316, 19.796870000000002], [77.272, 19.78913], [77.2639, 19.792910000000003], [77.25954, 19.793380000000003], [77.26014, 19.79697], [77.25944000000001, 19.797990000000002], [77.25113, 19.797980000000003], [77.24979, 19.79907], [77.25099, 19.8], [77.25505000000001, 19.80035], [77.25635000000001, 19.803040000000003], [77.25527000000001, 19.805770000000003], [77.25606, 19.812240000000003], [77.25484, 19.81287], [77.25277000000001, 19.811980000000002], [77.25189, 19.819560000000003], [77.25335000000001, 19.824430000000003], [77.25104, 19.825490000000002], [77.24816000000001, 19.832800000000002], [77.26099, 19.829720000000002], [77.27975, 19.82768], [77.29111, 19.82383], [77.29331, 19.82367]]]}}, {"id": "574", "type": "Feature", "properties": {"village_name": "Sandas Tarf Basamba", "vil_lgd": 545893, "district_name": "Hingoli", "dist_lgd": 477, "subdistrict_name": "Hingoli", "sdcode": 4112, "block_name": "Hingoli", "block_lgd": 163, "gp_name": "", "state_name": "MAHARASHTRA", "state_lgd": 27, "population": 767, "households": 142}, "geometry": {"type": "Polygon", "coordinates": [[[77.34060000000001, 19.83462], [77.34011000000001, 19.831570000000003], [77.34412, 19.82505], [77.33787000000001, 19.825850000000003], [77.33079000000001, 19.82534], [77.33152000000001, 19.834120000000002], [77.33034, 19.840010000000003], [77.33107000000001, 19.84184], [77.33901, 19.840210000000003], [77.34335, 19.837010000000003], [77.34060000000001, 19.83462]]]}}, {"id": "575", "type": "Feature", "properties": {"village_name": "Idoli", "vil_lgd": 545982, "district_name": "Hingoli", "dist_lgd": 477, "subdistrict_name": "Hingoli", "sdcode": 4112, "block_name": "Hingoli", "block_lgd": 163, "gp_name": "", "state_name": "MAHARASHTRA", "state_lgd": 27, "population": 1701, "households": 313}, "geometry": {"type": "Polygon", "coordinates": [[[77.07138, 19.798920000000003], [77.0759, 19.79802], [77.07611, 19.791150000000002], [77.07762000000001, 19.785130000000002], [77.08833000000001, 19.766150000000003], [77.07792, 19.76818], [77.06903000000001, 19.76995], [77.05980000000001, 19.77438], [77.06033000000001, 19.782870000000003], [77.05855000000001, 19.791150000000002], [77.05484000000001, 19.79832], [77.04996000000001, 19.800220000000003], [77.05098000000001, 19.80328], [77.05853, 19.80376], [77.07138, 19.798920000000003]]]}}, {"id": "576", "type": "Feature", "properties": {"village_name": "Amla", "vil_lgd": 545981, "district_name": "Hingoli", "dist_lgd": 477, "subdistrict_name": "Hingoli", "sdcode": 4112, "block_name": "Hingoli", "block_lgd": 163, "gp_name": "", "state_name": "MAHARASHTRA", "state_lgd": 27, "population": 1072, "households": 233}, "geometry": {"type": "Polygon", "coordinates": [[[77.0411, 19.77355], [77.04097, 19.781260000000003], [77.03944000000001, 19.78658], [77.03697000000001, 19.78956], [77.03840000000001, 19.792830000000002], [77.03862000000001, 19.796120000000002], [77.03761, 19.798260000000003], [77.03548, 19.80016], [77.04996000000001, 19.800220000000003], [77.05484000000001, 19.79832], [77.05855000000001, 19.791150000000002], [77.06033000000001, 19.782870000000003], [77.05980000000001, 19.77438], [77.0411, 19.77355]]]}}, {"id": "577", "type": "Feature", "properties": {"village_name": "Khadkad Bk", "vil_lgd": 545902, "district_name": "Hingoli", "dist_lgd": 477, "subdistrict_name": "Hingoli", "sdcode": 4112, "block_name": "Hingoli", "block_lgd": 163, "gp_name": "", "state_name": "MAHARASHTRA", "state_lgd": 27, "population": 848, "households": 163}, "geometry": {"type": "Polygon", "coordinates": [[[77.34092000000001, 19.809690000000003], [77.33878, 19.79785], [77.32766000000001, 19.802300000000002], [77.32494000000001, 19.802380000000003], [77.32187, 19.80169], [77.31187000000001, 19.797], [77.31061000000001, 19.796650000000003], [77.31341, 19.804160000000003], [77.31273, 19.812900000000003], [77.31457, 19.815350000000002], [77.31935, 19.81978], [77.32993, 19.81485], [77.34092000000001, 19.809690000000003]]]}}, {"id": "578", "type": "Feature", "properties": {"village_name": "Parda", "vil_lgd": 545916, "district_name": "Hingoli", "dist_lgd": 477, "subdistrict_name": "Hingoli", "sdcode": 4112, "block_name": "Hingoli", "block_lgd": 163, "gp_name": "", "state_name": "MAHARASHTRA", "state_lgd": 27, "population": 1728, "households": 319}, "geometry": {"type": "Polygon", "coordinates": [[[77.23142, 19.77691], [77.22392, 19.77627], [77.2192, 19.774800000000003], [77.21592000000001, 19.775000000000002], [77.20926, 19.781000000000002], [77.20679000000001, 19.781100000000002], [77.20745000000001, 19.783890000000003], [77.21199, 19.791150000000002], [77.21181, 19.80279], [77.21489000000001, 19.81097], [77.21834000000001, 19.81201], [77.2245, 19.813480000000002], [77.23339, 19.81501], [77.23585, 19.8165], [77.24542000000001, 19.79623], [77.23573, 19.78726], [77.23417, 19.78497], [77.23142, 19.77691]]]}}, {"id": "579", "type": "Feature", "properties": {"village_name": "Incha", "vil_lgd": 545942, "district_name": "Hingoli", "dist_lgd": 477, "subdistrict_name": "Hingoli", "sdcode": 4112, "block_name": "Hingoli", "block_lgd": 163, "gp_name": "", "state_name": "MAHARASHTRA", "state_lgd": 27, "population": 1948, "households": 387}, "geometry": {"type": "Polygon", "coordinates": [[[77.10589, 19.79503], [77.10773, 19.79213], [77.11526, 19.78459], [77.11431, 19.77815], [77.11213000000001, 19.774230000000003], [77.10507000000001, 19.76403], [77.10237000000001, 19.76181], [77.08833000000001, 19.766150000000003], [77.07762000000001, 19.785130000000002], [77.07611, 19.791150000000002], [77.0759, 19.79802], [77.08115000000001, 19.797960000000003], [77.08858000000001, 19.79624], [77.09861000000001, 19.79926], [77.10051, 19.79944], [77.1058, 19.801940000000002], [77.10483, 19.800140000000003], [77.10486, 19.797320000000003], [77.10589, 19.79503]]]}}, {"id": "580", "type": "Feature", "properties": {"village_name": "Navalgavhan", "vil_lgd": 545869, "district_name": "Hingoli", "dist_lgd": 477, "subdistrict_name": "Hingoli", "sdcode": 4112, "block_name": "Hingoli", "block_lgd": 163, "gp_name": "", "state_name": "MAHARASHTRA", "state_lgd": 27, "population": 1205, "households": 206}, "geometry": {"type": "Polygon", "coordinates": [[[77.14359, 19.797400000000003], [77.14351, 19.789340000000003], [77.14001, 19.78405], [77.12951000000001, 19.78556], [77.12191, 19.78564], [77.11526, 19.78459], [77.10773, 19.79213], [77.10589, 19.79503], [77.11933, 19.798920000000003], [77.12954, 19.804180000000002], [77.13552, 19.80251], [77.14037, 19.80021], [77.14275, 19.79813], [77.14359, 19.797400000000003]]]}}, {"id": "581", "type": "Feature", "properties": {"village_name": "Bhirda", "vil_lgd": 545915, "district_name": "Hingoli", "dist_lgd": 477, "subdistrict_name": "Hingoli", "sdcode": 4112, "block_name": "Hingoli", "block_lgd": 163, "gp_name": "", "state_name": "MAHARASHTRA", "state_lgd": 27, "population": 1102, "households": 235}, "geometry": {"type": "Polygon", "coordinates": [[[77.21185000000001, 19.810440000000003], [77.21489000000001, 19.81097], [77.21181, 19.80279], [77.21199, 19.791150000000002], [77.20745000000001, 19.783890000000003], [77.20679000000001, 19.781100000000002], [77.20115000000001, 19.78019], [77.19405, 19.780520000000003], [77.19003000000001, 19.781170000000003], [77.1919, 19.78591], [77.19401, 19.805280000000003], [77.19516, 19.80752], [77.19773, 19.81069], [77.20549000000001, 19.810930000000003], [77.21185000000001, 19.810440000000003]]]}}, {"id": "582", "type": "Feature", "properties": {"village_name": "Borja", "vil_lgd": 545895, "district_name": "Hingoli", "dist_lgd": 477, "subdistrict_name": "Hingoli", "sdcode": 4112, "block_name": "Hingoli", "block_lgd": 163, "gp_name": "", "state_name": "MAHARASHTRA", "state_lgd": 27, "population": 539, "households": 119}, "geometry": {"type": "Polygon", "coordinates": [[[77.34783, 19.824050000000003], [77.35378, 19.81725], [77.35681000000001, 19.8169], [77.35871, 19.8186], [77.35929, 19.816550000000003], [77.35803, 19.81145], [77.35573000000001, 19.807260000000003], [77.35129, 19.8059], [77.35009000000001, 19.807450000000003], [77.34663, 19.80929], [77.34092000000001, 19.809690000000003], [77.32993, 19.81485], [77.33079000000001, 19.82534], [77.33787000000001, 19.825850000000003], [77.34412, 19.82505], [77.34783, 19.824050000000003]]]}}, {"id": "583", "type": "Feature", "properties": {"village_name": "Kalkondi", "vil_lgd": 545980, "district_name": "Hingoli", "dist_lgd": 477, "subdistrict_name": "Hingoli", "sdcode": 4112, "block_name": "Hingoli", "block_lgd": 163, "gp_name": "", "state_name": "MAHARASHTRA", "state_lgd": 27, "population": 1197, "households": 243}, "geometry": {"type": "Polygon", "coordinates": [[[77.03583, 19.788880000000002], [77.03697000000001, 19.78956], [77.03944000000001, 19.78658], [77.04097, 19.781260000000003], [77.0411, 19.77355], [77.02666, 19.76996], [77.01785000000001, 19.767770000000002], [77.01258, 19.779590000000002], [77.01249, 19.78337], [77.02386000000001, 19.7896], [77.03105000000001, 19.78875], [77.03583, 19.788880000000002]]]}}, {"id": "584", "type": "Feature", "properties": {"village_name": "Narsi", "vil_lgd": 545985, "district_name": "Hingoli", "dist_lgd": 477, "subdistrict_name": "Hingoli", "sdcode": 4112, "block_name": "Hingoli", "block_lgd": 163, "gp_name": "", "state_name": "MAHARASHTRA", "state_lgd": 27, "population": 5992, "households": 1160}, "geometry": {"type": "Polygon", "coordinates": [[[77.01249, 19.78337], [77.01258, 19.779590000000002], [77.01785000000001, 19.767770000000002], [77.02666, 19.76996], [77.02691, 19.75494], [77.02159, 19.750890000000002], [77.01553000000001, 19.736310000000003], [77.01787, 19.726190000000003], [77.01283000000001, 19.721570000000003], [77.00644000000001, 19.718760000000003], [77.00213000000001, 19.718380000000003], [77.00213000000001, 19.72634], [77.00075000000001, 19.743660000000002], [76.99912, 19.74621], [76.99546000000001, 19.74886], [76.99634, 19.75309], [76.99650000000001, 19.76256], [77.00191000000001, 19.76482], [77.00141, 19.76971], [77.00208, 19.77925], [77.00399, 19.785870000000003], [77.00731, 19.783520000000003], [77.00958, 19.78312], [77.01249, 19.78337]]]}}, {"id": "585", "type": "Feature", "properties": {"village_name": "Limbi", "vil_lgd": 545904, "district_name": "Hingoli", "dist_lgd": 477, "subdistrict_name": "Hingoli", "sdcode": 4112, "block_name": "Hingoli", "block_lgd": 163, "gp_name": "", "state_name": "MAHARASHTRA", "state_lgd": 27, "population": 1152, "households": 216}, "geometry": {"type": "Polygon", "coordinates": [[[77.31341, 19.804160000000003], [77.31061000000001, 19.796650000000003], [77.30636000000001, 19.796310000000002], [77.29167000000001, 19.801190000000002], [77.28814000000001, 19.80189], [77.29624000000001, 19.813170000000003], [77.2994, 19.81633], [77.30412000000001, 19.81408], [77.31273, 19.812900000000003], [77.31341, 19.804160000000003]]]}}, {"id": "586", "type": "Feature", "properties": {"village_name": "Parola", "vil_lgd": 545914, "district_name": "Hingoli", "dist_lgd": 477, "subdistrict_name": "Hingoli", "sdcode": 4112, "block_name": "Hingoli", "block_lgd": 163, "gp_name": "", "state_name": "MAHARASHTRA", "state_lgd": 27, "population": 942, "households": 189}, "geometry": {"type": "Polygon", "coordinates": [[[77.17779, 19.76877], [77.16693000000001, 19.77464], [77.14001, 19.78405], [77.14351, 19.789340000000003], [77.14359, 19.797400000000003], [77.14275, 19.79813], [77.15481000000001, 19.79941], [77.15512000000001, 19.797250000000002], [77.15968000000001, 19.79354], [77.18259, 19.77693], [77.18138, 19.776220000000002], [77.17920000000001, 19.77215], [77.17779, 19.76877]]]}}, {"id": "587", "type": "Feature", "properties": {"village_name": "Waradi", "vil_lgd": 545896, "district_name": "Hingoli", "dist_lgd": 477, "subdistrict_name": "Hingoli", "sdcode": 4112, "block_name": "Hingoli", "block_lgd": 163, "gp_name": "", "state_name": "MAHARASHTRA", "state_lgd": 27, "population": 556, "households": 114}, "geometry": {"type": "Polygon", "coordinates": [[[77.37636, 19.82244], [77.38487, 19.82374], [77.38770000000001, 19.822000000000003], [77.39080000000001, 19.81518], [77.39113, 19.81274], [77.38923000000001, 19.81134], [77.38495, 19.81096], [77.38377000000001, 19.80797], [77.37438, 19.80917], [77.36588, 19.80814], [77.35803, 19.81145], [77.35929, 19.816550000000003], [77.35871, 19.8186], [77.36624, 19.82591], [77.37261000000001, 19.824070000000003], [77.37636, 19.82244]]]}}, {"id": "588", "type": "Feature", "properties": {"village_name": "Sawa", "vil_lgd": 545913, "district_name": "Hingoli", "dist_lgd": 477, "subdistrict_name": "Hingoli", "sdcode": 4112, "block_name": "Hingoli", "block_lgd": 163, "gp_name": "", "state_name": "MAHARASHTRA", "state_lgd": 27, "population": 1575, "households": 309}, "geometry": {"type": "Polygon", "coordinates": [[[77.1738, 19.75906], [77.15907, 19.758170000000003], [77.15564, 19.75975], [77.14838, 19.760520000000003], [77.1461, 19.762], [77.14481, 19.76154], [77.12903, 19.76464], [77.12258, 19.76714], [77.11213000000001, 19.774230000000003], [77.11431, 19.77815], [77.11526, 19.78459], [77.12191, 19.78564], [77.12951000000001, 19.78556], [77.14001, 19.78405], [77.16693000000001, 19.77464], [77.17779, 19.76877], [77.17626000000001, 19.765060000000002], [77.1738, 19.75906]]]}}, {"id": "589", "type": "Feature", "properties": {"village_name": "Sayala", "vil_lgd": 545910, "district_name": "Hingoli", "dist_lgd": 477, "subdistrict_name": "Hingoli", "sdcode": 4112, "block_name": "Hingoli", "block_lgd": 163, "gp_name": "", "state_name": "MAHARASHTRA", "state_lgd": 27, "population": 508, "households": 120}, "geometry": {"type": "Polygon", "coordinates": [[[77.24487, 19.74867], [77.24259, 19.764400000000002], [77.24731000000001, 19.77335], [77.25177000000001, 19.772470000000002], [77.25577000000001, 19.770770000000002], [77.25798, 19.76642], [77.25933, 19.762580000000003], [77.25980000000001, 19.75428], [77.25742000000001, 19.75176], [77.25512, 19.74978], [77.25162, 19.74838], [77.24487, 19.74867]]]}}, {"id": "590", "type": "Feature", "properties": {"village_name": "Koyali", "vil_lgd": 545917, "district_name": "Hingoli", "dist_lgd": 477, "subdistrict_name": "Hingoli", "sdcode": 4112, "block_name": "Hingoli", "block_lgd": 163, "gp_name": "", "state_name": "MAHARASHTRA", "state_lgd": 27, "population": 17, "households": 5}, "geometry": {"type": "Polygon", "coordinates": [[[77.25944000000001, 19.797990000000002], [77.26014, 19.79697], [77.25954, 19.793380000000003], [77.25415000000001, 19.783720000000002], [77.25308000000001, 19.77533], [77.25177000000001, 19.772470000000002], [77.24731000000001, 19.77335], [77.24662000000001, 19.791710000000002], [77.24542000000001, 19.79623], [77.24979, 19.79907], [77.25113, 19.797980000000003], [77.25944000000001, 19.797990000000002]]]}}, {"id": "591", "type": "Feature", "properties": {"village_name": "Tikhadi", "vil_lgd": 545901, "district_name": "Hingoli", "dist_lgd": 477, "subdistrict_name": "Hingoli", "sdcode": 4112, "block_name": "Hingoli", "block_lgd": 163, "gp_name": "", "state_name": "MAHARASHTRA", "state_lgd": 27, "population": 913, "households": 186}, "geometry": {"type": "Polygon", "coordinates": [[[77.36494, 19.79476], [77.36284, 19.7954], [77.3597, 19.79296], [77.35172, 19.79878], [77.35129, 19.8059], [77.35573000000001, 19.807260000000003], [77.35803, 19.81145], [77.36588, 19.80814], [77.36509000000001, 19.80608], [77.36546000000001, 19.797600000000003], [77.36494, 19.79476]]]}}, {"id": "592", "type": "Feature", "properties": {"village_name": "Garolyachi Wadi", "vil_lgd": 546117, "district_name": "Hingoli", "dist_lgd": 477, "subdistrict_name": "Kalamnuri", "sdcode": 4114, "block_name": "Kalamnuri", "block_lgd": 165, "gp_name": "", "state_name": "MAHARASHTRA", "state_lgd": 27, "population": 820, "households": 147}, "geometry": {"type": "Polygon", "coordinates": [[[77.34533, 19.79444], [77.33878, 19.79785], [77.34092000000001, 19.809690000000003], [77.34663, 19.80929], [77.35009000000001, 19.807450000000003], [77.35129, 19.8059], [77.35172, 19.79878], [77.35031000000001, 19.796110000000002], [77.34710000000001, 19.79446], [77.34533, 19.79444]]]}}, {"id": "593", "type": "Feature", "properties": {"village_name": "Yeli", "vil_lgd": 545918, "district_name": "Hingoli", "dist_lgd": 477, "subdistrict_name": "Hingoli", "sdcode": 4112, "block_name": "Hingoli", "block_lgd": 163, "gp_name": "", "state_name": "MAHARASHTRA", "state_lgd": 27, "population": 1334, "households": 269}, "geometry": {"type": "Polygon", "coordinates": [[[77.23490000000001, 19.76368], [77.23213000000001, 19.765490000000003], [77.23042000000001, 19.77005], [77.23142, 19.77691], [77.23417, 19.78497], [77.23573, 19.78726], [77.24542000000001, 19.79623], [77.24662000000001, 19.791710000000002], [77.24731000000001, 19.77335], [77.24259, 19.764400000000002], [77.24063000000001, 19.76341], [77.23490000000001, 19.76368]]]}}, {"id": "594", "type": "Feature", "properties": {"village_name": "Mauja", "vil_lgd": 545907, "district_name": "Hingoli", "dist_lgd": 477, "subdistrict_name": "Hingoli", "sdcode": 4112, "block_name": "Hingoli", "block_lgd": 163, "gp_name": "", "state_name": "MAHARASHTRA", "state_lgd": 27, "population": 842, "households": 158}, "geometry": {"type": "Polygon", "coordinates": [[[77.31061000000001, 19.796650000000003], [77.31187000000001, 19.797], [77.31532, 19.789890000000003], [77.31469000000001, 19.786340000000003], [77.30549, 19.77746], [77.30132, 19.77897], [77.29499000000001, 19.77961], [77.29011000000001, 19.783430000000003], [77.29008, 19.787740000000003], [77.29104000000001, 19.78845], [77.29167000000001, 19.791040000000002], [77.29167000000001, 19.801190000000002], [77.30636000000001, 19.796310000000002], [77.31061000000001, 19.796650000000003]]]}}, {"id": "595", "type": "Feature", "properties": {"village_name": "Gadibori", "vil_lgd": 545897, "district_name": "Hingoli", "dist_lgd": 477, "subdistrict_name": "Hingoli", "sdcode": 4112, "block_name": "Hingoli", "block_lgd": 163, "gp_name": "", "state_name": "MAHARASHTRA", "state_lgd": 27, "population": 1050, "households": 194}, "geometry": {"type": "Polygon", "coordinates": [[[77.3814, 19.7996], [77.37880000000001, 19.793930000000003], [77.36546000000001, 19.797600000000003], [77.36509000000001, 19.80608], [77.36588, 19.80814], [77.37438, 19.80917], [77.38377000000001, 19.80797], [77.3814, 19.7996]]]}}, {"id": "596", "type": "Feature", "properties": {"village_name": "Ghota", "vil_lgd": 545983, "district_name": "Hingoli", "dist_lgd": 477, "subdistrict_name": "Hingoli", "sdcode": 4112, "block_name": "Hingoli", "block_lgd": 163, "gp_name": "", "state_name": "MAHARASHTRA", "state_lgd": 27, "population": 1400, "households": 280}, "geometry": {"type": "Polygon", "coordinates": [[[77.04397, 19.74925], [77.02691, 19.75494], [77.02666, 19.76996], [77.0411, 19.77355], [77.05980000000001, 19.77438], [77.06903000000001, 19.76995], [77.06371, 19.764280000000003], [77.05559000000001, 19.75832], [77.05143000000001, 19.751510000000003], [77.04397, 19.74925]]]}}, {"id": "597", "type": "Feature", "properties": {"village_name": "Khadkad Kh", "vil_lgd": 546116, "district_name": "Hingoli", "dist_lgd": 477, "subdistrict_name": "Kalamnuri", "sdcode": 4114, "block_name": "Kalamnuri", "block_lgd": 165, "gp_name": "", "state_name": "MAHARASHTRA", "state_lgd": 27, "population": 95, "households": 26}, "geometry": {"type": "Polygon", "coordinates": [[[77.33276000000001, 19.785610000000002], [77.32924000000001, 19.78706], [77.3228, 19.789740000000002], [77.31532, 19.789890000000003], [77.31187000000001, 19.797], [77.32187, 19.80169], [77.32494000000001, 19.802380000000003], [77.32766000000001, 19.802300000000002], [77.33878, 19.79785], [77.33902, 19.79007], [77.33751000000001, 19.786990000000003], [77.3357, 19.785870000000003], [77.33276000000001, 19.785610000000002]]]}}, {"id": "598", "type": "Feature", "properties": {"village_name": "Chincholi", "vil_lgd": 545909, "district_name": "Hingoli", "dist_lgd": 477, "subdistrict_name": "Hingoli", "sdcode": 4112, "block_name": "Hingoli", "block_lgd": 163, "gp_name": "", "state_name": "MAHARASHTRA", "state_lgd": 27, "population": 1378, "households": 267}, "geometry": {"type": "Polygon", "coordinates": [[[77.27575, 19.766720000000003], [77.26552000000001, 19.76905], [77.25798, 19.76642], [77.25577000000001, 19.770770000000002], [77.25177000000001, 19.772470000000002], [77.25308000000001, 19.77533], [77.25415000000001, 19.783720000000002], [77.25954, 19.793380000000003], [77.2639, 19.792910000000003], [77.272, 19.78913], [77.27227, 19.783920000000002], [77.27707000000001, 19.77642], [77.27534, 19.76987], [77.27575, 19.766720000000003]]]}}, {"id": "599", "type": "Feature", "properties": {"village_name": "Sawad", "vil_lgd": 545953, "district_name": "Hingoli", "dist_lgd": 477, "subdistrict_name": "Hingoli", "sdcode": 4112, "block_name": "Hingoli", "block_lgd": 163, "gp_name": "", "state_name": "MAHARASHTRA", "state_lgd": 27, "population": 2111, "households": 434}, "geometry": {"type": "Polygon", "coordinates": [[[77.07453000000001, 19.76367], [77.07378, 19.76104], [77.07403000000001, 19.740550000000002], [77.07483, 19.737910000000003], [77.06876000000001, 19.72453], [77.06872000000001, 19.7225], [77.05667000000001, 19.71705], [77.05402000000001, 19.719620000000003], [77.05039000000001, 19.72115], [77.04059000000001, 19.72756], [77.04165, 19.732680000000002], [77.04388, 19.741680000000002], [77.04397, 19.74925], [77.05143000000001, 19.751510000000003], [77.05559000000001, 19.75832], [77.06371, 19.764280000000003], [77.06903000000001, 19.76995], [77.07792, 19.76818], [77.07453000000001, 19.76367]]]}}, {"id": "600", "type": "Feature", "properties": {"village_name": "Kharbi", "vil_lgd": 545943, "district_name": "Hingoli", "dist_lgd": 477, "subdistrict_name": "Hingoli", "sdcode": 4112, "block_name": "Hingoli", "block_lgd": 163, "gp_name": "", "state_name": "MAHARASHTRA", "state_lgd": 27, "population": 919, "households": 184}, "geometry": {"type": "Polygon", "coordinates": [[[77.11702000000001, 19.73535], [77.11460000000001, 19.737160000000003], [77.11097000000001, 19.74284], [77.10739000000001, 19.7526], [77.10237000000001, 19.76181], [77.10507000000001, 19.76403], [77.11213000000001, 19.774230000000003], [77.12258, 19.76714], [77.12903, 19.76464], [77.12105000000001, 19.75288], [77.11758, 19.73813], [77.11702000000001, 19.73535]]]}}, {"id": "601", "type": "Feature", "properties": {"village_name": "Basamba", "vil_lgd": 545919, "district_name": "Hingoli", "dist_lgd": 477, "subdistrict_name": "Hingoli", "sdcode": 4112, "block_name": "Hingoli", "block_lgd": 163, "gp_name": "", "state_name": "MAHARASHTRA", "state_lgd": 27, "population": 3627, "households": 717}, "geometry": {"type": "Polygon", "coordinates": [[[77.20115000000001, 19.78019], [77.20679000000001, 19.781100000000002], [77.20926, 19.781000000000002], [77.21592000000001, 19.775000000000002], [77.2192, 19.774800000000003], [77.21789000000001, 19.77164], [77.21520000000001, 19.75475], [77.21389, 19.752820000000003], [77.21324000000001, 19.74942], [77.21058000000001, 19.747770000000003], [77.20629000000001, 19.7422], [77.20572, 19.740630000000003], [77.20613, 19.73767], [77.20329000000001, 19.7376], [77.197, 19.73494], [77.18950000000001, 19.73807], [77.18495, 19.747220000000002], [77.18128, 19.750040000000002], [77.17490000000001, 19.752260000000003], [77.17293000000001, 19.75468], [77.1738, 19.75906], [77.17626000000001, 19.765060000000002], [77.17779, 19.76877], [77.17920000000001, 19.77215], [77.18138, 19.776220000000002], [77.18259, 19.77693], [77.18448000000001, 19.77803], [77.18894, 19.779700000000002], [77.19003000000001, 19.781170000000003], [77.19405, 19.780520000000003], [77.20115000000001, 19.78019]]]}}, {"id": "602", "type": "Feature", "properties": {"village_name": "Warud Gawali", "vil_lgd": 545952, "district_name": "Hingoli", "dist_lgd": 477, "subdistrict_name": "Hingoli", "sdcode": 4112, "block_name": "Hingoli", "block_lgd": 163, "gp_name": "", "state_name": "MAHARASHTRA", "state_lgd": 27, "population": 2032, "households": 359}, "geometry": {"type": "Polygon", "coordinates": [[[77.10745, 19.731650000000002], [77.10619000000001, 19.732770000000002], [77.08841000000001, 19.73647], [77.07483, 19.737910000000003], [77.07403000000001, 19.740550000000002], [77.07378, 19.76104], [77.07453000000001, 19.76367], [77.07792, 19.76818], [77.08833000000001, 19.766150000000003], [77.10237000000001, 19.76181], [77.10739000000001, 19.7526], [77.11097000000001, 19.74284], [77.11460000000001, 19.737160000000003], [77.10745, 19.731650000000002]]]}}, {"id": "603", "type": "Feature", "properties": {"village_name": "Mahari Bk", "vil_lgd": 546118, "district_name": "Hingoli", "dist_lgd": 477, "subdistrict_name": "Kalamnuri", "sdcode": 4114, "block_name": "Kalamnuri", "block_lgd": 165, "gp_name": "", "state_name": "MAHARASHTRA", "state_lgd": 27, "population": 743, "households": 133}, "geometry": {"type": "Polygon", "coordinates": [[[77.3597, 19.79296], [77.35862, 19.7912], [77.35795, 19.78631], [77.35886, 19.776980000000002], [77.35685000000001, 19.775360000000003], [77.35432, 19.76932], [77.35145, 19.76631], [77.34174, 19.762240000000002], [77.3395, 19.76218], [77.33036000000001, 19.76713], [77.32912, 19.76958], [77.32766000000001, 19.77026], [77.32871, 19.771440000000002], [77.32924000000001, 19.78706], [77.33276000000001, 19.785610000000002], [77.3357, 19.785870000000003], [77.33751000000001, 19.786990000000003], [77.33902, 19.79007], [77.33878, 19.79785], [77.34533, 19.79444], [77.34710000000001, 19.79446], [77.35031000000001, 19.796110000000002], [77.35172, 19.79878], [77.3597, 19.79296]]]}}, {"id": "604", "type": "Feature", "properties": {"village_name": "Nandusa", "vil_lgd": 545908, "district_name": "Hingoli", "dist_lgd": 477, "subdistrict_name": "Hingoli", "sdcode": 4112, "block_name": "Hingoli", "block_lgd": 163, "gp_name": "", "state_name": "MAHARASHTRA", "state_lgd": 27, "population": 812, "households": 165}, "geometry": {"type": "Polygon", "coordinates": [[[77.28517000000001, 19.76173], [77.27575, 19.766720000000003], [77.27534, 19.76987], [77.27707000000001, 19.77642], [77.27227, 19.783920000000002], [77.272, 19.78913], [77.27770000000001, 19.786420000000003], [77.29011000000001, 19.783430000000003], [77.29499000000001, 19.77961], [77.30132, 19.77897], [77.30549, 19.77746], [77.30593, 19.7767], [77.30522, 19.77317], [77.30403000000001, 19.77175], [77.2973, 19.76742], [77.29023000000001, 19.76491], [77.28517000000001, 19.76173]]]}}, {"id": "605", "type": "Feature", "properties": {"village_name": "Morwad", "vil_lgd": 546119, "district_name": "Hingoli", "dist_lgd": 477, "subdistrict_name": "Kalamnuri", "sdcode": 4114, "block_name": "Kalamnuri", "block_lgd": 165, "gp_name": "", "state_name": "MAHARASHTRA", "state_lgd": 27, "population": 1354, "households": 268}, "geometry": {"type": "Polygon", "coordinates": [[[77.32766000000001, 19.77026], [77.30991, 19.773310000000002], [77.30931000000001, 19.77511], [77.30757000000001, 19.77662], [77.30593, 19.7767], [77.30549, 19.77746], [77.31469000000001, 19.786340000000003], [77.31532, 19.789890000000003], [77.3228, 19.789740000000002], [77.32924000000001, 19.78706], [77.32871, 19.771440000000002], [77.32766000000001, 19.77026]]]}}, {"id": "606", "type": "Feature", "properties": {"village_name": "Pimparkhed", "vil_lgd": 545920, "district_name": "Hingoli", "dist_lgd": 477, "subdistrict_name": "Hingoli", "sdcode": 4112, "block_name": "Hingoli", "block_lgd": 163, "gp_name": "", "state_name": "MAHARASHTRA", "state_lgd": 27, "population": 1264, "households": 256}, "geometry": {"type": "Polygon", "coordinates": [[[77.24063000000001, 19.76341], [77.24259, 19.764400000000002], [77.24487, 19.74867], [77.23271000000001, 19.74229], [77.23167000000001, 19.744130000000002], [77.22109, 19.746740000000003], [77.21583000000001, 19.74699], [77.21324000000001, 19.74942], [77.21389, 19.752820000000003], [77.21520000000001, 19.75475], [77.21789000000001, 19.77164], [77.2192, 19.774800000000003], [77.22392, 19.77627], [77.23142, 19.77691], [77.23042000000001, 19.77005], [77.23213000000001, 19.765490000000003], [77.23490000000001, 19.76368], [77.24063000000001, 19.76341]]]}}, {"id": "607", "type": "Feature", "properties": {"village_name": "Kesapur", "vil_lgd": 545984, "district_name": "Hingoli", "dist_lgd": 477, "subdistrict_name": "Hingoli", "sdcode": 4112, "block_name": "Hingoli", "block_lgd": 163, "gp_name": "", "state_name": "MAHARASHTRA", "state_lgd": 27, "population": 2168, "households": 397}, "geometry": {"type": "Polygon", "coordinates": [[[77.04059000000001, 19.72756], [77.03801, 19.72842], [77.01787, 19.726190000000003], [77.01553000000001, 19.736310000000003], [77.02159, 19.750890000000002], [77.02691, 19.75494], [77.04397, 19.74925], [77.04388, 19.741680000000002], [77.04165, 19.732680000000002], [77.04059000000001, 19.72756]]]}}, {"id": "608", "type": "Feature", "properties": {"village_name": "Khambala", "vil_lgd": 545944, "district_name": "Hingoli", "dist_lgd": 477, "subdistrict_name": "Hingoli", "sdcode": 4112, "block_name": "Hingoli", "block_lgd": 163, "gp_name": "", "state_name": "MAHARASHTRA", "state_lgd": 27, "population": 1367, "households": 267}, "geometry": {"type": "Polygon", "coordinates": [[[77.12261000000001, 19.733020000000003], [77.11702000000001, 19.73535], [77.11758, 19.73813], [77.12105000000001, 19.75288], [77.12903, 19.76464], [77.14481, 19.76154], [77.14081, 19.750480000000003], [77.13764, 19.742790000000003], [77.138, 19.73853], [77.12497, 19.734740000000002], [77.12261000000001, 19.733020000000003]]]}}, {"id": "609", "type": "Feature", "properties": {"village_name": "Rajura", "vil_lgd": 545912, "district_name": "Hingoli", "dist_lgd": 477, "subdistrict_name": "Hingoli", "sdcode": 4112, "block_name": "Hingoli", "block_lgd": 163, "gp_name": "", "state_name": "MAHARASHTRA", "state_lgd": 27, "population": 844, "households": 156}, "geometry": {"type": "Polygon", "coordinates": [[[77.2878, 19.73677], [77.28623, 19.757430000000003], [77.28517000000001, 19.76173], [77.29023000000001, 19.76491], [77.2973, 19.76742], [77.30403000000001, 19.77175], [77.30522, 19.77317], [77.30593, 19.7767], [77.30757000000001, 19.77662], [77.30931000000001, 19.77511], [77.30991, 19.773310000000002], [77.30654000000001, 19.76839], [77.30493000000001, 19.760080000000002], [77.30592, 19.751140000000003], [77.30528000000001, 19.744320000000002], [77.30075000000001, 19.74315], [77.29465, 19.738290000000003], [77.29233, 19.73749], [77.2878, 19.73677]]]}}, {"id": "610", "type": "Feature", "properties": {"village_name": "Kharwad", "vil_lgd": 546120, "district_name": "Hingoli", "dist_lgd": 477, "subdistrict_name": "Kalamnuri", "sdcode": 4114, "block_name": "Kalamnuri", "block_lgd": 165, "gp_name": "", "state_name": "MAHARASHTRA", "state_lgd": 27, "population": 2073, "households": 446}, "geometry": {"type": "Polygon", "coordinates": [[[77.31851, 19.741500000000002], [77.30857, 19.74361], [77.30528000000001, 19.744320000000002], [77.30592, 19.751140000000003], [77.30493000000001, 19.760080000000002], [77.30654000000001, 19.76839], [77.30991, 19.773310000000002], [77.32766000000001, 19.77026], [77.32912, 19.76958], [77.33036000000001, 19.76713], [77.3395, 19.76218], [77.33805000000001, 19.75421], [77.33634, 19.75084], [77.33184, 19.746750000000002], [77.32554, 19.743440000000003], [77.31851, 19.741500000000002]]]}}, {"id": "611", "type": "Feature", "properties": {"village_name": "Kanka", "vil_lgd": 545924, "district_name": "Hingoli", "dist_lgd": 477, "subdistrict_name": "Hingoli", "sdcode": 4112, "block_name": "Hingoli", "block_lgd": 163, "gp_name": "", "state_name": "MAHARASHTRA", "state_lgd": 27, "population": 1754, "households": 345}, "geometry": {"type": "Polygon", "coordinates": [[[77.2878, 19.73677], [77.28337, 19.732870000000002], [77.27756000000001, 19.731810000000003], [77.27605000000001, 19.73461], [77.26856000000001, 19.741390000000003], [77.26397, 19.741840000000003], [77.25808, 19.739620000000002], [77.25983000000001, 19.74615], [77.25742000000001, 19.75176], [77.25980000000001, 19.75428], [77.27420000000001, 19.755460000000003], [77.27575, 19.75645], [77.27712000000001, 19.758860000000002], [77.27575, 19.766720000000003], [77.28517000000001, 19.76173], [77.28623, 19.757430000000003], [77.2878, 19.73677]]]}}, {"id": "612", "type": "Feature", "properties": {"village_name": "Deulgaon Rama", "vil_lgd": 545954, "district_name": "Hingoli", "dist_lgd": 477, "subdistrict_name": "Hingoli", "sdcode": 4112, "block_name": "Hingoli", "block_lgd": 163, "gp_name": "", "state_name": "MAHARASHTRA", "state_lgd": 27, "population": 747, "households": 158}, "geometry": {"type": "Polygon", "coordinates": [[[77.08828000000001, 19.71627], [77.08574, 19.71781], [77.07105, 19.721110000000003], [77.06872000000001, 19.7225], [77.06876000000001, 19.72453], [77.07483, 19.737910000000003], [77.08841000000001, 19.73647], [77.10619000000001, 19.732770000000002], [77.10745, 19.731650000000002], [77.10745, 19.728830000000002], [77.10659000000001, 19.727880000000003], [77.10098, 19.72297], [77.09922, 19.71872], [77.09985, 19.717570000000002], [77.08828000000001, 19.71627]]]}}, {"id": "613", "type": "Feature", "properties": {"village_name": "Andharwadi", "vil_lgd": 545945, "district_name": "Hingoli", "dist_lgd": 477, "subdistrict_name": "Hingoli", "sdcode": 4112, "block_name": "Hingoli", "block_lgd": 163, "gp_name": "", "state_name": "MAHARASHTRA", "state_lgd": 27, "population": 1354, "households": 258}, "geometry": {"type": "Polygon", "coordinates": [[[77.15564, 19.75975], [77.15907, 19.758170000000003], [77.16068, 19.75673], [77.16302, 19.750510000000002], [77.15263, 19.74986], [77.14531000000001, 19.750310000000002], [77.14081, 19.750480000000003], [77.14481, 19.76154], [77.1461, 19.762], [77.14838, 19.760520000000003], [77.15564, 19.75975]]]}}, {"id": "614", "type": "Feature", "properties": {"village_name": "Bhogaon", "vil_lgd": 545921, "district_name": "Hingoli", "dist_lgd": 477, "subdistrict_name": "Hingoli", "sdcode": 4112, "block_name": "Hingoli", "block_lgd": 163, "gp_name": "", "state_name": "MAHARASHTRA", "state_lgd": 27, "population": 389, "households": 73}, "geometry": {"type": "Polygon", "coordinates": [[[77.22983, 19.72963], [77.22637, 19.730710000000002], [77.21768, 19.73073], [77.21427000000001, 19.731450000000002], [77.20613, 19.73767], [77.20572, 19.740630000000003], [77.20629000000001, 19.7422], [77.21058000000001, 19.747770000000003], [77.21324000000001, 19.74942], [77.21583000000001, 19.74699], [77.22109, 19.746740000000003], [77.23167000000001, 19.744130000000002], [77.23271000000001, 19.74229], [77.23204000000001, 19.73429], [77.22983, 19.72963]]]}}, {"id": "615", "type": "Feature", "properties": {"village_name": "Lohagaon", "vil_lgd": 545992, "district_name": "Hingoli", "dist_lgd": 477, "subdistrict_name": "Hingoli", "sdcode": 4112, "block_name": "Hingoli", "block_lgd": 163, "gp_name": "", "state_name": "MAHARASHTRA", "state_lgd": 27, "population": 3457, "households": 663}, "geometry": {"type": "Polygon", "coordinates": [[[77.05039000000001, 19.72115], [77.05402000000001, 19.719620000000003], [77.05667000000001, 19.71705], [77.05781, 19.715670000000003], [77.05934, 19.707800000000002], [77.05850000000001, 19.70456], [77.05408000000001, 19.698900000000002], [77.05047, 19.694380000000002], [77.05026000000001, 19.691570000000002], [77.05026000000001, 19.68861], [77.05307, 19.67903], [77.04324000000001, 19.675420000000003], [77.03567000000001, 19.67971], [77.02993000000001, 19.68024], [77.02583000000001, 19.681500000000003], [77.02049000000001, 19.684540000000002], [77.02013000000001, 19.68599], [77.01888000000001, 19.69196], [77.01686000000001, 19.695590000000003], [77.01343, 19.699430000000003], [77.00717, 19.703500000000002], [77.00540000000001, 19.70597], [77.00309, 19.710700000000003], [77.00213000000001, 19.718380000000003], [77.00644000000001, 19.718760000000003], [77.01283000000001, 19.721570000000003], [77.01787, 19.726190000000003], [77.03801, 19.72842], [77.04059000000001, 19.72756], [77.05039000000001, 19.72115]]]}}, {"id": "616", "type": "Feature", "properties": {"village_name": "Isapur", "vil_lgd": 545923, "district_name": "Hingoli", "dist_lgd": 477, "subdistrict_name": "Hingoli", "sdcode": 4112, "block_name": "Hingoli", "block_lgd": 163, "gp_name": "", "state_name": "MAHARASHTRA", "state_lgd": 27, "population": 1599, "households": 299}, "geometry": {"type": "Polygon", "coordinates": [[[77.25983000000001, 19.74615], [77.25808, 19.739620000000002], [77.25297, 19.736320000000003], [77.24122000000001, 19.72363], [77.23551, 19.72869], [77.22983, 19.72963], [77.23204000000001, 19.73429], [77.23271000000001, 19.74229], [77.24487, 19.74867], [77.25162, 19.74838], [77.25512, 19.74978], [77.25742000000001, 19.75176], [77.25983000000001, 19.74615]]]}}, {"id": "617", "type": "Feature", "properties": {"village_name": "Karanjala", "vil_lgd": 545991, "district_name": "Hingoli", "dist_lgd": 477, "subdistrict_name": "Hingoli", "sdcode": 4112, "block_name": "Hingoli", "block_lgd": 163, "gp_name": "", "state_name": "MAHARASHTRA", "state_lgd": 27, "population": 969, "households": 173}, "geometry": {"type": "Polygon", "coordinates": [[[77.00202, 19.67547], [76.99863, 19.68504], [76.99006, 19.689230000000002], [76.99185, 19.70109], [76.99714, 19.7058], [76.99636000000001, 19.713800000000003], [76.9967, 19.718400000000003], [77.00213000000001, 19.718380000000003], [77.00309, 19.710700000000003], [77.00540000000001, 19.70597], [77.00717, 19.703500000000002], [77.01343, 19.699430000000003], [77.01686000000001, 19.695590000000003], [77.01888000000001, 19.69196], [77.02013000000001, 19.68599], [77.01209, 19.680310000000002], [77.00754, 19.6781], [77.00202, 19.67547]]]}}, {"id": "618", "type": "Feature", "properties": {"village_name": "Morgavhan", "vil_lgd": 546123, "district_name": "Hingoli", "dist_lgd": 477, "subdistrict_name": "Kalamnuri", "sdcode": 4114, "block_name": "Kalamnuri", "block_lgd": 165, "gp_name": "", "state_name": "MAHARASHTRA", "state_lgd": 27, "population": 577, "households": 133}, "geometry": {"type": "Polygon", "coordinates": [[[77.38088, 19.75731], [77.37705000000001, 19.75231], [77.37652, 19.74604], [77.37018, 19.74255], [77.36250000000001, 19.742050000000003], [77.35806000000001, 19.743260000000003], [77.35749000000001, 19.756], [77.37163000000001, 19.761480000000002], [77.37328000000001, 19.76151], [77.38104000000001, 19.75851], [77.38088, 19.75731]]]}}, {"id": "619", "type": "Feature", "properties": {"village_name": "Raholi Bk", "vil_lgd": 545965, "district_name": "Hingoli", "dist_lgd": 477, "subdistrict_name": "Hingoli", "sdcode": 4112, "block_name": "Hingoli", "block_lgd": 163, "gp_name": "", "state_name": "MAHARASHTRA", "state_lgd": 27, "population": 2208, "households": 451}, "geometry": {"type": "Polygon", "coordinates": [[[77.08841000000001, 19.706770000000002], [77.08732, 19.702070000000003], [77.08149, 19.692700000000002], [77.07530000000001, 19.69404], [77.06397000000001, 19.69913], [77.05882000000001, 19.699820000000003], [77.05408000000001, 19.698900000000002], [77.05850000000001, 19.70456], [77.05934, 19.707800000000002], [77.05781, 19.715670000000003], [77.05667000000001, 19.71705], [77.06872000000001, 19.7225], [77.07105, 19.721110000000003], [77.08574, 19.71781], [77.08828000000001, 19.71627], [77.08841000000001, 19.706770000000002]]]}}, {"id": "620", "type": "Feature", "properties": {"village_name": "Pimplekhuta", "vil_lgd": 545922, "district_name": "Hingoli", "dist_lgd": 477, "subdistrict_name": "Hingoli", "sdcode": 4112, "block_name": "Hingoli", "block_lgd": 163, "gp_name": "", "state_name": "MAHARASHTRA", "state_lgd": 27, "population": 1300, "households": 269}, "geometry": {"type": "Polygon", "coordinates": [[[77.21427000000001, 19.731450000000002], [77.21768, 19.73073], [77.22637, 19.730710000000002], [77.22983, 19.72963], [77.22837000000001, 19.72654], [77.22052000000001, 19.71826], [77.19771, 19.718], [77.20044, 19.732840000000003], [77.197, 19.73494], [77.20329000000001, 19.7376], [77.20613, 19.73767], [77.21427000000001, 19.731450000000002]]]}}, {"id": "621", "type": "Feature", "properties": {"village_name": "Mundhal", "vil_lgd": 546126, "district_name": "Hingoli", "dist_lgd": 477, "subdistrict_name": "Kalamnuri", "sdcode": 4114, "block_name": "Kalamnuri", "block_lgd": 165, "gp_name": "", "state_name": "MAHARASHTRA", "state_lgd": 27, "population": 898, "households": 153}, "geometry": {"type": "Polygon", "coordinates": [[[77.32988, 19.719130000000003], [77.32509, 19.720550000000003], [77.3198, 19.71808], [77.31851, 19.741500000000002], [77.32554, 19.743440000000003], [77.33184, 19.746750000000002], [77.33634, 19.75084], [77.33967000000001, 19.75043], [77.34920000000001, 19.745440000000002], [77.34636, 19.73911], [77.3429, 19.734810000000003], [77.34225, 19.730140000000002], [77.34295, 19.72344], [77.33403000000001, 19.72155], [77.32988, 19.719130000000003]]]}}, {"id": "622", "type": "Feature", "properties": {"village_name": "Ambheri", "vil_lgd": 545926, "district_name": "Hingoli", "dist_lgd": 477, "subdistrict_name": "Hingoli", "sdcode": 4112, "block_name": "Hingoli", "block_lgd": 163, "gp_name": "", "state_name": "MAHARASHTRA", "state_lgd": 27, "population": 1268, "households": 248}, "geometry": {"type": "Polygon", "coordinates": [[[77.25317000000001, 19.7134], [77.24781, 19.7162], [77.24432, 19.71725], [77.24122000000001, 19.72363], [77.25297, 19.736320000000003], [77.25808, 19.739620000000002], [77.26397, 19.741840000000003], [77.26856000000001, 19.741390000000003], [77.27605000000001, 19.73461], [77.27756000000001, 19.731810000000003], [77.2667, 19.72222], [77.25421, 19.71402], [77.25317000000001, 19.7134]]]}}, {"id": "623", "type": "Feature", "properties": {"village_name": "Jatalwadi", "vil_lgd": 546128, "district_name": "Hingoli", "dist_lgd": 477, "subdistrict_name": "Kalamnuri", "sdcode": 4114, "block_name": "Kalamnuri", "block_lgd": 165, "gp_name": "", "state_name": "MAHARASHTRA", "state_lgd": 27, "population": 1325, "households": 225}, "geometry": {"type": "Polygon", "coordinates": [[[77.29953, 19.72857], [77.29851000000001, 19.728360000000002], [77.29628000000001, 19.73198], [77.29527, 19.73149], [77.29516000000001, 19.7285], [77.29292000000001, 19.729400000000002], [77.29088, 19.72672], [77.28681, 19.72813], [77.28335000000001, 19.72735], [77.28337, 19.732870000000002], [77.2878, 19.73677], [77.29233, 19.73749], [77.29465, 19.738290000000003], [77.30075000000001, 19.74315], [77.30528000000001, 19.744320000000002], [77.30857, 19.74361], [77.30863000000001, 19.7421], [77.30688, 19.73871], [77.30239, 19.734530000000003], [77.30238, 19.73217], [77.29953, 19.72857]]]}}, {"id": "624", "type": "Feature", "properties": {"village_name": "Ramwadi", "vil_lgd": 546127, "district_name": "Hingoli", "dist_lgd": 477, "subdistrict_name": "Kalamnuri", "sdcode": 4114, "block_name": "Kalamnuri", "block_lgd": 165, "gp_name": "", "state_name": "MAHARASHTRA", "state_lgd": 27, "population": 734, "households": 133}, "geometry": {"type": "Polygon", "coordinates": [[[77.3198, 19.71808], [77.3194, 19.715880000000002], [77.31662, 19.714000000000002], [77.31597000000001, 19.71628], [77.31292, 19.717460000000003], [77.31269, 19.722240000000003], [77.30994000000001, 19.72354], [77.3078, 19.728630000000003], [77.30618000000001, 19.72944], [77.29953, 19.72857], [77.30238, 19.73217], [77.30239, 19.734530000000003], [77.30688, 19.73871], [77.30863000000001, 19.7421], [77.30857, 19.74361], [77.31851, 19.741500000000002], [77.3198, 19.71808]]]}}, {"id": "625", "type": "Feature", "properties": {"village_name": "Raholi Kh", "vil_lgd": 545964, "district_name": "Hingoli", "dist_lgd": 477, "subdistrict_name": "Hingoli", "sdcode": 4112, "block_name": "Hingoli", "block_lgd": 163, "gp_name": "", "state_name": "MAHARASHTRA", "state_lgd": 27, "population": 1171, "households": 193}, "geometry": {"type": "Polygon", "coordinates": [[[77.10999000000001, 19.70918], [77.11019, 19.70646], [77.10941000000001, 19.70054], [77.10860000000001, 19.69978], [77.10292000000001, 19.695960000000003], [77.09802, 19.69102], [77.09462, 19.684910000000002], [77.08691, 19.686890000000002], [77.08415000000001, 19.689590000000003], [77.08313000000001, 19.69224], [77.08149, 19.692700000000002], [77.08732, 19.702070000000003], [77.08841000000001, 19.706770000000002], [77.08828000000001, 19.71627], [77.09985, 19.717570000000002], [77.10864000000001, 19.71073], [77.10999000000001, 19.70918]]]}}, {"id": "626", "type": "Feature", "properties": {"village_name": "Shenodi", "vil_lgd": 546125, "district_name": "Hingoli", "dist_lgd": 477, "subdistrict_name": "Kalamnuri", "sdcode": 4114, "block_name": "Kalamnuri", "block_lgd": 165, "gp_name": "", "state_name": "MAHARASHTRA", "state_lgd": 27, "population": 1029, "households": 187}, "geometry": {"type": "Polygon", "coordinates": [[[77.37018, 19.74255], [77.37138, 19.729570000000002], [77.3699, 19.72193], [77.36705, 19.716510000000003], [77.36028, 19.717010000000002], [77.35298, 19.72218], [77.34295, 19.72344], [77.34225, 19.730140000000002], [77.3429, 19.734810000000003], [77.34636, 19.73911], [77.34920000000001, 19.745440000000002], [77.35806000000001, 19.743260000000003], [77.36250000000001, 19.742050000000003], [77.37018, 19.74255]]]}}, {"id": "627", "type": "Feature", "properties": {"village_name": "Patan", "vil_lgd": 545927, "district_name": "Hingoli", "dist_lgd": 477, "subdistrict_name": "Hingoli", "sdcode": 4112, "block_name": "Hingoli", "block_lgd": 163, "gp_name": "", "state_name": "MAHARASHTRA", "state_lgd": 27, "population": 222, "households": 42}, "geometry": {"type": "Polygon", "coordinates": [[[77.23645, 19.714460000000003], [77.22293, 19.714820000000003], [77.22247, 19.717630000000003], [77.22052000000001, 19.71826], [77.22837000000001, 19.72654], [77.22983, 19.72963], [77.23551, 19.72869], [77.24122000000001, 19.72363], [77.24432, 19.71725], [77.23645, 19.714460000000003]]]}}, {"id": "628", "type": "Feature", "properties": {"village_name": "Lasina", "vil_lgd": 545925, "district_name": "Hingoli", "dist_lgd": 477, "subdistrict_name": "Hingoli", "sdcode": 4112, "block_name": "Hingoli", "block_lgd": 163, "gp_name": "", "state_name": "MAHARASHTRA", "state_lgd": 27, "population": 1440, "households": 283}, "geometry": {"type": "Polygon", "coordinates": [[[77.26438, 19.701490000000003], [77.26181000000001, 19.7086], [77.25317000000001, 19.7134], [77.25421, 19.71402], [77.2667, 19.72222], [77.27756000000001, 19.731810000000003], [77.28337, 19.732870000000002], [77.28335000000001, 19.72735], [77.27969, 19.72222], [77.27775000000001, 19.71047], [77.27269000000001, 19.70482], [77.26535000000001, 19.701600000000003], [77.26438, 19.701490000000003]]]}}, {"id": "629", "type": "Feature", "properties": {"village_name": "Takli K", "vil_lgd": 546124, "district_name": "Hingoli", "dist_lgd": 477, "subdistrict_name": "Kalamnuri", "sdcode": 4114, "block_name": "Kalamnuri", "block_lgd": 165, "gp_name": "", "state_name": "MAHARASHTRA", "state_lgd": 27, "population": 371, "households": 84}, "geometry": {"type": "Polygon", "coordinates": [[[77.37934000000001, 19.72791], [77.37666, 19.72745], [77.37138, 19.729570000000002], [77.37018, 19.74255], [77.37652, 19.74604], [77.37758000000001, 19.743060000000003], [77.38139000000001, 19.73854], [77.38091, 19.734350000000003], [77.37896, 19.730620000000002], [77.38023000000001, 19.728830000000002], [77.37934000000001, 19.72791]]]}}, {"id": "630", "type": "Feature", "properties": {"village_name": "Masod", "vil_lgd": 546129, "district_name": "Hingoli", "dist_lgd": 477, "subdistrict_name": "Kalamnuri", "sdcode": 4114, "block_name": "Kalamnuri", "block_lgd": 165, "gp_name": "", "state_name": "MAHARASHTRA", "state_lgd": 27, "population": 2180, "households": 453}, "geometry": {"type": "Polygon", "coordinates": [[[77.29953, 19.72857], [77.30618000000001, 19.72944], [77.3078, 19.728630000000003], [77.30994000000001, 19.72354], [77.31269, 19.722240000000003], [77.31292, 19.717460000000003], [77.31597000000001, 19.71628], [77.31662, 19.714000000000002], [77.31512000000001, 19.70876], [77.31379000000001, 19.707140000000003], [77.30947, 19.704320000000003], [77.30505000000001, 19.7027], [77.30013000000001, 19.702900000000003], [77.29546, 19.7057], [77.27775000000001, 19.71047], [77.27969, 19.72222], [77.28335000000001, 19.72735], [77.28681, 19.72813], [77.29088, 19.72672], [77.29292000000001, 19.729400000000002], [77.29516000000001, 19.7285], [77.29527, 19.73149], [77.29628000000001, 19.73198], [77.29851000000001, 19.728360000000002], [77.29953, 19.72857]]]}}, {"id": "631", "type": "Feature", "properties": {"village_name": "Malwadi", "vil_lgd": 545958, "district_name": "Hingoli", "dist_lgd": 477, "subdistrict_name": "Hingoli", "sdcode": 4112, "block_name": "Hingoli", "block_lgd": 163, "gp_name": "", "state_name": "MAHARASHTRA", "state_lgd": 27, "population": 1591, "households": 330}, "geometry": {"type": "Polygon", "coordinates": [[[77.19514000000001, 19.699840000000002], [77.18712000000001, 19.700390000000002], [77.17757, 19.70204], [77.17907000000001, 19.70711], [77.18404000000001, 19.715410000000002], [77.18751, 19.71723], [77.19771, 19.718], [77.19521, 19.70091], [77.19514000000001, 19.699840000000002]]]}}, {"id": "632", "type": "Feature", "properties": {"village_name": "Sawar Kheda", "vil_lgd": 545928, "district_name": "Hingoli", "dist_lgd": 477, "subdistrict_name": "Hingoli", "sdcode": 4112, "block_name": "Hingoli", "block_lgd": 163, "gp_name": "", "state_name": "MAHARASHTRA", "state_lgd": 27, "population": 1292, "households": 242}, "geometry": {"type": "Polygon", "coordinates": [[[77.22247, 19.717630000000003], [77.22293, 19.714820000000003], [77.22179000000001, 19.70568], [77.21678, 19.70539], [77.20725, 19.70127], [77.19521, 19.70091], [77.19771, 19.718], [77.22052000000001, 19.71826], [77.22247, 19.717630000000003]]]}}, {"id": "633", "type": "Feature", "properties": {"village_name": "Jamwadi", "vil_lgd": 545962, "district_name": "Hingoli", "dist_lgd": 477, "subdistrict_name": "Hingoli", "sdcode": 4112, "block_name": "Hingoli", "block_lgd": 163, "gp_name": "", "state_name": "MAHARASHTRA", "state_lgd": 27, "population": 50, "households": 13}, "geometry": {"type": "Polygon", "coordinates": [[[77.13494, 19.67976], [77.12892000000001, 19.687510000000003], [77.12181000000001, 19.6947], [77.12097, 19.69687], [77.12056000000001, 19.697950000000002], [77.12327, 19.70201], [77.1316, 19.705830000000002], [77.13534, 19.705370000000002], [77.13891000000001, 19.70278], [77.14136, 19.69679], [77.1431, 19.680130000000002], [77.14127, 19.67998], [77.13494, 19.67976]]]}}, {"id": "634", "type": "Feature", "properties": {"village_name": "Khanapur Chi", "vil_lgd": 545929, "district_name": "Hingoli", "dist_lgd": 477, "subdistrict_name": "Hingoli", "sdcode": 4112, "block_name": "Hingoli", "block_lgd": 163, "gp_name": "", "state_name": "MAHARASHTRA", "state_lgd": 27, "population": 1274, "households": 235}, "geometry": {"type": "Polygon", "coordinates": [[[77.25317000000001, 19.7134], [77.24480000000001, 19.70738], [77.23466, 19.69733], [77.23277, 19.69031], [77.22710000000001, 19.69011], [77.22307, 19.688830000000003], [77.2218, 19.70304], [77.22179000000001, 19.70568], [77.22293, 19.714820000000003], [77.23645, 19.714460000000003], [77.24432, 19.71725], [77.24781, 19.7162], [77.25317000000001, 19.7134]]]}}, {"id": "635", "type": "Feature", "properties": {"village_name": "Limbala Makta", "vil_lgd": 545968, "district_name": "Hingoli", "dist_lgd": 477, "subdistrict_name": "Hingoli", "sdcode": 4112, "block_name": "Hingoli", "block_lgd": 163, "gp_name": "", "state_name": "MAHARASHTRA", "state_lgd": 27, "population": 1606, "households": 312}, "geometry": {"type": "Polygon", "coordinates": [[[77.12345, 19.6753], [77.11341, 19.67799], [77.10409, 19.67811], [77.09921, 19.68081], [77.09462, 19.684910000000002], [77.09802, 19.69102], [77.10292000000001, 19.695960000000003], [77.10860000000001, 19.69978], [77.12097, 19.69687], [77.12181000000001, 19.6947], [77.12892000000001, 19.687510000000003], [77.13494, 19.67976], [77.1286, 19.679090000000002], [77.12345, 19.6753]]]}}, {"id": "636", "type": "Feature", "properties": {"village_name": "Dholkyachi Wadi", "vil_lgd": 546133, "district_name": "Hingoli", "dist_lgd": 477, "subdistrict_name": "Kalamnuri", "sdcode": 4114, "block_name": "Kalamnuri", "block_lgd": 165, "gp_name": "", "state_name": "MAHARASHTRA", "state_lgd": 27, "population": 1284, "households": 182}, "geometry": {"type": "Polygon", "coordinates": [[[77.37934000000001, 19.72791], [77.38023000000001, 19.728830000000002], [77.38485, 19.726750000000003], [77.38975, 19.72689], [77.38749, 19.72068], [77.3844, 19.72062], [77.37757, 19.71816], [77.36807, 19.71364], [77.36705, 19.716510000000003], [77.3699, 19.72193], [77.37138, 19.729570000000002], [77.37666, 19.72745], [77.37934000000001, 19.72791]]]}}, {"id": "637", "type": "Feature", "properties": {"village_name": "Kadapdeo", "vil_lgd": 546134, "district_name": "Hingoli", "dist_lgd": 477, "subdistrict_name": "Kalamnuri", "sdcode": 4114, "block_name": "Kalamnuri", "block_lgd": 165, "gp_name": "", "state_name": "MAHARASHTRA", "state_lgd": 27, "population": 591, "households": 123}, "geometry": {"type": "Polygon", "coordinates": [[[77.40543000000001, 19.70904], [77.40042000000001, 19.709590000000002], [77.39598000000001, 19.7085], [77.38675, 19.7028], [77.38531, 19.705070000000003], [77.38511000000001, 19.707440000000002], [77.38553, 19.712970000000002], [77.38749, 19.72068], [77.38975, 19.72689], [77.39372, 19.728360000000002], [77.39618, 19.735480000000003], [77.39983000000001, 19.738110000000002], [77.40366, 19.73044], [77.41137, 19.71852], [77.40543000000001, 19.70904]]]}}, {"id": "638", "type": "Feature", "properties": {"village_name": "Dhanora J", "vil_lgd": 546131, "district_name": "Hingoli", "dist_lgd": 477, "subdistrict_name": "Kalamnuri", "sdcode": 4114, "block_name": "Kalamnuri", "block_lgd": 165, "gp_name": "", "state_name": "MAHARASHTRA", "state_lgd": 27, "population": 1579, "households": 338}, "geometry": {"type": "Polygon", "coordinates": [[[77.36807, 19.71364], [77.36829, 19.705080000000002], [77.36080000000001, 19.69685], [77.34154000000001, 19.696820000000002], [77.33835, 19.698980000000002], [77.33801000000001, 19.701300000000003], [77.33376000000001, 19.70634], [77.3297, 19.70974], [77.32918000000001, 19.71507], [77.32988, 19.719130000000003], [77.33403000000001, 19.72155], [77.34295, 19.72344], [77.35298, 19.72218], [77.36028, 19.717010000000002], [77.36705, 19.716510000000003], [77.36807, 19.71364]]]}}, {"id": "639", "type": "Feature", "properties": {"village_name": "Asolwadi", "vil_lgd": 546130, "district_name": "Hingoli", "dist_lgd": 477, "subdistrict_name": "Kalamnuri", "sdcode": 4114, "block_name": "Kalamnuri", "block_lgd": 165, "gp_name": "", "state_name": "MAHARASHTRA", "state_lgd": 27, "population": 950, "households": 210}, "geometry": {"type": "Polygon", "coordinates": [[[77.30535, 19.70015], [77.30505000000001, 19.7027], [77.30947, 19.704320000000003], [77.31379000000001, 19.707140000000003], [77.31512000000001, 19.70876], [77.31662, 19.714000000000002], [77.3194, 19.715880000000002], [77.3198, 19.71808], [77.32509, 19.720550000000003], [77.32988, 19.719130000000003], [77.32918000000001, 19.71507], [77.32552000000001, 19.710630000000002], [77.3241, 19.703460000000003], [77.31337, 19.70138], [77.30535, 19.70015]]]}}, {"id": "640", "type": "Feature", "properties": {"village_name": "Bori Shikari", "vil_lgd": 545932, "district_name": "Hingoli", "dist_lgd": 477, "subdistrict_name": "Hingoli", "sdcode": 4112, "block_name": "Hingoli", "block_lgd": 163, "gp_name": "", "state_name": "MAHARASHTRA", "state_lgd": 27, "population": 1425, "households": 312}, "geometry": {"type": "Polygon", "coordinates": [[[77.22307, 19.688830000000003], [77.22106000000001, 19.684530000000002], [77.22073, 19.679660000000002], [77.22163, 19.678320000000003], [77.21978, 19.677660000000003], [77.21109000000001, 19.678430000000002], [77.20553000000001, 19.678990000000002], [77.20306000000001, 19.68045], [77.19987, 19.69021], [77.19496000000001, 19.69462], [77.19514000000001, 19.699840000000002], [77.19521, 19.70091], [77.20725, 19.70127], [77.21678, 19.70539], [77.22179000000001, 19.70568], [77.2218, 19.70304], [77.22307, 19.688830000000003]]]}}, {"id": "641", "type": "Feature", "properties": {"village_name": "Hiwara Bel", "vil_lgd": 545930, "district_name": "Hingoli", "dist_lgd": 477, "subdistrict_name": "Hingoli", "sdcode": 4112, "block_name": "Hingoli", "block_lgd": 163, "gp_name": "", "state_name": "MAHARASHTRA", "state_lgd": 27, "population": 677, "households": 148}, "geometry": {"type": "Polygon", "coordinates": [[[77.23845, 19.68906], [77.23277, 19.69031], [77.23466, 19.69733], [77.24480000000001, 19.70738], [77.24534000000001, 19.703470000000003], [77.24652, 19.7012], [77.25185, 19.69515], [77.24666, 19.690350000000002], [77.24225000000001, 19.689320000000002], [77.23845, 19.68906]]]}}, {"id": "642", "type": "Feature", "properties": {"village_name": "Umara", "vil_lgd": 546162, "district_name": "Hingoli", "dist_lgd": 477, "subdistrict_name": "Kalamnuri", "sdcode": 4114, "block_name": "Kalamnuri", "block_lgd": 165, "gp_name": "", "state_name": "MAHARASHTRA", "state_lgd": 27, "population": 709, "households": 160}, "geometry": {"type": "Polygon", "coordinates": [[[77.28261, 19.690340000000003], [77.27577000000001, 19.69141], [77.26666, 19.691270000000003], [77.26538000000001, 19.691360000000003], [77.26324000000001, 19.69179], [77.26292000000001, 19.69431], [77.26281, 19.696340000000003], [77.26326, 19.700280000000003], [77.26438, 19.701490000000003], [77.26535000000001, 19.701600000000003], [77.27269000000001, 19.70482], [77.27775000000001, 19.71047], [77.29546, 19.7057], [77.28531000000001, 19.70135], [77.28370000000001, 19.69892], [77.28261, 19.690340000000003]]]}}, {"id": "643", "type": "Feature", "properties": {"village_name": "Sukli Valan", "vil_lgd": 546132, "district_name": "Hingoli", "dist_lgd": 477, "subdistrict_name": "Kalamnuri", "sdcode": 4114, "block_name": "Kalamnuri", "block_lgd": 165, "gp_name": "", "state_name": "MAHARASHTRA", "state_lgd": 27, "population": 923, "households": 196}, "geometry": {"type": "Polygon", "coordinates": [[[77.38531, 19.705070000000003], [77.38675, 19.7028], [77.38086000000001, 19.70473], [77.37024000000001, 19.704790000000003], [77.36829, 19.705080000000002], [77.36807, 19.71364], [77.37757, 19.71816], [77.3844, 19.72062], [77.38749, 19.72068], [77.38553, 19.712970000000002], [77.38511000000001, 19.707440000000002], [77.38531, 19.705070000000003]]]}}, {"id": "644", "type": "Feature", "properties": {"village_name": "Shiwani Kh", "vil_lgd": 546143, "district_name": "Hingoli", "dist_lgd": 477, "subdistrict_name": "Kalamnuri", "sdcode": 4114, "block_name": "Kalamnuri", "block_lgd": 165, "gp_name": "", "state_name": "MAHARASHTRA", "state_lgd": 27, "population": 1344, "households": 273}, "geometry": {"type": "Polygon", "coordinates": [[[77.29190000000001, 19.67547], [77.29019000000001, 19.68643], [77.28778000000001, 19.688280000000002], [77.28261, 19.690340000000003], [77.28370000000001, 19.69892], [77.28531000000001, 19.70135], [77.29546, 19.7057], [77.30013000000001, 19.702900000000003], [77.30505000000001, 19.7027], [77.30535, 19.70015], [77.30412000000001, 19.690170000000002], [77.30326000000001, 19.683600000000002], [77.29625, 19.67613], [77.29190000000001, 19.67547]]]}}, {"id": "645", "type": "Feature", "properties": {"village_name": "Charthana", "vil_lgd": 545850, "district_name": "Hingoli", "dist_lgd": 477, "subdistrict_name": "Hingoli", "sdcode": 4112, "block_name": "Hingoli", "block_lgd": 163, "gp_name": "", "state_name": "MAHARASHTRA", "state_lgd": 27, "population": 0, "households": 0}, "geometry": {"type": "Polygon", "coordinates": [[[77.23641, 19.91531], [77.238, 19.912000000000003], [77.23581, 19.908700000000003], [77.23357, 19.91034], [77.22031000000001, 19.91469], [77.2213, 19.91948], [77.21929, 19.923820000000003], [77.22811, 19.92369], [77.23655000000001, 19.92256], [77.23641, 19.91531]]]}}, {"id": "646", "type": "Feature", "properties": {"village_name": "Dongargaon Naka", "vil_lgd": 546137, "district_name": "Hingoli", "dist_lgd": 477, "subdistrict_name": "Kalamnuri", "sdcode": 4114, "block_name": "Kalamnuri", "block_lgd": 165, "gp_name": "", "state_name": "MAHARASHTRA", "state_lgd": 27, "population": 970, "households": 171}, "geometry": {"type": "Polygon", "coordinates": [[[77.43873, 19.721770000000003], [77.4407, 19.714940000000002], [77.44542000000001, 19.71186], [77.44575, 19.70644], [77.44836000000001, 19.70193], [77.44846000000001, 19.69988], [77.43265000000001, 19.700020000000002], [77.4321, 19.704700000000003], [77.42983000000001, 19.71214], [77.42962, 19.719640000000002], [77.43357, 19.72087], [77.43705, 19.726080000000003], [77.43858, 19.72509], [77.43873, 19.721770000000003]]]}}, {"id": "647", "type": "Feature", "properties": {"village_name": "Waspangara", "vil_lgd": 546161, "district_name": "Hingoli", "dist_lgd": 477, "subdistrict_name": "Kalamnuri", "sdcode": 4114, "block_name": "Kalamnuri", "block_lgd": 165, "gp_name": "", "state_name": "MAHARASHTRA", "state_lgd": 27, "population": 62, "households": 17}, "geometry": {"type": "Polygon", "coordinates": [[[77.26292000000001, 19.69431], [77.25185, 19.69515], [77.24652, 19.7012], [77.24534000000001, 19.703470000000003], [77.24480000000001, 19.70738], [77.25317000000001, 19.7134], [77.26181000000001, 19.7086], [77.26438, 19.701490000000003], [77.26326, 19.700280000000003], [77.26281, 19.696340000000003], [77.26292000000001, 19.69431]]]}}, {"id": "648", "type": "Feature", "properties": {"village_name": "Wakodi", "vil_lgd": 546138, "district_name": "Hingoli", "dist_lgd": 477, "subdistrict_name": "Kalamnuri", "sdcode": 4114, "block_name": "Kalamnuri", "block_lgd": 165, "gp_name": "", "state_name": "MAHARASHTRA", "state_lgd": 27, "population": 3816, "households": 722}, "geometry": {"type": "Polygon", "coordinates": [[[77.42983000000001, 19.71214], [77.4321, 19.704700000000003], [77.43265000000001, 19.700020000000002], [77.44846000000001, 19.69988], [77.44366000000001, 19.696080000000002], [77.44179000000001, 19.693050000000003], [77.44314, 19.689420000000002], [77.44797000000001, 19.688860000000002], [77.44736, 19.684160000000002], [77.44548, 19.67873], [77.44567, 19.67492], [77.44832000000001, 19.67192], [77.44819000000001, 19.66879], [77.43572, 19.6691], [77.42118, 19.66964], [77.41210000000001, 19.667610000000003], [77.41099000000001, 19.671270000000003], [77.40725, 19.678060000000002], [77.40613, 19.682540000000003], [77.40780000000001, 19.686300000000003], [77.40992, 19.703460000000003], [77.40543000000001, 19.70904], [77.41137, 19.71852], [77.41688, 19.719720000000002], [77.42962, 19.719640000000002], [77.42983000000001, 19.71214]]]}}, {"id": "649", "type": "Feature", "properties": {"village_name": "Taroda", "vil_lgd": 546139, "district_name": "Hingoli", "dist_lgd": 477, "subdistrict_name": "Kalamnuri", "sdcode": 4114, "block_name": "Kalamnuri", "block_lgd": 165, "gp_name": "", "state_name": "MAHARASHTRA", "state_lgd": 27, "population": 765, "households": 153}, "geometry": {"type": "Polygon", "coordinates": [[[77.39454, 19.677310000000002], [77.38624, 19.68514], [77.38816000000001, 19.70154], [77.38675, 19.7028], [77.39598000000001, 19.7085], [77.40042000000001, 19.709590000000002], [77.40543000000001, 19.70904], [77.40992, 19.703460000000003], [77.40780000000001, 19.686300000000003], [77.40613, 19.682540000000003], [77.40192, 19.68126], [77.39454, 19.677310000000002]]]}}, {"id": "650", "type": "Feature", "properties": {"village_name": "Wai", "vil_lgd": 546140, "district_name": "Hingoli", "dist_lgd": 477, "subdistrict_name": "Kalamnuri", "sdcode": 4114, "block_name": "Kalamnuri", "block_lgd": 165, "gp_name": "", "state_name": "MAHARASHTRA", "state_lgd": 27, "population": 1582, "households": 325}, "geometry": {"type": "Polygon", "coordinates": [[[77.38086000000001, 19.70473], [77.38675, 19.7028], [77.38816000000001, 19.70154], [77.38624, 19.68514], [77.38062000000001, 19.68533], [77.37185000000001, 19.686590000000002], [77.36494, 19.691460000000003], [77.36101000000001, 19.69262], [77.36080000000001, 19.69685], [77.36829, 19.705080000000002], [77.37024000000001, 19.704790000000003], [77.38086000000001, 19.70473]]]}}, {"id": "651", "type": "Feature", "properties": {"village_name": "Dudheri", "vil_lgd": 545911, "district_name": "Hingoli", "dist_lgd": 477, "subdistrict_name": "Hingoli", "sdcode": 4112, "block_name": "Hingoli", "block_lgd": 163, "gp_name": "", "state_name": "MAHARASHTRA", "state_lgd": 27, "population": 0, "households": 0}, "geometry": {"type": "Polygon", "coordinates": [[[77.25980000000001, 19.75428], [77.25933, 19.762580000000003], [77.25798, 19.76642], [77.26552000000001, 19.76905], [77.27575, 19.766720000000003], [77.27712000000001, 19.758860000000002], [77.27575, 19.75645], [77.27420000000001, 19.755460000000003], [77.25980000000001, 19.75428]]]}}, {"id": "652", "type": "Feature", "properties": {"village_name": "Bhuli", "vil_lgd": 545857, "district_name": "Hingoli", "dist_lgd": 477, "subdistrict_name": "Hingoli", "sdcode": 4112, "block_name": "Hingoli", "block_lgd": 163, "gp_name": "", "state_name": "MAHARASHTRA", "state_lgd": 27, "population": 0, "households": 0}, "geometry": {"type": "Polygon", "coordinates": [[[77.24746, 19.88594], [77.24579, 19.884110000000003], [77.24283000000001, 19.88305], [77.22647, 19.88237], [77.22494, 19.886290000000002], [77.23066, 19.88764], [77.23472000000001, 19.89186], [77.23584000000001, 19.89028], [77.23806, 19.89007], [77.24086000000001, 19.89236], [77.24375, 19.89245], [77.24873000000001, 19.894820000000003], [77.24887000000001, 19.89281], [77.24746, 19.88594]]]}}, {"id": "653", "type": "Feature", "properties": {"village_name": "Dhanora S", "vil_lgd": 546135, "district_name": "Hingoli", "dist_lgd": 477, "subdistrict_name": "Kalamnuri", "sdcode": 4114, "block_name": "Kalamnuri", "block_lgd": 165, "gp_name": "", "state_name": "MAHARASHTRA", "state_lgd": 27, "population": 0, "households": 0}, "geometry": {"type": "Polygon", "coordinates": [[[77.41688, 19.719720000000002], [77.41137, 19.71852], [77.40366, 19.73044], [77.39983000000001, 19.738110000000002], [77.40321, 19.74164], [77.41094000000001, 19.74578], [77.41535, 19.74236], [77.41347, 19.739040000000003], [77.41646, 19.735850000000003], [77.41688, 19.719720000000002]]]}}, {"id": "654", "type": "Feature", "properties": {"village_name": "Rajwadi", "vil_lgd": 545960, "district_name": "Hingoli", "dist_lgd": 477, "subdistrict_name": "Hingoli", "sdcode": 4112, "block_name": "Hingoli", "block_lgd": 163, "gp_name": "", "state_name": "MAHARASHTRA", "state_lgd": 27, "population": 0, "households": 0}, "geometry": {"type": "Polygon", "coordinates": [[[77.18608, 19.691480000000002], [77.18492, 19.69168], [77.18056, 19.69243], [77.17267000000001, 19.69527], [77.17395, 19.69536], [77.1761, 19.697490000000002], [77.17757, 19.70204], [77.18712000000001, 19.700390000000002], [77.18608, 19.691480000000002]]]}}, {"id": "655", "type": "Feature", "properties": {"village_name": "Ghogartala", "vil_lgd": 545898, "district_name": "Hingoli", "dist_lgd": 477, "subdistrict_name": "Hingoli", "sdcode": 4112, "block_name": "Hingoli", "block_lgd": 163, "gp_name": "", "state_name": "MAHARASHTRA", "state_lgd": 27, "population": 0, "households": 0}, "geometry": {"type": "Polygon", "coordinates": [[[77.37057, 19.778850000000002], [77.36998000000001, 19.785870000000003], [77.36494, 19.79476], [77.36546000000001, 19.797600000000003], [77.37880000000001, 19.793930000000003], [77.37791, 19.790770000000002], [77.37809, 19.78713], [77.37979, 19.784750000000003], [77.38313000000001, 19.783890000000003], [77.37683000000001, 19.78083], [77.37057, 19.778850000000002]]]}}, {"id": "656", "type": "Feature", "properties": {"village_name": "Jaulka", "vil_lgd": 545900, "district_name": "Hingoli", "dist_lgd": 477, "subdistrict_name": "Hingoli", "sdcode": 4112, "block_name": "Hingoli", "block_lgd": 163, "gp_name": "", "state_name": "MAHARASHTRA", "state_lgd": 27, "population": 0, "households": 0}, "geometry": {"type": "Polygon", "coordinates": [[[77.36923, 19.77459], [77.36245000000001, 19.77717], [77.35886, 19.776980000000002], [77.35795, 19.78631], [77.35862, 19.7912], [77.3597, 19.79296], [77.36284, 19.7954], [77.36494, 19.79476], [77.36998000000001, 19.785870000000003], [77.37057, 19.778850000000002], [77.37032, 19.778010000000002], [77.36923, 19.77459]]]}}, {"id": "657", "type": "Feature", "properties": {"village_name": "Wagdara", "vil_lgd": 546136, "district_name": "Hingoli", "dist_lgd": 477, "subdistrict_name": "Kalamnuri", "sdcode": 4114, "block_name": "Kalamnuri", "block_lgd": 165, "gp_name": "", "state_name": "MAHARASHTRA", "state_lgd": 27, "population": 0, "households": 0}, "geometry": {"type": "Polygon", "coordinates": [[[77.43165, 19.730510000000002], [77.4342, 19.72671], [77.43705, 19.726080000000003], [77.43357, 19.72087], [77.42962, 19.719640000000002], [77.41688, 19.719720000000002], [77.41646, 19.735850000000003], [77.41795, 19.735010000000003], [77.43165, 19.730510000000002]]]}}, {"id": "658", "type": "Feature", "properties": {"village_name": "Hingoli", "vil_lgd": 251411, "district_name": "Hingoli", "dist_lgd": 477, "subdistrict_name": "Hingoli", "sdcode": 4112, "block_name": "", "block_lgd": 0, "gp_name": "", "state_name": "MAHARASHTRA", "state_lgd": 27, "population": 85103, "households": 15858}, "geometry": {"type": "Polygon", "coordinates": [[[77.16653000000001, 19.73544], [77.168, 19.733890000000002], [77.17298000000001, 19.73561], [77.18208000000001, 19.73693], [77.18618000000001, 19.726480000000002], [77.18789000000001, 19.719910000000002], [77.18751, 19.71723], [77.18404000000001, 19.715410000000002], [77.17907000000001, 19.70711], [77.17757, 19.70204], [77.1761, 19.697490000000002], [77.17395, 19.69536], [77.17267000000001, 19.69527], [77.16932000000001, 19.69631], [77.16062000000001, 19.69919], [77.14934000000001, 19.704700000000003], [77.14764000000001, 19.70577], [77.14429000000001, 19.712580000000003], [77.14207, 19.71657], [77.14166, 19.71922], [77.1409, 19.71969], [77.13858, 19.72303], [77.14003000000001, 19.725820000000002], [77.14209000000001, 19.738280000000003], [77.15291, 19.73785], [77.15623000000001, 19.73874], [77.16023000000001, 19.74286], [77.16549, 19.742350000000002], [77.16653000000001, 19.73544]]]}}, {"id": "659", "type": "Feature", "properties": {"village_name": "Mahari Kh", "vil_lgd": 546122, "district_name": "Hingoli", "dist_lgd": 477, "subdistrict_name": "Kalamnuri", "sdcode": 4114, "block_name": "Kalamnuri", "block_lgd": 165, "gp_name": "", "state_name": "MAHARASHTRA", "state_lgd": 27, "population": 0, "households": 0}, "geometry": {"type": "Polygon", "coordinates": [[[77.39663, 19.78113], [77.40092, 19.781820000000003], [77.40297000000001, 19.780810000000002], [77.40512000000001, 19.77683], [77.40415, 19.7708], [77.40216000000001, 19.767930000000003], [77.39912000000001, 19.76667], [77.39492000000001, 19.768050000000002], [77.38429000000001, 19.767930000000003], [77.38347, 19.766820000000003], [77.38324, 19.76331], [77.38104000000001, 19.75851], [77.37328000000001, 19.76151], [77.37163000000001, 19.761480000000002], [77.35749000000001, 19.756], [77.35145, 19.76631], [77.35432, 19.76932], [77.35685000000001, 19.775360000000003], [77.35886, 19.776980000000002], [77.36245000000001, 19.77717], [77.36923, 19.77459], [77.37472000000001, 19.769270000000002], [77.37808000000001, 19.770220000000002], [77.38409, 19.774900000000002], [77.38810000000001, 19.78115], [77.3896, 19.78189], [77.39107000000001, 19.781390000000002], [77.39663, 19.78113]]]}}, {"id": "660", "type": "Feature", "properties": {"village_name": "Chikhalwadi", "vil_lgd": 545959, "district_name": "Hingoli", "dist_lgd": 477, "subdistrict_name": "Hingoli", "sdcode": 4112, "block_name": "Hingoli", "block_lgd": 163, "gp_name": "", "state_name": "MAHARASHTRA", "state_lgd": 27, "population": 257, "households": 49}, "geometry": {"type": "Polygon", "coordinates": [[[77.19386, 19.69003], [77.18755, 19.69123], [77.18608, 19.691480000000002], [77.18712000000001, 19.700390000000002], [77.19514000000001, 19.699840000000002], [77.19496000000001, 19.69462], [77.19464, 19.690810000000003], [77.19386, 19.69003]]]}}, {"id": "661", "type": "Feature", "properties": {"village_name": "Kalamnuri", "vil_lgd": 546142, "district_name": "Hingoli", "dist_lgd": 477, "subdistrict_name": "Kalamnuri", "sdcode": 4114, "block_name": "Kalamnuri", "block_lgd": 165, "gp_name": "", "state_name": "MAHARASHTRA", "state_lgd": 27, "population": 495, "households": 100}, "geometry": {"type": "Polygon", "coordinates": [[[77.30412000000001, 19.690170000000002], [77.30535, 19.70015], [77.31337, 19.70138], [77.31304, 19.69384], [77.31161, 19.690700000000003], [77.30412000000001, 19.690170000000002]]]}}, {"id": "662", "type": "Feature", "properties": {"village_name": "Malharwadi", "vil_lgd": 545949, "district_name": "Hingoli", "dist_lgd": 477, "subdistrict_name": "Hingoli", "sdcode": 4112, "block_name": "Hingoli", "block_lgd": 163, "gp_name": "", "state_name": "MAHARASHTRA", "state_lgd": 27, "population": 0, "households": 0}, "geometry": {"type": "Polygon", "coordinates": [[[77.15263, 19.74986], [77.16302, 19.750510000000002], [77.16549, 19.742350000000002], [77.16023000000001, 19.74286], [77.15623000000001, 19.73874], [77.15291, 19.73785], [77.14209000000001, 19.738280000000003], [77.138, 19.73853], [77.13764, 19.742790000000003], [77.14081, 19.750480000000003], [77.14531000000001, 19.750310000000002], [77.15263, 19.74986]]]}}, {"id": "663", "type": "Feature", "properties": {"village_name": "Ganjapur", "vil_lgd": 545899, "district_name": "Hingoli", "dist_lgd": 477, "subdistrict_name": "Hingoli", "sdcode": 4112, "block_name": "Hingoli", "block_lgd": 163, "gp_name": "", "state_name": "MAHARASHTRA", "state_lgd": 27, "population": 0, "households": 0}, "geometry": {"type": "Polygon", "coordinates": [[[77.38810000000001, 19.78115], [77.38409, 19.774900000000002], [77.37808000000001, 19.770220000000002], [77.37472000000001, 19.769270000000002], [77.36923, 19.77459], [77.37032, 19.778010000000002], [77.37057, 19.778850000000002], [77.37683000000001, 19.78083], [77.38313000000001, 19.783890000000003], [77.3896, 19.78189], [77.38810000000001, 19.78115]]]}}, {"id": "664", "type": "Feature", "properties": {"village_name": "Tapowan", "vil_lgd": 545782, "district_name": "Hingoli", "dist_lgd": 477, "subdistrict_name": "Sengaon", "sdcode": 4111, "block_name": "Sengaon", "block_lgd": 162, "gp_name": "", "state_name": "MAHARASHTRA", "state_lgd": 27, "population": 363, "households": 72}, "geometry": {"type": "Polygon", "coordinates": [[[77.06174, 19.992600000000003], [77.06202, 19.98562], [77.06289000000001, 19.984180000000002], [77.05663000000001, 19.98251], [77.05558, 19.984360000000002], [77.05261, 19.984540000000003], [77.05380000000001, 19.99239], [77.05569000000001, 19.99642], [77.06109000000001, 19.99379], [77.06174, 19.992600000000003]]]}}, {"id": "665", "type": "Feature", "properties": {"village_name": "Bhagwati", "vil_lgd": 545781, "district_name": "Hingoli", "dist_lgd": 477, "subdistrict_name": "Sengaon", "sdcode": 4111, "block_name": "Sengaon", "block_lgd": 162, "gp_name": "", "state_name": "MAHARASHTRA", "state_lgd": 27, "population": 2028, "households": 379}, "geometry": {"type": "Polygon", "coordinates": [[[77.03722, 20.00747], [77.03859, 20.00262], [77.04316, 19.99821], [77.04626, 19.99708], [77.05170000000001, 19.997570000000003], [77.05569000000001, 19.99642], [77.05380000000001, 19.99239], [77.05261, 19.984540000000003], [77.05024, 19.982650000000003], [77.03722, 19.98016], [77.03603000000001, 19.980230000000002], [77.02834, 19.980610000000002], [77.02004000000001, 19.978910000000003], [77.02102000000001, 19.986430000000002], [77.01863, 19.998540000000002], [77.01926, 20.00205], [77.02316, 20.007530000000003], [77.02554, 20.009420000000002], [77.03569, 20.008560000000003], [77.03722, 20.00747]]]}}, {"id": "666", "type": "Feature", "properties": {"village_name": "Gugal Pimpari", "vil_lgd": 545780, "district_name": "Hingoli", "dist_lgd": 477, "subdistrict_name": "Sengaon", "sdcode": 4111, "block_name": "Sengaon", "block_lgd": 162, "gp_name": "", "state_name": "MAHARASHTRA", "state_lgd": 27, "population": 2289, "households": 448}, "geometry": {"type": "Polygon", "coordinates": [[[77.00804000000001, 20.00159], [77.01047000000001, 20.00319], [77.01489000000001, 20.00155], [77.01926, 20.00205], [77.01863, 19.998540000000002], [77.02102000000001, 19.986430000000002], [77.02004000000001, 19.978910000000003], [77.00756000000001, 19.9721], [77.00718, 19.973660000000002], [77.00071000000001, 19.97905], [76.99453000000001, 19.981540000000003], [76.98879000000001, 19.98271], [76.99119, 19.98712], [76.99231, 19.996750000000002], [76.99115, 19.99867], [76.98826000000001, 19.99781], [76.98909, 20.00336], [76.99726000000001, 20.000030000000002], [77.00126, 20.00046], [77.00804000000001, 20.00159]]]}}, {"id": "667", "type": "Feature", "properties": {"village_name": "Kadoli", "vil_lgd": 545790, "district_name": "Hingoli", "dist_lgd": 477, "subdistrict_name": "Sengaon", "sdcode": 4111, "block_name": "Sengaon", "block_lgd": 162, "gp_name": "", "state_name": "MAHARASHTRA", "state_lgd": 27, "population": 3343, "households": 659}, "geometry": {"type": "Polygon", "coordinates": [[[77.05754, 19.98016], [77.0656, 19.96997], [77.06301, 19.960970000000003], [77.06276000000001, 19.957040000000003], [77.0627, 19.95408], [77.0647, 19.944090000000003], [77.05926000000001, 19.94478], [77.04473, 19.94407], [77.03874, 19.949270000000002], [77.03018, 19.94988], [77.02729000000001, 19.952930000000002], [77.03366000000001, 19.968880000000002], [77.03405000000001, 19.97202], [77.03626000000001, 19.97593], [77.03722, 19.98016], [77.05024, 19.982650000000003], [77.05261, 19.984540000000003], [77.05558, 19.984360000000002], [77.05663000000001, 19.98251], [77.05754, 19.98016]]]}}, {"id": "668", "type": "Feature", "properties": {"village_name": "Garkheda", "vil_lgd": 545783, "district_name": "Hingoli", "dist_lgd": 477, "subdistrict_name": "Sengaon", "sdcode": 4111, "block_name": "Sengaon", "block_lgd": 162, "gp_name": "", "state_name": "MAHARASHTRA", "state_lgd": 27, "population": 443, "households": 75}, "geometry": {"type": "Polygon", "coordinates": [[[77.0656, 19.96997], [77.05754, 19.98016], [77.05663000000001, 19.98251], [77.06289000000001, 19.984180000000002], [77.06973, 19.981620000000003], [77.07019000000001, 19.979670000000002], [77.06898000000001, 19.974330000000002], [77.07104000000001, 19.97144], [77.0656, 19.96997]]]}}, {"id": "669", "type": "Feature", "properties": {"village_name": "Kalburga", "vil_lgd": 545844, "district_name": "Hingoli", "dist_lgd": 477, "subdistrict_name": "Hingoli", "sdcode": 4112, "block_name": "Hingoli", "block_lgd": 163, "gp_name": "", "state_name": "MAHARASHTRA", "state_lgd": 27, "population": 662, "households": 139}, "geometry": {"type": "Polygon", "coordinates": [[[77.20167000000001, 19.97322], [77.20194000000001, 19.96528], [77.20294000000001, 19.961820000000003], [77.19407000000001, 19.96076], [77.19231, 19.96406], [77.19139000000001, 19.97809], [77.18948, 19.98403], [77.19279, 19.985950000000003], [77.1953, 19.989870000000003], [77.19939000000001, 19.991470000000003], [77.20346, 19.98975], [77.20566000000001, 19.98515], [77.20167000000001, 19.97322]]]}}, {"id": "670", "type": "Feature", "properties": {"village_name": "Mazod", "vil_lgd": 545791, "district_name": "Hingoli", "dist_lgd": 477, "subdistrict_name": "Sengaon", "sdcode": 4111, "block_name": "Sengaon", "block_lgd": 162, "gp_name": "", "state_name": "MAHARASHTRA", "state_lgd": 27, "population": 2375, "households": 473}, "geometry": {"type": "Polygon", "coordinates": [[[77.03722, 19.98016], [77.03626000000001, 19.97593], [77.03405000000001, 19.97202], [77.03366000000001, 19.968880000000002], [77.02729000000001, 19.952930000000002], [77.01742, 19.95239], [76.99916, 19.94782], [77.00047, 19.94988], [77.00316000000001, 19.95579], [77.00307000000001, 19.95736], [76.99964, 19.96134], [77.00026000000001, 19.96505], [77.00118, 19.96668], [77.00756000000001, 19.9721], [77.02004000000001, 19.978910000000003], [77.02834, 19.980610000000002], [77.03603000000001, 19.980230000000002], [77.03722, 19.98016]]]}}, {"id": "671", "type": "Feature", "properties": {"village_name": "Chinchpuri", "vil_lgd": 545845, "district_name": "Hingoli", "dist_lgd": 477, "subdistrict_name": "Hingoli", "sdcode": 4112, "block_name": "Hingoli", "block_lgd": 163, "gp_name": "", "state_name": "MAHARASHTRA", "state_lgd": 27, "population": 287, "households": 63}, "geometry": {"type": "Polygon", "coordinates": [[[77.21238000000001, 19.978170000000002], [77.21419, 19.97531], [77.20921000000001, 19.972340000000003], [77.20167000000001, 19.97322], [77.20566000000001, 19.98515], [77.20592, 19.984830000000002], [77.21238000000001, 19.978170000000002]]]}}, {"id": "672", "type": "Feature", "properties": {"village_name": "Kanadkheda Kh", "vil_lgd": 545843, "district_name": "Hingoli", "dist_lgd": 477, "subdistrict_name": "Hingoli", "sdcode": 4112, "block_name": "Hingoli", "block_lgd": 163, "gp_name": "", "state_name": "MAHARASHTRA", "state_lgd": 27, "population": 815, "households": 157}, "geometry": {"type": "Polygon", "coordinates": [[[77.19407000000001, 19.96076], [77.18613, 19.9612], [77.17959, 19.96339], [77.17467, 19.96704], [77.17282, 19.968420000000002], [77.17464000000001, 19.97238], [77.17575000000001, 19.978150000000003], [77.17754000000001, 19.98048], [77.18010000000001, 19.981910000000003], [77.18948, 19.98403], [77.19139000000001, 19.97809], [77.19231, 19.96406], [77.19407000000001, 19.96076]]]}}, {"id": "673", "type": "Feature", "properties": {"village_name": "Surajkheda", "vil_lgd": 545784, "district_name": "Hingoli", "dist_lgd": 477, "subdistrict_name": "Sengaon", "sdcode": 4111, "block_name": "Sengaon", "block_lgd": 162, "gp_name": "", "state_name": "MAHARASHTRA", "state_lgd": 27, "population": 1363, "households": 293}, "geometry": {"type": "Polygon", "coordinates": [[[77.09346000000001, 19.941750000000003], [77.09297000000001, 19.93946], [77.07922, 19.94321], [77.07095000000001, 19.943620000000003], [77.0647, 19.944090000000003], [77.0627, 19.95408], [77.06276000000001, 19.957040000000003], [77.06301, 19.960970000000003], [77.0656, 19.96997], [77.07104000000001, 19.97144], [77.07471000000001, 19.96899], [77.08079000000001, 19.967190000000002], [77.08367000000001, 19.965290000000003], [77.08407000000001, 19.963230000000003], [77.08206000000001, 19.95585], [77.09265, 19.944460000000003], [77.09346000000001, 19.941750000000003]]]}}, {"id": "674", "type": "Feature", "properties": {"village_name": "Wadhona Pr Washim", "vil_lgd": 545846, "district_name": "Hingoli", "dist_lgd": 477, "subdistrict_name": "Hingoli", "sdcode": 4112, "block_name": "Hingoli", "block_lgd": 163, "gp_name": "", "state_name": "MAHARASHTRA", "state_lgd": 27, "population": 256, "households": 59}, "geometry": {"type": "Polygon", "coordinates": [[[77.21402, 19.97127], [77.20912000000001, 19.970010000000002], [77.20769, 19.96845], [77.20777000000001, 19.96262], [77.20670000000001, 19.955150000000003], [77.20392000000001, 19.958720000000003], [77.20294000000001, 19.961820000000003], [77.20194000000001, 19.96528], [77.20167000000001, 19.97322], [77.20921000000001, 19.972340000000003], [77.21419, 19.97531], [77.21469, 19.973090000000003], [77.21402, 19.97127]]]}}, {"id": "675", "type": "Feature", "properties": {"village_name": "Kanadkheda Bk", "vil_lgd": 545847, "district_name": "Hingoli", "dist_lgd": 477, "subdistrict_name": "Hingoli", "sdcode": 4112, "block_name": "Hingoli", "block_lgd": 163, "gp_name": "", "state_name": "MAHARASHTRA", "state_lgd": 27, "population": 1781, "households": 356}, "geometry": {"type": "Polygon", "coordinates": [[[77.17959, 19.96339], [77.18613, 19.9612], [77.19407000000001, 19.96076], [77.19462, 19.95766], [77.19421000000001, 19.9522], [77.18631, 19.93213], [77.17075000000001, 19.9311], [77.16145, 19.927090000000003], [77.15692, 19.93064], [77.15637000000001, 19.93849], [77.15393, 19.9448], [77.15983, 19.94565], [77.16394000000001, 19.94867], [77.1661, 19.954510000000003], [77.16358000000001, 19.96462], [77.16626000000001, 19.96423], [77.17084000000001, 19.96528], [77.17282, 19.968420000000002], [77.17467, 19.96704], [77.17959, 19.96339]]]}}, {"id": "676", "type": "Feature", "properties": {"village_name": "Kanhergaon Naka", "vil_lgd": 545842, "district_name": "Hingoli", "dist_lgd": 477, "subdistrict_name": "Hingoli", "sdcode": 4112, "block_name": "Hingoli", "block_lgd": 163, "gp_name": "", "state_name": "MAHARASHTRA", "state_lgd": 27, "population": 3211, "households": 634}, "geometry": {"type": "Polygon", "coordinates": [[[77.16358000000001, 19.96462], [77.1661, 19.954510000000003], [77.16394000000001, 19.94867], [77.15983, 19.94565], [77.15393, 19.9448], [77.13813, 19.954710000000002], [77.15393, 19.965220000000002], [77.15823, 19.96627], [77.16183000000001, 19.965480000000003], [77.16358000000001, 19.96462]]]}}, {"id": "677", "type": "Feature", "properties": {"village_name": "Wanzola", "vil_lgd": 545848, "district_name": "Hingoli", "dist_lgd": 477, "subdistrict_name": "Hingoli", "sdcode": 4112, "block_name": "Hingoli", "block_lgd": 163, "gp_name": "", "state_name": "MAHARASHTRA", "state_lgd": 27, "population": 1048, "households": 222}, "geometry": {"type": "Polygon", "coordinates": [[[77.20639000000001, 19.95279], [77.2044, 19.949640000000002], [77.2039, 19.945950000000003], [77.20691000000001, 19.94028], [77.20873, 19.93862], [77.21711, 19.93918], [77.21335, 19.932630000000003], [77.21154, 19.9312], [77.20436000000001, 19.9294], [77.19981, 19.92697], [77.19538, 19.92631], [77.19253, 19.92742], [77.18631, 19.93213], [77.19421000000001, 19.9522], [77.19462, 19.95766], [77.19407000000001, 19.96076], [77.20294000000001, 19.961820000000003], [77.20392000000001, 19.958720000000003], [77.20670000000001, 19.955150000000003], [77.20639000000001, 19.95279]]]}}, {"id": "678", "type": "Feature", "properties": {"village_name": "Mop", "vil_lgd": 545841, "district_name": "Hingoli", "dist_lgd": 477, "subdistrict_name": "Hingoli", "sdcode": 4112, "block_name": "Hingoli", "block_lgd": 163, "gp_name": "", "state_name": "MAHARASHTRA", "state_lgd": 27, "population": 1367, "households": 289}, "geometry": {"type": "Polygon", "coordinates": [[[77.15637000000001, 19.93849], [77.15692, 19.93064], [77.16145, 19.927090000000003], [77.15938000000001, 19.92179], [77.15908, 19.914060000000003], [77.15264, 19.91075], [77.14949, 19.91221], [77.14446000000001, 19.914450000000002], [77.13256000000001, 19.915640000000003], [77.13402, 19.92211], [77.13019000000001, 19.9421], [77.13354000000001, 19.94271], [77.13531, 19.944200000000002], [77.13472, 19.9507], [77.13813, 19.954710000000002], [77.15393, 19.9448], [77.15637000000001, 19.93849]]]}}, {"id": "679", "type": "Feature", "properties": {"village_name": "Sawana", "vil_lgd": 545785, "district_name": "Hingoli", "dist_lgd": 477, "subdistrict_name": "Sengaon", "sdcode": 4111, "block_name": "Sengaon", "block_lgd": 162, "gp_name": "", "state_name": "MAHARASHTRA", "state_lgd": 27, "population": 4745, "households": 999}, "geometry": {"type": "Polygon", "coordinates": [[[77.07922, 19.94321], [77.09297000000001, 19.93946], [77.09254, 19.936660000000003], [77.09348, 19.93533], [77.10287000000001, 19.93215], [77.10446, 19.93243], [77.10257, 19.92368], [77.10306, 19.921200000000002], [77.10513, 19.91901], [77.10562, 19.916520000000002], [77.10469, 19.90728], [77.09846, 19.904100000000003], [77.07946000000001, 19.899070000000002], [77.078, 19.90503], [77.07641000000001, 19.9082], [77.06927, 19.91298], [77.06351000000001, 19.91657], [77.06215, 19.92069], [77.06195000000001, 19.92789], [77.0647, 19.944090000000003], [77.07095000000001, 19.943620000000003], [77.07922, 19.94321]]]}}, {"id": "680", "type": "Feature", "properties": {"village_name": "Jamthi Bk", "vil_lgd": 545798, "district_name": "Hingoli", "dist_lgd": 477, "subdistrict_name": "Sengaon", "sdcode": 4111, "block_name": "Sengaon", "block_lgd": 162, "gp_name": "", "state_name": "MAHARASHTRA", "state_lgd": 27, "population": 1063, "households": 197}, "geometry": {"type": "Polygon", "coordinates": [[[76.99986000000001, 19.914050000000003], [76.98257000000001, 19.917170000000002], [76.98294, 19.92057], [76.98215, 19.92704], [76.98361000000001, 19.934260000000002], [76.98635, 19.93644], [76.99489000000001, 19.940350000000002], [76.99903, 19.93955], [77.00771, 19.934050000000003], [77.00718, 19.92671], [77.00215, 19.91601], [76.99986000000001, 19.914050000000003]]]}}, {"id": "681", "type": "Feature", "properties": {"village_name": "Waychal Pimpari", "vil_lgd": 545786, "district_name": "Hingoli", "dist_lgd": 477, "subdistrict_name": "Sengaon", "sdcode": 4111, "block_name": "Sengaon", "block_lgd": 162, "gp_name": "", "state_name": "MAHARASHTRA", "state_lgd": 27, "population": 2337, "households": 434}, "geometry": {"type": "Polygon", "coordinates": [[[77.13402, 19.92211], [77.13256000000001, 19.915640000000003], [77.12938000000001, 19.90473], [77.12971, 19.90388], [77.11893, 19.901300000000003], [77.10469, 19.90728], [77.10562, 19.916520000000002], [77.10513, 19.91901], [77.10306, 19.921200000000002], [77.10257, 19.92368], [77.10446, 19.93243], [77.10611, 19.93511], [77.11177, 19.939300000000003], [77.11934000000001, 19.939390000000003], [77.12222000000001, 19.94178], [77.12491, 19.94282], [77.13019000000001, 19.9421], [77.13402, 19.92211]]]}}, {"id": "682", "type": "Feature", "properties": {"village_name": "Devthana", "vil_lgd": 545851, "district_name": "Hingoli", "dist_lgd": 477, "subdistrict_name": "Hingoli", "sdcode": 4112, "block_name": "Hingoli", "block_lgd": 163, "gp_name": "", "state_name": "MAHARASHTRA", "state_lgd": 27, "population": 1459, "households": 311}, "geometry": {"type": "Polygon", "coordinates": [[[77.22132, 19.93803], [77.21933, 19.92772], [77.21929, 19.923820000000003], [77.2213, 19.91948], [77.22031000000001, 19.91469], [77.21701, 19.91175], [77.20928, 19.90837], [77.20121, 19.908250000000002], [77.19797000000001, 19.9099], [77.19725000000001, 19.92357], [77.19538, 19.92631], [77.19981, 19.92697], [77.20436000000001, 19.9294], [77.21154, 19.9312], [77.21335, 19.932630000000003], [77.21711, 19.93918], [77.21900000000001, 19.938470000000002], [77.22132, 19.93803]]]}}, {"id": "683", "type": "Feature", "properties": {"village_name": "Phalegaon", "vil_lgd": 545852, "district_name": "Hingoli", "dist_lgd": 477, "subdistrict_name": "Hingoli", "sdcode": 4112, "block_name": "Hingoli", "block_lgd": 163, "gp_name": "", "state_name": "MAHARASHTRA", "state_lgd": 27, "population": 3162, "households": 645}, "geometry": {"type": "Polygon", "coordinates": [[[77.19253, 19.92742], [77.19538, 19.92631], [77.19725000000001, 19.92357], [77.19797000000001, 19.9099], [77.19723, 19.90594], [77.19455, 19.90519], [77.1829, 19.90747], [77.17505000000001, 19.907790000000002], [77.16757000000001, 19.9079], [77.16282000000001, 19.909730000000003], [77.15908, 19.914060000000003], [77.15938000000001, 19.92179], [77.16145, 19.927090000000003], [77.17075000000001, 19.9311], [77.18631, 19.93213], [77.19253, 19.92742]]]}}, {"id": "684", "type": "Feature", "properties": {"village_name": "Pawti", "vil_lgd": 545779, "district_name": "Hingoli", "dist_lgd": 477, "subdistrict_name": "Sengaon", "sdcode": 4111, "block_name": "Sengaon", "block_lgd": 162, "gp_name": "", "state_name": "MAHARASHTRA", "state_lgd": 27, "population": 0, "households": 0}, "geometry": {"type": "Polygon", "coordinates": [[[77.00804000000001, 20.00159], [77.00126, 20.00046], [76.99726000000001, 20.000030000000002], [76.98909, 20.00336], [76.99177, 20.011760000000002], [76.99163, 20.01642], [76.99393, 20.01751], [76.99683, 20.01623], [77.00636, 20.00578], [77.01047000000001, 20.00319], [77.00804000000001, 20.00159]]]}}, {"id": "685", "type": "Feature", "properties": {"village_name": "Kapurkheda", "vil_lgd": 545849, "district_name": "Hingoli", "dist_lgd": 477, "subdistrict_name": "Hingoli", "sdcode": 4112, "block_name": "Hingoli", "block_lgd": 163, "gp_name": "", "state_name": "MAHARASHTRA", "state_lgd": 27, "population": 214, "households": 40}, "geometry": {"type": "Polygon", "coordinates": [[[77.23654, 19.937330000000003], [77.23710000000001, 19.93552], [77.23655000000001, 19.92256], [77.22811, 19.92369], [77.21929, 19.923820000000003], [77.21933, 19.92772], [77.22132, 19.93803], [77.23256, 19.939010000000003], [77.23496, 19.93853], [77.23654, 19.937330000000003]]]}}, {"id": "686", "type": "Feature", "properties": {"village_name": "Kumbharwadi", "vil_lgd": 546234, "district_name": "Hingoli", "dist_lgd": 477, "subdistrict_name": "Kalamnuri", "sdcode": 4114, "block_name": "Kalamnuri", "block_lgd": 165, "gp_name": "", "state_name": "MAHARASHTRA", "state_lgd": 27, "population": 1129, "households": 209}, "geometry": {"type": "Polygon", "coordinates": [[[77.44034, 19.440610000000003], [77.43754000000001, 19.45212], [77.44354000000001, 19.45355], [77.4478, 19.456960000000002], [77.45249000000001, 19.45906], [77.44769000000001, 19.441850000000002], [77.44441, 19.44077], [77.44034, 19.440610000000003]]]}}, {"id": "687", "type": "Feature", "properties": {"village_name": "Gangapur", "vil_lgd": 546146, "district_name": "Hingoli", "dist_lgd": 477, "subdistrict_name": "Kalamnuri", "sdcode": 4114, "block_name": "Kalamnuri", "block_lgd": 165, "gp_name": "", "state_name": "MAHARASHTRA", "state_lgd": 27, "population": 289, "households": 59}, "geometry": {"type": "Polygon", "coordinates": [[[77.45537, 19.67689], [77.44985000000001, 19.676160000000003], [77.44926000000001, 19.67454], [77.44567, 19.67492], [77.44548, 19.67873], [77.44736, 19.684160000000002], [77.44797000000001, 19.688860000000002], [77.45144, 19.687790000000003], [77.45812000000001, 19.682360000000003], [77.45537, 19.67689]]]}}, {"id": "688", "type": "Feature", "properties": {"village_name": "Gaul Ba", "vil_lgd": 546147, "district_name": "Hingoli", "dist_lgd": 477, "subdistrict_name": "Kalamnuri", "sdcode": 4114, "block_name": "Kalamnuri", "block_lgd": 165, "gp_name": "", "state_name": "MAHARASHTRA", "state_lgd": 27, "population": 1212, "households": 255}, "geometry": {"type": "Polygon", "coordinates": [[[77.45361000000001, 19.67454], [77.45319, 19.67319], [77.45970000000001, 19.67134], [77.45957, 19.67032], [77.46254, 19.66974], [77.46198000000001, 19.665090000000003], [77.46618000000001, 19.66402], [77.45920000000001, 19.661920000000002], [77.45249000000001, 19.661540000000002], [77.44936000000001, 19.66526], [77.44819000000001, 19.66879], [77.44832000000001, 19.67192], [77.44567, 19.67492], [77.44926000000001, 19.67454], [77.45361000000001, 19.67454]]]}}, {"id": "689", "type": "Feature", "properties": {"village_name": "Babhali", "vil_lgd": 546149, "district_name": "Hingoli", "dist_lgd": 477, "subdistrict_name": "Kalamnuri", "sdcode": 4114, "block_name": "Kalamnuri", "block_lgd": 165, "gp_name": "", "state_name": "MAHARASHTRA", "state_lgd": 27, "population": 2190, "households": 415}, "geometry": {"type": "Polygon", "coordinates": [[[77.44936000000001, 19.66526], [77.45249000000001, 19.661540000000002], [77.44923, 19.64517], [77.44941, 19.64282], [77.45231000000001, 19.638350000000003], [77.44986, 19.63147], [77.44698000000001, 19.63359], [77.43608, 19.63463], [77.43563, 19.63933], [77.4338, 19.64281], [77.43398, 19.654500000000002], [77.43572, 19.6691], [77.44819000000001, 19.66879], [77.44936000000001, 19.66526]]]}}, {"id": "690", "type": "Feature", "properties": {"village_name": "Belmanda", "vil_lgd": 546196, "district_name": "Hingoli", "dist_lgd": 477, "subdistrict_name": "Kalamnuri", "sdcode": 4114, "block_name": "Kalamnuri", "block_lgd": 165, "gp_name": "", "state_name": "MAHARASHTRA", "state_lgd": 27, "population": 1648, "households": 340}, "geometry": {"type": "Polygon", "coordinates": [[[77.46565000000001, 19.6304], [77.46264000000001, 19.60921], [77.45932, 19.607950000000002], [77.44761000000001, 19.60696], [77.44647, 19.60733], [77.44775000000001, 19.61579], [77.45016000000001, 19.624100000000002], [77.44986, 19.63147], [77.45231000000001, 19.638350000000003], [77.46536, 19.639200000000002], [77.46619000000001, 19.641150000000003], [77.46612, 19.63924], [77.46565000000001, 19.6304]]]}}, {"id": "691", "type": "Feature", "properties": {"village_name": "Yehelegaon Tukaram", "vil_lgd": 546197, "district_name": "Hingoli", "dist_lgd": 477, "subdistrict_name": "Kalamnuri", "sdcode": 4114, "block_name": "Kalamnuri", "block_lgd": 165, "gp_name": "", "state_name": "MAHARASHTRA", "state_lgd": 27, "population": 3407, "households": 735}, "geometry": {"type": "Polygon", "coordinates": [[[77.47838, 19.599010000000003], [77.47671000000001, 19.599610000000002], [77.47627, 19.59746], [77.45805, 19.581660000000003], [77.45094, 19.56922], [77.45230000000001, 19.56856], [77.45238, 19.5634], [77.44422, 19.563830000000003], [77.44251000000001, 19.574450000000002], [77.44247, 19.58029], [77.44761000000001, 19.60696], [77.45932, 19.607950000000002], [77.46264000000001, 19.60921], [77.46689, 19.60866], [77.47851, 19.60013], [77.47838, 19.599010000000003]]]}}, {"id": "692", "type": "Feature", "properties": {"village_name": "Yegaon", "vil_lgd": 546198, "district_name": "Hingoli", "dist_lgd": 477, "subdistrict_name": "Kalamnuri", "sdcode": 4114, "block_name": "Kalamnuri", "block_lgd": 165, "gp_name": "", "state_name": "MAHARASHTRA", "state_lgd": 27, "population": 571, "households": 110}, "geometry": {"type": "Polygon", "coordinates": [[[77.44399, 19.54041], [77.4431, 19.54229], [77.44333, 19.55383], [77.44170000000001, 19.55556], [77.43956, 19.555750000000003], [77.44191000000001, 19.561210000000003], [77.44422, 19.563830000000003], [77.45238, 19.5634], [77.45240000000001, 19.561690000000002], [77.45320000000001, 19.555880000000002], [77.45316000000001, 19.54354], [77.44972, 19.54062], [77.44399, 19.54041]]]}}, {"id": "693", "type": "Feature", "properties": {"village_name": "Kawadi", "vil_lgd": 546199, "district_name": "Hingoli", "dist_lgd": 477, "subdistrict_name": "Kalamnuri", "sdcode": 4114, "block_name": "Kalamnuri", "block_lgd": 165, "gp_name": "", "state_name": "MAHARASHTRA", "state_lgd": 27, "population": 835, "households": 170}, "geometry": {"type": "Polygon", "coordinates": [[[77.46418000000001, 19.542170000000002], [77.45641, 19.542160000000003], [77.45439, 19.542440000000003], [77.45316000000001, 19.54354], [77.45320000000001, 19.555880000000002], [77.45240000000001, 19.561690000000002], [77.46254, 19.563360000000003], [77.46267, 19.56399], [77.4658, 19.563650000000003], [77.46507000000001, 19.557740000000003], [77.46418000000001, 19.542170000000002]]]}}, {"id": "694", "type": "Feature", "properties": {"village_name": "Shewala", "vil_lgd": 546200, "district_name": "Hingoli", "dist_lgd": 477, "subdistrict_name": "Kalamnuri", "sdcode": 4114, "block_name": "Kalamnuri", "block_lgd": 165, "gp_name": "", "state_name": "MAHARASHTRA", "state_lgd": 27, "population": 5060, "households": 952}, "geometry": {"type": "Polygon", "coordinates": [[[77.46418000000001, 19.542170000000002], [77.46618000000001, 19.53186], [77.46915000000001, 19.52852], [77.46952, 19.52569], [77.46724, 19.523110000000003], [77.46594, 19.52325], [77.45718000000001, 19.527], [77.45449, 19.526480000000003], [77.44756000000001, 19.52267], [77.44688000000001, 19.52841], [77.44596, 19.536350000000002], [77.44399, 19.54041], [77.44972, 19.54062], [77.45316000000001, 19.54354], [77.45439, 19.542440000000003], [77.45641, 19.542160000000003], [77.46418000000001, 19.542170000000002]]]}}, {"id": "695", "type": "Feature", "properties": {"village_name": "Devjana", "vil_lgd": 546216, "district_name": "Hingoli", "dist_lgd": 477, "subdistrict_name": "Kalamnuri", "sdcode": 4114, "block_name": "Kalamnuri", "block_lgd": 165, "gp_name": "", "state_name": "MAHARASHTRA", "state_lgd": 27, "population": 1211, "households": 264}, "geometry": {"type": "Polygon", "coordinates": [[[77.46724, 19.523110000000003], [77.46952, 19.52569], [77.46981000000001, 19.51932], [77.46786, 19.505560000000003], [77.46683, 19.50606], [77.46454, 19.50524], [77.4619, 19.50308], [77.45923, 19.498540000000002], [77.45435, 19.50157], [77.45235000000001, 19.5041], [77.44847, 19.51582], [77.44756000000001, 19.52267], [77.45449, 19.526480000000003], [77.45718000000001, 19.527], [77.46594, 19.52325], [77.46724, 19.523110000000003]]]}}, {"id": "696", "type": "Feature", "properties": {"village_name": "Chikhali", "vil_lgd": 546217, "district_name": "Hingoli", "dist_lgd": 477, "subdistrict_name": "Kalamnuri", "sdcode": 4114, "block_name": "Kalamnuri", "block_lgd": 165, "gp_name": "", "state_name": "MAHARASHTRA", "state_lgd": 27, "population": 1974, "households": 396}, "geometry": {"type": "Polygon", "coordinates": [[[77.46763, 19.50092], [77.46937000000001, 19.50075], [77.46904, 19.49583], [77.47030000000001, 19.49574], [77.47053000000001, 19.49071], [77.47739, 19.49266], [77.48505, 19.49753], [77.48365000000001, 19.49455], [77.48450000000001, 19.49395], [77.4868, 19.49453], [77.48805, 19.49151], [77.47632, 19.489140000000003], [77.45733000000001, 19.482960000000002], [77.45374000000001, 19.48356], [77.45570000000001, 19.49397], [77.45750000000001, 19.49696], [77.45923, 19.498540000000002], [77.4619, 19.50308], [77.46454, 19.50524], [77.46683, 19.50606], [77.46786, 19.505560000000003], [77.46763, 19.50092]]]}}, {"id": "697", "type": "Feature", "properties": {"village_name": "Pimpri Kh", "vil_lgd": 546219, "district_name": "Hingoli", "dist_lgd": 477, "subdistrict_name": "Kalamnuri", "sdcode": 4114, "block_name": "Kalamnuri", "block_lgd": 165, "gp_name": "", "state_name": "MAHARASHTRA", "state_lgd": 27, "population": 1017, "households": 246}, "geometry": {"type": "Polygon", "coordinates": [[[77.45570000000001, 19.49397], [77.45374000000001, 19.48356], [77.44248, 19.48457], [77.4405, 19.497120000000002], [77.44388000000001, 19.496650000000002], [77.44752000000001, 19.49735], [77.45435, 19.50157], [77.45923, 19.498540000000002], [77.45750000000001, 19.49696], [77.45570000000001, 19.49397]]]}}, {"id": "698", "type": "Feature", "properties": {"village_name": "Phutana", "vil_lgd": 546232, "district_name": "Hingoli", "dist_lgd": 477, "subdistrict_name": "Kalamnuri", "sdcode": 4114, "block_name": "Kalamnuri", "block_lgd": 165, "gp_name": "", "state_name": "MAHARASHTRA", "state_lgd": 27, "population": 1147, "households": 259}, "geometry": {"type": "Polygon", "coordinates": [[[77.48812000000001, 19.48714], [77.48575000000001, 19.48664], [77.48611000000001, 19.48358], [77.48837, 19.48374], [77.48747, 19.48063], [77.48605, 19.48074], [77.48466, 19.47569], [77.47157, 19.470360000000003], [77.4548, 19.46872], [77.45453, 19.47363], [77.45538, 19.480040000000002], [77.45733000000001, 19.482960000000002], [77.47632, 19.489140000000003], [77.48805, 19.49151], [77.48579000000001, 19.490650000000002], [77.48587, 19.48888], [77.48817000000001, 19.48883], [77.48812000000001, 19.48714]]]}}, {"id": "699", "type": "Feature", "properties": {"village_name": "Dabhadi", "vil_lgd": 546233, "district_name": "Hingoli", "dist_lgd": 477, "subdistrict_name": "Kalamnuri", "sdcode": 4114, "block_name": "Kalamnuri", "block_lgd": 165, "gp_name": "", "state_name": "MAHARASHTRA", "state_lgd": 27, "population": 268, "households": 63}, "geometry": {"type": "Polygon", "coordinates": [[[77.48687000000001, 19.45857], [77.48589000000001, 19.45776], [77.4735, 19.457220000000003], [77.47035000000001, 19.445240000000002], [77.46956, 19.438570000000002], [77.46059000000001, 19.440170000000002], [77.44808, 19.440440000000002], [77.44769000000001, 19.441850000000002], [77.45249000000001, 19.45906], [77.45231000000001, 19.463630000000002], [77.45432000000001, 19.466150000000003], [77.4548, 19.46872], [77.47157, 19.470360000000003], [77.48466, 19.47569], [77.48638000000001, 19.469630000000002], [77.48687000000001, 19.45857]]]}}, {"id": "700", "type": "Feature", "properties": {"village_name": "Rahimapur", "vil_lgd": 546148, "district_name": "Hingoli", "dist_lgd": 477, "subdistrict_name": "Kalamnuri", "sdcode": 4114, "block_name": "Kalamnuri", "block_lgd": 165, "gp_name": "", "state_name": "MAHARASHTRA", "state_lgd": 27, "population": 0, "households": 0}, "geometry": {"type": "Polygon", "coordinates": [[[77.46476000000001, 19.65409], [77.46125, 19.64626], [77.46295, 19.64298], [77.46619000000001, 19.641150000000003], [77.46536, 19.639200000000002], [77.45231000000001, 19.638350000000003], [77.44941, 19.64282], [77.44923, 19.64517], [77.45249000000001, 19.661540000000002], [77.45920000000001, 19.661920000000002], [77.46618000000001, 19.66402], [77.46605000000001, 19.662760000000002], [77.46476000000001, 19.65409]]]}}, {"id": "701", "type": "Feature", "properties": {"village_name": "Dongi", "vil_lgd": 545906, "district_name": "Hingoli", "dist_lgd": 477, "subdistrict_name": "Hingoli", "sdcode": 4112, "block_name": "Hingoli", "block_lgd": 163, "gp_name": "", "state_name": "MAHARASHTRA", "state_lgd": 27, "population": 0, "households": 0}, "geometry": {"type": "Polygon", "coordinates": [[[77.29011000000001, 19.783430000000003], [77.27770000000001, 19.786420000000003], [77.272, 19.78913], [77.27316, 19.796870000000002], [77.27657, 19.803160000000002], [77.27958000000001, 19.803590000000003], [77.28814000000001, 19.80189], [77.29167000000001, 19.801190000000002], [77.29167000000001, 19.791040000000002], [77.29104000000001, 19.78845], [77.29008, 19.787740000000003], [77.29011000000001, 19.783430000000003]]]}}, {"id": "702", "type": "Feature", "properties": {"village_name": "Ganeshwadi", "vil_lgd": 545946, "district_name": "Hingoli", "dist_lgd": 477, "subdistrict_name": "Hingoli", "sdcode": 4112, "block_name": "Hingoli", "block_lgd": 163, "gp_name": "", "state_name": "MAHARASHTRA", "state_lgd": 27, "population": 0, "households": 0}, "geometry": {"type": "Polygon", "coordinates": [[[77.16302, 19.750510000000002], [77.16068, 19.75673], [77.15907, 19.758170000000003], [77.1738, 19.75906], [77.17293000000001, 19.75468], [77.17490000000001, 19.752260000000003], [77.17165, 19.7512], [77.16302, 19.750510000000002]]]}}, {"id": "703", "type": "Feature", "properties": {"village_name": "Limbala Tanda", "vil_lgd": 545746, "district_name": "Hingoli", "dist_lgd": 477, "subdistrict_name": "Sengaon", "sdcode": 4111, "block_name": "Sengaon", "block_lgd": 162, "gp_name": "", "state_name": "MAHARASHTRA", "state_lgd": 27, "population": 1236, "households": 234}, "geometry": {"type": "Polygon", "coordinates": [[[76.78541000000001, 19.740370000000002], [76.78113, 19.739500000000003], [76.76944, 19.740170000000003], [76.75935000000001, 19.74323], [76.76221000000001, 19.749650000000003], [76.77226, 19.758390000000002], [76.78905, 19.75392], [76.78541000000001, 19.740370000000002]]]}}, {"id": "704", "type": "Feature", "properties": {"village_name": "Hiwarkheda", "vil_lgd": 546102, "district_name": "Hingoli", "dist_lgd": 477, "subdistrict_name": "Aundha (Nagnath)", "sdcode": 4113, "block_name": "Aundha (Nagnath)", "block_lgd": 164, "gp_name": "", "state_name": "MAHARASHTRA", "state_lgd": 27, "population": 694, "households": 145}, "geometry": {"type": "Polygon", "coordinates": [[[76.90305000000001, 19.522080000000003], [76.89824, 19.522360000000003], [76.88904000000001, 19.52457], [76.88910000000001, 19.52925], [76.89067, 19.53911], [76.89841000000001, 19.538780000000003], [76.90305000000001, 19.522080000000003]]]}}, {"id": "705", "type": "Feature", "properties": {"village_name": "Dhar", "vil_lgd": 546097, "district_name": "Hingoli", "dist_lgd": 477, "subdistrict_name": "Aundha (Nagnath)", "sdcode": 4113, "block_name": "Aundha (Nagnath)", "block_lgd": 164, "gp_name": "", "state_name": "MAHARASHTRA", "state_lgd": 27, "population": 1113, "households": 198}, "geometry": {"type": "Polygon", "coordinates": [[[76.97435, 19.53038], [76.96679, 19.538510000000002], [76.95947000000001, 19.546290000000003], [76.95285000000001, 19.56042], [76.96730000000001, 19.56211], [76.96950000000001, 19.56003], [76.97222000000001, 19.553970000000003], [76.97416000000001, 19.54784], [76.97455000000001, 19.53928], [76.97456000000001, 19.533340000000003], [76.97435, 19.53038]]]}}, {"id": "706", "type": "Feature", "properties": {"village_name": "Bagdad", "vil_lgd": 546383, "district_name": "Hingoli", "dist_lgd": 477, "subdistrict_name": "Basmath", "sdcode": 4115, "block_name": "Basmath", "block_lgd": 166, "gp_name": "", "state_name": "MAHARASHTRA", "state_lgd": 27, "population": 332, "households": 74}, "geometry": {"type": "Polygon", "coordinates": [[[77.12222000000001, 19.281010000000002], [77.11549000000001, 19.28301], [77.1182, 19.28646], [77.12258, 19.295350000000003], [77.12436000000001, 19.303220000000003], [77.13487, 19.30049], [77.13264000000001, 19.29391], [77.12649, 19.28515], [77.12222000000001, 19.281010000000002]]]}}, {"id": "707", "type": "Feature", "properties": {"village_name": "Turk Pimpari", "vil_lgd": 546008, "district_name": "Hingoli", "dist_lgd": 477, "subdistrict_name": "Aundha (Nagnath)", "sdcode": 4113, "block_name": "Aundha (Nagnath)", "block_lgd": 164, "gp_name": "", "state_name": "MAHARASHTRA", "state_lgd": 27, "population": 504, "households": 99}, "geometry": {"type": "Polygon", "coordinates": [[[77.08376000000001, 19.59674], [77.08768, 19.58883], [77.06851, 19.588700000000003], [77.05307, 19.588540000000002], [77.05338, 19.60501], [77.0811, 19.59794], [77.08376000000001, 19.59674]]]}}, {"id": "708", "type": "Feature", "properties": {"village_name": "Walki", "vil_lgd": 546020, "district_name": "Hingoli", "dist_lgd": 477, "subdistrict_name": "Aundha (Nagnath)", "sdcode": 4113, "block_name": "Aundha (Nagnath)", "block_lgd": 164, "gp_name": "", "state_name": "MAHARASHTRA", "state_lgd": 27, "population": 1467, "households": 278}, "geometry": {"type": "Polygon", "coordinates": [[[77.11423, 19.544050000000002], [77.10777, 19.546110000000002], [77.10358000000001, 19.54625], [77.09947000000001, 19.545240000000003], [77.09507, 19.54268], [77.08824000000001, 19.555870000000002], [77.08551, 19.56631], [77.08553, 19.57018], [77.08799, 19.57308], [77.09419000000001, 19.575110000000002], [77.10498000000001, 19.566270000000003], [77.10504, 19.565070000000002], [77.10484000000001, 19.56061], [77.11379000000001, 19.550810000000002], [77.11464000000001, 19.5472], [77.11423, 19.544050000000002]]]}}, {"id": "709", "type": "Feature", "properties": {"village_name": "Amdari", "vil_lgd": 545744, "district_name": "Hingoli", "dist_lgd": 477, "subdistrict_name": "Sengaon", "sdcode": 4111, "block_name": "Sengaon", "block_lgd": 162, "gp_name": "", "state_name": "MAHARASHTRA", "state_lgd": 27, "population": 689, "households": 126}, "geometry": {"type": "Polygon", "coordinates": [[[76.76790000000001, 19.70512], [76.76101000000001, 19.70557], [76.76084, 19.71133], [76.75598000000001, 19.725350000000002], [76.75604000000001, 19.727510000000002], [76.76363, 19.726860000000002], [76.77476, 19.72446], [76.76870000000001, 19.71556], [76.77102000000001, 19.705900000000003], [76.76790000000001, 19.70512]]]}}, {"id": "710", "type": "Feature", "properties": {"village_name": "Sirsam Bk", "vil_lgd": 545889, "district_name": "Hingoli", "dist_lgd": 477, "subdistrict_name": "Hingoli", "sdcode": 4112, "block_name": "Hingoli", "block_lgd": 163, "gp_name": "", "state_name": "MAHARASHTRA", "state_lgd": 27, "population": 2281, "households": 456}, "geometry": {"type": "Polygon", "coordinates": [[[77.26099, 19.829720000000002], [77.24816000000001, 19.832800000000002], [77.23993, 19.834500000000002], [77.23921, 19.84543], [77.23998, 19.853820000000002], [77.24741, 19.853730000000002], [77.26336, 19.85191], [77.26432000000001, 19.84834], [77.26348, 19.840380000000003], [77.26099, 19.829720000000002]]]}}, {"id": "711", "type": "Feature", "properties": {"village_name": "Balsond", "vil_lgd": 545947, "district_name": "Hingoli", "dist_lgd": 477, "subdistrict_name": "Hingoli", "sdcode": 4112, "block_name": "Hingoli", "block_lgd": 163, "gp_name": "", "state_name": "MAHARASHTRA", "state_lgd": 27, "population": 5008, "households": 1046}, "geometry": {"type": "Polygon", "coordinates": [[[77.18128, 19.750040000000002], [77.18495, 19.747220000000002], [77.18950000000001, 19.73807], [77.18208000000001, 19.73693], [77.17298000000001, 19.73561], [77.168, 19.733890000000002], [77.16653000000001, 19.73544], [77.16549, 19.742350000000002], [77.16302, 19.750510000000002], [77.17165, 19.7512], [77.17490000000001, 19.752260000000003], [77.18128, 19.750040000000002]]]}}, {"id": "712", "type": "Feature", "properties": {"village_name": "Karwadi", "vil_lgd": 545948, "district_name": "Hingoli", "dist_lgd": 477, "subdistrict_name": "Hingoli", "sdcode": 4112, "block_name": "Hingoli", "block_lgd": 163, "gp_name": "", "state_name": "MAHARASHTRA", "state_lgd": 27, "population": 2422, "households": 528}, "geometry": {"type": "Polygon", "coordinates": [[[77.20044, 19.732840000000003], [77.19771, 19.718], [77.18751, 19.71723], [77.18789000000001, 19.719910000000002], [77.18618000000001, 19.726480000000002], [77.18208000000001, 19.73693], [77.18950000000001, 19.73807], [77.197, 19.73494], [77.20044, 19.732840000000003]]]}}, {"id": "713", "type": "Feature", "properties": {"village_name": "Dategaon", "vil_lgd": 545993, "district_name": "Hingoli", "dist_lgd": 477, "subdistrict_name": "Hingoli", "sdcode": 4112, "block_name": "Hingoli", "block_lgd": 163, "gp_name": "", "state_name": "MAHARASHTRA", "state_lgd": 27, "population": 1004, "households": 174}, "geometry": {"type": "Polygon", "coordinates": [[[77.06684000000001, 19.68721], [77.06500000000001, 19.68492], [77.05765000000001, 19.680410000000002], [77.05307, 19.67903], [77.05026000000001, 19.68861], [77.05026000000001, 19.691570000000002], [77.05047, 19.694380000000002], [77.05408000000001, 19.698900000000002], [77.05882000000001, 19.699820000000003], [77.06397000000001, 19.69913], [77.07530000000001, 19.69404], [77.06684000000001, 19.68721]]]}}]}