{"type": "FeatureCollection", "metadata": {"source": "Survey of India (per src_agency attribute in the source data)", "hosted_via": "National Water Data Portal (NWDP), NWIC, Ministry of Jal Shakti -- https://nwdp.nwic.gov.in/", "access": "public, no login required", "crs_original": "EPSG:7755 (WGS 84 / India NSF LCC)", "fetch_date": "2026-08-02", "quality": "verified-official -- Survey of India source", "state": "Maharashtra", "district": "Thane", "processing": "reprojected to EPSG:4326, topology-preserving simplify (shared-arc, tolerance 0.0005 deg) so adjacent polygons never overlap/gap at shared borders, coords rounded 5dp, 0 feature(s) needed the per-feature fallback", "feature_count": 855}, "features": [{"id": "0", "type": "Feature", "properties": {"village_name": "Vadavali Kh", "vil_lgd": 553004, "district_name": "Thane", "dist_lgd": 497, "subdistrict_name": "Kalyan", "sdcode": 4168, "block_name": "Kalyan", "block_lgd": 219.0, "gp_name": "", "state_name": "MAHARASHTRA", "state_lgd": 27, "population": 773, "households": 160}, "geometry": {"type": "Polygon", "coordinates": [[[73.09721, 19.142590000000002], [73.08668, 19.14269], [73.08819000000001, 19.143690000000003], [73.08876000000001, 19.14665], [73.09029000000001, 19.14872], [73.09485000000001, 19.14629], [73.09675, 19.14432], [73.09721, 19.142590000000002]]]}}, {"id": "1", "type": "Feature", "properties": {"village_name": "Shendrun Bk", "vil_lgd": 552903, "district_name": "Thane", "dist_lgd": 497, "subdistrict_name": "Shahapur", "sdcode": 4167, "block_name": "Shahapur", "block_lgd": 218.0, "gp_name": "", "state_name": "MAHARASHTRA", "state_lgd": 27, "population": 813, "households": 171}, "geometry": {"type": "Polygon", "coordinates": [[[73.38812, 19.37574], [73.39421, 19.36513], [73.39201, 19.36513], [73.38664, 19.3624], [73.38123, 19.37159], [73.38063000000001, 19.377640000000003], [73.38134000000001, 19.3791], [73.38764, 19.37865], [73.38812, 19.37574]]]}}, {"id": "2", "type": "Feature", "properties": {"village_name": "Ambivali Tarf Chon", "vil_lgd": 552972, "district_name": "Thane", "dist_lgd": 497, "subdistrict_name": "Kalyan", "sdcode": 4168, "block_name": "Kalyan", "block_lgd": 219.0, "gp_name": "", "state_name": "MAHARASHTRA", "state_lgd": 27, "population": 313, "households": 70}, "geometry": {"type": "Polygon", "coordinates": [[[73.22153, 19.202170000000002], [73.21844, 19.20886], [73.22495, 19.21007], [73.23475, 19.209490000000002], [73.23402, 19.203590000000002], [73.23291, 19.20278], [73.22153, 19.202170000000002]]]}}, {"id": "3", "type": "Feature", "properties": {"village_name": "Rohan", "vil_lgd": 552966, "district_name": "Thane", "dist_lgd": 497, "subdistrict_name": "Kalyan", "sdcode": 4168, "block_name": "Kalyan", "block_lgd": 219.0, "gp_name": "", "state_name": "MAHARASHTRA", "state_lgd": 27, "population": 513, "households": 103}, "geometry": {"type": "Polygon", "coordinates": [[[73.25904000000001, 19.23628], [73.25968, 19.241190000000003], [73.25932, 19.24594], [73.25904000000001, 19.250960000000003], [73.25975000000001, 19.25412], [73.26717000000001, 19.256610000000002], [73.27052, 19.257080000000002], [73.26931, 19.250690000000002], [73.27166000000001, 19.23864], [73.26389, 19.237360000000002], [73.25904000000001, 19.23628]]]}}, {"id": "4", "type": "Feature", "properties": {"village_name": "Mharal Kh", "vil_lgd": 552980, "district_name": "Thane", "dist_lgd": 497, "subdistrict_name": "Kalyan", "sdcode": 4168, "block_name": "Kalyan", "block_lgd": 219.0, "gp_name": "", "state_name": "MAHARASHTRA", "state_lgd": 27, "population": 2163, "households": 507}, "geometry": {"type": "Polygon", "coordinates": [[[73.18217, 19.228610000000003], [73.18063000000001, 19.22888], [73.17601, 19.230220000000003], [73.17384000000001, 19.23391], [73.18376, 19.237840000000002], [73.18611, 19.23214], [73.18394, 19.229850000000003], [73.18217, 19.228610000000003]]]}}, {"id": "5", "type": "Feature", "properties": {"village_name": "Dawrali", "vil_lgd": 553036, "district_name": "Thane", "dist_lgd": 497, "subdistrict_name": "Ambarnath", "sdcode": 4170, "block_name": "Ambarnath", "block_lgd": 221.0, "gp_name": "", "state_name": "MAHARASHTRA", "state_lgd": 27, "population": 3229, "households": 756}, "geometry": {"type": "Polygon", "coordinates": [[[73.14509000000001, 19.19396], [73.14277000000001, 19.189480000000003], [73.13903, 19.197670000000002], [73.13641000000001, 19.20024], [73.13214, 19.20024], [73.13328, 19.204150000000002], [73.14058, 19.20458], [73.14423000000001, 19.20511], [73.14539, 19.203860000000002], [73.14521, 19.19585], [73.14509000000001, 19.19396]]]}}, {"id": "6", "type": "Feature", "properties": {"village_name": "Chinchpada", "vil_lgd": 553033, "district_name": "Thane", "dist_lgd": 497, "subdistrict_name": "Ambarnath", "sdcode": 4170, "block_name": "Ambarnath", "block_lgd": 221.0, "gp_name": "", "state_name": "MAHARASHTRA", "state_lgd": 27, "population": 13220, "households": 3273}, "geometry": {"type": "Polygon", "coordinates": [[[73.14294000000001, 19.2088], [73.14098, 19.2118], [73.14013, 19.215570000000003], [73.14155000000001, 19.21686], [73.14349, 19.215950000000003], [73.15010000000001, 19.215200000000003], [73.15023000000001, 19.21168], [73.15144000000001, 19.209390000000003], [73.14294000000001, 19.2088]]]}}, {"id": "7", "type": "Feature", "properties": {"village_name": "Ashele", "vil_lgd": 553034, "district_name": "Thane", "dist_lgd": 497, "subdistrict_name": "Ambarnath", "sdcode": 4170, "block_name": "Ambarnath", "block_lgd": 221.0, "gp_name": "", "state_name": "MAHARASHTRA", "state_lgd": 27, "population": 22946, "households": 5312}, "geometry": {"type": "Polygon", "coordinates": [[[73.162, 19.20446], [73.15538000000001, 19.20463], [73.15144000000001, 19.209390000000003], [73.15023000000001, 19.21168], [73.15010000000001, 19.215200000000003], [73.15950000000001, 19.21479], [73.16112000000001, 19.214760000000002], [73.16215000000001, 19.21331], [73.1618, 19.206310000000002], [73.162, 19.20446]]]}}, {"id": "8", "type": "Feature", "properties": {"village_name": "Manere", "vil_lgd": 553035, "district_name": "Thane", "dist_lgd": 497, "subdistrict_name": "Ambarnath", "sdcode": 4170, "block_name": "Ambarnath", "block_lgd": 221.0, "gp_name": "", "state_name": "MAHARASHTRA", "state_lgd": 27, "population": 8165, "households": 1813}, "geometry": {"type": "Polygon", "coordinates": [[[73.16377, 19.20242], [73.16274, 19.196050000000003], [73.14521, 19.19585], [73.14539, 19.203860000000002], [73.14423000000001, 19.20511], [73.14294000000001, 19.2088], [73.15144000000001, 19.209390000000003], [73.15538000000001, 19.20463], [73.162, 19.20446], [73.16377, 19.20242]]]}}, {"id": "9", "type": "Feature", "properties": {"village_name": "Bharodi", "vil_lgd": 552673, "district_name": "Thane", "dist_lgd": 497, "subdistrict_name": "Bhiwandi", "sdcode": 4166, "block_name": "Bhiwandi", "block_lgd": 217.0, "gp_name": "", "state_name": "MAHARASHTRA", "state_lgd": 27, "population": 1533, "households": 279}, "geometry": {"type": "Polygon", "coordinates": [[[73.05166000000001, 19.203580000000002], [73.04854, 19.212100000000003], [73.04641000000001, 19.215110000000003], [73.05057000000001, 19.2205], [73.05212, 19.221420000000002], [73.05347, 19.22644], [73.05502, 19.22471], [73.06044, 19.2237], [73.06383000000001, 19.221970000000002], [73.06518000000001, 19.22023], [73.06639000000001, 19.22015], [73.06602000000001, 19.21396], [73.06468000000001, 19.20905], [73.0629, 19.20754], [73.06038000000001, 19.2054], [73.05845000000001, 19.205000000000002], [73.05166000000001, 19.203580000000002]]]}}, {"id": "10", "type": "Feature", "properties": {"village_name": "Alimghar", "vil_lgd": 552674, "district_name": "Thane", "dist_lgd": 497, "subdistrict_name": "Bhiwandi", "sdcode": 4166, "block_name": "Bhiwandi", "block_lgd": 217.0, "gp_name": "", "state_name": "MAHARASHTRA", "state_lgd": 27, "population": 1345, "households": 280}, "geometry": {"type": "Polygon", "coordinates": [[[73.04118000000001, 19.2163], [73.04641000000001, 19.215110000000003], [73.04854, 19.212100000000003], [73.05166000000001, 19.203580000000002], [73.03007000000001, 19.2012], [73.02562, 19.20316], [73.0284, 19.20999], [73.02966, 19.21694], [73.0314, 19.217850000000002], [73.03266, 19.21657], [73.03547, 19.21621], [73.04118000000001, 19.2163]]]}}, {"id": "11", "type": "Feature", "properties": {"village_name": "Cole", "vil_lgd": 552997, "district_name": "Thane", "dist_lgd": 497, "subdistrict_name": "Kalyan", "sdcode": 4168, "block_name": "Kalyan", "block_lgd": 219.0, "gp_name": "", "state_name": "MAHARASHTRA", "state_lgd": 27, "population": 6932, "households": 1700}, "geometry": {"type": "Polygon", "coordinates": [[[73.09037000000001, 19.16057], [73.0843, 19.16372], [73.08316, 19.166410000000003], [73.09048, 19.172700000000003], [73.09219, 19.1762], [73.09352000000001, 19.18051], [73.09808000000001, 19.18033], [73.09894, 19.170810000000003], [73.09837, 19.166410000000003], [73.09542, 19.162550000000003], [73.09037000000001, 19.16057]]]}}, {"id": "12", "type": "Feature", "properties": {"village_name": "Anjur", "vil_lgd": 552672, "district_name": "Thane", "dist_lgd": 497, "subdistrict_name": "Bhiwandi", "sdcode": 4166, "block_name": "Bhiwandi", "block_lgd": 217.0, "gp_name": "", "state_name": "MAHARASHTRA", "state_lgd": 27, "population": 3807, "households": 818}, "geometry": {"type": "Polygon", "coordinates": [[[73.05018000000001, 19.229460000000003], [73.05221, 19.228910000000003], [73.05260000000001, 19.22681], [73.05347, 19.22644], [73.05212, 19.221420000000002], [73.05057000000001, 19.2205], [73.04641000000001, 19.215110000000003], [73.04118000000001, 19.2163], [73.03547, 19.21621], [73.03266, 19.21657], [73.0314, 19.217850000000002], [73.02966, 19.21694], [73.0284, 19.20999], [73.02562, 19.20316], [73.0173, 19.21424], [73.01194000000001, 19.219060000000002], [73.01411, 19.22334], [73.01483, 19.22671], [73.01939, 19.229000000000003], [73.02538000000001, 19.23034], [73.02763, 19.232090000000003], [73.02766000000001, 19.22973], [73.02950000000001, 19.22547], [73.0347, 19.22118], [73.04151, 19.2226], [73.04458000000001, 19.224510000000002], [73.04605000000001, 19.223730000000003], [73.04775000000001, 19.225270000000002], [73.04779, 19.22718], [73.04273, 19.230590000000003], [73.04399000000001, 19.232470000000003], [73.04265000000001, 19.23457], [73.04766000000001, 19.232290000000003], [73.05018000000001, 19.229460000000003]]]}}, {"id": "13", "type": "Feature", "properties": {"village_name": "Vakalan", "vil_lgd": 552454, "district_name": "Thane", "dist_lgd": 497, "subdistrict_name": "Thane", "sdcode": 4165, "block_name": "Thane", "block_lgd": 216.0, "gp_name": "", "state_name": "MAHARASHTRA", "state_lgd": 27, "population": 1790, "households": 362}, "geometry": {"type": "Polygon", "coordinates": [[[73.10436, 19.124070000000003], [73.10662, 19.124640000000003], [73.10662, 19.126990000000003], [73.11007000000001, 19.12771], [73.11063, 19.12168], [73.11037, 19.110110000000002], [73.1062, 19.10957], [73.10605000000001, 19.107190000000003], [73.10313000000001, 19.107380000000003], [73.10134000000001, 19.10661], [73.10134000000001, 19.105880000000003], [73.09917, 19.105620000000002], [73.09647000000001, 19.11164], [73.09663, 19.11633], [73.0939, 19.12284], [73.09889000000001, 19.12913], [73.10151, 19.13059], [73.10186, 19.126990000000003], [73.10436, 19.12688], [73.10436, 19.124070000000003]]]}}, {"id": "14", "type": "Feature", "properties": {"village_name": "Goteghar", "vil_lgd": 552461, "district_name": "Thane", "dist_lgd": 497, "subdistrict_name": "Thane", "sdcode": 4165, "block_name": "Thane", "block_lgd": 216.0, "gp_name": "", "state_name": "MAHARASHTRA", "state_lgd": 27, "population": 123, "households": 23}, "geometry": {"type": "Polygon", "coordinates": [[[73.0707, 19.140320000000003], [73.07100000000001, 19.141170000000002], [73.07116, 19.13833], [73.06649, 19.13719], [73.0578, 19.13352], [73.04872, 19.12808], [73.04345, 19.12524], [73.04345, 19.130640000000003], [73.04555, 19.135050000000003], [73.04842000000001, 19.138180000000002], [73.05504, 19.1416], [73.06061000000001, 19.14572], [73.06212000000001, 19.146150000000002], [73.06588, 19.144160000000003], [73.06664, 19.141170000000002], [73.0686, 19.140600000000003], [73.0707, 19.140320000000003]]]}}, {"id": "15", "type": "Feature", "properties": {"village_name": "Uttarshiv", "vil_lgd": 552460, "district_name": "Thane", "dist_lgd": 497, "subdistrict_name": "Thane", "sdcode": 4165, "block_name": "Thane", "block_lgd": 216.0, "gp_name": "", "state_name": "MAHARASHTRA", "state_lgd": 27, "population": 955, "households": 184}, "geometry": {"type": "Polygon", "coordinates": [[[73.07859, 19.145670000000003], [73.08204, 19.144440000000003], [73.07951, 19.142010000000003], [73.07507000000001, 19.13776], [73.07326, 19.13833], [73.07116, 19.13833], [73.07100000000001, 19.141170000000002], [73.07131000000001, 19.144730000000003], [73.07266, 19.14686], [73.07731000000001, 19.14748], [73.07859, 19.145670000000003]]]}}, {"id": "16", "type": "Feature", "properties": {"village_name": "Bhandarli", "vil_lgd": 552459, "district_name": "Thane", "dist_lgd": 497, "subdistrict_name": "Thane", "sdcode": 4165, "block_name": "Thane", "block_lgd": 216.0, "gp_name": "", "state_name": "MAHARASHTRA", "state_lgd": 27, "population": 957, "households": 212}, "geometry": {"type": "Polygon", "coordinates": [[[73.07326, 19.13833], [73.07281, 19.13079], [73.06709000000001, 19.12751], [73.06709000000001, 19.129080000000002], [73.06528, 19.13079], [73.05866, 19.130360000000003], [73.0578, 19.13352], [73.06649, 19.13719], [73.07116, 19.13833], [73.07326, 19.13833]]]}}, {"id": "17", "type": "Feature", "properties": {"village_name": "Sonarpada", "vil_lgd": 552991, "district_name": "Thane", "dist_lgd": 497, "subdistrict_name": "Kalyan", "sdcode": 4168, "block_name": "Kalyan", "block_lgd": 219.0, "gp_name": "", "state_name": "MAHARASHTRA", "state_lgd": 27, "population": 15287, "households": 3805}, "geometry": {"type": "Polygon", "coordinates": [[[73.10944, 19.18605], [73.10921, 19.1839], [73.10727, 19.18352], [73.10705, 19.18025], [73.10447, 19.18018], [73.10399000000001, 19.185950000000002], [73.10395000000001, 19.190160000000002], [73.11109, 19.18815], [73.10944, 19.18605]]]}}, {"id": "18", "type": "Feature", "properties": {"village_name": "Pimpri", "vil_lgd": 552451, "district_name": "Thane", "dist_lgd": 497, "subdistrict_name": "Thane", "sdcode": 4165, "block_name": "Thane", "block_lgd": 216.0, "gp_name": "", "state_name": "MAHARASHTRA", "state_lgd": 27, "population": 3820, "households": 838}, "geometry": {"type": "Polygon", "coordinates": [[[73.06107, 19.120260000000002], [73.06514, 19.11447], [73.07028000000001, 19.109280000000002], [73.06527000000001, 19.10941], [73.06303000000001, 19.107950000000002], [73.05824000000001, 19.10168], [73.04964000000001, 19.09916], [73.05067000000001, 19.110010000000003], [73.05052, 19.11869], [73.04872, 19.12808], [73.0578, 19.13352], [73.05866, 19.130360000000003], [73.06107, 19.120260000000002]]]}}, {"id": "19", "type": "Feature", "properties": {"village_name": "Waivali", "vil_lgd": 552450, "district_name": "Thane", "dist_lgd": 497, "subdistrict_name": "Thane", "sdcode": 4165, "block_name": "Thane", "block_lgd": 216.0, "gp_name": "", "state_name": "MAHARASHTRA", "state_lgd": 27, "population": 1259, "households": 286}, "geometry": {"type": "Polygon", "coordinates": [[[73.06514, 19.11447], [73.06107, 19.120260000000002], [73.05866, 19.130360000000003], [73.06528, 19.13079], [73.06709000000001, 19.129080000000002], [73.06709000000001, 19.12751], [73.06871000000001, 19.11812], [73.06514, 19.11447]]]}}, {"id": "20", "type": "Feature", "properties": {"village_name": "Mokashi", "vil_lgd": 552449, "district_name": "Thane", "dist_lgd": 497, "subdistrict_name": "Thane", "sdcode": 4165, "block_name": "Thane", "block_lgd": 216.0, "gp_name": "", "state_name": "MAHARASHTRA", "state_lgd": 27, "population": 295, "households": 57}, "geometry": {"type": "Polygon", "coordinates": [[[73.06871000000001, 19.11812], [73.06709000000001, 19.12751], [73.07281, 19.13079], [73.07643, 19.12318], [73.07358, 19.12172], [73.06871000000001, 19.11812]]]}}, {"id": "21", "type": "Feature", "properties": {"village_name": "Dahisar", "vil_lgd": 552448, "district_name": "Thane", "dist_lgd": 497, "subdistrict_name": "Thane", "sdcode": 4165, "block_name": "Thane", "block_lgd": 216.0, "gp_name": "", "state_name": "MAHARASHTRA", "state_lgd": 27, "population": 1923, "households": 445}, "geometry": {"type": "Polygon", "coordinates": [[[73.07524000000001, 19.117230000000003], [73.07180000000001, 19.10863], [73.07028000000001, 19.109280000000002], [73.06514, 19.11447], [73.06871000000001, 19.11812], [73.07358, 19.12172], [73.07643, 19.12318], [73.07904, 19.11925], [73.07524000000001, 19.117230000000003]]]}}, {"id": "22", "type": "Feature", "properties": {"village_name": "Nighu", "vil_lgd": 552452, "district_name": "Thane", "dist_lgd": 497, "subdistrict_name": "Thane", "sdcode": 4165, "block_name": "Thane", "block_lgd": 216.0, "gp_name": "", "state_name": "MAHARASHTRA", "state_lgd": 27, "population": 191, "households": 45}, "geometry": {"type": "Polygon", "coordinates": [[[73.07993, 19.11166], [73.07935, 19.113200000000003], [73.07777, 19.11382], [73.07586, 19.110200000000003], [73.07310000000001, 19.10856], [73.07180000000001, 19.10863], [73.07524000000001, 19.117230000000003], [73.07904, 19.11925], [73.08332, 19.118910000000003], [73.07993, 19.11166]]]}}, {"id": "23", "type": "Feature", "properties": {"village_name": "Nagaon", "vil_lgd": 552458, "district_name": "Thane", "dist_lgd": 497, "subdistrict_name": "Thane", "sdcode": 4165, "block_name": "Thane", "block_lgd": 216.0, "gp_name": "", "state_name": "MAHARASHTRA", "state_lgd": 27, "population": 1660, "households": 328}, "geometry": {"type": "Polygon", "coordinates": [[[73.08546000000001, 19.134400000000003], [73.08463, 19.124750000000002], [73.08653000000001, 19.123630000000002], [73.08332, 19.118910000000003], [73.07904, 19.11925], [73.07643, 19.12318], [73.07281, 19.13079], [73.07326, 19.13833], [73.07507000000001, 19.13776], [73.07951, 19.142010000000003], [73.08023, 19.14058], [73.08380000000001, 19.138450000000002], [73.08546000000001, 19.134400000000003]]]}}, {"id": "24", "type": "Feature", "properties": {"village_name": "Navali", "vil_lgd": 552453, "district_name": "Thane", "dist_lgd": 497, "subdistrict_name": "Thane", "sdcode": 4165, "block_name": "Thane", "block_lgd": 216.0, "gp_name": "", "state_name": "MAHARASHTRA", "state_lgd": 27, "population": 600, "households": 127}, "geometry": {"type": "Polygon", "coordinates": [[[73.09057, 19.12172], [73.08679000000001, 19.11332], [73.084, 19.11456], [73.0827, 19.111140000000002], [73.08039000000001, 19.11091], [73.07993, 19.11166], [73.08332, 19.118910000000003], [73.08653000000001, 19.123630000000002], [73.08796000000001, 19.125980000000002], [73.09247, 19.12284], [73.09057, 19.12172]]]}}, {"id": "25", "type": "Feature", "properties": {"village_name": "Bamali", "vil_lgd": 552455, "district_name": "Thane", "dist_lgd": 497, "subdistrict_name": "Thane", "sdcode": 4165, "block_name": "Thane", "block_lgd": 216.0, "gp_name": "", "state_name": "MAHARASHTRA", "state_lgd": 27, "population": 563, "households": 102}, "geometry": {"type": "Polygon", "coordinates": [[[73.09663, 19.11633], [73.09647000000001, 19.11164], [73.09386, 19.114050000000002], [73.09014, 19.11448], [73.08679000000001, 19.11332], [73.09057, 19.12172], [73.09247, 19.12284], [73.0939, 19.12284], [73.09663, 19.11633]]]}}, {"id": "26", "type": "Feature", "properties": {"village_name": "Narivali", "vil_lgd": 552456, "district_name": "Thane", "dist_lgd": 497, "subdistrict_name": "Thane", "sdcode": 4165, "block_name": "Thane", "block_lgd": 216.0, "gp_name": "", "state_name": "MAHARASHTRA", "state_lgd": 27, "population": 1003, "households": 197}, "geometry": {"type": "Polygon", "coordinates": [[[73.09721, 19.142590000000002], [73.10015, 19.142590000000002], [73.10198000000001, 19.136760000000002], [73.10151, 19.13059], [73.09889000000001, 19.12913], [73.0939, 19.12284], [73.09247, 19.12284], [73.08796000000001, 19.125980000000002], [73.08653000000001, 19.123630000000002], [73.08463, 19.124750000000002], [73.08546000000001, 19.134400000000003], [73.08380000000001, 19.138450000000002], [73.08023, 19.14058], [73.07951, 19.142010000000003], [73.08204, 19.144440000000003], [73.08668, 19.14269], [73.09721, 19.142590000000002]]]}}, {"id": "27", "type": "Feature", "properties": {"village_name": "Bale", "vil_lgd": 552457, "district_name": "Thane", "dist_lgd": 497, "subdistrict_name": "Thane", "sdcode": 4165, "block_name": "Thane", "block_lgd": 216.0, "gp_name": "", "state_name": "MAHARASHTRA", "state_lgd": 27, "population": 484, "households": 98}, "geometry": {"type": "Polygon", "coordinates": [[[73.10956, 19.12993], [73.11007000000001, 19.12771], [73.10662, 19.126990000000003], [73.10662, 19.124640000000003], [73.10436, 19.124070000000003], [73.10436, 19.12688], [73.10186, 19.126990000000003], [73.10151, 19.13059], [73.10198000000001, 19.136760000000002], [73.10015, 19.142590000000002], [73.11028, 19.14618], [73.11136, 19.14629], [73.11302, 19.14274], [73.10956, 19.12993]]]}}, {"id": "28", "type": "Feature", "properties": {"village_name": "Pali", "vil_lgd": 553016, "district_name": "Thane", "dist_lgd": 497, "subdistrict_name": "Ambarnath", "sdcode": 4170, "block_name": "Ambarnath", "block_lgd": 221.0, "gp_name": "", "state_name": "MAHARASHTRA", "state_lgd": 27, "population": 686, "households": 129}, "geometry": {"type": "Polygon", "coordinates": [[[73.12327, 19.15227], [73.12466, 19.148020000000002], [73.12466, 19.13851], [73.12227, 19.13964], [73.11771, 19.143710000000002], [73.11302, 19.14274], [73.11136, 19.14629], [73.11028, 19.14618], [73.11059, 19.15182], [73.11172, 19.15372], [73.11538, 19.150820000000003], [73.12327, 19.15227]]]}}, {"id": "29", "type": "Feature", "properties": {"village_name": "Narhen", "vil_lgd": 553026, "district_name": "Thane", "dist_lgd": 497, "subdistrict_name": "Ambarnath", "sdcode": 4170, "block_name": "Ambarnath", "block_lgd": 221.0, "gp_name": "", "state_name": "MAHARASHTRA", "state_lgd": 27, "population": 1341, "households": 261}, "geometry": {"type": "Polygon", "coordinates": [[[73.12642000000001, 19.12364], [73.12408, 19.122500000000002], [73.12147, 19.122200000000003], [73.11963, 19.12477], [73.11576000000001, 19.12378], [73.11063, 19.12168], [73.11007000000001, 19.12771], [73.10956, 19.12993], [73.11302, 19.14274], [73.11771, 19.143710000000002], [73.12227, 19.13964], [73.12466, 19.13851], [73.12834000000001, 19.136850000000003], [73.12858, 19.13345], [73.1273, 19.12937], [73.12714000000001, 19.12658], [73.12642000000001, 19.12364]]]}}, {"id": "30", "type": "Feature", "properties": {"village_name": "Burdul", "vil_lgd": 553028, "district_name": "Thane", "dist_lgd": 497, "subdistrict_name": "Ambarnath", "sdcode": 4170, "block_name": "Ambarnath", "block_lgd": 221.0, "gp_name": "", "state_name": "MAHARASHTRA", "state_lgd": 27, "population": 880, "households": 176}, "geometry": {"type": "Polygon", "coordinates": [[[73.12408, 19.122500000000002], [73.12403, 19.11654], [73.12578, 19.111710000000002], [73.12587, 19.109360000000002], [73.12221000000001, 19.110460000000003], [73.11945, 19.10977], [73.11963, 19.10872], [73.11771, 19.106250000000003], [73.11655, 19.106540000000003], [73.11843, 19.11149], [73.11899000000001, 19.116010000000003], [73.11576000000001, 19.12378], [73.11963, 19.12477], [73.12147, 19.122200000000003], [73.12408, 19.122500000000002]]]}}, {"id": "31", "type": "Feature", "properties": {"village_name": "Thane", "vil_lgd": 251471, "district_name": "Thane", "dist_lgd": 497, "subdistrict_name": "Thane", "sdcode": 4165, "block_name": "", "block_lgd": 0.0, "gp_name": "", "state_name": "MAHARASHTRA", "state_lgd": 27, "population": 1841488, "households": 435341}, "geometry": {"type": "Polygon", "coordinates": [[[72.96197000000001, 19.299650000000003], [72.96605000000001, 19.29923], [72.96872, 19.297970000000003], [72.98167000000001, 19.28959], [72.98803000000001, 19.28198], [72.98996000000001, 19.277350000000002], [72.99071, 19.26403], [72.99353, 19.25702], [72.99977000000001, 19.248330000000003], [73.00185, 19.232580000000002], [73.00215, 19.229670000000002], [73.00779, 19.222800000000003], [73.01194000000001, 19.219060000000002], [73.0173, 19.21424], [73.02562, 19.20316], [73.03007000000001, 19.2012], [73.05166000000001, 19.203580000000002], [73.05845000000001, 19.205000000000002], [73.06382, 19.196430000000003], [73.06620000000001, 19.19463], [73.06917, 19.19385], [73.06905, 19.18947], [73.07048, 19.18823], [73.07440000000001, 19.18756], [73.07499, 19.18633], [73.07392, 19.18487], [73.06869, 19.18431], [73.06561, 19.182290000000002], [73.06679000000001, 19.17376], [73.06941, 19.171960000000002], [73.06964, 19.17088], [73.07083, 19.163990000000002], [73.07218, 19.16259], [73.07467000000001, 19.15867], [73.07636000000001, 19.15181], [73.07731000000001, 19.14748], [73.07266, 19.14686], [73.07131000000001, 19.144730000000003], [73.07100000000001, 19.141170000000002], [73.0707, 19.140320000000003], [73.0686, 19.140600000000003], [73.06664, 19.141170000000002], [73.06588, 19.144160000000003], [73.06212000000001, 19.146150000000002], [73.06061000000001, 19.14572], [73.05504, 19.1416], [73.04842000000001, 19.138180000000002], [73.04555, 19.135050000000003], [73.04345, 19.130640000000003], [73.03583, 19.134590000000003], [73.03274, 19.144470000000002], [73.02727, 19.15368], [73.0199, 19.158170000000002], [73.01824, 19.16244], [73.01943, 19.17613], [73.02157000000001, 19.183760000000003], [73.0199, 19.1887], [73.01135000000001, 19.1905], [73.00707000000001, 19.195210000000003], [72.99875, 19.188930000000003], [72.99542000000001, 19.187800000000003], [72.99298, 19.18506], [72.98674000000001, 19.18183], [72.98154000000001, 19.18099], [72.97916000000001, 19.17931], [72.97723, 19.17398], [72.97182000000001, 19.16888], [72.96751, 19.17153], [72.96655000000001, 19.174490000000002], [72.96672000000001, 19.17715], [72.96485000000001, 19.177380000000003], [72.96366, 19.17657], [72.96211000000001, 19.17893], [72.96039, 19.179180000000002], [72.95538, 19.18418], [72.95115000000001, 19.18502], [72.94917000000001, 19.187170000000002], [72.94687, 19.188270000000003], [72.94087, 19.18783], [72.93492, 19.191560000000003], [72.93486, 19.20522], [72.93166000000001, 19.209480000000003], [72.92892, 19.21039], [72.92603000000001, 19.21327], [72.91995, 19.21685], [72.91882000000001, 19.223370000000003], [72.91577000000001, 19.22755], [72.91485, 19.230120000000003], [72.91552, 19.23084], [72.91417000000001, 19.23104], [72.92364, 19.23583], [72.92483, 19.24257], [72.93220000000001, 19.253110000000003], [72.936, 19.255580000000002], [72.93909000000001, 19.262310000000003], [72.94123, 19.264780000000002], [72.94147000000001, 19.27757], [72.94028, 19.280040000000003], [72.93814, 19.28049], [72.93576, 19.28318], [72.93269000000001, 19.28789], [72.93897000000001, 19.288770000000003], [72.94162, 19.293100000000003], [72.94511, 19.29651], [72.95174, 19.29877], [72.95944, 19.2999], [72.96197000000001, 19.299650000000003]]]}}, {"id": "32", "type": "Feature", "properties": {"village_name": "Usatane", "vil_lgd": 553029, "district_name": "Thane", "dist_lgd": 497, "subdistrict_name": "Ambarnath", "sdcode": 4170, "block_name": "Ambarnath", "block_lgd": 221.0, "gp_name": "", "state_name": "MAHARASHTRA", "state_lgd": 27, "population": 1197, "households": 222}, "geometry": {"type": "Polygon", "coordinates": [[[73.13702, 19.119110000000003], [73.13512, 19.11879], [73.13413, 19.11754], [73.13301000000001, 19.11363], [73.13083, 19.111800000000002], [73.13018000000001, 19.10866], [73.12587, 19.109360000000002], [73.12578, 19.111710000000002], [73.12403, 19.11654], [73.12408, 19.122500000000002], [73.12642000000001, 19.12364], [73.12714000000001, 19.12658], [73.1273, 19.12937], [73.13916, 19.125690000000002], [73.13702, 19.119110000000003]]]}}, {"id": "33", "type": "Feature", "properties": {"village_name": "Mangaon", "vil_lgd": 552989, "district_name": "Thane", "dist_lgd": 497, "subdistrict_name": "Kalyan", "sdcode": 4168, "block_name": "Kalyan", "block_lgd": 219.0, "gp_name": "", "state_name": "MAHARASHTRA", "state_lgd": 27, "population": 6612, "households": 1660}, "geometry": {"type": "Polygon", "coordinates": [[[73.10447, 19.18018], [73.09808000000001, 19.18033], [73.09352000000001, 19.18051], [73.09981, 19.185380000000002], [73.10399000000001, 19.185950000000002], [73.10447, 19.18018]]]}}, {"id": "34", "type": "Feature", "properties": {"village_name": "Navi Mumbai", "vil_lgd": 251472, "district_name": "Thane", "dist_lgd": 497, "subdistrict_name": "Thane", "sdcode": 4165, "block_name": "", "block_lgd": 0.0, "gp_name": "", "state_name": "MAHARASHTRA", "state_lgd": 27, "population": 1120547, "households": 273626}, "geometry": {"type": "MultiPolygon", "coordinates": [[[[73.02727, 19.15368], [73.03274, 19.144470000000002], [73.03583, 19.134590000000003], [73.04345, 19.130640000000003], [73.04345, 19.12524], [73.04872, 19.12808], [73.05052, 19.11869], [73.05067000000001, 19.110010000000003], [73.04964000000001, 19.09916], [73.04789000000001, 19.09774], [73.04713000000001, 19.08977], [73.04817, 19.08676], [73.04692, 19.08629], [73.04601000000001, 19.08404], [73.04395000000001, 19.07578], [73.04401, 19.07112], [73.04295, 19.06846], [73.04444000000001, 19.062050000000003], [73.04661, 19.05947], [73.04530000000001, 19.055590000000002], [73.04329, 19.054000000000002], [73.04541, 19.0516], [73.04804, 19.04465], [73.04901000000001, 19.04437], [73.04877, 19.02711], [73.04758000000001, 19.02558], [73.04628000000001, 19.014210000000002], [73.04296000000001, 19.0073], [73.03791000000001, 19.005270000000003], [73.03259, 19.000480000000003], [73.02683, 18.999640000000003], [73.02702000000001, 19.0087], [73.02659000000001, 19.01113], [73.02488000000001, 19.01207], [73.02131, 19.010450000000002], [73.01261000000001, 19.00991], [73.00777000000001, 19.007620000000003], [73.00506, 19.005190000000002], [73.00406000000001, 18.99818], [72.99992, 19.002090000000003], [72.99835, 19.00533], [72.99793000000001, 19.013550000000002], [72.99878000000001, 19.01585], [73.00178000000001, 19.017870000000002], [73.00163, 19.01949], [72.99664, 19.021780000000003], [72.99564000000001, 19.0242], [72.99621, 19.027440000000002], [73.00149, 19.02919], [73.00135, 19.029870000000003], [72.9975, 19.03], [72.9955, 19.03998], [72.99664, 19.043210000000002], [72.99964, 19.04389], [73.00206, 19.04604], [72.99721000000001, 19.04699], [72.99607, 19.04887], [72.99564000000001, 19.055210000000002], [73.00135, 19.05696], [73.00163, 19.061680000000003], [73.00106000000001, 19.06286], [73.00306, 19.065350000000002], [73.00177000000001, 19.0698], [73.00534, 19.075190000000003], [73.00576000000001, 19.07863], [73.00976, 19.087590000000002], [73.01004, 19.09015], [73.00534, 19.08631], [73.00370000000001, 19.081120000000002], [73.00049, 19.079980000000003], [72.99935, 19.07863], [72.99878000000001, 19.074050000000003], [72.99835, 19.0731], [72.99742, 19.07337], [72.99635, 19.074520000000003], [72.99628000000001, 19.079230000000003], [72.99863, 19.083080000000002], [73.00156000000001, 19.08557], [73.00134, 19.08995], [73.00248, 19.096690000000002], [73.00142000000001, 19.09938], [72.99978, 19.100260000000002], [72.99935, 19.10309], [73.00149, 19.110500000000002], [73.00120000000001, 19.11286], [72.99956, 19.115820000000003], [72.99956, 19.118920000000003], [72.99692, 19.118720000000003], [72.99350000000001, 19.11562], [72.99122000000001, 19.12209], [72.99243000000001, 19.12721], [72.99828000000001, 19.129630000000002], [73.00056000000001, 19.13576], [72.99999000000001, 19.143710000000002], [72.99878000000001, 19.14499], [72.99457000000001, 19.144450000000003], [72.99143000000001, 19.14176], [72.99086000000001, 19.13785], [72.98879000000001, 19.13792], [72.98851, 19.139470000000003], [72.9906, 19.148580000000003], [72.98926, 19.153910000000003], [72.9903, 19.15602], [72.99253, 19.15489], [72.99506000000001, 19.15181], [72.99743000000001, 19.152230000000003], [72.99907, 19.15559], [73.00234, 19.15503], [73.00204000000001, 19.15658], [72.99862, 19.158540000000002], [72.99268000000001, 19.167520000000003], [72.99119, 19.17454], [72.99298, 19.18506], [72.99542000000001, 19.187800000000003], [72.99875, 19.188930000000003], [73.00707000000001, 19.195210000000003], [73.01135000000001, 19.1905], [73.0199, 19.1887], [73.02157000000001, 19.183760000000003], [73.01943, 19.17613], [73.01824, 19.16244], [73.0199, 19.158170000000002], [73.02727, 19.15368]]], [[[73.02112000000001, 18.99653], [73.00686, 18.996930000000003], [73.00629, 18.998150000000003], [73.00786000000001, 19.00233], [73.00800000000001, 19.00543], [73.01028000000001, 19.00718], [73.02326000000001, 19.00974], [73.02526, 19.008390000000002], [73.02568000000001, 19.006510000000002], [73.02412000000001, 19.000030000000002], [73.02255000000001, 18.99761], [73.02112000000001, 18.99653]]], [[[72.99011, 19.06475], [72.98797, 19.066300000000002], [72.98555, 19.07028], [72.98598000000001, 19.07432], [72.98740000000001, 19.07554], [72.98861000000001, 19.07554], [72.98983000000001, 19.07412], [72.99097, 19.07008], [72.99139000000001, 19.06502], [72.99011, 19.06475]]], [[[72.99396, 19.07372], [72.99353, 19.074050000000003], [72.99175000000001, 19.075670000000002], [72.99189000000001, 19.077090000000002], [72.99211000000001, 19.07891], [72.99318000000001, 19.079240000000002], [72.9946, 19.07466], [72.99396, 19.07372]]]]}}, {"id": "35", "type": "Feature", "properties": {"village_name": "Karavale Kh", "vil_lgd": 553025, "district_name": "Thane", "dist_lgd": 497, "subdistrict_name": "Ambarnath", "sdcode": 4170, "block_name": "Ambarnath", "block_lgd": 221.0, "gp_name": "", "state_name": "MAHARASHTRA", "state_lgd": 27, "population": 1237, "households": 273}, "geometry": {"type": "Polygon", "coordinates": [[[73.13809, 19.13481], [73.14296, 19.13285], [73.14448, 19.130360000000003], [73.14935000000001, 19.130200000000002], [73.14571000000001, 19.122300000000003], [73.14299000000001, 19.12683], [73.14174000000001, 19.125030000000002], [73.14065000000001, 19.124840000000003], [73.13949000000001, 19.126150000000003], [73.13916, 19.125690000000002], [73.1273, 19.12937], [73.12858, 19.13345], [73.12834000000001, 19.136850000000003], [73.12946000000001, 19.1367], [73.13305000000001, 19.139560000000003], [73.13689000000001, 19.138050000000003], [73.13809, 19.13481]]]}}, {"id": "36", "type": "Feature", "properties": {"village_name": "Wadi", "vil_lgd": 553030, "district_name": "Thane", "dist_lgd": 497, "subdistrict_name": "Ambarnath", "sdcode": 4170, "block_name": "Ambarnath", "block_lgd": 221.0, "gp_name": "", "state_name": "MAHARASHTRA", "state_lgd": 27, "population": 3210, "households": 821}, "geometry": {"type": "Polygon", "coordinates": [[[73.17803, 19.119030000000002], [73.18084, 19.11711], [73.17859, 19.11558], [73.17812, 19.11025], [73.17701000000001, 19.10904], [73.15878000000001, 19.110870000000002], [73.15263, 19.113370000000003], [73.15067, 19.11679], [73.14571000000001, 19.122300000000003], [73.14935000000001, 19.130200000000002], [73.14911000000001, 19.13232], [73.1543, 19.13466], [73.16557, 19.13556], [73.16565, 19.134510000000002], [73.16956, 19.1327], [73.17116, 19.1296], [73.17675000000001, 19.12402], [73.17803, 19.119030000000002]], [[73.16183000000001, 19.115250000000003], [73.16205000000001, 19.120980000000003], [73.16062000000001, 19.12152], [73.15763000000001, 19.12085], [73.15698, 19.119300000000003], [73.16062000000001, 19.11512], [73.16183000000001, 19.115250000000003]]]}}, {"id": "37", "type": "Feature", "properties": {"village_name": "Umbroli", "vil_lgd": 553037, "district_name": "Thane", "dist_lgd": 497, "subdistrict_name": "Ambarnath", "sdcode": 4170, "block_name": "Ambarnath", "block_lgd": 221.0, "gp_name": "", "state_name": "MAHARASHTRA", "state_lgd": 27, "population": 946, "households": 198}, "geometry": {"type": "Polygon", "coordinates": [[[73.12490000000001, 19.186100000000003], [73.12575000000001, 19.18654], [73.12701000000001, 19.18831], [73.12837, 19.18417], [73.12678000000001, 19.18417], [73.12273, 19.18023], [73.12039, 19.177220000000002], [73.11737000000001, 19.17511], [73.11566, 19.17441], [73.1149, 19.174840000000003], [73.10705, 19.18025], [73.10727, 19.18352], [73.10921, 19.1839], [73.10944, 19.18605], [73.11109, 19.18815], [73.11366000000001, 19.18896], [73.12318, 19.18804], [73.12433, 19.18675], [73.12490000000001, 19.186100000000003]]]}}, {"id": "38", "type": "Feature", "properties": {"village_name": "Adivali Dhokali", "vil_lgd": 553032, "district_name": "Thane", "dist_lgd": 497, "subdistrict_name": "Ambarnath", "sdcode": 4170, "block_name": "Ambarnath", "block_lgd": 221.0, "gp_name": "", "state_name": "MAHARASHTRA", "state_lgd": 27, "population": 6910, "households": 1948}, "geometry": {"type": "Polygon", "coordinates": [[[73.13699000000001, 19.210780000000003], [73.14058, 19.20458], [73.13328, 19.204150000000002], [73.13214, 19.20024], [73.13056, 19.19405], [73.12806, 19.19238], [73.12319000000001, 19.204], [73.12296, 19.206950000000003], [73.12358, 19.20823], [73.12604, 19.210510000000003], [73.1327, 19.209940000000003], [73.13699000000001, 19.210780000000003]]]}}, {"id": "39", "type": "Feature", "properties": {"village_name": "Bhal", "vil_lgd": 553038, "district_name": "Thane", "dist_lgd": 497, "subdistrict_name": "Ambarnath", "sdcode": 4170, "block_name": "Ambarnath", "block_lgd": 221.0, "gp_name": "", "state_name": "MAHARASHTRA", "state_lgd": 27, "population": 2232, "households": 431}, "geometry": {"type": "Polygon", "coordinates": [[[73.13773, 19.182660000000002], [73.12837, 19.18417], [73.12701000000001, 19.18831], [73.12806, 19.19238], [73.13056, 19.19405], [73.13214, 19.20024], [73.13641000000001, 19.20024], [73.13903, 19.197670000000002], [73.14277000000001, 19.189480000000003], [73.13864000000001, 19.18361], [73.13773, 19.182660000000002]]]}}, {"id": "40", "type": "Feature", "properties": {"village_name": "Wasar", "vil_lgd": 553039, "district_name": "Thane", "dist_lgd": 497, "subdistrict_name": "Ambarnath", "sdcode": 4170, "block_name": "Ambarnath", "block_lgd": 221.0, "gp_name": "", "state_name": "MAHARASHTRA", "state_lgd": 27, "population": 4541, "households": 839}, "geometry": {"type": "Polygon", "coordinates": [[[73.16688, 19.1768], [73.16446, 19.177760000000003], [73.15739, 19.177570000000003], [73.15601000000001, 19.17783], [73.14791000000001, 19.18176], [73.14045, 19.183190000000003], [73.13864000000001, 19.18361], [73.14277000000001, 19.189480000000003], [73.14509000000001, 19.19396], [73.14521, 19.19585], [73.16274, 19.196050000000003], [73.16688, 19.1768]]]}}, {"id": "41", "type": "Feature", "properties": {"village_name": "Nevali", "vil_lgd": 553007, "district_name": "Thane", "dist_lgd": 497, "subdistrict_name": "Ambarnath", "sdcode": 4170, "block_name": "Ambarnath", "block_lgd": 221.0, "gp_name": "", "state_name": "MAHARASHTRA", "state_lgd": 27, "population": 2496, "households": 530}, "geometry": {"type": "Polygon", "coordinates": [[[73.15457, 19.17519], [73.15255, 19.17385], [73.14983000000001, 19.17376], [73.14489, 19.171950000000002], [73.14125, 19.172040000000003], [73.13893, 19.17547], [73.14045, 19.183190000000003], [73.14791000000001, 19.18176], [73.15601000000001, 19.17783], [73.15457, 19.17519]]]}}, {"id": "42", "type": "Feature", "properties": {"village_name": "Chinchavali Bk", "vil_lgd": 553015, "district_name": "Thane", "dist_lgd": 497, "subdistrict_name": "Ambarnath", "sdcode": 4170, "block_name": "Ambarnath", "block_lgd": 221.0, "gp_name": "", "state_name": "MAHARASHTRA", "state_lgd": 27, "population": 768, "households": 138}, "geometry": {"type": "Polygon", "coordinates": [[[73.15023000000001, 19.158990000000003], [73.1414, 19.160320000000002], [73.13268000000001, 19.159460000000003], [73.12925, 19.159940000000002], [73.12816000000001, 19.16045], [73.12607000000001, 19.161360000000002], [73.13385000000001, 19.16607], [73.13648, 19.166220000000003], [73.13756000000001, 19.167460000000002], [73.14801, 19.1689], [73.15114000000001, 19.16299], [73.15023000000001, 19.158990000000003]]]}}, {"id": "43", "type": "Feature", "properties": {"village_name": "Chirad", "vil_lgd": 553017, "district_name": "Thane", "dist_lgd": 497, "subdistrict_name": "Ambarnath", "sdcode": 4170, "block_name": "Ambarnath", "block_lgd": 221.0, "gp_name": "", "state_name": "MAHARASHTRA", "state_lgd": 27, "population": 515, "households": 111}, "geometry": {"type": "Polygon", "coordinates": [[[73.13066, 19.14936], [73.13026, 19.142020000000002], [73.13305000000001, 19.139560000000003], [73.12946000000001, 19.1367], [73.12834000000001, 19.136850000000003], [73.12466, 19.13851], [73.12466, 19.148020000000002], [73.12327, 19.15227], [73.12512000000001, 19.15943], [73.12607000000001, 19.161360000000002], [73.12816000000001, 19.16045], [73.13066, 19.14936]]]}}, {"id": "44", "type": "Feature", "properties": {"village_name": "Mangrul", "vil_lgd": 553009, "district_name": "Thane", "dist_lgd": 497, "subdistrict_name": "Ambarnath", "sdcode": 4170, "block_name": "Ambarnath", "block_lgd": 221.0, "gp_name": "", "state_name": "MAHARASHTRA", "state_lgd": 27, "population": 1941, "households": 380}, "geometry": {"type": "Polygon", "coordinates": [[[73.16688, 19.1768], [73.16799, 19.17471], [73.17021000000001, 19.16289], [73.16315, 19.16251], [73.16183000000001, 19.16175], [73.15326, 19.165940000000003], [73.15356000000001, 19.171750000000003], [73.15578000000001, 19.173280000000002], [73.15719, 19.17557], [73.15739, 19.177570000000003], [73.16446, 19.177760000000003], [73.16688, 19.1768]]]}}, {"id": "45", "type": "Feature", "properties": {"village_name": "Posari", "vil_lgd": 553018, "district_name": "Thane", "dist_lgd": 497, "subdistrict_name": "Ambarnath", "sdcode": 4170, "block_name": "Ambarnath", "block_lgd": 221.0, "gp_name": "", "state_name": "MAHARASHTRA", "state_lgd": 27, "population": 1279, "households": 250}, "geometry": {"type": "Polygon", "coordinates": [[[73.13268000000001, 19.159460000000003], [73.1414, 19.160320000000002], [73.14064, 19.155050000000003], [73.14114000000001, 19.15344], [73.14476, 19.15163], [73.14817000000001, 19.14395], [73.14456000000001, 19.139490000000002], [73.13964, 19.139590000000002], [73.13689000000001, 19.138050000000003], [73.13305000000001, 19.139560000000003], [73.13026, 19.142020000000002], [73.13066, 19.14936], [73.12816000000001, 19.16045], [73.12925, 19.159940000000002], [73.13268000000001, 19.159460000000003]]]}}, {"id": "46", "type": "Feature", "properties": {"village_name": "Bandhanwadi", "vil_lgd": 553031, "district_name": "Thane", "dist_lgd": 497, "subdistrict_name": "Ambarnath", "sdcode": 4170, "block_name": "Ambarnath", "block_lgd": 221.0, "gp_name": "", "state_name": "MAHARASHTRA", "state_lgd": 27, "population": 357, "households": 72}, "geometry": {"type": "Polygon", "coordinates": [[[73.16062000000001, 19.11512], [73.15698, 19.119300000000003], [73.15763000000001, 19.12085], [73.16062000000001, 19.12152], [73.16205000000001, 19.120980000000003], [73.16183000000001, 19.115250000000003], [73.16062000000001, 19.11512]]]}}, {"id": "47", "type": "Feature", "properties": {"village_name": "Kumbharli", "vil_lgd": 553024, "district_name": "Thane", "dist_lgd": 497, "subdistrict_name": "Ambarnath", "sdcode": 4170, "block_name": "Ambarnath", "block_lgd": 221.0, "gp_name": "", "state_name": "MAHARASHTRA", "state_lgd": 27, "population": 487, "households": 100}, "geometry": {"type": "Polygon", "coordinates": [[[73.1543, 19.139780000000002], [73.14777000000001, 19.136740000000003], [73.14757, 19.13551], [73.14911000000001, 19.13232], [73.14935000000001, 19.130200000000002], [73.14448, 19.130360000000003], [73.14296, 19.13285], [73.13809, 19.13481], [73.13689000000001, 19.138050000000003], [73.13964, 19.139590000000002], [73.14456000000001, 19.139490000000002], [73.14817000000001, 19.14395], [73.15771000000001, 19.14367], [73.1556, 19.1411], [73.1543, 19.139780000000002]]]}}, {"id": "48", "type": "Feature", "properties": {"village_name": "Kakadwal", "vil_lgd": 553008, "district_name": "Thane", "dist_lgd": 497, "subdistrict_name": "Ambarnath", "sdcode": 4170, "block_name": "Ambarnath", "block_lgd": 221.0, "gp_name": "", "state_name": "MAHARASHTRA", "state_lgd": 27, "population": 1879, "households": 355}, "geometry": {"type": "Polygon", "coordinates": [[[73.13893, 19.17547], [73.14125, 19.172040000000003], [73.14489, 19.171950000000002], [73.14983000000001, 19.17376], [73.15255, 19.17385], [73.15457, 19.17519], [73.15601000000001, 19.17783], [73.15739, 19.177570000000003], [73.15719, 19.17557], [73.15578000000001, 19.173280000000002], [73.15356000000001, 19.171750000000003], [73.15326, 19.165940000000003], [73.16183000000001, 19.16175], [73.1558, 19.15865], [73.15023000000001, 19.158990000000003], [73.15114000000001, 19.16299], [73.14801, 19.1689], [73.13756000000001, 19.167460000000002], [73.13625, 19.17414], [73.13773, 19.182660000000002], [73.13864000000001, 19.18361], [73.14045, 19.183190000000003], [73.13893, 19.17547]]]}}, {"id": "49", "type": "Feature", "properties": {"village_name": "Kharad", "vil_lgd": 553020, "district_name": "Thane", "dist_lgd": 497, "subdistrict_name": "Ambarnath", "sdcode": 4170, "block_name": "Ambarnath", "block_lgd": 221.0, "gp_name": "", "state_name": "MAHARASHTRA", "state_lgd": 27, "population": 1030, "households": 214}, "geometry": {"type": "Polygon", "coordinates": [[[73.16826, 19.15144], [73.16900000000001, 19.14583], [73.16525, 19.14349], [73.16133, 19.143340000000002], [73.15771000000001, 19.14367], [73.1558, 19.147840000000002], [73.15440000000001, 19.154760000000003], [73.1558, 19.15865], [73.16183000000001, 19.16175], [73.16635000000001, 19.156660000000002], [73.16906, 19.156470000000002], [73.16826, 19.15144]]]}}, {"id": "50", "type": "Feature", "properties": {"village_name": "Gorpe", "vil_lgd": 553010, "district_name": "Thane", "dist_lgd": 497, "subdistrict_name": "Ambarnath", "sdcode": 4170, "block_name": "Ambarnath", "block_lgd": 221.0, "gp_name": "", "state_name": "MAHARASHTRA", "state_lgd": 27, "population": 914, "households": 192}, "geometry": {"type": "Polygon", "coordinates": [[[73.17679000000001, 19.16738], [73.17991, 19.165110000000002], [73.17529, 19.16235], [73.17288, 19.16179], [73.17169000000001, 19.162300000000002], [73.17021000000001, 19.16289], [73.16799, 19.17471], [73.16688, 19.1768], [73.17596, 19.171290000000003], [73.17679000000001, 19.16738]]]}}, {"id": "51", "type": "Feature", "properties": {"village_name": "Dhoke", "vil_lgd": 553014, "district_name": "Thane", "dist_lgd": 497, "subdistrict_name": "Ambarnath", "sdcode": 4170, "block_name": "Ambarnath", "block_lgd": 221.0, "gp_name": "", "state_name": "MAHARASHTRA", "state_lgd": 27, "population": 793, "households": 163}, "geometry": {"type": "Polygon", "coordinates": [[[73.17067, 19.156570000000002], [73.16906, 19.156470000000002], [73.16635000000001, 19.156660000000002], [73.16183000000001, 19.16175], [73.16315, 19.16251], [73.17021000000001, 19.16289], [73.17169000000001, 19.162300000000002], [73.17067, 19.156570000000002]]]}}, {"id": "52", "type": "Feature", "properties": {"village_name": "Shiravali", "vil_lgd": 553013, "district_name": "Thane", "dist_lgd": 497, "subdistrict_name": "Ambarnath", "sdcode": 4170, "block_name": "Ambarnath", "block_lgd": 221.0, "gp_name": "", "state_name": "MAHARASHTRA", "state_lgd": 27, "population": 600, "households": 126}, "geometry": {"type": "Polygon", "coordinates": [[[73.18392, 19.16197], [73.18443, 19.16008], [73.18392, 19.15135], [73.17981, 19.155140000000003], [73.17609, 19.157140000000002], [73.17067, 19.156570000000002], [73.17169000000001, 19.162300000000002], [73.17288, 19.16179], [73.17529, 19.16235], [73.17991, 19.165110000000002], [73.18171000000001, 19.164730000000002], [73.18302, 19.163110000000003], [73.18392, 19.16197]]]}}, {"id": "53", "type": "Feature", "properties": {"village_name": "Ambhe", "vil_lgd": 553021, "district_name": "Thane", "dist_lgd": 497, "subdistrict_name": "Ambarnath", "sdcode": 4170, "block_name": "Ambarnath", "block_lgd": 221.0, "gp_name": "", "state_name": "MAHARASHTRA", "state_lgd": 27, "population": 1124, "households": 231}, "geometry": {"type": "Polygon", "coordinates": [[[73.18442, 19.14779], [73.18354000000001, 19.146810000000002], [73.17611000000001, 19.144090000000002], [73.16900000000001, 19.14583], [73.16826, 19.15144], [73.16906, 19.156470000000002], [73.17067, 19.156570000000002], [73.17609, 19.157140000000002], [73.17981, 19.155140000000003], [73.18392, 19.15135], [73.18442, 19.14779]]]}}, {"id": "54", "type": "Feature", "properties": {"village_name": "Shirdhon", "vil_lgd": 553003, "district_name": "Thane", "dist_lgd": 497, "subdistrict_name": "Kalyan", "sdcode": 4168, "block_name": "Kalyan", "block_lgd": 219.0, "gp_name": "", "state_name": "MAHARASHTRA", "state_lgd": 27, "population": 745, "households": 165}, "geometry": {"type": "Polygon", "coordinates": [[[73.11028, 19.14618], [73.10015, 19.142590000000002], [73.09721, 19.142590000000002], [73.09675, 19.14432], [73.09485000000001, 19.14629], [73.09029000000001, 19.14872], [73.09399, 19.152130000000003], [73.09444, 19.154420000000002], [73.09456, 19.15483], [73.09585000000001, 19.15556], [73.1016, 19.15698], [73.10436, 19.15932], [73.10588, 19.15653], [73.11059, 19.15182], [73.11028, 19.14618]]]}}, {"id": "55", "type": "Feature", "properties": {"village_name": "Ghesar", "vil_lgd": 552995, "district_name": "Thane", "dist_lgd": 497, "subdistrict_name": "Kalyan", "sdcode": 4168, "block_name": "Kalyan", "block_lgd": 219.0, "gp_name": "", "state_name": "MAHARASHTRA", "state_lgd": 27, "population": 943, "households": 229}, "geometry": {"type": "Polygon", "coordinates": [[[73.08668, 19.14269], [73.08204, 19.144440000000003], [73.07859, 19.145670000000003], [73.07731000000001, 19.14748], [73.07636000000001, 19.15181], [73.08411000000001, 19.154200000000003], [73.09444, 19.154420000000002], [73.09399, 19.152130000000003], [73.09029000000001, 19.14872], [73.08876000000001, 19.14665], [73.08819000000001, 19.143690000000003], [73.08668, 19.14269]]]}}, {"id": "56", "type": "Feature", "properties": {"village_name": "Nilaje", "vil_lgd": 552996, "district_name": "Thane", "dist_lgd": 497, "subdistrict_name": "Kalyan", "sdcode": 4168, "block_name": "Kalyan", "block_lgd": 219.0, "gp_name": "", "state_name": "MAHARASHTRA", "state_lgd": 27, "population": 17094, "households": 4028}, "geometry": {"type": "Polygon", "coordinates": [[[73.09444, 19.154420000000002], [73.08411000000001, 19.154200000000003], [73.07636000000001, 19.15181], [73.07467000000001, 19.15867], [73.07218, 19.16259], [73.07707, 19.16363], [73.08316, 19.166410000000003], [73.0843, 19.16372], [73.09037000000001, 19.16057], [73.09585000000001, 19.15556], [73.09456, 19.15483], [73.09444, 19.154420000000002]]]}}, {"id": "57", "type": "Feature", "properties": {"village_name": "Katai", "vil_lgd": 552993, "district_name": "Thane", "dist_lgd": 497, "subdistrict_name": "Kalyan", "sdcode": 4168, "block_name": "Kalyan", "block_lgd": 219.0, "gp_name": "", "state_name": "MAHARASHTRA", "state_lgd": 27, "population": 2558, "households": 611}, "geometry": {"type": "Polygon", "coordinates": [[[73.07218, 19.16259], [73.07083, 19.163990000000002], [73.06964, 19.17088], [73.0746, 19.17144], [73.07888000000001, 19.17324], [73.08239, 19.17593], [73.09048, 19.172700000000003], [73.08316, 19.166410000000003], [73.07707, 19.16363], [73.07218, 19.16259]]]}}, {"id": "58", "type": "Feature", "properties": {"village_name": "Usarghar", "vil_lgd": 552994, "district_name": "Thane", "dist_lgd": 497, "subdistrict_name": "Kalyan", "sdcode": 4168, "block_name": "Kalyan", "block_lgd": 219.0, "gp_name": "", "state_name": "MAHARASHTRA", "state_lgd": 27, "population": 1532, "households": 365}, "geometry": {"type": "Polygon", "coordinates": [[[73.06964, 19.17088], [73.06941, 19.171960000000002], [73.06679000000001, 19.17376], [73.06561, 19.182290000000002], [73.06869, 19.18431], [73.07392, 19.18487], [73.0822, 19.18419], [73.08239, 19.17593], [73.07888000000001, 19.17324], [73.0746, 19.17144], [73.06964, 19.17088]]]}}, {"id": "59", "type": "Feature", "properties": {"village_name": "Gharivali", "vil_lgd": 552992, "district_name": "Thane", "dist_lgd": 497, "subdistrict_name": "Kalyan", "sdcode": 4168, "block_name": "Kalyan", "block_lgd": 219.0, "gp_name": "", "state_name": "MAHARASHTRA", "state_lgd": 27, "population": 1691, "households": 429}, "geometry": {"type": "Polygon", "coordinates": [[[73.09048, 19.172700000000003], [73.08239, 19.17593], [73.0822, 19.18419], [73.08316, 19.18437], [73.09266000000001, 19.18446], [73.09352000000001, 19.18051], [73.09219, 19.1762], [73.09048, 19.172700000000003]]]}}, {"id": "60", "type": "Feature", "properties": {"village_name": "Sandap", "vil_lgd": 552987, "district_name": "Thane", "dist_lgd": 497, "subdistrict_name": "Kalyan", "sdcode": 4168, "block_name": "Kalyan", "block_lgd": 219.0, "gp_name": "", "state_name": "MAHARASHTRA", "state_lgd": 27, "population": 678, "households": 162}, "geometry": {"type": "Polygon", "coordinates": [[[73.0822, 19.18419], [73.07392, 19.18487], [73.07499, 19.18633], [73.07440000000001, 19.18756], [73.07793000000001, 19.191190000000002], [73.08287, 19.18994], [73.08316, 19.18437], [73.0822, 19.18419]]]}}, {"id": "61", "type": "Feature", "properties": {"village_name": "Khoni", "vil_lgd": 553000, "district_name": "Thane", "dist_lgd": 497, "subdistrict_name": "Kalyan", "sdcode": 4168, "block_name": "Kalyan", "block_lgd": 219.0, "gp_name": "", "state_name": "MAHARASHTRA", "state_lgd": 27, "population": 2107, "households": 415}, "geometry": {"type": "Polygon", "coordinates": [[[73.12457, 19.174780000000002], [73.12647000000001, 19.17424], [73.12172000000001, 19.16975], [73.12512000000001, 19.15943], [73.12327, 19.15227], [73.11538, 19.150820000000003], [73.11525, 19.162020000000002], [73.11382, 19.1631], [73.1123, 19.168490000000002], [73.1149, 19.174840000000003], [73.11566, 19.17441], [73.11737000000001, 19.17511], [73.12039, 19.177220000000002], [73.12273, 19.18023], [73.12362, 19.1763], [73.12457, 19.174780000000002]]]}}, {"id": "62", "type": "Feature", "properties": {"village_name": "Hedutane", "vil_lgd": 552998, "district_name": "Thane", "dist_lgd": 497, "subdistrict_name": "Kalyan", "sdcode": 4168, "block_name": "Kalyan", "block_lgd": 219.0, "gp_name": "", "state_name": "MAHARASHTRA", "state_lgd": 27, "population": 3444, "households": 761}, "geometry": {"type": "Polygon", "coordinates": [[[73.10917, 19.16544], [73.10679, 19.16544], [73.10436, 19.15932], [73.1016, 19.15698], [73.09585000000001, 19.15556], [73.09037000000001, 19.16057], [73.09542, 19.162550000000003], [73.09837, 19.166410000000003], [73.09894, 19.170810000000003], [73.09808000000001, 19.18033], [73.10447, 19.18018], [73.10705, 19.18025], [73.1149, 19.174840000000003], [73.1123, 19.168490000000002], [73.10983, 19.16759], [73.10917, 19.16544]]]}}, {"id": "63", "type": "Feature", "properties": {"village_name": "Antarli", "vil_lgd": 553002, "district_name": "Thane", "dist_lgd": 497, "subdistrict_name": "Kalyan", "sdcode": 4168, "block_name": "Kalyan", "block_lgd": 219.0, "gp_name": "", "state_name": "MAHARASHTRA", "state_lgd": 27, "population": 461, "households": 103}, "geometry": {"type": "Polygon", "coordinates": [[[73.11382, 19.1631], [73.11525, 19.162020000000002], [73.11538, 19.150820000000003], [73.11172, 19.15372], [73.11059, 19.15182], [73.10588, 19.15653], [73.10436, 19.15932], [73.10679, 19.16544], [73.10917, 19.16544], [73.10983, 19.16759], [73.1123, 19.168490000000002], [73.11382, 19.1631]]]}}, {"id": "64", "type": "Feature", "properties": {"village_name": "Vadavali Bk", "vil_lgd": 553001, "district_name": "Thane", "dist_lgd": 497, "subdistrict_name": "Kalyan", "sdcode": 4168, "block_name": "Kalyan", "block_lgd": 219.0, "gp_name": "", "state_name": "MAHARASHTRA", "state_lgd": 27, "population": 628, "households": 132}, "geometry": {"type": "Polygon", "coordinates": [[[73.12607000000001, 19.161360000000002], [73.12512000000001, 19.15943], [73.12172000000001, 19.16975], [73.12647000000001, 19.17424], [73.12809, 19.174780000000002], [73.13151, 19.17235], [73.13385000000001, 19.16607], [73.12607000000001, 19.161360000000002]]]}}, {"id": "65", "type": "Feature", "properties": {"village_name": "Bhopar", "vil_lgd": 552986, "district_name": "Thane", "dist_lgd": 497, "subdistrict_name": "Kalyan", "sdcode": 4168, "block_name": "Kalyan", "block_lgd": 219.0, "gp_name": "", "state_name": "MAHARASHTRA", "state_lgd": 27, "population": 10861, "households": 2631}, "geometry": {"type": "Polygon", "coordinates": [[[73.0874, 19.191190000000002], [73.0918, 19.186480000000003], [73.09266000000001, 19.18446], [73.08316, 19.18437], [73.08287, 19.18994], [73.07793000000001, 19.191190000000002], [73.07440000000001, 19.18756], [73.07048, 19.18823], [73.06905, 19.18947], [73.06917, 19.19385], [73.06620000000001, 19.19463], [73.06382, 19.196430000000003], [73.05845000000001, 19.205000000000002], [73.06038000000001, 19.2054], [73.0629, 19.20754], [73.06886, 19.20073], [73.07350000000001, 19.19837], [73.08372, 19.19388], [73.0874, 19.191190000000002]]]}}, {"id": "66", "type": "Feature", "properties": {"village_name": "Nandiwali Tarf Pachanand", "vil_lgd": 552985, "district_name": "Thane", "dist_lgd": 497, "subdistrict_name": "Kalyan", "sdcode": 4168, "block_name": "Kalyan", "block_lgd": 219.0, "gp_name": "", "state_name": "MAHARASHTRA", "state_lgd": 27, "population": 36163, "households": 9087}, "geometry": {"type": "Polygon", "coordinates": [[[73.09266000000001, 19.18446], [73.0918, 19.186480000000003], [73.0874, 19.191190000000002], [73.08372, 19.19388], [73.07350000000001, 19.19837], [73.07801, 19.20073], [73.08526, 19.19759], [73.09334000000001, 19.19658], [73.09715, 19.19332], [73.09453, 19.19018], [73.09266000000001, 19.18446]]]}}, {"id": "67", "type": "Feature", "properties": {"village_name": "Sagaon", "vil_lgd": 552988, "district_name": "Thane", "dist_lgd": 497, "subdistrict_name": "Kalyan", "sdcode": 4168, "block_name": "Kalyan", "block_lgd": 219.0, "gp_name": "", "state_name": "MAHARASHTRA", "state_lgd": 27, "population": 12632, "households": 3076}, "geometry": {"type": "Polygon", "coordinates": [[[73.10399000000001, 19.185950000000002], [73.09981, 19.185380000000002], [73.09352000000001, 19.18051], [73.09266000000001, 19.18446], [73.09453, 19.19018], [73.09715, 19.19332], [73.10395000000001, 19.190160000000002], [73.10399000000001, 19.185950000000002]]]}}, {"id": "68", "type": "Feature", "properties": {"village_name": "Dawadi", "vil_lgd": 552990, "district_name": "Thane", "dist_lgd": 497, "subdistrict_name": "Kalyan", "sdcode": 4168, "block_name": "Kalyan", "block_lgd": 219.0, "gp_name": "", "state_name": "MAHARASHTRA", "state_lgd": 27, "population": 8269, "households": 1965}, "geometry": {"type": "Polygon", "coordinates": [[[73.12490000000001, 19.186100000000003], [73.12433, 19.18675], [73.12318, 19.18804], [73.11366000000001, 19.18896], [73.11447000000001, 19.192700000000002], [73.11514000000001, 19.19601], [73.11532000000001, 19.196920000000002], [73.11722, 19.20078], [73.12065000000001, 19.203210000000002], [73.12319000000001, 19.204], [73.12806, 19.19238], [73.12701000000001, 19.18831], [73.12575000000001, 19.18654], [73.12490000000001, 19.186100000000003]]]}}, {"id": "69", "type": "Feature", "properties": {"village_name": "Asade", "vil_lgd": 552984, "district_name": "Thane", "dist_lgd": 497, "subdistrict_name": "Kalyan", "sdcode": 4168, "block_name": "Kalyan", "block_lgd": 219.0, "gp_name": "", "state_name": "MAHARASHTRA", "state_lgd": 27, "population": 24239, "households": 6052}, "geometry": {"type": "Polygon", "coordinates": [[[73.11237000000001, 19.203030000000002], [73.11114, 19.19988], [73.11514000000001, 19.19601], [73.11447000000001, 19.192700000000002], [73.10781, 19.19647], [73.1042, 19.201410000000003], [73.10401, 19.207430000000002], [73.11247, 19.207870000000003], [73.11237000000001, 19.203030000000002]]]}}, {"id": "70", "type": "Feature", "properties": {"village_name": "Golvali", "vil_lgd": 552983, "district_name": "Thane", "dist_lgd": 497, "subdistrict_name": "Kalyan", "sdcode": 4168, "block_name": "Kalyan", "block_lgd": 219.0, "gp_name": "", "state_name": "MAHARASHTRA", "state_lgd": 27, "population": 20089, "households": 4812}, "geometry": {"type": "Polygon", "coordinates": [[[73.11514000000001, 19.19601], [73.11114, 19.19988], [73.11237000000001, 19.203030000000002], [73.11247, 19.207870000000003], [73.12150000000001, 19.21075], [73.12358, 19.20823], [73.12296, 19.206950000000003], [73.12319000000001, 19.204], [73.12065000000001, 19.203210000000002], [73.11722, 19.20078], [73.11532000000001, 19.196920000000002], [73.11514000000001, 19.19601]]]}}, {"id": "71", "type": "Feature", "properties": {"village_name": "Pisavali", "vil_lgd": 552982, "district_name": "Thane", "dist_lgd": 497, "subdistrict_name": "Kalyan", "sdcode": 4168, "block_name": "Kalyan", "block_lgd": 219.0, "gp_name": "", "state_name": "MAHARASHTRA", "state_lgd": 27, "population": 31202, "households": 7207}, "geometry": {"type": "Polygon", "coordinates": [[[73.1327, 19.209940000000003], [73.12604, 19.210510000000003], [73.12358, 19.20823], [73.12150000000001, 19.21075], [73.12302000000001, 19.22089], [73.13301000000001, 19.215690000000002], [73.1327, 19.209940000000003]]]}}, {"id": "72", "type": "Feature", "properties": {"village_name": "Nandiwali Tarfe Ambernath", "vil_lgd": 552981, "district_name": "Thane", "dist_lgd": 497, "subdistrict_name": "Kalyan", "sdcode": 4168, "block_name": "Kalyan", "block_lgd": 219.0, "gp_name": "", "state_name": "MAHARASHTRA", "state_lgd": 27, "population": 9020, "households": 2317}, "geometry": {"type": "Polygon", "coordinates": [[[73.14098, 19.2118], [73.14294000000001, 19.2088], [73.14423000000001, 19.20511], [73.14058, 19.20458], [73.13699000000001, 19.210780000000003], [73.1327, 19.209940000000003], [73.13301000000001, 19.215690000000002], [73.14013, 19.215570000000003], [73.14098, 19.2118]]]}}, {"id": "73", "type": "Feature", "properties": {"village_name": "Asode", "vil_lgd": 553027, "district_name": "Thane", "dist_lgd": 497, "subdistrict_name": "Ambarnath", "sdcode": 4170, "block_name": "Ambarnath", "block_lgd": 221.0, "gp_name": "", "state_name": "MAHARASHTRA", "state_lgd": 27, "population": 0, "households": 0}, "geometry": {"type": "Polygon", "coordinates": [[[73.11655, 19.106540000000003], [73.11477000000001, 19.107490000000002], [73.11500000000001, 19.10864], [73.11393000000001, 19.110840000000003], [73.11037, 19.110110000000002], [73.11063, 19.12168], [73.11576000000001, 19.12378], [73.11899000000001, 19.116010000000003], [73.11843, 19.11149], [73.11655, 19.106540000000003]]]}}, {"id": "74", "type": "Feature", "properties": {"village_name": "Sakharoli", "vil_lgd": 553023, "district_name": "Thane", "dist_lgd": 497, "subdistrict_name": "Ambarnath", "sdcode": 4170, "block_name": "Ambarnath", "block_lgd": 221.0, "gp_name": "", "state_name": "MAHARASHTRA", "state_lgd": 27, "population": 0, "households": 0}, "geometry": {"type": "Polygon", "coordinates": [[[73.16133, 19.143340000000002], [73.16557, 19.13556], [73.1543, 19.13466], [73.14911000000001, 19.13232], [73.14757, 19.13551], [73.14777000000001, 19.136740000000003], [73.1543, 19.139780000000002], [73.1556, 19.1411], [73.15771000000001, 19.14367], [73.16133, 19.143340000000002]]]}}, {"id": "75", "type": "Feature", "properties": {"village_name": "Amboshi", "vil_lgd": 553019, "district_name": "Thane", "dist_lgd": 497, "subdistrict_name": "Ambarnath", "sdcode": 4170, "block_name": "Ambarnath", "block_lgd": 221.0, "gp_name": "", "state_name": "MAHARASHTRA", "state_lgd": 27, "population": 0, "households": 0}, "geometry": {"type": "Polygon", "coordinates": [[[73.15771000000001, 19.14367], [73.14817000000001, 19.14395], [73.14476, 19.15163], [73.14114000000001, 19.15344], [73.14064, 19.155050000000003], [73.1414, 19.160320000000002], [73.15023000000001, 19.158990000000003], [73.1558, 19.15865], [73.15440000000001, 19.154760000000003], [73.1558, 19.147840000000002], [73.15771000000001, 19.14367]]]}}, {"id": "76", "type": "Feature", "properties": {"village_name": "Dhamtan", "vil_lgd": 552999, "district_name": "Thane", "dist_lgd": 497, "subdistrict_name": "Kalyan", "sdcode": 4168, "block_name": "Kalyan", "block_lgd": 219.0, "gp_name": "", "state_name": "MAHARASHTRA", "state_lgd": 27, "population": 0, "households": 0}, "geometry": {"type": "Polygon", "coordinates": [[[73.13773, 19.182660000000002], [73.13625, 19.17414], [73.13756000000001, 19.167460000000002], [73.13648, 19.166220000000003], [73.13385000000001, 19.16607], [73.13151, 19.17235], [73.12809, 19.174780000000002], [73.12647000000001, 19.17424], [73.12457, 19.174780000000002], [73.12362, 19.1763], [73.12273, 19.18023], [73.12678000000001, 19.18417], [73.12837, 19.18417], [73.13773, 19.182660000000002]]]}}, {"id": "77", "type": "Feature", "properties": {"village_name": "Goregaon", "vil_lgd": 553077, "district_name": "Thane", "dist_lgd": 497, "subdistrict_name": "Ambarnath", "sdcode": 4170, "block_name": "Ambarnath", "block_lgd": 221.0, "gp_name": "", "state_name": "MAHARASHTRA", "state_lgd": 27, "population": 1579, "households": 338}, "geometry": {"type": "Polygon", "coordinates": [[[73.28693000000001, 19.11186], [73.28735, 19.10526], [73.28675000000001, 19.103150000000003], [73.28259, 19.100340000000003], [73.28037, 19.09599], [73.27324, 19.08756], [73.27026000000001, 19.08518], [73.27026000000001, 19.08742], [73.26901000000001, 19.088880000000003], [73.27275, 19.09516], [73.27247000000001, 19.098670000000002], [73.27083, 19.103520000000003], [73.27083, 19.10668], [73.27632000000001, 19.11531], [73.2796, 19.11201], [73.28281000000001, 19.110860000000002], [73.28693000000001, 19.11186]]]}}, {"id": "78", "type": "Feature", "properties": {"village_name": "Bendshil", "vil_lgd": 553074, "district_name": "Thane", "dist_lgd": 497, "subdistrict_name": "Ambarnath", "sdcode": 4170, "block_name": "Ambarnath", "block_lgd": 221.0, "gp_name": "", "state_name": "MAHARASHTRA", "state_lgd": 27, "population": 943, "households": 183}, "geometry": {"type": "Polygon", "coordinates": [[[73.25006, 19.11859], [73.25333, 19.11746], [73.25378, 19.11437], [73.25021000000001, 19.113110000000002], [73.25006, 19.10988], [73.25288, 19.09992], [73.25288, 19.09683], [73.24858, 19.08546], [73.24828000000001, 19.078860000000002], [73.24323000000001, 19.07212], [73.23880000000001, 19.06879], [73.23839000000001, 19.069960000000002], [73.23563, 19.070870000000003], [73.23218, 19.080340000000003], [73.22754, 19.087010000000003], [73.23461, 19.106650000000002], [73.23521000000001, 19.112550000000002], [73.23773, 19.118450000000003], [73.23951000000001, 19.119290000000003], [73.24130000000001, 19.11915], [73.24263, 19.11802], [73.25006, 19.11859]]]}}, {"id": "79", "type": "Feature", "properties": {"village_name": "Chinchavali", "vil_lgd": 553075, "district_name": "Thane", "dist_lgd": 497, "subdistrict_name": "Ambarnath", "sdcode": 4170, "block_name": "Ambarnath", "block_lgd": 221.0, "gp_name": "", "state_name": "MAHARASHTRA", "state_lgd": 27, "population": 825, "households": 162}, "geometry": {"type": "Polygon", "coordinates": [[[73.26031, 19.109740000000002], [73.26224, 19.10651], [73.26284000000001, 19.1002], [73.26507000000001, 19.093600000000002], [73.26685, 19.090510000000002], [73.26901000000001, 19.088880000000003], [73.27026000000001, 19.08742], [73.27026000000001, 19.08518], [73.26848000000001, 19.0804], [73.26882, 19.07522], [73.26429, 19.07198], [73.2646, 19.06613], [73.26086000000001, 19.0653], [73.25681, 19.06162], [73.25523000000001, 19.061510000000002], [73.25395, 19.06269], [73.25094, 19.06115], [73.24745, 19.06241], [73.24019000000001, 19.066940000000002], [73.23880000000001, 19.06879], [73.24323000000001, 19.07212], [73.24828000000001, 19.078860000000002], [73.24858, 19.08546], [73.25288, 19.09683], [73.25288, 19.09992], [73.25006, 19.10988], [73.25021000000001, 19.113110000000002], [73.25378, 19.11437], [73.25898000000001, 19.114520000000002], [73.26031, 19.109740000000002]]]}}, {"id": "80", "type": "Feature", "properties": {"village_name": "Dhavale", "vil_lgd": 553081, "district_name": "Thane", "dist_lgd": 497, "subdistrict_name": "Ambarnath", "sdcode": 4170, "block_name": "Ambarnath", "block_lgd": 221.0, "gp_name": "", "state_name": "MAHARASHTRA", "state_lgd": 27, "population": 1167, "households": 247}, "geometry": {"type": "Polygon", "coordinates": [[[73.29577, 19.09973], [73.29249, 19.09259], [73.29003, 19.08454], [73.28769000000001, 19.08676], [73.28317000000001, 19.0869], [73.27834, 19.085820000000002], [73.27451, 19.082440000000002], [73.27264000000001, 19.077540000000003], [73.26882, 19.07522], [73.26848000000001, 19.0804], [73.27026000000001, 19.08518], [73.27324, 19.08756], [73.28037, 19.09599], [73.28259, 19.100340000000003], [73.28675000000001, 19.103150000000003], [73.28735, 19.10526], [73.28693000000001, 19.11186], [73.28878, 19.113210000000002], [73.29520000000001, 19.1066], [73.29577, 19.10229], [73.29577, 19.09973]]]}}, {"id": "81", "type": "Feature", "properties": {"village_name": "Bhuigaon Bk", "vil_lgd": 999999, "district_name": "Thane", "dist_lgd": 497, "subdistrict_name": "Thane", "sdcode": 4165, "block_name": "", "block_lgd": null, "gp_name": "", "state_name": "MAHARASHTRA", "state_lgd": 27, "population": 0, "households": 0}, "geometry": {"type": "Polygon", "coordinates": [[[73.00234, 19.15503], [72.99907, 19.15559], [72.99743000000001, 19.152230000000003], [72.99506000000001, 19.15181], [72.99253, 19.15489], [72.9903, 19.15602], [72.98926, 19.153910000000003], [72.9906, 19.148580000000003], [72.98851, 19.139470000000003], [72.98879000000001, 19.13792], [72.99086000000001, 19.13785], [72.99143000000001, 19.14176], [72.99457000000001, 19.144450000000003], [72.99878000000001, 19.14499], [72.99999000000001, 19.143710000000002], [73.00056000000001, 19.13576], [72.99828000000001, 19.129630000000002], [72.99243000000001, 19.12721], [72.99122000000001, 19.12209], [72.99350000000001, 19.11562], [72.99692, 19.118720000000003], [72.99956, 19.118920000000003], [72.99956, 19.115820000000003], [73.00120000000001, 19.11286], [73.00149, 19.110500000000002], [72.99935, 19.10309], [72.99978, 19.100260000000002], [73.00142000000001, 19.09938], [73.00248, 19.096690000000002], [73.00134, 19.08995], [73.00156000000001, 19.08557], [72.99863, 19.083080000000002], [72.99628000000001, 19.079230000000003], [72.99635, 19.074520000000003], [72.99742, 19.07337], [72.99835, 19.0731], [72.99878000000001, 19.074050000000003], [72.99935, 19.07863], [73.00049, 19.079980000000003], [73.00370000000001, 19.081120000000002], [73.00534, 19.08631], [73.01004, 19.09015], [73.00976, 19.087590000000002], [73.00576000000001, 19.07863], [73.00534, 19.075190000000003], [73.00177000000001, 19.0698], [73.00306, 19.065350000000002], [73.00106000000001, 19.06286], [73.00163, 19.061680000000003], [73.00135, 19.05696], [72.99564000000001, 19.055210000000002], [72.99607, 19.04887], [72.99721000000001, 19.04699], [73.00206, 19.04604], [72.99964, 19.04389], [72.99664, 19.043210000000002], [72.9955, 19.03998], [72.9975, 19.03], [73.00135, 19.029870000000003], [73.00149, 19.02919], [72.99621, 19.027440000000002], [72.99564000000001, 19.0242], [72.99664, 19.021780000000003], [73.00163, 19.01949], [73.00178000000001, 19.017870000000002], [72.99878000000001, 19.01585], [72.99793000000001, 19.013550000000002], [72.99835, 19.00533], [72.99992, 19.002090000000003], [73.00406000000001, 18.99818], [73.00506, 19.005190000000002], [73.00777000000001, 19.007620000000003], [73.01261000000001, 19.00991], [73.02131, 19.010450000000002], [73.02488000000001, 19.01207], [73.02659000000001, 19.01113], [73.02702000000001, 19.0087], [73.02683, 18.999640000000003], [73.02545, 18.99933], [73.02395, 18.99718], [73.02123, 18.99531], [72.99908, 18.986900000000002], [72.97607, 18.98825], [72.95598000000001, 18.987440000000003], [72.96107, 18.99733], [72.9679, 19.003490000000003], [72.97606, 19.008740000000003], [72.98504000000001, 19.01792], [72.98740000000001, 19.02168], [72.98826000000001, 19.024880000000003], [72.98534000000001, 19.041520000000002], [72.97691, 19.041510000000002], [72.97596, 19.047040000000003], [72.96954000000001, 19.05957], [72.96625, 19.070390000000003], [72.96600000000001, 19.093950000000003], [72.96729, 19.10772], [72.97375000000001, 19.12984], [72.97913000000001, 19.14448], [72.98033000000001, 19.150360000000003], [72.97951, 19.155790000000003], [72.97583, 19.158510000000003], [72.97319, 19.16184], [72.97293, 19.16713], [72.97182000000001, 19.16888], [72.97723, 19.17398], [72.97916000000001, 19.17931], [72.98154000000001, 19.18099], [72.98674000000001, 19.18183], [72.99298, 19.18506], [72.99119, 19.17454], [72.99268000000001, 19.167520000000003], [72.99862, 19.158540000000002], [73.00204000000001, 19.15658], [73.00234, 19.15503]], [[72.99175000000001, 19.075670000000002], [72.99353, 19.074050000000003], [72.99396, 19.07372], [72.9946, 19.07466], [72.99318000000001, 19.079240000000002], [72.99211000000001, 19.07891], [72.99189000000001, 19.077090000000002], [72.99175000000001, 19.075670000000002]], [[72.98740000000001, 19.07554], [72.98598000000001, 19.07432], [72.98555, 19.07028], [72.98797, 19.066300000000002], [72.99011, 19.06475], [72.99139000000001, 19.06502], [72.99097, 19.07008], [72.98983000000001, 19.07412], [72.98861000000001, 19.07554], [72.98740000000001, 19.07554]], [[73.02112000000001, 18.99653], [73.02255000000001, 18.99761], [73.02412000000001, 19.000030000000002], [73.02568000000001, 19.006510000000002], [73.02526, 19.008390000000002], [73.02326000000001, 19.00974], [73.01028000000001, 19.00718], [73.00800000000001, 19.00543], [73.00786000000001, 19.00233], [73.00629, 18.998150000000003], [73.00686, 18.996930000000003], [73.02112000000001, 18.99653]]]}}, {"id": "82", "type": "Feature", "properties": {"village_name": "Done", "vil_lgd": 553080, "district_name": "Thane", "dist_lgd": 497, "subdistrict_name": "Ambarnath", "sdcode": 4170, "block_name": "Ambarnath", "block_lgd": 221.0, "gp_name": "", "state_name": "MAHARASHTRA", "state_lgd": 27, "population": 1940, "households": 447}, "geometry": {"type": "Polygon", "coordinates": [[[73.31598000000001, 19.091990000000003], [73.32032000000001, 19.0881], [73.32126000000001, 19.08427], [73.31944, 19.08238], [73.31874, 19.07984], [73.31692000000001, 19.079790000000003], [73.31327, 19.07644], [73.31152, 19.079230000000003], [73.31012000000001, 19.079040000000003], [73.30746, 19.09165], [73.30846000000001, 19.099600000000002], [73.30903, 19.100170000000002], [73.30965, 19.09842], [73.31275000000001, 19.09647], [73.31598000000001, 19.091990000000003]]]}}, {"id": "83", "type": "Feature", "properties": {"village_name": "Kole", "vil_lgd": 553123, "district_name": "Thane", "dist_lgd": 497, "subdistrict_name": "Murbad", "sdcode": 4171, "block_name": "Murbad", "block_lgd": 222.0, "gp_name": "", "state_name": "MAHARASHTRA", "state_lgd": 27, "population": 267, "households": 63}, "geometry": {"type": "Polygon", "coordinates": [[[73.37109000000001, 19.21121], [73.36766, 19.212020000000003], [73.36548, 19.21112], [73.36186000000001, 19.207620000000002], [73.35587000000001, 19.206090000000003], [73.35130000000001, 19.20069], [73.34977, 19.207690000000003], [73.34671, 19.21018], [73.34732000000001, 19.21516], [73.34998, 19.22315], [73.35464, 19.22997], [73.35625, 19.23365], [73.3592, 19.23626], [73.36491000000001, 19.23563], [73.37033000000001, 19.2332], [73.37213000000001, 19.230420000000002], [73.37651000000001, 19.228540000000002], [73.37708, 19.22162], [73.37641, 19.21758], [73.3747, 19.21498], [73.37156, 19.21265], [73.37109000000001, 19.21121]]]}}, {"id": "84", "type": "Feature", "properties": {"village_name": "Ambeshiv Kh", "vil_lgd": 553043, "district_name": "Thane", "dist_lgd": 497, "subdistrict_name": "Ambarnath", "sdcode": 4170, "block_name": "Ambarnath", "block_lgd": 221.0, "gp_name": "", "state_name": "MAHARASHTRA", "state_lgd": 27, "population": 624, "households": 129}, "geometry": {"type": "Polygon", "coordinates": [[[73.26546, 19.206190000000003], [73.26400000000001, 19.20792], [73.26476000000001, 19.208730000000003], [73.26362, 19.21402], [73.26543000000001, 19.21546], [73.27056, 19.216540000000002], [73.27256000000001, 19.21618], [73.27347, 19.20861], [73.27107000000001, 19.20627], [73.26546, 19.206190000000003]]]}}, {"id": "85", "type": "Feature", "properties": {"village_name": "Mohaghar", "vil_lgd": 553274, "district_name": "Thane", "dist_lgd": 497, "subdistrict_name": "Murbad", "sdcode": 4171, "block_name": "Murbad", "block_lgd": 222.0, "gp_name": "", "state_name": "MAHARASHTRA", "state_lgd": 27, "population": 1109, "households": 254}, "geometry": {"type": "Polygon", "coordinates": [[[73.40657, 19.178250000000002], [73.40523, 19.1753], [73.40479, 19.166600000000003], [73.40583000000001, 19.1586], [73.41146, 19.15024], [73.41071000000001, 19.14809], [73.40652, 19.14499], [73.38988, 19.140870000000003], [73.38802000000001, 19.14383], [73.38667000000001, 19.150370000000002], [73.38336000000001, 19.156350000000003], [73.38275, 19.16062], [73.37944, 19.162750000000003], [73.38225, 19.16647], [73.38453000000001, 19.17145], [73.38681000000001, 19.173740000000002], [73.39095, 19.18223], [73.39651, 19.183850000000003], [73.40122000000001, 19.184], [73.403, 19.18288], [73.40657, 19.178250000000002]]]}}, {"id": "86", "type": "Feature", "properties": {"village_name": "Kushivali", "vil_lgd": 553022, "district_name": "Thane", "dist_lgd": 497, "subdistrict_name": "Ambarnath", "sdcode": 4170, "block_name": "Ambarnath", "block_lgd": 221.0, "gp_name": "", "state_name": "MAHARASHTRA", "state_lgd": 27, "population": 1019, "households": 213}, "geometry": {"type": "Polygon", "coordinates": [[[73.18602, 19.142660000000003], [73.19097000000001, 19.14009], [73.19465000000001, 19.135640000000002], [73.19648000000001, 19.13519], [73.20311000000001, 19.13632], [73.20471, 19.123710000000003], [73.20270000000001, 19.119300000000003], [73.20169, 19.11708], [73.19478000000001, 19.126810000000003], [73.18929, 19.123710000000003], [73.18874000000001, 19.1219], [73.18482, 19.121260000000003], [73.18408000000001, 19.119300000000003], [73.18084, 19.11711], [73.17803, 19.119030000000002], [73.17675000000001, 19.12402], [73.17116, 19.1296], [73.16956, 19.1327], [73.16565, 19.134510000000002], [73.16557, 19.13556], [73.16133, 19.143340000000002], [73.16525, 19.14349], [73.16900000000001, 19.14583], [73.17611000000001, 19.144090000000002], [73.18354000000001, 19.146810000000002], [73.18442, 19.14779], [73.18530000000001, 19.14666], [73.18602, 19.142660000000003]]]}}, {"id": "87", "type": "Feature", "properties": {"village_name": "Varade", "vil_lgd": 553061, "district_name": "Thane", "dist_lgd": 497, "subdistrict_name": "Ambarnath", "sdcode": 4170, "block_name": "Ambarnath", "block_lgd": 221.0, "gp_name": "", "state_name": "MAHARASHTRA", "state_lgd": 27, "population": 399, "households": 84}, "geometry": {"type": "Polygon", "coordinates": [[[73.24531, 19.13332], [73.24457000000001, 19.13052], [73.24306, 19.129810000000003], [73.21783, 19.12097], [73.20348, 19.11468], [73.20169, 19.11708], [73.20270000000001, 19.119300000000003], [73.20817000000001, 19.12181], [73.21233000000001, 19.125320000000002], [73.21619000000001, 19.127290000000002], [73.23506, 19.129810000000003], [73.23951000000001, 19.13557], [73.24471000000001, 19.134020000000003], [73.24531, 19.13332]]]}}, {"id": "88", "type": "Feature", "properties": {"village_name": "Kudsavare", "vil_lgd": 553078, "district_name": "Thane", "dist_lgd": 497, "subdistrict_name": "Ambarnath", "sdcode": 4170, "block_name": "Ambarnath", "block_lgd": 221.0, "gp_name": "", "state_name": "MAHARASHTRA", "state_lgd": 27, "population": 1172, "households": 250}, "geometry": {"type": "Polygon", "coordinates": [[[73.31113, 19.106270000000002], [73.30729000000001, 19.106250000000003], [73.30869000000001, 19.103550000000002], [73.30903, 19.100170000000002], [73.30846000000001, 19.099600000000002], [73.30489, 19.101480000000002], [73.29891, 19.1031], [73.29577, 19.10229], [73.29520000000001, 19.1066], [73.28878, 19.113210000000002], [73.29274000000001, 19.11887], [73.29349, 19.119940000000003], [73.29634, 19.11954], [73.30482, 19.113410000000002], [73.31113, 19.106270000000002]]]}}, {"id": "89", "type": "Feature", "properties": {"village_name": "Karav", "vil_lgd": 553079, "district_name": "Thane", "dist_lgd": 497, "subdistrict_name": "Ambarnath", "sdcode": 4170, "block_name": "Ambarnath", "block_lgd": 221.0, "gp_name": "", "state_name": "MAHARASHTRA", "state_lgd": 27, "population": 1757, "households": 290}, "geometry": {"type": "Polygon", "coordinates": [[[73.33401, 19.12309], [73.334, 19.12113], [73.3324, 19.120060000000002], [73.32597000000001, 19.119390000000003], [73.32473, 19.117810000000002], [73.32146, 19.116310000000002], [73.31973, 19.112370000000002], [73.31569, 19.107020000000002], [73.31113, 19.106270000000002], [73.30482, 19.113410000000002], [73.30684000000001, 19.11635], [73.30838, 19.117250000000002], [73.30838, 19.118940000000002], [73.31409000000001, 19.12141], [73.31932, 19.12208], [73.32169, 19.1232], [73.32502000000001, 19.128480000000003], [73.32621, 19.13623], [73.32740000000001, 19.138250000000003], [73.3331, 19.14083], [73.33488000000001, 19.13701], [73.33735, 19.12346], [73.33401, 19.12309]]]}}, {"id": "90", "type": "Feature", "properties": {"village_name": "Chargaon", "vil_lgd": 553067, "district_name": "Thane", "dist_lgd": 497, "subdistrict_name": "Ambarnath", "sdcode": 4170, "block_name": "Ambarnath", "block_lgd": 221.0, "gp_name": "", "state_name": "MAHARASHTRA", "state_lgd": 27, "population": 3436, "households": 653}, "geometry": {"type": "Polygon", "coordinates": [[[73.38275, 19.16062], [73.38336000000001, 19.156350000000003], [73.38667000000001, 19.150370000000002], [73.38802000000001, 19.14383], [73.38988, 19.140870000000003], [73.39219, 19.138060000000003], [73.39195000000001, 19.13181], [73.38821, 19.13303], [73.38449, 19.13239], [73.37263, 19.126700000000003], [73.36755000000001, 19.127200000000002], [73.35853, 19.13078], [73.35389, 19.13062], [73.34308, 19.126040000000003], [73.34105000000001, 19.123800000000003], [73.33735, 19.12346], [73.33488000000001, 19.13701], [73.3331, 19.14083], [73.33037, 19.146220000000003], [73.33322000000001, 19.148010000000003], [73.34534000000001, 19.149140000000003], [73.35497000000001, 19.154410000000002], [73.35568, 19.15801], [73.36072, 19.169430000000002], [73.36724000000001, 19.164170000000002], [73.37944, 19.162750000000003], [73.38275, 19.16062]]]}}, {"id": "91", "type": "Feature", "properties": {"village_name": "Yeve", "vil_lgd": 553056, "district_name": "Thane", "dist_lgd": 497, "subdistrict_name": "Ambarnath", "sdcode": 4170, "block_name": "Ambarnath", "block_lgd": 221.0, "gp_name": "", "state_name": "MAHARASHTRA", "state_lgd": 27, "population": 781, "households": 165}, "geometry": {"type": "Polygon", "coordinates": [[[73.33928, 19.173160000000003], [73.34689, 19.175410000000003], [73.3589, 19.17169], [73.36072, 19.169430000000002], [73.35568, 19.15801], [73.35497000000001, 19.154410000000002], [73.34534000000001, 19.149140000000003], [73.33322000000001, 19.148010000000003], [73.32954000000001, 19.153180000000003], [73.32704000000001, 19.159470000000002], [73.32606000000001, 19.1676], [73.32633000000001, 19.169680000000003], [73.33001, 19.17585], [73.33096, 19.175970000000003], [73.33215000000001, 19.17451], [73.33702000000001, 19.17338], [73.33928, 19.173160000000003]]]}}, {"id": "92", "type": "Feature", "properties": {"village_name": "Dapivali", "vil_lgd": 553042, "district_name": "Thane", "dist_lgd": 497, "subdistrict_name": "Ambarnath", "sdcode": 4170, "block_name": "Ambarnath", "block_lgd": 221.0, "gp_name": "", "state_name": "MAHARASHTRA", "state_lgd": 27, "population": 516, "households": 121}, "geometry": {"type": "Polygon", "coordinates": [[[73.25240000000001, 19.20729], [73.25630000000001, 19.20998], [73.25972, 19.2072], [73.26051000000001, 19.201520000000002], [73.25996, 19.200280000000003], [73.25833, 19.1981], [73.25655, 19.19942], [73.25494, 19.20043], [73.25168000000001, 19.198800000000002], [73.24782, 19.198900000000002], [73.24556000000001, 19.20549], [73.24571, 19.210900000000002], [73.24575, 19.212320000000002], [73.24993, 19.21223], [73.25126, 19.208640000000003], [73.25240000000001, 19.20729]]]}}, {"id": "93", "type": "Feature", "properties": {"village_name": "Pimploli", "vil_lgd": 553055, "district_name": "Thane", "dist_lgd": 497, "subdistrict_name": "Ambarnath", "sdcode": 4170, "block_name": "Ambarnath", "block_lgd": 221.0, "gp_name": "", "state_name": "MAHARASHTRA", "state_lgd": 27, "population": 1019, "households": 216}, "geometry": {"type": "Polygon", "coordinates": [[[73.35414, 19.1784], [73.3589, 19.17169], [73.34689, 19.175410000000003], [73.33928, 19.173160000000003], [73.33702000000001, 19.17338], [73.33215000000001, 19.17451], [73.33096, 19.175970000000003], [73.33001, 19.17585], [73.33348000000001, 19.179280000000002], [73.33562, 19.179560000000002], [73.33627, 19.181690000000003], [73.33437, 19.186010000000003], [73.33792000000001, 19.188550000000003], [73.34186000000001, 19.1859], [73.34233, 19.18354], [73.3481, 19.18253], [73.35267, 19.18269], [73.35414, 19.1784]]]}}, {"id": "94", "type": "Feature", "properties": {"village_name": "Karand", "vil_lgd": 553045, "district_name": "Thane", "dist_lgd": 497, "subdistrict_name": "Ambarnath", "sdcode": 4170, "block_name": "Ambarnath", "block_lgd": 221.0, "gp_name": "", "state_name": "MAHARASHTRA", "state_lgd": 27, "population": 911, "households": 209}, "geometry": {"type": "Polygon", "coordinates": [[[73.3311, 19.21255], [73.33170000000001, 19.20599], [73.33063, 19.198040000000002], [73.32388, 19.196240000000003], [73.31553000000001, 19.19611], [73.31589000000001, 19.19909], [73.31417, 19.20156], [73.31280000000001, 19.20139], [73.31007000000001, 19.200660000000003], [73.30858, 19.197850000000003], [73.30690000000001, 19.19762], [73.30448000000001, 19.19864], [73.29965, 19.2116], [73.30193000000001, 19.21133], [73.30764, 19.214470000000002], [73.3118, 19.221790000000002], [73.31875000000001, 19.220070000000003], [73.32538000000001, 19.21594], [73.32964000000001, 19.214910000000003], [73.3311, 19.21255]]]}}, {"id": "95", "type": "Feature", "properties": {"village_name": "Padirpada", "vil_lgd": 553046, "district_name": "Thane", "dist_lgd": 497, "subdistrict_name": "Ambarnath", "sdcode": 4170, "block_name": "Ambarnath", "block_lgd": 221.0, "gp_name": "", "state_name": "MAHARASHTRA", "state_lgd": 27, "population": 204, "households": 43}, "geometry": {"type": "Polygon", "coordinates": [[[73.32388, 19.196240000000003], [73.32415, 19.194490000000002], [73.32296000000001, 19.19039], [73.3207, 19.18674], [73.31934000000001, 19.186120000000003], [73.31684, 19.18775], [73.31536000000001, 19.19039], [73.31553000000001, 19.19611], [73.32388, 19.196240000000003]]]}}, {"id": "96", "type": "Feature", "properties": {"village_name": "Chandap", "vil_lgd": 553054, "district_name": "Thane", "dist_lgd": 497, "subdistrict_name": "Ambarnath", "sdcode": 4170, "block_name": "Ambarnath", "block_lgd": 221.0, "gp_name": "", "state_name": "MAHARASHTRA", "state_lgd": 27, "population": 416, "households": 93}, "geometry": {"type": "Polygon", "coordinates": [[[73.33437, 19.186010000000003], [73.33627, 19.181690000000003], [73.33562, 19.179560000000002], [73.33348000000001, 19.179280000000002], [73.33001, 19.17585], [73.32884, 19.176530000000003], [73.32825000000001, 19.179000000000002], [73.32979, 19.18427], [73.32718000000001, 19.184890000000003], [73.32326, 19.18438], [73.32195, 19.18506], [73.3207, 19.18674], [73.32296000000001, 19.19039], [73.32415, 19.194490000000002], [73.32388, 19.196240000000003], [73.33063, 19.198040000000002], [73.3336, 19.192860000000003], [73.33792000000001, 19.188550000000003], [73.33437, 19.186010000000003]]]}}, {"id": "97", "type": "Feature", "properties": {"village_name": "Asnoli", "vil_lgd": 553053, "district_name": "Thane", "dist_lgd": 497, "subdistrict_name": "Ambarnath", "sdcode": 4170, "block_name": "Ambarnath", "block_lgd": 221.0, "gp_name": "", "state_name": "MAHARASHTRA", "state_lgd": 27, "population": 246, "households": 59}, "geometry": {"type": "Polygon", "coordinates": [[[73.32326, 19.18438], [73.32718000000001, 19.184890000000003], [73.32979, 19.18427], [73.32825000000001, 19.179000000000002], [73.32884, 19.176530000000003], [73.33001, 19.17585], [73.32633000000001, 19.169680000000003], [73.32606000000001, 19.1676], [73.31930000000001, 19.170520000000003], [73.31625000000001, 19.17389], [73.31468000000001, 19.17763], [73.31506, 19.181070000000002], [73.31702, 19.1845], [73.31934000000001, 19.186120000000003], [73.3207, 19.18674], [73.32195, 19.18506], [73.32326, 19.18438]]]}}, {"id": "98", "type": "Feature", "properties": {"village_name": "Pachon", "vil_lgd": 553044, "district_name": "Thane", "dist_lgd": 497, "subdistrict_name": "Ambarnath", "sdcode": 4170, "block_name": "Ambarnath", "block_lgd": 221.0, "gp_name": "", "state_name": "MAHARASHTRA", "state_lgd": 27, "population": 82, "households": 17}, "geometry": {"type": "Polygon", "coordinates": [[[73.28330000000001, 19.20801], [73.28625000000001, 19.208280000000002], [73.29281, 19.21142], [73.29633000000001, 19.21205], [73.29965, 19.2116], [73.30448000000001, 19.19864], [73.30177, 19.19631], [73.29217000000001, 19.191460000000003], [73.2898, 19.19604], [73.28438000000001, 19.195410000000003], [73.28133000000001, 19.19424], [73.27867, 19.19451], [73.27658000000001, 19.195860000000003], [73.27544, 19.199810000000003], [73.27474000000001, 19.20756], [73.27665, 19.208460000000002], [73.27969, 19.21178], [73.2814, 19.21205], [73.28244000000001, 19.210880000000003], [73.28263000000001, 19.209000000000003], [73.28330000000001, 19.20801]]]}}, {"id": "99", "type": "Feature", "properties": {"village_name": "Dhoke", "vil_lgd": 553050, "district_name": "Thane", "dist_lgd": 497, "subdistrict_name": "Ambarnath", "sdcode": 4170, "block_name": "Ambarnath", "block_lgd": 221.0, "gp_name": "", "state_name": "MAHARASHTRA", "state_lgd": 27, "population": 401, "households": 86}, "geometry": {"type": "Polygon", "coordinates": [[[73.25833, 19.1981], [73.25750000000001, 19.192970000000003], [73.25292, 19.1887], [73.25239, 19.18736], [73.24889, 19.18711], [73.24932000000001, 19.19369], [73.24841, 19.196610000000003], [73.24782, 19.198900000000002], [73.25168000000001, 19.198800000000002], [73.25494, 19.20043], [73.25655, 19.19942], [73.25833, 19.1981]]]}}, {"id": "100", "type": "Feature", "properties": {"village_name": "Ambeshiv Bk", "vil_lgd": 553049, "district_name": "Thane", "dist_lgd": 497, "subdistrict_name": "Ambarnath", "sdcode": 4170, "block_name": "Ambarnath", "block_lgd": 221.0, "gp_name": "", "state_name": "MAHARASHTRA", "state_lgd": 27, "population": 1633, "households": 363}, "geometry": {"type": "Polygon", "coordinates": [[[73.27544, 19.199810000000003], [73.27658000000001, 19.195860000000003], [73.27867, 19.19451], [73.28133000000001, 19.19424], [73.28438000000001, 19.195410000000003], [73.2898, 19.19604], [73.29217000000001, 19.191460000000003], [73.28679000000001, 19.189310000000003], [73.28358, 19.18938], [73.28144, 19.188570000000002], [73.2746, 19.184800000000003], [73.27210000000001, 19.18675], [73.26818, 19.18608], [73.25239, 19.18736], [73.25292, 19.1887], [73.25750000000001, 19.192970000000003], [73.25833, 19.1981], [73.26029000000001, 19.19706], [73.26213, 19.193700000000003], [73.26570000000001, 19.19443], [73.26742, 19.19403], [73.26778, 19.19499], [73.26594, 19.198240000000002], [73.26065000000001, 19.199250000000003], [73.25996, 19.200280000000003], [73.26051000000001, 19.201520000000002], [73.25972, 19.2072], [73.26229000000001, 19.20711], [73.26400000000001, 19.20792], [73.26546, 19.206190000000003], [73.27107000000001, 19.20627], [73.27347, 19.20861], [73.27474000000001, 19.20756], [73.27544, 19.199810000000003]], [[73.26955000000001, 19.194770000000002], [73.26998, 19.194090000000003], [73.27420000000001, 19.19387], [73.27449, 19.19488], [73.27366, 19.195610000000002], [73.27099000000001, 19.19538], [73.26955000000001, 19.194770000000002]]]}}, {"id": "101", "type": "Feature", "properties": {"village_name": "Chon", "vil_lgd": 553048, "district_name": "Thane", "dist_lgd": 497, "subdistrict_name": "Ambarnath", "sdcode": 4170, "block_name": "Ambarnath", "block_lgd": 221.0, "gp_name": "", "state_name": "MAHARASHTRA", "state_lgd": 27, "population": 1249, "households": 353}, "geometry": {"type": "Polygon", "coordinates": [[[73.30711000000001, 19.19012], [73.30847, 19.18466], [73.30626000000001, 19.184800000000003], [73.30227000000001, 19.18662], [73.29956, 19.18635], [73.29692, 19.18466], [73.29235, 19.185000000000002], [73.29171000000001, 19.182640000000003], [73.28729000000001, 19.183850000000003], [73.28394, 19.183850000000003], [73.27902, 19.181630000000002], [73.2746, 19.184800000000003], [73.28144, 19.188570000000002], [73.28358, 19.18938], [73.28679000000001, 19.189310000000003], [73.29217000000001, 19.191460000000003], [73.30177, 19.19631], [73.30448000000001, 19.19864], [73.30690000000001, 19.19762], [73.30711000000001, 19.19012]]]}}, {"id": "102", "type": "Feature", "properties": {"village_name": "Sagaon", "vil_lgd": 553047, "district_name": "Thane", "dist_lgd": 497, "subdistrict_name": "Ambarnath", "sdcode": 4170, "block_name": "Ambarnath", "block_lgd": 221.0, "gp_name": "", "state_name": "MAHARASHTRA", "state_lgd": 27, "population": 433, "households": 96}, "geometry": {"type": "Polygon", "coordinates": [[[73.31553000000001, 19.19611], [73.31536000000001, 19.19039], [73.31684, 19.18775], [73.31934000000001, 19.186120000000003], [73.31702, 19.1845], [73.31506, 19.181070000000002], [73.31468000000001, 19.17763], [73.31104, 19.17746], [73.31061000000001, 19.182370000000002], [73.30982, 19.18419], [73.30847, 19.18466], [73.30711000000001, 19.19012], [73.30690000000001, 19.19762], [73.30858, 19.197850000000003], [73.31007000000001, 19.200660000000003], [73.31280000000001, 19.20139], [73.31417, 19.20156], [73.31589000000001, 19.19909], [73.31553000000001, 19.19611]]]}}, {"id": "103", "type": "Feature", "properties": {"village_name": "Rahatoli", "vil_lgd": 553051, "district_name": "Thane", "dist_lgd": 497, "subdistrict_name": "Ambarnath", "sdcode": 4170, "block_name": "Ambarnath", "block_lgd": 221.0, "gp_name": "", "state_name": "MAHARASHTRA", "state_lgd": 27, "population": 1425, "households": 299}, "geometry": {"type": "Polygon", "coordinates": [[[73.2962, 19.17576], [73.29121, 19.17582], [73.28973, 19.17509], [73.28824, 19.17357], [73.28800000000001, 19.17094], [73.28634000000001, 19.169590000000003], [73.28694, 19.1656], [73.28301, 19.16325], [73.28171, 19.16701], [73.27380000000001, 19.170990000000003], [73.27095, 19.174470000000003], [73.27826, 19.179630000000003], [73.27902, 19.181630000000002], [73.28394, 19.183850000000003], [73.28729000000001, 19.183850000000003], [73.29171000000001, 19.182640000000003], [73.29739000000001, 19.179470000000002], [73.29852000000001, 19.177560000000003], [73.2962, 19.17576]]]}}, {"id": "104", "type": "Feature", "properties": {"village_name": "Umbroli", "vil_lgd": 553052, "district_name": "Thane", "dist_lgd": 497, "subdistrict_name": "Ambarnath", "sdcode": 4170, "block_name": "Ambarnath", "block_lgd": 221.0, "gp_name": "", "state_name": "MAHARASHTRA", "state_lgd": 27, "population": 186, "households": 49}, "geometry": {"type": "Polygon", "coordinates": [[[73.30626000000001, 19.184800000000003], [73.30847, 19.18466], [73.30982, 19.18419], [73.31061000000001, 19.182370000000002], [73.31104, 19.17746], [73.31041, 19.17565], [73.30553, 19.17172], [73.30286000000001, 19.172960000000003], [73.29796, 19.172], [73.29745000000001, 19.17189], [73.2962, 19.17576], [73.29852000000001, 19.177560000000003], [73.29739000000001, 19.179470000000002], [73.29171000000001, 19.182640000000003], [73.29235, 19.185000000000002], [73.29692, 19.18466], [73.29956, 19.18635], [73.30227000000001, 19.18662], [73.30626000000001, 19.184800000000003]]]}}, {"id": "105", "type": "Feature", "properties": {"village_name": "Jambhilghar", "vil_lgd": 553059, "district_name": "Thane", "dist_lgd": 497, "subdistrict_name": "Ambarnath", "sdcode": 4170, "block_name": "Ambarnath", "block_lgd": 221.0, "gp_name": "", "state_name": "MAHARASHTRA", "state_lgd": 27, "population": 548, "households": 115}, "geometry": {"type": "Polygon", "coordinates": [[[73.29745000000001, 19.17189], [73.29796, 19.172], [73.29442, 19.160780000000003], [73.29282, 19.15803], [73.2883, 19.15752], [73.28349, 19.158980000000003], [73.28301, 19.16325], [73.28694, 19.1656], [73.28634000000001, 19.169590000000003], [73.28800000000001, 19.17094], [73.28824, 19.17357], [73.28973, 19.17509], [73.29121, 19.17582], [73.2962, 19.17576], [73.29745000000001, 19.17189]]]}}, {"id": "106", "type": "Feature", "properties": {"village_name": "Mulgaon", "vil_lgd": 553058, "district_name": "Thane", "dist_lgd": 497, "subdistrict_name": "Ambarnath", "sdcode": 4170, "block_name": "Ambarnath", "block_lgd": 221.0, "gp_name": "", "state_name": "MAHARASHTRA", "state_lgd": 27, "population": 2121, "households": 433}, "geometry": {"type": "Polygon", "coordinates": [[[73.31930000000001, 19.170520000000003], [73.31195000000001, 19.1628], [73.31154000000001, 19.157970000000002], [73.31332, 19.153480000000002], [73.31344, 19.1509], [73.31148, 19.14893], [73.30625, 19.148030000000002], [73.29888000000001, 19.15275], [73.29282, 19.15803], [73.29442, 19.160780000000003], [73.29796, 19.172], [73.30286000000001, 19.172960000000003], [73.30553, 19.17172], [73.31041, 19.17565], [73.31104, 19.17746], [73.31468000000001, 19.17763], [73.31625000000001, 19.17389], [73.31930000000001, 19.170520000000003]]]}}, {"id": "107", "type": "Feature", "properties": {"village_name": "Sonavale", "vil_lgd": 553057, "district_name": "Thane", "dist_lgd": 497, "subdistrict_name": "Ambarnath", "sdcode": 4170, "block_name": "Ambarnath", "block_lgd": 221.0, "gp_name": "", "state_name": "MAHARASHTRA", "state_lgd": 27, "population": 587, "households": 126}, "geometry": {"type": "Polygon", "coordinates": [[[73.32704000000001, 19.159470000000002], [73.32954000000001, 19.153180000000003], [73.33322000000001, 19.148010000000003], [73.33037, 19.146220000000003], [73.32176000000001, 19.146690000000003], [73.31183, 19.14467], [73.31183, 19.14532], [73.31148, 19.14893], [73.31344, 19.1509], [73.31332, 19.153480000000002], [73.31154000000001, 19.157970000000002], [73.31195000000001, 19.1628], [73.31930000000001, 19.170520000000003], [73.32606000000001, 19.1676], [73.32704000000001, 19.159470000000002]]]}}, {"id": "108", "type": "Feature", "properties": {"village_name": "Shil", "vil_lgd": 553068, "district_name": "Thane", "dist_lgd": 497, "subdistrict_name": "Ambarnath", "sdcode": 4170, "block_name": "Ambarnath", "block_lgd": 221.0, "gp_name": "", "state_name": "MAHARASHTRA", "state_lgd": 27, "population": 616, "households": 138}, "geometry": {"type": "Polygon", "coordinates": [[[73.3331, 19.14083], [73.32740000000001, 19.138250000000003], [73.32621, 19.13623], [73.32502000000001, 19.128480000000003], [73.32169, 19.1232], [73.31932, 19.12208], [73.31409000000001, 19.12141], [73.30838, 19.118940000000002], [73.30809, 19.12479], [73.30637, 19.13097], [73.30761000000001, 19.136300000000002], [73.30727, 19.140490000000003], [73.31183, 19.14532], [73.31183, 19.14467], [73.32176000000001, 19.146690000000003], [73.33037, 19.146220000000003], [73.3331, 19.14083]]]}}, {"id": "109", "type": "Feature", "properties": {"village_name": "Indgaon", "vil_lgd": 553069, "district_name": "Thane", "dist_lgd": 497, "subdistrict_name": "Ambarnath", "sdcode": 4170, "block_name": "Ambarnath", "block_lgd": 221.0, "gp_name": "", "state_name": "MAHARASHTRA", "state_lgd": 27, "population": 844, "households": 177}, "geometry": {"type": "Polygon", "coordinates": [[[73.30838, 19.118940000000002], [73.30838, 19.117250000000002], [73.30684000000001, 19.11635], [73.30482, 19.113410000000002], [73.29634, 19.11954], [73.29349, 19.119940000000003], [73.29274000000001, 19.11887], [73.28925000000001, 19.121370000000002], [73.28919, 19.12732], [73.29139, 19.128670000000003], [73.2946, 19.13232], [73.29733, 19.132990000000003], [73.3028, 19.138550000000002], [73.30727, 19.140490000000003], [73.30761000000001, 19.136300000000002], [73.30637, 19.13097], [73.30809, 19.12479], [73.30838, 19.118940000000002]]]}}, {"id": "110", "type": "Feature", "properties": {"village_name": "Dahivali", "vil_lgd": 553063, "district_name": "Thane", "dist_lgd": 497, "subdistrict_name": "Ambarnath", "sdcode": 4170, "block_name": "Ambarnath", "block_lgd": 221.0, "gp_name": "", "state_name": "MAHARASHTRA", "state_lgd": 27, "population": 827, "households": 169}, "geometry": {"type": "Polygon", "coordinates": [[[73.24476, 19.12777], [73.24371000000001, 19.128310000000003], [73.24306, 19.129810000000003], [73.24457000000001, 19.13052], [73.24531, 19.13332], [73.24471000000001, 19.134020000000003], [73.25313000000001, 19.136390000000002], [73.25408, 19.13513], [73.25408, 19.12956], [73.24657, 19.128400000000003], [73.24476, 19.12777]]]}}, {"id": "111", "type": "Feature", "properties": {"village_name": "Ambarnath", "vil_lgd": 251485, "district_name": "Thane", "dist_lgd": 497, "subdistrict_name": "Ambarnath", "sdcode": 4170, "block_name": "", "block_lgd": 0.0, "gp_name": "", "state_name": "MAHARASHTRA", "state_lgd": 27, "population": 253475, "households": 58407}, "geometry": {"type": "Polygon", "coordinates": [[[73.20185000000001, 19.22801], [73.20801, 19.2264], [73.21223, 19.223760000000002], [73.21423, 19.21827], [73.21844, 19.20886], [73.22153, 19.202170000000002], [73.22358000000001, 19.194020000000002], [73.22609, 19.19187], [73.23052000000001, 19.19018], [73.22912000000001, 19.18081], [73.22822000000001, 19.178900000000002], [73.22468, 19.177000000000003], [73.21793000000001, 19.178040000000003], [73.21651, 19.177570000000003], [73.21339, 19.173370000000002], [73.21278000000001, 19.171470000000003], [73.21470000000001, 19.166420000000002], [73.21429, 19.160700000000002], [73.20663, 19.13878], [73.20320000000001, 19.13745], [73.20229, 19.13954], [73.20289000000001, 19.146790000000003], [73.20521000000001, 19.15174], [73.20269, 19.158510000000003], [73.19825, 19.160130000000002], [73.19714, 19.16318], [73.19573000000001, 19.164610000000003], [73.19188000000001, 19.165360000000003], [73.19059, 19.166320000000002], [73.18948, 19.172040000000003], [73.18766000000001, 19.17642], [73.18655000000001, 19.177190000000003], [73.18403, 19.17404], [73.17939000000001, 19.173470000000002], [73.17596, 19.171290000000003], [73.16688, 19.1768], [73.16274, 19.196050000000003], [73.16377, 19.20242], [73.16688, 19.202160000000003], [73.16865, 19.20097], [73.16905000000001, 19.19893], [73.17002000000001, 19.19806], [73.17253000000001, 19.197470000000003], [73.17447, 19.19742], [73.1772, 19.198600000000003], [73.18154000000001, 19.20167], [73.1816, 19.204530000000002], [73.17373, 19.21816], [73.17287, 19.2236], [73.1772, 19.223850000000002], [73.17892, 19.22493], [73.18063000000001, 19.22888], [73.18217, 19.228610000000003], [73.18394, 19.229850000000003], [73.18611, 19.23214], [73.18827, 19.23442], [73.19095, 19.23686], [73.19409, 19.236420000000003], [73.19934, 19.23243], [73.20071, 19.230220000000003], [73.20185000000001, 19.22801]]]}}, {"id": "112", "type": "Feature", "properties": {"village_name": "Bohonoli", "vil_lgd": 553012, "district_name": "Thane", "dist_lgd": 497, "subdistrict_name": "Ambarnath", "sdcode": 4170, "block_name": "Ambarnath", "block_lgd": 221.0, "gp_name": "", "state_name": "MAHARASHTRA", "state_lgd": 27, "population": 927, "households": 169}, "geometry": {"type": "Polygon", "coordinates": [[[73.19825, 19.160130000000002], [73.20269, 19.158510000000003], [73.20521000000001, 19.15174], [73.20289000000001, 19.146790000000003], [73.20229, 19.13954], [73.20320000000001, 19.13745], [73.20311000000001, 19.13632], [73.19648000000001, 19.13519], [73.19465000000001, 19.135640000000002], [73.19097000000001, 19.14009], [73.18602, 19.142660000000003], [73.18530000000001, 19.14666], [73.18442, 19.14779], [73.18392, 19.15135], [73.18443, 19.16008], [73.18392, 19.16197], [73.18684, 19.162830000000003], [73.18995000000001, 19.16216], [73.19188000000001, 19.165360000000003], [73.19573000000001, 19.164610000000003], [73.19714, 19.16318], [73.19825, 19.160130000000002]]]}}, {"id": "113", "type": "Feature", "properties": {"village_name": "Savaroli", "vil_lgd": 553060, "district_name": "Thane", "dist_lgd": 497, "subdistrict_name": "Ambarnath", "sdcode": 4170, "block_name": "Ambarnath", "block_lgd": 221.0, "gp_name": "", "state_name": "MAHARASHTRA", "state_lgd": 27, "population": 320, "households": 69}, "geometry": {"type": "Polygon", "coordinates": [[[73.23336, 19.142590000000002], [73.23951000000001, 19.13557], [73.23506, 19.129810000000003], [73.21619000000001, 19.127290000000002], [73.21233000000001, 19.125320000000002], [73.20817000000001, 19.12181], [73.20270000000001, 19.119300000000003], [73.20471, 19.123710000000003], [73.20311000000001, 19.13632], [73.20320000000001, 19.13745], [73.20663, 19.13878], [73.21137, 19.140690000000003], [73.22015, 19.142310000000002], [73.23336, 19.142590000000002]]]}}, {"id": "114", "type": "Feature", "properties": {"village_name": "Bhoj", "vil_lgd": 553062, "district_name": "Thane", "dist_lgd": 497, "subdistrict_name": "Ambarnath", "sdcode": 4170, "block_name": "Ambarnath", "block_lgd": 221.0, "gp_name": "", "state_name": "MAHARASHTRA", "state_lgd": 27, "population": 711, "households": 140}, "geometry": {"type": "Polygon", "coordinates": [[[73.24476, 19.12777], [73.24657, 19.128400000000003], [73.25408, 19.12956], [73.25484, 19.12516], [73.25294000000001, 19.12283], [73.24314000000001, 19.122020000000003], [73.24115, 19.121480000000002], [73.23951000000001, 19.119290000000003], [73.23773, 19.118450000000003], [73.23521000000001, 19.112550000000002], [73.23461, 19.106650000000002], [73.22754, 19.087010000000003], [73.22331000000001, 19.08951], [73.22043000000001, 19.094920000000002], [73.21672000000001, 19.09579], [73.21398, 19.09774], [73.21263, 19.09957], [73.21147, 19.104470000000003], [73.20738, 19.110780000000002], [73.20348, 19.11468], [73.21783, 19.12097], [73.24306, 19.129810000000003], [73.24371000000001, 19.128310000000003], [73.24476, 19.12777]]]}}, {"id": "115", "type": "Feature", "properties": {"village_name": "Sape", "vil_lgd": 553040, "district_name": "Thane", "dist_lgd": 497, "subdistrict_name": "Ambarnath", "sdcode": 4170, "block_name": "Ambarnath", "block_lgd": 221.0, "gp_name": "", "state_name": "MAHARASHTRA", "state_lgd": 27, "population": 15, "households": 3}, "geometry": {"type": "Polygon", "coordinates": [[[73.25598000000001, 19.136480000000002], [73.25313000000001, 19.136390000000002], [73.25503, 19.14376], [73.25645, 19.14546], [73.26026, 19.14232], [73.26197, 19.13792], [73.25826, 19.13756], [73.25598000000001, 19.136480000000002]]]}}, {"id": "116", "type": "Feature", "properties": {"village_name": "Chamtoli", "vil_lgd": 553064, "district_name": "Thane", "dist_lgd": 497, "subdistrict_name": "Ambarnath", "sdcode": 4170, "block_name": "Ambarnath", "block_lgd": 221.0, "gp_name": "", "state_name": "MAHARASHTRA", "state_lgd": 27, "population": 896, "households": 176}, "geometry": {"type": "Polygon", "coordinates": [[[73.26606000000001, 19.13163], [73.26216000000001, 19.126060000000003], [73.26159000000001, 19.12247], [73.25645, 19.12319], [73.25294000000001, 19.12283], [73.25484, 19.12516], [73.25408, 19.12956], [73.25408, 19.13513], [73.25313000000001, 19.136390000000002], [73.25598000000001, 19.136480000000002], [73.25826, 19.13756], [73.26197, 19.13792], [73.26606000000001, 19.13163]]]}}, {"id": "117", "type": "Feature", "properties": {"village_name": "Tan", "vil_lgd": 553072, "district_name": "Thane", "dist_lgd": 497, "subdistrict_name": "Ambarnath", "sdcode": 4170, "block_name": "Ambarnath", "block_lgd": 221.0, "gp_name": "", "state_name": "MAHARASHTRA", "state_lgd": 27, "population": 43, "households": 10}, "geometry": {"type": "Polygon", "coordinates": [[[73.26159000000001, 19.12247], [73.25902, 19.11708], [73.25898000000001, 19.114520000000002], [73.25378, 19.11437], [73.25333, 19.11746], [73.25006, 19.11859], [73.25294000000001, 19.12283], [73.25645, 19.12319], [73.26159000000001, 19.12247]]]}}, {"id": "118", "type": "Feature", "properties": {"village_name": "Badlapur", "vil_lgd": 251486, "district_name": "Thane", "dist_lgd": 497, "subdistrict_name": "Ambarnath", "sdcode": 4170, "block_name": "", "block_lgd": 0.0, "gp_name": "", "state_name": "MAHARASHTRA", "state_lgd": 27, "population": 174226, "households": 41902}, "geometry": {"type": "Polygon", "coordinates": [[[73.24371000000001, 19.184330000000003], [73.24484000000001, 19.1859], [73.24889, 19.18711], [73.25239, 19.18736], [73.26818, 19.18608], [73.27210000000001, 19.18675], [73.2746, 19.184800000000003], [73.27902, 19.181630000000002], [73.27826, 19.179630000000003], [73.27095, 19.174470000000003], [73.27380000000001, 19.170990000000003], [73.28171, 19.16701], [73.28301, 19.16325], [73.28349, 19.158980000000003], [73.28281000000001, 19.15728], [73.27946, 19.156470000000002], [73.27461000000001, 19.15067], [73.27418, 19.140030000000003], [73.27118, 19.140710000000002], [73.26197, 19.13792], [73.26026, 19.14232], [73.25645, 19.14546], [73.25503, 19.14376], [73.25313000000001, 19.136390000000002], [73.24471000000001, 19.134020000000003], [73.23951000000001, 19.13557], [73.23336, 19.142590000000002], [73.22015, 19.142310000000002], [73.21137, 19.140690000000003], [73.20663, 19.13878], [73.21429, 19.160700000000002], [73.21470000000001, 19.166420000000002], [73.21278000000001, 19.171470000000003], [73.21339, 19.173370000000002], [73.21651, 19.177570000000003], [73.21793000000001, 19.178040000000003], [73.22468, 19.177000000000003], [73.22822000000001, 19.178900000000002], [73.22912000000001, 19.18081], [73.23052000000001, 19.19018], [73.23683000000001, 19.192220000000002], [73.2411, 19.188480000000002], [73.24223, 19.18618], [73.24371000000001, 19.184330000000003]]]}}, {"id": "119", "type": "Feature", "properties": {"village_name": "Sai", "vil_lgd": 553041, "district_name": "Thane", "dist_lgd": 497, "subdistrict_name": "Ambarnath", "sdcode": 4170, "block_name": "Ambarnath", "block_lgd": 221.0, "gp_name": "", "state_name": "MAHARASHTRA", "state_lgd": 27, "population": 1344, "households": 282}, "geometry": {"type": "Polygon", "coordinates": [[[73.24371000000001, 19.184330000000003], [73.24223, 19.18618], [73.2411, 19.188480000000002], [73.23683000000001, 19.192220000000002], [73.24584, 19.19508], [73.24841, 19.196610000000003], [73.24932000000001, 19.19369], [73.24889, 19.18711], [73.24484000000001, 19.1859], [73.24371000000001, 19.184330000000003]]]}}, {"id": "120", "type": "Feature", "properties": {"village_name": "Dahagaon", "vil_lgd": 552976, "district_name": "Thane", "dist_lgd": 497, "subdistrict_name": "Kalyan", "sdcode": 4168, "block_name": "Kalyan", "block_lgd": 219.0, "gp_name": "", "state_name": "MAHARASHTRA", "state_lgd": 27, "population": 942, "households": 181}, "geometry": {"type": "Polygon", "coordinates": [[[73.27212, 19.220280000000002], [73.27056, 19.216540000000002], [73.26543000000001, 19.21546], [73.26362, 19.21402], [73.26476000000001, 19.208730000000003], [73.26400000000001, 19.20792], [73.26229000000001, 19.20711], [73.25972, 19.2072], [73.25630000000001, 19.20998], [73.25562000000001, 19.213250000000002], [73.25212, 19.217630000000003], [73.25305, 19.224230000000002], [73.25280000000001, 19.228630000000003], [73.2574, 19.231840000000002], [73.26931, 19.230620000000002], [73.27041000000001, 19.232930000000003], [73.27198, 19.23159], [73.27212, 19.220280000000002]]]}}, {"id": "121", "type": "Feature", "properties": {"village_name": "Kanhor", "vil_lgd": 553066, "district_name": "Thane", "dist_lgd": 497, "subdistrict_name": "Ambarnath", "sdcode": 4170, "block_name": "Ambarnath", "block_lgd": 221.0, "gp_name": "", "state_name": "MAHARASHTRA", "state_lgd": 27, "population": 1633, "households": 382}, "geometry": {"type": "Polygon", "coordinates": [[[73.29282, 19.15803], [73.29888000000001, 19.15275], [73.30625, 19.148030000000002], [73.31148, 19.14893], [73.31183, 19.14532], [73.30727, 19.140490000000003], [73.3028, 19.138550000000002], [73.29733, 19.132990000000003], [73.2946, 19.13232], [73.29139, 19.128670000000003], [73.28919, 19.12732], [73.28709, 19.12703], [73.28459000000001, 19.13053], [73.28064, 19.13287], [73.27592, 19.13556], [73.27418, 19.140030000000003], [73.27461000000001, 19.15067], [73.27946, 19.156470000000002], [73.28281000000001, 19.15728], [73.28349, 19.158980000000003], [73.2883, 19.15752], [73.29282, 19.15803]]]}}, {"id": "122", "type": "Feature", "properties": {"village_name": "Jambhale", "vil_lgd": 553065, "district_name": "Thane", "dist_lgd": 497, "subdistrict_name": "Ambarnath", "sdcode": 4170, "block_name": "Ambarnath", "block_lgd": 221.0, "gp_name": "", "state_name": "MAHARASHTRA", "state_lgd": 27, "population": 633, "households": 138}, "geometry": {"type": "Polygon", "coordinates": [[[73.27592, 19.13556], [73.27275, 19.130940000000002], [73.26669000000001, 19.12993], [73.26606000000001, 19.13163], [73.26197, 19.13792], [73.27118, 19.140710000000002], [73.27418, 19.140030000000003], [73.27592, 19.13556]]]}}, {"id": "123", "type": "Feature", "properties": {"village_name": "Devaloli", "vil_lgd": 553071, "district_name": "Thane", "dist_lgd": 497, "subdistrict_name": "Ambarnath", "sdcode": 4170, "block_name": "Ambarnath", "block_lgd": 221.0, "gp_name": "", "state_name": "MAHARASHTRA", "state_lgd": 27, "population": 461, "households": 96}, "geometry": {"type": "Polygon", "coordinates": [[[73.27853, 19.12528], [73.27083, 19.12103], [73.26719, 19.126150000000003], [73.26669000000001, 19.12993], [73.27275, 19.130940000000002], [73.27592, 19.13556], [73.28064, 19.13287], [73.27853, 19.12528]]]}}, {"id": "124", "type": "Feature", "properties": {"village_name": "Kasgaon", "vil_lgd": 553076, "district_name": "Thane", "dist_lgd": 497, "subdistrict_name": "Ambarnath", "sdcode": 4170, "block_name": "Ambarnath", "block_lgd": 221.0, "gp_name": "", "state_name": "MAHARASHTRA", "state_lgd": 27, "population": 1320, "households": 253}, "geometry": {"type": "Polygon", "coordinates": [[[73.26719, 19.126150000000003], [73.27083, 19.12103], [73.27632000000001, 19.11531], [73.27083, 19.10668], [73.27083, 19.103520000000003], [73.27247000000001, 19.098670000000002], [73.27275, 19.09516], [73.26901000000001, 19.088880000000003], [73.26685, 19.090510000000002], [73.26507000000001, 19.093600000000002], [73.26284000000001, 19.1002], [73.26224, 19.10651], [73.26031, 19.109740000000002], [73.25898000000001, 19.114520000000002], [73.25902, 19.11708], [73.26159000000001, 19.12247], [73.26216000000001, 19.126060000000003], [73.26606000000001, 19.13163], [73.26669000000001, 19.12993], [73.26719, 19.126150000000003]]]}}, {"id": "125", "type": "Feature", "properties": {"village_name": "Savare", "vil_lgd": 553070, "district_name": "Thane", "dist_lgd": 497, "subdistrict_name": "Ambarnath", "sdcode": 4170, "block_name": "Ambarnath", "block_lgd": 221.0, "gp_name": "", "state_name": "MAHARASHTRA", "state_lgd": 27, "population": 1282, "households": 296}, "geometry": {"type": "Polygon", "coordinates": [[[73.28919, 19.12732], [73.28925000000001, 19.121370000000002], [73.29274000000001, 19.11887], [73.28878, 19.113210000000002], [73.28693000000001, 19.11186], [73.28281000000001, 19.110860000000002], [73.2796, 19.11201], [73.27632000000001, 19.11531], [73.27083, 19.12103], [73.27853, 19.12528], [73.28064, 19.13287], [73.28459000000001, 19.13053], [73.28709, 19.12703], [73.28919, 19.12732]]]}}, {"id": "126", "type": "Feature", "properties": {"village_name": "Kakole", "vil_lgd": 553011, "district_name": "Thane", "dist_lgd": 497, "subdistrict_name": "Ambarnath", "sdcode": 4170, "block_name": "Ambarnath", "block_lgd": 221.0, "gp_name": "", "state_name": "MAHARASHTRA", "state_lgd": 27, "population": 597, "households": 111}, "geometry": {"type": "Polygon", "coordinates": [[[73.19059, 19.166320000000002], [73.19188000000001, 19.165360000000003], [73.18995000000001, 19.16216], [73.18684, 19.162830000000003], [73.18392, 19.16197], [73.18302, 19.163110000000003], [73.18171000000001, 19.164730000000002], [73.17991, 19.165110000000002], [73.17679000000001, 19.16738], [73.17596, 19.171290000000003], [73.17939000000001, 19.173470000000002], [73.18403, 19.17404], [73.18655000000001, 19.177190000000003], [73.18766000000001, 19.17642], [73.18948, 19.172040000000003], [73.19059, 19.166320000000002]]]}}, {"id": "127", "type": "Feature", "properties": {"village_name": "Jambhul", "vil_lgd": 552973, "district_name": "Thane", "dist_lgd": 497, "subdistrict_name": "Kalyan", "sdcode": 4168, "block_name": "Kalyan", "block_lgd": 219.0, "gp_name": "", "state_name": "MAHARASHTRA", "state_lgd": 27, "population": 1448, "households": 313}, "geometry": {"type": "Polygon", "coordinates": [[[73.24556000000001, 19.20549], [73.24782, 19.198900000000002], [73.24841, 19.196610000000003], [73.24584, 19.19508], [73.23683000000001, 19.192220000000002], [73.23052000000001, 19.19018], [73.22609, 19.19187], [73.22358000000001, 19.194020000000002], [73.22153, 19.202170000000002], [73.23291, 19.20278], [73.23402, 19.203590000000002], [73.23475, 19.209490000000002], [73.23929000000001, 19.21065], [73.24571, 19.210900000000002], [73.24556000000001, 19.20549]]]}}, {"id": "128", "type": "Feature", "properties": {"village_name": "Vasat Shelvali", "vil_lgd": 552974, "district_name": "Thane", "dist_lgd": 497, "subdistrict_name": "Kalyan", "sdcode": 4168, "block_name": "Kalyan", "block_lgd": 219.0, "gp_name": "", "state_name": "MAHARASHTRA", "state_lgd": 27, "population": 1641, "households": 325}, "geometry": {"type": "Polygon", "coordinates": [[[73.24571, 19.210900000000002], [73.23929000000001, 19.21065], [73.23475, 19.209490000000002], [73.22495, 19.21007], [73.21844, 19.20886], [73.21423, 19.21827], [73.22029, 19.222340000000003], [73.22764000000001, 19.224420000000002], [73.22911, 19.221870000000003], [73.23414000000001, 19.219910000000002], [73.23929000000001, 19.2191], [73.24296000000001, 19.21771], [73.24468, 19.21574], [73.24571, 19.210900000000002]]]}}, {"id": "129", "type": "Feature", "properties": {"village_name": "Apati Tarf Barhe", "vil_lgd": 552975, "district_name": "Thane", "dist_lgd": 497, "subdistrict_name": "Kalyan", "sdcode": 4168, "block_name": "Kalyan", "block_lgd": 219.0, "gp_name": "", "state_name": "MAHARASHTRA", "state_lgd": 27, "population": 754, "households": 164}, "geometry": {"type": "Polygon", "coordinates": [[[73.25305, 19.224230000000002], [73.25212, 19.217630000000003], [73.25562000000001, 19.213250000000002], [73.25630000000001, 19.20998], [73.25240000000001, 19.20729], [73.25126, 19.208640000000003], [73.24993, 19.21223], [73.24575, 19.212320000000002], [73.24571, 19.210900000000002], [73.24468, 19.21574], [73.24296000000001, 19.21771], [73.23929000000001, 19.2191], [73.2441, 19.22812], [73.248, 19.229840000000003], [73.25138000000001, 19.229840000000003], [73.25280000000001, 19.228630000000003], [73.25305, 19.224230000000002]]]}}, {"id": "130", "type": "Feature", "properties": {"village_name": "Khuntavali", "vil_lgd": 553073, "district_name": "Thane", "dist_lgd": 497, "subdistrict_name": "Ambarnath", "sdcode": 4170, "block_name": "Ambarnath", "block_lgd": 221.0, "gp_name": "", "state_name": "MAHARASHTRA", "state_lgd": 27, "population": 0, "households": 0}, "geometry": {"type": "Polygon", "coordinates": [[[73.24263, 19.11802], [73.24130000000001, 19.11915], [73.23951000000001, 19.119290000000003], [73.24115, 19.121480000000002], [73.24314000000001, 19.122020000000003], [73.25294000000001, 19.12283], [73.25006, 19.11859], [73.24263, 19.11802]]]}}, {"id": "131", "type": "Feature", "properties": {"village_name": "Narivali", "vil_lgd": 553268, "district_name": "Thane", "dist_lgd": 497, "subdistrict_name": "Murbad", "sdcode": 4171, "block_name": "Murbad", "block_lgd": 222.0, "gp_name": "", "state_name": "MAHARASHTRA", "state_lgd": 27, "population": 1658, "households": 328}, "geometry": {"type": "Polygon", "coordinates": [[[73.5124, 19.20183], [73.51653, 19.198330000000002], [73.51824, 19.19422], [73.52373, 19.18722], [73.52641000000001, 19.18173], [73.52483000000001, 19.179250000000003], [73.52645000000001, 19.17539], [73.52550000000001, 19.170540000000003], [73.52293, 19.168570000000003], [73.51988, 19.16804], [73.51304, 19.171590000000002], [73.5129, 19.174960000000002], [73.50833, 19.179540000000003], [73.50862000000001, 19.182570000000002], [73.50199, 19.1891], [73.49863, 19.18971], [73.49856000000001, 19.19294], [73.50099, 19.19779], [73.50619, 19.199540000000002], [73.50933, 19.20183], [73.50803, 19.20552], [73.51175, 19.20351], [73.5124, 19.20183]]]}}, {"id": "132", "type": "Feature", "properties": {"village_name": "Manivali Shirvali", "vil_lgd": 553134, "district_name": "Thane", "dist_lgd": 497, "subdistrict_name": "Murbad", "sdcode": 4171, "block_name": "Murbad", "block_lgd": 222.0, "gp_name": "", "state_name": "MAHARASHTRA", "state_lgd": 27, "population": 1480, "households": 293}, "geometry": {"type": "Polygon", "coordinates": [[[73.41534, 19.2159], [73.41619, 19.21253], [73.42133000000001, 19.20324], [73.41776, 19.20324], [73.41562, 19.201620000000002], [73.41149, 19.19826], [73.41077, 19.195020000000003], [73.40878000000001, 19.193140000000003], [73.40507000000001, 19.192200000000003], [73.40050000000001, 19.19247], [73.39651, 19.195700000000002], [73.39366000000001, 19.200280000000003], [73.38867, 19.201490000000003], [73.38639, 19.20108], [73.38402, 19.20322], [73.3921, 19.215700000000002], [73.39561, 19.218120000000003], [73.40450000000001, 19.21617], [73.40792, 19.22061], [73.40992, 19.220750000000002], [73.41177, 19.21846], [73.41534, 19.2159]]]}}, {"id": "133", "type": "Feature", "properties": {"village_name": "Kachkoli", "vil_lgd": 553273, "district_name": "Thane", "dist_lgd": 497, "subdistrict_name": "Murbad", "sdcode": 4171, "block_name": "Murbad", "block_lgd": 222.0, "gp_name": "", "state_name": "MAHARASHTRA", "state_lgd": 27, "population": 869, "households": 174}, "geometry": {"type": "Polygon", "coordinates": [[[73.41771, 19.177970000000002], [73.42335, 19.17867], [73.43138, 19.174180000000003], [73.42959, 19.15762], [73.42692000000001, 19.150180000000002], [73.41146, 19.15024], [73.40583000000001, 19.1586], [73.40479, 19.166600000000003], [73.40523, 19.1753], [73.40657, 19.178250000000002], [73.4088, 19.17811], [73.41236, 19.17951], [73.41459, 19.179090000000002], [73.41771, 19.177970000000002]]]}}, {"id": "134", "type": "Feature", "properties": {"village_name": "Boriwali", "vil_lgd": 553271, "district_name": "Thane", "dist_lgd": 497, "subdistrict_name": "Murbad", "sdcode": 4171, "block_name": "Murbad", "block_lgd": 222.0, "gp_name": "", "state_name": "MAHARASHTRA", "state_lgd": 27, "population": 418, "households": 84}, "geometry": {"type": "Polygon", "coordinates": [[[73.45806, 19.177380000000003], [73.46004, 19.17255], [73.45756, 19.17127], [73.45224, 19.1723], [73.44764, 19.174300000000002], [73.44608000000001, 19.17614], [73.44044000000001, 19.179650000000002], [73.44261, 19.18063], [73.44795, 19.18232], [73.4514, 19.184340000000002], [73.45238, 19.183310000000002], [73.45806, 19.177380000000003]]]}}, {"id": "135", "type": "Feature", "properties": {"village_name": "Kanhol", "vil_lgd": 553272, "district_name": "Thane", "dist_lgd": 497, "subdistrict_name": "Murbad", "sdcode": 4171, "block_name": "Murbad", "block_lgd": 222.0, "gp_name": "", "state_name": "MAHARASHTRA", "state_lgd": 27, "population": 822, "households": 178}, "geometry": {"type": "Polygon", "coordinates": [[[73.44044000000001, 19.179650000000002], [73.44608000000001, 19.17614], [73.44764, 19.174300000000002], [73.43305000000001, 19.148310000000002], [73.43010000000001, 19.15011], [73.42692000000001, 19.150180000000002], [73.42959, 19.15762], [73.43138, 19.174180000000003], [73.43316, 19.17727], [73.43695000000001, 19.179260000000003], [73.43989, 19.179650000000002], [73.44044000000001, 19.179650000000002]]]}}, {"id": "136", "type": "Feature", "properties": {"village_name": "Tondali", "vil_lgd": 553137, "district_name": "Thane", "dist_lgd": 497, "subdistrict_name": "Murbad", "sdcode": 4171, "block_name": "Murbad", "block_lgd": 222.0, "gp_name": "", "state_name": "MAHARASHTRA", "state_lgd": 27, "population": 842, "households": 191}, "geometry": {"type": "Polygon", "coordinates": [[[73.41699000000001, 19.19348], [73.42555, 19.19404], [73.42888, 19.192690000000002], [73.43137, 19.1891], [73.43684, 19.185730000000003], [73.43695000000001, 19.179260000000003], [73.43316, 19.17727], [73.43138, 19.174180000000003], [73.42335, 19.17867], [73.41771, 19.177970000000002], [73.41459, 19.179090000000002], [73.41236, 19.17951], [73.4088, 19.17811], [73.40657, 19.178250000000002], [73.403, 19.18288], [73.40122000000001, 19.184], [73.39651, 19.183850000000003], [73.40350000000001, 19.189770000000003], [73.40507000000001, 19.192200000000003], [73.40878000000001, 19.193140000000003], [73.41077, 19.195020000000003], [73.41260000000001, 19.19426], [73.41699000000001, 19.19348]]]}}, {"id": "137", "type": "Feature", "properties": {"village_name": "Sasane", "vil_lgd": 553135, "district_name": "Thane", "dist_lgd": 497, "subdistrict_name": "Murbad", "sdcode": 4171, "block_name": "Murbad", "block_lgd": 222.0, "gp_name": "", "state_name": "MAHARASHTRA", "state_lgd": 27, "population": 1146, "households": 251}, "geometry": {"type": "Polygon", "coordinates": [[[73.44171, 19.193920000000002], [73.44195, 19.19067], [73.44171, 19.18663], [73.43989, 19.179650000000002], [73.43695000000001, 19.179260000000003], [73.43684, 19.185730000000003], [73.43137, 19.1891], [73.42888, 19.192690000000002], [73.42555, 19.19404], [73.41699000000001, 19.19348], [73.41260000000001, 19.19426], [73.41077, 19.195020000000003], [73.41149, 19.19826], [73.41562, 19.201620000000002], [73.41776, 19.20324], [73.42133000000001, 19.20324], [73.42293000000001, 19.20099], [73.42579, 19.199650000000002], [73.44064, 19.195500000000003], [73.44171, 19.193920000000002]]]}}, {"id": "138", "type": "Feature", "properties": {"village_name": "Nhave", "vil_lgd": 553136, "district_name": "Thane", "dist_lgd": 497, "subdistrict_name": "Murbad", "sdcode": 4171, "block_name": "Murbad", "block_lgd": 222.0, "gp_name": "", "state_name": "MAHARASHTRA", "state_lgd": 27, "population": 928, "households": 198}, "geometry": {"type": "Polygon", "coordinates": [[[73.44044000000001, 19.179650000000002], [73.43989, 19.179650000000002], [73.44171, 19.18663], [73.44195, 19.19067], [73.44171, 19.193920000000002], [73.44064, 19.195500000000003], [73.42579, 19.199650000000002], [73.42293000000001, 19.20099], [73.42133000000001, 19.20324], [73.42436000000001, 19.205260000000003], [73.42697000000001, 19.20908], [73.43054000000001, 19.21076], [73.43901000000001, 19.21009], [73.44368, 19.20566], [73.447, 19.201060000000002], [73.44891000000001, 19.19264], [73.45057, 19.19208], [73.44986, 19.19029], [73.45045, 19.188380000000002], [73.45128000000001, 19.187250000000002], [73.4514, 19.184340000000002], [73.44795, 19.18232], [73.44261, 19.18063], [73.44044000000001, 19.179650000000002]]]}}, {"id": "139", "type": "Feature", "properties": {"village_name": "Gawali", "vil_lgd": 553277, "district_name": "Thane", "dist_lgd": 497, "subdistrict_name": "Murbad", "sdcode": 4171, "block_name": "Murbad", "block_lgd": 222.0, "gp_name": "", "state_name": "MAHARASHTRA", "state_lgd": 27, "population": 943, "households": 217}, "geometry": {"type": "Polygon", "coordinates": [[[73.48922, 19.16667], [73.48708, 19.1662], [73.48188, 19.161830000000002], [73.47767, 19.161420000000003], [73.47628, 19.15961], [73.47278, 19.16205], [73.46974, 19.16214], [73.4675, 19.16418], [73.46965, 19.170550000000002], [73.47432, 19.17179], [73.48559, 19.174760000000003], [73.48922, 19.16667]]]}}, {"id": "140", "type": "Feature", "properties": {"village_name": "Mhasa", "vil_lgd": 553276, "district_name": "Thane", "dist_lgd": 497, "subdistrict_name": "Murbad", "sdcode": 4171, "block_name": "Murbad", "block_lgd": 222.0, "gp_name": "", "state_name": "MAHARASHTRA", "state_lgd": 27, "population": 1242, "households": 267}, "geometry": {"type": "Polygon", "coordinates": [[[73.46004, 19.17255], [73.46174, 19.17274], [73.46366, 19.171580000000002], [73.46965, 19.170550000000002], [73.4675, 19.16418], [73.45971, 19.159650000000003], [73.45567000000001, 19.153910000000003], [73.45306000000001, 19.14739], [73.45293000000001, 19.14467], [73.45426, 19.139850000000003], [73.45382000000001, 19.131670000000003], [73.44605, 19.13391], [73.44356, 19.137710000000002], [73.43305000000001, 19.148310000000002], [73.44764, 19.174300000000002], [73.45224, 19.1723], [73.45756, 19.17127], [73.46004, 19.17255]], [[73.44175, 19.152630000000002], [73.44086, 19.15353], [73.43997, 19.152630000000002], [73.44099, 19.151860000000003], [73.44175, 19.152630000000002]], [[73.44980000000001, 19.136290000000002], [73.44891000000001, 19.1372], [73.44802, 19.136290000000002], [73.44904000000001, 19.135530000000003], [73.44980000000001, 19.136290000000002]]]}}, {"id": "141", "type": "Feature", "properties": {"village_name": "Bandhivali", "vil_lgd": 553256, "district_name": "Thane", "dist_lgd": 497, "subdistrict_name": "Murbad", "sdcode": 4171, "block_name": "Murbad", "block_lgd": 222.0, "gp_name": "", "state_name": "MAHARASHTRA", "state_lgd": 27, "population": 858, "households": 182}, "geometry": {"type": "Polygon", "coordinates": [[[73.49143000000001, 19.211930000000002], [73.49514, 19.211660000000002], [73.49828000000001, 19.21038], [73.50113, 19.210980000000003], [73.50199, 19.20923], [73.50377, 19.20843], [73.50541000000001, 19.20607], [73.50803, 19.20552], [73.50933, 19.20183], [73.50619, 19.199540000000002], [73.50099, 19.19779], [73.49856000000001, 19.19294], [73.48979, 19.19846], [73.48425, 19.20081], [73.48580000000001, 19.20519], [73.48523, 19.21253], [73.49101, 19.212600000000002], [73.49143000000001, 19.211930000000002]]]}}, {"id": "142", "type": "Feature", "properties": {"village_name": "Agashi", "vil_lgd": 553289, "district_name": "Thane", "dist_lgd": 497, "subdistrict_name": "Murbad", "sdcode": 4171, "block_name": "Murbad", "block_lgd": 222.0, "gp_name": "", "state_name": "MAHARASHTRA", "state_lgd": 27, "population": 850, "households": 168}, "geometry": {"type": "Polygon", "coordinates": [[[73.48295, 19.137710000000002], [73.48158000000001, 19.12809], [73.47505000000001, 19.13463], [73.47105, 19.134680000000003], [73.46682000000001, 19.13616], [73.46348, 19.13542], [73.46262, 19.13298], [73.4573, 19.13128], [73.45382000000001, 19.131670000000003], [73.45426, 19.139850000000003], [73.45557000000001, 19.14157], [73.45919, 19.14139], [73.46689, 19.1457], [73.4744, 19.14732], [73.47592, 19.14911], [73.4821, 19.142380000000003], [73.48295, 19.137710000000002]]]}}, {"id": "143", "type": "Feature", "properties": {"village_name": "Ambetembhe", "vil_lgd": 553287, "district_name": "Thane", "dist_lgd": 497, "subdistrict_name": "Murbad", "sdcode": 4171, "block_name": "Murbad", "block_lgd": 222.0, "gp_name": "", "state_name": "MAHARASHTRA", "state_lgd": 27, "population": 554, "households": 117}, "geometry": {"type": "Polygon", "coordinates": [[[73.47696, 19.153070000000003], [73.47592, 19.14911], [73.4744, 19.14732], [73.46689, 19.1457], [73.45919, 19.14139], [73.45557000000001, 19.14157], [73.45605, 19.144080000000002], [73.46223, 19.1519], [73.46622, 19.15325], [73.47202, 19.15334], [73.4762, 19.15792], [73.48010000000001, 19.158450000000002], [73.48067, 19.156840000000003], [73.47696, 19.153070000000003]]]}}, {"id": "144", "type": "Feature", "properties": {"village_name": "Chirad", "vil_lgd": 553282, "district_name": "Thane", "dist_lgd": 497, "subdistrict_name": "Murbad", "sdcode": 4171, "block_name": "Murbad", "block_lgd": 222.0, "gp_name": "", "state_name": "MAHARASHTRA", "state_lgd": 27, "population": 408, "households": 94}, "geometry": {"type": "Polygon", "coordinates": [[[73.47944000000001, 19.159260000000003], [73.48010000000001, 19.158450000000002], [73.4762, 19.15792], [73.47202, 19.15334], [73.46622, 19.15325], [73.46223, 19.1519], [73.45605, 19.144080000000002], [73.45557000000001, 19.14157], [73.45426, 19.139850000000003], [73.45293000000001, 19.14467], [73.45306000000001, 19.14739], [73.45567000000001, 19.153910000000003], [73.45971, 19.159650000000003], [73.4675, 19.16418], [73.46974, 19.16214], [73.47278, 19.16205], [73.47628, 19.15961], [73.47944000000001, 19.159260000000003]]]}}, {"id": "145", "type": "Feature", "properties": {"village_name": "Ghagurli", "vil_lgd": 553260, "district_name": "Thane", "dist_lgd": 497, "subdistrict_name": "Murbad", "sdcode": 4171, "block_name": "Murbad", "block_lgd": 222.0, "gp_name": "", "state_name": "MAHARASHTRA", "state_lgd": 27, "population": 342, "households": 72}, "geometry": {"type": "Polygon", "coordinates": [[[73.49863, 19.18971], [73.49528000000001, 19.18971], [73.48880000000001, 19.18796], [73.48309, 19.18418], [73.48266000000001, 19.18944], [73.4795, 19.1948], [73.48288000000001, 19.19806], [73.48425, 19.20081], [73.48979, 19.19846], [73.49856000000001, 19.19294], [73.49863, 19.18971]]]}}, {"id": "146", "type": "Feature", "properties": {"village_name": "Ambegaon", "vil_lgd": 553270, "district_name": "Thane", "dist_lgd": 497, "subdistrict_name": "Murbad", "sdcode": 4171, "block_name": "Murbad", "block_lgd": 222.0, "gp_name": "", "state_name": "MAHARASHTRA", "state_lgd": 27, "population": 1020, "households": 232}, "geometry": {"type": "Polygon", "coordinates": [[[73.47867000000001, 19.180410000000002], [73.47546000000001, 19.17274], [73.47432, 19.17179], [73.46965, 19.170550000000002], [73.46366, 19.171580000000002], [73.46174, 19.17274], [73.46004, 19.17255], [73.45806, 19.177380000000003], [73.45238, 19.183310000000002], [73.46313, 19.190250000000002], [73.47118, 19.191930000000003], [73.47568000000001, 19.192670000000003], [73.4795, 19.1948], [73.48266000000001, 19.18944], [73.48309, 19.18418], [73.47867000000001, 19.180410000000002]]]}}, {"id": "147", "type": "Feature", "properties": {"village_name": "Dongarenhawe", "vil_lgd": 553288, "district_name": "Thane", "dist_lgd": 497, "subdistrict_name": "Murbad", "sdcode": 4171, "block_name": "Murbad", "block_lgd": 222.0, "gp_name": "", "state_name": "MAHARASHTRA", "state_lgd": 27, "population": 1827, "households": 353}, "geometry": {"type": "Polygon", "coordinates": [[[73.49641000000001, 19.154290000000003], [73.49831, 19.155540000000002], [73.50221, 19.15258], [73.50525, 19.1489], [73.50800000000001, 19.148000000000003], [73.51418000000001, 19.147730000000003], [73.52274000000001, 19.136680000000002], [73.52559000000001, 19.134800000000002], [73.52949000000001, 19.135250000000003], [73.53054, 19.13183], [73.53329000000001, 19.12968], [73.53767, 19.12977], [73.54211000000001, 19.12815], [73.54123000000001, 19.124350000000003], [73.54143, 19.11796], [73.53732000000001, 19.12424], [73.53448, 19.12706], [73.53232000000001, 19.128010000000003], [73.52683, 19.12853], [73.52306, 19.130370000000003], [73.51654, 19.130930000000003], [73.5138, 19.12824], [73.50924, 19.12929], [73.49778, 19.12828], [73.48978000000001, 19.12985], [73.48504000000001, 19.123790000000003], [73.48158000000001, 19.12809], [73.48295, 19.137710000000002], [73.4821, 19.142380000000003], [73.47592, 19.14911], [73.47696, 19.153070000000003], [73.48067, 19.156840000000003], [73.48081, 19.156080000000003], [73.48871000000001, 19.157700000000002], [73.49175000000001, 19.15671], [73.49641000000001, 19.154290000000003]]]}}, {"id": "148", "type": "Feature", "properties": {"village_name": "Rao", "vil_lgd": 553258, "district_name": "Thane", "dist_lgd": 497, "subdistrict_name": "Murbad", "sdcode": 4171, "block_name": "Murbad", "block_lgd": 222.0, "gp_name": "", "state_name": "MAHARASHTRA", "state_lgd": 27, "population": 442, "households": 96}, "geometry": {"type": "Polygon", "coordinates": [[[73.44415000000001, 19.219910000000002], [73.44591000000001, 19.220360000000003], [73.44829, 19.220830000000003], [73.44867, 19.219040000000003], [73.45028, 19.21796], [73.45066, 19.21581], [73.45800000000001, 19.212110000000003], [73.45436000000001, 19.20681], [73.45329000000001, 19.20129], [73.45329000000001, 19.193550000000002], [73.45045, 19.188380000000002], [73.44986, 19.19029], [73.45057, 19.19208], [73.44891000000001, 19.19264], [73.447, 19.201060000000002], [73.44368, 19.20566], [73.43901000000001, 19.21009], [73.43762000000001, 19.21161], [73.43595, 19.218120000000003], [73.43797, 19.219910000000002], [73.44201000000001, 19.2207], [73.44415000000001, 19.219910000000002]]]}}, {"id": "149", "type": "Feature", "properties": {"village_name": "Kedurli", "vil_lgd": 553259, "district_name": "Thane", "dist_lgd": 497, "subdistrict_name": "Murbad", "sdcode": 4171, "block_name": "Murbad", "block_lgd": 222.0, "gp_name": "", "state_name": "MAHARASHTRA", "state_lgd": 27, "population": 919, "households": 193}, "geometry": {"type": "Polygon", "coordinates": [[[73.46341000000001, 19.209030000000002], [73.46512000000001, 19.20156], [73.46669, 19.19819], [73.47118, 19.191930000000003], [73.46313, 19.190250000000002], [73.45238, 19.183310000000002], [73.4514, 19.184340000000002], [73.45128000000001, 19.187250000000002], [73.45045, 19.188380000000002], [73.45329000000001, 19.193550000000002], [73.45329000000001, 19.20129], [73.45436000000001, 19.20681], [73.45800000000001, 19.212110000000003], [73.45989, 19.212130000000002], [73.46066, 19.212310000000002], [73.46341000000001, 19.209030000000002]]]}}, {"id": "150", "type": "Feature", "properties": {"village_name": "Mhadas", "vil_lgd": 553257, "district_name": "Thane", "dist_lgd": 497, "subdistrict_name": "Murbad", "sdcode": 4171, "block_name": "Murbad", "block_lgd": 222.0, "gp_name": "", "state_name": "MAHARASHTRA", "state_lgd": 27, "population": 799, "households": 177}, "geometry": {"type": "Polygon", "coordinates": [[[73.48402, 19.212470000000003], [73.48523, 19.21253], [73.48580000000001, 19.20519], [73.48425, 19.20081], [73.48288000000001, 19.19806], [73.4795, 19.1948], [73.47568000000001, 19.192670000000003], [73.47118, 19.191930000000003], [73.46669, 19.19819], [73.46512000000001, 19.20156], [73.46341000000001, 19.209030000000002], [73.46066, 19.212310000000002], [73.46635, 19.21365], [73.46806000000001, 19.214910000000003], [73.47011, 19.21966], [73.47120000000001, 19.22119], [73.47415000000001, 19.218950000000003], [73.47781, 19.21854], [73.47796000000001, 19.21725], [73.48202, 19.215700000000002], [73.48402, 19.212470000000003]]]}}, {"id": "151", "type": "Feature", "properties": {"village_name": "Tulai", "vil_lgd": 553255, "district_name": "Thane", "dist_lgd": 497, "subdistrict_name": "Murbad", "sdcode": 4171, "block_name": "Murbad", "block_lgd": 222.0, "gp_name": "", "state_name": "MAHARASHTRA", "state_lgd": 27, "population": 1102, "households": 234}, "geometry": {"type": "Polygon", "coordinates": [[[73.51746, 19.213880000000003], [73.51929000000001, 19.213540000000002], [73.51938000000001, 19.207620000000002], [73.51639, 19.20533], [73.51175, 19.20351], [73.50803, 19.20552], [73.50541000000001, 19.20607], [73.50377, 19.20843], [73.50199, 19.20923], [73.50113, 19.210980000000003], [73.50491000000001, 19.21583], [73.50748, 19.215500000000002], [73.51496, 19.217450000000003], [73.51532, 19.2163], [73.51746, 19.213880000000003]]]}}, {"id": "152", "type": "Feature", "properties": {"village_name": "Jambhurde", "vil_lgd": 553281, "district_name": "Thane", "dist_lgd": 497, "subdistrict_name": "Murbad", "sdcode": 4171, "block_name": "Murbad", "block_lgd": 222.0, "gp_name": "", "state_name": "MAHARASHTRA", "state_lgd": 27, "population": 1330, "households": 274}, "geometry": {"type": "Polygon", "coordinates": [[[73.51133, 19.155720000000002], [73.5139, 19.154290000000003], [73.51342000000001, 19.15096], [73.51418000000001, 19.147730000000003], [73.50800000000001, 19.148000000000003], [73.50525, 19.1489], [73.50221, 19.15258], [73.49831, 19.155540000000002], [73.49641000000001, 19.154290000000003], [73.49175000000001, 19.15671], [73.48871000000001, 19.157700000000002], [73.48081, 19.156080000000003], [73.48067, 19.156840000000003], [73.48010000000001, 19.158450000000002], [73.47944000000001, 19.159260000000003], [73.47628, 19.15961], [73.47767, 19.161420000000003], [73.48188, 19.161830000000002], [73.48708, 19.1662], [73.48922, 19.16667], [73.49913000000001, 19.16102], [73.51376, 19.159000000000002], [73.51133, 19.155720000000002]]]}}, {"id": "153", "type": "Feature", "properties": {"village_name": "Sakurli", "vil_lgd": 553269, "district_name": "Thane", "dist_lgd": 497, "subdistrict_name": "Murbad", "sdcode": 4171, "block_name": "Murbad", "block_lgd": 222.0, "gp_name": "", "state_name": "MAHARASHTRA", "state_lgd": 27, "population": 710, "households": 168}, "geometry": {"type": "Polygon", "coordinates": [[[73.50120000000001, 19.17718], [73.49528000000001, 19.17873], [73.49236, 19.17772], [73.49115, 19.17583], [73.48794000000001, 19.17792], [73.48673000000001, 19.17779], [73.48559, 19.174760000000003], [73.47432, 19.17179], [73.47546000000001, 19.17274], [73.47867000000001, 19.180410000000002], [73.48309, 19.18418], [73.48880000000001, 19.18796], [73.49528000000001, 19.18971], [73.49863, 19.18971], [73.50199, 19.1891], [73.50862000000001, 19.182570000000002], [73.50833, 19.179540000000003], [73.50120000000001, 19.17718]]]}}, {"id": "154", "type": "Feature", "properties": {"village_name": "Khanivare", "vil_lgd": 553278, "district_name": "Thane", "dist_lgd": 497, "subdistrict_name": "Murbad", "sdcode": 4171, "block_name": "Murbad", "block_lgd": 222.0, "gp_name": "", "state_name": "MAHARASHTRA", "state_lgd": 27, "population": 825, "households": 175}, "geometry": {"type": "Polygon", "coordinates": [[[73.5129, 19.174960000000002], [73.51304, 19.171590000000002], [73.51988, 19.16804], [73.51884000000001, 19.16695], [73.51780000000001, 19.162280000000003], [73.51376, 19.159000000000002], [73.49913000000001, 19.16102], [73.48922, 19.16667], [73.48559, 19.174760000000003], [73.48673000000001, 19.17779], [73.48794000000001, 19.17792], [73.49115, 19.17583], [73.49236, 19.17772], [73.49528000000001, 19.17873], [73.50120000000001, 19.17718], [73.50833, 19.179540000000003], [73.5129, 19.174960000000002]]]}}, {"id": "155", "type": "Feature", "properties": {"village_name": "Chandrapur", "vil_lgd": 553275, "district_name": "Thane", "dist_lgd": 497, "subdistrict_name": "Murbad", "sdcode": 4171, "block_name": "Murbad", "block_lgd": 222.0, "gp_name": "", "state_name": "MAHARASHTRA", "state_lgd": 27, "population": 596, "households": 135}, "geometry": {"type": "Polygon", "coordinates": [[[73.42292, 19.14649], [73.42225, 19.14732], [73.42318, 19.14814], [73.42403, 19.14723], [73.42336, 19.14648], [73.42292, 19.14649]]]}}, {"id": "156", "type": "Feature", "properties": {"village_name": "Mohghar", "vil_lgd": 553286, "district_name": "Thane", "dist_lgd": 497, "subdistrict_name": "Murbad", "sdcode": 4171, "block_name": "Murbad", "block_lgd": 222.0, "gp_name": "", "state_name": "MAHARASHTRA", "state_lgd": 27, "population": 227, "households": 52}, "geometry": {"type": "Polygon", "coordinates": [[[73.44802, 19.136290000000002], [73.44891000000001, 19.1372], [73.44980000000001, 19.136290000000002], [73.44904000000001, 19.135530000000003], [73.44802, 19.136290000000002]]]}}, {"id": "157", "type": "Feature", "properties": {"village_name": "Malegaon", "vil_lgd": 553284, "district_name": "Thane", "dist_lgd": 497, "subdistrict_name": "Murbad", "sdcode": 4171, "block_name": "Murbad", "block_lgd": 222.0, "gp_name": "", "state_name": "MAHARASHTRA", "state_lgd": 27, "population": 1044, "households": 227}, "geometry": {"type": "Polygon", "coordinates": [[[73.42095, 19.13463], [73.42107, 19.13557], [73.42213000000001, 19.13577], [73.42263000000001, 19.13495], [73.42188, 19.13419], [73.42095, 19.13463]]]}}, {"id": "158", "type": "Feature", "properties": {"village_name": "Patgaon", "vil_lgd": 553285, "district_name": "Thane", "dist_lgd": 497, "subdistrict_name": "Murbad", "sdcode": 4171, "block_name": "Murbad", "block_lgd": 222.0, "gp_name": "", "state_name": "MAHARASHTRA", "state_lgd": 27, "population": 628, "households": 133}, "geometry": {"type": "Polygon", "coordinates": [[[73.43010000000001, 19.15011], [73.43305000000001, 19.148310000000002], [73.44356, 19.137710000000002], [73.44605, 19.13391], [73.44103000000001, 19.132170000000002], [73.42953, 19.125790000000002], [73.42713, 19.12871], [73.42214000000001, 19.12986], [73.41319, 19.129720000000002], [73.40361, 19.133680000000002], [73.39471, 19.131050000000002], [73.39195000000001, 19.13181], [73.39219, 19.138060000000003], [73.38988, 19.140870000000003], [73.40652, 19.14499], [73.41071000000001, 19.14809], [73.41146, 19.15024], [73.42692000000001, 19.150180000000002], [73.43010000000001, 19.15011]], [[73.42336, 19.14648], [73.42403, 19.14723], [73.42318, 19.14814], [73.42225, 19.14732], [73.42292, 19.14649], [73.42336, 19.14648]], [[73.42188, 19.13419], [73.42263000000001, 19.13495], [73.42213000000001, 19.13577], [73.42107, 19.13557], [73.42095, 19.13463], [73.42188, 19.13419]]]}}, {"id": "159", "type": "Feature", "properties": {"village_name": "Khutarwadigaon", "vil_lgd": 553252, "district_name": "Thane", "dist_lgd": 497, "subdistrict_name": "Murbad", "sdcode": 4171, "block_name": "Murbad", "block_lgd": 222.0, "gp_name": "", "state_name": "MAHARASHTRA", "state_lgd": 27, "population": 442, "households": 82}, "geometry": {"type": "Polygon", "coordinates": [[[73.55687, 19.215760000000003], [73.55088, 19.214270000000003], [73.54508000000001, 19.210500000000003], [73.54645000000001, 19.21856], [73.54813, 19.2219], [73.54860000000001, 19.224860000000003], [73.55221, 19.22352], [73.55663000000001, 19.21974], [73.55687, 19.215760000000003]]]}}, {"id": "160", "type": "Feature", "properties": {"village_name": "Talekhal", "vil_lgd": 553261, "district_name": "Thane", "dist_lgd": 497, "subdistrict_name": "Murbad", "sdcode": 4171, "block_name": "Murbad", "block_lgd": 222.0, "gp_name": "", "state_name": "MAHARASHTRA", "state_lgd": 27, "population": 489, "households": 100}, "geometry": {"type": "Polygon", "coordinates": [[[73.53500000000001, 19.207690000000003], [73.53343000000001, 19.20109], [73.52887000000001, 19.202430000000003], [73.52758, 19.215290000000003], [73.53136, 19.216440000000002], [73.53483, 19.216050000000003], [73.53500000000001, 19.207690000000003]]]}}, {"id": "161", "type": "Feature", "properties": {"village_name": "Sidhagad", "vil_lgd": 553280, "district_name": "Thane", "dist_lgd": 497, "subdistrict_name": "Murbad", "sdcode": 4171, "block_name": "Murbad", "block_lgd": 222.0, "gp_name": "", "state_name": "MAHARASHTRA", "state_lgd": 27, "population": 280, "households": 58}, "geometry": {"type": "Polygon", "coordinates": [[[73.55003, 19.18342], [73.54268, 19.185100000000002], [73.54417000000001, 19.17848], [73.54345, 19.17415], [73.54132, 19.1764], [73.53726, 19.17501], [73.53408, 19.17828], [73.53604, 19.169320000000003], [73.53973, 19.16327], [73.54031, 19.15924], [73.53607000000001, 19.159930000000003], [73.53315, 19.158620000000003], [73.53151000000001, 19.156470000000002], [73.52954000000001, 19.156270000000003], [73.53325000000001, 19.14552], [73.53525, 19.14854], [73.53683000000001, 19.14873], [73.53952000000001, 19.1448], [73.54552000000001, 19.140880000000003], [73.54367, 19.13709], [73.54211000000001, 19.12815], [73.53767, 19.12977], [73.53329000000001, 19.12968], [73.53054, 19.13183], [73.52949000000001, 19.135250000000003], [73.52559000000001, 19.134800000000002], [73.52274000000001, 19.136680000000002], [73.51418000000001, 19.147730000000003], [73.51342000000001, 19.15096], [73.5139, 19.154290000000003], [73.51133, 19.155720000000002], [73.51376, 19.159000000000002], [73.51780000000001, 19.162280000000003], [73.51884000000001, 19.16695], [73.51988, 19.16804], [73.52293, 19.168570000000003], [73.52550000000001, 19.170540000000003], [73.52645000000001, 19.17539], [73.52483000000001, 19.179250000000003], [73.52641000000001, 19.18173], [73.53377, 19.183200000000003], [73.53577, 19.185000000000002], [73.53577, 19.18401], [73.53719000000001, 19.18419], [73.54090000000001, 19.185270000000003], [73.54451, 19.18778], [73.54679, 19.18599], [73.55003, 19.18342]]]}}, {"id": "162", "type": "Feature", "properties": {"village_name": "Gorakhagad", "vil_lgd": 553266, "district_name": "Thane", "dist_lgd": 497, "subdistrict_name": "Murbad", "sdcode": 4171, "block_name": "Murbad", "block_lgd": 222.0, "gp_name": "", "state_name": "MAHARASHTRA", "state_lgd": 27, "population": 1, "households": 1}, "geometry": {"type": "Polygon", "coordinates": [[[73.53577, 19.18401], [73.53577, 19.185000000000002], [73.53942, 19.190910000000002], [73.54651000000001, 19.20017], [73.54946000000001, 19.19604], [73.54822, 19.19461], [73.54765, 19.191280000000003], [73.54451, 19.18778], [73.54090000000001, 19.185270000000003], [73.53719000000001, 19.18419], [73.53577, 19.18401]]]}}, {"id": "163", "type": "Feature", "properties": {"village_name": "Khopivali", "vil_lgd": 553262, "district_name": "Thane", "dist_lgd": 497, "subdistrict_name": "Murbad", "sdcode": 4171, "block_name": "Murbad", "block_lgd": 222.0, "gp_name": "", "state_name": "MAHARASHTRA", "state_lgd": 27, "population": 1333, "households": 276}, "geometry": {"type": "Polygon", "coordinates": [[[73.56456, 19.18814], [73.56421, 19.18261], [73.55856, 19.1857], [73.55435, 19.18166], [73.55003, 19.18342], [73.54679, 19.18599], [73.54451, 19.18778], [73.54765, 19.191280000000003], [73.54822, 19.19461], [73.54946000000001, 19.19604], [73.54651000000001, 19.20017], [73.54784000000001, 19.203940000000003], [73.54508000000001, 19.210500000000003], [73.55088, 19.214270000000003], [73.55687, 19.215760000000003], [73.55776, 19.201130000000003], [73.55862, 19.1997], [73.56078000000001, 19.198510000000002], [73.56276000000001, 19.193920000000002], [73.56687000000001, 19.18897], [73.56456, 19.18814]]]}}, {"id": "164", "type": "Feature", "properties": {"village_name": "Dehari", "vil_lgd": 553267, "district_name": "Thane", "dist_lgd": 497, "subdistrict_name": "Murbad", "sdcode": 4171, "block_name": "Murbad", "block_lgd": 222.0, "gp_name": "", "state_name": "MAHARASHTRA", "state_lgd": 27, "population": 610, "households": 143}, "geometry": {"type": "Polygon", "coordinates": [[[73.54784000000001, 19.203940000000003], [73.54651000000001, 19.20017], [73.53942, 19.190910000000002], [73.53785, 19.193610000000003], [73.53457, 19.195230000000002], [73.53343000000001, 19.20109], [73.53500000000001, 19.207690000000003], [73.53483, 19.216050000000003], [73.53621000000001, 19.215770000000003], [73.54645000000001, 19.21856], [73.54508000000001, 19.210500000000003], [73.54784000000001, 19.203940000000003]]]}}, {"id": "165", "type": "Feature", "properties": {"village_name": "Uchale", "vil_lgd": 553279, "district_name": "Thane", "dist_lgd": 497, "subdistrict_name": "Murbad", "sdcode": 4171, "block_name": "Murbad", "block_lgd": 222.0, "gp_name": "", "state_name": "MAHARASHTRA", "state_lgd": 27, "population": 862, "households": 207}, "geometry": {"type": "Polygon", "coordinates": [[[73.52887000000001, 19.202430000000003], [73.53343000000001, 19.20109], [73.53457, 19.195230000000002], [73.53785, 19.193610000000003], [73.53942, 19.190910000000002], [73.53577, 19.185000000000002], [73.53377, 19.183200000000003], [73.52641000000001, 19.18173], [73.52373, 19.18722], [73.51824, 19.19422], [73.51653, 19.198330000000002], [73.5124, 19.20183], [73.51175, 19.20351], [73.51639, 19.20533], [73.51938000000001, 19.207620000000002], [73.51929000000001, 19.213540000000002], [73.52188000000001, 19.21348], [73.52758, 19.215290000000003], [73.52887000000001, 19.202430000000003]]]}}, {"id": "166", "type": "Feature", "properties": {"village_name": "Dudhanoli", "vil_lgd": 553250, "district_name": "Thane", "dist_lgd": 497, "subdistrict_name": "Murbad", "sdcode": 4171, "block_name": "Murbad", "block_lgd": 222.0, "gp_name": "", "state_name": "MAHARASHTRA", "state_lgd": 27, "population": 710, "households": 160}, "geometry": {"type": "Polygon", "coordinates": [[[73.57512000000001, 19.224300000000003], [73.57647, 19.222510000000003], [73.58243, 19.218420000000002], [73.59041, 19.21459], [73.59190000000001, 19.2128], [73.59326, 19.20717], [73.59569, 19.20411], [73.59881, 19.20232], [73.60262, 19.19309], [73.59924000000001, 19.192410000000002], [73.59584000000001, 19.19497], [73.59514, 19.194190000000003], [73.59122, 19.19904], [73.59002000000001, 19.202740000000002], [73.58577000000001, 19.205550000000002], [73.58289, 19.21076], [73.56660000000001, 19.219140000000003], [73.57025, 19.222510000000003], [73.57174, 19.225450000000002], [73.57187, 19.228], [73.5712, 19.22915], [73.57485000000001, 19.22775], [73.57512000000001, 19.224300000000003]]]}}, {"id": "167", "type": "Feature", "properties": {"village_name": "Umbroli Kh", "vil_lgd": 553264, "district_name": "Thane", "dist_lgd": 497, "subdistrict_name": "Murbad", "sdcode": 4171, "block_name": "Murbad", "block_lgd": 222.0, "gp_name": "", "state_name": "MAHARASHTRA", "state_lgd": 27, "population": 898, "households": 188}, "geometry": {"type": "Polygon", "coordinates": [[[73.59583, 19.22494], [73.59896, 19.22278], [73.60088, 19.22069], [73.60471000000001, 19.21883], [73.61426, 19.21609], [73.6178, 19.21207], [73.6119, 19.210790000000003], [73.60865000000001, 19.19328], [73.60564000000001, 19.19525], [73.60518, 19.191750000000003], [73.60262, 19.19309], [73.59881, 19.20232], [73.59569, 19.20411], [73.59326, 19.20717], [73.59190000000001, 19.2128], [73.59041, 19.21459], [73.58243, 19.218420000000002], [73.57647, 19.222510000000003], [73.57512000000001, 19.224300000000003], [73.57485000000001, 19.22775], [73.58216, 19.22954], [73.58527000000001, 19.22698], [73.59064000000001, 19.22635], [73.59583, 19.22494]]]}}, {"id": "168", "type": "Feature", "properties": {"village_name": "Ganeshpur", "vil_lgd": 553265, "district_name": "Thane", "dist_lgd": 497, "subdistrict_name": "Murbad", "sdcode": 4171, "block_name": "Murbad", "block_lgd": 222.0, "gp_name": "", "state_name": "MAHARASHTRA", "state_lgd": 27, "population": 459, "households": 100}, "geometry": {"type": "Polygon", "coordinates": [[[73.56660000000001, 19.219140000000003], [73.58289, 19.21076], [73.58577000000001, 19.205550000000002], [73.59002000000001, 19.202740000000002], [73.59122, 19.19904], [73.59514, 19.194190000000003], [73.59242, 19.19124], [73.59057, 19.191090000000003], [73.58888, 19.19245], [73.58447000000001, 19.189], [73.57860000000001, 19.19067], [73.57551000000001, 19.18991], [73.57564, 19.191850000000002], [73.56687000000001, 19.18897], [73.56276000000001, 19.193920000000002], [73.56078000000001, 19.198510000000002], [73.55862, 19.1997], [73.55776, 19.201130000000003], [73.55687, 19.215760000000003], [73.55663000000001, 19.21974], [73.55808, 19.21884], [73.56660000000001, 19.219140000000003]], [[73.57889, 19.205350000000003], [73.578, 19.20626], [73.57711, 19.205350000000003], [73.57813, 19.204590000000003], [73.57889, 19.205350000000003]]]}}, {"id": "169", "type": "Feature", "properties": {"village_name": "Milhe", "vil_lgd": 553263, "district_name": "Thane", "dist_lgd": 497, "subdistrict_name": "Murbad", "sdcode": 4171, "block_name": "Murbad", "block_lgd": 222.0, "gp_name": "", "state_name": "MAHARASHTRA", "state_lgd": 27, "population": 985, "households": 212}, "geometry": {"type": "Polygon", "coordinates": [[[73.57711, 19.205350000000003], [73.578, 19.20626], [73.57889, 19.205350000000003], [73.57813, 19.204590000000003], [73.57711, 19.205350000000003]]]}}, {"id": "170", "type": "Feature", "properties": {"village_name": "Vangani", "vil_lgd": 553083, "district_name": "Thane", "dist_lgd": 497, "subdistrict_name": "Ambarnath", "sdcode": 4170, "block_name": "", "block_lgd": null, "gp_name": "", "state_name": "MAHARASHTRA", "state_lgd": 27, "population": 12628, "households": 2915}, "geometry": {"type": "Polygon", "coordinates": [[[73.30746, 19.09165], [73.31012000000001, 19.079040000000003], [73.30472, 19.07794], [73.30093000000001, 19.07235], [73.29713000000001, 19.07179], [73.29679, 19.076890000000002], [73.29833, 19.08049], [73.29781000000001, 19.08302], [73.29003, 19.08454], [73.29249, 19.09259], [73.29577, 19.09973], [73.29577, 19.10229], [73.29891, 19.1031], [73.30489, 19.101480000000002], [73.30846000000001, 19.099600000000002], [73.30746, 19.09165]]]}}, {"id": "171", "type": "Feature", "properties": {"village_name": "Ahupe", "vil_lgd": 999999, "district_name": "Thane", "dist_lgd": 497, "subdistrict_name": "Murbad", "sdcode": 4171, "block_name": "", "block_lgd": null, "gp_name": "", "state_name": "MAHARASHTRA", "state_lgd": 27, "population": 0, "households": 0}, "geometry": {"type": "Polygon", "coordinates": [[[73.37403, 19.208250000000003], [73.38012, 19.20654], [73.38402, 19.20322], [73.38639, 19.20108], [73.38867, 19.201490000000003], [73.39366000000001, 19.200280000000003], [73.39651, 19.195700000000002], [73.40050000000001, 19.19247], [73.40507000000001, 19.192200000000003], [73.40350000000001, 19.189770000000003], [73.39651, 19.183850000000003], [73.39095, 19.18223], [73.38681000000001, 19.173740000000002], [73.38453000000001, 19.17145], [73.38225, 19.16647], [73.37944, 19.162750000000003], [73.36724000000001, 19.164170000000002], [73.36072, 19.169430000000002], [73.3589, 19.17169], [73.35414, 19.1784], [73.35267, 19.18269], [73.35113000000001, 19.192050000000002], [73.35173, 19.196460000000002], [73.35130000000001, 19.20069], [73.35587000000001, 19.206090000000003], [73.36186000000001, 19.207620000000002], [73.36548, 19.21112], [73.36766, 19.212020000000003], [73.37109000000001, 19.21121], [73.37403, 19.208250000000003]]]}}, {"id": "172", "type": "Feature", "properties": {"village_name": "Bhuigaon Bk", "vil_lgd": 999999, "district_name": "Thane", "dist_lgd": 497, "subdistrict_name": "Ambarnath", "sdcode": 4170, "block_name": "", "block_lgd": null, "gp_name": "", "state_name": "MAHARASHTRA", "state_lgd": 27, "population": 0, "households": 0}, "geometry": {"type": "Polygon", "coordinates": [[[73.34977, 19.207690000000003], [73.35130000000001, 19.20069], [73.35173, 19.196460000000002], [73.35113000000001, 19.192050000000002], [73.35267, 19.18269], [73.3481, 19.18253], [73.34233, 19.18354], [73.34186000000001, 19.1859], [73.33792000000001, 19.188550000000003], [73.3336, 19.192860000000003], [73.33063, 19.198040000000002], [73.33170000000001, 19.20599], [73.3311, 19.21255], [73.32964000000001, 19.214910000000003], [73.34671, 19.21018], [73.34977, 19.207690000000003]]]}}, {"id": "173", "type": "Feature", "properties": {"village_name": "Bhuigaon Bk", "vil_lgd": 653043, "district_name": "Thane", "dist_lgd": 497, "subdistrict_name": "Ambarnath", "sdcode": 4170, "block_name": "", "block_lgd": null, "gp_name": "", "state_name": "MAHARASHTRA", "state_lgd": 27, "population": 0, "households": 0}, "geometry": {"type": "MultiPolygon", "coordinates": [[[[73.26742, 19.19403], [73.26570000000001, 19.19443], [73.26213, 19.193700000000003], [73.26029000000001, 19.19706], [73.25833, 19.1981], [73.25996, 19.200280000000003], [73.26065000000001, 19.199250000000003], [73.26594, 19.198240000000002], [73.26778, 19.19499], [73.26742, 19.19403]]], [[[73.26998, 19.194090000000003], [73.26955000000001, 19.194770000000002], [73.27099000000001, 19.19538], [73.27366, 19.195610000000002], [73.27449, 19.19488], [73.27420000000001, 19.19387], [73.26998, 19.194090000000003]]]]}}, {"id": "174", "type": "Feature", "properties": {"village_name": "Mira Bhayandar", "vil_lgd": 251470, "district_name": "Thane", "dist_lgd": 497, "subdistrict_name": "Thane", "sdcode": 4165, "block_name": "", "block_lgd": 0.0, "gp_name": "", "state_name": "MAHARASHTRA", "state_lgd": 27, "population": 809378, "households": 187059}, "geometry": {"type": "Polygon", "coordinates": [[[72.85464, 19.319100000000002], [72.85797000000001, 19.31782], [72.87301000000001, 19.30955], [72.876, 19.306160000000002], [72.88904000000001, 19.297330000000002], [72.89545000000001, 19.28959], [72.89857, 19.287450000000003], [72.90936, 19.28687], [72.90845, 19.288890000000002], [72.9208, 19.289050000000003], [72.92515, 19.29061], [72.93269000000001, 19.28789], [72.93576, 19.28318], [72.93814, 19.28049], [72.94028, 19.280040000000003], [72.94147000000001, 19.27757], [72.94123, 19.264780000000002], [72.93909000000001, 19.262310000000003], [72.936, 19.255580000000002], [72.93220000000001, 19.253110000000003], [72.92483, 19.24257], [72.92364, 19.23583], [72.91417000000001, 19.23104], [72.90982000000001, 19.23377], [72.90581, 19.23852], [72.90487, 19.247590000000002], [72.8991, 19.249450000000003], [72.88835, 19.25092], [72.88470000000001, 19.25399], [72.88074, 19.255670000000002], [72.87671, 19.26003], [72.86881000000001, 19.260330000000003], [72.86706000000001, 19.2661], [72.86347, 19.26808], [72.86223000000001, 19.26694], [72.86013000000001, 19.268780000000003], [72.84830000000001, 19.268600000000003], [72.84522000000001, 19.266430000000003], [72.83911, 19.26605], [72.83549000000001, 19.26078], [72.83739, 19.25477], [72.83713, 19.25288], [72.83472, 19.250700000000002], [72.82362, 19.245140000000003], [72.81275000000001, 19.24988], [72.80848, 19.2527], [72.80401, 19.256210000000003], [72.80009000000001, 19.26192], [72.79020000000001, 19.26069], [72.78369, 19.26386], [72.78333, 19.26727], [72.78115000000001, 19.2696], [72.78036, 19.275250000000003], [72.77866, 19.278920000000003], [72.78257, 19.281450000000003], [72.78349, 19.283360000000002], [72.78279, 19.286820000000002], [72.7844, 19.293390000000002], [72.78387000000001, 19.30171], [72.78693000000001, 19.30768], [72.78979000000001, 19.309610000000003], [72.7928, 19.31039], [72.79525000000001, 19.30581], [72.80041, 19.3034], [72.80769000000001, 19.302200000000003], [72.83117, 19.31463], [72.84490000000001, 19.31887], [72.84937000000001, 19.31896], [72.85464, 19.319100000000002]]]}}, {"id": "175", "type": "Feature", "properties": {"village_name": "Surai", "vil_lgd": 552670, "district_name": "Thane", "dist_lgd": 497, "subdistrict_name": "Bhiwandi", "sdcode": 4166, "block_name": "Bhiwandi", "block_lgd": 217.0, "gp_name": "", "state_name": "MAHARASHTRA", "state_lgd": 27, "population": 1661, "households": 322}, "geometry": {"type": "Polygon", "coordinates": [[[73.06199000000001, 19.232110000000002], [73.06325000000001, 19.22644], [73.06604, 19.22466], [73.06639000000001, 19.22015], [73.06518000000001, 19.22023], [73.06383000000001, 19.221970000000002], [73.06044, 19.2237], [73.05502, 19.22471], [73.05347, 19.22644], [73.05260000000001, 19.22681], [73.05221, 19.228910000000003], [73.05018000000001, 19.229460000000003], [73.04766000000001, 19.232290000000003], [73.05376000000001, 19.232200000000002], [73.05783000000001, 19.233210000000003], [73.06199000000001, 19.232110000000002]]]}}, {"id": "176", "type": "Feature", "properties": {"village_name": "Sarang", "vil_lgd": 552669, "district_name": "Thane", "dist_lgd": 497, "subdistrict_name": "Bhiwandi", "sdcode": 4166, "block_name": "Bhiwandi", "block_lgd": 217.0, "gp_name": "", "state_name": "MAHARASHTRA", "state_lgd": 27, "population": 893, "households": 161}, "geometry": {"type": "Polygon", "coordinates": [[[73.07407, 19.240000000000002], [73.06736000000001, 19.234440000000003], [73.06558000000001, 19.228270000000002], [73.06604, 19.22466], [73.06325000000001, 19.22644], [73.06199000000001, 19.232110000000002], [73.05783000000001, 19.233210000000003], [73.05376000000001, 19.232200000000002], [73.04766000000001, 19.232290000000003], [73.04265000000001, 19.23457], [73.03973, 19.23833], [73.04002000000001, 19.238780000000002], [73.04021, 19.239880000000003], [73.04273, 19.23741], [73.05452000000001, 19.237830000000002], [73.05754, 19.23842], [73.06112, 19.23741], [73.06557000000001, 19.238870000000002], [73.06722, 19.242620000000002], [73.06809000000001, 19.243080000000003], [73.07293, 19.24162], [73.07407, 19.240000000000002]]]}}, {"id": "177", "type": "Feature", "properties": {"village_name": "Mankoli", "vil_lgd": 552667, "district_name": "Thane", "dist_lgd": 497, "subdistrict_name": "Bhiwandi", "sdcode": 4166, "block_name": "Bhiwandi", "block_lgd": 217.0, "gp_name": "", "state_name": "MAHARASHTRA", "state_lgd": 27, "population": 3421, "households": 860}, "geometry": {"type": "Polygon", "coordinates": [[[73.05452000000001, 19.237830000000002], [73.04273, 19.23741], [73.04021, 19.239880000000003], [73.03905, 19.242530000000002], [73.04292000000001, 19.24509], [73.04621, 19.243440000000003], [73.04941000000001, 19.245910000000002], [73.05265, 19.25112], [73.05338, 19.25194], [73.05909000000001, 19.252670000000002], [73.05744, 19.24719], [73.05492000000001, 19.24408], [73.05452000000001, 19.237830000000002]]]}}, {"id": "178", "type": "Feature", "properties": {"village_name": "Vehele", "vil_lgd": 552668, "district_name": "Thane", "dist_lgd": 497, "subdistrict_name": "Bhiwandi", "sdcode": 4166, "block_name": "Bhiwandi", "block_lgd": 217.0, "gp_name": "", "state_name": "MAHARASHTRA", "state_lgd": 27, "population": 3237, "households": 630}, "geometry": {"type": "Polygon", "coordinates": [[[73.07293, 19.24162], [73.06809000000001, 19.243080000000003], [73.06722, 19.242620000000002], [73.06557000000001, 19.238870000000002], [73.06112, 19.23741], [73.05754, 19.23842], [73.05452000000001, 19.237830000000002], [73.05492000000001, 19.24408], [73.05744, 19.24719], [73.05909000000001, 19.252670000000002], [73.06160000000001, 19.25194], [73.06286, 19.250210000000003], [73.06335, 19.246000000000002], [73.06973, 19.24545], [73.07293, 19.24162]]]}}, {"id": "179", "type": "Feature", "properties": {"village_name": "Pimpalner", "vil_lgd": 552661, "district_name": "Thane", "dist_lgd": 497, "subdistrict_name": "Bhiwandi", "sdcode": 4166, "block_name": "Bhiwandi", "block_lgd": 217.0, "gp_name": "", "state_name": "MAHARASHTRA", "state_lgd": 27, "population": 2258, "households": 444}, "geometry": {"type": "Polygon", "coordinates": [[[73.06838, 19.270310000000002], [73.06993, 19.266560000000002], [73.06867000000001, 19.26272], [73.06867000000001, 19.259890000000002], [73.07051000000001, 19.256420000000002], [73.06973, 19.252580000000002], [73.06973, 19.24545], [73.06335, 19.246000000000002], [73.06286, 19.250210000000003], [73.06160000000001, 19.25194], [73.05909000000001, 19.252670000000002], [73.05957000000001, 19.25514], [73.05860000000001, 19.259800000000002], [73.05864000000001, 19.268870000000003], [73.06061000000001, 19.27211], [73.06073, 19.274690000000003], [73.06203000000001, 19.27548], [73.06619, 19.27548], [73.06871000000001, 19.273600000000002], [73.06838, 19.270310000000002]]]}}, {"id": "180", "type": "Feature", "properties": {"village_name": "Ovali", "vil_lgd": 552662, "district_name": "Thane", "dist_lgd": 497, "subdistrict_name": "Bhiwandi", "sdcode": 4166, "block_name": "Bhiwandi", "block_lgd": 217.0, "gp_name": "", "state_name": "MAHARASHTRA", "state_lgd": 27, "population": 1566, "households": 327}, "geometry": {"type": "Polygon", "coordinates": [[[73.05338, 19.25194], [73.05265, 19.25112], [73.05192000000001, 19.253400000000003], [73.04596000000001, 19.25889], [73.04672000000001, 19.26706], [73.04956, 19.266840000000002], [73.05864000000001, 19.268870000000003], [73.05860000000001, 19.259800000000002], [73.05957000000001, 19.25514], [73.05909000000001, 19.252670000000002], [73.05338, 19.25194]]]}}, {"id": "181", "type": "Feature", "properties": {"village_name": "Vadvali Tarf Dugad", "vil_lgd": 552482, "district_name": "Thane", "dist_lgd": 497, "subdistrict_name": "Bhiwandi", "sdcode": 4166, "block_name": "Bhiwandi", "block_lgd": 217.0, "gp_name": "", "state_name": "MAHARASHTRA", "state_lgd": 27, "population": 1132, "households": 234}, "geometry": {"type": "Polygon", "coordinates": [[[73.01864, 19.28937], [73.01246, 19.289730000000002], [73.00486000000001, 19.28543], [73.00399, 19.29042], [73.00383000000001, 19.29785], [73.00787000000001, 19.297600000000003], [73.01052, 19.295720000000003], [73.01728, 19.29315], [73.01864, 19.28937]]]}}, {"id": "182", "type": "Feature", "properties": {"village_name": "Dapode", "vil_lgd": 552666, "district_name": "Thane", "dist_lgd": 497, "subdistrict_name": "Bhiwandi", "sdcode": 4166, "block_name": "Bhiwandi", "block_lgd": 217.0, "gp_name": "", "state_name": "MAHARASHTRA", "state_lgd": 27, "population": 3026, "households": 749}, "geometry": {"type": "Polygon", "coordinates": [[[73.04941000000001, 19.245910000000002], [73.04621, 19.243440000000003], [73.04292000000001, 19.24509], [73.03905, 19.242530000000002], [73.03757, 19.24381], [73.03644, 19.257620000000003], [73.03734, 19.25694], [73.04596000000001, 19.25889], [73.05192000000001, 19.253400000000003], [73.05265, 19.25112], [73.04941000000001, 19.245910000000002]]]}}, {"id": "183", "type": "Feature", "properties": {"village_name": "Gundavali", "vil_lgd": 552665, "district_name": "Thane", "dist_lgd": 497, "subdistrict_name": "Bhiwandi", "sdcode": 4166, "block_name": "Bhiwandi", "block_lgd": 217.0, "gp_name": "", "state_name": "MAHARASHTRA", "state_lgd": 27, "population": 2926, "households": 658}, "geometry": {"type": "Polygon", "coordinates": [[[73.03757, 19.24381], [73.03168000000001, 19.24426], [73.02997, 19.245240000000003], [73.02987, 19.247580000000003], [73.03101000000001, 19.251260000000002], [73.03396000000001, 19.25224], [73.03368, 19.25655], [73.03244000000001, 19.257810000000003], [73.03286, 19.260710000000003], [73.03644, 19.257620000000003], [73.03757, 19.24381]]]}}, {"id": "184", "type": "Feature", "properties": {"village_name": "Kasheli", "vil_lgd": 552489, "district_name": "Thane", "dist_lgd": 497, "subdistrict_name": "Bhiwandi", "sdcode": 4166, "block_name": "Bhiwandi", "block_lgd": 217.0, "gp_name": "", "state_name": "MAHARASHTRA", "state_lgd": 27, "population": 3432, "households": 758}, "geometry": {"type": "Polygon", "coordinates": [[[73.03973, 19.23833], [73.037, 19.237820000000003], [73.03344000000001, 19.232290000000003], [73.02763, 19.232090000000003], [73.02538000000001, 19.23034], [73.01939, 19.229000000000003], [73.01483, 19.22671], [73.01411, 19.22334], [73.01194000000001, 19.219060000000002], [73.00779, 19.222800000000003], [73.00215, 19.229670000000002], [73.00185, 19.232580000000002], [73.01283000000001, 19.23741], [73.01533, 19.239500000000003], [73.01775, 19.243940000000002], [73.02089000000001, 19.244480000000003], [73.02369, 19.249100000000002], [73.02474000000001, 19.24812], [73.02987, 19.247580000000003], [73.02997, 19.245240000000003], [73.03168000000001, 19.24426], [73.03757, 19.24381], [73.03905, 19.242530000000002], [73.04021, 19.239880000000003], [73.04002000000001, 19.238780000000002], [73.03973, 19.23833]]]}}, {"id": "185", "type": "Feature", "properties": {"village_name": "Kopar", "vil_lgd": 552488, "district_name": "Thane", "dist_lgd": 497, "subdistrict_name": "Bhiwandi", "sdcode": 4166, "block_name": "Bhiwandi", "block_lgd": 217.0, "gp_name": "", "state_name": "MAHARASHTRA", "state_lgd": 27, "population": 2011, "households": 494}, "geometry": {"type": "Polygon", "coordinates": [[[73.01551, 19.265230000000003], [73.01950000000001, 19.26583], [73.01903, 19.26499], [73.02170000000001, 19.263640000000002], [73.02008000000001, 19.26113], [73.0198, 19.257270000000002], [73.01551, 19.25778], [73.01294, 19.26281], [73.01180000000001, 19.263440000000003], [73.01265000000001, 19.26577], [73.01551, 19.265230000000003]]]}}, {"id": "186", "type": "Feature", "properties": {"village_name": "Dive", "vil_lgd": 552487, "district_name": "Thane", "dist_lgd": 497, "subdistrict_name": "Bhiwandi", "sdcode": 4166, "block_name": "Bhiwandi", "block_lgd": 217.0, "gp_name": "", "state_name": "MAHARASHTRA", "state_lgd": 27, "population": 2062, "households": 422}, "geometry": {"type": "Polygon", "coordinates": [[[73.00764000000001, 19.2633], [72.99649000000001, 19.264870000000002], [72.99071, 19.26403], [72.98996000000001, 19.277350000000002], [72.98803000000001, 19.28198], [73.00239, 19.279680000000003], [73.00895000000001, 19.277350000000002], [73.00685, 19.27223], [73.00764000000001, 19.2633]]]}}, {"id": "187", "type": "Feature", "properties": {"village_name": "Kewani", "vil_lgd": 552486, "district_name": "Thane", "dist_lgd": 497, "subdistrict_name": "Bhiwandi", "sdcode": 4166, "block_name": "Bhiwandi", "block_lgd": 217.0, "gp_name": "", "state_name": "MAHARASHTRA", "state_lgd": 27, "population": 2935, "households": 608}, "geometry": {"type": "Polygon", "coordinates": [[[73.01950000000001, 19.26583], [73.01551, 19.265230000000003], [73.01265000000001, 19.26577], [73.01180000000001, 19.263440000000003], [73.01085, 19.26272], [73.00764000000001, 19.2633], [73.00685, 19.27223], [73.00895000000001, 19.277350000000002], [73.01142, 19.27843], [73.01132000000001, 19.279590000000002], [73.0194, 19.27862], [73.01698, 19.2768], [73.01679, 19.273870000000002], [73.01921, 19.267660000000003], [73.01950000000001, 19.26583]]]}}, {"id": "188", "type": "Feature", "properties": {"village_name": "Thakurgaon", "vil_lgd": 552654, "district_name": "Thane", "dist_lgd": 497, "subdistrict_name": "Bhiwandi", "sdcode": 4166, "block_name": "Bhiwandi", "block_lgd": 217.0, "gp_name": "", "state_name": "MAHARASHTRA", "state_lgd": 27, "population": 2259, "households": 652}, "geometry": {"type": "Polygon", "coordinates": [[[73.09693, 19.271310000000003], [73.09617, 19.272080000000003], [73.09706, 19.27298], [73.09791000000001, 19.27241], [73.09733, 19.271330000000003], [73.09693, 19.271310000000003]]]}}, {"id": "189", "type": "Feature", "properties": {"village_name": "Dunge", "vil_lgd": 552484, "district_name": "Thane", "dist_lgd": 497, "subdistrict_name": "Bhiwandi", "sdcode": 4166, "block_name": "Bhiwandi", "block_lgd": 217.0, "gp_name": "", "state_name": "MAHARASHTRA", "state_lgd": 27, "population": 2038, "households": 411}, "geometry": {"type": "Polygon", "coordinates": [[[73.01997, 19.28659], [73.02168, 19.28713], [73.02349000000001, 19.28489], [73.02325, 19.27906], [73.0194, 19.27862], [73.01132000000001, 19.279590000000002], [73.00486000000001, 19.28543], [73.01246, 19.289730000000002], [73.01864, 19.28937], [73.01959000000001, 19.28731], [73.01997, 19.28659]]]}}, {"id": "190", "type": "Feature", "properties": {"village_name": "Kalwar", "vil_lgd": 552485, "district_name": "Thane", "dist_lgd": 497, "subdistrict_name": "Bhiwandi", "sdcode": 4166, "block_name": "Bhiwandi", "block_lgd": 217.0, "gp_name": "", "state_name": "MAHARASHTRA", "state_lgd": 27, "population": 2978, "households": 643}, "geometry": {"type": "Polygon", "coordinates": [[[73.03054, 19.28939], [73.03173000000001, 19.284000000000002], [73.03126, 19.27907], [73.02325, 19.27906], [73.02349000000001, 19.28489], [73.02168, 19.28713], [73.01997, 19.28659], [73.01959000000001, 19.28731], [73.01864, 19.28937], [73.02083, 19.289820000000002], [73.02416000000001, 19.294400000000003], [73.02283, 19.297990000000002], [73.02843, 19.29915], [73.02995, 19.29876], [73.03054, 19.28939]]]}}, {"id": "191", "type": "Feature", "properties": {"village_name": "Vadghar", "vil_lgd": 552481, "district_name": "Thane", "dist_lgd": 497, "subdistrict_name": "Bhiwandi", "sdcode": 4166, "block_name": "Bhiwandi", "block_lgd": 217.0, "gp_name": "", "state_name": "MAHARASHTRA", "state_lgd": 27, "population": 1380, "households": 286}, "geometry": {"type": "Polygon", "coordinates": [[[73.01651000000001, 19.312440000000002], [73.01943, 19.31087], [73.02414, 19.3104], [73.02662000000001, 19.30957], [73.02728, 19.30837], [73.03054, 19.302400000000002], [73.02995, 19.29876], [73.02843, 19.29915], [73.02283, 19.297990000000002], [73.02416000000001, 19.294400000000003], [73.02083, 19.289820000000002], [73.01864, 19.28937], [73.01728, 19.29315], [73.01052, 19.295720000000003], [73.00787000000001, 19.297600000000003], [73.00383000000001, 19.29785], [73.00634000000001, 19.3088], [73.01043, 19.31192], [73.01442, 19.312430000000003], [73.01651000000001, 19.312440000000002]]]}}, {"id": "192", "type": "Feature", "properties": {"village_name": "Firangpada", "vil_lgd": 552474, "district_name": "Thane", "dist_lgd": 497, "subdistrict_name": "Bhiwandi", "sdcode": 4166, "block_name": "Bhiwandi", "block_lgd": 217.0, "gp_name": "", "state_name": "MAHARASHTRA", "state_lgd": 27, "population": 671, "households": 148}, "geometry": {"type": "Polygon", "coordinates": [[[73.00096, 19.314860000000003], [73.00201000000001, 19.31513], [73.00486000000001, 19.320420000000002], [73.00733000000001, 19.320960000000003], [73.00332, 19.30993], [72.99839, 19.31181], [72.99411, 19.31602], [72.9925, 19.31602], [72.99411, 19.3215], [73.00001, 19.318530000000003], [73.00001, 19.3171], [73.00124000000001, 19.316380000000002], [73.00096, 19.314860000000003]]]}}, {"id": "193", "type": "Feature", "properties": {"village_name": "Paygaon", "vil_lgd": 552470, "district_name": "Thane", "dist_lgd": 497, "subdistrict_name": "Bhiwandi", "sdcode": 4166, "block_name": "Bhiwandi", "block_lgd": 217.0, "gp_name": "", "state_name": "MAHARASHTRA", "state_lgd": 27, "population": 2251, "households": 476}, "geometry": {"type": "Polygon", "coordinates": [[[72.99411, 19.3215], [72.9925, 19.31602], [72.98879000000001, 19.318710000000003], [72.98385, 19.318710000000003], [72.98166, 19.32141], [72.97966000000001, 19.31746], [72.97529, 19.316470000000002], [72.97348000000001, 19.314500000000002], [72.97135, 19.307090000000002], [72.96901000000001, 19.30936], [72.96521, 19.310640000000003], [72.96616, 19.316470000000002], [72.9654, 19.3197], [72.96398, 19.32167], [72.96616, 19.3324], [72.96882000000001, 19.33639], [72.97662000000001, 19.340780000000002], [72.97681, 19.344730000000002], [72.98234000000001, 19.34797], [72.98508000000001, 19.34841], [72.98660000000001, 19.347510000000003], [72.9885, 19.34347], [72.99079, 19.34177], [72.99231, 19.34025], [72.99297, 19.33594], [72.99497000000001, 19.330740000000002], [72.99524000000001, 19.326970000000003], [72.99516000000001, 19.32571], [72.99411, 19.3215]]]}}, {"id": "194", "type": "Feature", "properties": {"village_name": "Gane", "vil_lgd": 552475, "district_name": "Thane", "dist_lgd": 497, "subdistrict_name": "Bhiwandi", "sdcode": 4166, "block_name": "Bhiwandi", "block_lgd": 217.0, "gp_name": "", "state_name": "MAHARASHTRA", "state_lgd": 27, "population": 527, "households": 104}, "geometry": {"type": "Polygon", "coordinates": [[[73.01094, 19.32419], [73.00733000000001, 19.320960000000003], [73.00486000000001, 19.320420000000002], [73.00201000000001, 19.31513], [73.00096, 19.314860000000003], [73.00124000000001, 19.316380000000002], [73.00001, 19.3171], [73.00001, 19.318530000000003], [72.99411, 19.3215], [72.99516000000001, 19.32571], [72.99524000000001, 19.326970000000003], [72.99773, 19.326340000000002], [73.00353000000001, 19.33127], [73.01075, 19.330830000000002], [73.01208000000001, 19.32939], [73.01094, 19.32419]]]}}, {"id": "195", "type": "Feature", "properties": {"village_name": "Tembhavali", "vil_lgd": 552476, "district_name": "Thane", "dist_lgd": 497, "subdistrict_name": "Bhiwandi", "sdcode": 4166, "block_name": "Bhiwandi", "block_lgd": 217.0, "gp_name": "", "state_name": "MAHARASHTRA", "state_lgd": 27, "population": 1667, "households": 321}, "geometry": {"type": "Polygon", "coordinates": [[[73.01741000000001, 19.333560000000002], [73.02062000000001, 19.32675], [73.02013000000001, 19.325100000000003], [73.01585, 19.321160000000003], [73.01524, 19.31894], [73.00989000000001, 19.31549], [73.00954, 19.314130000000002], [73.01043, 19.31192], [73.00634000000001, 19.3088], [73.00332, 19.30993], [73.00733000000001, 19.320960000000003], [73.01094, 19.32419], [73.01208000000001, 19.32939], [73.01075, 19.330830000000002], [73.01161, 19.33755], [73.01360000000001, 19.34016], [73.01551, 19.340960000000003], [73.01668000000001, 19.339090000000002], [73.01741000000001, 19.333560000000002]]]}}, {"id": "196", "type": "Feature", "properties": {"village_name": "Dahyale", "vil_lgd": 552480, "district_name": "Thane", "dist_lgd": 497, "subdistrict_name": "Bhiwandi", "sdcode": 4166, "block_name": "Bhiwandi", "block_lgd": 217.0, "gp_name": "", "state_name": "MAHARASHTRA", "state_lgd": 27, "population": 196, "households": 46}, "geometry": {"type": "Polygon", "coordinates": [[[73.04256000000001, 19.31556], [73.04292000000001, 19.318360000000002], [73.04125, 19.324530000000003], [73.04339, 19.3261], [73.04648, 19.323410000000003], [73.04589, 19.317690000000002], [73.04494000000001, 19.316570000000002], [73.04256000000001, 19.31556]]]}}, {"id": "197", "type": "Feature", "properties": {"village_name": "Malodi", "vil_lgd": 552483, "district_name": "Thane", "dist_lgd": 497, "subdistrict_name": "Bhiwandi", "sdcode": 4166, "block_name": "Bhiwandi", "block_lgd": 217.0, "gp_name": "", "state_name": "MAHARASHTRA", "state_lgd": 27, "population": 1732, "households": 314}, "geometry": {"type": "Polygon", "coordinates": [[[73.00895000000001, 19.277350000000002], [73.00239, 19.279680000000003], [72.98803000000001, 19.28198], [72.98167000000001, 19.28959], [73.00399, 19.29042], [73.00486000000001, 19.28543], [73.01132000000001, 19.279590000000002], [73.01142, 19.27843], [73.00895000000001, 19.277350000000002]]]}}, {"id": "198", "type": "Feature", "properties": {"village_name": "Paye", "vil_lgd": 552471, "district_name": "Thane", "dist_lgd": 497, "subdistrict_name": "Bhiwandi", "sdcode": 4166, "block_name": "Bhiwandi", "block_lgd": 217.0, "gp_name": "", "state_name": "MAHARASHTRA", "state_lgd": 27, "population": 1919, "households": 403}, "geometry": {"type": "Polygon", "coordinates": [[[72.95603000000001, 19.33819], [72.95856, 19.3369], [72.95865, 19.337880000000002], [72.95919, 19.33547], [72.95984, 19.33538], [72.96073000000001, 19.33689], [72.96078, 19.33462], [72.96372000000001, 19.33427], [72.96616, 19.3324], [72.96398, 19.32167], [72.9654, 19.3197], [72.96616, 19.316470000000002], [72.96521, 19.310640000000003], [72.96226, 19.30328], [72.96197000000001, 19.299650000000003], [72.95944, 19.2999], [72.94699, 19.31171], [72.94521, 19.31443], [72.94516, 19.320300000000003], [72.94174000000001, 19.332720000000002], [72.94316, 19.340220000000002], [72.95359, 19.338150000000002], [72.95433000000001, 19.33687], [72.95603000000001, 19.33819]]]}}, {"id": "199", "type": "Feature", "properties": {"village_name": "Khardi", "vil_lgd": 552473, "district_name": "Thane", "dist_lgd": 497, "subdistrict_name": "Bhiwandi", "sdcode": 4166, "block_name": "Bhiwandi", "block_lgd": 217.0, "gp_name": "", "state_name": "MAHARASHTRA", "state_lgd": 27, "population": 600, "households": 116}, "geometry": {"type": "Polygon", "coordinates": [[[72.96872, 19.297970000000003], [72.96605000000001, 19.29923], [72.96197000000001, 19.299650000000003], [72.96226, 19.30328], [72.96521, 19.310640000000003], [72.96901000000001, 19.30936], [72.97135, 19.307090000000002], [72.96872, 19.297970000000003]]]}}, {"id": "200", "type": "Feature", "properties": {"village_name": "Junandurkhi", "vil_lgd": 552477, "district_name": "Thane", "dist_lgd": 497, "subdistrict_name": "Bhiwandi", "sdcode": 4166, "block_name": "Bhiwandi", "block_lgd": 217.0, "gp_name": "", "state_name": "MAHARASHTRA", "state_lgd": 27, "population": 1796, "households": 376}, "geometry": {"type": "Polygon", "coordinates": [[[73.03315, 19.33454], [73.02961, 19.32319], [73.02947, 19.31352], [73.02728, 19.30837], [73.02662000000001, 19.30957], [73.02414, 19.3104], [73.01943, 19.31087], [73.01651000000001, 19.312440000000002], [73.01442, 19.312430000000003], [73.01043, 19.31192], [73.00954, 19.314130000000002], [73.00989000000001, 19.31549], [73.01524, 19.31894], [73.01585, 19.321160000000003], [73.02013000000001, 19.325100000000003], [73.02062000000001, 19.32675], [73.01741000000001, 19.333560000000002], [73.01668000000001, 19.339090000000002], [73.02073, 19.343890000000002], [73.02494, 19.350800000000003], [73.02957, 19.35237], [73.03396000000001, 19.355790000000002], [73.03540000000001, 19.35313], [73.03797, 19.34409], [73.03315, 19.33454]], [[73.01855, 19.316480000000002], [73.01914000000001, 19.31755], [73.01829000000001, 19.31812], [73.01740000000001, 19.317220000000002], [73.01816000000001, 19.316460000000003], [73.01855, 19.316480000000002]]]}}, {"id": "201", "type": "Feature", "properties": {"village_name": "Kiravali Tarf Sonale", "vil_lgd": 552632, "district_name": "Thane", "dist_lgd": 497, "subdistrict_name": "Bhiwandi", "sdcode": 4166, "block_name": "Bhiwandi", "block_lgd": 217.0, "gp_name": "", "state_name": "MAHARASHTRA", "state_lgd": 27, "population": 1264, "households": 245}, "geometry": {"type": "Polygon", "coordinates": [[[73.1679, 19.31096], [73.17116, 19.31219], [73.17139, 19.31087], [73.17538, 19.305940000000003], [73.17577, 19.30018], [73.17278, 19.29871], [73.17014, 19.29917], [73.16565, 19.30544], [73.16277000000001, 19.30544], [73.16133, 19.30552], [73.16021, 19.306800000000003], [73.15957, 19.3121], [73.16237000000001, 19.312170000000002], [73.1679, 19.31096]]]}}, {"id": "202", "type": "Feature", "properties": {"village_name": "Dive Anjur", "vil_lgd": 552671, "district_name": "Thane", "dist_lgd": 497, "subdistrict_name": "Bhiwandi", "sdcode": 4166, "block_name": "Bhiwandi", "block_lgd": 217.0, "gp_name": "", "state_name": "MAHARASHTRA", "state_lgd": 27, "population": 3736, "households": 827}, "geometry": {"type": "Polygon", "coordinates": [[[73.04265000000001, 19.23457], [73.04399000000001, 19.232470000000003], [73.04273, 19.230590000000003], [73.04779, 19.22718], [73.04775000000001, 19.225270000000002], [73.04605000000001, 19.223730000000003], [73.04458000000001, 19.224510000000002], [73.04151, 19.2226], [73.0347, 19.22118], [73.02950000000001, 19.22547], [73.02766000000001, 19.22973], [73.02763, 19.232090000000003], [73.03344000000001, 19.232290000000003], [73.037, 19.237820000000003], [73.03973, 19.23833], [73.04265000000001, 19.23457]]]}}, {"id": "203", "type": "Feature", "properties": {"village_name": "Val", "vil_lgd": 552663, "district_name": "Thane", "dist_lgd": 497, "subdistrict_name": "Bhiwandi", "sdcode": 4166, "block_name": "Bhiwandi", "block_lgd": 217.0, "gp_name": "", "state_name": "MAHARASHTRA", "state_lgd": 27, "population": 1487, "households": 332}, "geometry": {"type": "Polygon", "coordinates": [[[73.04596000000001, 19.25889], [73.03734, 19.25694], [73.03644, 19.257620000000003], [73.03286, 19.260710000000003], [73.03346, 19.265680000000003], [73.03836000000001, 19.2664], [73.04148, 19.269750000000002], [73.04231, 19.268440000000002], [73.04672000000001, 19.26706], [73.04596000000001, 19.25889]], [[73.03893000000001, 19.25929], [73.03804000000001, 19.2602], [73.03715000000001, 19.25929], [73.03817000000001, 19.25853], [73.03893000000001, 19.25929]]]}}, {"id": "204", "type": "Feature", "properties": {"village_name": "Shivajinagar", "vil_lgd": 552478, "district_name": "Thane", "dist_lgd": 497, "subdistrict_name": "Bhiwandi", "sdcode": 4166, "block_name": "Bhiwandi", "block_lgd": 217.0, "gp_name": "", "state_name": "MAHARASHTRA", "state_lgd": 27, "population": 2690, "households": 536}, "geometry": {"type": "Polygon", "coordinates": [[[73.01816000000001, 19.316460000000003], [73.01740000000001, 19.317220000000002], [73.01829000000001, 19.31812], [73.01914000000001, 19.31755], [73.01855, 19.316480000000002], [73.01816000000001, 19.316460000000003]]]}}, {"id": "205", "type": "Feature", "properties": {"village_name": "Kailasnagar", "vil_lgd": 552664, "district_name": "Thane", "dist_lgd": 497, "subdistrict_name": "Bhiwandi", "sdcode": 4166, "block_name": "Bhiwandi", "block_lgd": 217.0, "gp_name": "", "state_name": "MAHARASHTRA", "state_lgd": 27, "population": 707, "households": 155}, "geometry": {"type": "Polygon", "coordinates": [[[73.03715000000001, 19.25929], [73.03804000000001, 19.2602], [73.03893000000001, 19.25929], [73.03817000000001, 19.25853], [73.03715000000001, 19.25929]]]}}, {"id": "206", "type": "Feature", "properties": {"village_name": "Janwal", "vil_lgd": 552645, "district_name": "Thane", "dist_lgd": 497, "subdistrict_name": "Bhiwandi", "sdcode": 4166, "block_name": "Bhiwandi", "block_lgd": 217.0, "gp_name": "", "state_name": "MAHARASHTRA", "state_lgd": 27, "population": 482, "households": 97}, "geometry": {"type": "Polygon", "coordinates": [[[73.13906, 19.30469], [73.13625, 19.32223], [73.1413, 19.320870000000003], [73.14234, 19.31973], [73.14552, 19.3133], [73.14434, 19.307940000000002], [73.14274, 19.305970000000002], [73.13906, 19.30469]]]}}, {"id": "207", "type": "Feature", "properties": {"village_name": "Kalyan Dombivli", "vil_lgd": 251483, "district_name": "Thane", "dist_lgd": 497, "subdistrict_name": "Kalyan", "sdcode": 4168, "block_name": "", "block_lgd": 0.0, "gp_name": "", "state_name": "MAHARASHTRA", "state_lgd": 27, "population": 1247327, "households": 302735}, "geometry": {"type": "Polygon", "coordinates": [[[73.24188000000001, 19.30037], [73.23915000000001, 19.29727], [73.23753, 19.290090000000003], [73.23681, 19.28947], [73.21823, 19.283040000000003], [73.21376000000001, 19.284650000000003], [73.21129, 19.284740000000003], [73.20986, 19.28358], [73.20568, 19.274510000000003], [73.20701000000001, 19.27092], [73.20710000000001, 19.26922], [73.20511, 19.26554], [73.20226000000001, 19.26473], [73.20064, 19.26329], [73.20073000000001, 19.260240000000003], [73.1932, 19.259020000000003], [73.19210000000001, 19.255550000000003], [73.18756, 19.25335], [73.18609000000001, 19.254160000000002], [73.18229000000001, 19.2559], [73.17666000000001, 19.25242], [73.17384000000001, 19.251150000000003], [73.17200000000001, 19.24988], [73.16832000000001, 19.250230000000002], [73.16611, 19.253580000000003], [73.15852000000001, 19.24004], [73.15398, 19.235760000000003], [73.14405000000001, 19.22997], [73.14503, 19.227780000000003], [73.14797, 19.22673], [73.15901000000001, 19.21713], [73.15950000000001, 19.21479], [73.15010000000001, 19.215200000000003], [73.14349, 19.215950000000003], [73.14155000000001, 19.21686], [73.14013, 19.215570000000003], [73.13301000000001, 19.215690000000002], [73.12302000000001, 19.22089], [73.12150000000001, 19.21075], [73.11247, 19.207870000000003], [73.10401, 19.207430000000002], [73.1042, 19.201410000000003], [73.10781, 19.19647], [73.11447000000001, 19.192700000000002], [73.11366000000001, 19.18896], [73.11109, 19.18815], [73.10395000000001, 19.190160000000002], [73.09715, 19.19332], [73.09334000000001, 19.19658], [73.08526, 19.19759], [73.07801, 19.20073], [73.07350000000001, 19.19837], [73.06886, 19.20073], [73.0629, 19.20754], [73.06468000000001, 19.20905], [73.06602000000001, 19.21396], [73.06639000000001, 19.22015], [73.06604, 19.22466], [73.06558000000001, 19.228270000000002], [73.06736000000001, 19.234440000000003], [73.07407, 19.240000000000002], [73.08117, 19.24258], [73.08533, 19.24258], [73.08826, 19.24105], [73.09098, 19.239630000000002], [73.09543000000001, 19.23542], [73.10063000000001, 19.232480000000002], [73.10672000000001, 19.232480000000002], [73.11267000000001, 19.235000000000003], [73.11475, 19.23907], [73.11593, 19.24987], [73.10283000000001, 19.26329], [73.10182, 19.265780000000003], [73.10182, 19.269910000000003], [73.10253, 19.271320000000003], [73.1067, 19.275630000000003], [73.11232000000001, 19.27814], [73.12604, 19.282400000000003], [73.13153000000001, 19.281560000000002], [73.13391, 19.2789], [73.13525, 19.273850000000003], [73.13911, 19.269360000000002], [73.14431, 19.26782], [73.14616000000001, 19.26864], [73.15575000000001, 19.27231], [73.17075000000001, 19.27427], [73.17372, 19.27637], [73.1761, 19.279320000000002], [73.17847, 19.28282], [73.17877, 19.28591], [73.18485000000001, 19.28508], [73.19103000000001, 19.286060000000003], [73.19569, 19.28759], [73.19721000000001, 19.28902], [73.19778000000001, 19.290460000000003], [73.19721000000001, 19.291900000000002], [73.19236000000001, 19.29549], [73.19103000000001, 19.297590000000003], [73.19103000000001, 19.30383], [73.19341, 19.30536], [73.19674, 19.306160000000002], [73.20187, 19.30383], [73.20852000000001, 19.300330000000002], [73.21053, 19.300120000000003], [73.21645000000001, 19.300800000000002], [73.21937000000001, 19.301940000000002], [73.22194, 19.304160000000003], [73.22301, 19.306990000000003], [73.22472, 19.30833], [73.22671000000001, 19.308870000000002], [73.23035, 19.30786], [73.24188000000001, 19.30037]]]}}, {"id": "208", "type": "Feature", "properties": {"village_name": "Nandkar", "vil_lgd": 552637, "district_name": "Thane", "dist_lgd": 497, "subdistrict_name": "Bhiwandi", "sdcode": 4166, "block_name": "Bhiwandi", "block_lgd": 217.0, "gp_name": "", "state_name": "MAHARASHTRA", "state_lgd": 27, "population": 1603, "households": 325}, "geometry": {"type": "Polygon", "coordinates": [[[73.16726000000001, 19.29176], [73.17062, 19.29146], [73.17417, 19.29223], [73.17417, 19.290670000000002], [73.17833, 19.28759], [73.17877, 19.28591], [73.17847, 19.28282], [73.1761, 19.279320000000002], [73.17372, 19.27637], [73.17075000000001, 19.27427], [73.15575000000001, 19.27231], [73.14616000000001, 19.26864], [73.14643000000001, 19.273380000000003], [73.14787000000001, 19.274440000000002], [73.15652, 19.27777], [73.15700000000001, 19.27936], [73.15620000000001, 19.28556], [73.15388, 19.29153], [73.15989, 19.291610000000002], [73.16341, 19.294030000000003], [73.16726000000001, 19.29176]]]}}, {"id": "209", "type": "Feature", "properties": {"village_name": "Itade", "vil_lgd": 552635, "district_name": "Thane", "dist_lgd": 497, "subdistrict_name": "Bhiwandi", "sdcode": 4166, "block_name": "Bhiwandi", "block_lgd": 217.0, "gp_name": "", "state_name": "MAHARASHTRA", "state_lgd": 27, "population": 1245, "households": 247}, "geometry": {"type": "Polygon", "coordinates": [[[73.15989, 19.291610000000002], [73.15388, 19.29153], [73.15388, 19.29335], [73.15836, 19.298560000000002], [73.16173, 19.29879], [73.16365, 19.29614], [73.16341, 19.294030000000003], [73.15989, 19.291610000000002]]]}}, {"id": "210", "type": "Feature", "properties": {"village_name": "Sange", "vil_lgd": 552633, "district_name": "Thane", "dist_lgd": 497, "subdistrict_name": "Bhiwandi", "sdcode": 4166, "block_name": "Bhiwandi", "block_lgd": 217.0, "gp_name": "", "state_name": "MAHARASHTRA", "state_lgd": 27, "population": 475, "households": 108}, "geometry": {"type": "Polygon", "coordinates": [[[73.17278, 19.29871], [73.17577, 19.30018], [73.17629000000001, 19.298810000000003], [73.17476, 19.29754], [73.17417, 19.29223], [73.17062, 19.29146], [73.16726000000001, 19.29176], [73.16341, 19.294030000000003], [73.16365, 19.29614], [73.16173, 19.29879], [73.16165000000001, 19.30265], [73.16277000000001, 19.30544], [73.16565, 19.30544], [73.17014, 19.29917], [73.17278, 19.29871]]]}}, {"id": "211", "type": "Feature", "properties": {"village_name": "Amane", "vil_lgd": 552629, "district_name": "Thane", "dist_lgd": 497, "subdistrict_name": "Bhiwandi", "sdcode": 4166, "block_name": "Bhiwandi", "block_lgd": 217.0, "gp_name": "", "state_name": "MAHARASHTRA", "state_lgd": 27, "population": 2683, "households": 520}, "geometry": {"type": "Polygon", "coordinates": [[[73.16397, 19.32601], [73.16621, 19.32298], [73.16820000000001, 19.32226], [73.17024, 19.32157], [73.17065000000001, 19.320420000000002], [73.17116, 19.31219], [73.1679, 19.31096], [73.16237000000001, 19.312170000000002], [73.15957, 19.3121], [73.16021, 19.306800000000003], [73.16133, 19.30552], [73.16277000000001, 19.30544], [73.16165000000001, 19.30265], [73.16173, 19.29879], [73.15836, 19.298560000000002], [73.15492, 19.306500000000003], [73.15107, 19.309], [73.15020000000001, 19.31126], [73.15003, 19.31678], [73.15078000000001, 19.31802], [73.15211000000001, 19.320410000000003], [73.1511, 19.325860000000002], [73.15203000000001, 19.328000000000003], [73.15411, 19.32919], [73.15692, 19.328200000000002], [73.16397, 19.32601]]]}}, {"id": "212", "type": "Feature", "properties": {"village_name": "Vashere", "vil_lgd": 552624, "district_name": "Thane", "dist_lgd": 497, "subdistrict_name": "Bhiwandi", "sdcode": 4166, "block_name": "Bhiwandi", "block_lgd": 217.0, "gp_name": "", "state_name": "MAHARASHTRA", "state_lgd": 27, "population": 560, "households": 108}, "geometry": {"type": "Polygon", "coordinates": [[[73.17, 19.336180000000002], [73.17168000000001, 19.328590000000002], [73.16877000000001, 19.32665], [73.16820000000001, 19.32226], [73.16621, 19.32298], [73.16397, 19.32601], [73.15692, 19.328200000000002], [73.15798000000001, 19.341250000000002], [73.16518, 19.33765], [73.16814000000001, 19.335140000000003], [73.17, 19.336180000000002]]]}}, {"id": "213", "type": "Feature", "properties": {"village_name": "Kukase", "vil_lgd": 552625, "district_name": "Thane", "dist_lgd": 497, "subdistrict_name": "Bhiwandi", "sdcode": 4166, "block_name": "Bhiwandi", "block_lgd": 217.0, "gp_name": "", "state_name": "MAHARASHTRA", "state_lgd": 27, "population": 806, "households": 162}, "geometry": {"type": "Polygon", "coordinates": [[[73.14451000000001, 19.34185], [73.14903000000001, 19.339570000000002], [73.15177, 19.33118], [73.15244000000001, 19.32986], [73.15411, 19.32919], [73.15203000000001, 19.328000000000003], [73.1511, 19.325860000000002], [73.14145, 19.326320000000003], [73.13972000000001, 19.327820000000003], [73.13968000000001, 19.33085], [73.13819000000001, 19.335410000000003], [73.13380000000001, 19.3363], [73.13717000000001, 19.34026], [73.13820000000001, 19.344800000000003], [73.14216, 19.3442], [73.14451000000001, 19.34185]], [[73.14099, 19.338440000000002], [73.1401, 19.33934], [73.13921, 19.338440000000002], [73.14023, 19.337680000000002], [73.14099, 19.338440000000002]]]}}, {"id": "214", "type": "Feature", "properties": {"village_name": "Usroli", "vil_lgd": 552627, "district_name": "Thane", "dist_lgd": 497, "subdistrict_name": "Bhiwandi", "sdcode": 4166, "block_name": "Bhiwandi", "block_lgd": 217.0, "gp_name": "", "state_name": "MAHARASHTRA", "state_lgd": 27, "population": 661, "households": 125}, "geometry": {"type": "Polygon", "coordinates": [[[73.15211000000001, 19.320410000000003], [73.15078000000001, 19.31802], [73.1477, 19.317780000000003], [73.14234, 19.31973], [73.1413, 19.320870000000003], [73.13625, 19.32223], [73.13315, 19.32477], [73.13081000000001, 19.32676], [73.12832, 19.332890000000003], [73.13380000000001, 19.3363], [73.13819000000001, 19.335410000000003], [73.13968000000001, 19.33085], [73.13972000000001, 19.327820000000003], [73.14145, 19.326320000000003], [73.1511, 19.325860000000002], [73.15211000000001, 19.320410000000003]]]}}, {"id": "215", "type": "Feature", "properties": {"village_name": "Sawad", "vil_lgd": 552634, "district_name": "Thane", "dist_lgd": 497, "subdistrict_name": "Bhiwandi", "sdcode": 4166, "block_name": "Bhiwandi", "block_lgd": 217.0, "gp_name": "", "state_name": "MAHARASHTRA", "state_lgd": 27, "population": 1419, "households": 283}, "geometry": {"type": "Polygon", "coordinates": [[[73.15027, 19.290550000000003], [73.14907000000001, 19.29221], [73.14608000000001, 19.29604], [73.14603000000001, 19.298260000000003], [73.14723000000001, 19.299390000000002], [73.14803, 19.30197], [73.14987, 19.30302], [73.15107, 19.309], [73.15492, 19.306500000000003], [73.15836, 19.298560000000002], [73.15388, 19.29335], [73.15388, 19.29153], [73.15027, 19.290550000000003]]]}}, {"id": "216", "type": "Feature", "properties": {"village_name": "Devrung", "vil_lgd": 552636, "district_name": "Thane", "dist_lgd": 497, "subdistrict_name": "Bhiwandi", "sdcode": 4166, "block_name": "Bhiwandi", "block_lgd": 217.0, "gp_name": "", "state_name": "MAHARASHTRA", "state_lgd": 27, "population": 1937, "households": 387}, "geometry": {"type": "Polygon", "coordinates": [[[73.14643000000001, 19.273380000000003], [73.1417, 19.273690000000002], [73.14899000000001, 19.28367], [73.15027, 19.290550000000003], [73.15388, 19.29153], [73.15620000000001, 19.28556], [73.15700000000001, 19.27936], [73.15652, 19.27777], [73.14787000000001, 19.274440000000002], [73.14643000000001, 19.273380000000003]]]}}, {"id": "217", "type": "Feature", "properties": {"village_name": "Bapgaon", "vil_lgd": 552648, "district_name": "Thane", "dist_lgd": 497, "subdistrict_name": "Bhiwandi", "sdcode": 4166, "block_name": "Bhiwandi", "block_lgd": 217.0, "gp_name": "", "state_name": "MAHARASHTRA", "state_lgd": 27, "population": 892, "households": 181}, "geometry": {"type": "Polygon", "coordinates": [[[73.14431, 19.26782], [73.13911, 19.269360000000002], [73.13525, 19.273850000000003], [73.13391, 19.2789], [73.13153000000001, 19.281560000000002], [73.13914000000001, 19.28488], [73.14098, 19.28684], [73.14194, 19.289340000000003], [73.15027, 19.290550000000003], [73.14899000000001, 19.28367], [73.1417, 19.273690000000002], [73.14643000000001, 19.273380000000003], [73.14616000000001, 19.26864], [73.14431, 19.26782]]]}}, {"id": "218", "type": "Feature", "properties": {"village_name": "Muthaval", "vil_lgd": 552647, "district_name": "Thane", "dist_lgd": 497, "subdistrict_name": "Bhiwandi", "sdcode": 4166, "block_name": "Bhiwandi", "block_lgd": 217.0, "gp_name": "", "state_name": "MAHARASHTRA", "state_lgd": 27, "population": 591, "households": 123}, "geometry": {"type": "Polygon", "coordinates": [[[73.15027, 19.290550000000003], [73.14194, 19.289340000000003], [73.14608000000001, 19.29604], [73.14907000000001, 19.29221], [73.15027, 19.290550000000003]]]}}, {"id": "219", "type": "Feature", "properties": {"village_name": "Lonad", "vil_lgd": 552646, "district_name": "Thane", "dist_lgd": 497, "subdistrict_name": "Bhiwandi", "sdcode": 4166, "block_name": "Bhiwandi", "block_lgd": 217.0, "gp_name": "", "state_name": "MAHARASHTRA", "state_lgd": 27, "population": 2409, "households": 474}, "geometry": {"type": "Polygon", "coordinates": [[[73.13906, 19.30469], [73.14274, 19.305970000000002], [73.14434, 19.307940000000002], [73.14552, 19.3133], [73.14691, 19.311870000000003], [73.15020000000001, 19.31126], [73.15107, 19.309], [73.14987, 19.30302], [73.14803, 19.30197], [73.14723000000001, 19.299390000000002], [73.14603000000001, 19.298260000000003], [73.14608000000001, 19.29604], [73.14194, 19.289340000000003], [73.14098, 19.28684], [73.13914000000001, 19.28488], [73.13153000000001, 19.281560000000002], [73.12604, 19.282400000000003], [73.12776000000001, 19.288960000000003], [73.1268, 19.29176], [73.12672, 19.2997], [73.1252, 19.30393], [73.12576, 19.306050000000003], [73.13369, 19.304910000000003], [73.13409, 19.310660000000002], [73.13201000000001, 19.31595], [73.13315, 19.32477], [73.13625, 19.32223], [73.13906, 19.30469]]]}}, {"id": "220", "type": "Feature", "properties": {"village_name": "Bhawale", "vil_lgd": 552644, "district_name": "Thane", "dist_lgd": 497, "subdistrict_name": "Bhiwandi", "sdcode": 4166, "block_name": "Bhiwandi", "block_lgd": 217.0, "gp_name": "", "state_name": "MAHARASHTRA", "state_lgd": 27, "population": 705, "households": 133}, "geometry": {"type": "Polygon", "coordinates": [[[73.13369, 19.304910000000003], [73.12576, 19.306050000000003], [73.12563, 19.309610000000003], [73.12201, 19.32648], [73.12230000000001, 19.328090000000003], [73.12544000000001, 19.32917], [73.12677000000001, 19.33114], [73.12658, 19.33267], [73.12832, 19.332890000000003], [73.13081000000001, 19.32676], [73.13315, 19.32477], [73.13201000000001, 19.31595], [73.13409, 19.310660000000002], [73.13369, 19.304910000000003]]]}}, {"id": "221", "type": "Feature", "properties": {"village_name": "Shivnagar", "vil_lgd": 552649, "district_name": "Thane", "dist_lgd": 497, "subdistrict_name": "Bhiwandi", "sdcode": 4166, "block_name": "Bhiwandi", "block_lgd": 217.0, "gp_name": "", "state_name": "MAHARASHTRA", "state_lgd": 27, "population": 3030, "households": 556}, "geometry": {"type": "Polygon", "coordinates": [[[73.12677000000001, 19.33114], [73.12544000000001, 19.32917], [73.12230000000001, 19.328090000000003], [73.12201, 19.32648], [73.12563, 19.309610000000003], [73.12576, 19.306050000000003], [73.1252, 19.30393], [73.12672, 19.2997], [73.1268, 19.29176], [73.12776000000001, 19.288960000000003], [73.12604, 19.282400000000003], [73.11232000000001, 19.27814], [73.11151000000001, 19.285670000000003], [73.10944, 19.291330000000002], [73.12168000000001, 19.28965], [73.12121, 19.29032], [73.12061, 19.29211], [73.12073000000001, 19.30075], [73.11919, 19.30086], [73.11871000000001, 19.30299], [73.11491000000001, 19.302660000000003], [73.11467, 19.31051], [73.11101000000001, 19.31688], [73.11137000000001, 19.32083], [73.11327, 19.32414], [73.11431, 19.3263], [73.11831000000001, 19.32908], [73.12002000000001, 19.331950000000003], [73.12658, 19.33267], [73.12677000000001, 19.33114]]]}}, {"id": "222", "type": "Feature", "properties": {"village_name": "Elkunde", "vil_lgd": 552650, "district_name": "Thane", "dist_lgd": 497, "subdistrict_name": "Bhiwandi", "sdcode": 4166, "block_name": "Bhiwandi", "block_lgd": 217.0, "gp_name": "", "state_name": "MAHARASHTRA", "state_lgd": 27, "population": 725, "households": 146}, "geometry": {"type": "Polygon", "coordinates": [[[73.12168000000001, 19.28965], [73.10944, 19.291330000000002], [73.10851000000001, 19.29277], [73.10849, 19.29458], [73.11003000000001, 19.298170000000002], [73.11301, 19.29851], [73.11491000000001, 19.302660000000003], [73.11871000000001, 19.30299], [73.11919, 19.30086], [73.12073000000001, 19.30075], [73.12061, 19.29211], [73.12121, 19.29032], [73.12168000000001, 19.28965]]]}}, {"id": "223", "type": "Feature", "properties": {"village_name": "Walshind", "vil_lgd": 552643, "district_name": "Thane", "dist_lgd": 497, "subdistrict_name": "Bhiwandi", "sdcode": 4166, "block_name": "Bhiwandi", "block_lgd": 217.0, "gp_name": "", "state_name": "MAHARASHTRA", "state_lgd": 27, "population": 1219, "households": 230}, "geometry": {"type": "Polygon", "coordinates": [[[73.11301, 19.29851], [73.11003000000001, 19.298170000000002], [73.10849, 19.29458], [73.10851000000001, 19.29277], [73.10758000000001, 19.292180000000002], [73.09706, 19.3015], [73.10238000000001, 19.30543], [73.10323000000001, 19.31418], [73.11101000000001, 19.31688], [73.11467, 19.31051], [73.11491000000001, 19.302660000000003], [73.11301, 19.29851]]]}}, {"id": "224", "type": "Feature", "properties": {"village_name": "Yewai", "vil_lgd": 552642, "district_name": "Thane", "dist_lgd": 497, "subdistrict_name": "Bhiwandi", "sdcode": 4166, "block_name": "Bhiwandi", "block_lgd": 217.0, "gp_name": "", "state_name": "MAHARASHTRA", "state_lgd": 27, "population": 673, "households": 135}, "geometry": {"type": "Polygon", "coordinates": [[[73.10323000000001, 19.31418], [73.10248, 19.319100000000002], [73.10077000000001, 19.320040000000002], [73.09927, 19.32536], [73.10205, 19.327920000000002], [73.10233000000001, 19.330340000000003], [73.10414, 19.330340000000003], [73.10728, 19.328090000000003], [73.11137000000001, 19.32083], [73.11101000000001, 19.31688], [73.10323000000001, 19.31418]]]}}, {"id": "225", "type": "Feature", "properties": {"village_name": "Pilanze Kh", "vil_lgd": 552520, "district_name": "Thane", "dist_lgd": 497, "subdistrict_name": "Bhiwandi", "sdcode": 4166, "block_name": "Bhiwandi", "block_lgd": 217.0, "gp_name": "", "state_name": "MAHARASHTRA", "state_lgd": 27, "population": 843, "households": 200}, "geometry": {"type": "Polygon", "coordinates": [[[73.05339000000001, 19.391250000000003], [73.06067, 19.39139], [73.06156, 19.387330000000002], [73.06200000000001, 19.38397], [73.05889, 19.377100000000002], [73.04688, 19.37227], [73.04241, 19.38662], [73.04121, 19.390130000000003], [73.05057000000001, 19.39349], [73.05339000000001, 19.391250000000003]]]}}, {"id": "226", "type": "Feature", "properties": {"village_name": "Nimbavali", "vil_lgd": 552641, "district_name": "Thane", "dist_lgd": 497, "subdistrict_name": "Bhiwandi", "sdcode": 4166, "block_name": "Bhiwandi", "block_lgd": 217.0, "gp_name": "", "state_name": "MAHARASHTRA", "state_lgd": 27, "population": 970, "households": 168}, "geometry": {"type": "Polygon", "coordinates": [[[73.09743, 19.341720000000002], [73.09853000000001, 19.34137], [73.10148000000001, 19.335720000000002], [73.10157000000001, 19.331500000000002], [73.10233000000001, 19.330340000000003], [73.10205, 19.327920000000002], [73.09927, 19.32536], [73.09071, 19.337200000000003], [73.08872000000001, 19.33727], [73.08845000000001, 19.342180000000003], [73.09743, 19.341720000000002]]]}}, {"id": "227", "type": "Feature", "properties": {"village_name": "Gorsai", "vil_lgd": 552639, "district_name": "Thane", "dist_lgd": 497, "subdistrict_name": "Bhiwandi", "sdcode": 4166, "block_name": "Bhiwandi", "block_lgd": 217.0, "gp_name": "", "state_name": "MAHARASHTRA", "state_lgd": 27, "population": 2274, "households": 452}, "geometry": {"type": "Polygon", "coordinates": [[[73.08872000000001, 19.33727], [73.08544, 19.336460000000002], [73.08558000000001, 19.329400000000003], [73.08494, 19.32684], [73.07260000000001, 19.327240000000003], [73.07310000000001, 19.32946], [73.07816000000001, 19.3337], [73.07888000000001, 19.337130000000002], [73.08441, 19.342280000000002], [73.08779000000001, 19.34334], [73.08845000000001, 19.342180000000003], [73.08872000000001, 19.33727]]]}}, {"id": "228", "type": "Feature", "properties": {"village_name": "Bhinar", "vil_lgd": 552640, "district_name": "Thane", "dist_lgd": 497, "subdistrict_name": "Bhiwandi", "sdcode": 4166, "block_name": "Bhiwandi", "block_lgd": 217.0, "gp_name": "", "state_name": "MAHARASHTRA", "state_lgd": 27, "population": 1599, "households": 359}, "geometry": {"type": "Polygon", "coordinates": [[[73.10077000000001, 19.320040000000002], [73.09920000000001, 19.32166], [73.09036, 19.32179], [73.08494, 19.32684], [73.08558000000001, 19.329400000000003], [73.08544, 19.336460000000002], [73.08872000000001, 19.33727], [73.09071, 19.337200000000003], [73.09927, 19.32536], [73.10077000000001, 19.320040000000002]]]}}, {"id": "229", "type": "Feature", "properties": {"village_name": "Sawandhe", "vil_lgd": 552638, "district_name": "Thane", "dist_lgd": 497, "subdistrict_name": "Bhiwandi", "sdcode": 4166, "block_name": "Bhiwandi", "block_lgd": 217.0, "gp_name": "", "state_name": "MAHARASHTRA", "state_lgd": 27, "population": 2807, "households": 700}, "geometry": {"type": "Polygon", "coordinates": [[[73.08515000000001, 19.319840000000003], [73.0716, 19.31991], [73.07260000000001, 19.327240000000003], [73.08494, 19.32684], [73.09036, 19.32179], [73.08515000000001, 19.319840000000003]]]}}, {"id": "230", "type": "Feature", "properties": {"village_name": "Shelar", "vil_lgd": 552676, "district_name": "Thane", "dist_lgd": 497, "subdistrict_name": "Bhiwandi", "sdcode": 4166, "block_name": "", "block_lgd": null, "gp_name": "", "state_name": "MAHARASHTRA", "state_lgd": 27, "population": 14899, "households": 3538}, "geometry": {"type": "Polygon", "coordinates": [[[73.05682, 19.33283], [73.06324000000001, 19.32823], [73.06765, 19.336720000000003], [73.07201, 19.337200000000003], [73.07737, 19.33874], [73.07888000000001, 19.337130000000002], [73.07816000000001, 19.3337], [73.07310000000001, 19.32946], [73.07260000000001, 19.327240000000003], [73.0716, 19.31991], [73.06964, 19.314510000000002], [73.06714000000001, 19.313390000000002], [73.06437000000001, 19.31368], [73.06371, 19.317020000000003], [73.06145000000001, 19.321060000000003], [73.05302, 19.331490000000002], [73.05195, 19.334960000000002], [73.04777, 19.33896], [73.05090000000001, 19.34014], [73.05704, 19.339630000000003], [73.05682, 19.33283]]]}}, {"id": "231", "type": "Feature", "properties": {"village_name": "Rahanal", "vil_lgd": 552684, "district_name": "Thane", "dist_lgd": 497, "subdistrict_name": "Bhiwandi", "sdcode": 4166, "block_name": "", "block_lgd": null, "gp_name": "", "state_name": "MAHARASHTRA", "state_lgd": 27, "population": 10928, "households": 2590}, "geometry": {"type": "Polygon", "coordinates": [[[73.04017, 19.276490000000003], [73.04148, 19.269750000000002], [73.03836000000001, 19.2664], [73.03346, 19.265680000000003], [73.02947, 19.26629], [73.02811000000001, 19.267480000000003], [73.01950000000001, 19.26583], [73.01921, 19.267660000000003], [73.01679, 19.273870000000002], [73.01698, 19.2768], [73.0194, 19.27862], [73.02325, 19.27906], [73.03126, 19.27907], [73.04017, 19.276490000000003]]]}}, {"id": "232", "type": "Feature", "properties": {"village_name": "Purne", "vil_lgd": 552685, "district_name": "Thane", "dist_lgd": 497, "subdistrict_name": "Bhiwandi", "sdcode": 4166, "block_name": "", "block_lgd": null, "gp_name": "", "state_name": "MAHARASHTRA", "state_lgd": 27, "population": 6588, "households": 1486}, "geometry": {"type": "Polygon", "coordinates": [[[73.03286, 19.260710000000003], [73.03244000000001, 19.257810000000003], [73.03368, 19.25655], [73.03396000000001, 19.25224], [73.03101000000001, 19.251260000000002], [73.02987, 19.247580000000003], [73.02474000000001, 19.24812], [73.02369, 19.249100000000002], [73.02398000000001, 19.25521], [73.02322000000001, 19.25655], [73.0198, 19.257270000000002], [73.02008000000001, 19.26113], [73.02170000000001, 19.263640000000002], [73.01903, 19.26499], [73.01950000000001, 19.26583], [73.02811000000001, 19.267480000000003], [73.02947, 19.26629], [73.03346, 19.265680000000003], [73.03286, 19.260710000000003]]]}}, {"id": "233", "type": "Feature", "properties": {"village_name": "Kalher", "vil_lgd": 552686, "district_name": "Thane", "dist_lgd": 497, "subdistrict_name": "Bhiwandi", "sdcode": 4166, "block_name": "", "block_lgd": null, "gp_name": "", "state_name": "MAHARASHTRA", "state_lgd": 27, "population": 15573, "households": 3587}, "geometry": {"type": "Polygon", "coordinates": [[[73.01085, 19.26272], [73.01180000000001, 19.263440000000003], [73.01294, 19.26281], [73.01551, 19.25778], [73.0198, 19.257270000000002], [73.02322000000001, 19.25655], [73.02398000000001, 19.25521], [73.02369, 19.249100000000002], [73.02089000000001, 19.244480000000003], [73.01775, 19.243940000000002], [73.01533, 19.239500000000003], [73.01283000000001, 19.23741], [73.00185, 19.232580000000002], [72.99977000000001, 19.248330000000003], [72.99353, 19.25702], [72.99071, 19.26403], [72.99649000000001, 19.264870000000002], [73.00764000000001, 19.2633], [73.01085, 19.26272]]]}}, {"id": "234", "type": "Feature", "properties": {"village_name": "Kharbav", "vil_lgd": 552683, "district_name": "Thane", "dist_lgd": 497, "subdistrict_name": "Bhiwandi", "sdcode": 4166, "block_name": "", "block_lgd": null, "gp_name": "", "state_name": "MAHARASHTRA", "state_lgd": 27, "population": 5250, "households": 1109}, "geometry": {"type": "Polygon", "coordinates": [[[72.99411, 19.31602], [72.99839, 19.31181], [73.00332, 19.30993], [73.00634000000001, 19.3088], [73.00383000000001, 19.29785], [73.00399, 19.29042], [72.98167000000001, 19.28959], [72.96872, 19.297970000000003], [72.97135, 19.307090000000002], [72.97348000000001, 19.314500000000002], [72.97529, 19.316470000000002], [72.97966000000001, 19.31746], [72.98166, 19.32141], [72.98385, 19.318710000000003], [72.98879000000001, 19.318710000000003], [72.9925, 19.31602], [72.99411, 19.31602]]]}}, {"id": "235", "type": "Feature", "properties": {"village_name": "Karivali", "vil_lgd": 552682, "district_name": "Thane", "dist_lgd": 497, "subdistrict_name": "Bhiwandi", "sdcode": 4166, "block_name": "", "block_lgd": null, "gp_name": "", "state_name": "MAHARASHTRA", "state_lgd": 27, "population": 12907, "households": 3190}, "geometry": {"type": "Polygon", "coordinates": [[[73.04161, 19.30121], [73.04516000000001, 19.30274], [73.04029000000001, 19.298470000000002], [73.03993000000001, 19.296120000000002], [73.04112, 19.292080000000002], [73.04136000000001, 19.28726], [73.04005000000001, 19.28591], [73.03268, 19.28524], [73.03173000000001, 19.284000000000002], [73.03054, 19.28939], [73.02995, 19.29876], [73.03054, 19.302400000000002], [73.03567000000001, 19.304460000000002], [73.03674000000001, 19.30715], [73.03864, 19.30816], [73.03947000000001, 19.30648], [73.03935, 19.30311], [73.04042000000001, 19.30143], [73.04161, 19.30121]]]}}, {"id": "236", "type": "Feature", "properties": {"village_name": "Ulhasnagar", "vil_lgd": 251484, "district_name": "Thane", "dist_lgd": 497, "subdistrict_name": "Ulhasnagar", "sdcode": 4169, "block_name": "", "block_lgd": 0.0, "gp_name": "", "state_name": "MAHARASHTRA", "state_lgd": 27, "population": 506098, "households": 111799}, "geometry": {"type": "Polygon", "coordinates": [[[73.17200000000001, 19.24988], [73.17384000000001, 19.251150000000003], [73.17261, 19.23889], [73.17384000000001, 19.23391], [73.17601, 19.230220000000003], [73.17287, 19.22839], [73.17287, 19.2236], [73.17373, 19.21816], [73.1816, 19.204530000000002], [73.18154000000001, 19.20167], [73.1772, 19.198600000000003], [73.17447, 19.19742], [73.17253000000001, 19.197470000000003], [73.17002000000001, 19.19806], [73.16905000000001, 19.19893], [73.16865, 19.20097], [73.16688, 19.202160000000003], [73.16377, 19.20242], [73.162, 19.20446], [73.1618, 19.206310000000002], [73.16215000000001, 19.21331], [73.16112000000001, 19.214760000000002], [73.15950000000001, 19.21479], [73.15901000000001, 19.21713], [73.14797, 19.22673], [73.14503, 19.227780000000003], [73.14405000000001, 19.22997], [73.15398, 19.235760000000003], [73.15852000000001, 19.24004], [73.16611, 19.253580000000003], [73.16832000000001, 19.250230000000002], [73.17200000000001, 19.24988]]]}}, {"id": "237", "type": "Feature", "properties": {"village_name": "Kambe", "vil_lgd": 552680, "district_name": "Thane", "dist_lgd": 497, "subdistrict_name": "Bhiwandi", "sdcode": 4166, "block_name": "", "block_lgd": null, "gp_name": "", "state_name": "MAHARASHTRA", "state_lgd": 27, "population": 6642, "households": 1559}, "geometry": {"type": "Polygon", "coordinates": [[[73.04256000000001, 19.332610000000003], [73.04339, 19.3261], [73.04125, 19.324530000000003], [73.04292000000001, 19.318360000000002], [73.04256000000001, 19.31556], [73.03864, 19.30816], [73.03674000000001, 19.30715], [73.03567000000001, 19.304460000000002], [73.03054, 19.302400000000002], [73.02728, 19.30837], [73.02947, 19.31352], [73.02961, 19.32319], [73.03315, 19.33454], [73.03797, 19.34409], [73.04777, 19.33896], [73.04256000000001, 19.332610000000003]]]}}, {"id": "238", "type": "Feature", "properties": {"village_name": "Katai", "vil_lgd": 552681, "district_name": "Thane", "dist_lgd": 497, "subdistrict_name": "Bhiwandi", "sdcode": 4166, "block_name": "", "block_lgd": null, "gp_name": "", "state_name": "MAHARASHTRA", "state_lgd": 27, "population": 12898, "households": 3024}, "geometry": {"type": "Polygon", "coordinates": [[[73.05082, 19.302470000000003], [73.04516000000001, 19.30274], [73.04161, 19.30121], [73.04042000000001, 19.30143], [73.03935, 19.30311], [73.03947000000001, 19.30648], [73.03864, 19.30816], [73.04256000000001, 19.31556], [73.04494000000001, 19.316570000000002], [73.04589, 19.317690000000002], [73.04874000000001, 19.31623], [73.05040000000001, 19.30749], [73.05082, 19.302470000000003]]]}}, {"id": "239", "type": "Feature", "properties": {"village_name": "Khoni", "vil_lgd": 552677, "district_name": "Thane", "dist_lgd": 497, "subdistrict_name": "Bhiwandi", "sdcode": 4166, "block_name": "", "block_lgd": null, "gp_name": "", "state_name": "MAHARASHTRA", "state_lgd": 27, "population": 26016, "households": 4752}, "geometry": {"type": "Polygon", "coordinates": [[[73.06437000000001, 19.31368], [73.05621000000001, 19.309910000000002], [73.05467, 19.304190000000002], [73.05229, 19.302400000000002], [73.05082, 19.302470000000003], [73.05040000000001, 19.30749], [73.04874000000001, 19.31623], [73.04589, 19.317690000000002], [73.04648, 19.323410000000003], [73.04339, 19.3261], [73.04256000000001, 19.332610000000003], [73.04777, 19.33896], [73.05195, 19.334960000000002], [73.05302, 19.331490000000002], [73.06145000000001, 19.321060000000003], [73.06371, 19.317020000000003], [73.06437000000001, 19.31368]]]}}, {"id": "240", "type": "Feature", "properties": {"village_name": "Saravali", "vil_lgd": 552653, "district_name": "Thane", "dist_lgd": 497, "subdistrict_name": "Bhiwandi", "sdcode": 4166, "block_name": "Bhiwandi", "block_lgd": 217.0, "gp_name": "", "state_name": "MAHARASHTRA", "state_lgd": 27, "population": 3532, "households": 978}, "geometry": {"type": "Polygon", "coordinates": [[[73.10253, 19.271320000000003], [73.10182, 19.269910000000003], [73.10182, 19.265780000000003], [73.10283000000001, 19.26329], [73.09957, 19.261490000000002], [73.09182000000001, 19.26406], [73.09044, 19.266080000000002], [73.09133, 19.26769], [73.08810000000001, 19.272060000000003], [73.09083000000001, 19.27402], [73.0938, 19.273410000000002], [73.09987000000001, 19.274990000000003], [73.1006, 19.27393], [73.10253, 19.271320000000003]], [[73.09733, 19.271330000000003], [73.09791000000001, 19.27241], [73.09706, 19.27298], [73.09617, 19.272080000000003], [73.09693, 19.271310000000003], [73.09733, 19.271330000000003]], [[73.09845, 19.26388], [73.09912, 19.26471], [73.09818, 19.265530000000002], [73.09734, 19.26463], [73.09801, 19.26388], [73.09845, 19.26388]]]}}, {"id": "241", "type": "Feature", "properties": {"village_name": "Sonale", "vil_lgd": 552651, "district_name": "Thane", "dist_lgd": 497, "subdistrict_name": "Bhiwandi", "sdcode": 4166, "block_name": "Bhiwandi", "block_lgd": 217.0, "gp_name": "", "state_name": "MAHARASHTRA", "state_lgd": 27, "population": 1448, "households": 349}, "geometry": {"type": "Polygon", "coordinates": [[[73.10851000000001, 19.29277], [73.10944, 19.291330000000002], [73.11151000000001, 19.285670000000003], [73.11232000000001, 19.27814], [73.1067, 19.275630000000003], [73.10253, 19.271320000000003], [73.1006, 19.27393], [73.09987000000001, 19.274990000000003], [73.0938, 19.273410000000002], [73.09083000000001, 19.27402], [73.08857, 19.27718], [73.08963, 19.28097], [73.08954, 19.284830000000003], [73.08721, 19.29474], [73.09154000000001, 19.30019], [73.09706, 19.3015], [73.10758000000001, 19.292180000000002], [73.10851000000001, 19.29277]], [[73.09530000000001, 19.287940000000003], [73.09588000000001, 19.28902], [73.09504000000001, 19.28959], [73.09415, 19.288690000000003], [73.09491000000001, 19.287920000000003], [73.09530000000001, 19.287940000000003]]]}}, {"id": "242", "type": "Feature", "properties": {"village_name": "Gove", "vil_lgd": 552659, "district_name": "Thane", "dist_lgd": 497, "subdistrict_name": "Bhiwandi", "sdcode": 4166, "block_name": "Bhiwandi", "block_lgd": 217.0, "gp_name": "", "state_name": "MAHARASHTRA", "state_lgd": 27, "population": 4766, "households": 1032}, "geometry": {"type": "Polygon", "coordinates": [[[73.08826, 19.24105], [73.08533, 19.24258], [73.08117, 19.24258], [73.08195, 19.24606], [73.08328, 19.248130000000003], [73.08252, 19.250010000000003], [73.07938, 19.251900000000003], [73.07938, 19.253330000000002], [73.08309000000001, 19.253870000000003], [73.0828, 19.256210000000003], [73.08718, 19.25692], [73.08908000000001, 19.257730000000002], [73.10039, 19.258750000000003], [73.1002, 19.255670000000002], [73.09887, 19.25235], [73.09174, 19.24597], [73.09022, 19.24292], [73.08826, 19.24105]]]}}, {"id": "243", "type": "Feature", "properties": {"village_name": "Ranjnoli", "vil_lgd": 552657, "district_name": "Thane", "dist_lgd": 497, "subdistrict_name": "Bhiwandi", "sdcode": 4166, "block_name": "Bhiwandi", "block_lgd": 217.0, "gp_name": "", "state_name": "MAHARASHTRA", "state_lgd": 27, "population": 5618, "households": 1504}, "geometry": {"type": "Polygon", "coordinates": [[[73.09133, 19.26769], [73.09044, 19.266080000000002], [73.08556, 19.26294], [73.08166, 19.25881], [73.07929, 19.257820000000002], [73.07757000000001, 19.26482], [73.07814, 19.26886], [73.07986000000001, 19.27299], [73.08810000000001, 19.272060000000003], [73.09133, 19.26769]]]}}, {"id": "244", "type": "Feature", "properties": {"village_name": "Bhiwandi", "vil_lgd": 251477, "district_name": "Thane", "dist_lgd": 497, "subdistrict_name": "Bhiwandi", "sdcode": 4166, "block_name": "", "block_lgd": 0.0, "gp_name": "", "state_name": "MAHARASHTRA", "state_lgd": 27, "population": 709665, "households": 140035}, "geometry": {"type": "Polygon", "coordinates": [[[73.10248, 19.319100000000002], [73.10323000000001, 19.31418], [73.10238000000001, 19.30543], [73.09706, 19.3015], [73.09154000000001, 19.30019], [73.08721, 19.29474], [73.08954, 19.284830000000003], [73.08963, 19.28097], [73.08857, 19.27718], [73.09083000000001, 19.27402], [73.08810000000001, 19.272060000000003], [73.07986000000001, 19.27299], [73.07701, 19.273010000000003], [73.07558, 19.268970000000003], [73.07416, 19.269090000000002], [73.0719, 19.27267], [73.06871000000001, 19.273600000000002], [73.06619, 19.27548], [73.06203000000001, 19.27548], [73.06073, 19.274690000000003], [73.06061000000001, 19.27211], [73.05864000000001, 19.268870000000003], [73.04956, 19.266840000000002], [73.04672000000001, 19.26706], [73.04231, 19.268440000000002], [73.04148, 19.269750000000002], [73.04017, 19.276490000000003], [73.03126, 19.27907], [73.03173000000001, 19.284000000000002], [73.03268, 19.28524], [73.04005000000001, 19.28591], [73.04136000000001, 19.28726], [73.04112, 19.292080000000002], [73.03993000000001, 19.296120000000002], [73.04029000000001, 19.298470000000002], [73.04516000000001, 19.30274], [73.05082, 19.302470000000003], [73.05229, 19.302400000000002], [73.05467, 19.304190000000002], [73.05621000000001, 19.309910000000002], [73.06437000000001, 19.31368], [73.06714000000001, 19.313390000000002], [73.06964, 19.314510000000002], [73.0716, 19.31991], [73.08515000000001, 19.319840000000003], [73.09036, 19.32179], [73.09920000000001, 19.32166], [73.10077000000001, 19.320040000000002], [73.10248, 19.319100000000002]]]}}, {"id": "245", "type": "Feature", "properties": {"village_name": "Pimpalas", "vil_lgd": 552660, "district_name": "Thane", "dist_lgd": 497, "subdistrict_name": "Bhiwandi", "sdcode": 4166, "block_name": "Bhiwandi", "block_lgd": 217.0, "gp_name": "", "state_name": "MAHARASHTRA", "state_lgd": 27, "population": 3935, "households": 768}, "geometry": {"type": "Polygon", "coordinates": [[[73.07558, 19.268970000000003], [73.07701, 19.273010000000003], [73.07986000000001, 19.27299], [73.07814, 19.26886], [73.07757000000001, 19.26482], [73.07929, 19.257820000000002], [73.0828, 19.256210000000003], [73.08309000000001, 19.253870000000003], [73.07938, 19.253330000000002], [73.07938, 19.251900000000003], [73.08252, 19.250010000000003], [73.08328, 19.248130000000003], [73.08195, 19.24606], [73.08117, 19.24258], [73.07407, 19.240000000000002], [73.07293, 19.24162], [73.06973, 19.24545], [73.06973, 19.252580000000002], [73.07051000000001, 19.256420000000002], [73.06867000000001, 19.259890000000002], [73.06867000000001, 19.26272], [73.06993, 19.266560000000002], [73.06838, 19.270310000000002], [73.06871000000001, 19.273600000000002], [73.0719, 19.27267], [73.07416, 19.269090000000002], [73.07558, 19.268970000000003]]]}}, {"id": "246", "type": "Feature", "properties": {"village_name": "Khandval", "vil_lgd": 552628, "district_name": "Thane", "dist_lgd": 497, "subdistrict_name": "Bhiwandi", "sdcode": 4166, "block_name": "Bhiwandi", "block_lgd": 217.0, "gp_name": "", "state_name": "MAHARASHTRA", "state_lgd": 27, "population": 440, "households": 77}, "geometry": {"type": "Polygon", "coordinates": [[[73.1477, 19.317780000000003], [73.15078000000001, 19.31802], [73.15003, 19.31678], [73.15020000000001, 19.31126], [73.14691, 19.311870000000003], [73.14552, 19.3133], [73.14234, 19.31973], [73.1477, 19.317780000000003]]]}}, {"id": "247", "type": "Feature", "properties": {"village_name": "Pimpalgaon", "vil_lgd": 552656, "district_name": "Thane", "dist_lgd": 497, "subdistrict_name": "Bhiwandi", "sdcode": 4166, "block_name": "Bhiwandi", "block_lgd": 217.0, "gp_name": "", "state_name": "MAHARASHTRA", "state_lgd": 27, "population": 2898, "households": 726}, "geometry": {"type": "Polygon", "coordinates": [[[73.10039, 19.258750000000003], [73.08908000000001, 19.257730000000002], [73.08556, 19.26294], [73.09044, 19.266080000000002], [73.09182000000001, 19.26406], [73.09957, 19.261490000000002], [73.10039, 19.258750000000003]]]}}, {"id": "248", "type": "Feature", "properties": {"village_name": "Gholgaon", "vil_lgd": 552652, "district_name": "Thane", "dist_lgd": 497, "subdistrict_name": "Bhiwandi", "sdcode": 4166, "block_name": "Bhiwandi", "block_lgd": 217.0, "gp_name": "", "state_name": "MAHARASHTRA", "state_lgd": 27, "population": 1297, "households": 318}, "geometry": {"type": "Polygon", "coordinates": [[[73.09491000000001, 19.287920000000003], [73.09415, 19.288690000000003], [73.09504000000001, 19.28959], [73.09588000000001, 19.28902], [73.09530000000001, 19.287940000000003], [73.09491000000001, 19.287920000000003]]]}}, {"id": "249", "type": "Feature", "properties": {"village_name": "Ambarnath", "vil_lgd": 553082, "district_name": "Thane", "dist_lgd": 497, "subdistrict_name": "Ambarnath", "sdcode": 4170, "block_name": "Ambarnath", "block_lgd": 221.0, "gp_name": "", "state_name": "MAHARASHTRA", "state_lgd": 27, "population": 0, "households": 0}, "geometry": {"type": "Polygon", "coordinates": [[[73.17287, 19.2236], [73.17287, 19.22839], [73.17601, 19.230220000000003], [73.18063000000001, 19.22888], [73.17892, 19.22493], [73.1772, 19.223850000000002], [73.17287, 19.2236]]]}}, {"id": "250", "type": "Feature", "properties": {"village_name": "Rajnagar", "vil_lgd": 552655, "district_name": "Thane", "dist_lgd": 497, "subdistrict_name": "Bhiwandi", "sdcode": 4166, "block_name": "Bhiwandi", "block_lgd": 217.0, "gp_name": "", "state_name": "MAHARASHTRA", "state_lgd": 27, "population": 831, "households": 170}, "geometry": {"type": "Polygon", "coordinates": [[[73.09801, 19.26388], [73.09734, 19.26463], [73.09818, 19.265530000000002], [73.09912, 19.26471], [73.09845, 19.26388], [73.09801, 19.26388]]]}}, {"id": "251", "type": "Feature", "properties": {"village_name": "Palivali", "vil_lgd": 552469, "district_name": "Thane", "dist_lgd": 497, "subdistrict_name": "Bhiwandi", "sdcode": 4166, "block_name": "Bhiwandi", "block_lgd": 217.0, "gp_name": "", "state_name": "MAHARASHTRA", "state_lgd": 27, "population": 1978, "households": 415}, "geometry": {"type": "Polygon", "coordinates": [[[73.00789, 19.350820000000002], [73.01018, 19.34814], [73.01009, 19.345540000000003], [73.01199000000001, 19.343120000000003], [73.01465, 19.34213], [73.01551, 19.340960000000003], [73.01360000000001, 19.34016], [73.01161, 19.33755], [73.01075, 19.330830000000002], [73.00353000000001, 19.33127], [72.99773, 19.326340000000002], [72.99524000000001, 19.326970000000003], [72.99497000000001, 19.330740000000002], [72.99297, 19.33594], [72.99231, 19.34025], [72.99079, 19.34177], [72.99649000000001, 19.34572], [72.99906, 19.35065], [73.0022, 19.349400000000003], [73.00638000000001, 19.35065], [73.00789, 19.350820000000002]]]}}, {"id": "252", "type": "Feature", "properties": {"village_name": "Dhamane", "vil_lgd": 552467, "district_name": "Thane", "dist_lgd": 497, "subdistrict_name": "Bhiwandi", "sdcode": 4166, "block_name": "Bhiwandi", "block_lgd": 217.0, "gp_name": "", "state_name": "MAHARASHTRA", "state_lgd": 27, "population": 831, "households": 175}, "geometry": {"type": "Polygon", "coordinates": [[[73.00933, 19.36608], [73.00923, 19.36393], [73.01066, 19.36222], [73.00914, 19.36088], [73.00789, 19.350820000000002], [73.00638000000001, 19.35065], [73.0022, 19.349400000000003], [72.99906, 19.35065], [72.99573000000001, 19.35837], [72.99915, 19.363840000000003], [72.99868000000001, 19.37038], [73.00105, 19.3729], [73.00286000000001, 19.37364], [73.00543, 19.37424], [73.00771, 19.367600000000003], [73.00933, 19.36608]]]}}, {"id": "253", "type": "Feature", "properties": {"village_name": "Lakhivali", "vil_lgd": 552468, "district_name": "Thane", "dist_lgd": 497, "subdistrict_name": "Bhiwandi", "sdcode": 4166, "block_name": "Bhiwandi", "block_lgd": 217.0, "gp_name": "", "state_name": "MAHARASHTRA", "state_lgd": 27, "population": 2024, "households": 393}, "geometry": {"type": "Polygon", "coordinates": [[[73.03737000000001, 19.363750000000003], [73.03396000000001, 19.355790000000002], [73.02957, 19.35237], [73.02494, 19.350800000000003], [73.02073, 19.343890000000002], [73.01668000000001, 19.339090000000002], [73.01551, 19.340960000000003], [73.01465, 19.34213], [73.01199000000001, 19.343120000000003], [73.01009, 19.345540000000003], [73.01018, 19.34814], [73.00789, 19.350820000000002], [73.00914, 19.36088], [73.01066, 19.36222], [73.00923, 19.36393], [73.00933, 19.36608], [73.00771, 19.367600000000003], [73.01199000000001, 19.369670000000003], [73.01199000000001, 19.371100000000002], [73.01570000000001, 19.377380000000002], [73.01719, 19.377730000000003], [73.02805000000001, 19.38088], [73.04241, 19.38662], [73.04688, 19.37227], [73.03737000000001, 19.363750000000003]]]}}, {"id": "254", "type": "Feature", "properties": {"village_name": "Alkhivali", "vil_lgd": 552542, "district_name": "Thane", "dist_lgd": 497, "subdistrict_name": "Bhiwandi", "sdcode": 4166, "block_name": "Bhiwandi", "block_lgd": 217.0, "gp_name": "", "state_name": "MAHARASHTRA", "state_lgd": 27, "population": 491, "households": 112}, "geometry": {"type": "Polygon", "coordinates": [[[73.05061, 19.344440000000002], [73.05090000000001, 19.34014], [73.04777, 19.33896], [73.03797, 19.34409], [73.03540000000001, 19.35313], [73.03396000000001, 19.355790000000002], [73.03737000000001, 19.363750000000003], [73.04688, 19.37227], [73.04878000000001, 19.36379], [73.04849, 19.356360000000002], [73.05061, 19.344440000000002]]]}}, {"id": "255", "type": "Feature", "properties": {"village_name": "Vaghivali", "vil_lgd": 552546, "district_name": "Thane", "dist_lgd": 497, "subdistrict_name": "Bhiwandi", "sdcode": 4166, "block_name": "Bhiwandi", "block_lgd": 217.0, "gp_name": "", "state_name": "MAHARASHTRA", "state_lgd": 27, "population": 1237, "households": 291}, "geometry": {"type": "Polygon", "coordinates": [[[73.06914, 19.342480000000002], [73.07201, 19.337200000000003], [73.06765, 19.336720000000003], [73.05883, 19.338060000000002], [73.05704, 19.339630000000003], [73.05090000000001, 19.34014], [73.05061, 19.344440000000002], [73.05725000000001, 19.34935], [73.0672, 19.349770000000003], [73.07047, 19.345570000000002], [73.06914, 19.342480000000002]]]}}, {"id": "256", "type": "Feature", "properties": {"village_name": "Kolivali", "vil_lgd": 552543, "district_name": "Thane", "dist_lgd": 497, "subdistrict_name": "Bhiwandi", "sdcode": 4166, "block_name": "Bhiwandi", "block_lgd": 217.0, "gp_name": "", "state_name": "MAHARASHTRA", "state_lgd": 27, "population": 2854, "households": 648}, "geometry": {"type": "Polygon", "coordinates": [[[73.07196, 19.34739], [73.07047, 19.345570000000002], [73.0672, 19.349770000000003], [73.05725000000001, 19.34935], [73.05061, 19.344440000000002], [73.04849, 19.356360000000002], [73.05547, 19.354680000000002], [73.06200000000001, 19.35538], [73.0677, 19.357590000000002], [73.06884000000001, 19.358040000000003], [73.07404000000001, 19.361680000000003], [73.07196, 19.34739]]]}}, {"id": "257", "type": "Feature", "properties": {"village_name": "Kawad Bk", "vil_lgd": 552541, "district_name": "Thane", "dist_lgd": 497, "subdistrict_name": "Bhiwandi", "sdcode": 4166, "block_name": "Bhiwandi", "block_lgd": 217.0, "gp_name": "", "state_name": "MAHARASHTRA", "state_lgd": 27, "population": 1507, "households": 343}, "geometry": {"type": "Polygon", "coordinates": [[[73.05547, 19.354680000000002], [73.04849, 19.356360000000002], [73.04878000000001, 19.36379], [73.04688, 19.37227], [73.05889, 19.377100000000002], [73.06156, 19.375140000000002], [73.06215, 19.37121], [73.0677, 19.357590000000002], [73.06200000000001, 19.35538], [73.05547, 19.354680000000002]]]}}, {"id": "258", "type": "Feature", "properties": {"village_name": "Brahmangaon", "vil_lgd": 552472, "district_name": "Thane", "dist_lgd": 497, "subdistrict_name": "Bhiwandi", "sdcode": 4166, "block_name": "Bhiwandi", "block_lgd": 217.0, "gp_name": "", "state_name": "MAHARASHTRA", "state_lgd": 27, "population": 1424, "households": 316}, "geometry": {"type": "Polygon", "coordinates": [[[72.96705, 19.3735], [72.96931000000001, 19.37507], [72.97157, 19.371370000000002], [72.97774000000001, 19.36739], [72.9791, 19.36427], [72.97925000000001, 19.35901], [72.98181000000001, 19.35347], [72.98234000000001, 19.34797], [72.97681, 19.344730000000002], [72.97662000000001, 19.340780000000002], [72.96882000000001, 19.33639], [72.96616, 19.3324], [72.96372000000001, 19.33427], [72.96078, 19.33462], [72.96073000000001, 19.33689], [72.95984, 19.33538], [72.95919, 19.33547], [72.95865, 19.337880000000002], [72.95856, 19.3369], [72.95603000000001, 19.33819], [72.95433000000001, 19.33687], [72.95359, 19.338150000000002], [72.94316, 19.340220000000002], [72.94333, 19.344060000000002], [72.94763, 19.35347], [72.94746, 19.370880000000003], [72.94967000000001, 19.378110000000003], [72.95325000000001, 19.381310000000003], [72.95888000000001, 19.38277], [72.96023000000001, 19.384590000000003], [72.96494000000001, 19.374640000000003], [72.96705, 19.3735]]]}}, {"id": "259", "type": "Feature", "properties": {"village_name": "Kuhe", "vil_lgd": 552466, "district_name": "Thane", "dist_lgd": 497, "subdistrict_name": "Bhiwandi", "sdcode": 4166, "block_name": "Bhiwandi", "block_lgd": 217.0, "gp_name": "", "state_name": "MAHARASHTRA", "state_lgd": 27, "population": 2104, "households": 446}, "geometry": {"type": "Polygon", "coordinates": [[[72.99129, 19.383300000000002], [72.99777, 19.38501], [73.00123, 19.38174], [73.00199, 19.380180000000003], [73.00164000000001, 19.37769], [73.00286000000001, 19.37364], [73.00105, 19.3729], [72.99868000000001, 19.37038], [72.99915, 19.363840000000003], [72.99573000000001, 19.35837], [72.99906, 19.35065], [72.99649000000001, 19.34572], [72.99079, 19.34177], [72.9885, 19.34347], [72.98660000000001, 19.347510000000003], [72.98508000000001, 19.34841], [72.98234000000001, 19.34797], [72.98181000000001, 19.35347], [72.97925000000001, 19.35901], [72.9791, 19.36427], [72.97774000000001, 19.36739], [72.97157, 19.371370000000002], [72.96931000000001, 19.37507], [72.96705, 19.3735], [72.96494000000001, 19.374640000000003], [72.96023000000001, 19.384590000000003], [72.9607, 19.387050000000002], [72.95796, 19.393440000000002], [72.95783, 19.40012], [72.96193000000001, 19.4005], [72.97426, 19.39871], [72.97578, 19.39424], [72.98663, 19.38671], [72.98873, 19.38416], [72.99129, 19.383300000000002]]]}}, {"id": "260", "type": "Feature", "properties": {"village_name": "Khadaki Bk", "vil_lgd": 552464, "district_name": "Thane", "dist_lgd": 497, "subdistrict_name": "Bhiwandi", "sdcode": 4166, "block_name": "Bhiwandi", "block_lgd": 217.0, "gp_name": "", "state_name": "MAHARASHTRA", "state_lgd": 27, "population": 961, "households": 215}, "geometry": {"type": "Polygon", "coordinates": [[[72.99205, 19.402340000000002], [72.99762000000001, 19.40106], [72.99762000000001, 19.396230000000003], [73.00123, 19.393530000000002], [73.00711000000001, 19.392110000000002], [73.00741000000001, 19.38345], [73.00566, 19.38015], [73.00409, 19.377200000000002], [73.00164000000001, 19.37769], [73.00199, 19.380180000000003], [73.00123, 19.38174], [72.99777, 19.38501], [72.99129, 19.383300000000002], [72.98873, 19.38416], [72.98663, 19.38671], [72.97578, 19.39424], [72.97426, 19.39871], [72.97685, 19.398320000000002], [72.97498, 19.41045], [72.97953000000001, 19.41495], [72.98098, 19.413130000000002], [72.98436000000001, 19.412750000000003], [72.98746000000001, 19.41533], [72.99205, 19.402340000000002]]]}}, {"id": "261", "type": "Feature", "properties": {"village_name": "Chimbipada", "vil_lgd": 552465, "district_name": "Thane", "dist_lgd": 497, "subdistrict_name": "Bhiwandi", "sdcode": 4166, "block_name": "Bhiwandi", "block_lgd": 217.0, "gp_name": "", "state_name": "MAHARASHTRA", "state_lgd": 27, "population": 1488, "households": 258}, "geometry": {"type": "Polygon", "coordinates": [[[73.01719, 19.377730000000003], [73.01570000000001, 19.377380000000002], [73.01199000000001, 19.371100000000002], [73.01199000000001, 19.369670000000003], [73.00771, 19.367600000000003], [73.00543, 19.37424], [73.00286000000001, 19.37364], [73.00164000000001, 19.37769], [73.00409, 19.377200000000002], [73.00566, 19.38015], [73.00786000000001, 19.379900000000003], [73.01358, 19.385150000000003], [73.01719, 19.377730000000003]]]}}, {"id": "262", "type": "Feature", "properties": {"village_name": "Pimpalshet Bhuishet", "vil_lgd": 552463, "district_name": "Thane", "dist_lgd": 497, "subdistrict_name": "Bhiwandi", "sdcode": 4166, "block_name": "Bhiwandi", "block_lgd": 217.0, "gp_name": "", "state_name": "MAHARASHTRA", "state_lgd": 27, "population": 747, "households": 142}, "geometry": {"type": "Polygon", "coordinates": [[[73.00786000000001, 19.379900000000003], [73.00566, 19.38015], [73.00741000000001, 19.38345], [73.00711000000001, 19.392110000000002], [73.00123, 19.393530000000002], [72.99762000000001, 19.396230000000003], [72.99762000000001, 19.40106], [72.99205, 19.402340000000002], [72.98746000000001, 19.41533], [72.98874, 19.416510000000002], [72.98851, 19.418370000000003], [72.99182, 19.42066], [73.00058, 19.42329], [73.00309, 19.425530000000002], [73.00376, 19.43127], [73.00816, 19.416680000000003], [73.00937, 19.409580000000002], [73.00741000000001, 19.39936], [73.00756000000001, 19.396230000000003], [73.01358, 19.385150000000003], [73.00786000000001, 19.379900000000003]]]}}, {"id": "263", "type": "Feature", "properties": {"village_name": "Khadaki Kh", "vil_lgd": 552462, "district_name": "Thane", "dist_lgd": 497, "subdistrict_name": "Bhiwandi", "sdcode": 4166, "block_name": "Bhiwandi", "block_lgd": 217.0, "gp_name": "", "state_name": "MAHARASHTRA", "state_lgd": 27, "population": 765, "households": 126}, "geometry": {"type": "Polygon", "coordinates": [[[73.02021, 19.44196], [73.02262, 19.4431], [73.02473, 19.4431], [73.02744000000001, 19.4414], [73.02985000000001, 19.438560000000003], [73.03331, 19.43785], [73.04099000000001, 19.43146], [73.03572000000001, 19.42932], [73.03346, 19.42577], [73.03286, 19.419810000000002], [73.03436, 19.40802], [73.03361000000001, 19.40362], [73.03723000000001, 19.40305], [73.03662, 19.399780000000003], [73.04121, 19.390130000000003], [73.04241, 19.38662], [73.02805000000001, 19.38088], [73.01719, 19.377730000000003], [73.01358, 19.385150000000003], [73.00756000000001, 19.396230000000003], [73.00741000000001, 19.39936], [73.00937, 19.409580000000002], [73.00816, 19.416680000000003], [73.00376, 19.43127], [73.00497, 19.43428], [73.0079, 19.43568], [73.01446, 19.4429], [73.01750000000001, 19.442110000000003], [73.02021, 19.44196]]]}}, {"id": "264", "type": "Feature", "properties": {"village_name": "Depoli", "vil_lgd": 552513, "district_name": "Thane", "dist_lgd": 497, "subdistrict_name": "Bhiwandi", "sdcode": 4166, "block_name": "Bhiwandi", "block_lgd": 217.0, "gp_name": "", "state_name": "MAHARASHTRA", "state_lgd": 27, "population": 675, "households": 145}, "geometry": {"type": "Polygon", "coordinates": [[[73.05939000000001, 19.41082], [73.06533, 19.40624], [73.06904, 19.40493], [73.07068000000001, 19.40367], [73.07196, 19.394620000000003], [73.06379000000001, 19.394190000000002], [73.06141000000001, 19.39321], [73.06067, 19.39139], [73.05339000000001, 19.391250000000003], [73.05057000000001, 19.39349], [73.04121, 19.390130000000003], [73.03662, 19.399780000000003], [73.03723000000001, 19.40305], [73.03361000000001, 19.40362], [73.03436, 19.40802], [73.03286, 19.419810000000002], [73.03346, 19.42577], [73.03572000000001, 19.42932], [73.04099000000001, 19.43146], [73.04168, 19.43156], [73.04387000000001, 19.43183], [73.04386000000001, 19.428230000000003], [73.04820000000001, 19.41853], [73.04761, 19.415180000000003], [73.05438000000001, 19.41503], [73.05473, 19.411260000000002], [73.05603, 19.4095], [73.05939000000001, 19.41082]]]}}, {"id": "265", "type": "Feature", "properties": {"village_name": "Dugad", "vil_lgd": 552501, "district_name": "Thane", "dist_lgd": 497, "subdistrict_name": "Bhiwandi", "sdcode": 4166, "block_name": "Bhiwandi", "block_lgd": 217.0, "gp_name": "", "state_name": "MAHARASHTRA", "state_lgd": 27, "population": 1948, "households": 469}, "geometry": {"type": "Polygon", "coordinates": [[[73.06982, 19.443420000000003], [73.07220000000001, 19.44566], [73.07600000000001, 19.44638], [73.08011, 19.44593], [73.08143000000001, 19.431160000000002], [73.07513, 19.431800000000003], [73.06765, 19.430850000000003], [73.06308, 19.43412], [73.05600000000001, 19.43203], [73.05080000000001, 19.43177], [73.04847000000001, 19.43231], [73.04742, 19.43355], [73.04942000000001, 19.438840000000003], [73.06358, 19.444950000000002], [73.06316000000001, 19.447370000000003], [73.06754000000001, 19.447550000000003], [73.06896, 19.44441], [73.06982, 19.443420000000003]]]}}, {"id": "266", "type": "Feature", "properties": {"village_name": "Mohili", "vil_lgd": 552509, "district_name": "Thane", "dist_lgd": 497, "subdistrict_name": "Bhiwandi", "sdcode": 4166, "block_name": "Bhiwandi", "block_lgd": 217.0, "gp_name": "", "state_name": "MAHARASHTRA", "state_lgd": 27, "population": 714, "households": 176}, "geometry": {"type": "Polygon", "coordinates": [[[73.05600000000001, 19.43203], [73.06308, 19.43412], [73.06765, 19.430850000000003], [73.07513, 19.431800000000003], [73.07325, 19.4279], [73.07387, 19.42638], [73.07600000000001, 19.425330000000002], [73.07624000000001, 19.423720000000003], [73.07466000000001, 19.42348], [73.07353, 19.42086], [73.07350000000001, 19.41777], [73.07082000000001, 19.41465], [73.07065, 19.41044], [73.06922, 19.4078], [73.06904, 19.40493], [73.06533, 19.40624], [73.05939000000001, 19.41082], [73.05603, 19.4095], [73.05473, 19.411260000000002], [73.05438000000001, 19.41503], [73.04761, 19.415180000000003], [73.04820000000001, 19.41853], [73.04386000000001, 19.428230000000003], [73.04387000000001, 19.43183], [73.04742, 19.43355], [73.04847000000001, 19.43231], [73.05080000000001, 19.43177], [73.05600000000001, 19.43203]], [[73.05481, 19.4217], [73.05539, 19.42277], [73.05454, 19.423340000000003], [73.05365, 19.42244], [73.05441, 19.421680000000002], [73.05481, 19.4217]]]}}, {"id": "267", "type": "Feature", "properties": {"village_name": "Mohili Bk", "vil_lgd": 552510, "district_name": "Thane", "dist_lgd": 497, "subdistrict_name": "Bhiwandi", "sdcode": 4166, "block_name": "Bhiwandi", "block_lgd": 217.0, "gp_name": "", "state_name": "MAHARASHTRA", "state_lgd": 27, "population": 566, "households": 125}, "geometry": {"type": "Polygon", "coordinates": [[[73.05441, 19.421680000000002], [73.05365, 19.42244], [73.05454, 19.423340000000003], [73.05539, 19.42277], [73.05481, 19.4217], [73.05441, 19.421680000000002]]]}}, {"id": "268", "type": "Feature", "properties": {"village_name": "Khambale", "vil_lgd": 552588, "district_name": "Thane", "dist_lgd": 497, "subdistrict_name": "Bhiwandi", "sdcode": 4166, "block_name": "Bhiwandi", "block_lgd": 217.0, "gp_name": "", "state_name": "MAHARASHTRA", "state_lgd": 27, "population": 1419, "households": 316}, "geometry": {"type": "Polygon", "coordinates": [[[73.16843, 19.41927], [73.16805000000001, 19.41232], [73.16412000000001, 19.408250000000002], [73.16221, 19.40885], [73.15675, 19.40753], [73.15294, 19.419030000000003], [73.15027, 19.424660000000003], [73.14608000000001, 19.424300000000002], [73.14557, 19.42885], [73.14367, 19.428970000000003], [73.14341, 19.430290000000003], [73.14532000000001, 19.43149], [73.14722, 19.435920000000003], [73.15827, 19.433040000000002], [73.16081000000001, 19.433040000000002], [73.16488000000001, 19.43065], [73.16856, 19.43053], [73.1692, 19.428250000000002], [73.16843, 19.41927]]]}}, {"id": "269", "type": "Feature", "properties": {"village_name": "Talavali Tarf Sonale", "vil_lgd": 552608, "district_name": "Thane", "dist_lgd": 497, "subdistrict_name": "Bhiwandi", "sdcode": 4166, "block_name": "Bhiwandi", "block_lgd": 217.0, "gp_name": "", "state_name": "MAHARASHTRA", "state_lgd": 27, "population": 1837, "households": 319}, "geometry": {"type": "Polygon", "coordinates": [[[73.16418, 19.352880000000003], [73.17012000000001, 19.35162], [73.17035, 19.34981], [73.17289000000001, 19.34974], [73.1743, 19.3488], [73.17504000000001, 19.34732], [73.17429, 19.34183], [73.17844000000001, 19.335970000000003], [73.18101, 19.335440000000002], [73.18126000000001, 19.33301], [73.17168000000001, 19.328590000000002], [73.17, 19.336180000000002], [73.16814000000001, 19.335140000000003], [73.16518, 19.33765], [73.15798000000001, 19.341250000000002], [73.15731000000001, 19.348000000000003], [73.15655000000001, 19.34887], [73.15566000000001, 19.349980000000002], [73.15598, 19.35451], [73.16211000000001, 19.355120000000003], [73.16418, 19.352880000000003]], [[73.16166000000001, 19.35076], [73.16077, 19.351660000000003], [73.15988, 19.35076], [73.16090000000001, 19.35], [73.16166000000001, 19.35076]]]}}, {"id": "270", "type": "Feature", "properties": {"village_name": "Arjunali", "vil_lgd": 552610, "district_name": "Thane", "dist_lgd": 497, "subdistrict_name": "Bhiwandi", "sdcode": 4166, "block_name": "Bhiwandi", "block_lgd": 217.0, "gp_name": "", "state_name": "MAHARASHTRA", "state_lgd": 27, "population": 1580, "households": 328}, "geometry": {"type": "Polygon", "coordinates": [[[73.17514, 19.364530000000002], [73.1731, 19.35883], [73.17383000000001, 19.355980000000002], [73.17318, 19.35375], [73.17012000000001, 19.35162], [73.16418, 19.352880000000003], [73.16211000000001, 19.355120000000003], [73.16347, 19.35506], [73.16323000000001, 19.360750000000003], [73.16421000000001, 19.364530000000002], [73.16625, 19.3673], [73.16902, 19.36937], [73.17114000000001, 19.373530000000002], [73.17571000000001, 19.36961], [73.17514, 19.364530000000002]]]}}, {"id": "271", "type": "Feature", "properties": {"village_name": "Shirole", "vil_lgd": 552582, "district_name": "Thane", "dist_lgd": 497, "subdistrict_name": "Bhiwandi", "sdcode": 4166, "block_name": "Bhiwandi", "block_lgd": 217.0, "gp_name": "", "state_name": "MAHARASHTRA", "state_lgd": 27, "population": 1677, "households": 283}, "geometry": {"type": "Polygon", "coordinates": [[[73.15307, 19.44454], [73.15878000000001, 19.449810000000003], [73.16132, 19.45101], [73.16221, 19.44801], [73.16158, 19.438190000000002], [73.16856, 19.43053], [73.16488000000001, 19.43065], [73.16081000000001, 19.433040000000002], [73.15827, 19.433040000000002], [73.14722, 19.435920000000003], [73.14608000000001, 19.43747], [73.14163, 19.439030000000002], [73.14456000000001, 19.44801], [73.14392000000001, 19.452560000000002], [73.14443, 19.45436], [73.14710000000001, 19.45436], [73.14951, 19.453280000000003], [73.15307, 19.44454]]]}}, {"id": "272", "type": "Feature", "properties": {"village_name": "Sape", "vil_lgd": 552607, "district_name": "Thane", "dist_lgd": 497, "subdistrict_name": "Bhiwandi", "sdcode": 4166, "block_name": "Bhiwandi", "block_lgd": 217.0, "gp_name": "", "state_name": "MAHARASHTRA", "state_lgd": 27, "population": 1443, "households": 294}, "geometry": {"type": "Polygon", "coordinates": [[[73.15731000000001, 19.348000000000003], [73.15798000000001, 19.341250000000002], [73.15692, 19.328200000000002], [73.15411, 19.32919], [73.15244000000001, 19.32986], [73.15177, 19.33118], [73.14903000000001, 19.339570000000002], [73.14451000000001, 19.34185], [73.14216, 19.3442], [73.14699, 19.34438], [73.14907000000001, 19.348000000000003], [73.15566000000001, 19.349980000000002], [73.15655000000001, 19.34887], [73.15731000000001, 19.348000000000003]]]}}, {"id": "273", "type": "Feature", "properties": {"village_name": "Chinchavali Tarf Rahur", "vil_lgd": 552611, "district_name": "Thane", "dist_lgd": 497, "subdistrict_name": "Bhiwandi", "sdcode": 4166, "block_name": "Bhiwandi", "block_lgd": 217.0, "gp_name": "", "state_name": "MAHARASHTRA", "state_lgd": 27, "population": 186, "households": 33}, "geometry": {"type": "Polygon", "coordinates": [[[73.16911, 19.378670000000003], [73.16632, 19.383010000000002], [73.165, 19.38584], [73.16551000000001, 19.390400000000003], [73.16882000000001, 19.3898], [73.17136, 19.38812], [73.17532, 19.38575], [73.17326, 19.383930000000003], [73.17288, 19.381410000000002], [73.16911, 19.378670000000003]]]}}, {"id": "274", "type": "Feature", "properties": {"village_name": "Savaroli Tarf Rahur", "vil_lgd": 552595, "district_name": "Thane", "dist_lgd": 497, "subdistrict_name": "Bhiwandi", "sdcode": 4166, "block_name": "Bhiwandi", "block_lgd": 217.0, "gp_name": "", "state_name": "MAHARASHTRA", "state_lgd": 27, "population": 238, "households": 62}, "geometry": {"type": "Polygon", "coordinates": [[[73.17136, 19.38812], [73.16882000000001, 19.3898], [73.16551000000001, 19.390400000000003], [73.16386, 19.39159], [73.16246000000001, 19.40274], [73.16412000000001, 19.408250000000002], [73.16805000000001, 19.41232], [73.16856, 19.411], [73.17034000000001, 19.411], [73.17123000000001, 19.409090000000003], [73.17110000000001, 19.402260000000002], [73.17351000000001, 19.400100000000002], [73.1739, 19.391710000000003], [73.17186000000001, 19.389680000000002], [73.17136, 19.38812]]]}}, {"id": "275", "type": "Feature", "properties": {"village_name": "Tulshi", "vil_lgd": 552594, "district_name": "Thane", "dist_lgd": 497, "subdistrict_name": "Bhiwandi", "sdcode": 4166, "block_name": "Bhiwandi", "block_lgd": 217.0, "gp_name": "", "state_name": "MAHARASHTRA", "state_lgd": 27, "population": 358, "households": 90}, "geometry": {"type": "Polygon", "coordinates": [[[73.17834, 19.40274], [73.17491000000001, 19.405250000000002], [73.17123000000001, 19.409090000000003], [73.17034000000001, 19.411], [73.16856, 19.411], [73.16805000000001, 19.41232], [73.16843, 19.41927], [73.17745000000001, 19.41795], [73.17758, 19.414360000000002], [73.17974000000001, 19.41412], [73.18329, 19.40944], [73.18558, 19.407770000000003], [73.18596000000001, 19.403570000000002], [73.18342000000001, 19.403100000000002], [73.17834, 19.40274]]]}}, {"id": "276", "type": "Feature", "properties": {"village_name": "Shirgaon", "vil_lgd": 552589, "district_name": "Thane", "dist_lgd": 497, "subdistrict_name": "Bhiwandi", "sdcode": 4166, "block_name": "Bhiwandi", "block_lgd": 217.0, "gp_name": "", "state_name": "MAHARASHTRA", "state_lgd": 27, "population": 655, "households": 159}, "geometry": {"type": "Polygon", "coordinates": [[[73.17745000000001, 19.41795], [73.16843, 19.41927], [73.1692, 19.428250000000002], [73.16856, 19.43053], [73.17530000000001, 19.432370000000002], [73.17745000000001, 19.422620000000002], [73.17745000000001, 19.41795]]]}}, {"id": "277", "type": "Feature", "properties": {"village_name": "Pachchhapur", "vil_lgd": 552579, "district_name": "Thane", "dist_lgd": 497, "subdistrict_name": "Bhiwandi", "sdcode": 4166, "block_name": "Bhiwandi", "block_lgd": 217.0, "gp_name": "", "state_name": "MAHARASHTRA", "state_lgd": 27, "population": 830, "households": 198}, "geometry": {"type": "Polygon", "coordinates": [[[73.17809000000001, 19.44753], [73.18088, 19.44801], [73.18139000000001, 19.440830000000002], [73.17735, 19.43983], [73.1725, 19.4431], [73.17199000000001, 19.447770000000002], [73.17021000000001, 19.44801], [73.16856, 19.450770000000002], [73.16932, 19.45316], [73.16856, 19.4558], [73.16869000000001, 19.461070000000003], [73.17009, 19.462030000000002], [73.18037000000001, 19.464540000000003], [73.1772, 19.455920000000003], [73.17732000000001, 19.44969], [73.17809000000001, 19.44753]]]}}, {"id": "278", "type": "Feature", "properties": {"village_name": "Dalepada", "vil_lgd": 552531, "district_name": "Thane", "dist_lgd": 497, "subdistrict_name": "Bhiwandi", "sdcode": 4166, "block_name": "Bhiwandi", "block_lgd": 217.0, "gp_name": "", "state_name": "MAHARASHTRA", "state_lgd": 27, "population": 684, "households": 136}, "geometry": {"type": "Polygon", "coordinates": [[[73.16285, 19.36895], [73.15802000000001, 19.37254], [73.15662, 19.37254], [73.15942000000001, 19.380570000000002], [73.1598, 19.386200000000002], [73.16145, 19.387040000000002], [73.16119, 19.388720000000003], [73.1584, 19.391000000000002], [73.1584, 19.39411], [73.15421, 19.396630000000002], [73.15357, 19.40465], [73.15675, 19.40753], [73.16221, 19.40885], [73.16412000000001, 19.408250000000002], [73.16246000000001, 19.40274], [73.16386, 19.39159], [73.16551000000001, 19.390400000000003], [73.165, 19.38584], [73.16632, 19.383010000000002], [73.16488000000001, 19.37949], [73.16424, 19.37434], [73.16285, 19.36895]]]}}, {"id": "279", "type": "Feature", "properties": {"village_name": "Kurund", "vil_lgd": 552533, "district_name": "Thane", "dist_lgd": 497, "subdistrict_name": "Bhiwandi", "sdcode": 4166, "block_name": "Bhiwandi", "block_lgd": 217.0, "gp_name": "", "state_name": "MAHARASHTRA", "state_lgd": 27, "population": 1503, "households": 290}, "geometry": {"type": "Polygon", "coordinates": [[[73.16421000000001, 19.364530000000002], [73.16323000000001, 19.360750000000003], [73.16347, 19.35506], [73.16211000000001, 19.355120000000003], [73.15598, 19.35451], [73.15459, 19.35553], [73.1504, 19.35649], [73.14354, 19.36128], [73.14163, 19.36476], [73.14392000000001, 19.367510000000003], [73.15103, 19.371470000000002], [73.15662, 19.37254], [73.15802000000001, 19.37254], [73.16285, 19.36895], [73.16421000000001, 19.364530000000002]]]}}, {"id": "280", "type": "Feature", "properties": {"village_name": "Khaling Bk", "vil_lgd": 552534, "district_name": "Thane", "dist_lgd": 497, "subdistrict_name": "Bhiwandi", "sdcode": 4166, "block_name": "Bhiwandi", "block_lgd": 217.0, "gp_name": "", "state_name": "MAHARASHTRA", "state_lgd": 27, "population": 1304, "households": 281}, "geometry": {"type": "Polygon", "coordinates": [[[73.14163, 19.36476], [73.13986000000001, 19.365360000000003], [73.14125, 19.371950000000002], [73.14011, 19.3735], [73.141, 19.38153], [73.14494, 19.38381], [73.14697000000001, 19.385360000000002], [73.14773000000001, 19.38848], [73.15078000000001, 19.38932], [73.15383, 19.39291], [73.15421, 19.396630000000002], [73.1584, 19.39411], [73.1584, 19.391000000000002], [73.16119, 19.388720000000003], [73.16145, 19.387040000000002], [73.1598, 19.386200000000002], [73.15942000000001, 19.380570000000002], [73.15662, 19.37254], [73.15103, 19.371470000000002], [73.14392000000001, 19.367510000000003], [73.14163, 19.36476]]]}}, {"id": "281", "type": "Feature", "properties": {"village_name": "Vahuli", "vil_lgd": 552606, "district_name": "Thane", "dist_lgd": 497, "subdistrict_name": "Bhiwandi", "sdcode": 4166, "block_name": "Bhiwandi", "block_lgd": 217.0, "gp_name": "", "state_name": "MAHARASHTRA", "state_lgd": 27, "population": 818, "households": 177}, "geometry": {"type": "Polygon", "coordinates": [[[73.14354, 19.36128], [73.1504, 19.35649], [73.15459, 19.35553], [73.15598, 19.35451], [73.15566000000001, 19.349980000000002], [73.14907000000001, 19.348000000000003], [73.14699, 19.34438], [73.14216, 19.3442], [73.13820000000001, 19.344800000000003], [73.13579, 19.3457], [73.1344, 19.35217], [73.13221, 19.353350000000002], [73.13186, 19.358050000000002], [73.13376000000001, 19.364880000000003], [73.13986000000001, 19.365360000000003], [73.14163, 19.36476], [73.14354, 19.36128]]]}}, {"id": "282", "type": "Feature", "properties": {"village_name": "Vadvali Tarf Sonale", "vil_lgd": 552530, "district_name": "Thane", "dist_lgd": 497, "subdistrict_name": "Bhiwandi", "sdcode": 4166, "block_name": "Bhiwandi", "block_lgd": 217.0, "gp_name": "", "state_name": "MAHARASHTRA", "state_lgd": 27, "population": 98, "households": 19}, "geometry": {"type": "Polygon", "coordinates": [[[73.141, 19.38153], [73.13719, 19.38285], [73.13567, 19.38417], [73.13948, 19.38632], [73.141, 19.38776], [73.14202, 19.39124], [73.14367, 19.391000000000002], [73.14773000000001, 19.38848], [73.14697000000001, 19.385360000000002], [73.14494, 19.38381], [73.141, 19.38153]]]}}, {"id": "283", "type": "Feature", "properties": {"village_name": "Lap Bk", "vil_lgd": 552528, "district_name": "Thane", "dist_lgd": 497, "subdistrict_name": "Bhiwandi", "sdcode": 4166, "block_name": "Bhiwandi", "block_lgd": 217.0, "gp_name": "", "state_name": "MAHARASHTRA", "state_lgd": 27, "population": 1461, "households": 332}, "geometry": {"type": "Polygon", "coordinates": [[[73.14468000000001, 19.413520000000002], [73.14862000000001, 19.40681], [73.15154000000001, 19.40405], [73.15357, 19.40465], [73.15421, 19.396630000000002], [73.15383, 19.39291], [73.15078000000001, 19.38932], [73.14773000000001, 19.38848], [73.14367, 19.391000000000002], [73.14202, 19.39124], [73.13998000000001, 19.395190000000003], [73.13681000000001, 19.396030000000003], [73.13655, 19.40106], [73.13554, 19.4019], [73.1349, 19.405610000000003], [73.13313000000001, 19.40921], [73.13084, 19.410760000000003], [73.12893000000001, 19.41364], [73.13389000000001, 19.415190000000003], [73.13592000000001, 19.41376], [73.1396, 19.41543], [73.14252, 19.415550000000003], [73.14468000000001, 19.413520000000002]]]}}, {"id": "284", "type": "Feature", "properties": {"village_name": "Lap Kh", "vil_lgd": 552527, "district_name": "Thane", "dist_lgd": 497, "subdistrict_name": "Bhiwandi", "sdcode": 4166, "block_name": "Bhiwandi", "block_lgd": 217.0, "gp_name": "", "state_name": "MAHARASHTRA", "state_lgd": 27, "population": 664, "households": 146}, "geometry": {"type": "Polygon", "coordinates": [[[73.13567, 19.38417], [73.1297, 19.384890000000002], [73.13046, 19.38932], [73.12563, 19.40465], [73.12614, 19.40885], [73.12512000000001, 19.414240000000003], [73.12893000000001, 19.41364], [73.13084, 19.410760000000003], [73.13313000000001, 19.40921], [73.1349, 19.405610000000003], [73.13554, 19.4019], [73.13655, 19.40106], [73.13681000000001, 19.396030000000003], [73.13503, 19.39291], [73.13516, 19.388240000000003], [73.13567, 19.38417]]]}}, {"id": "285", "type": "Feature", "properties": {"village_name": "Kushivali", "vil_lgd": 552587, "district_name": "Thane", "dist_lgd": 497, "subdistrict_name": "Bhiwandi", "sdcode": 4166, "block_name": "Bhiwandi", "block_lgd": 217.0, "gp_name": "", "state_name": "MAHARASHTRA", "state_lgd": 27, "population": 290, "households": 64}, "geometry": {"type": "Polygon", "coordinates": [[[73.14608000000001, 19.424300000000002], [73.15027, 19.424660000000003], [73.15294, 19.419030000000003], [73.15675, 19.40753], [73.15357, 19.40465], [73.15154000000001, 19.40405], [73.14862000000001, 19.40681], [73.14468000000001, 19.413520000000002], [73.14252, 19.415550000000003], [73.1396, 19.41543], [73.13935000000001, 19.417830000000002], [73.13884, 19.419870000000003], [73.13884, 19.423460000000002], [73.1396, 19.431720000000002], [73.14163, 19.431600000000003], [73.14227000000001, 19.42969], [73.14367, 19.428970000000003], [73.14557, 19.42885], [73.14608000000001, 19.424300000000002]]]}}, {"id": "286", "type": "Feature", "properties": {"village_name": "Kiravali Duravali", "vil_lgd": 552586, "district_name": "Thane", "dist_lgd": 497, "subdistrict_name": "Bhiwandi", "sdcode": 4166, "block_name": "Bhiwandi", "block_lgd": 217.0, "gp_name": "", "state_name": "MAHARASHTRA", "state_lgd": 27, "population": 488, "households": 113}, "geometry": {"type": "Polygon", "coordinates": [[[73.1396, 19.41543], [73.13592000000001, 19.41376], [73.13389000000001, 19.415190000000003], [73.12893000000001, 19.41364], [73.12512000000001, 19.414240000000003], [73.12423000000001, 19.41531], [73.12157, 19.41963], [73.11852, 19.42274], [73.11687, 19.423340000000003], [73.11738000000001, 19.430770000000003], [73.11903000000001, 19.43532], [73.12512000000001, 19.435080000000003], [73.12525000000001, 19.432440000000003], [73.1344, 19.43196], [73.1349, 19.424180000000003], [73.1363, 19.421660000000003], [73.13884, 19.419870000000003], [73.13935000000001, 19.417830000000002], [73.1396, 19.41543]]]}}, {"id": "287", "type": "Feature", "properties": {"village_name": "Dabhad", "vil_lgd": 552584, "district_name": "Thane", "dist_lgd": 497, "subdistrict_name": "Bhiwandi", "sdcode": 4166, "block_name": "Bhiwandi", "block_lgd": 217.0, "gp_name": "", "state_name": "MAHARASHTRA", "state_lgd": 27, "population": 1617, "households": 341}, "geometry": {"type": "Polygon", "coordinates": [[[73.13672000000001, 19.438290000000002], [73.14163, 19.439030000000002], [73.14608000000001, 19.43747], [73.14722, 19.435920000000003], [73.14532000000001, 19.43149], [73.14341, 19.430290000000003], [73.14367, 19.428970000000003], [73.14227000000001, 19.42969], [73.14163, 19.431600000000003], [73.1396, 19.431720000000002], [73.1344, 19.43196], [73.12525000000001, 19.432440000000003], [73.12512000000001, 19.435080000000003], [73.12660000000001, 19.43681], [73.12674000000001, 19.43869], [73.13031000000001, 19.438830000000003], [73.13074, 19.441650000000003], [73.13344000000001, 19.443270000000002], [73.13672000000001, 19.438290000000002]]]}}, {"id": "288", "type": "Feature", "properties": {"village_name": "Asnoli Tarf Kunde", "vil_lgd": 552583, "district_name": "Thane", "dist_lgd": 497, "subdistrict_name": "Bhiwandi", "sdcode": 4166, "block_name": "Bhiwandi", "block_lgd": 217.0, "gp_name": "", "state_name": "MAHARASHTRA", "state_lgd": 27, "population": 650, "households": 156}, "geometry": {"type": "Polygon", "coordinates": [[[73.13672000000001, 19.438290000000002], [73.13344000000001, 19.443270000000002], [73.13373, 19.4555], [73.13516, 19.46298], [73.13998000000001, 19.46095], [73.14443, 19.45436], [73.14392000000001, 19.452560000000002], [73.14456000000001, 19.44801], [73.14163, 19.439030000000002], [73.13672000000001, 19.438290000000002]]]}}, {"id": "289", "type": "Feature", "properties": {"village_name": "Shedgaon", "vil_lgd": 552568, "district_name": "Thane", "dist_lgd": 497, "subdistrict_name": "Bhiwandi", "sdcode": 4166, "block_name": "Bhiwandi", "block_lgd": 217.0, "gp_name": "", "state_name": "MAHARASHTRA", "state_lgd": 27, "population": 729, "households": 187}, "geometry": {"type": "Polygon", "coordinates": [[[73.13031000000001, 19.438830000000003], [73.12674000000001, 19.43869], [73.12456, 19.44407], [73.1242, 19.44968], [73.12266000000001, 19.45192], [73.12468000000001, 19.455170000000003], [73.12652, 19.4643], [73.13516, 19.46298], [73.13373, 19.4555], [73.13344000000001, 19.443270000000002], [73.13074, 19.441650000000003], [73.13031000000001, 19.438830000000003]]]}}, {"id": "290", "type": "Feature", "properties": {"village_name": "Gondravali", "vil_lgd": 552566, "district_name": "Thane", "dist_lgd": 497, "subdistrict_name": "Bhiwandi", "sdcode": 4166, "block_name": "Bhiwandi", "block_lgd": 217.0, "gp_name": "", "state_name": "MAHARASHTRA", "state_lgd": 27, "population": 127, "households": 25}, "geometry": {"type": "Polygon", "coordinates": [[[73.11529, 19.44441], [73.11327, 19.447100000000002], [73.11208, 19.45147], [73.11410000000001, 19.453490000000002], [73.11933, 19.453370000000003], [73.12266000000001, 19.45192], [73.12087000000001, 19.449340000000003], [73.11529, 19.44441]]]}}, {"id": "291", "type": "Feature", "properties": {"village_name": "Jambhivali Tarf Khambale", "vil_lgd": 552567, "district_name": "Thane", "dist_lgd": 497, "subdistrict_name": "Bhiwandi", "sdcode": 4166, "block_name": "Bhiwandi", "block_lgd": 217.0, "gp_name": "", "state_name": "MAHARASHTRA", "state_lgd": 27, "population": 1007, "households": 222}, "geometry": {"type": "Polygon", "coordinates": [[[73.12512000000001, 19.435080000000003], [73.11903000000001, 19.43532], [73.11738000000001, 19.430770000000003], [73.11687, 19.423340000000003], [73.11481, 19.42312], [73.11529, 19.427940000000003], [73.11446000000001, 19.437350000000002], [73.11529, 19.44441], [73.12087000000001, 19.449340000000003], [73.12266000000001, 19.45192], [73.1242, 19.44968], [73.12456, 19.44407], [73.12674000000001, 19.43869], [73.12660000000001, 19.43681], [73.12512000000001, 19.435080000000003]]]}}, {"id": "292", "type": "Feature", "properties": {"village_name": "Chane", "vil_lgd": 552565, "district_name": "Thane", "dist_lgd": 497, "subdistrict_name": "Bhiwandi", "sdcode": 4166, "block_name": "Bhiwandi", "block_lgd": 217.0, "gp_name": "", "state_name": "MAHARASHTRA", "state_lgd": 27, "population": 843, "households": 184}, "geometry": {"type": "Polygon", "coordinates": [[[73.11148, 19.454050000000002], [73.11208, 19.45147], [73.11327, 19.447100000000002], [73.11529, 19.44441], [73.11446000000001, 19.437350000000002], [73.11529, 19.427940000000003], [73.11481, 19.42312], [73.11374, 19.42312], [73.11301, 19.42425], [73.11038, 19.43185], [73.10762000000001, 19.43515], [73.10108000000001, 19.439880000000002], [73.09967, 19.44076], [73.10269000000001, 19.44743], [73.10435000000001, 19.45483], [73.10994000000001, 19.45494], [73.11148, 19.454050000000002]]]}}, {"id": "293", "type": "Feature", "properties": {"village_name": "Pahare", "vil_lgd": 552564, "district_name": "Thane", "dist_lgd": 497, "subdistrict_name": "Bhiwandi", "sdcode": 4166, "block_name": "Bhiwandi", "block_lgd": 217.0, "gp_name": "", "state_name": "MAHARASHTRA", "state_lgd": 27, "population": 1159, "households": 246}, "geometry": {"type": "Polygon", "coordinates": [[[73.10435000000001, 19.45483], [73.10269000000001, 19.44743], [73.09967, 19.44076], [73.0963, 19.439590000000003], [73.09407, 19.43999], [73.09229, 19.440700000000003], [73.09137000000001, 19.442520000000002], [73.09112, 19.45015], [73.08769000000001, 19.45839], [73.0895, 19.460790000000003], [73.09296, 19.46167], [73.09543000000001, 19.46073], [73.10435000000001, 19.45483]]]}}, {"id": "294", "type": "Feature", "properties": {"village_name": "Waret", "vil_lgd": 552500, "district_name": "Thane", "dist_lgd": 497, "subdistrict_name": "Bhiwandi", "sdcode": 4166, "block_name": "Bhiwandi", "block_lgd": 217.0, "gp_name": "", "state_name": "MAHARASHTRA", "state_lgd": 27, "population": 819, "households": 189}, "geometry": {"type": "Polygon", "coordinates": [[[73.08787000000001, 19.44299], [73.08836000000001, 19.44426], [73.08876000000001, 19.44535], [73.08011, 19.44593], [73.08151000000001, 19.44656], [73.07999000000001, 19.448980000000002], [73.0818, 19.44979], [73.08237000000001, 19.45185], [73.08207, 19.456850000000003], [73.08399, 19.45795], [73.08769000000001, 19.45839], [73.09112, 19.45015], [73.09137000000001, 19.442520000000002], [73.08787000000001, 19.44299]]]}}, {"id": "295", "type": "Feature", "properties": {"village_name": "Koshimbe", "vil_lgd": 552516, "district_name": "Thane", "dist_lgd": 497, "subdistrict_name": "Bhiwandi", "sdcode": 4166, "block_name": "Bhiwandi", "block_lgd": 217.0, "gp_name": "", "state_name": "MAHARASHTRA", "state_lgd": 27, "population": 1092, "households": 237}, "geometry": {"type": "Polygon", "coordinates": [[[73.11481, 19.42312], [73.11687, 19.423340000000003], [73.11852, 19.42274], [73.12157, 19.41963], [73.12423000000001, 19.41531], [73.12182, 19.411150000000003], [73.11793, 19.409080000000003], [73.11606, 19.40921], [73.11441, 19.40048], [73.10927000000001, 19.40039], [73.11023, 19.41052], [73.10918000000001, 19.411330000000003], [73.10927000000001, 19.41796], [73.10866, 19.419030000000003], [73.10883000000001, 19.420620000000003], [73.11198, 19.42244], [73.11301, 19.42425], [73.11374, 19.42312], [73.11481, 19.42312]]]}}, {"id": "296", "type": "Feature", "properties": {"village_name": "Asnoli Tarf Dugad", "vil_lgd": 552502, "district_name": "Thane", "dist_lgd": 497, "subdistrict_name": "Bhiwandi", "sdcode": 4166, "block_name": "Bhiwandi", "block_lgd": 217.0, "gp_name": "", "state_name": "MAHARASHTRA", "state_lgd": 27, "population": 506, "households": 115}, "geometry": {"type": "Polygon", "coordinates": [[[73.08787000000001, 19.44299], [73.09137000000001, 19.442520000000002], [73.09229, 19.440700000000003], [73.09407, 19.43999], [73.09245, 19.43803], [73.09329000000001, 19.43497], [73.09064000000001, 19.43025], [73.08143000000001, 19.431160000000002], [73.08011, 19.44593], [73.08876000000001, 19.44535], [73.08836000000001, 19.44426], [73.08787000000001, 19.44299]], [[73.08553, 19.4431], [73.08464000000001, 19.444000000000003], [73.08375000000001, 19.4431], [73.08477, 19.442330000000002], [73.08553, 19.4431]]]}}, {"id": "297", "type": "Feature", "properties": {"village_name": "Vishwagad", "vil_lgd": 552505, "district_name": "Thane", "dist_lgd": 497, "subdistrict_name": "Bhiwandi", "sdcode": 4166, "block_name": "Bhiwandi", "block_lgd": 217.0, "gp_name": "", "state_name": "MAHARASHTRA", "state_lgd": 27, "population": 1106, "households": 244}, "geometry": {"type": "Polygon", "coordinates": [[[73.10762000000001, 19.43515], [73.11038, 19.43185], [73.11301, 19.42425], [73.11198, 19.42244], [73.10883000000001, 19.420620000000003], [73.10866, 19.419030000000003], [73.10454, 19.417990000000003], [73.10401, 19.418850000000003], [73.09970000000001, 19.41721], [73.09902000000001, 19.41854], [73.09569, 19.41945], [73.09509, 19.42198], [73.09082000000001, 19.423620000000003], [73.09064000000001, 19.43025], [73.09329000000001, 19.43497], [73.09245, 19.43803], [73.09407, 19.43999], [73.0963, 19.439590000000003], [73.09967, 19.44076], [73.10108000000001, 19.439880000000002], [73.10762000000001, 19.43515]], [[73.09848000000001, 19.435160000000003], [73.09915000000001, 19.43599], [73.09822000000001, 19.43681], [73.09737000000001, 19.4359], [73.09804000000001, 19.43515], [73.09848000000001, 19.435160000000003]]]}}, {"id": "298", "type": "Feature", "properties": {"village_name": "Awalwate", "vil_lgd": 552526, "district_name": "Thane", "dist_lgd": 497, "subdistrict_name": "Bhiwandi", "sdcode": 4166, "block_name": "Bhiwandi", "block_lgd": 217.0, "gp_name": "", "state_name": "MAHARASHTRA", "state_lgd": 27, "population": 829, "households": 197}, "geometry": {"type": "Polygon", "coordinates": [[[73.12614, 19.40885], [73.12563, 19.40465], [73.13046, 19.38932], [73.1297, 19.384890000000002], [73.12918, 19.38174], [73.12306000000001, 19.38586], [73.12182, 19.38514], [73.1204, 19.38604], [73.11908000000001, 19.3887], [73.12059, 19.396530000000002], [73.11631000000001, 19.4003], [73.11441, 19.40048], [73.11606, 19.40921], [73.11793, 19.409080000000003], [73.12182, 19.411150000000003], [73.12423000000001, 19.41531], [73.12512000000001, 19.414240000000003], [73.12614, 19.40885]]]}}, {"id": "299", "type": "Feature", "properties": {"village_name": "Hiwali", "vil_lgd": 552517, "district_name": "Thane", "dist_lgd": 497, "subdistrict_name": "Bhiwandi", "sdcode": 4166, "block_name": "Bhiwandi", "block_lgd": 217.0, "gp_name": "", "state_name": "MAHARASHTRA", "state_lgd": 27, "population": 883, "households": 196}, "geometry": {"type": "Polygon", "coordinates": [[[73.10866, 19.419030000000003], [73.10927000000001, 19.41796], [73.10918000000001, 19.411330000000003], [73.11023, 19.41052], [73.10927000000001, 19.40039], [73.10072000000001, 19.398680000000002], [73.09906000000001, 19.40838], [73.09851, 19.412180000000003], [73.09977, 19.41419], [73.09970000000001, 19.41721], [73.10401, 19.418850000000003], [73.10454, 19.417990000000003], [73.10866, 19.419030000000003]]]}}, {"id": "300", "type": "Feature", "properties": {"village_name": "Bhare", "vil_lgd": 552525, "district_name": "Thane", "dist_lgd": 497, "subdistrict_name": "Bhiwandi", "sdcode": 4166, "block_name": "Bhiwandi", "block_lgd": 217.0, "gp_name": "", "state_name": "MAHARASHTRA", "state_lgd": 27, "population": 1081, "households": 233}, "geometry": {"type": "Polygon", "coordinates": [[[73.11631000000001, 19.4003], [73.12059, 19.396530000000002], [73.11908000000001, 19.3887], [73.11251, 19.38756], [73.11099, 19.39124], [73.11003000000001, 19.39187], [73.10557, 19.39124], [73.10024, 19.394830000000002], [73.10072000000001, 19.398680000000002], [73.10927000000001, 19.40039], [73.11441, 19.40048], [73.11631000000001, 19.4003]]]}}, {"id": "301", "type": "Feature", "properties": {"village_name": "Khaling Kh", "vil_lgd": 552537, "district_name": "Thane", "dist_lgd": 497, "subdistrict_name": "Bhiwandi", "sdcode": 4166, "block_name": "Bhiwandi", "block_lgd": 217.0, "gp_name": "", "state_name": "MAHARASHTRA", "state_lgd": 27, "population": 601, "households": 116}, "geometry": {"type": "Polygon", "coordinates": [[[73.12924000000001, 19.364150000000002], [73.12620000000001, 19.36505], [73.11203, 19.36577], [73.11412, 19.368550000000003], [73.11327, 19.3698], [73.11384000000001, 19.372850000000003], [73.11581000000001, 19.374070000000003], [73.11640000000001, 19.374290000000002], [73.11621000000001, 19.380390000000002], [73.11755000000001, 19.382900000000003], [73.12135, 19.38415], [73.12182, 19.38514], [73.12306000000001, 19.38586], [73.12918, 19.38174], [73.12855, 19.377940000000002], [73.13109, 19.36811], [73.13376000000001, 19.364880000000003], [73.12924000000001, 19.364150000000002]]]}}, {"id": "302", "type": "Feature", "properties": {"village_name": "Chinchavali Tarf Sonale", "vil_lgd": 552603, "district_name": "Thane", "dist_lgd": 497, "subdistrict_name": "Bhiwandi", "sdcode": 4166, "block_name": "Bhiwandi", "block_lgd": 217.0, "gp_name": "", "state_name": "MAHARASHTRA", "state_lgd": 27, "population": 1138, "households": 260}, "geometry": {"type": "Polygon", "coordinates": [[[73.12924000000001, 19.364150000000002], [73.13376000000001, 19.364880000000003], [73.13186, 19.358050000000002], [73.13221, 19.353350000000002], [73.12553000000001, 19.35276], [73.11983000000001, 19.35384], [73.11812, 19.35366], [73.11517, 19.351770000000002], [73.11146000000001, 19.352400000000003], [73.11042, 19.3516], [73.11118, 19.358140000000002], [73.11127, 19.35949], [73.10661, 19.364510000000003], [73.11203, 19.36577], [73.12620000000001, 19.36505], [73.12924000000001, 19.364150000000002]]]}}, {"id": "303", "type": "Feature", "properties": {"village_name": "Borivali Tarf Sonale", "vil_lgd": 552605, "district_name": "Thane", "dist_lgd": 497, "subdistrict_name": "Bhiwandi", "sdcode": 4166, "block_name": "Bhiwandi", "block_lgd": 217.0, "gp_name": "", "state_name": "MAHARASHTRA", "state_lgd": 27, "population": 430, "households": 103}, "geometry": {"type": "Polygon", "coordinates": [[[73.1344, 19.35217], [73.13579, 19.3457], [73.13820000000001, 19.344800000000003], [73.13717000000001, 19.34026], [73.13380000000001, 19.3363], [73.12832, 19.332890000000003], [73.12658, 19.33267], [73.12867, 19.342630000000003], [73.12553000000001, 19.35276], [73.13221, 19.353350000000002], [73.1344, 19.35217]]]}}, {"id": "304", "type": "Feature", "properties": {"village_name": "Khandape", "vil_lgd": 552602, "district_name": "Thane", "dist_lgd": 497, "subdistrict_name": "Bhiwandi", "sdcode": 4166, "block_name": "Bhiwandi", "block_lgd": 217.0, "gp_name": "", "state_name": "MAHARASHTRA", "state_lgd": 27, "population": 1233, "households": 243}, "geometry": {"type": "Polygon", "coordinates": [[[73.11042, 19.3516], [73.10433, 19.35276], [73.10424, 19.35716], [73.09691000000001, 19.356530000000003], [73.09615000000001, 19.35904], [73.09663, 19.36191], [73.09750000000001, 19.36232], [73.10661, 19.364510000000003], [73.11127, 19.35949], [73.11118, 19.358140000000002], [73.11042, 19.3516]]]}}, {"id": "305", "type": "Feature", "properties": {"village_name": "Vadape", "vil_lgd": 552604, "district_name": "Thane", "dist_lgd": 497, "subdistrict_name": "Bhiwandi", "sdcode": 4166, "block_name": "Bhiwandi", "block_lgd": 217.0, "gp_name": "", "state_name": "MAHARASHTRA", "state_lgd": 27, "population": 1623, "households": 322}, "geometry": {"type": "Polygon", "coordinates": [[[73.12867, 19.342630000000003], [73.12658, 19.33267], [73.12002000000001, 19.331950000000003], [73.11812, 19.33303], [73.11099, 19.33437], [73.11003000000001, 19.335810000000002], [73.10794, 19.34523], [73.11127, 19.34729], [73.11042, 19.3516], [73.11146000000001, 19.352400000000003], [73.11517, 19.351770000000002], [73.11812, 19.35366], [73.11983000000001, 19.35384], [73.12553000000001, 19.35276], [73.12867, 19.342630000000003]]]}}, {"id": "306", "type": "Feature", "properties": {"village_name": "Dhamangaon", "vil_lgd": 552601, "district_name": "Thane", "dist_lgd": 497, "subdistrict_name": "Bhiwandi", "sdcode": 4166, "block_name": "Bhiwandi", "block_lgd": 217.0, "gp_name": "", "state_name": "MAHARASHTRA", "state_lgd": 27, "population": 1896, "households": 389}, "geometry": {"type": "Polygon", "coordinates": [[[73.11137000000001, 19.32083], [73.10728, 19.328090000000003], [73.10414, 19.330340000000003], [73.10233000000001, 19.330340000000003], [73.10157000000001, 19.331500000000002], [73.10148000000001, 19.335720000000002], [73.09853000000001, 19.34137], [73.09743, 19.341720000000002], [73.09787, 19.344510000000003], [73.09787, 19.346120000000003], [73.09691000000001, 19.34675], [73.09711, 19.35079], [73.09575000000001, 19.3519], [73.09777000000001, 19.35491], [73.09691000000001, 19.356530000000003], [73.10424, 19.35716], [73.10433, 19.35276], [73.11042, 19.3516], [73.11127, 19.34729], [73.10794, 19.34523], [73.11003000000001, 19.335810000000002], [73.11099, 19.33437], [73.11812, 19.33303], [73.12002000000001, 19.331950000000003], [73.11831000000001, 19.32908], [73.11431, 19.3263], [73.11327, 19.32414], [73.11137000000001, 19.32083]]]}}, {"id": "307", "type": "Feature", "properties": {"village_name": "Kashivali", "vil_lgd": 552600, "district_name": "Thane", "dist_lgd": 497, "subdistrict_name": "Bhiwandi", "sdcode": 4166, "block_name": "Bhiwandi", "block_lgd": 217.0, "gp_name": "", "state_name": "MAHARASHTRA", "state_lgd": 27, "population": 620, "households": 124}, "geometry": {"type": "Polygon", "coordinates": [[[73.09743, 19.341720000000002], [73.08845000000001, 19.342180000000003], [73.08779000000001, 19.34334], [73.09575000000001, 19.3519], [73.09711, 19.35079], [73.09691000000001, 19.34675], [73.09787, 19.346120000000003], [73.09787, 19.344510000000003], [73.09743, 19.341720000000002]]]}}, {"id": "308", "type": "Feature", "properties": {"village_name": "Kawad Kh", "vil_lgd": 552544, "district_name": "Thane", "dist_lgd": 497, "subdistrict_name": "Bhiwandi", "sdcode": 4166, "block_name": "Bhiwandi", "block_lgd": 217.0, "gp_name": "", "state_name": "MAHARASHTRA", "state_lgd": 27, "population": 3491, "households": 809}, "geometry": {"type": "Polygon", "coordinates": [[[73.08191000000001, 19.349770000000003], [73.08340000000001, 19.34795], [73.08441, 19.342280000000002], [73.07888000000001, 19.337130000000002], [73.07737, 19.33874], [73.07201, 19.337200000000003], [73.06914, 19.342480000000002], [73.07047, 19.345570000000002], [73.07196, 19.34739], [73.07404000000001, 19.361680000000003], [73.07745, 19.360280000000003], [73.08221, 19.360560000000003], [73.08191000000001, 19.349770000000003]]]}}, {"id": "309", "type": "Feature", "properties": {"village_name": "Sontakka", "vil_lgd": 552545, "district_name": "Thane", "dist_lgd": 497, "subdistrict_name": "Bhiwandi", "sdcode": 4166, "block_name": "Bhiwandi", "block_lgd": 217.0, "gp_name": "", "state_name": "MAHARASHTRA", "state_lgd": 27, "population": 818, "households": 179}, "geometry": {"type": "Polygon", "coordinates": [[[73.09615000000001, 19.35904], [73.09691000000001, 19.356530000000003], [73.09777000000001, 19.35491], [73.09575000000001, 19.3519], [73.08779000000001, 19.34334], [73.08441, 19.342280000000002], [73.08340000000001, 19.34795], [73.08191000000001, 19.349770000000003], [73.08221, 19.360560000000003], [73.09068, 19.360840000000003], [73.09736000000001, 19.36421], [73.09750000000001, 19.36232], [73.09663, 19.36191], [73.09615000000001, 19.35904]]]}}, {"id": "310", "type": "Feature", "properties": {"village_name": "Parivali", "vil_lgd": 552540, "district_name": "Thane", "dist_lgd": 497, "subdistrict_name": "Bhiwandi", "sdcode": 4166, "block_name": "Bhiwandi", "block_lgd": 217.0, "gp_name": "", "state_name": "MAHARASHTRA", "state_lgd": 27, "population": 1721, "households": 348}, "geometry": {"type": "Polygon", "coordinates": [[[73.0677, 19.357590000000002], [73.06215, 19.37121], [73.06156, 19.375140000000002], [73.0629, 19.373880000000003], [73.07463, 19.36925], [73.07404000000001, 19.361680000000003], [73.06884000000001, 19.358040000000003], [73.0677, 19.357590000000002]]]}}, {"id": "311", "type": "Feature", "properties": {"village_name": "Angaon", "vil_lgd": 552539, "district_name": "Thane", "dist_lgd": 497, "subdistrict_name": "Bhiwandi", "sdcode": 4166, "block_name": "Bhiwandi", "block_lgd": 217.0, "gp_name": "", "state_name": "MAHARASHTRA", "state_lgd": 27, "population": 4141, "households": 932}, "geometry": {"type": "Polygon", "coordinates": [[[73.09528, 19.36757], [73.09736000000001, 19.36421], [73.09068, 19.360840000000003], [73.08221, 19.360560000000003], [73.07745, 19.360280000000003], [73.07404000000001, 19.361680000000003], [73.07463, 19.36925], [73.07404000000001, 19.37261], [73.07463, 19.375140000000002], [73.07628000000001, 19.37658], [73.07926, 19.3776], [73.08621000000001, 19.377010000000002], [73.09621, 19.37186], [73.09528, 19.36757]]]}}, {"id": "312", "type": "Feature", "properties": {"village_name": "Pundas", "vil_lgd": 552538, "district_name": "Thane", "dist_lgd": 497, "subdistrict_name": "Bhiwandi", "sdcode": 4166, "block_name": "Bhiwandi", "block_lgd": 217.0, "gp_name": "", "state_name": "MAHARASHTRA", "state_lgd": 27, "population": 1243, "households": 253}, "geometry": {"type": "Polygon", "coordinates": [[[73.10999000000001, 19.377100000000002], [73.11281000000001, 19.377660000000002], [73.11581000000001, 19.374070000000003], [73.11384000000001, 19.372850000000003], [73.11327, 19.3698], [73.11412, 19.368550000000003], [73.11203, 19.36577], [73.10661, 19.364510000000003], [73.09750000000001, 19.36232], [73.09736000000001, 19.36421], [73.09528, 19.36757], [73.09621, 19.37186], [73.09941, 19.376230000000003], [73.09987000000001, 19.37885], [73.10286, 19.3806], [73.10702, 19.377660000000002], [73.10999000000001, 19.377100000000002]]]}}, {"id": "313", "type": "Feature", "properties": {"village_name": "Chave", "vil_lgd": 552524, "district_name": "Thane", "dist_lgd": 497, "subdistrict_name": "Bhiwandi", "sdcode": 4166, "block_name": "Bhiwandi", "block_lgd": 217.0, "gp_name": "", "state_name": "MAHARASHTRA", "state_lgd": 27, "population": 1997, "households": 429}, "geometry": {"type": "Polygon", "coordinates": [[[73.11545000000001, 19.38344], [73.11755000000001, 19.382900000000003], [73.11621000000001, 19.380390000000002], [73.11640000000001, 19.374290000000002], [73.11581000000001, 19.374070000000003], [73.11281000000001, 19.377660000000002], [73.10999000000001, 19.377100000000002], [73.10702, 19.377660000000002], [73.10286, 19.3806], [73.09987000000001, 19.37885], [73.09987000000001, 19.383360000000003], [73.09681, 19.38636], [73.09684, 19.388050000000003], [73.09721, 19.392650000000003], [73.10024, 19.394830000000002], [73.10557, 19.39124], [73.11003000000001, 19.39187], [73.11099, 19.39124], [73.11251, 19.38756], [73.11545000000001, 19.38344]]]}}, {"id": "314", "type": "Feature", "properties": {"village_name": "Pilanze Bk", "vil_lgd": 552521, "district_name": "Thane", "dist_lgd": 497, "subdistrict_name": "Bhiwandi", "sdcode": 4166, "block_name": "Bhiwandi", "block_lgd": 217.0, "gp_name": "", "state_name": "MAHARASHTRA", "state_lgd": 27, "population": 1327, "households": 270}, "geometry": {"type": "Polygon", "coordinates": [[[73.07463, 19.36925], [73.0629, 19.373880000000003], [73.06156, 19.375140000000002], [73.05889, 19.377100000000002], [73.06200000000001, 19.38397], [73.06156, 19.387330000000002], [73.07211000000001, 19.388450000000002], [73.07196, 19.38719], [73.07924000000001, 19.38691], [73.07628000000001, 19.37658], [73.07463, 19.375140000000002], [73.07404000000001, 19.37261], [73.07463, 19.36925]]]}}, {"id": "315", "type": "Feature", "properties": {"village_name": "Nivali", "vil_lgd": 552518, "district_name": "Thane", "dist_lgd": 497, "subdistrict_name": "Bhiwandi", "sdcode": 4166, "block_name": "Bhiwandi", "block_lgd": 217.0, "gp_name": "", "state_name": "MAHARASHTRA", "state_lgd": 27, "population": 879, "households": 189}, "geometry": {"type": "Polygon", "coordinates": [[[73.07926, 19.3776], [73.07628000000001, 19.37658], [73.07924000000001, 19.38691], [73.08345, 19.386760000000002], [73.07926, 19.3776]]]}}, {"id": "316", "type": "Feature", "properties": {"village_name": "Lapale Bandhan", "vil_lgd": 552529, "district_name": "Thane", "dist_lgd": 497, "subdistrict_name": "Bhiwandi", "sdcode": 4166, "block_name": "Bhiwandi", "block_lgd": 217.0, "gp_name": "", "state_name": "MAHARASHTRA", "state_lgd": 27, "population": 0, "households": 0}, "geometry": {"type": "Polygon", "coordinates": [[[73.13567, 19.38417], [73.13516, 19.388240000000003], [73.13503, 19.39291], [73.13681000000001, 19.396030000000003], [73.13998000000001, 19.395190000000003], [73.14202, 19.39124], [73.141, 19.38776], [73.13948, 19.38632], [73.13567, 19.38417]]]}}, {"id": "317", "type": "Feature", "properties": {"village_name": "Supegaon", "vil_lgd": 552522, "district_name": "Thane", "dist_lgd": 497, "subdistrict_name": "Bhiwandi", "sdcode": 4166, "block_name": "Bhiwandi", "block_lgd": 217.0, "gp_name": "", "state_name": "MAHARASHTRA", "state_lgd": 27, "population": 1224, "households": 289}, "geometry": {"type": "Polygon", "coordinates": [[[73.09681, 19.38636], [73.09987000000001, 19.383360000000003], [73.09987000000001, 19.37885], [73.09941, 19.376230000000003], [73.09621, 19.37186], [73.08621000000001, 19.377010000000002], [73.07926, 19.3776], [73.08345, 19.386760000000002], [73.09092000000001, 19.387510000000002], [73.09684, 19.388050000000003], [73.09681, 19.38636]], [[73.09828, 19.380580000000002], [73.09739, 19.381490000000003], [73.0965, 19.380580000000002], [73.09752, 19.379820000000002], [73.09828, 19.380580000000002]]]}}, {"id": "318", "type": "Feature", "properties": {"village_name": "Sakharoli", "vil_lgd": 552519, "district_name": "Thane", "dist_lgd": 497, "subdistrict_name": "Bhiwandi", "sdcode": 4166, "block_name": "Bhiwandi", "block_lgd": 217.0, "gp_name": "", "state_name": "MAHARASHTRA", "state_lgd": 27, "population": 563, "households": 121}, "geometry": {"type": "Polygon", "coordinates": [[[73.06156, 19.387330000000002], [73.06067, 19.39139], [73.06141000000001, 19.39321], [73.06379000000001, 19.394190000000002], [73.07196, 19.394620000000003], [73.07211000000001, 19.388450000000002], [73.06156, 19.387330000000002]]]}}, {"id": "319", "type": "Feature", "properties": {"village_name": "Nandithane", "vil_lgd": 552514, "district_name": "Thane", "dist_lgd": 497, "subdistrict_name": "Bhiwandi", "sdcode": 4166, "block_name": "Bhiwandi", "block_lgd": 217.0, "gp_name": "", "state_name": "MAHARASHTRA", "state_lgd": 27, "population": 1297, "households": 260}, "geometry": {"type": "Polygon", "coordinates": [[[73.08466, 19.403190000000002], [73.08813, 19.395950000000003], [73.09159000000001, 19.39311], [73.09092000000001, 19.387510000000002], [73.08345, 19.386760000000002], [73.07924000000001, 19.38691], [73.07196, 19.38719], [73.07211000000001, 19.388450000000002], [73.07196, 19.394620000000003], [73.07068000000001, 19.40367], [73.07628000000001, 19.40987], [73.08135, 19.41109], [73.08346, 19.407590000000003], [73.08466, 19.403190000000002]]]}}, {"id": "320", "type": "Feature", "properties": {"village_name": "Vadunavaghar", "vil_lgd": 552515, "district_name": "Thane", "dist_lgd": 497, "subdistrict_name": "Bhiwandi", "sdcode": 4166, "block_name": "Bhiwandi", "block_lgd": 217.0, "gp_name": "", "state_name": "MAHARASHTRA", "state_lgd": 27, "population": 2997, "households": 585}, "geometry": {"type": "Polygon", "coordinates": [[[73.09906000000001, 19.40838], [73.09596, 19.40688], [73.09054, 19.408450000000002], [73.08737, 19.40632], [73.08346, 19.407590000000003], [73.08135, 19.41109], [73.0818, 19.41309], [73.0831, 19.41449], [73.08798, 19.416590000000003], [73.09129, 19.416400000000003], [73.09355000000001, 19.41328], [73.09851, 19.412180000000003], [73.09906000000001, 19.40838]]]}}, {"id": "321", "type": "Feature", "properties": {"village_name": "Palkhane", "vil_lgd": 552506, "district_name": "Thane", "dist_lgd": 497, "subdistrict_name": "Bhiwandi", "sdcode": 4166, "block_name": "Bhiwandi", "block_lgd": 217.0, "gp_name": "", "state_name": "MAHARASHTRA", "state_lgd": 27, "population": 720, "households": 164}, "geometry": {"type": "Polygon", "coordinates": [[[73.09977, 19.41419], [73.09851, 19.412180000000003], [73.09355000000001, 19.41328], [73.09129, 19.416400000000003], [73.08798, 19.416590000000003], [73.08903000000001, 19.419150000000002], [73.08828000000001, 19.42133], [73.09082000000001, 19.423620000000003], [73.09509, 19.42198], [73.09569, 19.41945], [73.09902000000001, 19.41854], [73.09970000000001, 19.41721], [73.09977, 19.41419]]]}}, {"id": "322", "type": "Feature", "properties": {"village_name": "Malbidi", "vil_lgd": 552511, "district_name": "Thane", "dist_lgd": 497, "subdistrict_name": "Bhiwandi", "sdcode": 4166, "block_name": "Bhiwandi", "block_lgd": 217.0, "gp_name": "", "state_name": "MAHARASHTRA", "state_lgd": 27, "population": 538, "households": 110}, "geometry": {"type": "Polygon", "coordinates": [[[73.08357000000001, 19.42361], [73.08828000000001, 19.42133], [73.08903000000001, 19.419150000000002], [73.08798, 19.416590000000003], [73.0831, 19.41449], [73.0818, 19.41309], [73.08135, 19.41109], [73.07628000000001, 19.40987], [73.07068000000001, 19.40367], [73.06904, 19.40493], [73.06922, 19.4078], [73.07065, 19.41044], [73.07082000000001, 19.41465], [73.07350000000001, 19.41777], [73.07353, 19.42086], [73.07466000000001, 19.42348], [73.07624000000001, 19.423720000000003], [73.08172, 19.422810000000002], [73.08357000000001, 19.42361]], [[73.07486, 19.41083], [73.07553, 19.41166], [73.0746, 19.412480000000002], [73.07375, 19.41158], [73.07442, 19.41083], [73.07486, 19.41083]]]}}, {"id": "323", "type": "Feature", "properties": {"village_name": "Manivali", "vil_lgd": 552507, "district_name": "Thane", "dist_lgd": 497, "subdistrict_name": "Bhiwandi", "sdcode": 4166, "block_name": "Bhiwandi", "block_lgd": 217.0, "gp_name": "", "state_name": "MAHARASHTRA", "state_lgd": 27, "population": 630, "households": 139}, "geometry": {"type": "Polygon", "coordinates": [[[73.09082000000001, 19.423620000000003], [73.08828000000001, 19.42133], [73.08357000000001, 19.42361], [73.08143000000001, 19.431160000000002], [73.09064000000001, 19.43025], [73.09082000000001, 19.423620000000003]]]}}, {"id": "324", "type": "Feature", "properties": {"village_name": "Davali", "vil_lgd": 552536, "district_name": "Thane", "dist_lgd": 497, "subdistrict_name": "Bhiwandi", "sdcode": 4166, "block_name": "Bhiwandi", "block_lgd": 217.0, "gp_name": "", "state_name": "MAHARASHTRA", "state_lgd": 27, "population": 0, "households": 0}, "geometry": {"type": "Polygon", "coordinates": [[[73.12135, 19.38415], [73.11755000000001, 19.382900000000003], [73.11545000000001, 19.38344], [73.11251, 19.38756], [73.11908000000001, 19.3887], [73.1204, 19.38604], [73.12182, 19.38514], [73.12135, 19.38415]]]}}, {"id": "325", "type": "Feature", "properties": {"village_name": "Vavali Tarf Dugad", "vil_lgd": 552508, "district_name": "Thane", "dist_lgd": 497, "subdistrict_name": "Bhiwandi", "sdcode": 4166, "block_name": "Bhiwandi", "block_lgd": 217.0, "gp_name": "", "state_name": "MAHARASHTRA", "state_lgd": 27, "population": 464, "households": 100}, "geometry": {"type": "Polygon", "coordinates": [[[73.08357000000001, 19.42361], [73.08172, 19.422810000000002], [73.07624000000001, 19.423720000000003], [73.07600000000001, 19.425330000000002], [73.07387, 19.42638], [73.07325, 19.4279], [73.07513, 19.431800000000003], [73.08143000000001, 19.431160000000002], [73.08357000000001, 19.42361]]]}}, {"id": "326", "type": "Feature", "properties": {"village_name": "Bhoirgaon", "vil_lgd": 552626, "district_name": "Thane", "dist_lgd": 497, "subdistrict_name": "Bhiwandi", "sdcode": 4166, "block_name": "Bhiwandi", "block_lgd": 217.0, "gp_name": "", "state_name": "MAHARASHTRA", "state_lgd": 27, "population": 396, "households": 75}, "geometry": {"type": "Polygon", "coordinates": [[[73.13921, 19.338440000000002], [73.1401, 19.33934], [73.14099, 19.338440000000002], [73.14023, 19.337680000000002], [73.13921, 19.338440000000002]]]}}, {"id": "327", "type": "Feature", "properties": {"village_name": "Aatkoli", "vil_lgd": 552609, "district_name": "Thane", "dist_lgd": 497, "subdistrict_name": "Bhiwandi", "sdcode": 4166, "block_name": "Bhiwandi", "block_lgd": 217.0, "gp_name": "", "state_name": "MAHARASHTRA", "state_lgd": 27, "population": 463, "households": 84}, "geometry": {"type": "Polygon", "coordinates": [[[73.15988, 19.35076], [73.16077, 19.351660000000003], [73.16166000000001, 19.35076], [73.16090000000001, 19.35], [73.15988, 19.35076]]]}}, {"id": "328", "type": "Feature", "properties": {"village_name": "Lamaj", "vil_lgd": 552523, "district_name": "Thane", "dist_lgd": 497, "subdistrict_name": "Bhiwandi", "sdcode": 4166, "block_name": "Bhiwandi", "block_lgd": 217.0, "gp_name": "", "state_name": "MAHARASHTRA", "state_lgd": 27, "population": 515, "households": 120}, "geometry": {"type": "Polygon", "coordinates": [[[73.0965, 19.380580000000002], [73.09739, 19.381490000000003], [73.09828, 19.380580000000002], [73.09752, 19.379820000000002], [73.0965, 19.380580000000002]]]}}, {"id": "329", "type": "Feature", "properties": {"village_name": "Suryanagar", "vil_lgd": 552512, "district_name": "Thane", "dist_lgd": 497, "subdistrict_name": "Bhiwandi", "sdcode": 4166, "block_name": "Bhiwandi", "block_lgd": 217.0, "gp_name": "", "state_name": "MAHARASHTRA", "state_lgd": 27, "population": 511, "households": 108}, "geometry": {"type": "Polygon", "coordinates": [[[73.07442, 19.41083], [73.07375, 19.41158], [73.0746, 19.412480000000002], [73.07553, 19.41166], [73.07486, 19.41083], [73.07442, 19.41083]]]}}, {"id": "330", "type": "Feature", "properties": {"village_name": "Awale", "vil_lgd": 552504, "district_name": "Thane", "dist_lgd": 497, "subdistrict_name": "Bhiwandi", "sdcode": 4166, "block_name": "Bhiwandi", "block_lgd": 217.0, "gp_name": "", "state_name": "MAHARASHTRA", "state_lgd": 27, "population": 845, "households": 195}, "geometry": {"type": "Polygon", "coordinates": [[[73.09804000000001, 19.43515], [73.09737000000001, 19.4359], [73.09822000000001, 19.43681], [73.09915000000001, 19.43599], [73.09848000000001, 19.435160000000003], [73.09804000000001, 19.43515]]]}}, {"id": "331", "type": "Feature", "properties": {"village_name": "Saigaon", "vil_lgd": 552503, "district_name": "Thane", "dist_lgd": 497, "subdistrict_name": "Bhiwandi", "sdcode": 4166, "block_name": "Bhiwandi", "block_lgd": 217.0, "gp_name": "", "state_name": "MAHARASHTRA", "state_lgd": 27, "population": 253, "households": 54}, "geometry": {"type": "Polygon", "coordinates": [[[73.08375000000001, 19.4431], [73.08464000000001, 19.444000000000003], [73.08553, 19.4431], [73.08477, 19.442330000000002], [73.08375000000001, 19.4431]]]}}, {"id": "332", "type": "Feature", "properties": {"village_name": "Hireghar", "vil_lgd": 553084, "district_name": "Thane", "dist_lgd": 497, "subdistrict_name": "Murbad", "sdcode": 4171, "block_name": "Murbad", "block_lgd": 222.0, "gp_name": "", "state_name": "MAHARASHTRA", "state_lgd": 27, "population": 225, "households": 53}, "geometry": {"type": "Polygon", "coordinates": [[[73.29403, 19.30673], [73.29783, 19.307740000000003], [73.30021, 19.30617], [73.29962, 19.30057], [73.30009000000001, 19.29888], [73.30366000000001, 19.297420000000002], [73.30461000000001, 19.291030000000003], [73.30818000000001, 19.28734], [73.30204, 19.28761], [73.299, 19.286080000000002], [73.29453000000001, 19.28554], [73.29082000000001, 19.28875], [73.28992000000001, 19.29364], [73.28968, 19.29577], [73.29215, 19.304930000000002], [73.29196, 19.31193], [73.29196, 19.3139], [73.29519, 19.3165], [73.29396000000001, 19.308210000000003], [73.29403, 19.30673]]]}}, {"id": "333", "type": "Feature", "properties": {"village_name": "Wadu", "vil_lgd": 553086, "district_name": "Thane", "dist_lgd": 497, "subdistrict_name": "Murbad", "sdcode": 4171, "block_name": "Murbad", "block_lgd": 222.0, "gp_name": "", "state_name": "MAHARASHTRA", "state_lgd": 27, "population": 107, "households": 25}, "geometry": {"type": "Polygon", "coordinates": [[[73.31459000000001, 19.315150000000003], [73.31162, 19.31548], [73.30948000000001, 19.316380000000002], [73.30746, 19.318740000000002], [73.31826000000001, 19.323770000000003], [73.31875000000001, 19.31829], [73.31744, 19.31593], [73.31459000000001, 19.315150000000003]]]}}, {"id": "334", "type": "Feature", "properties": {"village_name": "Asose", "vil_lgd": 553085, "district_name": "Thane", "dist_lgd": 497, "subdistrict_name": "Murbad", "sdcode": 4171, "block_name": "Murbad", "block_lgd": 222.0, "gp_name": "", "state_name": "MAHARASHTRA", "state_lgd": 27, "population": 681, "households": 136}, "geometry": {"type": "Polygon", "coordinates": [[[73.31875000000001, 19.31829], [73.31941, 19.306250000000002], [73.32207000000001, 19.288690000000003], [73.30818000000001, 19.28734], [73.30461000000001, 19.291030000000003], [73.30366000000001, 19.297420000000002], [73.30009000000001, 19.29888], [73.29962, 19.30057], [73.30021, 19.30617], [73.29783, 19.307740000000003], [73.29403, 19.30673], [73.29396000000001, 19.308210000000003], [73.29519, 19.3165], [73.29584000000001, 19.31677], [73.29983, 19.318080000000002], [73.30746, 19.318740000000002], [73.30948000000001, 19.316380000000002], [73.31162, 19.31548], [73.31459000000001, 19.315150000000003], [73.31744, 19.31593], [73.31875000000001, 19.31829]]]}}, {"id": "335", "type": "Feature", "properties": {"village_name": "Shidgaon", "vil_lgd": 553087, "district_name": "Thane", "dist_lgd": 497, "subdistrict_name": "Murbad", "sdcode": 4171, "block_name": "Murbad", "block_lgd": 222.0, "gp_name": "", "state_name": "MAHARASHTRA", "state_lgd": 27, "population": 535, "households": 106}, "geometry": {"type": "Polygon", "coordinates": [[[73.33075000000001, 19.327710000000003], [73.33349000000001, 19.327930000000002], [73.33111000000001, 19.322550000000003], [73.32731000000001, 19.31784], [73.32362, 19.31088], [73.31941, 19.306250000000002], [73.31875000000001, 19.31829], [73.31826000000001, 19.323770000000003], [73.32156, 19.327240000000003], [73.3249, 19.331690000000002], [73.32766000000001, 19.32872], [73.33075000000001, 19.327710000000003]]]}}, {"id": "336", "type": "Feature", "properties": {"village_name": "Karvele", "vil_lgd": 553090, "district_name": "Thane", "dist_lgd": 497, "subdistrict_name": "Murbad", "sdcode": 4171, "block_name": "Murbad", "block_lgd": 222.0, "gp_name": "", "state_name": "MAHARASHTRA", "state_lgd": 27, "population": 1118, "households": 218}, "geometry": {"type": "Polygon", "coordinates": [[[73.34799000000001, 19.32401], [73.33254000000001, 19.296860000000002], [73.33052, 19.295740000000002], [73.32552000000001, 19.28856], [73.32207000000001, 19.288690000000003], [73.31941, 19.306250000000002], [73.32362, 19.31088], [73.32731000000001, 19.31784], [73.33111000000001, 19.322550000000003], [73.33349000000001, 19.327930000000002], [73.33985000000001, 19.331220000000002], [73.34378000000001, 19.32897], [73.34891, 19.32861], [73.34799000000001, 19.32401]]]}}, {"id": "337", "type": "Feature", "properties": {"village_name": "Anandnagar", "vil_lgd": 553089, "district_name": "Thane", "dist_lgd": 497, "subdistrict_name": "Murbad", "sdcode": 4171, "block_name": "Murbad", "block_lgd": 222.0, "gp_name": "", "state_name": "MAHARASHTRA", "state_lgd": 27, "population": 487, "households": 101}, "geometry": {"type": "Polygon", "coordinates": [[[73.35414, 19.319460000000003], [73.35385000000001, 19.31623], [73.35404000000001, 19.31435], [73.35538000000001, 19.31265], [73.34941, 19.30404], [73.34585000000001, 19.30225], [73.34074000000001, 19.297870000000003], [73.33563000000001, 19.2981], [73.33254000000001, 19.296860000000002], [73.34799000000001, 19.32401], [73.34891, 19.32861], [73.3511, 19.32834], [73.35442, 19.32619], [73.35575, 19.323050000000002], [73.35538000000001, 19.32147], [73.35414, 19.319460000000003]]]}}, {"id": "338", "type": "Feature", "properties": {"village_name": "Brahmangaon", "vil_lgd": 553101, "district_name": "Thane", "dist_lgd": 497, "subdistrict_name": "Murbad", "sdcode": 4171, "block_name": "Murbad", "block_lgd": 222.0, "gp_name": "", "state_name": "MAHARASHTRA", "state_lgd": 27, "population": 555, "households": 135}, "geometry": {"type": "Polygon", "coordinates": [[[73.37222000000001, 19.276010000000003], [73.37023, 19.26893], [73.35759, 19.267580000000002], [73.35511000000001, 19.273500000000002], [73.35409, 19.279010000000003], [73.35797000000001, 19.28105], [73.36415000000001, 19.281830000000003], [73.37222000000001, 19.276010000000003]]]}}, {"id": "339", "type": "Feature", "properties": {"village_name": "Waghivali", "vil_lgd": 553091, "district_name": "Thane", "dist_lgd": 497, "subdistrict_name": "Murbad", "sdcode": 4171, "block_name": "Murbad", "block_lgd": 222.0, "gp_name": "", "state_name": "MAHARASHTRA", "state_lgd": 27, "population": 1204, "households": 239}, "geometry": {"type": "Polygon", "coordinates": [[[73.34941, 19.292150000000003], [73.34894, 19.28856], [73.34580000000001, 19.2819], [73.34513000000001, 19.28116], [73.33646, 19.279480000000003], [73.33337, 19.280040000000003], [73.33016, 19.2815], [73.32552000000001, 19.28856], [73.33052, 19.295740000000002], [73.33254000000001, 19.296860000000002], [73.33563000000001, 19.2981], [73.34074000000001, 19.297870000000003], [73.34585000000001, 19.30225], [73.34941, 19.30404], [73.35538000000001, 19.31265], [73.3567, 19.310850000000002], [73.36166, 19.309050000000003], [73.36058000000001, 19.303710000000002], [73.35809, 19.3], [73.34941, 19.292150000000003]]]}}, {"id": "340", "type": "Feature", "properties": {"village_name": "Shirgaon", "vil_lgd": 553093, "district_name": "Thane", "dist_lgd": 497, "subdistrict_name": "Murbad", "sdcode": 4171, "block_name": "Murbad", "block_lgd": 222.0, "gp_name": "", "state_name": "MAHARASHTRA", "state_lgd": 27, "population": 1243, "households": 242}, "geometry": {"type": "Polygon", "coordinates": [[[73.35797000000001, 19.28105], [73.35409, 19.279010000000003], [73.35179000000001, 19.278470000000002], [73.34905, 19.27914], [73.34580000000001, 19.2819], [73.34894, 19.28856], [73.34941, 19.292150000000003], [73.35809, 19.3], [73.36058000000001, 19.303710000000002], [73.36166, 19.309050000000003], [73.36735, 19.30798], [73.37320000000001, 19.30002], [73.36819000000001, 19.29316], [73.36759, 19.285980000000002], [73.36415000000001, 19.281830000000003], [73.35797000000001, 19.28105]]]}}, {"id": "341", "type": "Feature", "properties": {"village_name": "Moharai", "vil_lgd": 553094, "district_name": "Thane", "dist_lgd": 497, "subdistrict_name": "Murbad", "sdcode": 4171, "block_name": "Murbad", "block_lgd": 222.0, "gp_name": "", "state_name": "MAHARASHTRA", "state_lgd": 27, "population": 633, "households": 135}, "geometry": {"type": "Polygon", "coordinates": [[[73.38161000000001, 19.296400000000002], [73.38429000000001, 19.29784], [73.38851000000001, 19.291590000000003], [73.39005, 19.29092], [73.39516, 19.29126], [73.39647000000001, 19.285200000000003], [73.39243, 19.282510000000002], [73.3853, 19.28094], [73.38137, 19.276110000000003], [73.37222000000001, 19.276010000000003], [73.36415000000001, 19.281830000000003], [73.36759, 19.285980000000002], [73.36819000000001, 19.29316], [73.37320000000001, 19.30002], [73.37886, 19.296310000000002], [73.38161000000001, 19.296400000000002]]]}}, {"id": "342", "type": "Feature", "properties": {"village_name": "Kudavali", "vil_lgd": 553100, "district_name": "Thane", "dist_lgd": 497, "subdistrict_name": "Murbad", "sdcode": 4171, "block_name": "Murbad", "block_lgd": 222.0, "gp_name": "", "state_name": "MAHARASHTRA", "state_lgd": 27, "population": 2189, "households": 544}, "geometry": {"type": "Polygon", "coordinates": [[[73.40586, 19.28094], [73.40645, 19.278920000000003], [73.40515, 19.268700000000003], [73.4034, 19.269460000000002], [73.38602, 19.265220000000003], [73.38137, 19.276110000000003], [73.3853, 19.28094], [73.39243, 19.282510000000002], [73.39647000000001, 19.285200000000003], [73.39992000000001, 19.28509], [73.40486, 19.28163], [73.40586, 19.28094]]]}}, {"id": "343", "type": "Feature", "properties": {"village_name": "Asole", "vil_lgd": 553092, "district_name": "Thane", "dist_lgd": 497, "subdistrict_name": "Murbad", "sdcode": 4171, "block_name": "Murbad", "block_lgd": 222.0, "gp_name": "", "state_name": "MAHARASHTRA", "state_lgd": 27, "population": 1534, "households": 302}, "geometry": {"type": "Polygon", "coordinates": [[[73.33016, 19.2815], [73.33337, 19.280040000000003], [73.33646, 19.279480000000003], [73.34513000000001, 19.28116], [73.34580000000001, 19.2819], [73.34905, 19.27914], [73.35179000000001, 19.278470000000002], [73.35409, 19.279010000000003], [73.35511000000001, 19.273500000000002], [73.35055000000001, 19.27054], [73.34646000000001, 19.26291], [73.3435, 19.261380000000003], [73.34028, 19.259500000000003], [73.33696, 19.259230000000002], [73.33296, 19.26004], [73.33173000000001, 19.25897], [73.32203000000001, 19.25897], [73.32098, 19.261660000000003], [73.31611000000001, 19.26104], [73.3144, 19.266340000000003], [73.31459000000001, 19.267960000000002], [73.31677, 19.27074], [73.31707, 19.272820000000003], [73.31858000000001, 19.27953], [73.32229000000001, 19.28752], [73.32207000000001, 19.288690000000003], [73.32552000000001, 19.28856], [73.33016, 19.2815]]]}}, {"id": "344", "type": "Feature", "properties": {"village_name": "Temgaon", "vil_lgd": 553102, "district_name": "Thane", "dist_lgd": 497, "subdistrict_name": "Murbad", "sdcode": 4171, "block_name": "Murbad", "block_lgd": 222.0, "gp_name": "", "state_name": "MAHARASHTRA", "state_lgd": 27, "population": 334, "households": 68}, "geometry": {"type": "Polygon", "coordinates": [[[73.38602, 19.265220000000003], [73.37742, 19.26397], [73.37578, 19.26267], [73.37299, 19.26677], [73.37023, 19.26893], [73.37222000000001, 19.276010000000003], [73.38137, 19.276110000000003], [73.38602, 19.265220000000003]]]}}, {"id": "345", "type": "Feature", "properties": {"village_name": "Dhanivali", "vil_lgd": 553103, "district_name": "Thane", "dist_lgd": 497, "subdistrict_name": "Murbad", "sdcode": 4171, "block_name": "Murbad", "block_lgd": 222.0, "gp_name": "", "state_name": "MAHARASHTRA", "state_lgd": 27, "population": 1440, "households": 369}, "geometry": {"type": "Polygon", "coordinates": [[[73.37299, 19.26677], [73.37578, 19.26267], [73.37277, 19.256420000000002], [73.36726, 19.250950000000003], [73.35578000000001, 19.263540000000003], [73.35759, 19.267580000000002], [73.37023, 19.26893], [73.37299, 19.26677]]]}}, {"id": "346", "type": "Feature", "properties": {"village_name": "Potgaon", "vil_lgd": 553106, "district_name": "Thane", "dist_lgd": 497, "subdistrict_name": "Murbad", "sdcode": 4171, "block_name": "Murbad", "block_lgd": 222.0, "gp_name": "", "state_name": "MAHARASHTRA", "state_lgd": 27, "population": 1013, "households": 221}, "geometry": {"type": "Polygon", "coordinates": [[[73.33173000000001, 19.25897], [73.33296, 19.26004], [73.33696, 19.259230000000002], [73.34028, 19.259500000000003], [73.3435, 19.261380000000003], [73.34323, 19.25852], [73.34057, 19.2543], [73.34028, 19.25232], [73.33173000000001, 19.24595], [73.32982000000001, 19.243350000000003], [73.32631, 19.24407], [73.32222, 19.243170000000003], [73.31471, 19.24425], [73.31148, 19.24577], [73.30642, 19.24491], [73.30744, 19.2468], [73.30793, 19.25279], [73.31592, 19.25916], [73.31611000000001, 19.26104], [73.32098, 19.261660000000003], [73.32203000000001, 19.25897], [73.33173000000001, 19.25897]]]}}, {"id": "347", "type": "Feature", "properties": {"village_name": "Kishor", "vil_lgd": 553105, "district_name": "Thane", "dist_lgd": 497, "subdistrict_name": "Murbad", "sdcode": 4171, "block_name": "Murbad", "block_lgd": 222.0, "gp_name": "", "state_name": "MAHARASHTRA", "state_lgd": 27, "population": 1067, "households": 223}, "geometry": {"type": "Polygon", "coordinates": [[[73.35578000000001, 19.263540000000003], [73.35084, 19.251610000000003], [73.35036000000001, 19.248730000000002], [73.3495, 19.249000000000002], [73.34304, 19.25196], [73.34028, 19.25232], [73.34057, 19.2543], [73.34323, 19.25852], [73.3435, 19.261380000000003], [73.34646000000001, 19.26291], [73.35055000000001, 19.27054], [73.35511000000001, 19.273500000000002], [73.35759, 19.267580000000002], [73.35578000000001, 19.263540000000003]]]}}, {"id": "348", "type": "Feature", "properties": {"village_name": "Wanjale", "vil_lgd": 553104, "district_name": "Thane", "dist_lgd": 497, "subdistrict_name": "Murbad", "sdcode": 4171, "block_name": "Murbad", "block_lgd": 222.0, "gp_name": "", "state_name": "MAHARASHTRA", "state_lgd": 27, "population": 863, "households": 171}, "geometry": {"type": "Polygon", "coordinates": [[[73.36517, 19.247580000000003], [73.36328, 19.24577], [73.35407000000001, 19.247300000000003], [73.35036000000001, 19.248730000000002], [73.35084, 19.251610000000003], [73.35578000000001, 19.263540000000003], [73.36726, 19.250950000000003], [73.36517, 19.247580000000003]]]}}, {"id": "349", "type": "Feature", "properties": {"village_name": "Chikhale", "vil_lgd": 553088, "district_name": "Thane", "dist_lgd": 497, "subdistrict_name": "Murbad", "sdcode": 4171, "block_name": "Murbad", "block_lgd": 222.0, "gp_name": "", "state_name": "MAHARASHTRA", "state_lgd": 27, "population": 454, "households": 97}, "geometry": {"type": "Polygon", "coordinates": [[[73.33075000000001, 19.327710000000003], [73.32766000000001, 19.32872], [73.3249, 19.331690000000002], [73.33231, 19.34177], [73.33696, 19.341990000000003], [73.33982, 19.34213], [73.34181000000001, 19.341050000000003], [73.34295, 19.339170000000003], [73.34248000000001, 19.337020000000003], [73.3401, 19.334950000000003], [73.33981, 19.3319], [73.33985000000001, 19.331220000000002], [73.33349000000001, 19.327930000000002], [73.33075000000001, 19.327710000000003]]]}}, {"id": "350", "type": "Feature", "properties": {"village_name": "Masale", "vil_lgd": 553108, "district_name": "Thane", "dist_lgd": 497, "subdistrict_name": "Murbad", "sdcode": 4171, "block_name": "Murbad", "block_lgd": 222.0, "gp_name": "", "state_name": "MAHARASHTRA", "state_lgd": 27, "population": 2033, "households": 435}, "geometry": {"type": "Polygon", "coordinates": [[[73.31471, 19.24425], [73.32222, 19.243170000000003], [73.32631, 19.24407], [73.32982000000001, 19.243350000000003], [73.33439, 19.23787], [73.3399, 19.239310000000003], [73.34209, 19.238770000000002], [73.34428000000001, 19.23617], [73.34903, 19.234820000000003], [73.35207000000001, 19.23132], [73.35464, 19.22997], [73.34998, 19.22315], [73.34732000000001, 19.21516], [73.34671, 19.21018], [73.32964000000001, 19.214910000000003], [73.32538000000001, 19.21594], [73.31875000000001, 19.220070000000003], [73.3118, 19.221790000000002], [73.30972000000001, 19.222910000000002], [73.30592, 19.23082], [73.30346, 19.23627], [73.30356, 19.239320000000003], [73.30423, 19.24247], [73.30642, 19.24491], [73.31148, 19.24577], [73.31471, 19.24425]]]}}, {"id": "351", "type": "Feature", "properties": {"village_name": "Ghorale", "vil_lgd": 553107, "district_name": "Thane", "dist_lgd": 497, "subdistrict_name": "Murbad", "sdcode": 4171, "block_name": "Murbad", "block_lgd": 222.0, "gp_name": "", "state_name": "MAHARASHTRA", "state_lgd": 27, "population": 796, "households": 153}, "geometry": {"type": "Polygon", "coordinates": [[[73.35245, 19.236880000000003], [73.35625, 19.23365], [73.35464, 19.22997], [73.35207000000001, 19.23132], [73.34903, 19.234820000000003], [73.34428000000001, 19.23617], [73.34209, 19.238770000000002], [73.3399, 19.239310000000003], [73.33439, 19.23787], [73.32982000000001, 19.243350000000003], [73.33173000000001, 19.24595], [73.34028, 19.25232], [73.34304, 19.25196], [73.3495, 19.249000000000002], [73.34960000000001, 19.240650000000002], [73.35245, 19.236880000000003]]]}}, {"id": "352", "type": "Feature", "properties": {"village_name": "Nandeni", "vil_lgd": 553109, "district_name": "Thane", "dist_lgd": 497, "subdistrict_name": "Murbad", "sdcode": 4171, "block_name": "Murbad", "block_lgd": 222.0, "gp_name": "", "state_name": "MAHARASHTRA", "state_lgd": 27, "population": 427, "households": 102}, "geometry": {"type": "Polygon", "coordinates": [[[73.35407000000001, 19.247300000000003], [73.36328, 19.24577], [73.36491000000001, 19.23563], [73.3592, 19.23626], [73.35625, 19.23365], [73.35245, 19.236880000000003], [73.34960000000001, 19.240650000000002], [73.3495, 19.249000000000002], [73.35036000000001, 19.248730000000002], [73.35407000000001, 19.247300000000003]]]}}, {"id": "353", "type": "Feature", "properties": {"village_name": "Pasheni", "vil_lgd": 553110, "district_name": "Thane", "dist_lgd": 497, "subdistrict_name": "Murbad", "sdcode": 4171, "block_name": "Murbad", "block_lgd": 222.0, "gp_name": "", "state_name": "MAHARASHTRA", "state_lgd": 27, "population": 232, "households": 51}, "geometry": {"type": "Polygon", "coordinates": [[[73.37313, 19.24489], [73.37776000000001, 19.239720000000002], [73.37498000000001, 19.23311], [73.37213000000001, 19.230420000000002], [73.37033000000001, 19.2332], [73.36491000000001, 19.23563], [73.36328, 19.24577], [73.36517, 19.247580000000003], [73.37044, 19.246100000000002], [73.37313, 19.24489]]]}}, {"id": "354", "type": "Feature", "properties": {"village_name": "Fansoli", "vil_lgd": 553121, "district_name": "Thane", "dist_lgd": 497, "subdistrict_name": "Murbad", "sdcode": 4171, "block_name": "Murbad", "block_lgd": 222.0, "gp_name": "", "state_name": "MAHARASHTRA", "state_lgd": 27, "population": 1301, "households": 269}, "geometry": {"type": "Polygon", "coordinates": [[[73.39485, 19.224770000000003], [73.39561, 19.218120000000003], [73.3921, 19.215700000000002], [73.38402, 19.20322], [73.38012, 19.20654], [73.37403, 19.208250000000003], [73.37109000000001, 19.21121], [73.37156, 19.21265], [73.3747, 19.21498], [73.37641, 19.21758], [73.37708, 19.22162], [73.37651000000001, 19.228540000000002], [73.37213000000001, 19.230420000000002], [73.37498000000001, 19.23311], [73.37776000000001, 19.239720000000002], [73.38363000000001, 19.241590000000002], [73.38606, 19.24067], [73.38788000000001, 19.23805], [73.39184, 19.236900000000002], [73.39552, 19.229180000000003], [73.39485, 19.224770000000003]]]}}, {"id": "355", "type": "Feature", "properties": {"village_name": "Murbad", "vil_lgd": 251487, "district_name": "Thane", "dist_lgd": 497, "subdistrict_name": "Murbad", "sdcode": 4171, "block_name": "", "block_lgd": 0.0, "gp_name": "", "state_name": "MAHARASHTRA", "state_lgd": 27, "population": 18725, "households": 4458}, "geometry": {"type": "Polygon", "coordinates": [[[73.40804, 19.266090000000002], [73.41035000000001, 19.26535], [73.41247, 19.26247], [73.41012, 19.259300000000003], [73.4097, 19.256130000000002], [73.40787, 19.254360000000002], [73.40740000000001, 19.238220000000002], [73.4088, 19.232650000000003], [73.40818, 19.23067], [73.39552, 19.229180000000003], [73.39184, 19.236900000000002], [73.38788000000001, 19.23805], [73.38606, 19.24067], [73.38363000000001, 19.241590000000002], [73.38314000000001, 19.244000000000003], [73.38208, 19.25873], [73.37834000000001, 19.261770000000002], [73.37742, 19.26397], [73.38602, 19.265220000000003], [73.4034, 19.269460000000002], [73.40515, 19.268700000000003], [73.40804, 19.266090000000002]], [[73.39252, 19.242500000000003], [73.39163, 19.24341], [73.39074000000001, 19.242500000000003], [73.39177000000001, 19.24174], [73.39252, 19.242500000000003]]]}}, {"id": "356", "type": "Feature", "properties": {"village_name": "Pimpalgaon", "vil_lgd": 553095, "district_name": "Thane", "dist_lgd": 497, "subdistrict_name": "Murbad", "sdcode": 4171, "block_name": "Murbad", "block_lgd": 222.0, "gp_name": "", "state_name": "MAHARASHTRA", "state_lgd": 27, "population": 854, "households": 182}, "geometry": {"type": "Polygon", "coordinates": [[[73.40751, 19.300400000000003], [73.40813, 19.29044], [73.40702, 19.28468], [73.40634, 19.284860000000002], [73.40486, 19.28163], [73.39992000000001, 19.28509], [73.39647000000001, 19.285200000000003], [73.39516, 19.29126], [73.39005, 19.29092], [73.38851000000001, 19.291590000000003], [73.38429000000001, 19.29784], [73.38390000000001, 19.302860000000003], [73.38227, 19.30863], [73.3819, 19.3139], [73.38458, 19.315900000000003], [73.39226000000001, 19.317490000000003], [73.39663, 19.319280000000003], [73.40111, 19.315150000000003], [73.40634, 19.312340000000003], [73.41103000000001, 19.31088], [73.40751, 19.300400000000003]]]}}, {"id": "357", "type": "Feature", "properties": {"village_name": "Madh", "vil_lgd": 552896, "district_name": "Thane", "dist_lgd": 497, "subdistrict_name": "Shahapur", "sdcode": 4167, "block_name": "Shahapur", "block_lgd": 218.0, "gp_name": "", "state_name": "MAHARASHTRA", "state_lgd": 27, "population": 909, "households": 191}, "geometry": {"type": "Polygon", "coordinates": [[[73.29584000000001, 19.31677], [73.29519, 19.3165], [73.29196, 19.3139], [73.29196, 19.31193], [73.28063, 19.309620000000002], [73.27732, 19.309620000000002], [73.27635000000001, 19.313470000000002], [73.27536, 19.31744], [73.27596000000001, 19.324540000000002], [73.27958000000001, 19.324540000000002], [73.28425, 19.32298], [73.28726, 19.323970000000003], [73.28937, 19.32611], [73.29027, 19.32852], [73.29344, 19.326700000000002], [73.29584000000001, 19.31677]]]}}, {"id": "358", "type": "Feature", "properties": {"village_name": "Hal", "vil_lgd": 552895, "district_name": "Thane", "dist_lgd": 497, "subdistrict_name": "Shahapur", "sdcode": 4167, "block_name": "Shahapur", "block_lgd": 218.0, "gp_name": "", "state_name": "MAHARASHTRA", "state_lgd": 27, "population": 444, "households": 92}, "geometry": {"type": "Polygon", "coordinates": [[[73.30056, 19.328020000000002], [73.29924000000001, 19.326770000000003], [73.2963, 19.32816], [73.29476000000001, 19.326770000000003], [73.29344, 19.326700000000002], [73.29027, 19.32852], [73.29057, 19.33151], [73.28711000000001, 19.332780000000003], [73.28597, 19.336470000000002], [73.29652, 19.33605], [73.301, 19.33432], [73.30056, 19.328020000000002]]]}}, {"id": "359", "type": "Feature", "properties": {"village_name": "Ambarje", "vil_lgd": 552898, "district_name": "Thane", "dist_lgd": 497, "subdistrict_name": "Shahapur", "sdcode": 4167, "block_name": "Shahapur", "block_lgd": 218.0, "gp_name": "", "state_name": "MAHARASHTRA", "state_lgd": 27, "population": 1876, "households": 385}, "geometry": {"type": "Polygon", "coordinates": [[[73.32156, 19.327240000000003], [73.31826000000001, 19.323770000000003], [73.30746, 19.318740000000002], [73.29983, 19.318080000000002], [73.29924000000001, 19.326770000000003], [73.30056, 19.328020000000002], [73.301, 19.33432], [73.29652, 19.33605], [73.28597, 19.336470000000002], [73.28319, 19.343300000000003], [73.28325000000001, 19.345200000000002], [73.29938, 19.35018], [73.30357000000001, 19.344710000000003], [73.30349000000001, 19.343040000000002], [73.31494, 19.343110000000003], [73.32000000000001, 19.341450000000002], [73.32156, 19.327240000000003]]]}}, {"id": "360", "type": "Feature", "properties": {"village_name": "Tembhare Bk", "vil_lgd": 552911, "district_name": "Thane", "dist_lgd": 497, "subdistrict_name": "Shahapur", "sdcode": 4167, "block_name": "Shahapur", "block_lgd": 218.0, "gp_name": "", "state_name": "MAHARASHTRA", "state_lgd": 27, "population": 1326, "households": 250}, "geometry": {"type": "Polygon", "coordinates": [[[73.3632, 19.321260000000002], [73.36149, 19.31884], [73.35538000000001, 19.32147], [73.35575, 19.323050000000002], [73.35442, 19.32619], [73.3511, 19.32834], [73.34891, 19.32861], [73.34378000000001, 19.32897], [73.33985000000001, 19.331220000000002], [73.33981, 19.3319], [73.36272000000001, 19.33275], [73.3632, 19.321260000000002]]]}}, {"id": "361", "type": "Feature", "properties": {"village_name": "Bhagdal", "vil_lgd": 552912, "district_name": "Thane", "dist_lgd": 497, "subdistrict_name": "Shahapur", "sdcode": 4167, "block_name": "Shahapur", "block_lgd": 218.0, "gp_name": "", "state_name": "MAHARASHTRA", "state_lgd": 27, "population": 531, "households": 107}, "geometry": {"type": "Polygon", "coordinates": [[[73.38390000000001, 19.302860000000003], [73.38429000000001, 19.29784], [73.38161000000001, 19.296400000000002], [73.37886, 19.296310000000002], [73.37320000000001, 19.30002], [73.36735, 19.30798], [73.36166, 19.309050000000003], [73.3567, 19.310850000000002], [73.35538000000001, 19.31265], [73.35404000000001, 19.31435], [73.35385000000001, 19.31623], [73.35414, 19.319460000000003], [73.35538000000001, 19.32147], [73.36149, 19.31884], [73.3632, 19.321260000000002], [73.36748, 19.32243], [73.37889000000001, 19.310950000000002], [73.38227, 19.30863], [73.38390000000001, 19.302860000000003]]]}}, {"id": "362", "type": "Feature", "properties": {"village_name": "Dahivali", "vil_lgd": 552909, "district_name": "Thane", "dist_lgd": 497, "subdistrict_name": "Shahapur", "sdcode": 4167, "block_name": "Shahapur", "block_lgd": 218.0, "gp_name": "", "state_name": "MAHARASHTRA", "state_lgd": 27, "population": 1423, "households": 333}, "geometry": {"type": "Polygon", "coordinates": [[[73.38621, 19.32853], [73.38458, 19.315900000000003], [73.3819, 19.3139], [73.38227, 19.30863], [73.37889000000001, 19.310950000000002], [73.36748, 19.32243], [73.3632, 19.321260000000002], [73.36272000000001, 19.33275], [73.36253, 19.335800000000003], [73.36415000000001, 19.341990000000003], [73.37749000000001, 19.343690000000002], [73.38373, 19.34315], [73.38621, 19.339650000000002], [73.38963000000001, 19.337320000000002], [73.38621, 19.32853]]]}}, {"id": "363", "type": "Feature", "properties": {"village_name": "Bapsai", "vil_lgd": 552956, "district_name": "Thane", "dist_lgd": 497, "subdistrict_name": "Kalyan", "sdcode": 4168, "block_name": "Kalyan", "block_lgd": 219.0, "gp_name": "", "state_name": "MAHARASHTRA", "state_lgd": 27, "population": 734, "households": 159}, "geometry": {"type": "Polygon", "coordinates": [[[73.25762, 19.2692], [73.25764000000001, 19.272250000000003], [73.25768000000001, 19.27609], [73.25833, 19.27842], [73.26738, 19.283], [73.27052, 19.28724], [73.27673, 19.28554], [73.27776, 19.275830000000003], [73.27102000000001, 19.27438], [73.25954, 19.269530000000003], [73.25762, 19.2692]]]}}, {"id": "364", "type": "Feature", "properties": {"village_name": "Kalgaon", "vil_lgd": 552908, "district_name": "Thane", "dist_lgd": 497, "subdistrict_name": "Shahapur", "sdcode": 4167, "block_name": "Shahapur", "block_lgd": 218.0, "gp_name": "", "state_name": "MAHARASHTRA", "state_lgd": 27, "population": 874, "households": 176}, "geometry": {"type": "Polygon", "coordinates": [[[73.40359000000001, 19.33612], [73.40453000000001, 19.32655], [73.40491, 19.325110000000002], [73.40681000000001, 19.323500000000003], [73.40728, 19.32018], [73.40367, 19.319100000000002], [73.39663, 19.319280000000003], [73.39226000000001, 19.317490000000003], [73.38458, 19.315900000000003], [73.38621, 19.32853], [73.38963000000001, 19.337320000000002], [73.39429000000001, 19.342350000000003], [73.39685, 19.33943], [73.40359000000001, 19.33612]]]}}, {"id": "365", "type": "Feature", "properties": {"village_name": "Ghosai", "vil_lgd": 552897, "district_name": "Thane", "dist_lgd": 497, "subdistrict_name": "Shahapur", "sdcode": 4167, "block_name": "Shahapur", "block_lgd": 218.0, "gp_name": "", "state_name": "MAHARASHTRA", "state_lgd": 27, "population": 0, "households": 0}, "geometry": {"type": "Polygon", "coordinates": [[[73.29983, 19.318080000000002], [73.29584000000001, 19.31677], [73.29344, 19.326700000000002], [73.29476000000001, 19.326770000000003], [73.2963, 19.32816], [73.29924000000001, 19.326770000000003], [73.29983, 19.318080000000002]]]}}, {"id": "366", "type": "Feature", "properties": {"village_name": "Chiradpada", "vil_lgd": 552630, "district_name": "Thane", "dist_lgd": 497, "subdistrict_name": "Bhiwandi", "sdcode": 4166, "block_name": "Bhiwandi", "block_lgd": 217.0, "gp_name": "", "state_name": "MAHARASHTRA", "state_lgd": 27, "population": 1324, "households": 264}, "geometry": {"type": "Polygon", "coordinates": [[[73.19065, 19.318430000000003], [73.18411, 19.31849], [73.18444000000001, 19.32796], [73.18795, 19.33227], [73.19169000000001, 19.33173], [73.19169000000001, 19.330070000000003], [73.19273000000001, 19.324740000000002], [73.19139000000001, 19.320670000000003], [73.19065, 19.318430000000003]]]}}, {"id": "367", "type": "Feature", "properties": {"village_name": "Pise", "vil_lgd": 552631, "district_name": "Thane", "dist_lgd": 497, "subdistrict_name": "Bhiwandi", "sdcode": 4166, "block_name": "Bhiwandi", "block_lgd": 217.0, "gp_name": "", "state_name": "MAHARASHTRA", "state_lgd": 27, "population": 1120, "households": 236}, "geometry": {"type": "Polygon", "coordinates": [[[73.18444000000001, 19.32796], [73.18411, 19.31849], [73.19065, 19.318430000000003], [73.18412000000001, 19.314510000000002], [73.18287000000001, 19.306910000000002], [73.18174, 19.303990000000002], [73.17948000000001, 19.301190000000002], [73.17629000000001, 19.298810000000003], [73.17577, 19.30018], [73.17538, 19.305940000000003], [73.17139, 19.31087], [73.17116, 19.31219], [73.17065000000001, 19.320420000000002], [73.17024, 19.32157], [73.16820000000001, 19.32226], [73.16877000000001, 19.32665], [73.17168000000001, 19.328590000000002], [73.18126000000001, 19.33301], [73.18468, 19.33558], [73.18795, 19.33227], [73.18444000000001, 19.32796]]]}}, {"id": "368", "type": "Feature", "properties": {"village_name": "Poi", "vil_lgd": 552977, "district_name": "Thane", "dist_lgd": 497, "subdistrict_name": "Kalyan", "sdcode": 4168, "block_name": "Kalyan", "block_lgd": 219.0, "gp_name": "", "state_name": "MAHARASHTRA", "state_lgd": 27, "population": 869, "households": 172}, "geometry": {"type": "Polygon", "coordinates": [[[73.30193000000001, 19.21133], [73.29965, 19.2116], [73.29633000000001, 19.21205], [73.29281, 19.21142], [73.28625000000001, 19.208280000000002], [73.28330000000001, 19.20801], [73.28263000000001, 19.209000000000003], [73.28244000000001, 19.210880000000003], [73.2814, 19.21205], [73.27969, 19.21178], [73.27665, 19.208460000000002], [73.27474000000001, 19.20756], [73.27347, 19.20861], [73.27256000000001, 19.21618], [73.27056, 19.216540000000002], [73.27212, 19.220280000000002], [73.27198, 19.23159], [73.27041000000001, 19.232930000000003], [73.2724, 19.236970000000003], [73.27303, 19.23702], [73.28139, 19.237650000000002], [73.29137, 19.236970000000003], [73.29579000000001, 19.234550000000002], [73.29665, 19.23226], [73.29879000000001, 19.230510000000002], [73.30592, 19.23082], [73.30972000000001, 19.222910000000002], [73.3118, 19.221790000000002], [73.30764, 19.214470000000002], [73.30193000000001, 19.21133]]]}}, {"id": "369", "type": "Feature", "properties": {"village_name": "Antade", "vil_lgd": 552968, "district_name": "Thane", "dist_lgd": 497, "subdistrict_name": "Kalyan", "sdcode": 4168, "block_name": "Kalyan", "block_lgd": 219.0, "gp_name": "", "state_name": "MAHARASHTRA", "state_lgd": 27, "population": 214, "households": 49}, "geometry": {"type": "Polygon", "coordinates": [[[73.26931, 19.230620000000002], [73.2574, 19.231840000000002], [73.25904000000001, 19.23628], [73.26389, 19.237360000000002], [73.27166000000001, 19.23864], [73.27303, 19.23702], [73.2724, 19.236970000000003], [73.27041000000001, 19.232930000000003], [73.26931, 19.230620000000002]]]}}, {"id": "370", "type": "Feature", "properties": {"village_name": "Navgaon", "vil_lgd": 552961, "district_name": "Thane", "dist_lgd": 497, "subdistrict_name": "Kalyan", "sdcode": 4168, "block_name": "Kalyan", "block_lgd": 219.0, "gp_name": "", "state_name": "MAHARASHTRA", "state_lgd": 27, "population": 431, "households": 99}, "geometry": {"type": "Polygon", "coordinates": [[[73.25975000000001, 19.25412], [73.25583, 19.25769], [73.25618, 19.260050000000003], [73.2564, 19.26152], [73.25783000000001, 19.26442], [73.25762, 19.2692], [73.25954, 19.269530000000003], [73.27102000000001, 19.27438], [73.27776, 19.275830000000003], [73.27986, 19.27135], [73.27922000000001, 19.270210000000002], [73.27485, 19.25731], [73.27052, 19.257080000000002], [73.26717000000001, 19.256610000000002], [73.25975000000001, 19.25412]]]}}, {"id": "371", "type": "Feature", "properties": {"village_name": "Chavare", "vil_lgd": 552967, "district_name": "Thane", "dist_lgd": 497, "subdistrict_name": "Kalyan", "sdcode": 4168, "block_name": "Kalyan", "block_lgd": 219.0, "gp_name": "", "state_name": "MAHARASHTRA", "state_lgd": 27, "population": 1116, "households": 238}, "geometry": {"type": "Polygon", "coordinates": [[[73.29026, 19.254700000000003], [73.29127000000001, 19.25479], [73.30744, 19.2468], [73.30642, 19.24491], [73.30423, 19.24247], [73.30356, 19.239320000000003], [73.30346, 19.23627], [73.30592, 19.23082], [73.29879000000001, 19.230510000000002], [73.29665, 19.23226], [73.29579000000001, 19.234550000000002], [73.29137, 19.236970000000003], [73.28139, 19.237650000000002], [73.27303, 19.23702], [73.27166000000001, 19.23864], [73.26931, 19.250690000000002], [73.27052, 19.257080000000002], [73.27485, 19.25731], [73.28186000000001, 19.25412], [73.29026, 19.254700000000003]]]}}, {"id": "372", "type": "Feature", "properties": {"village_name": "Mamnoli", "vil_lgd": 552959, "district_name": "Thane", "dist_lgd": 497, "subdistrict_name": "Kalyan", "sdcode": 4168, "block_name": "Kalyan", "block_lgd": 219.0, "gp_name": "", "state_name": "MAHARASHTRA", "state_lgd": 27, "population": 1044, "households": 225}, "geometry": {"type": "Polygon", "coordinates": [[[73.29769, 19.26873], [73.3061, 19.27149], [73.31195000000001, 19.270950000000003], [73.31707, 19.272820000000003], [73.31677, 19.27074], [73.31459000000001, 19.267960000000002], [73.3144, 19.266340000000003], [73.31611000000001, 19.26104], [73.31592, 19.25916], [73.30793, 19.25279], [73.30744, 19.2468], [73.29127000000001, 19.25479], [73.29026, 19.254700000000003], [73.28971, 19.26995], [73.28977, 19.273770000000003], [73.29526, 19.271890000000003], [73.29705000000001, 19.2692], [73.29769, 19.26873]]]}}, {"id": "373", "type": "Feature", "properties": {"village_name": "Kunde", "vil_lgd": 552958, "district_name": "Thane", "dist_lgd": 497, "subdistrict_name": "Kalyan", "sdcode": 4168, "block_name": "Kalyan", "block_lgd": 219.0, "gp_name": "", "state_name": "MAHARASHTRA", "state_lgd": 27, "population": 1326, "households": 291}, "geometry": {"type": "Polygon", "coordinates": [[[73.299, 19.286080000000002], [73.30204, 19.28761], [73.30818000000001, 19.28734], [73.32207000000001, 19.288690000000003], [73.32229000000001, 19.28752], [73.31858000000001, 19.27953], [73.31707, 19.272820000000003], [73.31195000000001, 19.270950000000003], [73.3061, 19.27149], [73.29769, 19.26873], [73.29705000000001, 19.2692], [73.29526, 19.271890000000003], [73.28977, 19.273770000000003], [73.29082000000001, 19.28875], [73.29453000000001, 19.28554], [73.299, 19.286080000000002]]]}}, {"id": "374", "type": "Feature", "properties": {"village_name": "Kelni", "vil_lgd": 552960, "district_name": "Thane", "dist_lgd": 497, "subdistrict_name": "Kalyan", "sdcode": 4168, "block_name": "Kalyan", "block_lgd": 219.0, "gp_name": "", "state_name": "MAHARASHTRA", "state_lgd": 27, "population": 464, "households": 102}, "geometry": {"type": "Polygon", "coordinates": [[[73.29026, 19.254700000000003], [73.28186000000001, 19.25412], [73.27485, 19.25731], [73.27922000000001, 19.270210000000002], [73.28478000000001, 19.2694], [73.28971, 19.26995], [73.29026, 19.254700000000003]]]}}, {"id": "375", "type": "Feature", "properties": {"village_name": "Kolam", "vil_lgd": 552957, "district_name": "Thane", "dist_lgd": 497, "subdistrict_name": "Kalyan", "sdcode": 4168, "block_name": "Kalyan", "block_lgd": 219.0, "gp_name": "", "state_name": "MAHARASHTRA", "state_lgd": 27, "population": 720, "households": 154}, "geometry": {"type": "Polygon", "coordinates": [[[73.29082000000001, 19.28875], [73.28977, 19.273770000000003], [73.28971, 19.26995], [73.28478000000001, 19.2694], [73.27922000000001, 19.270210000000002], [73.27986, 19.27135], [73.27776, 19.275830000000003], [73.27673, 19.28554], [73.27879, 19.287370000000003], [73.28500000000001, 19.289460000000002], [73.28721, 19.294230000000002], [73.28992000000001, 19.29364], [73.29082000000001, 19.28875]]]}}, {"id": "376", "type": "Feature", "properties": {"village_name": "Dahivali", "vil_lgd": 552947, "district_name": "Thane", "dist_lgd": 497, "subdistrict_name": "Kalyan", "sdcode": 4168, "block_name": "Kalyan", "block_lgd": 219.0, "gp_name": "", "state_name": "MAHARASHTRA", "state_lgd": 27, "population": 647, "households": 140}, "geometry": {"type": "Polygon", "coordinates": [[[73.28063, 19.309620000000002], [73.29196, 19.31193], [73.29215, 19.304930000000002], [73.28968, 19.29577], [73.28992000000001, 19.29364], [73.28721, 19.294230000000002], [73.28093000000001, 19.296390000000002], [73.2763, 19.30049], [73.27109, 19.30245], [73.26788, 19.30534], [73.26967, 19.31133], [73.27102000000001, 19.31274], [73.27635000000001, 19.313470000000002], [73.27732, 19.309620000000002], [73.28063, 19.309620000000002]]]}}, {"id": "377", "type": "Feature", "properties": {"village_name": "Adivali", "vil_lgd": 552948, "district_name": "Thane", "dist_lgd": 497, "subdistrict_name": "Kalyan", "sdcode": 4168, "block_name": "Kalyan", "block_lgd": 219.0, "gp_name": "", "state_name": "MAHARASHTRA", "state_lgd": 27, "population": 219, "households": 50}, "geometry": {"type": "Polygon", "coordinates": [[[73.27673, 19.28554], [73.27052, 19.28724], [73.26325, 19.29107], [73.25619, 19.296190000000003], [73.26431000000001, 19.30121], [73.26653, 19.30298], [73.26788, 19.30534], [73.27109, 19.30245], [73.2763, 19.30049], [73.28093000000001, 19.296390000000002], [73.28721, 19.294230000000002], [73.28500000000001, 19.289460000000002], [73.27879, 19.287370000000003], [73.27673, 19.28554]]]}}, {"id": "378", "type": "Feature", "properties": {"village_name": "Phalegaon", "vil_lgd": 552937, "district_name": "Thane", "dist_lgd": 497, "subdistrict_name": "Kalyan", "sdcode": 4168, "block_name": "Kalyan", "block_lgd": 219.0, "gp_name": "", "state_name": "MAHARASHTRA", "state_lgd": 27, "population": 2263, "households": 485}, "geometry": {"type": "Polygon", "coordinates": [[[73.27591000000001, 19.329600000000003], [73.27958000000001, 19.324540000000002], [73.27596000000001, 19.324540000000002], [73.27536, 19.31744], [73.27635000000001, 19.313470000000002], [73.27102000000001, 19.31274], [73.26967, 19.31133], [73.26788, 19.30534], [73.26653, 19.30298], [73.26431000000001, 19.30121], [73.25588, 19.309810000000002], [73.25208, 19.314890000000002], [73.2506, 19.320040000000002], [73.25053000000001, 19.3277], [73.25087, 19.329690000000003], [73.25873, 19.33067], [73.26379, 19.330740000000002], [73.26814, 19.331950000000003], [73.27128, 19.3302], [73.27121000000001, 19.3337], [73.27306, 19.335990000000002], [73.27549, 19.331950000000003], [73.27591000000001, 19.329600000000003]]]}}, {"id": "379", "type": "Feature", "properties": {"village_name": "Chinchavali", "vil_lgd": 552931, "district_name": "Thane", "dist_lgd": 497, "subdistrict_name": "Kalyan", "sdcode": 4168, "block_name": "Kalyan", "block_lgd": 219.0, "gp_name": "", "state_name": "MAHARASHTRA", "state_lgd": 27, "population": 879, "households": 179}, "geometry": {"type": "Polygon", "coordinates": [[[73.22507, 19.328370000000003], [73.22251, 19.324820000000003], [73.2183, 19.325290000000003], [73.21595, 19.328180000000003], [73.21479000000001, 19.336270000000003], [73.22076000000001, 19.33359], [73.22267000000001, 19.32991], [73.22458, 19.32836], [73.22507, 19.328370000000003]]]}}, {"id": "380", "type": "Feature", "properties": {"village_name": "Raye", "vil_lgd": 552930, "district_name": "Thane", "dist_lgd": 497, "subdistrict_name": "Kalyan", "sdcode": 4168, "block_name": "Kalyan", "block_lgd": 219.0, "gp_name": "", "state_name": "MAHARASHTRA", "state_lgd": 27, "population": 2187, "households": 447}, "geometry": {"type": "Polygon", "coordinates": [[[73.21479000000001, 19.336270000000003], [73.21595, 19.328180000000003], [73.2183, 19.325290000000003], [73.21124, 19.328650000000003], [73.20716, 19.32824], [73.20297000000001, 19.32711], [73.19983, 19.32973], [73.20119000000001, 19.33357], [73.20226000000001, 19.339080000000003], [73.20493, 19.34543], [73.20700000000001, 19.34619], [73.20887, 19.342000000000002], [73.21479000000001, 19.336270000000003]]]}}, {"id": "381", "type": "Feature", "properties": {"village_name": "Nimbavli", "vil_lgd": 552940, "district_name": "Thane", "dist_lgd": 497, "subdistrict_name": "Kalyan", "sdcode": 4168, "block_name": "Kalyan", "block_lgd": 219.0, "gp_name": "", "state_name": "MAHARASHTRA", "state_lgd": 27, "population": 1071, "households": 247}, "geometry": {"type": "Polygon", "coordinates": [[[73.20297000000001, 19.32711], [73.20716, 19.32824], [73.20682000000001, 19.321520000000003], [73.21024000000001, 19.318830000000002], [73.20822000000001, 19.315440000000002], [73.20333000000001, 19.31277], [73.20083000000001, 19.31728], [73.19826, 19.3195], [73.19139000000001, 19.320670000000003], [73.19273000000001, 19.324740000000002], [73.19169000000001, 19.330070000000003], [73.19983, 19.32973], [73.20297000000001, 19.32711]]]}}, {"id": "382", "type": "Feature", "properties": {"village_name": "Guravali", "vil_lgd": 552945, "district_name": "Thane", "dist_lgd": 497, "subdistrict_name": "Kalyan", "sdcode": 4168, "block_name": "Kalyan", "block_lgd": 219.0, "gp_name": "", "state_name": "MAHARASHTRA", "state_lgd": 27, "population": 1841, "households": 387}, "geometry": {"type": "Polygon", "coordinates": [[[73.21053, 19.300120000000003], [73.20825, 19.31069], [73.20822000000001, 19.315440000000002], [73.21024000000001, 19.318830000000002], [73.20682000000001, 19.321520000000003], [73.20716, 19.32824], [73.21124, 19.328650000000003], [73.2183, 19.325290000000003], [73.22001, 19.323410000000003], [73.22144, 19.315060000000003], [73.22472, 19.30833], [73.22301, 19.306990000000003], [73.22194, 19.304160000000003], [73.21937000000001, 19.301940000000002], [73.21645000000001, 19.300800000000002], [73.21053, 19.300120000000003]]]}}, {"id": "383", "type": "Feature", "properties": {"village_name": "Utane", "vil_lgd": 552939, "district_name": "Thane", "dist_lgd": 497, "subdistrict_name": "Kalyan", "sdcode": 4168, "block_name": "Kalyan", "block_lgd": 219.0, "gp_name": "", "state_name": "MAHARASHTRA", "state_lgd": 27, "population": 946, "households": 184}, "geometry": {"type": "Polygon", "coordinates": [[[73.24397, 19.323], [73.24261, 19.321050000000003], [73.2372, 19.31876], [73.23484, 19.312440000000002], [73.2317, 19.31062], [73.23035, 19.30786], [73.22671000000001, 19.308870000000002], [73.22472, 19.30833], [73.22144, 19.315060000000003], [73.22001, 19.323410000000003], [73.2183, 19.325290000000003], [73.22251, 19.324820000000003], [73.22507, 19.328370000000003], [73.23421, 19.32992], [73.23795000000001, 19.327450000000002], [73.24440000000001, 19.32685], [73.24397, 19.323]]]}}, {"id": "384", "type": "Feature", "properties": {"village_name": "Ambivali Tarf Vasundri", "vil_lgd": 552938, "district_name": "Thane", "dist_lgd": 497, "subdistrict_name": "Kalyan", "sdcode": 4168, "block_name": "Kalyan", "block_lgd": 219.0, "gp_name": "", "state_name": "MAHARASHTRA", "state_lgd": 27, "population": 161, "households": 34}, "geometry": {"type": "Polygon", "coordinates": [[[73.23484, 19.312440000000002], [73.2372, 19.31876], [73.24261, 19.321050000000003], [73.24397, 19.323], [73.24440000000001, 19.32685], [73.25053000000001, 19.3277], [73.2506, 19.320040000000002], [73.25208, 19.314890000000002], [73.23484, 19.312440000000002]]]}}, {"id": "385", "type": "Feature", "properties": {"village_name": "Runde", "vil_lgd": 552946, "district_name": "Thane", "dist_lgd": 497, "subdistrict_name": "Kalyan", "sdcode": 4168, "block_name": "Kalyan", "block_lgd": 219.0, "gp_name": "", "state_name": "MAHARASHTRA", "state_lgd": 27, "population": 874, "households": 185}, "geometry": {"type": "Polygon", "coordinates": [[[73.24853, 19.295820000000003], [73.24188000000001, 19.30037], [73.23035, 19.30786], [73.2317, 19.31062], [73.23484, 19.312440000000002], [73.25208, 19.314890000000002], [73.25588, 19.309810000000002], [73.26431000000001, 19.30121], [73.25619, 19.296190000000003], [73.24853, 19.295820000000003]]]}}, {"id": "386", "type": "Feature", "properties": {"village_name": "Mos", "vil_lgd": 552944, "district_name": "Thane", "dist_lgd": 497, "subdistrict_name": "Kalyan", "sdcode": 4168, "block_name": "Kalyan", "block_lgd": 219.0, "gp_name": "", "state_name": "MAHARASHTRA", "state_lgd": 27, "population": 358, "households": 74}, "geometry": {"type": "Polygon", "coordinates": [[[73.21053, 19.300120000000003], [73.20852000000001, 19.300330000000002], [73.20187, 19.30383], [73.20396000000001, 19.31182], [73.20333000000001, 19.31277], [73.20822000000001, 19.315440000000002], [73.20825, 19.31069], [73.21053, 19.300120000000003]]]}}, {"id": "387", "type": "Feature", "properties": {"village_name": "Vasundri", "vil_lgd": 552941, "district_name": "Thane", "dist_lgd": 497, "subdistrict_name": "Kalyan", "sdcode": 4168, "block_name": "Kalyan", "block_lgd": 219.0, "gp_name": "", "state_name": "MAHARASHTRA", "state_lgd": 27, "population": 1164, "households": 245}, "geometry": {"type": "Polygon", "coordinates": [[[73.20187, 19.30383], [73.19674, 19.306160000000002], [73.19341, 19.30536], [73.19103000000001, 19.30383], [73.18287000000001, 19.306910000000002], [73.18412000000001, 19.314510000000002], [73.19065, 19.318430000000003], [73.19139000000001, 19.320670000000003], [73.19826, 19.3195], [73.20083000000001, 19.31728], [73.20333000000001, 19.31277], [73.20396000000001, 19.31182], [73.20187, 19.30383]]]}}, {"id": "388", "type": "Feature", "properties": {"village_name": "Sangode", "vil_lgd": 552943, "district_name": "Thane", "dist_lgd": 497, "subdistrict_name": "Kalyan", "sdcode": 4168, "block_name": "Kalyan", "block_lgd": 219.0, "gp_name": "", "state_name": "MAHARASHTRA", "state_lgd": 27, "population": 1084, "households": 230}, "geometry": {"type": "Polygon", "coordinates": [[[73.18610000000001, 19.297220000000003], [73.19103000000001, 19.297590000000003], [73.19236000000001, 19.29549], [73.19721000000001, 19.291900000000002], [73.19778000000001, 19.290460000000003], [73.19721000000001, 19.28902], [73.19569, 19.28759], [73.19103000000001, 19.286060000000003], [73.18485000000001, 19.28508], [73.17877, 19.28591], [73.17833, 19.28759], [73.17417, 19.290670000000002], [73.17417, 19.29223], [73.17476, 19.29754], [73.17629000000001, 19.298810000000003], [73.17948000000001, 19.301190000000002], [73.18218, 19.298170000000002], [73.18610000000001, 19.297220000000003]]]}}, {"id": "389", "type": "Feature", "properties": {"village_name": "Kondheri", "vil_lgd": 552942, "district_name": "Thane", "dist_lgd": 497, "subdistrict_name": "Kalyan", "sdcode": 4168, "block_name": "Kalyan", "block_lgd": 219.0, "gp_name": "", "state_name": "MAHARASHTRA", "state_lgd": 27, "population": 759, "households": 155}, "geometry": {"type": "Polygon", "coordinates": [[[73.19103000000001, 19.297590000000003], [73.18610000000001, 19.297220000000003], [73.18218, 19.298170000000002], [73.17948000000001, 19.301190000000002], [73.18174, 19.303990000000002], [73.18287000000001, 19.306910000000002], [73.19103000000001, 19.30383], [73.19103000000001, 19.297590000000003]]]}}, {"id": "390", "type": "Feature", "properties": {"village_name": "Mhaskal", "vil_lgd": 552949, "district_name": "Thane", "dist_lgd": 497, "subdistrict_name": "Kalyan", "sdcode": 4168, "block_name": "Kalyan", "block_lgd": 219.0, "gp_name": "", "state_name": "MAHARASHTRA", "state_lgd": 27, "population": 1226, "households": 253}, "geometry": {"type": "Polygon", "coordinates": [[[73.25619, 19.296190000000003], [73.26325, 19.29107], [73.27052, 19.28724], [73.26738, 19.283], [73.25833, 19.27842], [73.25768000000001, 19.27609], [73.24976000000001, 19.28253], [73.24637000000001, 19.28149], [73.24475000000001, 19.28302], [73.24286000000001, 19.283640000000002], [73.24169, 19.28462], [73.23863, 19.286710000000003], [73.23681, 19.28947], [73.23753, 19.290090000000003], [73.23915000000001, 19.29727], [73.24188000000001, 19.30037], [73.24853, 19.295820000000003], [73.25619, 19.296190000000003]]]}}, {"id": "391", "type": "Feature", "properties": {"village_name": "Anakhar", "vil_lgd": 552955, "district_name": "Thane", "dist_lgd": 497, "subdistrict_name": "Kalyan", "sdcode": 4168, "block_name": "Kalyan", "block_lgd": 219.0, "gp_name": "", "state_name": "MAHARASHTRA", "state_lgd": 27, "population": 679, "households": 133}, "geometry": {"type": "Polygon", "coordinates": [[[73.24637000000001, 19.28149], [73.24976000000001, 19.28253], [73.25768000000001, 19.27609], [73.25764000000001, 19.272250000000003], [73.25119000000001, 19.27277], [73.24859000000001, 19.27418], [73.24481, 19.27418], [73.24221, 19.272100000000002], [73.23668, 19.2724], [73.2348, 19.27928], [73.23525000000001, 19.281180000000003], [73.23863, 19.283450000000002], [73.24286000000001, 19.283640000000002], [73.24475000000001, 19.28302], [73.24637000000001, 19.28149]]]}}, {"id": "392", "type": "Feature", "properties": {"village_name": "Revati", "vil_lgd": 552954, "district_name": "Thane", "dist_lgd": 497, "subdistrict_name": "Kalyan", "sdcode": 4168, "block_name": "Kalyan", "block_lgd": 219.0, "gp_name": "", "state_name": "MAHARASHTRA", "state_lgd": 27, "population": 324, "households": 66}, "geometry": {"type": "Polygon", "coordinates": [[[73.25618, 19.260050000000003], [73.25307000000001, 19.26037], [73.25047, 19.263250000000003], [73.24488000000001, 19.26454], [73.24221, 19.272100000000002], [73.24481, 19.27418], [73.24859000000001, 19.27418], [73.25119000000001, 19.27277], [73.25764000000001, 19.272250000000003], [73.25762, 19.2692], [73.25783000000001, 19.26442], [73.2564, 19.26152], [73.25618, 19.260050000000003]]]}}, {"id": "393", "type": "Feature", "properties": {"village_name": "Goveli", "vil_lgd": 552953, "district_name": "Thane", "dist_lgd": 497, "subdistrict_name": "Kalyan", "sdcode": 4168, "block_name": "Kalyan", "block_lgd": 219.0, "gp_name": "", "state_name": "MAHARASHTRA", "state_lgd": 27, "population": 1264, "households": 280}, "geometry": {"type": "Polygon", "coordinates": [[[73.25583, 19.25769], [73.248, 19.2541], [73.24747, 19.254510000000003], [73.24332000000001, 19.257730000000002], [73.23915000000001, 19.254720000000002], [73.23688, 19.262150000000002], [73.23349, 19.268230000000003], [73.23154000000001, 19.269820000000003], [73.23402, 19.27308], [73.23668, 19.2724], [73.24221, 19.272100000000002], [73.24488000000001, 19.26454], [73.25047, 19.263250000000003], [73.25307000000001, 19.26037], [73.25618, 19.260050000000003], [73.25583, 19.25769]]]}}, {"id": "394", "type": "Feature", "properties": {"village_name": "Pimpaloli", "vil_lgd": 552962, "district_name": "Thane", "dist_lgd": 497, "subdistrict_name": "Kalyan", "sdcode": 4168, "block_name": "Kalyan", "block_lgd": 219.0, "gp_name": "", "state_name": "MAHARASHTRA", "state_lgd": 27, "population": 269, "households": 58}, "geometry": {"type": "Polygon", "coordinates": [[[73.23655000000001, 19.24925], [73.23636, 19.25373], [73.23915000000001, 19.254720000000002], [73.24332000000001, 19.257730000000002], [73.24747, 19.254510000000003], [73.24598, 19.25214], [73.24702, 19.250790000000002], [73.2467, 19.25017], [73.23655000000001, 19.24925]]]}}, {"id": "395", "type": "Feature", "properties": {"village_name": "Vaholi", "vil_lgd": 552965, "district_name": "Thane", "dist_lgd": 497, "subdistrict_name": "Kalyan", "sdcode": 4168, "block_name": "Kalyan", "block_lgd": 219.0, "gp_name": "", "state_name": "MAHARASHTRA", "state_lgd": 27, "population": 1291, "households": 275}, "geometry": {"type": "Polygon", "coordinates": [[[73.25975000000001, 19.25412], [73.25904000000001, 19.250960000000003], [73.25932, 19.24594], [73.25372, 19.238010000000003], [73.24468, 19.235310000000002], [73.23707, 19.235190000000003], [73.23629000000001, 19.237640000000003], [73.2318, 19.2409], [73.23018, 19.24557], [73.23655000000001, 19.24925], [73.2467, 19.25017], [73.24702, 19.250790000000002], [73.24598, 19.25214], [73.24747, 19.254510000000003], [73.248, 19.2541], [73.25583, 19.25769], [73.25975000000001, 19.25412]]]}}, {"id": "396", "type": "Feature", "properties": {"village_name": "Manjali Tarf Barhe", "vil_lgd": 552969, "district_name": "Thane", "dist_lgd": 497, "subdistrict_name": "Kalyan", "sdcode": 4168, "block_name": "Kalyan", "block_lgd": 219.0, "gp_name": "", "state_name": "MAHARASHTRA", "state_lgd": 27, "population": 976, "households": 215}, "geometry": {"type": "Polygon", "coordinates": [[[73.2574, 19.231840000000002], [73.25280000000001, 19.228630000000003], [73.25138000000001, 19.229840000000003], [73.248, 19.229840000000003], [73.2441, 19.22812], [73.24332000000001, 19.22978], [73.23688, 19.233590000000003], [73.23707, 19.235190000000003], [73.24468, 19.235310000000002], [73.25372, 19.238010000000003], [73.25932, 19.24594], [73.25968, 19.241190000000003], [73.25904000000001, 19.23628], [73.2574, 19.231840000000002]]]}}, {"id": "397", "type": "Feature", "properties": {"village_name": "Ghotsai", "vil_lgd": 552950, "district_name": "Thane", "dist_lgd": 497, "subdistrict_name": "Kalyan", "sdcode": 4168, "block_name": "Kalyan", "block_lgd": 219.0, "gp_name": "", "state_name": "MAHARASHTRA", "state_lgd": 27, "population": 2902, "households": 566}, "geometry": {"type": "Polygon", "coordinates": [[[73.24286000000001, 19.283640000000002], [73.23863, 19.283450000000002], [73.23525000000001, 19.281180000000003], [73.2348, 19.27928], [73.23668, 19.2724], [73.23402, 19.27308], [73.23154000000001, 19.269820000000003], [73.22973, 19.26868], [73.22602, 19.268230000000003], [73.2226, 19.269840000000002], [73.22254000000001, 19.27024], [73.22168, 19.27379], [73.21823, 19.283040000000003], [73.23681, 19.28947], [73.23863, 19.286710000000003], [73.24169, 19.28462], [73.24286000000001, 19.283640000000002]]]}}, {"id": "398", "type": "Feature", "properties": {"village_name": "Nandap", "vil_lgd": 552978, "district_name": "Thane", "dist_lgd": 497, "subdistrict_name": "Kalyan", "sdcode": 4168, "block_name": "Kalyan", "block_lgd": 219.0, "gp_name": "", "state_name": "MAHARASHTRA", "state_lgd": 27, "population": 1166, "households": 247}, "geometry": {"type": "Polygon", "coordinates": [[[73.22168, 19.27379], [73.20701000000001, 19.27092], [73.20568, 19.274510000000003], [73.20986, 19.28358], [73.21129, 19.284740000000003], [73.21376000000001, 19.284650000000003], [73.21823, 19.283040000000003], [73.22168, 19.27379]]]}}, {"id": "399", "type": "Feature", "properties": {"village_name": "Manivali", "vil_lgd": 552951, "district_name": "Thane", "dist_lgd": 497, "subdistrict_name": "Kalyan", "sdcode": 4168, "block_name": "Kalyan", "block_lgd": 219.0, "gp_name": "", "state_name": "MAHARASHTRA", "state_lgd": 27, "population": 2114, "households": 428}, "geometry": {"type": "Polygon", "coordinates": [[[73.22118, 19.2676], [73.22099, 19.26123], [73.21737, 19.26132], [73.21633, 19.259700000000002], [73.21642, 19.25656], [73.21405, 19.25692], [73.20834, 19.25513], [73.20368, 19.259430000000002], [73.20073000000001, 19.260240000000003], [73.20064, 19.26329], [73.20226000000001, 19.26473], [73.20511, 19.26554], [73.20710000000001, 19.26922], [73.20701000000001, 19.27092], [73.22168, 19.27379], [73.22254000000001, 19.27024], [73.22118, 19.2676]]]}}, {"id": "400", "type": "Feature", "properties": {"village_name": "Rayate", "vil_lgd": 552952, "district_name": "Thane", "dist_lgd": 497, "subdistrict_name": "Kalyan", "sdcode": 4168, "block_name": "Kalyan", "block_lgd": 219.0, "gp_name": "", "state_name": "MAHARASHTRA", "state_lgd": 27, "population": 2516, "households": 527}, "geometry": {"type": "Polygon", "coordinates": [[[73.22602, 19.268230000000003], [73.22973, 19.26868], [73.23154000000001, 19.269820000000003], [73.23349, 19.268230000000003], [73.23688, 19.262150000000002], [73.23915000000001, 19.254720000000002], [73.23636, 19.25373], [73.23655000000001, 19.24925], [73.23018, 19.24557], [73.22907000000001, 19.24884], [73.22175, 19.254140000000003], [73.21873000000001, 19.255380000000002], [73.21642, 19.25656], [73.21633, 19.259700000000002], [73.21737, 19.26132], [73.22099, 19.26123], [73.22118, 19.2676], [73.22254000000001, 19.27024], [73.2226, 19.269840000000002], [73.22602, 19.268230000000003]]]}}, {"id": "401", "type": "Feature", "properties": {"village_name": "Nalimbi", "vil_lgd": 552971, "district_name": "Thane", "dist_lgd": 497, "subdistrict_name": "Kalyan", "sdcode": 4168, "block_name": "Kalyan", "block_lgd": 219.0, "gp_name": "", "state_name": "MAHARASHTRA", "state_lgd": 27, "population": 526, "households": 120}, "geometry": {"type": "Polygon", "coordinates": [[[73.21423, 19.21827], [73.21223, 19.223760000000002], [73.21294, 19.22766], [73.21245, 19.23588], [73.2133, 19.23854], [73.22482000000001, 19.237270000000002], [73.22421, 19.236220000000003], [73.22997000000001, 19.22847], [73.22777, 19.226270000000003], [73.22764000000001, 19.224420000000002], [73.22029, 19.222340000000003], [73.21423, 19.21827]]]}}, {"id": "402", "type": "Feature", "properties": {"village_name": "Apati Tarf Chon", "vil_lgd": 552970, "district_name": "Thane", "dist_lgd": 497, "subdistrict_name": "Kalyan", "sdcode": 4168, "block_name": "Kalyan", "block_lgd": 219.0, "gp_name": "", "state_name": "MAHARASHTRA", "state_lgd": 27, "population": 670, "households": 139}, "geometry": {"type": "Polygon", "coordinates": [[[73.23929000000001, 19.2191], [73.23414000000001, 19.219910000000002], [73.22911, 19.221870000000003], [73.22764000000001, 19.224420000000002], [73.22777, 19.226270000000003], [73.22997000000001, 19.22847], [73.23242, 19.23055], [73.23688, 19.233590000000003], [73.24332000000001, 19.22978], [73.2441, 19.22812], [73.23929000000001, 19.2191]]]}}, {"id": "403", "type": "Feature", "properties": {"village_name": "Bhisol", "vil_lgd": 552964, "district_name": "Thane", "dist_lgd": 497, "subdistrict_name": "Kalyan", "sdcode": 4168, "block_name": "Kalyan", "block_lgd": 219.0, "gp_name": "", "state_name": "MAHARASHTRA", "state_lgd": 27, "population": 834, "households": 181}, "geometry": {"type": "Polygon", "coordinates": [[[73.22997000000001, 19.22847], [73.22421, 19.236220000000003], [73.22482000000001, 19.237270000000002], [73.23018, 19.24557], [73.2318, 19.2409], [73.23629000000001, 19.237640000000003], [73.23707, 19.235190000000003], [73.23688, 19.233590000000003], [73.23242, 19.23055], [73.22997000000001, 19.22847]]]}}, {"id": "404", "type": "Feature", "properties": {"village_name": "Ane", "vil_lgd": 552963, "district_name": "Thane", "dist_lgd": 497, "subdistrict_name": "Kalyan", "sdcode": 4168, "block_name": "Kalyan", "block_lgd": 219.0, "gp_name": "", "state_name": "MAHARASHTRA", "state_lgd": 27, "population": 636, "households": 151}, "geometry": {"type": "Polygon", "coordinates": [[[73.22482000000001, 19.237270000000002], [73.2133, 19.23854], [73.21833000000001, 19.250690000000002], [73.21873000000001, 19.255380000000002], [73.22175, 19.254140000000003], [73.22907000000001, 19.24884], [73.23018, 19.24557], [73.22482000000001, 19.237270000000002]]]}}, {"id": "405", "type": "Feature", "properties": {"village_name": "Varap", "vil_lgd": 552979, "district_name": "Thane", "dist_lgd": 497, "subdistrict_name": "Kalyan", "sdcode": 4168, "block_name": "Kalyan", "block_lgd": 219.0, "gp_name": "", "state_name": "MAHARASHTRA", "state_lgd": 27, "population": 5287, "households": 1210}, "geometry": {"type": "Polygon", "coordinates": [[[73.18611, 19.23214], [73.18376, 19.237840000000002], [73.17849000000001, 19.24652], [73.17666000000001, 19.25242], [73.18229000000001, 19.2559], [73.18609000000001, 19.254160000000002], [73.18879000000001, 19.24687], [73.19095, 19.23686], [73.18827, 19.23442], [73.18611, 19.23214]]]}}, {"id": "406", "type": "Feature", "properties": {"village_name": "Devgaon", "vil_lgd": 553111, "district_name": "Thane", "dist_lgd": 497, "subdistrict_name": "Murbad", "sdcode": 4171, "block_name": "Murbad", "block_lgd": 222.0, "gp_name": "", "state_name": "MAHARASHTRA", "state_lgd": 27, "population": 2645, "households": 608}, "geometry": {"type": "Polygon", "coordinates": [[[73.38363000000001, 19.241590000000002], [73.37776000000001, 19.239720000000002], [73.37313, 19.24489], [73.37044, 19.246100000000002], [73.36517, 19.247580000000003], [73.36726, 19.250950000000003], [73.37277, 19.256420000000002], [73.37578, 19.26267], [73.37742, 19.26397], [73.37834000000001, 19.261770000000002], [73.38208, 19.25873], [73.38314000000001, 19.244000000000003], [73.38363000000001, 19.241590000000002]], [[73.38111, 19.24305], [73.38022000000001, 19.24395], [73.37933000000001, 19.24305], [73.38036000000001, 19.24229], [73.38111, 19.24305]]]}}, {"id": "407", "type": "Feature", "properties": {"village_name": "Shashtrinagar", "vil_lgd": 553122, "district_name": "Thane", "dist_lgd": 497, "subdistrict_name": "Murbad", "sdcode": 4171, "block_name": "Murbad", "block_lgd": 222.0, "gp_name": "", "state_name": "MAHARASHTRA", "state_lgd": 27, "population": 1450, "households": 296}, "geometry": {"type": "Polygon", "coordinates": [[[73.39074000000001, 19.242500000000003], [73.39163, 19.24341], [73.39252, 19.242500000000003], [73.39177000000001, 19.24174], [73.39074000000001, 19.242500000000003]]]}}, {"id": "408", "type": "Feature", "properties": {"village_name": "Devape", "vil_lgd": 553112, "district_name": "Thane", "dist_lgd": 497, "subdistrict_name": "Murbad", "sdcode": 4171, "block_name": "Murbad", "block_lgd": 222.0, "gp_name": "", "state_name": "MAHARASHTRA", "state_lgd": 27, "population": 720, "households": 150}, "geometry": {"type": "Polygon", "coordinates": [[[73.37933000000001, 19.24305], [73.38022000000001, 19.24395], [73.38111, 19.24305], [73.38036000000001, 19.24229], [73.37933000000001, 19.24305]]]}}, {"id": "409", "type": "Feature", "properties": {"village_name": "Tembhare", "vil_lgd": 552910, "district_name": "Thane", "dist_lgd": 497, "subdistrict_name": "Shahapur", "sdcode": 4167, "block_name": "Shahapur", "block_lgd": 218.0, "gp_name": "", "state_name": "MAHARASHTRA", "state_lgd": 27, "population": 346, "households": 67}, "geometry": {"type": "Polygon", "coordinates": [[[73.35428, 19.345190000000002], [73.35921, 19.344050000000003], [73.36215, 19.34486], [73.36367, 19.343600000000002], [73.36415000000001, 19.341990000000003], [73.36253, 19.335800000000003], [73.36272000000001, 19.33275], [73.33981, 19.3319], [73.3401, 19.334950000000003], [73.34248000000001, 19.337020000000003], [73.34295, 19.339170000000003], [73.34181000000001, 19.341050000000003], [73.33982, 19.34213], [73.33696, 19.341990000000003], [73.33653000000001, 19.3444], [73.34993, 19.347080000000002], [73.35264000000001, 19.34607], [73.35428, 19.345190000000002]]]}}, {"id": "410", "type": "Feature", "properties": {"village_name": "Shei", "vil_lgd": 552894, "district_name": "Thane", "dist_lgd": 497, "subdistrict_name": "Shahapur", "sdcode": 4167, "block_name": "Shahapur", "block_lgd": 218.0, "gp_name": "", "state_name": "MAHARASHTRA", "state_lgd": 27, "population": 979, "households": 198}, "geometry": {"type": "Polygon", "coordinates": [[[73.31956000000001, 19.35378], [73.32000000000001, 19.341450000000002], [73.31494, 19.343110000000003], [73.30349000000001, 19.343040000000002], [73.30357000000001, 19.344710000000003], [73.29938, 19.35018], [73.28325000000001, 19.345200000000002], [73.28334000000001, 19.34813], [73.28493, 19.35086], [73.28831000000001, 19.35396], [73.29001000000001, 19.35385], [73.29147, 19.353530000000003], [73.29403, 19.35481], [73.29524, 19.35651], [73.29449000000001, 19.358220000000003], [73.29298, 19.359070000000003], [73.2929, 19.36243], [73.30166000000001, 19.364510000000003], [73.31061000000001, 19.361600000000003], [73.31765, 19.35724], [73.3211, 19.35717], [73.31956000000001, 19.35378]]]}}, {"id": "411", "type": "Feature", "properties": {"village_name": "Masavane", "vil_lgd": 552899, "district_name": "Thane", "dist_lgd": 497, "subdistrict_name": "Shahapur", "sdcode": 4167, "block_name": "Shahapur", "block_lgd": 218.0, "gp_name": "", "state_name": "MAHARASHTRA", "state_lgd": 27, "population": 795, "households": 158}, "geometry": {"type": "Polygon", "coordinates": [[[73.32947, 19.354950000000002], [73.33336, 19.35087], [73.33653000000001, 19.3444], [73.33696, 19.341990000000003], [73.33231, 19.34177], [73.3249, 19.331690000000002], [73.32156, 19.327240000000003], [73.32000000000001, 19.341450000000002], [73.31956000000001, 19.35378], [73.3211, 19.35717], [73.32213, 19.35959], [73.32338, 19.360490000000002], [73.32639, 19.360770000000002], [73.32762000000001, 19.359650000000002], [73.32947, 19.354950000000002]]]}}, {"id": "412", "type": "Feature", "properties": {"village_name": "Shere", "vil_lgd": 552893, "district_name": "Thane", "dist_lgd": 497, "subdistrict_name": "Shahapur", "sdcode": 4167, "block_name": "Shahapur", "block_lgd": 218.0, "gp_name": "", "state_name": "MAHARASHTRA", "state_lgd": 27, "population": 1935, "households": 402}, "geometry": {"type": "Polygon", "coordinates": [[[73.31134, 19.37995], [73.31288, 19.381610000000002], [73.31292, 19.384880000000003], [73.31535000000001, 19.38495], [73.31891, 19.383670000000002], [73.32276, 19.38454], [73.3254, 19.382730000000002], [73.32690000000001, 19.385080000000002], [73.32961, 19.38495], [73.33218000000001, 19.382800000000003], [73.33218000000001, 19.381520000000002], [73.3289, 19.37715], [73.32947, 19.3657], [73.32968000000001, 19.363290000000003], [73.32762000000001, 19.359650000000002], [73.32639, 19.360770000000002], [73.32338, 19.360490000000002], [73.32213, 19.35959], [73.3211, 19.35717], [73.31765, 19.35724], [73.31061000000001, 19.361600000000003], [73.30166000000001, 19.364510000000003], [73.2929, 19.36243], [73.29193000000001, 19.379530000000003], [73.29358, 19.38237], [73.29795, 19.38605], [73.30012, 19.38625], [73.30452000000001, 19.38285], [73.30628, 19.38022], [73.31134, 19.37995]]]}}, {"id": "413", "type": "Feature", "properties": {"village_name": "Ambivali", "vil_lgd": 552892, "district_name": "Thane", "dist_lgd": 497, "subdistrict_name": "Shahapur", "sdcode": 4167, "block_name": "Shahapur", "block_lgd": 218.0, "gp_name": "", "state_name": "MAHARASHTRA", "state_lgd": 27, "population": 390, "households": 79}, "geometry": {"type": "Polygon", "coordinates": [[[73.3468, 19.380950000000002], [73.34855, 19.37627], [73.3478, 19.371450000000003], [73.34628000000001, 19.368370000000002], [73.34626, 19.36473], [73.33481, 19.36389], [73.33296, 19.36578], [73.32947, 19.3657], [73.3289, 19.37715], [73.33218000000001, 19.381520000000002], [73.34038000000001, 19.38004], [73.3468, 19.380950000000002]]]}}, {"id": "414", "type": "Feature", "properties": {"village_name": "Bavghar", "vil_lgd": 552900, "district_name": "Thane", "dist_lgd": 497, "subdistrict_name": "Shahapur", "sdcode": 4167, "block_name": "Shahapur", "block_lgd": 218.0, "gp_name": "", "state_name": "MAHARASHTRA", "state_lgd": 27, "population": 593, "households": 118}, "geometry": {"type": "Polygon", "coordinates": [[[73.34626, 19.36473], [73.34741000000001, 19.36438], [73.34785000000001, 19.36135], [73.34892, 19.36034], [73.35301000000001, 19.358210000000003], [73.35449000000001, 19.3583], [73.35621, 19.351180000000003], [73.35428, 19.345190000000002], [73.35264000000001, 19.34607], [73.34993, 19.347080000000002], [73.33653000000001, 19.3444], [73.33336, 19.35087], [73.32947, 19.354950000000002], [73.32762000000001, 19.359650000000002], [73.32968000000001, 19.363290000000003], [73.32947, 19.3657], [73.33296, 19.36578], [73.33481, 19.36389], [73.34626, 19.36473]]]}}, {"id": "415", "type": "Feature", "properties": {"village_name": "Thile", "vil_lgd": 552901, "district_name": "Thane", "dist_lgd": 497, "subdistrict_name": "Shahapur", "sdcode": 4167, "block_name": "Shahapur", "block_lgd": 218.0, "gp_name": "", "state_name": "MAHARASHTRA", "state_lgd": 27, "population": 703, "households": 137}, "geometry": {"type": "Polygon", "coordinates": [[[73.37166, 19.35867], [73.37651000000001, 19.357860000000002], [73.37813000000001, 19.355890000000002], [73.37946000000001, 19.35132], [73.37749000000001, 19.343690000000002], [73.36415000000001, 19.341990000000003], [73.36367, 19.343600000000002], [73.36215, 19.34486], [73.35921, 19.344050000000003], [73.35428, 19.345190000000002], [73.35621, 19.351180000000003], [73.35449000000001, 19.3583], [73.35697, 19.359740000000002], [73.37024000000001, 19.35989], [73.37166, 19.35867]]]}}, {"id": "416", "type": "Feature", "properties": {"village_name": "Chinchvali", "vil_lgd": 552902, "district_name": "Thane", "dist_lgd": 497, "subdistrict_name": "Shahapur", "sdcode": 4167, "block_name": "Shahapur", "block_lgd": 218.0, "gp_name": "", "state_name": "MAHARASHTRA", "state_lgd": 27, "population": 376, "households": 85}, "geometry": {"type": "Polygon", "coordinates": [[[73.39476, 19.36513], [73.39191000000001, 19.358310000000003], [73.39172, 19.354370000000003], [73.39685, 19.33943], [73.39429000000001, 19.342350000000003], [73.38963000000001, 19.337320000000002], [73.38621, 19.339650000000002], [73.38373, 19.34315], [73.37749000000001, 19.343690000000002], [73.37946000000001, 19.35132], [73.38183000000001, 19.35463], [73.38155, 19.357680000000002], [73.38664, 19.3624], [73.39201, 19.36513], [73.39421, 19.36513], [73.39476, 19.36513]]]}}, {"id": "417", "type": "Feature", "properties": {"village_name": "Sane", "vil_lgd": 552868, "district_name": "Thane", "dist_lgd": 497, "subdistrict_name": "Shahapur", "sdcode": 4167, "block_name": "Shahapur", "block_lgd": 218.0, "gp_name": "", "state_name": "MAHARASHTRA", "state_lgd": 27, "population": 788, "households": 144}, "geometry": {"type": "Polygon", "coordinates": [[[73.25880000000001, 19.38294], [73.25684000000001, 19.378110000000003], [73.25307000000001, 19.377260000000003], [73.25080000000001, 19.3779], [73.24569000000001, 19.38322], [73.24223, 19.384790000000002], [73.24223, 19.38791], [73.24424, 19.39207], [73.24911, 19.39195], [73.25377, 19.38737], [73.25894000000001, 19.386660000000003], [73.25880000000001, 19.38294]]]}}, {"id": "418", "type": "Feature", "properties": {"village_name": "Pali", "vil_lgd": 552867, "district_name": "Thane", "dist_lgd": 497, "subdistrict_name": "Shahapur", "sdcode": 4167, "block_name": "Shahapur", "block_lgd": 218.0, "gp_name": "", "state_name": "MAHARASHTRA", "state_lgd": 27, "population": 796, "households": 151}, "geometry": {"type": "Polygon", "coordinates": [[[73.25926000000001, 19.388240000000003], [73.25894000000001, 19.386660000000003], [73.25377, 19.38737], [73.24911, 19.39195], [73.24424, 19.39207], [73.24584, 19.39601], [73.24554, 19.399420000000003], [73.25091, 19.400650000000002], [73.25282, 19.39984], [73.25510000000001, 19.401000000000003], [73.26032000000001, 19.39007], [73.25926000000001, 19.388240000000003]]]}}, {"id": "419", "type": "Feature", "properties": {"village_name": "Sarmal", "vil_lgd": 552866, "district_name": "Thane", "dist_lgd": 497, "subdistrict_name": "Shahapur", "sdcode": 4167, "block_name": "Shahapur", "block_lgd": 218.0, "gp_name": "", "state_name": "MAHARASHTRA", "state_lgd": 27, "population": 956, "households": 211}, "geometry": {"type": "Polygon", "coordinates": [[[73.25282, 19.39984], [73.25091, 19.400650000000002], [73.24554, 19.399420000000003], [73.24509, 19.405240000000003], [73.24690000000001, 19.411060000000003], [73.24675, 19.414900000000003], [73.24483000000001, 19.41984], [73.24789000000001, 19.42117], [73.24996, 19.419120000000003], [73.25434, 19.416790000000002], [73.25367, 19.40737], [73.25510000000001, 19.401000000000003], [73.25282, 19.39984]]]}}, {"id": "420", "type": "Feature", "properties": {"village_name": "Katbao", "vil_lgd": 552864, "district_name": "Thane", "dist_lgd": 497, "subdistrict_name": "Shahapur", "sdcode": 4167, "block_name": "Shahapur", "block_lgd": 218.0, "gp_name": "", "state_name": "MAHARASHTRA", "state_lgd": 27, "population": 229, "households": 55}, "geometry": {"type": "Polygon", "coordinates": [[[73.25101000000001, 19.454890000000002], [73.24588, 19.442700000000002], [73.25025000000001, 19.4435], [73.24797000000001, 19.434540000000002], [73.24789000000001, 19.42117], [73.24483000000001, 19.41984], [73.24103000000001, 19.42441], [73.23508000000001, 19.42765], [73.23289000000001, 19.430380000000003], [73.23259, 19.43436], [73.23063, 19.438190000000002], [73.22642, 19.44032], [73.23078000000001, 19.44998], [73.23094, 19.45466], [73.22962000000001, 19.456940000000003], [73.23811, 19.45718], [73.23932, 19.457220000000003], [73.24283000000001, 19.460990000000002], [73.24511000000001, 19.46197], [73.24749, 19.46215], [73.24863, 19.45973], [73.25101000000001, 19.454890000000002]]]}}, {"id": "421", "type": "Feature", "properties": {"village_name": "Dahagaon", "vil_lgd": 552865, "district_name": "Thane", "dist_lgd": 497, "subdistrict_name": "Shahapur", "sdcode": 4167, "block_name": "Shahapur", "block_lgd": 218.0, "gp_name": "", "state_name": "MAHARASHTRA", "state_lgd": 27, "population": 1230, "households": 261}, "geometry": {"type": "Polygon", "coordinates": [[[73.25662000000001, 19.449150000000003], [73.25823000000001, 19.45381], [73.26023, 19.453010000000003], [73.26973000000001, 19.44397], [73.27202000000001, 19.441170000000003], [73.27021, 19.438840000000003], [73.27078, 19.434990000000003], [73.27012, 19.4323], [73.26517000000001, 19.426830000000002], [73.26299, 19.42638], [73.25938000000001, 19.42172], [73.25662000000001, 19.41177], [73.25367, 19.40737], [73.25434, 19.416790000000002], [73.24996, 19.419120000000003], [73.24789000000001, 19.42117], [73.24797000000001, 19.434540000000002], [73.25025000000001, 19.4435], [73.24588, 19.442700000000002], [73.25101000000001, 19.454890000000002], [73.25662000000001, 19.449150000000003]]]}}, {"id": "422", "type": "Feature", "properties": {"village_name": "Khativali", "vil_lgd": 552870, "district_name": "Thane", "dist_lgd": 497, "subdistrict_name": "Shahapur", "sdcode": 4167, "block_name": "Shahapur", "block_lgd": 218.0, "gp_name": "", "state_name": "MAHARASHTRA", "state_lgd": 27, "population": 2951, "households": 668}, "geometry": {"type": "Polygon", "coordinates": [[[73.27623000000001, 19.39589], [73.27385000000001, 19.39842], [73.27141, 19.39833], [73.27135000000001, 19.400470000000002], [73.27078, 19.407010000000003], [73.26888000000001, 19.412390000000002], [73.26441000000001, 19.420640000000002], [73.26517000000001, 19.426830000000002], [73.27012, 19.4323], [73.27078, 19.434990000000003], [73.27021, 19.438840000000003], [73.27202000000001, 19.441170000000003], [73.27677, 19.44055], [73.27975, 19.438570000000002], [73.28219, 19.43606], [73.29046000000001, 19.432840000000002], [73.28761, 19.424680000000002], [73.28809000000001, 19.41939], [73.28704, 19.416790000000002], [73.28628, 19.40558], [73.2821, 19.399030000000003], [73.27623000000001, 19.39589]]]}}, {"id": "423", "type": "Feature", "properties": {"village_name": "Bhatsai", "vil_lgd": 552869, "district_name": "Thane", "dist_lgd": 497, "subdistrict_name": "Shahapur", "sdcode": 4167, "block_name": "Shahapur", "block_lgd": 218.0, "gp_name": "", "state_name": "MAHARASHTRA", "state_lgd": 27, "population": 1706, "households": 283}, "geometry": {"type": "Polygon", "coordinates": [[[73.29795, 19.38605], [73.29358, 19.38237], [73.28500000000001, 19.38237], [73.28214000000001, 19.38379], [73.28015, 19.38725], [73.27623000000001, 19.39589], [73.2821, 19.399030000000003], [73.28485, 19.396790000000003], [73.28733000000001, 19.39724], [73.29769, 19.38737], [73.29795, 19.38605]]]}}, {"id": "424", "type": "Feature", "properties": {"village_name": "Vehloli", "vil_lgd": 552871, "district_name": "Thane", "dist_lgd": 497, "subdistrict_name": "Shahapur", "sdcode": 4167, "block_name": "Shahapur", "block_lgd": 218.0, "gp_name": "", "state_name": "MAHARASHTRA", "state_lgd": 27, "population": 1697, "households": 296}, "geometry": {"type": "Polygon", "coordinates": [[[73.29265000000001, 19.432660000000002], [73.29655000000001, 19.43024], [73.30092, 19.4297], [73.30007, 19.420820000000003], [73.30064, 19.41347], [73.30054000000001, 19.40934], [73.29845, 19.400650000000002], [73.29769, 19.38737], [73.28733000000001, 19.39724], [73.28485, 19.396790000000003], [73.2821, 19.399030000000003], [73.28628, 19.40558], [73.28704, 19.416790000000002], [73.28809000000001, 19.41939], [73.28761, 19.424680000000002], [73.29046000000001, 19.432840000000002], [73.29265000000001, 19.432660000000002]]]}}, {"id": "425", "type": "Feature", "properties": {"village_name": "Pashane", "vil_lgd": 552872, "district_name": "Thane", "dist_lgd": 497, "subdistrict_name": "Shahapur", "sdcode": 4167, "block_name": "Shahapur", "block_lgd": 218.0, "gp_name": "", "state_name": "MAHARASHTRA", "state_lgd": 27, "population": 916, "households": 190}, "geometry": {"type": "Polygon", "coordinates": [[[73.31147, 19.406920000000003], [73.31670000000001, 19.408990000000003], [73.31889000000001, 19.40818], [73.32203000000001, 19.404860000000003], [73.32402, 19.39939], [73.32328000000001, 19.393680000000003], [73.32212000000001, 19.39177], [73.31975, 19.3915], [73.31661000000001, 19.392580000000002], [73.31395, 19.39204], [73.31292, 19.384880000000003], [73.31288, 19.381610000000002], [73.31134, 19.37995], [73.30628, 19.38022], [73.30452000000001, 19.38285], [73.30012, 19.38625], [73.29795, 19.38605], [73.29769, 19.38737], [73.29845, 19.400650000000002], [73.30054000000001, 19.40934], [73.30064, 19.41347], [73.30235, 19.41356], [73.30834, 19.40728], [73.31147, 19.406920000000003]]]}}, {"id": "426", "type": "Feature", "properties": {"village_name": "Ras", "vil_lgd": 552891, "district_name": "Thane", "dist_lgd": 497, "subdistrict_name": "Shahapur", "sdcode": 4167, "block_name": "Shahapur", "block_lgd": 218.0, "gp_name": "", "state_name": "MAHARASHTRA", "state_lgd": 27, "population": 340, "households": 72}, "geometry": {"type": "Polygon", "coordinates": [[[73.34848000000001, 19.39261], [73.34647000000001, 19.391440000000003], [73.3468, 19.380950000000002], [73.34038000000001, 19.38004], [73.33218000000001, 19.381520000000002], [73.33218000000001, 19.382800000000003], [73.32961, 19.38495], [73.32690000000001, 19.385080000000002], [73.3254, 19.382730000000002], [73.32276, 19.38454], [73.31891, 19.383670000000002], [73.31535000000001, 19.38495], [73.31292, 19.384880000000003], [73.31395, 19.39204], [73.31661000000001, 19.392580000000002], [73.31975, 19.3915], [73.32212000000001, 19.39177], [73.32328000000001, 19.393680000000003], [73.33848, 19.396790000000003], [73.34342000000001, 19.3958], [73.34599, 19.39401], [73.34848000000001, 19.39261]]]}}, {"id": "427", "type": "Feature", "properties": {"village_name": "Lenad Bk", "vil_lgd": 552889, "district_name": "Thane", "dist_lgd": 497, "subdistrict_name": "Shahapur", "sdcode": 4167, "block_name": "Shahapur", "block_lgd": 218.0, "gp_name": "", "state_name": "MAHARASHTRA", "state_lgd": 27, "population": 805, "households": 168}, "geometry": {"type": "Polygon", "coordinates": [[[73.36254000000001, 19.39198], [73.3677, 19.38971], [73.37135, 19.386270000000003], [73.37312, 19.366390000000003], [73.37024000000001, 19.35989], [73.35697, 19.359740000000002], [73.35449000000001, 19.3583], [73.35301000000001, 19.358210000000003], [73.34892, 19.36034], [73.34785000000001, 19.36135], [73.34741000000001, 19.36438], [73.34626, 19.36473], [73.34628000000001, 19.368370000000002], [73.3478, 19.371450000000003], [73.34855, 19.37627], [73.3468, 19.380950000000002], [73.34647000000001, 19.391440000000003], [73.34848000000001, 19.39261], [73.35342, 19.39123], [73.36254000000001, 19.39198]], [[73.35042, 19.38373], [73.35101, 19.384800000000002], [73.35016, 19.38537], [73.34927, 19.38447], [73.35003, 19.38371], [73.35042, 19.38373]]]}}, {"id": "428", "type": "Feature", "properties": {"village_name": "Shendrun", "vil_lgd": 552888, "district_name": "Thane", "dist_lgd": 497, "subdistrict_name": "Shahapur", "sdcode": 4167, "block_name": "Shahapur", "block_lgd": 218.0, "gp_name": "", "state_name": "MAHARASHTRA", "state_lgd": 27, "population": 557, "households": 121}, "geometry": {"type": "Polygon", "coordinates": [[[73.37635, 19.386390000000002], [73.37849, 19.38134], [73.38134000000001, 19.3791], [73.38063000000001, 19.377640000000003], [73.38123, 19.37159], [73.38664, 19.3624], [73.38155, 19.357680000000002], [73.38183000000001, 19.35463], [73.37946000000001, 19.35132], [73.37813000000001, 19.355890000000002], [73.37651000000001, 19.357860000000002], [73.37166, 19.35867], [73.37024000000001, 19.35989], [73.37312, 19.366390000000003], [73.37135, 19.386270000000003], [73.37191, 19.386290000000002], [73.37635, 19.386390000000002]]]}}, {"id": "429", "type": "Feature", "properties": {"village_name": "Vl Avale", "vil_lgd": 552719, "district_name": "Thane", "dist_lgd": 497, "subdistrict_name": "Shahapur", "sdcode": 4167, "block_name": "Shahapur", "block_lgd": 218.0, "gp_name": "", "state_name": "MAHARASHTRA", "state_lgd": 27, "population": 1461, "households": 291}, "geometry": {"type": "Polygon", "coordinates": [[[73.29087000000001, 19.46064], [73.29433, 19.45699], [73.29529000000001, 19.45491], [73.29502000000001, 19.448400000000003], [73.29253, 19.44462], [73.27975, 19.438570000000002], [73.27677, 19.44055], [73.27202000000001, 19.441170000000003], [73.26973000000001, 19.44397], [73.27084, 19.457780000000003], [73.27374, 19.46246], [73.27506000000001, 19.46178], [73.27996, 19.46012], [73.29087000000001, 19.46064]]]}}, {"id": "430", "type": "Feature", "properties": {"village_name": "Kalambhe", "vil_lgd": 552875, "district_name": "Thane", "dist_lgd": 497, "subdistrict_name": "Shahapur", "sdcode": 4167, "block_name": "Shahapur", "block_lgd": 218.0, "gp_name": "", "state_name": "MAHARASHTRA", "state_lgd": 27, "population": 3707, "households": 835}, "geometry": {"type": "Polygon", "coordinates": [[[73.33309000000001, 19.440160000000002], [73.33582000000001, 19.440610000000003], [73.33749, 19.43915], [73.34093, 19.432760000000002], [73.34771, 19.43187], [73.34676, 19.430410000000002], [73.33927, 19.431980000000003], [73.32525000000001, 19.431980000000003], [73.31824, 19.43108], [73.31824, 19.433660000000003], [73.32207000000001, 19.441480000000002], [73.32858, 19.44789], [73.33214000000001, 19.444190000000003], [73.33095, 19.44094], [73.33309000000001, 19.440160000000002]]]}}, {"id": "431", "type": "Feature", "properties": {"village_name": "Borsheti Bk", "vil_lgd": 552874, "district_name": "Thane", "dist_lgd": 497, "subdistrict_name": "Shahapur", "sdcode": 4167, "block_name": "Shahapur", "block_lgd": 218.0, "gp_name": "", "state_name": "MAHARASHTRA", "state_lgd": 27, "population": 659, "households": 126}, "geometry": {"type": "Polygon", "coordinates": [[[73.34307000000001, 19.426370000000002], [73.32038, 19.424580000000002], [73.31812000000001, 19.426370000000002], [73.31824, 19.43108], [73.32525000000001, 19.431980000000003], [73.33927, 19.431980000000003], [73.34676, 19.430410000000002], [73.34438, 19.42839], [73.34307000000001, 19.426370000000002]]]}}, {"id": "432", "type": "Feature", "properties": {"village_name": "Valshet", "vil_lgd": 552873, "district_name": "Thane", "dist_lgd": 497, "subdistrict_name": "Shahapur", "sdcode": 4167, "block_name": "Shahapur", "block_lgd": 218.0, "gp_name": "", "state_name": "MAHARASHTRA", "state_lgd": 27, "population": 786, "households": 161}, "geometry": {"type": "Polygon", "coordinates": [[[73.32251000000001, 19.40687], [73.32299, 19.40597], [73.32203000000001, 19.404860000000003], [73.31889000000001, 19.40818], [73.31670000000001, 19.408990000000003], [73.31147, 19.406920000000003], [73.30834, 19.40728], [73.30235, 19.41356], [73.30064, 19.41347], [73.30007, 19.420820000000003], [73.30092, 19.4297], [73.30659, 19.427490000000002], [73.31277, 19.421780000000002], [73.31384, 19.41965], [73.31729, 19.41786], [73.31871000000001, 19.415950000000002], [73.32251000000001, 19.40687]]]}}, {"id": "433", "type": "Feature", "properties": {"village_name": "Borsheti Kh", "vil_lgd": 552881, "district_name": "Thane", "dist_lgd": 497, "subdistrict_name": "Shahapur", "sdcode": 4167, "block_name": "Shahapur", "block_lgd": 218.0, "gp_name": "", "state_name": "MAHARASHTRA", "state_lgd": 27, "population": 737, "households": 150}, "geometry": {"type": "Polygon", "coordinates": [[[73.32038, 19.424580000000002], [73.34307000000001, 19.426370000000002], [73.34212000000001, 19.42357], [73.33868000000001, 19.41898], [73.33642, 19.417070000000002], [73.33531, 19.417070000000002], [73.33262, 19.416960000000003], [73.33024, 19.41404], [73.33071000000001, 19.409560000000003], [73.32953, 19.40597], [73.32251000000001, 19.40687], [73.31871000000001, 19.415950000000002], [73.31729, 19.41786], [73.31384, 19.41965], [73.31812000000001, 19.426370000000002], [73.32038, 19.424580000000002]]]}}, {"id": "434", "type": "Feature", "properties": {"village_name": "Vafe", "vil_lgd": 552876, "district_name": "Thane", "dist_lgd": 497, "subdistrict_name": "Shahapur", "sdcode": 4167, "block_name": "Shahapur", "block_lgd": 218.0, "gp_name": "", "state_name": "MAHARASHTRA", "state_lgd": 27, "population": 3760, "households": 804}, "geometry": {"type": "Polygon", "coordinates": [[[73.34562000000001, 19.442960000000003], [73.34923, 19.43794], [73.34771, 19.43187], [73.34093, 19.432760000000002], [73.33749, 19.43915], [73.33582000000001, 19.440610000000003], [73.33309000000001, 19.440160000000002], [73.33095, 19.44094], [73.33214000000001, 19.444190000000003], [73.33808, 19.44453], [73.34117, 19.444860000000002], [73.34562000000001, 19.442960000000003]]]}}, {"id": "435", "type": "Feature", "properties": {"village_name": "Kawadas", "vil_lgd": 552729, "district_name": "Thane", "dist_lgd": 497, "subdistrict_name": "Shahapur", "sdcode": 4167, "block_name": "Shahapur", "block_lgd": 218.0, "gp_name": "", "state_name": "MAHARASHTRA", "state_lgd": 27, "population": 790, "households": 168}, "geometry": {"type": "Polygon", "coordinates": [[[73.36511, 19.445020000000003], [73.36016000000001, 19.445110000000003], [73.35528000000001, 19.444010000000002], [73.35246000000001, 19.44762], [73.34971, 19.44959], [73.34799000000001, 19.44959], [73.34847, 19.451030000000003], [73.35132, 19.45372], [73.35151, 19.456680000000002], [73.35634, 19.457220000000003], [73.35931000000001, 19.456770000000002], [73.36178000000001, 19.45542], [73.36302, 19.45354], [73.36397000000001, 19.450670000000002], [73.36511, 19.445020000000003]]]}}, {"id": "436", "type": "Feature", "properties": {"village_name": "Bamane", "vil_lgd": 552877, "district_name": "Thane", "dist_lgd": 497, "subdistrict_name": "Shahapur", "sdcode": 4167, "block_name": "Shahapur", "block_lgd": 218.0, "gp_name": "", "state_name": "MAHARASHTRA", "state_lgd": 27, "population": 714, "households": 156}, "geometry": {"type": "Polygon", "coordinates": [[[73.35528000000001, 19.444010000000002], [73.35256000000001, 19.44224], [73.34995, 19.43909], [73.34923, 19.43794], [73.34562000000001, 19.442960000000003], [73.34117, 19.444860000000002], [73.34212000000001, 19.44632], [73.34448, 19.446640000000002], [73.34524, 19.44816], [73.34799000000001, 19.44959], [73.34971, 19.44959], [73.35246000000001, 19.44762], [73.35528000000001, 19.444010000000002]]]}}, {"id": "437", "type": "Feature", "properties": {"village_name": "Hiv", "vil_lgd": 552882, "district_name": "Thane", "dist_lgd": 497, "subdistrict_name": "Shahapur", "sdcode": 4167, "block_name": "Shahapur", "block_lgd": 218.0, "gp_name": "", "state_name": "MAHARASHTRA", "state_lgd": 27, "population": 1404, "households": 287}, "geometry": {"type": "Polygon", "coordinates": [[[73.33564000000001, 19.41606], [73.33816, 19.41522], [73.34287, 19.415370000000003], [73.34539000000001, 19.41092], [73.34816000000001, 19.409010000000002], [73.35003, 19.40556], [73.35027000000001, 19.395200000000003], [73.34848000000001, 19.39261], [73.34599, 19.39401], [73.34342000000001, 19.3958], [73.33848, 19.396790000000003], [73.32328000000001, 19.393680000000003], [73.32402, 19.39939], [73.32203000000001, 19.404860000000003], [73.32299, 19.40597], [73.32251000000001, 19.40687], [73.32953, 19.40597], [73.33071000000001, 19.409560000000003], [73.33024, 19.41404], [73.33262, 19.416960000000003], [73.33531, 19.417070000000002], [73.33564000000001, 19.41606]]]}}, {"id": "438", "type": "Feature", "properties": {"village_name": "Andad", "vil_lgd": 552880, "district_name": "Thane", "dist_lgd": 497, "subdistrict_name": "Shahapur", "sdcode": 4167, "block_name": "Shahapur", "block_lgd": 218.0, "gp_name": "", "state_name": "MAHARASHTRA", "state_lgd": 27, "population": 907, "households": 183}, "geometry": {"type": "Polygon", "coordinates": [[[73.3519, 19.416520000000002], [73.35165, 19.412460000000003], [73.34816000000001, 19.409010000000002], [73.34539000000001, 19.41092], [73.34287, 19.415370000000003], [73.33816, 19.41522], [73.33564000000001, 19.41606], [73.33531, 19.417070000000002], [73.33642, 19.417070000000002], [73.33868000000001, 19.41898], [73.34212000000001, 19.42357], [73.34307000000001, 19.426370000000002], [73.34438, 19.42839], [73.35336000000001, 19.42695], [73.35466000000001, 19.425800000000002], [73.35718, 19.419970000000003], [73.35304000000001, 19.418290000000002], [73.3519, 19.416520000000002]]]}}, {"id": "439", "type": "Feature", "properties": {"village_name": "Khutghar", "vil_lgd": 552879, "district_name": "Thane", "dist_lgd": 497, "subdistrict_name": "Shahapur", "sdcode": 4167, "block_name": "Shahapur", "block_lgd": 218.0, "gp_name": "", "state_name": "MAHARASHTRA", "state_lgd": 27, "population": 1205, "households": 280}, "geometry": {"type": "Polygon", "coordinates": [[[73.37865000000001, 19.4222], [73.36247, 19.421580000000002], [73.35718, 19.419970000000003], [73.35466000000001, 19.425800000000002], [73.35336000000001, 19.42695], [73.34438, 19.42839], [73.34676, 19.430410000000002], [73.34771, 19.43187], [73.34923, 19.43794], [73.34995, 19.43909], [73.36653000000001, 19.43661], [73.36816, 19.43531], [73.37109000000001, 19.430400000000002], [73.37328000000001, 19.42864], [73.37865000000001, 19.4222]]]}}, {"id": "440", "type": "Feature", "properties": {"village_name": "Shelwali", "vil_lgd": 552822, "district_name": "Thane", "dist_lgd": 497, "subdistrict_name": "Shahapur", "sdcode": 4167, "block_name": "Shahapur", "block_lgd": 218.0, "gp_name": "", "state_name": "MAHARASHTRA", "state_lgd": 27, "population": 1041, "households": 226}, "geometry": {"type": "Polygon", "coordinates": [[[73.39539, 19.438180000000003], [73.39508000000001, 19.434060000000002], [73.39250000000001, 19.43204], [73.38901, 19.430780000000002], [73.38553, 19.427950000000003], [73.38437, 19.42461], [73.38507, 19.42263], [73.3828, 19.42244], [73.37877, 19.43009], [73.37568, 19.43401], [73.37052, 19.445130000000002], [73.37321, 19.446170000000002], [73.37458000000001, 19.445120000000003], [73.38174000000001, 19.44543], [73.38735000000001, 19.44704], [73.39166, 19.446430000000003], [73.3935, 19.447480000000002], [73.39357000000001, 19.44667], [73.39539, 19.438180000000003]]]}}, {"id": "441", "type": "Feature", "properties": {"village_name": "Sapagaon", "vil_lgd": 552878, "district_name": "Thane", "dist_lgd": 497, "subdistrict_name": "Shahapur", "sdcode": 4167, "block_name": "Shahapur", "block_lgd": 218.0, "gp_name": "", "state_name": "MAHARASHTRA", "state_lgd": 27, "population": 3160, "households": 711}, "geometry": {"type": "Polygon", "coordinates": [[[73.36811, 19.444470000000003], [73.37052, 19.445130000000002], [73.37568, 19.43401], [73.37877, 19.43009], [73.3828, 19.42244], [73.37865000000001, 19.4222], [73.37328000000001, 19.42864], [73.37109000000001, 19.430400000000002], [73.36816, 19.43531], [73.36653000000001, 19.43661], [73.34995, 19.43909], [73.35256000000001, 19.44224], [73.35528000000001, 19.444010000000002], [73.36016000000001, 19.445110000000003], [73.36511, 19.445020000000003], [73.36811, 19.444470000000003]]]}}, {"id": "442", "type": "Feature", "properties": {"village_name": "Nadgaon", "vil_lgd": 552883, "district_name": "Thane", "dist_lgd": 497, "subdistrict_name": "Shahapur", "sdcode": 4167, "block_name": "Shahapur", "block_lgd": 218.0, "gp_name": "", "state_name": "MAHARASHTRA", "state_lgd": 27, "population": 3075, "households": 654}, "geometry": {"type": "Polygon", "coordinates": [[[73.38787, 19.41411], [73.38492000000001, 19.407030000000002], [73.37494000000001, 19.39241], [73.37191, 19.386290000000002], [73.37135, 19.386270000000003], [73.3677, 19.38971], [73.36254000000001, 19.39198], [73.35342, 19.39123], [73.34848000000001, 19.39261], [73.35027000000001, 19.395200000000003], [73.35003, 19.40556], [73.34816000000001, 19.409010000000002], [73.35165, 19.412460000000003], [73.3519, 19.416520000000002], [73.35304000000001, 19.418290000000002], [73.35718, 19.419970000000003], [73.36247, 19.421580000000002], [73.37865000000001, 19.4222], [73.3828, 19.42244], [73.38507, 19.42263], [73.38667000000001, 19.422520000000002], [73.39071000000001, 19.418270000000003], [73.38787, 19.41411]]]}}, {"id": "443", "type": "Feature", "properties": {"village_name": "Lenad Kh", "vil_lgd": 552887, "district_name": "Thane", "dist_lgd": 497, "subdistrict_name": "Shahapur", "sdcode": 4167, "block_name": "Shahapur", "block_lgd": 218.0, "gp_name": "", "state_name": "MAHARASHTRA", "state_lgd": 27, "population": 841, "households": 173}, "geometry": {"type": "Polygon", "coordinates": [[[73.38764, 19.37865], [73.38134000000001, 19.3791], [73.37849, 19.38134], [73.37635, 19.386390000000002], [73.37191, 19.386290000000002], [73.37494000000001, 19.39241], [73.37846, 19.39339], [73.39205000000001, 19.3916], [73.39348000000001, 19.390970000000003], [73.39652000000001, 19.386760000000002], [73.39595, 19.383170000000003], [73.39337, 19.379350000000002], [73.38764, 19.37865]]]}}, {"id": "444", "type": "Feature", "properties": {"village_name": "Shirgaon", "vil_lgd": 552884, "district_name": "Thane", "dist_lgd": 497, "subdistrict_name": "Shahapur", "sdcode": 4167, "block_name": "Shahapur", "block_lgd": 218.0, "gp_name": "", "state_name": "MAHARASHTRA", "state_lgd": 27, "population": 1147, "households": 240}, "geometry": {"type": "Polygon", "coordinates": [[[73.39861, 19.3933], [73.39652000000001, 19.386760000000002], [73.39348000000001, 19.390970000000003], [73.39205000000001, 19.3916], [73.37846, 19.39339], [73.37494000000001, 19.39241], [73.38492000000001, 19.407030000000002], [73.38787, 19.41411], [73.39071000000001, 19.418270000000003], [73.39666000000001, 19.418670000000002], [73.40208000000001, 19.41421], [73.40696000000001, 19.41226], [73.39861, 19.3933]]]}}, {"id": "445", "type": "Feature", "properties": {"village_name": "Tute", "vil_lgd": 552731, "district_name": "Thane", "dist_lgd": 497, "subdistrict_name": "Shahapur", "sdcode": 4167, "block_name": "Shahapur", "block_lgd": 218.0, "gp_name": "", "state_name": "MAHARASHTRA", "state_lgd": 27, "population": 340, "households": 65}, "geometry": {"type": "Polygon", "coordinates": [[[73.36811, 19.444470000000003], [73.36511, 19.445020000000003], [73.36397000000001, 19.450670000000002], [73.36302, 19.45354], [73.36801000000001, 19.453100000000003], [73.37692000000001, 19.45089], [73.37673000000001, 19.44881], [73.37321, 19.446170000000002], [73.37052, 19.445130000000002], [73.36811, 19.444470000000003]]]}}, {"id": "446", "type": "Feature", "properties": {"village_name": "Kasane", "vil_lgd": 552616, "district_name": "Thane", "dist_lgd": 497, "subdistrict_name": "Bhiwandi", "sdcode": 4166, "block_name": "Bhiwandi", "block_lgd": 217.0, "gp_name": "", "state_name": "MAHARASHTRA", "state_lgd": 27, "population": 1546, "households": 343}, "geometry": {"type": "Polygon", "coordinates": [[[73.24223, 19.384790000000002], [73.23968, 19.38613], [73.23898000000001, 19.384990000000002], [73.23551, 19.38908], [73.23494000000001, 19.391920000000002], [73.22711000000001, 19.394460000000002], [73.22587, 19.401120000000002], [73.22662000000001, 19.40293], [73.22515, 19.404700000000002], [73.2249, 19.40716], [73.22784, 19.41232], [73.22727, 19.41601], [73.23143, 19.42593], [73.23508000000001, 19.42765], [73.24103000000001, 19.42441], [73.24483000000001, 19.41984], [73.24675, 19.414900000000003], [73.24690000000001, 19.411060000000003], [73.24509, 19.405240000000003], [73.24554, 19.399420000000003], [73.24584, 19.39601], [73.24424, 19.39207], [73.24223, 19.38791], [73.24223, 19.384790000000002]]]}}, {"id": "447", "type": "Feature", "properties": {"village_name": "Kandali Tarf Rahur", "vil_lgd": 552617, "district_name": "Thane", "dist_lgd": 497, "subdistrict_name": "Bhiwandi", "sdcode": 4166, "block_name": "Bhiwandi", "block_lgd": 217.0, "gp_name": "", "state_name": "MAHARASHTRA", "state_lgd": 27, "population": 579, "households": 140}, "geometry": {"type": "Polygon", "coordinates": [[[73.23656000000001, 19.37688], [73.23448, 19.375200000000003], [73.23285, 19.375200000000003], [73.2258, 19.375100000000003], [73.22442000000001, 19.376920000000002], [73.22409, 19.38523], [73.22197, 19.390310000000003], [73.22572000000001, 19.392390000000002], [73.22711000000001, 19.394460000000002], [73.23494000000001, 19.391920000000002], [73.23551, 19.38908], [73.23898000000001, 19.384990000000002], [73.23656000000001, 19.37688]]]}}, {"id": "448", "type": "Feature", "properties": {"village_name": "Koshimbi", "vil_lgd": 552618, "district_name": "Thane", "dist_lgd": 497, "subdistrict_name": "Bhiwandi", "sdcode": 4166, "block_name": "Bhiwandi", "block_lgd": 217.0, "gp_name": "", "state_name": "MAHARASHTRA", "state_lgd": 27, "population": 1409, "households": 307}, "geometry": {"type": "Polygon", "coordinates": [[[73.22409, 19.38523], [73.22442000000001, 19.376920000000002], [73.2258, 19.375100000000003], [73.22453, 19.37322], [73.21430000000001, 19.37376], [73.21373000000001, 19.378300000000003], [73.21650000000001, 19.381300000000003], [73.21642, 19.385460000000002], [73.21683, 19.38692], [73.21781, 19.388150000000003], [73.22001, 19.391460000000002], [73.22197, 19.390310000000003], [73.22409, 19.38523]]]}}, {"id": "449", "type": "Feature", "properties": {"village_name": "Kalambholi", "vil_lgd": 552619, "district_name": "Thane", "dist_lgd": 497, "subdistrict_name": "Bhiwandi", "sdcode": 4166, "block_name": "Bhiwandi", "block_lgd": 217.0, "gp_name": "", "state_name": "MAHARASHTRA", "state_lgd": 27, "population": 430, "households": 92}, "geometry": {"type": "Polygon", "coordinates": [[[73.22512, 19.36973], [73.2278, 19.364310000000003], [73.22883, 19.36203], [73.22764000000001, 19.35978], [73.22393000000001, 19.359640000000002], [73.22222000000001, 19.36116], [73.21962, 19.364130000000003], [73.21517, 19.36595], [73.21390000000001, 19.365470000000002], [73.2125, 19.369300000000003], [73.21430000000001, 19.37376], [73.22453, 19.37322], [73.22512, 19.36973]]]}}, {"id": "450", "type": "Feature", "properties": {"village_name": "Sor", "vil_lgd": 552620, "district_name": "Thane", "dist_lgd": 497, "subdistrict_name": "Bhiwandi", "sdcode": 4166, "block_name": "Bhiwandi", "block_lgd": 217.0, "gp_name": "", "state_name": "MAHARASHTRA", "state_lgd": 27, "population": 793, "households": 146}, "geometry": {"type": "Polygon", "coordinates": [[[73.21219, 19.362730000000003], [73.21441, 19.35593], [73.20700000000001, 19.34619], [73.20493, 19.34543], [73.20358, 19.34493], [73.20231000000001, 19.35067], [73.20059, 19.35067], [73.20125, 19.35313], [73.20059, 19.354210000000002], [73.20108, 19.35675], [73.19994000000001, 19.35798], [73.20459000000001, 19.36645], [73.20745000000001, 19.364140000000003], [73.21294, 19.36511], [73.21219, 19.362730000000003]]]}}, {"id": "451", "type": "Feature", "properties": {"village_name": "Dohole", "vil_lgd": 552613, "district_name": "Thane", "dist_lgd": 497, "subdistrict_name": "Bhiwandi", "sdcode": 4166, "block_name": "Bhiwandi", "block_lgd": 217.0, "gp_name": "", "state_name": "MAHARASHTRA", "state_lgd": 27, "population": 1644, "households": 361}, "geometry": {"type": "Polygon", "coordinates": [[[73.21650000000001, 19.381300000000003], [73.21373000000001, 19.378300000000003], [73.21430000000001, 19.37376], [73.2125, 19.369300000000003], [73.21390000000001, 19.365470000000002], [73.21294, 19.36511], [73.20745000000001, 19.364140000000003], [73.20459000000001, 19.36645], [73.20443, 19.36914], [73.20329000000001, 19.370610000000003], [73.20003000000001, 19.3712], [73.19333, 19.37153], [73.19260000000001, 19.373150000000003], [73.19358000000001, 19.37545], [73.19529, 19.376990000000003], [73.19619, 19.37676], [73.1966, 19.37545], [73.19831, 19.37553], [73.20133000000001, 19.38023], [73.20329000000001, 19.38192], [73.20443, 19.38492], [73.20647000000001, 19.38438], [73.21356, 19.38738], [73.21683, 19.38692], [73.21642, 19.385460000000002], [73.21650000000001, 19.381300000000003]]]}}, {"id": "452", "type": "Feature", "properties": {"village_name": "Anhe", "vil_lgd": 552621, "district_name": "Thane", "dist_lgd": 497, "subdistrict_name": "Bhiwandi", "sdcode": 4166, "block_name": "Bhiwandi", "block_lgd": 217.0, "gp_name": "", "state_name": "MAHARASHTRA", "state_lgd": 27, "population": 680, "households": 150}, "geometry": {"type": "Polygon", "coordinates": [[[73.19937, 19.3536], [73.19725000000001, 19.35413], [73.19301, 19.3546], [73.19305, 19.356150000000003], [73.19292, 19.36091], [73.19358000000001, 19.36268], [73.20003000000001, 19.3712], [73.20329000000001, 19.370610000000003], [73.20443, 19.36914], [73.20459000000001, 19.36645], [73.19994000000001, 19.35798], [73.20108, 19.35675], [73.20059, 19.354210000000002], [73.19937, 19.3536]]]}}, {"id": "453", "type": "Feature", "properties": {"village_name": "Umbarkhand", "vil_lgd": 552576, "district_name": "Thane", "dist_lgd": 497, "subdistrict_name": "Bhiwandi", "sdcode": 4166, "block_name": "Bhiwandi", "block_lgd": 217.0, "gp_name": "", "state_name": "MAHARASHTRA", "state_lgd": 27, "population": 902, "households": 218}, "geometry": {"type": "Polygon", "coordinates": [[[73.19625, 19.435920000000003], [73.18342000000001, 19.44107], [73.18368000000001, 19.44406], [73.18583000000001, 19.450290000000003], [73.19375000000001, 19.45852], [73.19631000000001, 19.457700000000003], [73.19625, 19.451970000000003], [73.20184, 19.441550000000003], [73.19625, 19.435920000000003]]]}}, {"id": "454", "type": "Feature", "properties": {"village_name": "Vandre", "vil_lgd": 552622, "district_name": "Thane", "dist_lgd": 497, "subdistrict_name": "Bhiwandi", "sdcode": 4166, "block_name": "Bhiwandi", "block_lgd": 217.0, "gp_name": "", "state_name": "MAHARASHTRA", "state_lgd": 27, "population": 1182, "households": 239}, "geometry": {"type": "Polygon", "coordinates": [[[73.19937, 19.3536], [73.20059, 19.354210000000002], [73.20125, 19.35313], [73.20059, 19.35067], [73.20231000000001, 19.35067], [73.20358, 19.34493], [73.19808, 19.34128], [73.19392, 19.34016], [73.19236000000001, 19.338690000000003], [73.18632000000001, 19.343670000000003], [73.18599, 19.344900000000003], [73.18681000000001, 19.34721], [73.19301, 19.3546], [73.19725000000001, 19.35413], [73.19937, 19.3536]]]}}, {"id": "455", "type": "Feature", "properties": {"village_name": "Bhadane", "vil_lgd": 552623, "district_name": "Thane", "dist_lgd": 497, "subdistrict_name": "Bhiwandi", "sdcode": 4166, "block_name": "Bhiwandi", "block_lgd": 217.0, "gp_name": "", "state_name": "MAHARASHTRA", "state_lgd": 27, "population": 2749, "households": 615}, "geometry": {"type": "Polygon", "coordinates": [[[73.18436000000001, 19.360750000000003], [73.18517, 19.36052], [73.18648, 19.36191], [73.18787, 19.362060000000003], [73.18958, 19.358680000000003], [73.18966, 19.356520000000003], [73.19305, 19.356150000000003], [73.19301, 19.3546], [73.18681000000001, 19.34721], [73.18599, 19.344900000000003], [73.18632000000001, 19.343670000000003], [73.19236000000001, 19.338690000000003], [73.19169000000001, 19.33173], [73.18795, 19.33227], [73.18468, 19.33558], [73.18126000000001, 19.33301], [73.18101, 19.335440000000002], [73.17844000000001, 19.335970000000003], [73.17429, 19.34183], [73.17504000000001, 19.34732], [73.1743, 19.3488], [73.17289000000001, 19.34974], [73.17035, 19.34981], [73.17012000000001, 19.35162], [73.17318, 19.35375], [73.17383000000001, 19.355980000000002], [73.17595, 19.356830000000002], [73.17693000000001, 19.35614], [73.17905, 19.35675], [73.18036000000001, 19.361060000000002], [73.18289, 19.362910000000003], [73.18379, 19.36252], [73.18436000000001, 19.360750000000003]]]}}, {"id": "456", "type": "Feature", "properties": {"village_name": "Talavali Tarf Rahur", "vil_lgd": 552614, "district_name": "Thane", "dist_lgd": 497, "subdistrict_name": "Bhiwandi", "sdcode": 4166, "block_name": "Bhiwandi", "block_lgd": 217.0, "gp_name": "", "state_name": "MAHARASHTRA", "state_lgd": 27, "population": 609, "households": 135}, "geometry": {"type": "Polygon", "coordinates": [[[73.22197, 19.390310000000003], [73.22001, 19.391460000000002], [73.21781, 19.388150000000003], [73.21759, 19.389200000000002], [73.21441, 19.389560000000003], [73.21314000000001, 19.390880000000003], [73.21174, 19.3959], [73.21225000000001, 19.39902], [73.21822, 19.40202], [73.22587, 19.401120000000002], [73.22711000000001, 19.394460000000002], [73.22572000000001, 19.392390000000002], [73.22197, 19.390310000000003]]]}}, {"id": "457", "type": "Feature", "properties": {"village_name": "Khanivali", "vil_lgd": 552615, "district_name": "Thane", "dist_lgd": 497, "subdistrict_name": "Bhiwandi", "sdcode": 4166, "block_name": "Bhiwandi", "block_lgd": 217.0, "gp_name": "", "state_name": "MAHARASHTRA", "state_lgd": 27, "population": 964, "households": 228}, "geometry": {"type": "Polygon", "coordinates": [[[73.22368, 19.43927], [73.22642, 19.44032], [73.23063, 19.438190000000002], [73.23259, 19.43436], [73.23289000000001, 19.430380000000003], [73.23508000000001, 19.42765], [73.23143, 19.42593], [73.22727, 19.41601], [73.22784, 19.41232], [73.2249, 19.40716], [73.22515, 19.404700000000002], [73.22662000000001, 19.40293], [73.22587, 19.401120000000002], [73.21822, 19.40202], [73.21225000000001, 19.39902], [73.21314000000001, 19.40465], [73.21238000000001, 19.406090000000003], [73.20946, 19.408610000000003], [73.20971, 19.41879], [73.21086000000001, 19.42011], [73.21784000000001, 19.44346], [73.22038, 19.44358], [73.22216, 19.44238], [73.22279, 19.440350000000002], [73.22368, 19.43927]]]}}, {"id": "458", "type": "Feature", "properties": {"village_name": "Newade", "vil_lgd": 552575, "district_name": "Thane", "dist_lgd": 497, "subdistrict_name": "Bhiwandi", "sdcode": 4166, "block_name": "Bhiwandi", "block_lgd": 217.0, "gp_name": "", "state_name": "MAHARASHTRA", "state_lgd": 27, "population": 658, "households": 155}, "geometry": {"type": "Polygon", "coordinates": [[[73.22962000000001, 19.456940000000003], [73.23094, 19.45466], [73.23078000000001, 19.44998], [73.22642, 19.44032], [73.22368, 19.43927], [73.22279, 19.440350000000002], [73.22216, 19.44238], [73.22038, 19.44358], [73.21784000000001, 19.44346], [73.21187, 19.44538], [73.20959, 19.445020000000003], [73.20717, 19.4431], [73.20336, 19.43089], [73.20209000000001, 19.42921], [73.19892, 19.43436], [73.19625, 19.435920000000003], [73.20184, 19.441550000000003], [73.19625, 19.451970000000003], [73.19631000000001, 19.457700000000003], [73.19866, 19.462030000000002], [73.20489, 19.46226], [73.21121000000001, 19.466730000000002], [73.21813, 19.46687], [73.22962000000001, 19.456940000000003]]]}}, {"id": "459", "type": "Feature", "properties": {"village_name": "Vadvali Tarf Rahur", "vil_lgd": 552598, "district_name": "Thane", "dist_lgd": 497, "subdistrict_name": "Bhiwandi", "sdcode": 4166, "block_name": "Bhiwandi", "block_lgd": 217.0, "gp_name": "", "state_name": "MAHARASHTRA", "state_lgd": 27, "population": 1582, "households": 360}, "geometry": {"type": "Polygon", "coordinates": [[[73.21314000000001, 19.40465], [73.21225000000001, 19.39902], [73.21174, 19.3959], [73.20603000000001, 19.39495], [73.20247, 19.395670000000003], [73.19993000000001, 19.39627], [73.19714, 19.40022], [73.19701, 19.402140000000003], [73.19917000000001, 19.40537], [73.20197, 19.404290000000003], [73.20247, 19.40501], [73.20565, 19.408250000000002], [73.20946, 19.408610000000003], [73.21238000000001, 19.406090000000003], [73.21314000000001, 19.40465]]]}}, {"id": "460", "type": "Feature", "properties": {"village_name": "Bhokari", "vil_lgd": 552599, "district_name": "Thane", "dist_lgd": 497, "subdistrict_name": "Bhiwandi", "sdcode": 4166, "block_name": "Bhiwandi", "block_lgd": 217.0, "gp_name": "", "state_name": "MAHARASHTRA", "state_lgd": 27, "population": 1388, "households": 276}, "geometry": {"type": "Polygon", "coordinates": [[[73.20603000000001, 19.39495], [73.21174, 19.3959], [73.21314000000001, 19.390880000000003], [73.21441, 19.389560000000003], [73.21759, 19.389200000000002], [73.21781, 19.388150000000003], [73.21683, 19.38692], [73.21356, 19.38738], [73.20647000000001, 19.38438], [73.20443, 19.38492], [73.20329000000001, 19.38192], [73.20133000000001, 19.38023], [73.19831, 19.37553], [73.1966, 19.37545], [73.19619, 19.37676], [73.19529, 19.376990000000003], [73.19358000000001, 19.37545], [73.19260000000001, 19.373150000000003], [73.19333, 19.37153], [73.19243, 19.37084], [73.18909000000001, 19.371070000000003], [73.18909000000001, 19.37422], [73.18713000000001, 19.377840000000003], [73.19130000000001, 19.380450000000003], [73.19206000000001, 19.3856], [73.19244, 19.38776], [73.19358000000001, 19.390400000000003], [73.19701, 19.39375], [73.19739000000001, 19.39711], [73.19587, 19.399140000000003], [73.19701, 19.402140000000003], [73.19714, 19.40022], [73.19993000000001, 19.39627], [73.20247, 19.395670000000003], [73.20603000000001, 19.39495]]]}}, {"id": "461", "type": "Feature", "properties": {"village_name": "Kumbharshiv", "vil_lgd": 552597, "district_name": "Thane", "dist_lgd": 497, "subdistrict_name": "Bhiwandi", "sdcode": 4166, "block_name": "Bhiwandi", "block_lgd": 217.0, "gp_name": "", "state_name": "MAHARASHTRA", "state_lgd": 27, "population": 747, "households": 172}, "geometry": {"type": "Polygon", "coordinates": [[[73.19206000000001, 19.3856], [73.18749000000001, 19.388240000000003], [73.18571, 19.388360000000002], [73.18342000000001, 19.39124], [73.1838, 19.394350000000003], [73.18774, 19.40034], [73.18596000000001, 19.403570000000002], [73.18863, 19.40501], [73.19231, 19.40453], [73.19422, 19.40238], [73.19701, 19.402140000000003], [73.19587, 19.399140000000003], [73.19739000000001, 19.39711], [73.19701, 19.39375], [73.19358000000001, 19.390400000000003], [73.19244, 19.38776], [73.19206000000001, 19.3856]]]}}, {"id": "462", "type": "Feature", "properties": {"village_name": "Devali", "vil_lgd": 552612, "district_name": "Thane", "dist_lgd": 497, "subdistrict_name": "Bhiwandi", "sdcode": 4166, "block_name": "Bhiwandi", "block_lgd": 217.0, "gp_name": "", "state_name": "MAHARASHTRA", "state_lgd": 27, "population": 565, "households": 108}, "geometry": {"type": "Polygon", "coordinates": [[[73.19130000000001, 19.380450000000003], [73.18713000000001, 19.377840000000003], [73.17954, 19.37799], [73.17620000000001, 19.376070000000002], [73.17147, 19.37553], [73.16911, 19.378670000000003], [73.17288, 19.381410000000002], [73.17326, 19.383930000000003], [73.17532, 19.38575], [73.17707, 19.384890000000002], [73.18190000000001, 19.386080000000003], [73.18571, 19.388360000000002], [73.18749000000001, 19.388240000000003], [73.19206000000001, 19.3856], [73.19130000000001, 19.380450000000003]]]}}, {"id": "463", "type": "Feature", "properties": {"village_name": "Rahur", "vil_lgd": 552596, "district_name": "Thane", "dist_lgd": 497, "subdistrict_name": "Bhiwandi", "sdcode": 4166, "block_name": "Bhiwandi", "block_lgd": 217.0, "gp_name": "", "state_name": "MAHARASHTRA", "state_lgd": 27, "population": 914, "households": 211}, "geometry": {"type": "Polygon", "coordinates": [[[73.17834, 19.40274], [73.18342000000001, 19.403100000000002], [73.18596000000001, 19.403570000000002], [73.18774, 19.40034], [73.1838, 19.394350000000003], [73.18342000000001, 19.39124], [73.18571, 19.388360000000002], [73.18190000000001, 19.386080000000003], [73.17707, 19.384890000000002], [73.17532, 19.38575], [73.17136, 19.38812], [73.17186000000001, 19.389680000000002], [73.1739, 19.391710000000003], [73.17351000000001, 19.400100000000002], [73.17110000000001, 19.402260000000002], [73.17123000000001, 19.409090000000003], [73.17491000000001, 19.405250000000002], [73.17834, 19.40274]]]}}, {"id": "464", "type": "Feature", "properties": {"village_name": "Karanjoti", "vil_lgd": 552593, "district_name": "Thane", "dist_lgd": 497, "subdistrict_name": "Bhiwandi", "sdcode": 4166, "block_name": "Bhiwandi", "block_lgd": 217.0, "gp_name": "", "state_name": "MAHARASHTRA", "state_lgd": 27, "population": 930, "households": 198}, "geometry": {"type": "Polygon", "coordinates": [[[73.19917000000001, 19.40537], [73.19701, 19.402140000000003], [73.19422, 19.40238], [73.19231, 19.40453], [73.18863, 19.40501], [73.18596000000001, 19.403570000000002], [73.18558, 19.407770000000003], [73.18329, 19.40944], [73.19130000000001, 19.41579], [73.1965, 19.414], [73.19841000000001, 19.412200000000002], [73.19955, 19.40813], [73.19917000000001, 19.40537]]]}}, {"id": "465", "type": "Feature", "properties": {"village_name": "Gorad", "vil_lgd": 552592, "district_name": "Thane", "dist_lgd": 497, "subdistrict_name": "Bhiwandi", "sdcode": 4166, "block_name": "Bhiwandi", "block_lgd": 217.0, "gp_name": "", "state_name": "MAHARASHTRA", "state_lgd": 27, "population": 477, "households": 108}, "geometry": {"type": "Polygon", "coordinates": [[[73.20197, 19.404290000000003], [73.19917000000001, 19.40537], [73.19955, 19.40813], [73.19841000000001, 19.412200000000002], [73.1965, 19.414], [73.19130000000001, 19.41579], [73.19676000000001, 19.41663], [73.20209000000001, 19.42921], [73.20552, 19.41675], [73.20565, 19.408250000000002], [73.20247, 19.40501], [73.20197, 19.404290000000003]]]}}, {"id": "466", "type": "Feature", "properties": {"village_name": "Mohandul", "vil_lgd": 552590, "district_name": "Thane", "dist_lgd": 497, "subdistrict_name": "Bhiwandi", "sdcode": 4166, "block_name": "Bhiwandi", "block_lgd": 217.0, "gp_name": "", "state_name": "MAHARASHTRA", "state_lgd": 27, "population": 1982, "households": 453}, "geometry": {"type": "Polygon", "coordinates": [[[73.19892, 19.43436], [73.20209000000001, 19.42921], [73.19676000000001, 19.41663], [73.19130000000001, 19.41579], [73.18329, 19.40944], [73.17974000000001, 19.41412], [73.17758, 19.414360000000002], [73.17745000000001, 19.41795], [73.17745000000001, 19.422620000000002], [73.17530000000001, 19.432370000000002], [73.17735, 19.43983], [73.18139000000001, 19.440830000000002], [73.18342000000001, 19.44107], [73.19625, 19.435920000000003], [73.19892, 19.43436]]]}}, {"id": "467", "type": "Feature", "properties": {"village_name": "Gerase", "vil_lgd": 552922, "district_name": "Thane", "dist_lgd": 497, "subdistrict_name": "Kalyan", "sdcode": 4168, "block_name": "Kalyan", "block_lgd": 219.0, "gp_name": "", "state_name": "MAHARASHTRA", "state_lgd": 27, "population": 823, "households": 179}, "geometry": {"type": "Polygon", "coordinates": [[[73.27385000000001, 19.39842], [73.27623000000001, 19.39589], [73.28015, 19.38725], [73.27898, 19.38597], [73.27741, 19.381130000000002], [73.27465000000001, 19.382460000000002], [73.27042, 19.38523], [73.25926000000001, 19.388240000000003], [73.26032000000001, 19.39007], [73.26211, 19.392460000000003], [73.26663, 19.391750000000002], [73.26768000000001, 19.392310000000002], [73.26813, 19.39544], [73.27009000000001, 19.398280000000003], [73.27141, 19.39833], [73.27385000000001, 19.39842]]]}}, {"id": "468", "type": "Feature", "properties": {"village_name": "Vehale", "vil_lgd": 552923, "district_name": "Thane", "dist_lgd": 497, "subdistrict_name": "Kalyan", "sdcode": 4168, "block_name": "Kalyan", "block_lgd": 219.0, "gp_name": "", "state_name": "MAHARASHTRA", "state_lgd": 27, "population": 956, "households": 204}, "geometry": {"type": "Polygon", "coordinates": [[[73.29193000000001, 19.379530000000003], [73.2929, 19.36243], [73.29298, 19.359070000000003], [73.29449000000001, 19.358220000000003], [73.29524, 19.35651], [73.29403, 19.35481], [73.29147, 19.353530000000003], [73.29001000000001, 19.35385], [73.28996000000001, 19.360750000000003], [73.28925000000001, 19.36223], [73.28333, 19.3672], [73.28326000000001, 19.36942], [73.27741, 19.381130000000002], [73.27898, 19.38597], [73.28015, 19.38725], [73.28214000000001, 19.38379], [73.28500000000001, 19.38237], [73.29358, 19.38237], [73.29193000000001, 19.379530000000003]]]}}, {"id": "469", "type": "Feature", "properties": {"village_name": "Kosale", "vil_lgd": 552921, "district_name": "Thane", "dist_lgd": 497, "subdistrict_name": "Kalyan", "sdcode": 4168, "block_name": "Kalyan", "block_lgd": 219.0, "gp_name": "", "state_name": "MAHARASHTRA", "state_lgd": 27, "population": 1237, "households": 275}, "geometry": {"type": "Polygon", "coordinates": [[[73.2732, 19.37985], [73.27306, 19.37561], [73.27163, 19.372110000000003], [73.26771000000001, 19.366190000000003], [73.26272, 19.365250000000003], [73.2578, 19.36841], [73.25146000000001, 19.37003], [73.25080000000001, 19.3779], [73.25307000000001, 19.377260000000003], [73.25684000000001, 19.378110000000003], [73.25880000000001, 19.38294], [73.25894000000001, 19.386660000000003], [73.25926000000001, 19.388240000000003], [73.27042, 19.38523], [73.27465000000001, 19.382460000000002], [73.2732, 19.37985]]]}}, {"id": "470", "type": "Feature", "properties": {"village_name": "Kakadpada", "vil_lgd": 552924, "district_name": "Thane", "dist_lgd": 497, "subdistrict_name": "Kalyan", "sdcode": 4168, "block_name": "Kalyan", "block_lgd": 219.0, "gp_name": "", "state_name": "MAHARASHTRA", "state_lgd": 27, "population": 923, "households": 194}, "geometry": {"type": "Polygon", "coordinates": [[[73.27577000000001, 19.36297], [73.27413, 19.364980000000003], [73.26771000000001, 19.366190000000003], [73.27163, 19.372110000000003], [73.27306, 19.37561], [73.2732, 19.37985], [73.27465000000001, 19.382460000000002], [73.27741, 19.381130000000002], [73.28326000000001, 19.36942], [73.28333, 19.3672], [73.28105000000001, 19.363840000000003], [73.27577000000001, 19.36297]]]}}, {"id": "471", "type": "Feature", "properties": {"village_name": "Palsoli", "vil_lgd": 552925, "district_name": "Thane", "dist_lgd": 497, "subdistrict_name": "Kalyan", "sdcode": 4168, "block_name": "Kalyan", "block_lgd": 219.0, "gp_name": "", "state_name": "MAHARASHTRA", "state_lgd": 27, "population": 771, "households": 189}, "geometry": {"type": "Polygon", "coordinates": [[[73.2578, 19.36841], [73.26272, 19.365250000000003], [73.26771000000001, 19.366190000000003], [73.27413, 19.364980000000003], [73.27577000000001, 19.36297], [73.28105000000001, 19.363840000000003], [73.28333, 19.3672], [73.28925000000001, 19.36223], [73.28996000000001, 19.360750000000003], [73.29001000000001, 19.35385], [73.28831000000001, 19.35396], [73.28493, 19.35086], [73.27834, 19.350520000000003], [73.27128, 19.348570000000002], [73.27035000000001, 19.34971], [73.26429, 19.35173], [73.26322, 19.350920000000002], [73.26237, 19.350520000000003], [73.25688000000001, 19.35368], [73.24711, 19.35415], [73.24447, 19.36061], [73.25081, 19.37003], [73.25146000000001, 19.37003], [73.2578, 19.36841]]]}}, {"id": "472", "type": "Feature", "properties": {"village_name": "Ushid", "vil_lgd": 552936, "district_name": "Thane", "dist_lgd": 497, "subdistrict_name": "Kalyan", "sdcode": 4168, "block_name": "Kalyan", "block_lgd": 219.0, "gp_name": "", "state_name": "MAHARASHTRA", "state_lgd": 27, "population": 837, "households": 182}, "geometry": {"type": "Polygon", "coordinates": [[[73.28319, 19.343300000000003], [73.28597, 19.336470000000002], [73.28711000000001, 19.332780000000003], [73.29057, 19.33151], [73.29027, 19.32852], [73.28937, 19.32611], [73.28726, 19.323970000000003], [73.28425, 19.32298], [73.27958000000001, 19.324540000000002], [73.27591000000001, 19.329600000000003], [73.27549, 19.331950000000003], [73.27306, 19.335990000000002], [73.27121000000001, 19.3337], [73.27128, 19.3302], [73.26814, 19.331950000000003], [73.26992, 19.33639], [73.27377, 19.339350000000003], [73.27078, 19.34581], [73.27128, 19.348570000000002], [73.27834, 19.350520000000003], [73.28493, 19.35086], [73.28334000000001, 19.34813], [73.28325000000001, 19.345200000000002], [73.28319, 19.343300000000003]]]}}, {"id": "473", "type": "Feature", "properties": {"village_name": "Arale", "vil_lgd": 552935, "district_name": "Thane", "dist_lgd": 497, "subdistrict_name": "Kalyan", "sdcode": 4168, "block_name": "Kalyan", "block_lgd": 219.0, "gp_name": "", "state_name": "MAHARASHTRA", "state_lgd": 27, "population": 106, "households": 18}, "geometry": {"type": "Polygon", "coordinates": [[[73.26379, 19.330740000000002], [73.25873, 19.33067], [73.25944000000001, 19.33868], [73.25844000000001, 19.346420000000002], [73.26229000000001, 19.349040000000002], [73.26322, 19.350920000000002], [73.26429, 19.35173], [73.27035000000001, 19.34971], [73.27128, 19.348570000000002], [73.27078, 19.34581], [73.27377, 19.339350000000003], [73.26992, 19.33639], [73.26814, 19.331950000000003], [73.26379, 19.330740000000002]]]}}, {"id": "474", "type": "Feature", "properties": {"village_name": "Danbav", "vil_lgd": 552934, "district_name": "Thane", "dist_lgd": 497, "subdistrict_name": "Kalyan", "sdcode": 4168, "block_name": "Kalyan", "block_lgd": 219.0, "gp_name": "", "state_name": "MAHARASHTRA", "state_lgd": 27, "population": 829, "households": 156}, "geometry": {"type": "Polygon", "coordinates": [[[73.25688000000001, 19.35368], [73.26237, 19.350520000000003], [73.26322, 19.350920000000002], [73.26229000000001, 19.349040000000002], [73.25844000000001, 19.346420000000002], [73.25944000000001, 19.33868], [73.25873, 19.33067], [73.25087, 19.329690000000003], [73.25059, 19.332440000000002], [73.24852, 19.334030000000002], [73.24312, 19.33463], [73.23757, 19.350360000000002], [73.24383, 19.35422], [73.24711, 19.35415], [73.25688000000001, 19.35368]]]}}, {"id": "475", "type": "Feature", "properties": {"village_name": "Bere", "vil_lgd": 552920, "district_name": "Thane", "dist_lgd": 497, "subdistrict_name": "Kalyan", "sdcode": 4168, "block_name": "Kalyan", "block_lgd": 219.0, "gp_name": "", "state_name": "MAHARASHTRA", "state_lgd": 27, "population": 279, "households": 67}, "geometry": {"type": "Polygon", "coordinates": [[[73.25146000000001, 19.37003], [73.25081, 19.37003], [73.24447, 19.36061], [73.24361, 19.35994], [73.24162000000001, 19.36149], [73.23449000000001, 19.3705], [73.23285, 19.375200000000003], [73.23448, 19.375200000000003], [73.23656000000001, 19.37688], [73.23898000000001, 19.384990000000002], [73.23968, 19.38613], [73.24223, 19.384790000000002], [73.24569000000001, 19.38322], [73.25080000000001, 19.3779], [73.25146000000001, 19.37003]]]}}, {"id": "476", "type": "Feature", "properties": {"village_name": "Valkas", "vil_lgd": 552919, "district_name": "Thane", "dist_lgd": 497, "subdistrict_name": "Kalyan", "sdcode": 4168, "block_name": "Kalyan", "block_lgd": 219.0, "gp_name": "", "state_name": "MAHARASHTRA", "state_lgd": 27, "population": 437, "households": 94}, "geometry": {"type": "Polygon", "coordinates": [[[73.23449000000001, 19.3705], [73.24162000000001, 19.36149], [73.23998, 19.3598], [73.23342000000001, 19.36411], [73.2278, 19.364310000000003], [73.22512, 19.36973], [73.22453, 19.37322], [73.2258, 19.375100000000003], [73.23285, 19.375200000000003], [73.23449000000001, 19.3705]]]}}, {"id": "477", "type": "Feature", "properties": {"village_name": "Ju", "vil_lgd": 552927, "district_name": "Thane", "dist_lgd": 497, "subdistrict_name": "Kalyan", "sdcode": 4168, "block_name": "Kalyan", "block_lgd": 219.0, "gp_name": "", "state_name": "MAHARASHTRA", "state_lgd": 27, "population": 59, "households": 16}, "geometry": {"type": "Polygon", "coordinates": [[[73.21944, 19.358530000000002], [73.21441, 19.35593], [73.21219, 19.362730000000003], [73.21294, 19.36511], [73.21390000000001, 19.365470000000002], [73.21517, 19.36595], [73.21962, 19.364130000000003], [73.22222000000001, 19.36116], [73.21944, 19.358530000000002]]]}}, {"id": "478", "type": "Feature", "properties": {"village_name": "Vaveghar", "vil_lgd": 552926, "district_name": "Thane", "dist_lgd": 497, "subdistrict_name": "Kalyan", "sdcode": 4168, "block_name": "Kalyan", "block_lgd": 219.0, "gp_name": "", "state_name": "MAHARASHTRA", "state_lgd": 27, "population": 2481, "households": 583}, "geometry": {"type": "Polygon", "coordinates": [[[73.23998, 19.3598], [73.24162000000001, 19.36149], [73.24361, 19.35994], [73.24447, 19.36061], [73.24711, 19.35415], [73.24383, 19.35422], [73.23757, 19.350360000000002], [73.2274, 19.349220000000003], [73.22627, 19.35023], [73.22008000000001, 19.354490000000002], [73.21944, 19.358530000000002], [73.22222000000001, 19.36116], [73.22393000000001, 19.359640000000002], [73.22764000000001, 19.35978], [73.22883, 19.36203], [73.2278, 19.364310000000003], [73.23342000000001, 19.36411], [73.23998, 19.3598]]]}}, {"id": "479", "type": "Feature", "properties": {"village_name": "Khadavali", "vil_lgd": 552928, "district_name": "Thane", "dist_lgd": 497, "subdistrict_name": "Kalyan", "sdcode": 4168, "block_name": "Kalyan", "block_lgd": 219.0, "gp_name": "", "state_name": "MAHARASHTRA", "state_lgd": 27, "population": 5234, "households": 1080}, "geometry": {"type": "Polygon", "coordinates": [[[73.22391, 19.34852], [73.22381, 19.345640000000003], [73.22224, 19.344990000000003], [73.22044000000001, 19.340220000000002], [73.21538000000001, 19.340020000000003], [73.21335, 19.3414], [73.20887, 19.342000000000002], [73.20700000000001, 19.34619], [73.21441, 19.35593], [73.21944, 19.358530000000002], [73.22008000000001, 19.354490000000002], [73.22627, 19.35023], [73.22391, 19.34852]]]}}, {"id": "480", "type": "Feature", "properties": {"village_name": "Gokulgaon", "vil_lgd": 552890, "district_name": "Thane", "dist_lgd": 497, "subdistrict_name": "Shahapur", "sdcode": 4167, "block_name": "Shahapur", "block_lgd": 218.0, "gp_name": "", "state_name": "MAHARASHTRA", "state_lgd": 27, "population": 695, "households": 108}, "geometry": {"type": "Polygon", "coordinates": [[[73.35003, 19.38371], [73.34927, 19.38447], [73.35016, 19.38537], [73.35101, 19.384800000000002], [73.35042, 19.38373], [73.35003, 19.38371]]]}}, {"id": "481", "type": "Feature", "properties": {"village_name": "Mangaon", "vil_lgd": 552824, "district_name": "Thane", "dist_lgd": 497, "subdistrict_name": "Shahapur", "sdcode": 4167, "block_name": "Shahapur", "block_lgd": 218.0, "gp_name": "", "state_name": "MAHARASHTRA", "state_lgd": 27, "population": 486, "households": 109}, "geometry": {"type": "Polygon", "coordinates": [[[73.39786000000001, 19.43183], [73.39710000000001, 19.43259], [73.39799000000001, 19.433490000000003], [73.39884, 19.432920000000003], [73.39825, 19.43185], [73.39786000000001, 19.43183]]]}}, {"id": "482", "type": "Feature", "properties": {"village_name": "Tungarthan", "vil_lgd": 552591, "district_name": "Thane", "dist_lgd": 497, "subdistrict_name": "Bhiwandi", "sdcode": 4166, "block_name": "Bhiwandi", "block_lgd": 217.0, "gp_name": "", "state_name": "MAHARASHTRA", "state_lgd": 27, "population": 0, "households": 0}, "geometry": {"type": "Polygon", "coordinates": [[[73.20565, 19.408250000000002], [73.20552, 19.41675], [73.20209000000001, 19.42921], [73.20336, 19.43089], [73.20717, 19.4431], [73.20959, 19.445020000000003], [73.21187, 19.44538], [73.21784000000001, 19.44346], [73.21086000000001, 19.42011], [73.20971, 19.41879], [73.20946, 19.408610000000003], [73.20565, 19.408250000000002]]]}}, {"id": "483", "type": "Feature", "properties": {"village_name": "Nadgaon", "vil_lgd": 552932, "district_name": "Thane", "dist_lgd": 497, "subdistrict_name": "Kalyan", "sdcode": 4168, "block_name": "Kalyan", "block_lgd": 219.0, "gp_name": "", "state_name": "MAHARASHTRA", "state_lgd": 27, "population": 1471, "households": 297}, "geometry": {"type": "Polygon", "coordinates": [[[73.23757, 19.350360000000002], [73.24312, 19.33463], [73.24852, 19.334030000000002], [73.25059, 19.332440000000002], [73.25087, 19.329690000000003], [73.25053000000001, 19.3277], [73.24440000000001, 19.32685], [73.23795000000001, 19.327450000000002], [73.23421, 19.32992], [73.22507, 19.328370000000003], [73.22458, 19.32836], [73.22267000000001, 19.32991], [73.22076000000001, 19.33359], [73.21479000000001, 19.336270000000003], [73.20887, 19.342000000000002], [73.21335, 19.3414], [73.21538000000001, 19.340020000000003], [73.22044000000001, 19.340220000000002], [73.22224, 19.344990000000003], [73.22381, 19.345640000000003], [73.22391, 19.34852], [73.22627, 19.35023], [73.2274, 19.349220000000003], [73.23757, 19.350360000000002]], [[73.23389, 19.3457], [73.233, 19.346600000000002], [73.23211, 19.3457], [73.23313, 19.34493], [73.23389, 19.3457]]]}}, {"id": "484", "type": "Feature", "properties": {"village_name": "Ozarli", "vil_lgd": 552929, "district_name": "Thane", "dist_lgd": 497, "subdistrict_name": "Kalyan", "sdcode": 4168, "block_name": "Kalyan", "block_lgd": 219.0, "gp_name": "", "state_name": "MAHARASHTRA", "state_lgd": 27, "population": 499, "households": 121}, "geometry": {"type": "Polygon", "coordinates": [[[73.19983, 19.32973], [73.19169000000001, 19.330070000000003], [73.19169000000001, 19.33173], [73.19236000000001, 19.338690000000003], [73.19392, 19.34016], [73.19808, 19.34128], [73.20358, 19.34493], [73.20493, 19.34543], [73.20226000000001, 19.339080000000003], [73.20119000000001, 19.33357], [73.19983, 19.32973]]]}}, {"id": "485", "type": "Feature", "properties": {"village_name": "Pitambare Nagar", "vil_lgd": 552933, "district_name": "Thane", "dist_lgd": 497, "subdistrict_name": "Kalyan", "sdcode": 4168, "block_name": "Kalyan", "block_lgd": 219.0, "gp_name": "", "state_name": "MAHARASHTRA", "state_lgd": 27, "population": 465, "households": 97}, "geometry": {"type": "Polygon", "coordinates": [[[73.23211, 19.3457], [73.233, 19.346600000000002], [73.23389, 19.3457], [73.23313, 19.34493], [73.23211, 19.3457]]]}}, {"id": "486", "type": "Feature", "properties": {"village_name": "Usgaon", "vil_lgd": 552490, "district_name": "Thane", "dist_lgd": 497, "subdistrict_name": "Bhiwandi", "sdcode": 4166, "block_name": "Bhiwandi", "block_lgd": 217.0, "gp_name": "", "state_name": "MAHARASHTRA", "state_lgd": 27, "population": 2257, "households": 460}, "geometry": {"type": "Polygon", "coordinates": [[[73.01268, 19.47746], [73.01644, 19.47917], [73.02503, 19.47633], [73.02683, 19.473200000000002], [73.03, 19.47107], [73.02759, 19.469230000000003], [73.02819000000001, 19.467100000000002], [73.0297, 19.466530000000002], [73.03376, 19.45119], [73.03542, 19.442390000000003], [73.04039, 19.43841], [73.04168, 19.43156], [73.04099000000001, 19.43146], [73.03331, 19.43785], [73.02985000000001, 19.438560000000003], [73.02744000000001, 19.4414], [73.02473, 19.4431], [73.02262, 19.4431], [73.02021, 19.44196], [73.01750000000001, 19.442110000000003], [73.01446, 19.4429], [73.01542, 19.44359], [73.01620000000001, 19.44604], [73.01445000000001, 19.450370000000003], [73.00981, 19.45444], [72.99907, 19.45979], [72.99205, 19.46836], [72.99174000000001, 19.4708], [72.99463, 19.479010000000002], [72.99449, 19.482310000000002], [72.98976, 19.48692], [72.98954, 19.49029], [72.99838000000001, 19.49481], [73.00184, 19.48967], [73.00741000000001, 19.483710000000002], [73.01027, 19.47803], [73.01268, 19.47746]]]}}, {"id": "487", "type": "Feature", "properties": {"village_name": "Ghotavade", "vil_lgd": 552572, "district_name": "Thane", "dist_lgd": 497, "subdistrict_name": "Bhiwandi", "sdcode": 4166, "block_name": "Bhiwandi", "block_lgd": 217.0, "gp_name": "", "state_name": "MAHARASHTRA", "state_lgd": 27, "population": 245, "households": 49}, "geometry": {"type": "Polygon", "coordinates": [[[73.17478000000001, 19.468010000000003], [73.16805000000001, 19.469810000000003], [73.16513, 19.47819], [73.17148, 19.482380000000003], [73.17656000000001, 19.482860000000002], [73.17478000000001, 19.468010000000003]]]}}, {"id": "488", "type": "Feature", "properties": {"village_name": "Kandali Kh", "vil_lgd": 552578, "district_name": "Thane", "dist_lgd": 497, "subdistrict_name": "Bhiwandi", "sdcode": 4166, "block_name": "Bhiwandi", "block_lgd": 217.0, "gp_name": "", "state_name": "MAHARASHTRA", "state_lgd": 27, "population": 128, "households": 29}, "geometry": {"type": "Polygon", "coordinates": [[[73.17009, 19.462030000000002], [73.16793000000001, 19.464660000000002], [73.16704, 19.46753], [73.16805000000001, 19.469810000000003], [73.17478000000001, 19.468010000000003], [73.18037000000001, 19.464540000000003], [73.17009, 19.462030000000002]]]}}, {"id": "489", "type": "Feature", "properties": {"village_name": "Gondade", "vil_lgd": 552580, "district_name": "Thane", "dist_lgd": 497, "subdistrict_name": "Bhiwandi", "sdcode": 4166, "block_name": "Bhiwandi", "block_lgd": 217.0, "gp_name": "", "state_name": "MAHARASHTRA", "state_lgd": 27, "population": 241, "households": 49}, "geometry": {"type": "Polygon", "coordinates": [[[73.16285, 19.46095], [73.16437, 19.46179], [73.16869000000001, 19.461070000000003], [73.16856, 19.4558], [73.16932, 19.45316], [73.16856, 19.450770000000002], [73.16132, 19.45101], [73.15878000000001, 19.462030000000002], [73.16285, 19.46095]]]}}, {"id": "490", "type": "Feature", "properties": {"village_name": "Vape", "vil_lgd": 552557, "district_name": "Thane", "dist_lgd": 497, "subdistrict_name": "Bhiwandi", "sdcode": 4166, "block_name": "Bhiwandi", "block_lgd": 217.0, "gp_name": "", "state_name": "MAHARASHTRA", "state_lgd": 27, "population": 753, "households": 158}, "geometry": {"type": "Polygon", "coordinates": [[[73.17760000000001, 19.50268], [73.17672, 19.49697], [73.17868, 19.49498], [73.17969000000001, 19.490740000000002], [73.17758, 19.48358], [73.17656000000001, 19.482860000000002], [73.17148, 19.482380000000003], [73.16513, 19.47819], [73.15586, 19.47795], [73.1584, 19.479870000000002], [73.16031000000001, 19.48262], [73.15942000000001, 19.4904], [73.15535000000001, 19.49268], [73.15407, 19.49672], [73.15357, 19.501060000000003], [73.15777, 19.50214], [73.16170000000001, 19.50334], [73.16678, 19.50308], [73.17760000000001, 19.50268]]]}}, {"id": "491", "type": "Feature", "properties": {"village_name": "Devchole", "vil_lgd": 552555, "district_name": "Thane", "dist_lgd": 497, "subdistrict_name": "Bhiwandi", "sdcode": 4166, "block_name": "Bhiwandi", "block_lgd": 217.0, "gp_name": "", "state_name": "MAHARASHTRA", "state_lgd": 27, "population": 331, "households": 73}, "geometry": {"type": "Polygon", "coordinates": [[[73.17760000000001, 19.50268], [73.16678, 19.50308], [73.16793000000001, 19.508480000000002], [73.16551000000001, 19.513990000000003], [73.16510000000001, 19.52149], [73.17236000000001, 19.52691], [73.17612000000001, 19.510460000000002], [73.17868, 19.504920000000002], [73.17760000000001, 19.50268]]]}}, {"id": "492", "type": "Feature", "properties": {"village_name": "Sagaon", "vil_lgd": 552554, "district_name": "Thane", "dist_lgd": 497, "subdistrict_name": "Bhiwandi", "sdcode": 4166, "block_name": "Bhiwandi", "block_lgd": 217.0, "gp_name": "", "state_name": "MAHARASHTRA", "state_lgd": 27, "population": 573, "households": 123}, "geometry": {"type": "Polygon", "coordinates": [[[73.16170000000001, 19.50334], [73.15777, 19.50214], [73.15662, 19.504530000000003], [73.15268, 19.50513], [73.1504, 19.51423], [73.1499, 19.52034], [73.15678000000001, 19.520880000000002], [73.16064, 19.52027], [73.16510000000001, 19.52149], [73.16551000000001, 19.513990000000003], [73.16793000000001, 19.508480000000002], [73.16678, 19.50308], [73.16170000000001, 19.50334]]]}}, {"id": "493", "type": "Feature", "properties": {"village_name": "Eksal", "vil_lgd": 552553, "district_name": "Thane", "dist_lgd": 497, "subdistrict_name": "Bhiwandi", "sdcode": 4166, "block_name": "Bhiwandi", "block_lgd": 217.0, "gp_name": "", "state_name": "MAHARASHTRA", "state_lgd": 27, "population": 794, "households": 165}, "geometry": {"type": "Polygon", "coordinates": [[[73.15357, 19.501060000000003], [73.15407, 19.49672], [73.15218, 19.49304], [73.14583, 19.494950000000003], [73.14163, 19.49998], [73.13295000000001, 19.50063], [73.13373, 19.50279], [73.13003, 19.51037], [73.13352, 19.516270000000002], [73.14212, 19.519810000000003], [73.1499, 19.52034], [73.1504, 19.51423], [73.15268, 19.50513], [73.15662, 19.504530000000003], [73.15777, 19.50214], [73.15357, 19.501060000000003]]]}}, {"id": "494", "type": "Feature", "properties": {"village_name": "Dudhani", "vil_lgd": 552558, "district_name": "Thane", "dist_lgd": 497, "subdistrict_name": "Bhiwandi", "sdcode": 4166, "block_name": "Bhiwandi", "block_lgd": 217.0, "gp_name": "", "state_name": "MAHARASHTRA", "state_lgd": 27, "population": 541, "households": 115}, "geometry": {"type": "Polygon", "coordinates": [[[73.15268, 19.47747], [73.14875, 19.47963], [73.14964, 19.490280000000002], [73.15015000000001, 19.490840000000002], [73.15218, 19.49304], [73.15407, 19.49672], [73.15535000000001, 19.49268], [73.15942000000001, 19.4904], [73.16031000000001, 19.48262], [73.1584, 19.479870000000002], [73.15586, 19.47795], [73.15268, 19.47747]]]}}, {"id": "495", "type": "Feature", "properties": {"village_name": "Chinchawali", "vil_lgd": 552552, "district_name": "Thane", "dist_lgd": 497, "subdistrict_name": "Bhiwandi", "sdcode": 4166, "block_name": "Bhiwandi", "block_lgd": 217.0, "gp_name": "", "state_name": "MAHARASHTRA", "state_lgd": 27, "population": 632, "households": 134}, "geometry": {"type": "Polygon", "coordinates": [[[73.14329000000001, 19.492800000000003], [73.14227000000001, 19.48813], [73.13939, 19.48851], [73.13770000000001, 19.48873], [73.13605000000001, 19.48741], [73.12792, 19.48693], [73.12703, 19.490280000000002], [73.12182, 19.493160000000003], [73.11964, 19.496630000000003], [73.12515, 19.499390000000002], [73.13295000000001, 19.50063], [73.14163, 19.49998], [73.14583, 19.494950000000003], [73.14329000000001, 19.492800000000003]]]}}, {"id": "496", "type": "Feature", "properties": {"village_name": "Ghadane", "vil_lgd": 552560, "district_name": "Thane", "dist_lgd": 497, "subdistrict_name": "Bhiwandi", "sdcode": 4166, "block_name": "Bhiwandi", "block_lgd": 217.0, "gp_name": "", "state_name": "MAHARASHTRA", "state_lgd": 27, "population": 351, "households": 89}, "geometry": {"type": "Polygon", "coordinates": [[[73.14633, 19.48609], [73.14748, 19.48083], [73.14875, 19.47963], [73.15268, 19.47747], [73.15586, 19.47795], [73.15726000000001, 19.47232], [73.15561000000001, 19.46646], [73.14938000000001, 19.4661], [73.14710000000001, 19.470290000000002], [73.14621000000001, 19.47424], [73.14367, 19.474960000000003], [73.14151000000001, 19.482380000000003], [73.13884, 19.48514], [73.13859000000001, 19.486810000000002], [73.13939, 19.48851], [73.14227000000001, 19.48813], [73.14633, 19.48609]]]}}, {"id": "497", "type": "Feature", "properties": {"village_name": "Kunde", "vil_lgd": 552561, "district_name": "Thane", "dist_lgd": 497, "subdistrict_name": "Bhiwandi", "sdcode": 4166, "block_name": "Bhiwandi", "block_lgd": 217.0, "gp_name": "", "state_name": "MAHARASHTRA", "state_lgd": 27, "population": 1906, "households": 431}, "geometry": {"type": "Polygon", "coordinates": [[[73.11964, 19.496630000000003], [73.12182, 19.493160000000003], [73.12703, 19.490280000000002], [73.12792, 19.48693], [73.13605000000001, 19.48741], [73.13770000000001, 19.48873], [73.13939, 19.48851], [73.13859000000001, 19.486810000000002], [73.13884, 19.48514], [73.14151000000001, 19.482380000000003], [73.14367, 19.474960000000003], [73.14621000000001, 19.47424], [73.14710000000001, 19.470290000000002], [73.14024, 19.466820000000002], [73.13516, 19.46298], [73.12652, 19.4643], [73.12589000000001, 19.46741], [73.12291, 19.473560000000003], [73.11865, 19.480110000000003], [73.11264, 19.49632], [73.11548, 19.49595], [73.11964, 19.496630000000003]]]}}, {"id": "498", "type": "Feature", "properties": {"village_name": "Karmale", "vil_lgd": 552569, "district_name": "Thane", "dist_lgd": 497, "subdistrict_name": "Bhiwandi", "sdcode": 4166, "block_name": "Bhiwandi", "block_lgd": 217.0, "gp_name": "", "state_name": "MAHARASHTRA", "state_lgd": 27, "population": 318, "households": 71}, "geometry": {"type": "Polygon", "coordinates": [[[73.14837, 19.464660000000002], [73.14951, 19.45843], [73.14710000000001, 19.45436], [73.14443, 19.45436], [73.13998000000001, 19.46095], [73.13516, 19.46298], [73.14024, 19.466820000000002], [73.14710000000001, 19.470290000000002], [73.14938000000001, 19.4661], [73.14837, 19.464660000000002]]]}}, {"id": "499", "type": "Feature", "properties": {"village_name": "Base", "vil_lgd": 552570, "district_name": "Thane", "dist_lgd": 497, "subdistrict_name": "Bhiwandi", "sdcode": 4166, "block_name": "Bhiwandi", "block_lgd": 217.0, "gp_name": "", "state_name": "MAHARASHTRA", "state_lgd": 27, "population": 535, "households": 119}, "geometry": {"type": "Polygon", "coordinates": [[[73.15307, 19.44454], [73.14951, 19.453280000000003], [73.14710000000001, 19.45436], [73.14951, 19.45843], [73.14837, 19.464660000000002], [73.14938000000001, 19.4661], [73.15561000000001, 19.46646], [73.1584, 19.46478], [73.15688, 19.463220000000003], [73.15878000000001, 19.462030000000002], [73.16132, 19.45101], [73.15878000000001, 19.449810000000003], [73.15307, 19.44454]]]}}, {"id": "500", "type": "Feature", "properties": {"village_name": "Dighashi", "vil_lgd": 552551, "district_name": "Thane", "dist_lgd": 497, "subdistrict_name": "Bhiwandi", "sdcode": 4166, "block_name": "Bhiwandi", "block_lgd": 217.0, "gp_name": "", "state_name": "MAHARASHTRA", "state_lgd": 27, "population": 2296, "households": 486}, "geometry": {"type": "Polygon", "coordinates": [[[73.10784000000001, 19.49415], [73.11264, 19.49632], [73.11865, 19.480110000000003], [73.12291, 19.473560000000003], [73.11755000000001, 19.470850000000002], [73.11089000000001, 19.46928], [73.11030000000001, 19.465030000000002], [73.10828000000001, 19.463790000000003], [73.09589000000001, 19.46909], [73.09276000000001, 19.47651], [73.08392, 19.48467], [73.0882, 19.4889], [73.09601, 19.490650000000002], [73.10031000000001, 19.495970000000003], [73.10306, 19.496440000000003], [73.10472, 19.495890000000003], [73.10784000000001, 19.49415]]]}}, {"id": "501", "type": "Feature", "properties": {"village_name": "Kharivali", "vil_lgd": 552562, "district_name": "Thane", "dist_lgd": 497, "subdistrict_name": "Bhiwandi", "sdcode": 4166, "block_name": "Bhiwandi", "block_lgd": 217.0, "gp_name": "", "state_name": "MAHARASHTRA", "state_lgd": 27, "population": 821, "households": 178}, "geometry": {"type": "Polygon", "coordinates": [[[73.12266000000001, 19.45192], [73.11933, 19.453370000000003], [73.11410000000001, 19.453490000000002], [73.11208, 19.45147], [73.11148, 19.454050000000002], [73.10994000000001, 19.45494], [73.10946000000001, 19.460880000000003], [73.10828000000001, 19.463790000000003], [73.11030000000001, 19.465030000000002], [73.11089000000001, 19.46928], [73.11755000000001, 19.470850000000002], [73.12291, 19.473560000000003], [73.12589000000001, 19.46741], [73.12652, 19.4643], [73.12468000000001, 19.455170000000003], [73.12266000000001, 19.45192]]]}}, {"id": "502", "type": "Feature", "properties": {"village_name": "Ambadi", "vil_lgd": 552549, "district_name": "Thane", "dist_lgd": 497, "subdistrict_name": "Bhiwandi", "sdcode": 4166, "block_name": "Bhiwandi", "block_lgd": 217.0, "gp_name": "", "state_name": "MAHARASHTRA", "state_lgd": 27, "population": 3060, "households": 705}, "geometry": {"type": "Polygon", "coordinates": [[[73.09276000000001, 19.47651], [73.09589000000001, 19.46909], [73.09543000000001, 19.46073], [73.09296, 19.46167], [73.0895, 19.460790000000003], [73.0891, 19.46255], [73.07869000000001, 19.47044], [73.0759, 19.469520000000003], [73.07257, 19.469520000000003], [73.06884000000001, 19.47228], [73.06916000000001, 19.47584], [73.06826000000001, 19.47944], [73.07256000000001, 19.4797], [73.07628000000001, 19.482470000000003], [73.07708000000001, 19.48412], [73.08019, 19.48384], [73.08392, 19.48467], [73.09276000000001, 19.47651]], [[73.08767, 19.47241], [73.08826, 19.47349], [73.08741, 19.47406], [73.08652000000001, 19.47316], [73.08728, 19.47239], [73.08767, 19.47241]]]}}, {"id": "503", "type": "Feature", "properties": {"village_name": "Dalonde", "vil_lgd": 552563, "district_name": "Thane", "dist_lgd": 497, "subdistrict_name": "Bhiwandi", "sdcode": 4166, "block_name": "Bhiwandi", "block_lgd": 217.0, "gp_name": "", "state_name": "MAHARASHTRA", "state_lgd": 27, "population": 649, "households": 132}, "geometry": {"type": "Polygon", "coordinates": [[[73.10946000000001, 19.460880000000003], [73.10994000000001, 19.45494], [73.10435000000001, 19.45483], [73.09543000000001, 19.46073], [73.09589000000001, 19.46909], [73.10828000000001, 19.463790000000003], [73.10946000000001, 19.460880000000003]]]}}, {"id": "504", "type": "Feature", "properties": {"village_name": "Ganeshpuri", "vil_lgd": 552492, "district_name": "Thane", "dist_lgd": 497, "subdistrict_name": "Bhiwandi", "sdcode": 4166, "block_name": "Bhiwandi", "block_lgd": 217.0, "gp_name": "", "state_name": "MAHARASHTRA", "state_lgd": 27, "population": 3246, "households": 730}, "geometry": {"type": "Polygon", "coordinates": [[[73.02278000000001, 19.49464], [73.02561, 19.493440000000003], [73.02680000000001, 19.491950000000003], [73.02503, 19.47633], [73.01644, 19.47917], [73.01539000000001, 19.48186], [73.01584000000001, 19.484990000000003], [73.01705000000001, 19.48626], [73.01584000000001, 19.48967], [73.01780000000001, 19.491660000000003], [73.01297000000001, 19.50326], [73.01581, 19.506600000000002], [73.01768000000001, 19.50626], [73.01870000000001, 19.50437], [73.02278000000001, 19.49464]]]}}, {"id": "505", "type": "Feature", "properties": {"village_name": "Zidake", "vil_lgd": 552548, "district_name": "Thane", "dist_lgd": 497, "subdistrict_name": "Bhiwandi", "sdcode": 4166, "block_name": "Bhiwandi", "block_lgd": 217.0, "gp_name": "", "state_name": "MAHARASHTRA", "state_lgd": 27, "population": 2729, "households": 685}, "geometry": {"type": "Polygon", "coordinates": [[[73.07869000000001, 19.47044], [73.0891, 19.46255], [73.0895, 19.460790000000003], [73.08769000000001, 19.45839], [73.08399, 19.45795], [73.08207, 19.456850000000003], [73.0779, 19.459200000000003], [73.07704000000001, 19.46055], [73.07269000000001, 19.46057], [73.07096, 19.46252], [73.07239000000001, 19.464850000000002], [73.06991000000001, 19.46996], [73.0687, 19.47052], [73.06884000000001, 19.47228], [73.07257, 19.469520000000003], [73.0759, 19.469520000000003], [73.07869000000001, 19.47044]]]}}, {"id": "506", "type": "Feature", "properties": {"village_name": "Savaroli Tarf Dugad", "vil_lgd": 552495, "district_name": "Thane", "dist_lgd": 497, "subdistrict_name": "Bhiwandi", "sdcode": 4166, "block_name": "Bhiwandi", "block_lgd": 217.0, "gp_name": "", "state_name": "MAHARASHTRA", "state_lgd": 27, "population": 328, "households": 65}, "geometry": {"type": "Polygon", "coordinates": [[[73.06309, 19.480050000000002], [73.06826000000001, 19.47944], [73.06916000000001, 19.47584], [73.06884000000001, 19.47228], [73.0687, 19.47052], [73.06611000000001, 19.468790000000002], [73.06431, 19.468970000000002], [73.06231000000001, 19.47023], [73.05841000000001, 19.46969], [73.05756000000001, 19.47058], [73.05603, 19.474980000000002], [73.05527000000001, 19.475250000000003], [73.05542000000001, 19.47988], [73.05663000000001, 19.47914], [73.06309, 19.480050000000002]]]}}, {"id": "507", "type": "Feature", "properties": {"village_name": "Vedhe", "vil_lgd": 552498, "district_name": "Thane", "dist_lgd": 497, "subdistrict_name": "Bhiwandi", "sdcode": 4166, "block_name": "Bhiwandi", "block_lgd": 217.0, "gp_name": "", "state_name": "MAHARASHTRA", "state_lgd": 27, "population": 1195, "households": 268}, "geometry": {"type": "Polygon", "coordinates": [[[73.05841000000001, 19.46969], [73.06231000000001, 19.47023], [73.06431, 19.468970000000002], [73.06356000000001, 19.467200000000002], [73.06867000000001, 19.46328], [73.07096, 19.46252], [73.07269000000001, 19.46057], [73.07239000000001, 19.456870000000002], [73.07467000000001, 19.450770000000002], [73.07838000000001, 19.45015], [73.07999000000001, 19.448980000000002], [73.08151000000001, 19.44656], [73.08011, 19.44593], [73.07600000000001, 19.44638], [73.07220000000001, 19.44566], [73.06982, 19.443420000000003], [73.06896, 19.44441], [73.06754000000001, 19.447550000000003], [73.06316000000001, 19.447370000000003], [73.06278, 19.4497], [73.05974, 19.455170000000003], [73.05946, 19.4583], [73.0605, 19.46001], [73.05803, 19.46216], [73.05613000000001, 19.46799], [73.05527000000001, 19.475250000000003], [73.05603, 19.474980000000002], [73.05756000000001, 19.47058], [73.05841000000001, 19.46969]]]}}, {"id": "508", "type": "Feature", "properties": {"village_name": "Khativali", "vil_lgd": 552499, "district_name": "Thane", "dist_lgd": 497, "subdistrict_name": "Bhiwandi", "sdcode": 4166, "block_name": "Bhiwandi", "block_lgd": 217.0, "gp_name": "", "state_name": "MAHARASHTRA", "state_lgd": 27, "population": 284, "households": 63}, "geometry": {"type": "Polygon", "coordinates": [[[73.0779, 19.459200000000003], [73.08207, 19.456850000000003], [73.08237000000001, 19.45185], [73.0818, 19.44979], [73.07999000000001, 19.448980000000002], [73.07838000000001, 19.45015], [73.07467000000001, 19.450770000000002], [73.07239000000001, 19.456870000000002], [73.07269000000001, 19.46057], [73.07704000000001, 19.46055], [73.0779, 19.459200000000003]]]}}, {"id": "509", "type": "Feature", "properties": {"village_name": "Bhiwali", "vil_lgd": 552491, "district_name": "Thane", "dist_lgd": 497, "subdistrict_name": "Bhiwandi", "sdcode": 4166, "block_name": "Bhiwandi", "block_lgd": 217.0, "gp_name": "", "state_name": "MAHARASHTRA", "state_lgd": 27, "population": 1345, "households": 233}, "geometry": {"type": "Polygon", "coordinates": [[[73.01268, 19.47746], [73.01027, 19.47803], [73.00741000000001, 19.483710000000002], [73.00184, 19.48967], [72.99838000000001, 19.49481], [73.00076, 19.495910000000002], [73.00314, 19.50261], [73.00991, 19.501050000000003], [73.01297000000001, 19.50326], [73.01780000000001, 19.491660000000003], [73.01584000000001, 19.48967], [73.01705000000001, 19.48626], [73.01584000000001, 19.484990000000003], [73.01539000000001, 19.48186], [73.01644, 19.47917], [73.01268, 19.47746]]]}}, {"id": "510", "type": "Feature", "properties": {"village_name": "Vajreshwari", "vil_lgd": 552493, "district_name": "Thane", "dist_lgd": 497, "subdistrict_name": "Bhiwandi", "sdcode": 4166, "block_name": "Bhiwandi", "block_lgd": 217.0, "gp_name": "", "state_name": "MAHARASHTRA", "state_lgd": 27, "population": 2414, "households": 554}, "geometry": {"type": "Polygon", "coordinates": [[[73.02683, 19.473200000000002], [73.02503, 19.47633], [73.02680000000001, 19.491950000000003], [73.02896000000001, 19.49067], [73.03075000000001, 19.491470000000003], [73.03411000000001, 19.4952], [73.03843, 19.48271], [73.03707, 19.48073], [73.03346, 19.47888], [73.03165, 19.47349], [73.03, 19.47107], [73.02683, 19.473200000000002]]]}}, {"id": "511", "type": "Feature", "properties": {"village_name": "Akaloli", "vil_lgd": 552494, "district_name": "Thane", "dist_lgd": 497, "subdistrict_name": "Bhiwandi", "sdcode": 4166, "block_name": "Bhiwandi", "block_lgd": 217.0, "gp_name": "", "state_name": "MAHARASHTRA", "state_lgd": 27, "population": 2942, "households": 682}, "geometry": {"type": "Polygon", "coordinates": [[[73.0441, 19.492630000000002], [73.04707, 19.49332], [73.04838000000001, 19.49276], [73.05254000000001, 19.48271], [73.05542000000001, 19.47988], [73.05527000000001, 19.475250000000003], [73.05090000000001, 19.47361], [73.03256, 19.468230000000002], [73.0297, 19.466530000000002], [73.02819000000001, 19.467100000000002], [73.02759, 19.469230000000003], [73.03, 19.47107], [73.03165, 19.47349], [73.03346, 19.47888], [73.03707, 19.48073], [73.03843, 19.48271], [73.03411000000001, 19.4952], [73.03742000000001, 19.497390000000003], [73.03891, 19.49724], [73.03999, 19.49594], [73.0441, 19.492630000000002]]]}}, {"id": "512", "type": "Feature", "properties": {"village_name": "Mahalunge", "vil_lgd": 552496, "district_name": "Thane", "dist_lgd": 497, "subdistrict_name": "Bhiwandi", "sdcode": 4166, "block_name": "Bhiwandi", "block_lgd": 217.0, "gp_name": "", "state_name": "MAHARASHTRA", "state_lgd": 27, "population": 451, "households": 113}, "geometry": {"type": "Polygon", "coordinates": [[[73.03376, 19.45119], [73.0297, 19.466530000000002], [73.03256, 19.468230000000002], [73.05090000000001, 19.47361], [73.05138000000001, 19.46937], [73.04762000000001, 19.466250000000002], [73.04747, 19.46227], [73.04219, 19.45801], [73.03376, 19.45119]]]}}, {"id": "513", "type": "Feature", "properties": {"village_name": "Ghotgaon", "vil_lgd": 552497, "district_name": "Thane", "dist_lgd": 497, "subdistrict_name": "Bhiwandi", "sdcode": 4166, "block_name": "Bhiwandi", "block_lgd": 217.0, "gp_name": "", "state_name": "MAHARASHTRA", "state_lgd": 27, "population": 1710, "households": 325}, "geometry": {"type": "Polygon", "coordinates": [[[73.06358, 19.444950000000002], [73.04942000000001, 19.438840000000003], [73.04742, 19.43355], [73.04387000000001, 19.43183], [73.04168, 19.43156], [73.04039, 19.43841], [73.03542, 19.442390000000003], [73.03376, 19.45119], [73.04219, 19.45801], [73.04747, 19.46227], [73.04762000000001, 19.466250000000002], [73.05138000000001, 19.46937], [73.05090000000001, 19.47361], [73.05527000000001, 19.475250000000003], [73.05613000000001, 19.46799], [73.05803, 19.46216], [73.0605, 19.46001], [73.05946, 19.4583], [73.05974, 19.455170000000003], [73.06278, 19.4497], [73.06316000000001, 19.447370000000003], [73.06358, 19.444950000000002]]]}}, {"id": "514", "type": "Feature", "properties": {"village_name": "Ashivali", "vil_lgd": 552547, "district_name": "Thane", "dist_lgd": 497, "subdistrict_name": "Bhiwandi", "sdcode": 4166, "block_name": "Bhiwandi", "block_lgd": 217.0, "gp_name": "", "state_name": "MAHARASHTRA", "state_lgd": 27, "population": 5, "households": 1}, "geometry": {"type": "Polygon", "coordinates": [[[73.07239000000001, 19.464850000000002], [73.07096, 19.46252], [73.06867000000001, 19.46328], [73.06356000000001, 19.467200000000002], [73.06431, 19.468970000000002], [73.06611000000001, 19.468790000000002], [73.0687, 19.47052], [73.06991000000001, 19.46996], [73.07239000000001, 19.464850000000002]]]}}, {"id": "515", "type": "Feature", "properties": {"village_name": "Ravadi", "vil_lgd": 552550, "district_name": "Thane", "dist_lgd": 497, "subdistrict_name": "Bhiwandi", "sdcode": 4166, "block_name": "Bhiwandi", "block_lgd": 217.0, "gp_name": "", "state_name": "MAHARASHTRA", "state_lgd": 27, "population": 337, "households": 92}, "geometry": {"type": "Polygon", "coordinates": [[[73.08728, 19.47239], [73.08652000000001, 19.47316], [73.08741, 19.47406], [73.08826, 19.47349], [73.08767, 19.47241], [73.08728, 19.47239]]]}}, {"id": "516", "type": "Feature", "properties": {"village_name": "Tanasa", "vil_lgd": 552694, "district_name": "Thane", "dist_lgd": 497, "subdistrict_name": "Shahapur", "sdcode": 4167, "block_name": "Shahapur", "block_lgd": 218.0, "gp_name": "", "state_name": "MAHARASHTRA", "state_lgd": 27, "population": 2178, "households": 421}, "geometry": {"type": "Polygon", "coordinates": [[[73.28144, 19.616780000000002], [73.28542, 19.6124], [73.28795000000001, 19.61035], [73.2912, 19.609090000000002], [73.29757000000001, 19.60792], [73.30064, 19.60929], [73.30352, 19.61561], [73.31334000000001, 19.612280000000002], [73.31660000000001, 19.6092], [73.32049, 19.603060000000003], [73.32484000000001, 19.59384], [73.32530000000001, 19.589450000000003], [73.32763, 19.58754], [73.33198, 19.58696], [73.34208000000001, 19.57993], [73.34954, 19.57788], [73.35078, 19.5773], [73.35203, 19.57498], [73.35714, 19.571740000000002], [73.35831, 19.558590000000002], [73.35281, 19.55439], [73.35133, 19.55537], [73.34746000000001, 19.55593], [73.34122, 19.561670000000003], [73.33409, 19.56041], [73.32845, 19.55439], [73.32563, 19.548090000000002], [73.32459, 19.544590000000003], [73.31077, 19.545150000000003], [73.29889, 19.543470000000003], [73.29547000000001, 19.541510000000002], [73.29473, 19.53731], [73.29725, 19.52289], [73.30022000000001, 19.518410000000003], [73.30453, 19.515330000000002], [73.30393000000001, 19.50873], [73.29986000000001, 19.508290000000002], [73.29795, 19.50711], [73.29758000000001, 19.50354], [73.29087000000001, 19.50287], [73.28790000000001, 19.50427], [73.28760000000001, 19.50343], [73.27560000000001, 19.50428], [73.26773, 19.507080000000002], [73.26461, 19.509880000000003], [73.26015000000001, 19.51856], [73.2579, 19.519830000000002], [73.25937, 19.53294], [73.25937, 19.54297], [73.24929, 19.54172], [73.25386, 19.545260000000003], [73.25143, 19.549960000000002], [73.24544, 19.56286], [73.24316, 19.56568], [73.24059000000001, 19.565820000000002], [73.23731000000001, 19.57428], [73.2386, 19.58141], [73.23075, 19.58866], [73.22904000000001, 19.59121], [73.22892, 19.60351], [73.23015000000001, 19.6128], [73.235, 19.617], [73.2381, 19.614520000000002], [73.23904, 19.61147], [73.24848, 19.61013], [73.24842000000001, 19.61627], [73.25006, 19.619870000000002], [73.25037, 19.622670000000003], [73.25219000000001, 19.62365], [73.25681, 19.629070000000002], [73.2732, 19.626140000000003], [73.27673, 19.62284], [73.27867, 19.622030000000002], [73.28144, 19.616780000000002]]]}}, {"id": "517", "type": "Feature", "properties": {"village_name": "Karade", "vil_lgd": 552720, "district_name": "Thane", "dist_lgd": 497, "subdistrict_name": "Shahapur", "sdcode": 4167, "block_name": "Shahapur", "block_lgd": 218.0, "gp_name": "", "state_name": "MAHARASHTRA", "state_lgd": 27, "population": 270, "households": 68}, "geometry": {"type": "Polygon", "coordinates": [[[73.29529000000001, 19.45491], [73.29433, 19.45699], [73.29087000000001, 19.46064], [73.28960000000001, 19.462790000000002], [73.28948000000001, 19.46705], [73.29067, 19.469070000000002], [73.29197, 19.469630000000002], [73.29815, 19.46403], [73.29696000000001, 19.46122], [73.29685, 19.45607], [73.29529000000001, 19.45491]]]}}, {"id": "518", "type": "Feature", "properties": {"village_name": "Chandroti", "vil_lgd": 552721, "district_name": "Thane", "dist_lgd": 497, "subdistrict_name": "Shahapur", "sdcode": 4167, "block_name": "Shahapur", "block_lgd": 218.0, "gp_name": "", "state_name": "MAHARASHTRA", "state_lgd": 27, "population": 1013, "households": 202}, "geometry": {"type": "Polygon", "coordinates": [[[73.29316, 19.469630000000002], [73.29197, 19.469630000000002], [73.29067, 19.469070000000002], [73.28948000000001, 19.46705], [73.28960000000001, 19.462790000000002], [73.29087000000001, 19.46064], [73.27996, 19.46012], [73.27506000000001, 19.46178], [73.27486, 19.471870000000003], [73.27118, 19.48319], [73.27486, 19.48375], [73.28639000000001, 19.49192], [73.28936, 19.49304], [73.28817000000001, 19.476010000000002], [73.28983000000001, 19.47445], [73.29138, 19.474330000000002], [73.29185000000001, 19.47232], [73.29316, 19.469630000000002]]]}}, {"id": "519", "type": "Feature", "properties": {"village_name": "Mamnoli", "vil_lgd": 552722, "district_name": "Thane", "dist_lgd": 497, "subdistrict_name": "Shahapur", "sdcode": 4167, "block_name": "Shahapur", "block_lgd": 218.0, "gp_name": "", "state_name": "MAHARASHTRA", "state_lgd": 27, "population": 608, "households": 120}, "geometry": {"type": "Polygon", "coordinates": [[[73.30089000000001, 19.468510000000002], [73.29815, 19.46403], [73.29197, 19.469630000000002], [73.29316, 19.469630000000002], [73.29185000000001, 19.47232], [73.29138, 19.474330000000002], [73.28983000000001, 19.47445], [73.28817000000001, 19.476010000000002], [73.28936, 19.49304], [73.29376, 19.49248], [73.2972, 19.488110000000002], [73.30041, 19.481170000000002], [73.30029, 19.473100000000002], [73.301, 19.47165], [73.30089000000001, 19.468510000000002]]]}}, {"id": "520", "type": "Feature", "properties": {"village_name": "Savaroli Bk", "vil_lgd": 552723, "district_name": "Thane", "dist_lgd": 497, "subdistrict_name": "Shahapur", "sdcode": 4167, "block_name": "Shahapur", "block_lgd": 218.0, "gp_name": "", "state_name": "MAHARASHTRA", "state_lgd": 27, "population": 1581, "households": 298}, "geometry": {"type": "Polygon", "coordinates": [[[73.29046000000001, 19.432840000000002], [73.28219, 19.43606], [73.27975, 19.438570000000002], [73.29253, 19.44462], [73.29502000000001, 19.448400000000003], [73.29529000000001, 19.45491], [73.29685, 19.45607], [73.29696000000001, 19.46122], [73.29815, 19.46403], [73.30089000000001, 19.468510000000002], [73.301, 19.47165], [73.30029, 19.473100000000002], [73.30041, 19.481170000000002], [73.2972, 19.488110000000002], [73.29376, 19.49248], [73.28936, 19.49304], [73.28879, 19.49531], [73.28715000000001, 19.497410000000002], [73.28790000000001, 19.49923], [73.29235, 19.49755], [73.29725, 19.49209], [73.30468, 19.487750000000002], [73.31115000000001, 19.470380000000002], [73.30992, 19.470190000000002], [73.30932, 19.46627], [73.31087000000001, 19.454610000000002], [73.31027, 19.446550000000002], [73.30814000000001, 19.443740000000002], [73.29887000000001, 19.44027], [73.29673000000001, 19.438480000000002], [73.29265000000001, 19.432660000000002], [73.29046000000001, 19.432840000000002]]]}}, {"id": "521", "type": "Feature", "properties": {"village_name": "Cherpoli", "vil_lgd": 552726, "district_name": "Thane", "dist_lgd": 497, "subdistrict_name": "Shahapur", "sdcode": 4167, "block_name": "Shahapur", "block_lgd": 218.0, "gp_name": "", "state_name": "MAHARASHTRA", "state_lgd": 27, "population": 6193, "households": 1356}, "geometry": {"type": "Polygon", "coordinates": [[[73.29758000000001, 19.50354], [73.30386, 19.49512], [73.30782, 19.49219], [73.30795, 19.490270000000002], [73.30929, 19.488030000000002], [73.30973, 19.478640000000002], [73.31226000000001, 19.474580000000003], [73.31493, 19.474020000000003], [73.32013, 19.47598], [73.32548000000001, 19.47598], [73.33558000000001, 19.46618], [73.33617000000001, 19.4603], [73.33868000000001, 19.451700000000002], [73.3319, 19.4526], [73.33036000000001, 19.45136], [73.3281, 19.45024], [73.32751, 19.451700000000002], [73.32275, 19.462790000000002], [73.31788, 19.465590000000002], [73.31277, 19.470640000000003], [73.31115000000001, 19.470380000000002], [73.30468, 19.487750000000002], [73.29725, 19.49209], [73.29235, 19.49755], [73.28790000000001, 19.49923], [73.28864, 19.500210000000003], [73.28760000000001, 19.50343], [73.28790000000001, 19.50427], [73.29087000000001, 19.50287], [73.29758000000001, 19.50354]]]}}, {"id": "522", "type": "Feature", "properties": {"village_name": "Kambare", "vil_lgd": 552728, "district_name": "Thane", "dist_lgd": 497, "subdistrict_name": "Shahapur", "sdcode": 4167, "block_name": "Shahapur", "block_lgd": 218.0, "gp_name": "", "state_name": "MAHARASHTRA", "state_lgd": 27, "population": 1094, "households": 217}, "geometry": {"type": "Polygon", "coordinates": [[[73.34212000000001, 19.44632], [73.34046000000001, 19.449910000000003], [73.33868000000001, 19.451700000000002], [73.33617000000001, 19.4603], [73.33558000000001, 19.46618], [73.32548000000001, 19.47598], [73.33291000000001, 19.474300000000003], [73.33736, 19.47108], [73.34137000000001, 19.46366], [73.34642000000001, 19.461840000000002], [73.35043, 19.456660000000003], [73.35151, 19.456680000000002], [73.35132, 19.45372], [73.34847, 19.451030000000003], [73.34799000000001, 19.44959], [73.34524, 19.44816], [73.34448, 19.446640000000002], [73.34212000000001, 19.44632]]]}}, {"id": "523", "type": "Feature", "properties": {"village_name": "Aware", "vil_lgd": 552727, "district_name": "Thane", "dist_lgd": 497, "subdistrict_name": "Shahapur", "sdcode": 4167, "block_name": "Shahapur", "block_lgd": 218.0, "gp_name": "", "state_name": "MAHARASHTRA", "state_lgd": 27, "population": 1346, "households": 273}, "geometry": {"type": "Polygon", "coordinates": [[[73.35634, 19.457220000000003], [73.35151, 19.456680000000002], [73.35043, 19.456660000000003], [73.34642000000001, 19.461840000000002], [73.34137000000001, 19.46366], [73.33736, 19.47108], [73.33291000000001, 19.474300000000003], [73.33484, 19.48215], [73.33707000000001, 19.48467], [73.34004, 19.48607], [73.34717, 19.48691], [73.35118, 19.48607], [73.35578000000001, 19.48243], [73.35964000000001, 19.482290000000003], [73.35563, 19.46142], [73.35634, 19.457220000000003]]]}}, {"id": "524", "type": "Feature", "properties": {"village_name": "Vl Kharivali", "vil_lgd": 552730, "district_name": "Thane", "dist_lgd": 497, "subdistrict_name": "Shahapur", "sdcode": 4167, "block_name": "Shahapur", "block_lgd": 218.0, "gp_name": "", "state_name": "MAHARASHTRA", "state_lgd": 27, "population": 1361, "households": 277}, "geometry": {"type": "Polygon", "coordinates": [[[73.37692000000001, 19.45089], [73.36801000000001, 19.453100000000003], [73.36302, 19.45354], [73.36178000000001, 19.45542], [73.35931000000001, 19.456770000000002], [73.35634, 19.457220000000003], [73.35563, 19.46142], [73.35964000000001, 19.482290000000003], [73.36172, 19.48355], [73.36514000000001, 19.47612], [73.36618, 19.47136], [73.37257000000001, 19.46422], [73.37391000000001, 19.45736], [73.37702, 19.45203], [73.37692000000001, 19.45089]]]}}, {"id": "525", "type": "Feature", "properties": {"village_name": "Arjunali", "vil_lgd": 552732, "district_name": "Thane", "dist_lgd": 497, "subdistrict_name": "Shahapur", "sdcode": 4167, "block_name": "Shahapur", "block_lgd": 218.0, "gp_name": "", "state_name": "MAHARASHTRA", "state_lgd": 27, "population": 577, "households": 107}, "geometry": {"type": "Polygon", "coordinates": [[[73.37702, 19.45203], [73.37391000000001, 19.45736], [73.37257000000001, 19.46422], [73.36618, 19.47136], [73.36514000000001, 19.47612], [73.36172, 19.48355], [73.36351, 19.48677], [73.38118, 19.46912], [73.38475000000001, 19.46226], [73.38831, 19.45932], [73.37792, 19.454690000000003], [73.37702, 19.45203]]]}}, {"id": "526", "type": "Feature", "properties": {"village_name": "Saralambe", "vil_lgd": 552733, "district_name": "Thane", "dist_lgd": 497, "subdistrict_name": "Shahapur", "sdcode": 4167, "block_name": "Shahapur", "block_lgd": 218.0, "gp_name": "", "state_name": "MAHARASHTRA", "state_lgd": 27, "population": 1873, "households": 374}, "geometry": {"type": "Polygon", "coordinates": [[[73.38579, 19.47934], [73.38772, 19.470380000000002], [73.40050000000001, 19.46562], [73.3999, 19.461840000000002], [73.39589000000001, 19.46254], [73.38965, 19.460440000000002], [73.38831, 19.45932], [73.38475000000001, 19.46226], [73.38118, 19.46912], [73.36351, 19.48677], [73.36429000000001, 19.49312], [73.36925000000001, 19.493190000000002], [73.37161, 19.49152], [73.37661, 19.49097], [73.38152000000001, 19.487640000000003], [73.38579, 19.47934]]]}}, {"id": "527", "type": "Feature", "properties": {"village_name": "Khutadi", "vil_lgd": 552734, "district_name": "Thane", "dist_lgd": 497, "subdistrict_name": "Shahapur", "sdcode": 4167, "block_name": "Shahapur", "block_lgd": 218.0, "gp_name": "", "state_name": "MAHARASHTRA", "state_lgd": 27, "population": 342, "households": 71}, "geometry": {"type": "Polygon", "coordinates": [[[73.40050000000001, 19.46562], [73.38772, 19.470380000000002], [73.38579, 19.47934], [73.38152000000001, 19.487640000000003], [73.38964, 19.491120000000002], [73.39545000000001, 19.482010000000002], [73.39931, 19.477240000000002], [73.40258, 19.475], [73.40050000000001, 19.46562]]]}}, {"id": "528", "type": "Feature", "properties": {"village_name": "Khor", "vil_lgd": 552717, "district_name": "Thane", "dist_lgd": 497, "subdistrict_name": "Shahapur", "sdcode": 4167, "block_name": "Shahapur", "block_lgd": 218.0, "gp_name": "", "state_name": "MAHARASHTRA", "state_lgd": 27, "population": 244, "households": 53}, "geometry": {"type": "Polygon", "coordinates": [[[73.25673, 19.504], [73.25495000000001, 19.50204], [73.25451000000001, 19.499660000000002], [73.25332, 19.49812], [73.24634, 19.494480000000003], [73.24485, 19.490560000000002], [73.2419, 19.48722], [73.22896, 19.490280000000002], [73.22554000000001, 19.492240000000002], [73.22197, 19.497980000000002], [73.22272000000001, 19.509040000000002], [73.21648, 19.509040000000002], [73.21499, 19.51114], [73.21767000000001, 19.51086], [73.22019, 19.512400000000003], [73.22792000000001, 19.516460000000002], [73.23995000000001, 19.514780000000002], [73.24381000000001, 19.513240000000003], [73.25673, 19.504]]]}}, {"id": "529", "type": "Feature", "properties": {"village_name": "Pundhe", "vil_lgd": 552725, "district_name": "Thane", "dist_lgd": 497, "subdistrict_name": "Shahapur", "sdcode": 4167, "block_name": "Shahapur", "block_lgd": 218.0, "gp_name": "", "state_name": "MAHARASHTRA", "state_lgd": 27, "population": 858, "households": 182}, "geometry": {"type": "Polygon", "coordinates": [[[73.33432, 19.49097], [73.33677, 19.49013], [73.34256, 19.49041], [73.34717, 19.48691], [73.34004, 19.48607], [73.33707000000001, 19.48467], [73.33484, 19.48215], [73.33291000000001, 19.474300000000003], [73.32548000000001, 19.47598], [73.32013, 19.47598], [73.31493, 19.474020000000003], [73.31226000000001, 19.474580000000003], [73.30973, 19.478640000000002], [73.30929, 19.488030000000002], [73.30795, 19.490270000000002], [73.30782, 19.49219], [73.31638000000001, 19.487080000000002], [73.31970000000001, 19.487180000000002], [73.33432, 19.49097]]]}}, {"id": "530", "type": "Feature", "properties": {"village_name": "Sakharoli", "vil_lgd": 552704, "district_name": "Thane", "dist_lgd": 497, "subdistrict_name": "Shahapur", "sdcode": 4167, "block_name": "Shahapur", "block_lgd": 218.0, "gp_name": "", "state_name": "MAHARASHTRA", "state_lgd": 27, "population": 1247, "households": 267}, "geometry": {"type": "Polygon", "coordinates": [[[73.33231, 19.51029], [73.34033000000001, 19.510150000000003], [73.33944000000001, 19.507350000000002], [73.33766, 19.505950000000002], [73.33454, 19.50469], [73.32915000000001, 19.504640000000002], [73.31666000000001, 19.504], [73.30393000000001, 19.50873], [73.30453, 19.515330000000002], [73.313, 19.51575], [73.31805, 19.516730000000003], [73.32028000000001, 19.51855], [73.32221000000001, 19.51631], [73.33231, 19.51029]]]}}, {"id": "531", "type": "Feature", "properties": {"village_name": "Vl Nandgaon Ja", "vil_lgd": 552695, "district_name": "Thane", "dist_lgd": 497, "subdistrict_name": "Shahapur", "sdcode": 4167, "block_name": "Shahapur", "block_lgd": 218.0, "gp_name": "", "state_name": "MAHARASHTRA", "state_lgd": 27, "population": 1295, "households": 238}, "geometry": {"type": "Polygon", "coordinates": [[[73.30453, 19.515330000000002], [73.30022000000001, 19.518410000000003], [73.29725, 19.52289], [73.29473, 19.53731], [73.29547000000001, 19.541510000000002], [73.29889, 19.543470000000003], [73.31077, 19.545150000000003], [73.32191, 19.537730000000003], [73.32503000000001, 19.53031], [73.32414, 19.52877], [73.32221000000001, 19.52793], [73.32147, 19.52107], [73.32028000000001, 19.51855], [73.31805, 19.516730000000003], [73.313, 19.51575], [73.30453, 19.515330000000002]]]}}, {"id": "532", "type": "Feature", "properties": {"village_name": "Pendhari", "vil_lgd": 552696, "district_name": "Thane", "dist_lgd": 497, "subdistrict_name": "Shahapur", "sdcode": 4167, "block_name": "Shahapur", "block_lgd": 218.0, "gp_name": "", "state_name": "MAHARASHTRA", "state_lgd": 27, "population": 451, "households": 93}, "geometry": {"type": "Polygon", "coordinates": [[[73.33454, 19.53997], [73.33528000000001, 19.531010000000002], [73.33484, 19.528910000000003], [73.32503000000001, 19.53031], [73.32191, 19.537730000000003], [73.31077, 19.545150000000003], [73.32459, 19.544590000000003], [73.32563, 19.548090000000002], [73.33454, 19.53997]]]}}, {"id": "533", "type": "Feature", "properties": {"village_name": "Kanvinde", "vil_lgd": 552703, "district_name": "Thane", "dist_lgd": 497, "subdistrict_name": "Shahapur", "sdcode": 4167, "block_name": "Shahapur", "block_lgd": 218.0, "gp_name": "", "state_name": "MAHARASHTRA", "state_lgd": 27, "population": 728, "households": 156}, "geometry": {"type": "Polygon", "coordinates": [[[73.34208000000001, 19.510150000000003], [73.34033000000001, 19.510150000000003], [73.33231, 19.51029], [73.32221000000001, 19.51631], [73.32028000000001, 19.51855], [73.32147, 19.52107], [73.32221000000001, 19.52793], [73.32414, 19.52877], [73.32503000000001, 19.53031], [73.33484, 19.528910000000003], [73.33424000000001, 19.525270000000003], [73.33736, 19.51911], [73.34108, 19.514770000000002], [73.34197, 19.51211], [73.34208000000001, 19.510150000000003]]]}}, {"id": "534", "type": "Feature", "properties": {"village_name": "Kalamgaon", "vil_lgd": 552697, "district_name": "Thane", "dist_lgd": 497, "subdistrict_name": "Shahapur", "sdcode": 4167, "block_name": "Shahapur", "block_lgd": 218.0, "gp_name": "", "state_name": "MAHARASHTRA", "state_lgd": 27, "population": 1167, "households": 230}, "geometry": {"type": "Polygon", "coordinates": [[[73.35103000000001, 19.55047], [73.34984, 19.54473], [73.34984, 19.53395], [73.3554, 19.527070000000002], [73.35544, 19.52436], [73.35102, 19.51753], [73.34975, 19.51178], [73.34538, 19.510150000000003], [73.34208000000001, 19.510150000000003], [73.34197, 19.51211], [73.34108, 19.514770000000002], [73.33736, 19.51911], [73.33424000000001, 19.525270000000003], [73.33484, 19.528910000000003], [73.33528000000001, 19.531010000000002], [73.33454, 19.53997], [73.32563, 19.548090000000002], [73.32845, 19.55439], [73.33409, 19.56041], [73.34122, 19.561670000000003], [73.34746000000001, 19.55593], [73.35133, 19.55537], [73.35281, 19.55439], [73.35103000000001, 19.55047]]]}}, {"id": "535", "type": "Feature", "properties": {"village_name": "Lahe", "vil_lgd": 552698, "district_name": "Thane", "dist_lgd": 497, "subdistrict_name": "Shahapur", "sdcode": 4167, "block_name": "Shahapur", "block_lgd": 218.0, "gp_name": "", "state_name": "MAHARASHTRA", "state_lgd": 27, "population": 1648, "households": 333}, "geometry": {"type": "Polygon", "coordinates": [[[73.37345, 19.543770000000002], [73.37311000000001, 19.538500000000003], [73.37097, 19.533890000000003], [73.37021, 19.5301], [73.36603000000001, 19.52683], [73.3554, 19.527070000000002], [73.34984, 19.53395], [73.34984, 19.54473], [73.35103000000001, 19.55047], [73.35281, 19.55439], [73.35831, 19.558590000000002], [73.36128000000001, 19.55677], [73.37019000000001, 19.556070000000002], [73.37197, 19.55271], [73.37345, 19.543770000000002]]]}}, {"id": "536", "type": "Feature", "properties": {"village_name": "Birwadi", "vil_lgd": 552700, "district_name": "Thane", "dist_lgd": 497, "subdistrict_name": "Shahapur", "sdcode": 4167, "block_name": "Shahapur", "block_lgd": 218.0, "gp_name": "", "state_name": "MAHARASHTRA", "state_lgd": 27, "population": 3415, "households": 715}, "geometry": {"type": "Polygon", "coordinates": [[[73.39911000000001, 19.543300000000002], [73.4084, 19.54378], [73.41377, 19.542070000000002], [73.42531000000001, 19.53648], [73.43225000000001, 19.536240000000003], [73.43327000000001, 19.53535], [73.43179, 19.53206], [73.42736000000001, 19.53067], [73.42323, 19.53163], [73.41965, 19.535870000000003], [73.4128, 19.535030000000003], [73.41213, 19.53388], [73.41275, 19.530920000000002], [73.41536, 19.52589], [73.42284000000001, 19.51754], [73.42402000000001, 19.51164], [73.4214, 19.50749], [73.41573000000001, 19.505480000000002], [73.41191, 19.50319], [73.39710000000001, 19.506030000000003], [73.39250000000001, 19.498420000000003], [73.38964, 19.491120000000002], [73.38152000000001, 19.487640000000003], [73.37661, 19.49097], [73.37161, 19.49152], [73.36925000000001, 19.493190000000002], [73.36429000000001, 19.49312], [73.36188, 19.507820000000002], [73.36030000000001, 19.509110000000003], [73.35547000000001, 19.5107], [73.34975, 19.51178], [73.35102, 19.51753], [73.35544, 19.52436], [73.3554, 19.527070000000002], [73.36603000000001, 19.52683], [73.37021, 19.5301], [73.37097, 19.533890000000003], [73.37311000000001, 19.538500000000003], [73.37345, 19.543770000000002], [73.37891, 19.545460000000002], [73.38187, 19.54551], [73.39182000000001, 19.541150000000002], [73.39426, 19.541030000000003], [73.39911000000001, 19.543300000000002]], [[73.3983, 19.529480000000003], [73.39741000000001, 19.53038], [73.39652000000001, 19.529480000000003], [73.39755000000001, 19.52872], [73.3983, 19.529480000000003]], [[73.37396000000001, 19.49836], [73.37463000000001, 19.499190000000002], [73.3737, 19.500010000000003], [73.37285, 19.499100000000002], [73.37352, 19.498350000000002], [73.37396000000001, 19.49836]]]}}, {"id": "537", "type": "Feature", "properties": {"village_name": "Vandre", "vil_lgd": 552715, "district_name": "Thane", "dist_lgd": 497, "subdistrict_name": "Shahapur", "sdcode": 4167, "block_name": "Shahapur", "block_lgd": 218.0, "gp_name": "", "state_name": "MAHARASHTRA", "state_lgd": 27, "population": 980, "households": 164}, "geometry": {"type": "Polygon", "coordinates": [[[73.2346, 19.481740000000002], [73.23638000000001, 19.47963], [73.23757, 19.474870000000003], [73.23811, 19.45718], [73.22962000000001, 19.456940000000003], [73.21813, 19.46687], [73.21121000000001, 19.466730000000002], [73.2103, 19.471700000000002], [73.20614, 19.479000000000003], [73.20338000000001, 19.481920000000002], [73.20652000000001, 19.481740000000002], [73.20875000000001, 19.483140000000002], [73.21217, 19.483700000000002], [73.21648, 19.4886], [73.22197, 19.4872], [73.22509000000001, 19.483700000000002], [73.23014, 19.48356], [73.2346, 19.481740000000002]]]}}, {"id": "538", "type": "Feature", "properties": {"village_name": "Mahuli", "vil_lgd": 552718, "district_name": "Thane", "dist_lgd": 497, "subdistrict_name": "Shahapur", "sdcode": 4167, "block_name": "Shahapur", "block_lgd": 218.0, "gp_name": "", "state_name": "MAHARASHTRA", "state_lgd": 27, "population": 274, "households": 57}, "geometry": {"type": "Polygon", "coordinates": [[[73.27486, 19.471870000000003], [73.27506000000001, 19.46178], [73.27374, 19.46246], [73.27084, 19.457780000000003], [73.26973000000001, 19.44397], [73.26023, 19.453010000000003], [73.25823000000001, 19.45381], [73.25662000000001, 19.449150000000003], [73.25101000000001, 19.454890000000002], [73.24863, 19.45973], [73.24749, 19.46215], [73.24511000000001, 19.46197], [73.24283000000001, 19.460990000000002], [73.23932, 19.457220000000003], [73.23811, 19.45718], [73.23757, 19.474870000000003], [73.23638000000001, 19.47963], [73.2346, 19.481740000000002], [73.23921, 19.4844], [73.2419, 19.48722], [73.24485, 19.490560000000002], [73.24634, 19.494480000000003], [73.25332, 19.49812], [73.25451000000001, 19.499660000000002], [73.25495000000001, 19.50204], [73.25673, 19.504], [73.25941, 19.502180000000003], [73.26253000000001, 19.489720000000002], [73.26386000000001, 19.48748], [73.26892000000001, 19.48328], [73.27118, 19.48319], [73.27486, 19.471870000000003]]]}}, {"id": "539", "type": "Feature", "properties": {"village_name": "Koshimbade", "vil_lgd": 552713, "district_name": "Thane", "dist_lgd": 497, "subdistrict_name": "Shahapur", "sdcode": 4167, "block_name": "Shahapur", "block_lgd": 218.0, "gp_name": "", "state_name": "MAHARASHTRA", "state_lgd": 27, "population": 1054, "households": 228}, "geometry": {"type": "Polygon", "coordinates": [[[73.20311000000001, 19.49042], [73.20088000000001, 19.485380000000003], [73.20100000000001, 19.48337], [73.19524000000001, 19.48476], [73.19449, 19.487460000000002], [73.19163, 19.48789], [73.19299000000001, 19.48476], [73.19253, 19.48405], [73.18892000000001, 19.48405], [73.18531, 19.486040000000003], [73.18094, 19.48505], [73.18034, 19.486610000000002], [73.18124, 19.48845], [73.17969000000001, 19.490740000000002], [73.17868, 19.49498], [73.17672, 19.49697], [73.17760000000001, 19.50268], [73.17868, 19.504920000000002], [73.18053, 19.50694], [73.18647, 19.50834], [73.19598, 19.50568], [73.20311000000001, 19.49042]]]}}, {"id": "540", "type": "Feature", "properties": {"village_name": "Savaroli Kh", "vil_lgd": 552712, "district_name": "Thane", "dist_lgd": 497, "subdistrict_name": "Shahapur", "sdcode": 4167, "block_name": "Shahapur", "block_lgd": 218.0, "gp_name": "", "state_name": "MAHARASHTRA", "state_lgd": 27, "population": 567, "households": 125}, "geometry": {"type": "Polygon", "coordinates": [[[73.19598, 19.50568], [73.18647, 19.50834], [73.18053, 19.50694], [73.17868, 19.504920000000002], [73.17612000000001, 19.510460000000002], [73.17236000000001, 19.52691], [73.17314, 19.529230000000002], [73.17642000000001, 19.53292], [73.18216000000001, 19.52766], [73.18751, 19.518980000000003], [73.19212, 19.51422], [73.19598, 19.50568]]]}}, {"id": "541", "type": "Feature", "properties": {"village_name": "Vl Pivali", "vil_lgd": 552714, "district_name": "Thane", "dist_lgd": 497, "subdistrict_name": "Shahapur", "sdcode": 4167, "block_name": "Shahapur", "block_lgd": 218.0, "gp_name": "", "state_name": "MAHARASHTRA", "state_lgd": 27, "population": 649, "households": 135}, "geometry": {"type": "Polygon", "coordinates": [[[73.21648, 19.509040000000002], [73.22272000000001, 19.509040000000002], [73.22197, 19.497980000000002], [73.22138000000001, 19.493920000000003], [73.21648, 19.4886], [73.21217, 19.483700000000002], [73.20875000000001, 19.483140000000002], [73.20652000000001, 19.481740000000002], [73.20338000000001, 19.481920000000002], [73.20100000000001, 19.48337], [73.20088000000001, 19.485380000000003], [73.20311000000001, 19.49042], [73.19598, 19.50568], [73.20162, 19.50596], [73.21247000000001, 19.51142], [73.21499, 19.51114], [73.21648, 19.509040000000002]]]}}, {"id": "542", "type": "Feature", "properties": {"village_name": "Vedvahal", "vil_lgd": 552710, "district_name": "Thane", "dist_lgd": 497, "subdistrict_name": "Shahapur", "sdcode": 4167, "block_name": "Shahapur", "block_lgd": 218.0, "gp_name": "", "state_name": "MAHARASHTRA", "state_lgd": 27, "population": 589, "households": 116}, "geometry": {"type": "Polygon", "coordinates": [[[73.21767000000001, 19.51086], [73.21499, 19.51114], [73.21559, 19.5131], [73.20935, 19.522340000000003], [73.20311000000001, 19.52346], [73.1988, 19.526960000000003], [73.19731, 19.5348], [73.20222000000001, 19.5376], [73.20548000000001, 19.537180000000003], [73.21055000000001, 19.534470000000002], [73.21232, 19.533260000000002], [73.21455, 19.5222], [73.22019, 19.512400000000003], [73.21767000000001, 19.51086]]]}}, {"id": "543", "type": "Feature", "properties": {"village_name": "Vl Vehalonde", "vil_lgd": 552711, "district_name": "Thane", "dist_lgd": 497, "subdistrict_name": "Shahapur", "sdcode": 4167, "block_name": "Shahapur", "block_lgd": 218.0, "gp_name": "", "state_name": "MAHARASHTRA", "state_lgd": 27, "population": 660, "households": 156}, "geometry": {"type": "Polygon", "coordinates": [[[73.19731, 19.5348], [73.1988, 19.526960000000003], [73.20311000000001, 19.52346], [73.20935, 19.522340000000003], [73.21559, 19.5131], [73.21499, 19.51114], [73.21247000000001, 19.51142], [73.20162, 19.50596], [73.19598, 19.50568], [73.19212, 19.51422], [73.18751, 19.518980000000003], [73.18216000000001, 19.52766], [73.17642000000001, 19.53292], [73.17864, 19.537460000000003], [73.18495, 19.539900000000003], [73.18928000000001, 19.54511], [73.19731, 19.54194], [73.20222000000001, 19.5376], [73.19731, 19.5348]]]}}, {"id": "544", "type": "Feature", "properties": {"village_name": "Dimbhe", "vil_lgd": 552709, "district_name": "Thane", "dist_lgd": 497, "subdistrict_name": "Shahapur", "sdcode": 4167, "block_name": "Shahapur", "block_lgd": 218.0, "gp_name": "", "state_name": "MAHARASHTRA", "state_lgd": 27, "population": 397, "households": 98}, "geometry": {"type": "Polygon", "coordinates": [[[73.21306000000001, 19.541800000000002], [73.21262, 19.53732], [73.21055000000001, 19.534470000000002], [73.20548000000001, 19.537180000000003], [73.20222000000001, 19.5376], [73.19731, 19.54194], [73.18928000000001, 19.54511], [73.19064, 19.546680000000002], [73.19552, 19.54934], [73.19833000000001, 19.55374], [73.20135, 19.5548], [73.20578, 19.552580000000003], [73.21128, 19.54446], [73.21440000000001, 19.544320000000003], [73.21306000000001, 19.541800000000002]]]}}, {"id": "545", "type": "Feature", "properties": {"village_name": "Khoste", "vil_lgd": 552707, "district_name": "Thane", "dist_lgd": 497, "subdistrict_name": "Shahapur", "sdcode": 4167, "block_name": "Shahapur", "block_lgd": 218.0, "gp_name": "", "state_name": "MAHARASHTRA", "state_lgd": 27, "population": 354, "households": 77}, "geometry": {"type": "Polygon", "coordinates": [[[73.26015000000001, 19.51856], [73.26461, 19.509880000000003], [73.25673, 19.504], [73.24381000000001, 19.513240000000003], [73.23995000000001, 19.514780000000002], [73.22792000000001, 19.516460000000002], [73.22851, 19.52906], [73.24842000000001, 19.52514], [73.25540000000001, 19.52052], [73.2579, 19.519830000000002], [73.26015000000001, 19.51856]]]}}, {"id": "546", "type": "Feature", "properties": {"village_name": "Taharpur", "vil_lgd": 552708, "district_name": "Thane", "dist_lgd": 497, "subdistrict_name": "Shahapur", "sdcode": 4167, "block_name": "Shahapur", "block_lgd": 218.0, "gp_name": "", "state_name": "MAHARASHTRA", "state_lgd": 27, "population": 714, "households": 186}, "geometry": {"type": "Polygon", "coordinates": [[[73.23275000000001, 19.54279], [73.23427000000001, 19.53348], [73.23332, 19.53151], [73.23085, 19.53151], [73.22851, 19.52906], [73.22792000000001, 19.516460000000002], [73.22019, 19.512400000000003], [73.21455, 19.5222], [73.21232, 19.533260000000002], [73.21055000000001, 19.534470000000002], [73.21262, 19.53732], [73.21306000000001, 19.541800000000002], [73.21440000000001, 19.544320000000003], [73.21982000000001, 19.544230000000002], [73.22458, 19.54727], [73.22686, 19.54727], [73.2279, 19.54607], [73.22857, 19.5453], [73.23275000000001, 19.54279]]]}}, {"id": "547", "type": "Feature", "properties": {"village_name": "Bhavse", "vil_lgd": 552693, "district_name": "Thane", "dist_lgd": 497, "subdistrict_name": "Shahapur", "sdcode": 4167, "block_name": "Shahapur", "block_lgd": 218.0, "gp_name": "", "state_name": "MAHARASHTRA", "state_lgd": 27, "population": 1163, "households": 230}, "geometry": {"type": "Polygon", "coordinates": [[[73.24929, 19.54172], [73.25937, 19.54297], [73.25937, 19.53294], [73.2579, 19.519830000000002], [73.25540000000001, 19.52052], [73.24842000000001, 19.52514], [73.22851, 19.52906], [73.23085, 19.53151], [73.23332, 19.53151], [73.23427000000001, 19.53348], [73.23275000000001, 19.54279], [73.24635, 19.542530000000003], [73.24929, 19.54172]]]}}, {"id": "548", "type": "Feature", "properties": {"village_name": "Nevare", "vil_lgd": 552689, "district_name": "Thane", "dist_lgd": 497, "subdistrict_name": "Shahapur", "sdcode": 4167, "block_name": "Shahapur", "block_lgd": 218.0, "gp_name": "", "state_name": "MAHARASHTRA", "state_lgd": 27, "population": 983, "households": 205}, "geometry": {"type": "Polygon", "coordinates": [[[73.22952000000001, 19.548530000000003], [73.2279, 19.54607], [73.22686, 19.54727], [73.22458, 19.54727], [73.21982000000001, 19.544230000000002], [73.21440000000001, 19.544320000000003], [73.21128, 19.54446], [73.20578, 19.552580000000003], [73.20135, 19.5548], [73.2059, 19.555200000000003], [73.20695, 19.558380000000003], [73.20923, 19.559880000000003], [73.21488000000001, 19.5591], [73.22001, 19.56125], [73.22362000000001, 19.56161], [73.22952000000001, 19.56143], [73.22952000000001, 19.548530000000003]]]}}, {"id": "549", "type": "Feature", "properties": {"village_name": "Mohili", "vil_lgd": 552692, "district_name": "Thane", "dist_lgd": 497, "subdistrict_name": "Shahapur", "sdcode": 4167, "block_name": "Shahapur", "block_lgd": 218.0, "gp_name": "", "state_name": "MAHARASHTRA", "state_lgd": 27, "population": 475, "households": 99}, "geometry": {"type": "Polygon", "coordinates": [[[73.24635, 19.542530000000003], [73.23275000000001, 19.54279], [73.22857, 19.5453], [73.2279, 19.54607], [73.22952000000001, 19.548530000000003], [73.24773, 19.54916], [73.24858, 19.547810000000002], [73.24658000000001, 19.546740000000003], [73.24635, 19.542530000000003]]]}}, {"id": "550", "type": "Feature", "properties": {"village_name": "Vaveghar", "vil_lgd": 552691, "district_name": "Thane", "dist_lgd": 497, "subdistrict_name": "Shahapur", "sdcode": 4167, "block_name": "Shahapur", "block_lgd": 218.0, "gp_name": "", "state_name": "MAHARASHTRA", "state_lgd": 27, "population": 99, "households": 22}, "geometry": {"type": "Polygon", "coordinates": [[[73.24929, 19.54172], [73.24635, 19.542530000000003], [73.24658000000001, 19.546740000000003], [73.24858, 19.547810000000002], [73.25143, 19.549960000000002], [73.25386, 19.545260000000003], [73.24929, 19.54172]]]}}, {"id": "551", "type": "Feature", "properties": {"village_name": "Kasagaon", "vil_lgd": 552821, "district_name": "Thane", "dist_lgd": 497, "subdistrict_name": "Shahapur", "sdcode": 4167, "block_name": "Shahapur", "block_lgd": 218.0, "gp_name": "", "state_name": "MAHARASHTRA", "state_lgd": 27, "population": 930, "households": 199}, "geometry": {"type": "Polygon", "coordinates": [[[73.40054, 19.460140000000003], [73.40232, 19.45539], [73.40179, 19.451620000000002], [73.39704, 19.448880000000003], [73.39421, 19.448400000000003], [73.3935, 19.447480000000002], [73.39166, 19.446430000000003], [73.38735000000001, 19.44704], [73.38174000000001, 19.44543], [73.37458000000001, 19.445120000000003], [73.37321, 19.446170000000002], [73.37673000000001, 19.44881], [73.37692000000001, 19.45089], [73.37702, 19.45203], [73.37792, 19.454690000000003], [73.38831, 19.45932], [73.38965, 19.460440000000002], [73.39589000000001, 19.46254], [73.3999, 19.461840000000002], [73.40054, 19.460140000000003]]]}}, {"id": "552", "type": "Feature", "properties": {"village_name": "Umbarkhand", "vil_lgd": 552762, "district_name": "Thane", "dist_lgd": 497, "subdistrict_name": "Shahapur", "sdcode": 4167, "block_name": "Shahapur", "block_lgd": 218.0, "gp_name": "", "state_name": "MAHARASHTRA", "state_lgd": 27, "population": 677, "households": 128}, "geometry": {"type": "Polygon", "coordinates": [[[73.37197, 19.55271], [73.37019000000001, 19.556070000000002], [73.36128000000001, 19.55677], [73.35831, 19.558590000000002], [73.35714, 19.571740000000002], [73.35203, 19.57498], [73.35078, 19.5773], [73.35264000000001, 19.578030000000002], [73.35595, 19.57957], [73.36118, 19.573300000000003], [73.3802, 19.5686], [73.37794000000001, 19.562440000000002], [73.37865000000001, 19.557850000000002], [73.37197, 19.55271]]]}}, {"id": "553", "type": "Feature", "properties": {"village_name": "Ratandhale", "vil_lgd": 552763, "district_name": "Thane", "dist_lgd": 497, "subdistrict_name": "Shahapur", "sdcode": 4167, "block_name": "Shahapur", "block_lgd": 218.0, "gp_name": "", "state_name": "MAHARASHTRA", "state_lgd": 27, "population": 514, "households": 101}, "geometry": {"type": "Polygon", "coordinates": [[[73.39434, 19.546760000000003], [73.39707, 19.548560000000002], [73.39921000000001, 19.547320000000003], [73.39911000000001, 19.543300000000002], [73.39426, 19.541030000000003], [73.39182000000001, 19.541150000000002], [73.38187, 19.54551], [73.37891, 19.545460000000002], [73.37345, 19.543770000000002], [73.37197, 19.55271], [73.37865000000001, 19.557850000000002], [73.3897, 19.54945], [73.39434, 19.546760000000003]]]}}, {"id": "554", "type": "Feature", "properties": {"village_name": "Chande", "vil_lgd": 552764, "district_name": "Thane", "dist_lgd": 497, "subdistrict_name": "Shahapur", "sdcode": 4167, "block_name": "Shahapur", "block_lgd": 218.0, "gp_name": "", "state_name": "MAHARASHTRA", "state_lgd": 27, "population": 211, "households": 50}, "geometry": {"type": "Polygon", "coordinates": [[[73.39434, 19.546760000000003], [73.3897, 19.54945], [73.37865000000001, 19.557850000000002], [73.37794000000001, 19.562440000000002], [73.3802, 19.5686], [73.39030000000001, 19.55975], [73.39707, 19.548560000000002], [73.39434, 19.546760000000003]]]}}, {"id": "555", "type": "Feature", "properties": {"village_name": "Jambhivali Tarf Kunde", "vil_lgd": 552577, "district_name": "Thane", "dist_lgd": 497, "subdistrict_name": "Bhiwandi", "sdcode": 4166, "block_name": "Bhiwandi", "block_lgd": 217.0, "gp_name": "", "state_name": "MAHARASHTRA", "state_lgd": 27, "population": 863, "households": 187}, "geometry": {"type": "Polygon", "coordinates": [[[73.1871, 19.460350000000002], [73.19257, 19.461550000000003], [73.19375000000001, 19.45852], [73.18583000000001, 19.450290000000003], [73.18368000000001, 19.44406], [73.18342000000001, 19.44107], [73.18139000000001, 19.440830000000002], [73.18088, 19.44801], [73.17809000000001, 19.44753], [73.17732000000001, 19.44969], [73.1772, 19.455920000000003], [73.18037000000001, 19.464540000000003], [73.18507000000001, 19.462500000000002], [73.1871, 19.460350000000002]]]}}, {"id": "556", "type": "Feature", "properties": {"village_name": "Pendharghol", "vil_lgd": 552724, "district_name": "Thane", "dist_lgd": 497, "subdistrict_name": "Shahapur", "sdcode": 4167, "block_name": "Shahapur", "block_lgd": 218.0, "gp_name": "", "state_name": "MAHARASHTRA", "state_lgd": 27, "population": 952, "households": 123}, "geometry": {"type": "Polygon", "coordinates": [[[73.31569, 19.48964], [73.31493, 19.49041], [73.31582, 19.491310000000002], [73.31667, 19.490740000000002], [73.31609, 19.48966], [73.31569, 19.48964]]]}}, {"id": "557", "type": "Feature", "properties": {"village_name": "Shende", "vil_lgd": 552702, "district_name": "Thane", "dist_lgd": 497, "subdistrict_name": "Shahapur", "sdcode": 4167, "block_name": "Shahapur", "block_lgd": 218.0, "gp_name": "", "state_name": "MAHARASHTRA", "state_lgd": 27, "population": 920, "households": 177}, "geometry": {"type": "Polygon", "coordinates": [[[73.37352, 19.498350000000002], [73.37285, 19.499100000000002], [73.3737, 19.500010000000003], [73.37463000000001, 19.499190000000002], [73.37396000000001, 19.49836], [73.37352, 19.498350000000002]]]}}, {"id": "558", "type": "Feature", "properties": {"village_name": "Atgaon", "vil_lgd": 552705, "district_name": "Thane", "dist_lgd": 497, "subdistrict_name": "Shahapur", "sdcode": 4167, "block_name": "Shahapur", "block_lgd": 218.0, "gp_name": "", "state_name": "MAHARASHTRA", "state_lgd": 27, "population": 2453, "households": 511}, "geometry": {"type": "Polygon", "coordinates": [[[73.31666000000001, 19.504], [73.32915000000001, 19.504640000000002], [73.33056, 19.496730000000003], [73.33432, 19.49097], [73.31970000000001, 19.487180000000002], [73.31638000000001, 19.487080000000002], [73.30782, 19.49219], [73.30386, 19.49512], [73.29758000000001, 19.50354], [73.29795, 19.50711], [73.29986000000001, 19.508290000000002], [73.30393000000001, 19.50873], [73.31666000000001, 19.504]], [[73.31609, 19.48966], [73.31667, 19.490740000000002], [73.31582, 19.491310000000002], [73.31493, 19.49041], [73.31569, 19.48964], [73.31609, 19.48966]]]}}, {"id": "559", "type": "Feature", "properties": {"village_name": "Kelhe", "vil_lgd": 552574, "district_name": "Thane", "dist_lgd": 497, "subdistrict_name": "Bhiwandi", "sdcode": 4166, "block_name": "Bhiwandi", "block_lgd": 217.0, "gp_name": "", "state_name": "MAHARASHTRA", "state_lgd": 27, "population": 660, "households": 150}, "geometry": {"type": "Polygon", "coordinates": [[[73.20489, 19.46226], [73.19866, 19.462030000000002], [73.19460000000001, 19.466820000000002], [73.19473, 19.47316], [73.20387000000001, 19.477110000000003], [73.20614, 19.479000000000003], [73.2103, 19.471700000000002], [73.21121000000001, 19.466730000000002], [73.20489, 19.46226]]]}}, {"id": "560", "type": "Feature", "properties": {"village_name": "Mainde", "vil_lgd": 552573, "district_name": "Thane", "dist_lgd": 497, "subdistrict_name": "Bhiwandi", "sdcode": 4166, "block_name": "Bhiwandi", "block_lgd": 217.0, "gp_name": "", "state_name": "MAHARASHTRA", "state_lgd": 27, "population": 1411, "households": 302}, "geometry": {"type": "Polygon", "coordinates": [[[73.18094, 19.48505], [73.18531, 19.486040000000003], [73.18892000000001, 19.48405], [73.19253, 19.48405], [73.19299000000001, 19.48476], [73.19163, 19.48789], [73.19449, 19.487460000000002], [73.19524000000001, 19.48476], [73.20100000000001, 19.48337], [73.20338000000001, 19.481920000000002], [73.20614, 19.479000000000003], [73.20387000000001, 19.477110000000003], [73.19473, 19.47316], [73.19460000000001, 19.466820000000002], [73.19866, 19.462030000000002], [73.19631000000001, 19.457700000000003], [73.19375000000001, 19.45852], [73.19257, 19.461550000000003], [73.1871, 19.460350000000002], [73.18507000000001, 19.462500000000002], [73.18037000000001, 19.464540000000003], [73.17478000000001, 19.468010000000003], [73.17656000000001, 19.482860000000002], [73.17758, 19.48358], [73.17969000000001, 19.490740000000002], [73.18124, 19.48845], [73.18034, 19.486610000000002], [73.18094, 19.48505]]]}}, {"id": "561", "type": "Feature", "properties": {"village_name": "Kukambhe", "vil_lgd": 552699, "district_name": "Thane", "dist_lgd": 497, "subdistrict_name": "Shahapur", "sdcode": 4167, "block_name": "Shahapur", "block_lgd": 218.0, "gp_name": "", "state_name": "MAHARASHTRA", "state_lgd": 27, "population": 707, "households": 130}, "geometry": {"type": "Polygon", "coordinates": [[[73.39652000000001, 19.529480000000003], [73.39741000000001, 19.53038], [73.3983, 19.529480000000003], [73.39755000000001, 19.52872], [73.39652000000001, 19.529480000000003]]]}}, {"id": "562", "type": "Feature", "properties": {"village_name": "Vaghivali", "vil_lgd": 552688, "district_name": "Thane", "dist_lgd": 497, "subdistrict_name": "Shahapur", "sdcode": 4167, "block_name": "Shahapur", "block_lgd": 218.0, "gp_name": "", "state_name": "MAHARASHTRA", "state_lgd": 27, "population": 253, "households": 54}, "geometry": {"type": "Polygon", "coordinates": [[[73.22001, 19.56125], [73.21488000000001, 19.5591], [73.20923, 19.559880000000003], [73.21076000000001, 19.56072], [73.2103, 19.563550000000003], [73.20736000000001, 19.5648], [73.20462, 19.56907], [73.19855000000001, 19.59083], [73.19572000000001, 19.59261], [73.19414, 19.59543], [73.19452000000001, 19.59927], [73.19647, 19.598860000000002], [73.20287, 19.600710000000003], [73.20594000000001, 19.59215], [73.21421000000001, 19.58315], [73.21706, 19.58127], [73.22362000000001, 19.56161], [73.22001, 19.56125]]]}}, {"id": "563", "type": "Feature", "properties": {"village_name": "Palshin", "vil_lgd": 552740, "district_name": "Thane", "dist_lgd": 497, "subdistrict_name": "Shahapur", "sdcode": 4167, "block_name": "Shahapur", "block_lgd": 218.0, "gp_name": "", "state_name": "MAHARASHTRA", "state_lgd": 27, "population": 777, "households": 137}, "geometry": {"type": "Polygon", "coordinates": [[[73.35078, 19.5773], [73.34954, 19.57788], [73.35047, 19.58066], [73.34969000000001, 19.598370000000003], [73.35808, 19.610670000000002], [73.35948, 19.618570000000002], [73.3602, 19.62036], [73.3665, 19.615460000000002], [73.36534, 19.611150000000002], [73.36748, 19.60454], [73.36629, 19.59917], [73.36819000000001, 19.59682], [73.36748, 19.59178], [73.36487000000001, 19.58887], [73.35877, 19.5832], [73.35667000000001, 19.581370000000003], [73.35595, 19.57957], [73.35264000000001, 19.578030000000002], [73.35078, 19.5773]]]}}, {"id": "564", "type": "Feature", "properties": {"village_name": "Aghai", "vil_lgd": 552690, "district_name": "Thane", "dist_lgd": 497, "subdistrict_name": "Shahapur", "sdcode": 4167, "block_name": "Shahapur", "block_lgd": 218.0, "gp_name": "", "state_name": "MAHARASHTRA", "state_lgd": 27, "population": 2276, "households": 423}, "geometry": {"type": "Polygon", "coordinates": [[[73.22904000000001, 19.59121], [73.23075, 19.58866], [73.2386, 19.58141], [73.23731000000001, 19.57428], [73.24059000000001, 19.565820000000002], [73.24316, 19.56568], [73.24544, 19.56286], [73.25143, 19.549960000000002], [73.24858, 19.547810000000002], [73.24773, 19.54916], [73.22952000000001, 19.548530000000003], [73.22952000000001, 19.56143], [73.22362000000001, 19.56161], [73.21706, 19.58127], [73.21421000000001, 19.58315], [73.20594000000001, 19.59215], [73.20287, 19.600710000000003], [73.20993, 19.60095], [73.21453000000001, 19.60264], [73.21779000000001, 19.60254], [73.22342, 19.604580000000002], [73.22892, 19.60351], [73.22904000000001, 19.59121]]]}}, {"id": "565", "type": "Feature", "properties": {"village_name": "Belwad", "vil_lgd": 552735, "district_name": "Thane", "dist_lgd": 497, "subdistrict_name": "Shahapur", "sdcode": 4167, "block_name": "Shahapur", "block_lgd": 218.0, "gp_name": "", "state_name": "MAHARASHTRA", "state_lgd": 27, "population": 783, "households": 166}, "geometry": {"type": "Polygon", "coordinates": [[[73.29653, 19.66074], [73.29501, 19.6475], [73.29521000000001, 19.643340000000002], [73.29929, 19.62749], [73.29941000000001, 19.623620000000003], [73.30202000000001, 19.61858], [73.30352, 19.61561], [73.30064, 19.60929], [73.29757000000001, 19.60792], [73.2912, 19.609090000000002], [73.28795000000001, 19.61035], [73.28542, 19.6124], [73.28144, 19.616780000000002], [73.27867, 19.622030000000002], [73.28129000000001, 19.62225], [73.28471, 19.62509], [73.28007000000001, 19.63706], [73.2715, 19.651960000000003], [73.27034, 19.657610000000002], [73.27236, 19.66053], [73.27216, 19.66432], [73.2748, 19.663500000000003], [73.27693000000001, 19.664890000000003], [73.27841000000001, 19.6674], [73.27856000000001, 19.67369], [73.28013, 19.67652], [73.27892, 19.68344], [73.27987, 19.68513], [73.29233, 19.672140000000002], [73.29491, 19.664420000000003], [73.29653, 19.66074]], [[73.29161, 19.6265], [73.29072000000001, 19.6274], [73.28983000000001, 19.6265], [73.29085, 19.62574], [73.29161, 19.6265]]]}}, {"id": "566", "type": "Feature", "properties": {"village_name": "Ajnup", "vil_lgd": 552746, "district_name": "Thane", "dist_lgd": 497, "subdistrict_name": "Shahapur", "sdcode": 4167, "block_name": "Shahapur", "block_lgd": 218.0, "gp_name": "", "state_name": "MAHARASHTRA", "state_lgd": 27, "population": 3596, "households": 606}, "geometry": {"type": "Polygon", "coordinates": [[[73.3391, 19.693080000000002], [73.3405, 19.69473], [73.34280000000001, 19.69312], [73.34705000000001, 19.694000000000003], [73.34909, 19.693270000000002], [73.35719, 19.686580000000003], [73.35809, 19.684810000000002], [73.35465, 19.67846], [73.35554, 19.6753], [73.35812, 19.673370000000002], [73.35965, 19.67332], [73.36278, 19.67658], [73.36684000000001, 19.677000000000003], [73.36923, 19.678230000000003], [73.36969, 19.67977], [73.36793, 19.68684], [73.36827000000001, 19.68943], [73.38014000000001, 19.68906], [73.38480000000001, 19.677090000000003], [73.38899, 19.6689], [73.39195000000001, 19.666410000000003], [73.39676, 19.66553], [73.39754, 19.653100000000002], [73.39707, 19.649150000000002], [73.39474000000001, 19.64242], [73.39645, 19.6351], [73.3949, 19.631880000000002], [73.39583, 19.62281], [73.39521, 19.619880000000002], [73.39086, 19.615060000000003], [73.38744000000001, 19.615060000000003], [73.38449, 19.613300000000002], [73.38045000000001, 19.61476], [73.37443, 19.61496], [73.3665, 19.615460000000002], [73.3602, 19.62036], [73.35342, 19.628960000000003], [73.35047, 19.63042], [73.34814, 19.63378], [73.34475, 19.63558], [73.33385000000001, 19.655], [73.32204, 19.665390000000002], [73.31334000000001, 19.67182], [73.31377, 19.67904], [73.31753, 19.678040000000003], [73.32033000000001, 19.67489], [73.32136000000001, 19.674870000000002], [73.32027000000001, 19.68146], [73.32218, 19.683210000000003], [73.32202000000001, 19.6854], [73.32499, 19.6838], [73.32758000000001, 19.69085], [73.33415000000001, 19.695330000000002], [73.33545000000001, 19.695970000000003], [73.33784, 19.693990000000003], [73.3391, 19.693080000000002]]]}}, {"id": "567", "type": "Feature", "properties": {"village_name": "Ambivali", "vil_lgd": 552738, "district_name": "Thane", "dist_lgd": 497, "subdistrict_name": "Shahapur", "sdcode": 4167, "block_name": "Shahapur", "block_lgd": 218.0, "gp_name": "", "state_name": "MAHARASHTRA", "state_lgd": 27, "population": 1380, "households": 262}, "geometry": {"type": "Polygon", "coordinates": [[[73.3413, 19.629980000000003], [73.34068, 19.626620000000003], [73.33913000000001, 19.625010000000003], [73.33804, 19.62003], [73.33493, 19.61784], [73.33322000000001, 19.614910000000002], [73.3326, 19.61154], [73.31334000000001, 19.612280000000002], [73.30352, 19.61561], [73.30202000000001, 19.61858], [73.30666000000001, 19.62384], [73.3079, 19.629540000000002], [73.31645, 19.652070000000002], [73.31676, 19.65866], [73.31334000000001, 19.67182], [73.32204, 19.665390000000002], [73.33385000000001, 19.655], [73.34475, 19.63558], [73.3413, 19.629980000000003]]]}}, {"id": "568", "type": "Feature", "properties": {"village_name": "Bendekon", "vil_lgd": 552742, "district_name": "Thane", "dist_lgd": 497, "subdistrict_name": "Shahapur", "sdcode": 4167, "block_name": "Shahapur", "block_lgd": 218.0, "gp_name": "", "state_name": "MAHARASHTRA", "state_lgd": 27, "population": 277, "households": 48}, "geometry": {"type": "Polygon", "coordinates": [[[73.37628000000001, 19.60835], [73.37937000000001, 19.60499], [73.38008, 19.599950000000003], [73.37522000000001, 19.597610000000003], [73.36819000000001, 19.59682], [73.36629, 19.59917], [73.36748, 19.60454], [73.36534, 19.611150000000002], [73.3665, 19.615460000000002], [73.37443, 19.61496], [73.37628000000001, 19.60835]]]}}, {"id": "569", "type": "Feature", "properties": {"village_name": "Tembhe", "vil_lgd": 552737, "district_name": "Thane", "dist_lgd": 497, "subdistrict_name": "Shahapur", "sdcode": 4167, "block_name": "Shahapur", "block_lgd": 218.0, "gp_name": "", "state_name": "MAHARASHTRA", "state_lgd": 27, "population": 2030, "households": 397}, "geometry": {"type": "Polygon", "coordinates": [[[73.30004000000001, 19.68765], [73.30149, 19.685840000000002], [73.30467, 19.686200000000003], [73.31126, 19.680190000000003], [73.31303000000001, 19.681900000000002], [73.31377, 19.67904], [73.31334000000001, 19.67182], [73.31676, 19.65866], [73.31645, 19.652070000000002], [73.3079, 19.629540000000002], [73.30666000000001, 19.62384], [73.30202000000001, 19.61858], [73.29941000000001, 19.623620000000003], [73.29929, 19.62749], [73.29521000000001, 19.643340000000002], [73.29501, 19.6475], [73.29653, 19.66074], [73.29491, 19.664420000000003], [73.29233, 19.672140000000002], [73.27987, 19.68513], [73.28417, 19.68975], [73.28538, 19.69264], [73.29706, 19.68747], [73.30004000000001, 19.68765]]]}}, {"id": "570", "type": "Feature", "properties": {"village_name": "Dahigaon", "vil_lgd": 552739, "district_name": "Thane", "dist_lgd": 497, "subdistrict_name": "Shahapur", "sdcode": 4167, "block_name": "Shahapur", "block_lgd": 218.0, "gp_name": "", "state_name": "MAHARASHTRA", "state_lgd": 27, "population": 2171, "households": 436}, "geometry": {"type": "Polygon", "coordinates": [[[73.35808, 19.610670000000002], [73.34969000000001, 19.598370000000003], [73.35047, 19.58066], [73.34954, 19.57788], [73.34208000000001, 19.57993], [73.33198, 19.58696], [73.32763, 19.58754], [73.32530000000001, 19.589450000000003], [73.32484000000001, 19.59384], [73.32049, 19.603060000000003], [73.31660000000001, 19.6092], [73.31334000000001, 19.612280000000002], [73.3326, 19.61154], [73.33322000000001, 19.614910000000002], [73.33493, 19.61784], [73.33804, 19.62003], [73.33913000000001, 19.625010000000003], [73.34068, 19.626620000000003], [73.3413, 19.629980000000003], [73.34475, 19.63558], [73.34814, 19.63378], [73.35047, 19.63042], [73.35342, 19.628960000000003], [73.3602, 19.62036], [73.35948, 19.618570000000002], [73.35808, 19.610670000000002]]]}}, {"id": "571", "type": "Feature", "properties": {"village_name": "Kon", "vil_lgd": 552687, "district_name": "Thane", "dist_lgd": 497, "subdistrict_name": "Bhiwandi", "sdcode": 4166, "block_name": "", "block_lgd": null, "gp_name": "", "state_name": "MAHARASHTRA", "state_lgd": 27, "population": 24295, "households": 5452}, "geometry": {"type": "Polygon", "coordinates": [[[73.10672000000001, 19.232480000000002], [73.10063000000001, 19.232480000000002], [73.09543000000001, 19.23542], [73.09098, 19.239630000000002], [73.08826, 19.24105], [73.09022, 19.24292], [73.09174, 19.24597], [73.09887, 19.25235], [73.1002, 19.255670000000002], [73.10039, 19.258750000000003], [73.09957, 19.261490000000002], [73.10283000000001, 19.26329], [73.11593, 19.24987], [73.11475, 19.23907], [73.11267000000001, 19.235000000000003], [73.10672000000001, 19.232480000000002]]]}}, {"id": "572", "type": "Feature", "properties": {"village_name": "Mahapoli", "vil_lgd": 552678, "district_name": "Thane", "dist_lgd": 497, "subdistrict_name": "Bhiwandi", "sdcode": 4166, "block_name": "", "block_lgd": null, "gp_name": "", "state_name": "MAHARASHTRA", "state_lgd": 27, "population": 5666, "households": 1128}, "geometry": {"type": "Polygon", "coordinates": [[[73.10072000000001, 19.398680000000002], [73.10024, 19.394830000000002], [73.09721, 19.392650000000003], [73.09684, 19.388050000000003], [73.09092000000001, 19.387510000000002], [73.09159000000001, 19.39311], [73.08813, 19.395950000000003], [73.08466, 19.403190000000002], [73.08346, 19.407590000000003], [73.08737, 19.40632], [73.09054, 19.408450000000002], [73.09596, 19.40688], [73.09906000000001, 19.40838], [73.10072000000001, 19.398680000000002]]]}}, {"id": "573", "type": "Feature", "properties": {"village_name": "Kambe", "vil_lgd": 553005, "district_name": "Thane", "dist_lgd": 497, "subdistrict_name": "Kalyan", "sdcode": 4168, "block_name": "", "block_lgd": null, "gp_name": "", "state_name": "MAHARASHTRA", "state_lgd": 27, "population": 5436, "households": 1209}, "geometry": {"type": "Polygon", "coordinates": [[[73.21873000000001, 19.255380000000002], [73.21833000000001, 19.250690000000002], [73.2133, 19.23854], [73.21245, 19.23588], [73.21294, 19.22766], [73.21223, 19.223760000000002], [73.20801, 19.2264], [73.20185000000001, 19.22801], [73.20071, 19.230220000000003], [73.19934, 19.23243], [73.19409, 19.236420000000003], [73.19095, 19.23686], [73.18879000000001, 19.24687], [73.18609000000001, 19.254160000000002], [73.18756, 19.25335], [73.19210000000001, 19.255550000000003], [73.1932, 19.259020000000003], [73.20073000000001, 19.260240000000003], [73.20368, 19.259430000000002], [73.20834, 19.25513], [73.21405, 19.25692], [73.21642, 19.25656], [73.21873000000001, 19.255380000000002]]]}}, {"id": "574", "type": "Feature", "properties": {"village_name": "Washind", "vil_lgd": 552915, "district_name": "Thane", "dist_lgd": 497, "subdistrict_name": "Shahapur", "sdcode": 4167, "block_name": "", "block_lgd": null, "gp_name": "", "state_name": "MAHARASHTRA", "state_lgd": 27, "population": 20561, "households": 4696}, "geometry": {"type": "Polygon", "coordinates": [[[73.27141, 19.39833], [73.27009000000001, 19.398280000000003], [73.26813, 19.39544], [73.26768000000001, 19.392310000000002], [73.26663, 19.391750000000002], [73.26211, 19.392460000000003], [73.26032000000001, 19.39007], [73.25510000000001, 19.401000000000003], [73.25367, 19.40737], [73.25662000000001, 19.41177], [73.25938000000001, 19.42172], [73.26299, 19.42638], [73.26517000000001, 19.426830000000002], [73.26441000000001, 19.420640000000002], [73.26888000000001, 19.412390000000002], [73.27078, 19.407010000000003], [73.27135000000001, 19.400470000000002], [73.27141, 19.39833]]]}}, {"id": "575", "type": "Feature", "properties": {"village_name": "Asangaon", "vil_lgd": 552918, "district_name": "Thane", "dist_lgd": 497, "subdistrict_name": "Shahapur", "sdcode": 4167, "block_name": "", "block_lgd": null, "gp_name": "", "state_name": "MAHARASHTRA", "state_lgd": 27, "population": 13104, "households": 3062}, "geometry": {"type": "Polygon", "coordinates": [[[73.31384, 19.41965], [73.31277, 19.421780000000002], [73.30659, 19.427490000000002], [73.30092, 19.4297], [73.29655000000001, 19.43024], [73.29265000000001, 19.432660000000002], [73.29673000000001, 19.438480000000002], [73.29887000000001, 19.44027], [73.30814000000001, 19.443740000000002], [73.31027, 19.446550000000002], [73.31418000000001, 19.443700000000003], [73.32207000000001, 19.441480000000002], [73.31824, 19.433660000000003], [73.31824, 19.43108], [73.31812000000001, 19.426370000000002], [73.31384, 19.41965]]]}}, {"id": "576", "type": "Feature", "properties": {"village_name": "Borivali Tarf Rahur", "vil_lgd": 552679, "district_name": "Thane", "dist_lgd": 497, "subdistrict_name": "Bhiwandi", "sdcode": 4166, "block_name": "", "block_lgd": null, "gp_name": "", "state_name": "MAHARASHTRA", "state_lgd": 27, "population": 5780, "households": 1130}, "geometry": {"type": "Polygon", "coordinates": [[[73.19243, 19.37084], [73.19333, 19.37153], [73.20003000000001, 19.3712], [73.19358000000001, 19.36268], [73.19292, 19.36091], [73.19305, 19.356150000000003], [73.18966, 19.356520000000003], [73.18958, 19.358680000000003], [73.18787, 19.362060000000003], [73.18648, 19.36191], [73.18517, 19.36052], [73.18436000000001, 19.360750000000003], [73.18379, 19.36252], [73.18579000000001, 19.36533], [73.17571000000001, 19.36961], [73.17114000000001, 19.373530000000002], [73.17179, 19.3743], [73.17147, 19.37553], [73.17620000000001, 19.376070000000002], [73.17954, 19.37799], [73.18713000000001, 19.377840000000003], [73.18909000000001, 19.37422], [73.18909000000001, 19.371070000000003], [73.19243, 19.37084]]]}}, {"id": "577", "type": "Feature", "properties": {"village_name": "Padagha", "vil_lgd": 552675, "district_name": "Thane", "dist_lgd": 497, "subdistrict_name": "Bhiwandi", "sdcode": 4166, "block_name": "", "block_lgd": null, "gp_name": "", "state_name": "MAHARASHTRA", "state_lgd": 27, "population": 6633, "households": 1458}, "geometry": {"type": "Polygon", "coordinates": [[[73.18379, 19.36252], [73.18289, 19.362910000000003], [73.18036000000001, 19.361060000000002], [73.17905, 19.35675], [73.17693000000001, 19.35614], [73.17595, 19.356830000000002], [73.17383000000001, 19.355980000000002], [73.1731, 19.35883], [73.17514, 19.364530000000002], [73.17571000000001, 19.36961], [73.18579000000001, 19.36533], [73.18379, 19.36252]]]}}, {"id": "578", "type": "Feature", "properties": {"village_name": "Gotheghar", "vil_lgd": 552917, "district_name": "Thane", "dist_lgd": 497, "subdistrict_name": "Shahapur", "sdcode": 4167, "block_name": "", "block_lgd": null, "gp_name": "", "state_name": "MAHARASHTRA", "state_lgd": 27, "population": 4232, "households": 1008}, "geometry": {"type": "MultiPolygon", "coordinates": [[[[73.36030000000001, 19.509110000000003], [73.36188, 19.507820000000002], [73.36429000000001, 19.49312], [73.36351, 19.48677], [73.36172, 19.48355], [73.35964000000001, 19.482290000000003], [73.35578000000001, 19.48243], [73.35118, 19.48607], [73.34717, 19.48691], [73.34256, 19.49041], [73.33677, 19.49013], [73.33432, 19.49097], [73.33056, 19.496730000000003], [73.32915000000001, 19.504640000000002], [73.33454, 19.50469], [73.33766, 19.505950000000002], [73.33944000000001, 19.507350000000002], [73.34033000000001, 19.510150000000003], [73.34208000000001, 19.510150000000003], [73.34538, 19.510150000000003], [73.34975, 19.51178], [73.35547000000001, 19.5107], [73.36030000000001, 19.509110000000003]]], [[[73.33214000000001, 19.444190000000003], [73.32858, 19.44789], [73.33036000000001, 19.45136], [73.3319, 19.4526], [73.33868000000001, 19.451700000000002], [73.34046000000001, 19.449910000000003], [73.34212000000001, 19.44632], [73.34117, 19.444860000000002], [73.33808, 19.44453], [73.33214000000001, 19.444190000000003]]]]}}, {"id": "579", "type": "Feature", "properties": {"village_name": "Shahapur", "vil_lgd": 552914, "district_name": "Thane", "dist_lgd": 497, "subdistrict_name": "Shahapur", "sdcode": 4167, "block_name": "", "block_lgd": null, "gp_name": "", "state_name": "MAHARASHTRA", "state_lgd": 27, "population": 11623, "households": 2713}, "geometry": {"type": "Polygon", "coordinates": [[[73.3281, 19.45024], [73.33036000000001, 19.45136], [73.32858, 19.44789], [73.32207000000001, 19.441480000000002], [73.31418000000001, 19.443700000000003], [73.31027, 19.446550000000002], [73.31087000000001, 19.454610000000002], [73.30932, 19.46627], [73.30992, 19.470190000000002], [73.31115000000001, 19.470380000000002], [73.31277, 19.470640000000003], [73.31788, 19.465590000000002], [73.32275, 19.462790000000002], [73.32751, 19.451700000000002], [73.3281, 19.45024]]]}}, {"id": "580", "type": "Feature", "properties": {"village_name": "Dughar", "vil_lgd": 552741, "district_name": "Thane", "dist_lgd": 497, "subdistrict_name": "Shahapur", "sdcode": 4167, "block_name": "Shahapur", "block_lgd": 218.0, "gp_name": "", "state_name": "MAHARASHTRA", "state_lgd": 27, "population": 126, "households": 28}, "geometry": {"type": "Polygon", "coordinates": [[[73.37224, 19.58876], [73.36487000000001, 19.58887], [73.36748, 19.59178], [73.36819000000001, 19.59682], [73.37522000000001, 19.597610000000003], [73.37461, 19.591440000000002], [73.37224, 19.58876]]]}}, {"id": "581", "type": "Feature", "properties": {"village_name": "Ghanepada", "vil_lgd": 552743, "district_name": "Thane", "dist_lgd": 497, "subdistrict_name": "Shahapur", "sdcode": 4167, "block_name": "Shahapur", "block_lgd": 218.0, "gp_name": "", "state_name": "MAHARASHTRA", "state_lgd": 27, "population": 406, "households": 57}, "geometry": {"type": "Polygon", "coordinates": [[[73.37592000000001, 19.583380000000002], [73.36819000000001, 19.58002], [73.35877, 19.5832], [73.36487000000001, 19.58887], [73.37224, 19.58876], [73.37461, 19.591440000000002], [73.37522000000001, 19.597610000000003], [73.38008, 19.599950000000003], [73.37841, 19.593230000000002], [73.37592000000001, 19.583380000000002]]]}}, {"id": "582", "type": "Feature", "properties": {"village_name": "Varaskol", "vil_lgd": 552745, "district_name": "Thane", "dist_lgd": 497, "subdistrict_name": "Shahapur", "sdcode": 4167, "block_name": "Shahapur", "block_lgd": 218.0, "gp_name": "", "state_name": "MAHARASHTRA", "state_lgd": 27, "population": 521, "households": 91}, "geometry": {"type": "Polygon", "coordinates": [[[73.38449, 19.613300000000002], [73.38744000000001, 19.615060000000003], [73.39086, 19.615060000000003], [73.39847, 19.609640000000002], [73.40062, 19.6033], [73.39672, 19.593680000000003], [73.39339000000001, 19.59122], [73.39279, 19.586180000000002], [73.38685000000001, 19.58528], [73.38412000000001, 19.58573], [73.38257, 19.58708], [73.38246000000001, 19.58932], [73.3859, 19.588530000000002], [73.38780000000001, 19.59099], [73.39149, 19.595360000000003], [73.38875, 19.596480000000003], [73.38673, 19.599390000000003], [73.38008, 19.599950000000003], [73.37937000000001, 19.60499], [73.37628000000001, 19.60835], [73.37443, 19.61496], [73.38045000000001, 19.61476], [73.38449, 19.613300000000002]]]}}, {"id": "583", "type": "Feature", "properties": {"village_name": "Golbhan", "vil_lgd": 552761, "district_name": "Thane", "dist_lgd": 497, "subdistrict_name": "Shahapur", "sdcode": 4167, "block_name": "Shahapur", "block_lgd": 218.0, "gp_name": "", "state_name": "MAHARASHTRA", "state_lgd": 27, "population": 512, "households": 102}, "geometry": {"type": "Polygon", "coordinates": [[[73.41086, 19.595360000000003], [73.40492, 19.586740000000002], [73.40385, 19.583940000000002], [73.39279, 19.586180000000002], [73.39339000000001, 19.59122], [73.39672, 19.593680000000003], [73.40062, 19.6033], [73.40903, 19.600420000000003], [73.41090000000001, 19.59853], [73.41086, 19.595360000000003]]]}}, {"id": "584", "type": "Feature", "properties": {"village_name": "Balwandi", "vil_lgd": 552736, "district_name": "Thane", "dist_lgd": 497, "subdistrict_name": "Shahapur", "sdcode": 4167, "block_name": "Shahapur", "block_lgd": 218.0, "gp_name": "", "state_name": "MAHARASHTRA", "state_lgd": 27, "population": 543, "households": 93}, "geometry": {"type": "Polygon", "coordinates": [[[73.28983000000001, 19.6265], [73.29072000000001, 19.6274], [73.29161, 19.6265], [73.29085, 19.62574], [73.28983000000001, 19.6265]]]}}, {"id": "585", "type": "Feature", "properties": {"village_name": "Tembhare Bk", "vil_lgd": 553113, "district_name": "Thane", "dist_lgd": 497, "subdistrict_name": "Murbad", "sdcode": 4171, "block_name": "Murbad", "block_lgd": 222.0, "gp_name": "", "state_name": "MAHARASHTRA", "state_lgd": 27, "population": 850, "households": 178}, "geometry": {"type": "Polygon", "coordinates": [[[73.41299000000001, 19.283070000000002], [73.41549, 19.284080000000003], [73.42416, 19.284750000000003], [73.42891, 19.282960000000003], [73.43032000000001, 19.280230000000003], [73.43155, 19.2709], [73.43051000000001, 19.26902], [73.42984000000001, 19.269730000000003], [73.42756, 19.269650000000002], [73.42204000000001, 19.26695], [73.42052000000001, 19.268120000000003], [73.41843, 19.26821], [73.41494, 19.26283], [73.41247, 19.26247], [73.41035000000001, 19.26535], [73.40804, 19.266090000000002], [73.40515, 19.268700000000003], [73.40645, 19.278920000000003], [73.40586, 19.28094], [73.40486, 19.28163], [73.40634, 19.284860000000002], [73.40702, 19.28468], [73.41299000000001, 19.283070000000002]]]}}, {"id": "586", "type": "Feature", "properties": {"village_name": "Dehnoli", "vil_lgd": 553114, "district_name": "Thane", "dist_lgd": 497, "subdistrict_name": "Murbad", "sdcode": 4171, "block_name": "Murbad", "block_lgd": 222.0, "gp_name": "", "state_name": "MAHARASHTRA", "state_lgd": 27, "population": 865, "households": 174}, "geometry": {"type": "Polygon", "coordinates": [[[73.44210000000001, 19.26848], [73.44011, 19.27072], [73.43792, 19.272070000000003], [73.43583000000001, 19.271890000000003], [73.43459, 19.27036], [73.43051000000001, 19.26902], [73.43155, 19.2709], [73.43032000000001, 19.280230000000003], [73.42891, 19.282960000000003], [73.43343, 19.28385], [73.4385, 19.283070000000002], [73.44435, 19.277690000000003], [73.44905, 19.275260000000003], [73.44866, 19.273770000000003], [73.44210000000001, 19.26848]]]}}, {"id": "587", "type": "Feature", "properties": {"village_name": "Vehare", "vil_lgd": 553124, "district_name": "Thane", "dist_lgd": 497, "subdistrict_name": "Murbad", "sdcode": 4171, "block_name": "Murbad", "block_lgd": 222.0, "gp_name": "", "state_name": "MAHARASHTRA", "state_lgd": 27, "population": 474, "households": 96}, "geometry": {"type": "Polygon", "coordinates": [[[73.41416000000001, 19.22889], [73.40992, 19.220750000000002], [73.40792, 19.22061], [73.40450000000001, 19.21617], [73.39561, 19.218120000000003], [73.39485, 19.224770000000003], [73.39552, 19.229180000000003], [73.40818, 19.23067], [73.41302, 19.23138], [73.41405, 19.23006], [73.41416000000001, 19.22889]]]}}, {"id": "588", "type": "Feature", "properties": {"village_name": "Khateghar", "vil_lgd": 553126, "district_name": "Thane", "dist_lgd": 497, "subdistrict_name": "Murbad", "sdcode": 4171, "block_name": "Murbad", "block_lgd": 222.0, "gp_name": "", "state_name": "MAHARASHTRA", "state_lgd": 27, "population": 963, "households": 198}, "geometry": {"type": "Polygon", "coordinates": [[[73.44509000000001, 19.26641], [73.44655, 19.26019], [73.44757, 19.259], [73.44889, 19.258860000000002], [73.44856, 19.25064], [73.44549, 19.246930000000003], [73.44314, 19.24727], [73.43944, 19.252390000000002], [73.43349, 19.25702], [73.43658, 19.25966], [73.44210000000001, 19.26848], [73.44384000000001, 19.267560000000003], [73.44509000000001, 19.26641]]]}}, {"id": "589", "type": "Feature", "properties": {"village_name": "Sajai", "vil_lgd": 553119, "district_name": "Thane", "dist_lgd": 497, "subdistrict_name": "Murbad", "sdcode": 4171, "block_name": "Murbad", "block_lgd": 222.0, "gp_name": "", "state_name": "MAHARASHTRA", "state_lgd": 27, "population": 1489, "households": 330}, "geometry": {"type": "Polygon", "coordinates": [[[73.42562000000001, 19.2493], [73.42738, 19.246180000000003], [73.42673, 19.24249], [73.42475, 19.240810000000003], [73.42309, 19.239610000000003], [73.42272000000001, 19.23769], [73.42007000000001, 19.23385], [73.41541000000001, 19.23217], [73.41416000000001, 19.22889], [73.41405, 19.23006], [73.41302, 19.23138], [73.40818, 19.23067], [73.4088, 19.232650000000003], [73.40740000000001, 19.238220000000002], [73.40787, 19.254360000000002], [73.4097, 19.256130000000002], [73.41012, 19.259300000000003], [73.41247, 19.26247], [73.41494, 19.26283], [73.41678, 19.257920000000002], [73.42044, 19.25484], [73.42512, 19.25278], [73.42562000000001, 19.2493]], [[73.41093000000001, 19.24348], [73.41004000000001, 19.244380000000003], [73.40915000000001, 19.24348], [73.41017000000001, 19.242710000000002], [73.41093000000001, 19.24348]]]}}, {"id": "590", "type": "Feature", "properties": {"village_name": "Nadhai", "vil_lgd": 553118, "district_name": "Thane", "dist_lgd": 497, "subdistrict_name": "Murbad", "sdcode": 4171, "block_name": "Murbad", "block_lgd": 222.0, "gp_name": "", "state_name": "MAHARASHTRA", "state_lgd": 27, "population": 1116, "households": 217}, "geometry": {"type": "Polygon", "coordinates": [[[73.44210000000001, 19.26848], [73.43658, 19.25966], [73.43349, 19.25702], [73.42512, 19.25278], [73.42044, 19.25484], [73.41678, 19.257920000000002], [73.41494, 19.26283], [73.41843, 19.26821], [73.42052000000001, 19.268120000000003], [73.42204000000001, 19.26695], [73.42756, 19.269650000000002], [73.42984000000001, 19.269730000000003], [73.43051000000001, 19.26902], [73.43459, 19.27036], [73.43583000000001, 19.271890000000003], [73.43792, 19.272070000000003], [73.44011, 19.27072], [73.44210000000001, 19.26848]]]}}, {"id": "591", "type": "Feature", "properties": {"village_name": "Kharid", "vil_lgd": 552840, "district_name": "Thane", "dist_lgd": 497, "subdistrict_name": "Shahapur", "sdcode": 4167, "block_name": "Shahapur", "block_lgd": 218.0, "gp_name": "", "state_name": "MAHARASHTRA", "state_lgd": 27, "population": 1022, "households": 237}, "geometry": {"type": "Polygon", "coordinates": [[[73.51412, 19.402800000000003], [73.51583000000001, 19.40199], [73.51906000000001, 19.3941], [73.51792, 19.386570000000003], [73.51583000000001, 19.380380000000002], [73.50927, 19.37984], [73.50461, 19.378220000000002], [73.50214000000001, 19.378130000000002], [73.49938, 19.382890000000003], [73.50233, 19.388540000000003], [73.50451000000001, 19.39921], [73.50328, 19.402980000000003], [73.50413, 19.40405], [73.50965000000001, 19.402620000000002], [73.51412, 19.402800000000003]]]}}, {"id": "592", "type": "Feature", "properties": {"village_name": "Shivale", "vil_lgd": 553117, "district_name": "Thane", "dist_lgd": 497, "subdistrict_name": "Murbad", "sdcode": 4171, "block_name": "Murbad", "block_lgd": 222.0, "gp_name": "", "state_name": "MAHARASHTRA", "state_lgd": 27, "population": 1952, "households": 412}, "geometry": {"type": "Polygon", "coordinates": [[[73.47266, 19.27815], [73.47293, 19.274900000000002], [73.47196000000001, 19.27044], [73.47224, 19.267380000000003], [73.47719000000001, 19.26257], [73.47825, 19.26094], [73.47798, 19.25693], [73.47329, 19.249360000000003], [73.46866, 19.24649], [73.46693, 19.24651], [73.46292000000001, 19.24586], [73.46136, 19.249740000000003], [73.46103000000001, 19.25296], [73.45803000000001, 19.25427], [73.45672, 19.258850000000002], [73.45468000000001, 19.259390000000003], [73.44889, 19.258860000000002], [73.44757, 19.259], [73.44655, 19.26019], [73.44509000000001, 19.26641], [73.44384000000001, 19.267560000000003], [73.44982, 19.26763], [73.45318, 19.27262], [73.45612000000001, 19.2738], [73.45774, 19.275720000000003], [73.46354000000001, 19.27683], [73.47097000000001, 19.280800000000003], [73.47147000000001, 19.28008], [73.47266, 19.27815]], [[73.47223000000001, 19.253], [73.47290000000001, 19.25383], [73.47197000000001, 19.25465], [73.47112, 19.25375], [73.47179000000001, 19.253], [73.47223000000001, 19.253]]]}}, {"id": "593", "type": "Feature", "properties": {"village_name": "Shirvali", "vil_lgd": 553133, "district_name": "Thane", "dist_lgd": 497, "subdistrict_name": "Murbad", "sdcode": 4171, "block_name": "Murbad", "block_lgd": 222.0, "gp_name": "", "state_name": "MAHARASHTRA", "state_lgd": 27, "population": 1891, "households": 392}, "geometry": {"type": "Polygon", "coordinates": [[[73.4448, 19.22624], [73.44591000000001, 19.220360000000003], [73.44415000000001, 19.219910000000002], [73.44201000000001, 19.2207], [73.43797, 19.219910000000002], [73.43595, 19.218120000000003], [73.43762000000001, 19.21161], [73.43901000000001, 19.21009], [73.43054000000001, 19.21076], [73.42697000000001, 19.20908], [73.42436000000001, 19.205260000000003], [73.42133000000001, 19.20324], [73.41619, 19.21253], [73.41534, 19.2159], [73.41177, 19.21846], [73.40992, 19.220750000000002], [73.41416000000001, 19.22889], [73.41541000000001, 19.23217], [73.42007000000001, 19.23385], [73.42272000000001, 19.23769], [73.42309, 19.239610000000003], [73.42475, 19.240810000000003], [73.44028, 19.23376], [73.44171, 19.232300000000002], [73.4448, 19.22624]]]}}, {"id": "594", "type": "Feature", "properties": {"village_name": "Mohap", "vil_lgd": 553161, "district_name": "Thane", "dist_lgd": 497, "subdistrict_name": "Murbad", "sdcode": 4171, "block_name": "Murbad", "block_lgd": 222.0, "gp_name": "", "state_name": "MAHARASHTRA", "state_lgd": 27, "population": 392, "households": 73}, "geometry": {"type": "Polygon", "coordinates": [[[73.49058000000001, 19.2773], [73.49002, 19.27531], [73.49056, 19.27165], [73.48490000000001, 19.26837], [73.48104000000001, 19.264490000000002], [73.47719000000001, 19.26257], [73.47224, 19.267380000000003], [73.47196000000001, 19.27044], [73.47293, 19.274900000000002], [73.47266, 19.27815], [73.47147000000001, 19.28008], [73.47566, 19.28037], [73.47968, 19.28309], [73.48537, 19.28366], [73.48852000000001, 19.281840000000003], [73.49058000000001, 19.2773]], [[73.4766, 19.26892], [73.47571, 19.269830000000002], [73.47482000000001, 19.26892], [73.47584, 19.26816], [73.4766, 19.26892]]]}}, {"id": "595", "type": "Feature", "properties": {"village_name": "Dahivali", "vil_lgd": 553164, "district_name": "Thane", "dist_lgd": 497, "subdistrict_name": "Murbad", "sdcode": 4171, "block_name": "Murbad", "block_lgd": 222.0, "gp_name": "", "state_name": "MAHARASHTRA", "state_lgd": 27, "population": 585, "households": 135}, "geometry": {"type": "Polygon", "coordinates": [[[73.52386, 19.26275], [73.51744000000001, 19.26114], [73.51317, 19.2575], [73.49962000000001, 19.25306], [73.49933, 19.254], [73.498, 19.25402], [73.50899000000001, 19.26857], [73.50961000000001, 19.270970000000002], [73.51478, 19.271910000000002], [73.51782, 19.275450000000003], [73.51901000000001, 19.27577], [73.52235, 19.272730000000003], [73.52235, 19.27156], [73.52386, 19.26275]]]}}, {"id": "596", "type": "Feature", "properties": {"village_name": "Dahigaon", "vil_lgd": 553131, "district_name": "Thane", "dist_lgd": 497, "subdistrict_name": "Murbad", "sdcode": 4171, "block_name": "Murbad", "block_lgd": 222.0, "gp_name": "", "state_name": "MAHARASHTRA", "state_lgd": 27, "population": 776, "households": 169}, "geometry": {"type": "Polygon", "coordinates": [[[73.46322, 19.22568], [73.45775, 19.22389], [73.45490000000001, 19.221310000000003], [73.45229, 19.2203], [73.45028, 19.21796], [73.44867, 19.219040000000003], [73.44829, 19.220830000000003], [73.44591000000001, 19.220360000000003], [73.4448, 19.22624], [73.44171, 19.232300000000002], [73.44967000000001, 19.23477], [73.45074000000001, 19.23702], [73.45419000000001, 19.23769], [73.45704, 19.2332], [73.46275, 19.232750000000003], [73.46322, 19.22568]]]}}, {"id": "597", "type": "Feature", "properties": {"village_name": "Bhuvan", "vil_lgd": 553125, "district_name": "Thane", "dist_lgd": 497, "subdistrict_name": "Murbad", "sdcode": 4171, "block_name": "Murbad", "block_lgd": 222.0, "gp_name": "", "state_name": "MAHARASHTRA", "state_lgd": 27, "population": 1188, "households": 238}, "geometry": {"type": "Polygon", "coordinates": [[[73.44549, 19.246930000000003], [73.45074000000001, 19.23702], [73.44967000000001, 19.23477], [73.44171, 19.232300000000002], [73.44028, 19.23376], [73.42475, 19.240810000000003], [73.42673, 19.24249], [73.42738, 19.246180000000003], [73.42562000000001, 19.2493], [73.42512, 19.25278], [73.43349, 19.25702], [73.43944, 19.252390000000002], [73.44314, 19.24727], [73.44549, 19.246930000000003]]]}}, {"id": "598", "type": "Feature", "properties": {"village_name": "Kalamkhande", "vil_lgd": 553127, "district_name": "Thane", "dist_lgd": 497, "subdistrict_name": "Murbad", "sdcode": 4171, "block_name": "Murbad", "block_lgd": 222.0, "gp_name": "", "state_name": "MAHARASHTRA", "state_lgd": 27, "population": 987, "households": 194}, "geometry": {"type": "Polygon", "coordinates": [[[73.46310000000001, 19.243750000000002], [73.46049000000001, 19.242510000000003], [73.45906000000001, 19.240270000000002], [73.45419000000001, 19.23769], [73.45074000000001, 19.23702], [73.44549, 19.246930000000003], [73.44856, 19.25064], [73.44889, 19.258860000000002], [73.45468000000001, 19.259390000000003], [73.45672, 19.258850000000002], [73.45803000000001, 19.25427], [73.46103000000001, 19.25296], [73.46136, 19.249740000000003], [73.46292000000001, 19.24586], [73.46310000000001, 19.243750000000002]]]}}, {"id": "599", "type": "Feature", "properties": {"village_name": "Khandare", "vil_lgd": 553130, "district_name": "Thane", "dist_lgd": 497, "subdistrict_name": "Murbad", "sdcode": 4171, "block_name": "Murbad", "block_lgd": 222.0, "gp_name": "", "state_name": "MAHARASHTRA", "state_lgd": 27, "population": 606, "households": 133}, "geometry": {"type": "Polygon", "coordinates": [[[73.47053000000001, 19.2448], [73.47196000000001, 19.241120000000002], [73.47919, 19.239590000000003], [73.48023, 19.236900000000002], [73.48441000000001, 19.236720000000002], [73.48489000000001, 19.235200000000003], [73.48270000000001, 19.220920000000003], [73.47781, 19.21854], [73.47415000000001, 19.218950000000003], [73.47120000000001, 19.22119], [73.47011, 19.21966], [73.46631000000001, 19.226920000000003], [73.46786, 19.23208], [73.46742, 19.23282], [73.46726000000001, 19.23432], [73.46928000000001, 19.2378], [73.46857, 19.239600000000003], [73.46738, 19.24106], [73.46631000000001, 19.24117], [73.46263, 19.23892], [73.45977, 19.238480000000003], [73.45906000000001, 19.240270000000002], [73.46049000000001, 19.242510000000003], [73.46310000000001, 19.243750000000002], [73.46292000000001, 19.24586], [73.46693, 19.24651], [73.47053000000001, 19.2448]]]}}, {"id": "600", "type": "Feature", "properties": {"village_name": "Shelari", "vil_lgd": 553132, "district_name": "Thane", "dist_lgd": 497, "subdistrict_name": "Murbad", "sdcode": 4171, "block_name": "Murbad", "block_lgd": 222.0, "gp_name": "", "state_name": "MAHARASHTRA", "state_lgd": 27, "population": 804, "households": 181}, "geometry": {"type": "Polygon", "coordinates": [[[73.45800000000001, 19.212110000000003], [73.45066, 19.21581], [73.45028, 19.21796], [73.45229, 19.2203], [73.45490000000001, 19.221310000000003], [73.45775, 19.22389], [73.46322, 19.22568], [73.46275, 19.232750000000003], [73.46742, 19.23282], [73.46786, 19.23208], [73.46631000000001, 19.226920000000003], [73.47011, 19.21966], [73.46806000000001, 19.214910000000003], [73.46635, 19.21365], [73.46066, 19.212310000000002], [73.45989, 19.212130000000002], [73.45800000000001, 19.212110000000003]]]}}, {"id": "601", "type": "Feature", "properties": {"village_name": "Jamghar", "vil_lgd": 553129, "district_name": "Thane", "dist_lgd": 497, "subdistrict_name": "Murbad", "sdcode": 4171, "block_name": "Murbad", "block_lgd": 222.0, "gp_name": "", "state_name": "MAHARASHTRA", "state_lgd": 27, "population": 533, "households": 129}, "geometry": {"type": "Polygon", "coordinates": [[[73.46928000000001, 19.2378], [73.46726000000001, 19.23432], [73.46742, 19.23282], [73.46275, 19.232750000000003], [73.45704, 19.2332], [73.45419000000001, 19.23769], [73.45906000000001, 19.240270000000002], [73.45977, 19.238480000000003], [73.46263, 19.23892], [73.46631000000001, 19.24117], [73.46738, 19.24106], [73.46857, 19.239600000000003], [73.46928000000001, 19.2378]]]}}, {"id": "602", "type": "Feature", "properties": {"village_name": "Koravale", "vil_lgd": 553238, "district_name": "Thane", "dist_lgd": 497, "subdistrict_name": "Murbad", "sdcode": 4171, "block_name": "Murbad", "block_lgd": 222.0, "gp_name": "", "state_name": "MAHARASHTRA", "state_lgd": 27, "population": 1793, "households": 356}, "geometry": {"type": "Polygon", "coordinates": [[[73.49933, 19.254], [73.49962000000001, 19.25306], [73.49907, 19.25178], [73.50079000000001, 19.24613], [73.50093000000001, 19.24061], [73.48441000000001, 19.236720000000002], [73.48023, 19.236900000000002], [73.47919, 19.239590000000003], [73.47196000000001, 19.241120000000002], [73.47053000000001, 19.2448], [73.46693, 19.24651], [73.46866, 19.24649], [73.47329, 19.249360000000003], [73.47798, 19.25693], [73.48735, 19.25615], [73.49397, 19.25404], [73.498, 19.25402], [73.49933, 19.254]]]}}, {"id": "603", "type": "Feature", "properties": {"village_name": "Vidhe", "vil_lgd": 553239, "district_name": "Thane", "dist_lgd": 497, "subdistrict_name": "Murbad", "sdcode": 4171, "block_name": "Murbad", "block_lgd": 222.0, "gp_name": "", "state_name": "MAHARASHTRA", "state_lgd": 27, "population": 1188, "households": 236}, "geometry": {"type": "Polygon", "coordinates": [[[73.50491000000001, 19.21583], [73.50113, 19.210980000000003], [73.49828000000001, 19.21038], [73.49514, 19.211660000000002], [73.49143000000001, 19.211930000000002], [73.49101, 19.212600000000002], [73.48523, 19.21253], [73.48402, 19.212470000000003], [73.48202, 19.215700000000002], [73.47796000000001, 19.21725], [73.47781, 19.21854], [73.48270000000001, 19.220920000000003], [73.48489000000001, 19.235200000000003], [73.48441000000001, 19.236720000000002], [73.50093000000001, 19.24061], [73.50211, 19.232580000000002], [73.50382, 19.22926], [73.50291, 19.22566], [73.50491000000001, 19.21583]]]}}, {"id": "604", "type": "Feature", "properties": {"village_name": "Kalambad Mu", "vil_lgd": 553254, "district_name": "Thane", "dist_lgd": 497, "subdistrict_name": "Murbad", "sdcode": 4171, "block_name": "Murbad", "block_lgd": 222.0, "gp_name": "", "state_name": "MAHARASHTRA", "state_lgd": 27, "population": 408, "households": 79}, "geometry": {"type": "Polygon", "coordinates": [[[73.51432000000001, 19.222700000000003], [73.51496, 19.217450000000003], [73.50748, 19.215500000000002], [73.50491000000001, 19.21583], [73.50291, 19.22566], [73.50382, 19.22926], [73.50591, 19.228900000000003], [73.51043, 19.22991], [73.51432000000001, 19.222700000000003]]]}}, {"id": "605", "type": "Feature", "properties": {"village_name": "Malinagar", "vil_lgd": 553120, "district_name": "Thane", "dist_lgd": 497, "subdistrict_name": "Murbad", "sdcode": 4171, "block_name": "Murbad", "block_lgd": 222.0, "gp_name": "", "state_name": "MAHARASHTRA", "state_lgd": 27, "population": 905, "households": 194}, "geometry": {"type": "Polygon", "coordinates": [[[73.40915000000001, 19.24348], [73.41004000000001, 19.244380000000003], [73.41093000000001, 19.24348], [73.41017000000001, 19.242710000000002], [73.40915000000001, 19.24348]]]}}, {"id": "606", "type": "Feature", "properties": {"village_name": "Kondesakhare", "vil_lgd": 553128, "district_name": "Thane", "dist_lgd": 497, "subdistrict_name": "Murbad", "sdcode": 4171, "block_name": "Murbad", "block_lgd": 222.0, "gp_name": "", "state_name": "MAHARASHTRA", "state_lgd": 27, "population": 623, "households": 122}, "geometry": {"type": "Polygon", "coordinates": [[[73.47179000000001, 19.253], [73.47112, 19.25375], [73.47197000000001, 19.25465], [73.47290000000001, 19.25383], [73.47223000000001, 19.253], [73.47179000000001, 19.253]]]}}, {"id": "607", "type": "Feature", "properties": {"village_name": "Narayangaon", "vil_lgd": 553162, "district_name": "Thane", "dist_lgd": 497, "subdistrict_name": "Murbad", "sdcode": 4171, "block_name": "Murbad", "block_lgd": 222.0, "gp_name": "", "state_name": "MAHARASHTRA", "state_lgd": 27, "population": 429, "households": 79}, "geometry": {"type": "Polygon", "coordinates": [[[73.47482000000001, 19.26892], [73.47571, 19.269830000000002], [73.4766, 19.26892], [73.47584, 19.26816], [73.47482000000001, 19.26892]]]}}, {"id": "608", "type": "Feature", "properties": {"village_name": "Nagaon", "vil_lgd": 553160, "district_name": "Thane", "dist_lgd": 497, "subdistrict_name": "Murbad", "sdcode": 4171, "block_name": "Murbad", "block_lgd": 222.0, "gp_name": "", "state_name": "MAHARASHTRA", "state_lgd": 27, "population": 1435, "households": 304}, "geometry": {"type": "Polygon", "coordinates": [[[73.51782, 19.275450000000003], [73.51478, 19.271910000000002], [73.50961000000001, 19.270970000000002], [73.50899000000001, 19.26857], [73.498, 19.25402], [73.49397, 19.25404], [73.48735, 19.25615], [73.47798, 19.25693], [73.47825, 19.26094], [73.47719000000001, 19.26257], [73.48104000000001, 19.264490000000002], [73.48490000000001, 19.26837], [73.49056, 19.27165], [73.49469, 19.27296], [73.49701, 19.27684], [73.49994000000001, 19.27839], [73.50095, 19.28376], [73.51262000000001, 19.285110000000003], [73.52054000000001, 19.28581], [73.52128, 19.28121], [73.51901000000001, 19.27577], [73.51782, 19.275450000000003]], [[73.50459000000001, 19.27182], [73.50370000000001, 19.272720000000003], [73.50281000000001, 19.27182], [73.50384000000001, 19.271060000000002], [73.50459000000001, 19.27182]]]}}, {"id": "609", "type": "Feature", "properties": {"village_name": "Dangurle", "vil_lgd": 553163, "district_name": "Thane", "dist_lgd": 497, "subdistrict_name": "Murbad", "sdcode": 4171, "block_name": "Murbad", "block_lgd": 222.0, "gp_name": "", "state_name": "MAHARASHTRA", "state_lgd": 27, "population": 640, "households": 129}, "geometry": {"type": "Polygon", "coordinates": [[[73.50281000000001, 19.27182], [73.50370000000001, 19.272720000000003], [73.50459000000001, 19.27182], [73.50384000000001, 19.271060000000002], [73.50281000000001, 19.27182]]]}}, {"id": "610", "type": "Feature", "properties": {"village_name": "Bhaluk", "vil_lgd": 553096, "district_name": "Thane", "dist_lgd": 497, "subdistrict_name": "Murbad", "sdcode": 4171, "block_name": "Murbad", "block_lgd": 222.0, "gp_name": "", "state_name": "MAHARASHTRA", "state_lgd": 27, "population": 1289, "households": 257}, "geometry": {"type": "Polygon", "coordinates": [[[73.41403000000001, 19.333730000000003], [73.4179, 19.33193], [73.41739000000001, 19.330170000000003], [73.42095, 19.316380000000002], [73.41965, 19.308190000000003], [73.41103000000001, 19.31088], [73.40634, 19.312340000000003], [73.40111, 19.315150000000003], [73.39663, 19.319280000000003], [73.40367, 19.319100000000002], [73.40728, 19.32018], [73.40681000000001, 19.323500000000003], [73.40491, 19.325110000000002], [73.40453000000001, 19.32655], [73.40359000000001, 19.33612], [73.40367, 19.33821], [73.40624000000001, 19.339380000000002], [73.41033, 19.3383], [73.41189, 19.33667], [73.41403000000001, 19.333730000000003]]]}}, {"id": "611", "type": "Feature", "properties": {"village_name": "Bhadane", "vil_lgd": 553141, "district_name": "Thane", "dist_lgd": 497, "subdistrict_name": "Murbad", "sdcode": 4171, "block_name": "Murbad", "block_lgd": 222.0, "gp_name": "", "state_name": "MAHARASHTRA", "state_lgd": 27, "population": 1354, "households": 289}, "geometry": {"type": "Polygon", "coordinates": [[[73.49627000000001, 19.32217], [73.49307, 19.32076], [73.49322000000001, 19.31783], [73.49655, 19.317300000000003], [73.49640000000001, 19.312510000000003], [73.49164, 19.31087], [73.48803000000001, 19.308], [73.48489000000001, 19.30683], [73.48071, 19.301810000000003], [73.47434000000001, 19.29974], [73.47243, 19.293460000000003], [73.47415000000001, 19.288880000000002], [73.4692, 19.28826], [73.46882000000001, 19.29023], [73.46412000000001, 19.29325], [73.47011, 19.298820000000003], [73.47491000000001, 19.307720000000003], [73.46949000000001, 19.3137], [73.47259000000001, 19.319670000000002], [73.4726, 19.323780000000003], [73.47469000000001, 19.3226], [73.47640000000001, 19.31991], [73.47811, 19.319190000000003], [73.4842, 19.321440000000003], [73.4852, 19.32431], [73.48638000000001, 19.325290000000003], [73.49402, 19.3256], [73.49627000000001, 19.32217]]]}}, {"id": "612", "type": "Feature", "properties": {"village_name": "Wadvali", "vil_lgd": 553149, "district_name": "Thane", "dist_lgd": 497, "subdistrict_name": "Murbad", "sdcode": 4171, "block_name": "Murbad", "block_lgd": 222.0, "gp_name": "", "state_name": "MAHARASHTRA", "state_lgd": 27, "population": 1742, "households": 337}, "geometry": {"type": "Polygon", "coordinates": [[[73.49497000000001, 19.2984], [73.49157000000001, 19.29125], [73.48280000000001, 19.28772], [73.47415000000001, 19.288880000000002], [73.47243, 19.293460000000003], [73.47434000000001, 19.29974], [73.48071, 19.301810000000003], [73.48489000000001, 19.30683], [73.48803000000001, 19.308], [73.49164, 19.31087], [73.49640000000001, 19.312510000000003], [73.49819000000001, 19.307760000000002], [73.5, 19.30562], [73.49497000000001, 19.2984]]]}}, {"id": "613", "type": "Feature", "properties": {"village_name": "Devghar", "vil_lgd": 553181, "district_name": "Thane", "dist_lgd": 497, "subdistrict_name": "Murbad", "sdcode": 4171, "block_name": "Murbad", "block_lgd": 222.0, "gp_name": "", "state_name": "MAHARASHTRA", "state_lgd": 27, "population": 105, "households": 25}, "geometry": {"type": "Polygon", "coordinates": [[[73.61188, 19.25533], [73.61702000000001, 19.25654], [73.61916000000001, 19.256140000000002], [73.61976, 19.25475], [73.61968, 19.251630000000002], [73.61954, 19.249100000000002], [73.61014, 19.25071], [73.61110000000001, 19.258000000000003], [73.61174000000001, 19.257350000000002], [73.61188, 19.25533]]]}}, {"id": "614", "type": "Feature", "properties": {"village_name": "Kasgaon", "vil_lgd": 553148, "district_name": "Thane", "dist_lgd": 497, "subdistrict_name": "Murbad", "sdcode": 4171, "block_name": "Murbad", "block_lgd": 222.0, "gp_name": "", "state_name": "MAHARASHTRA", "state_lgd": 27, "population": 524, "households": 125}, "geometry": {"type": "Polygon", "coordinates": [[[73.52682, 19.31926], [73.52825, 19.31662], [73.52739000000001, 19.31438], [73.52601, 19.31117], [73.52559000000001, 19.306820000000002], [73.52211000000001, 19.298900000000003], [73.52122, 19.30057], [73.51748, 19.303040000000003], [73.51035, 19.3034], [73.50411000000001, 19.30373], [73.5, 19.30562], [73.49819000000001, 19.307760000000002], [73.49640000000001, 19.312510000000003], [73.49655, 19.317300000000003], [73.49322000000001, 19.31783], [73.49307, 19.32076], [73.49627000000001, 19.32217], [73.49402, 19.3256], [73.49990000000001, 19.328210000000002], [73.50296, 19.32832], [73.51114000000001, 19.325190000000003], [73.52003, 19.325670000000002], [73.52187, 19.32627], [73.52201000000001, 19.330920000000003], [73.52419, 19.335160000000002], [73.52616, 19.325670000000002], [73.52682, 19.31926]], [[73.51822, 19.320880000000002], [73.51880000000001, 19.32196], [73.51795, 19.32253], [73.51706, 19.321630000000003], [73.51782, 19.320860000000003], [73.51822, 19.320880000000002]], [[73.50444, 19.31143], [73.50355, 19.312330000000003], [73.50266, 19.31143], [73.50368, 19.310670000000002], [73.50444, 19.31143]]]}}, {"id": "615", "type": "Feature", "properties": {"village_name": "Pawale", "vil_lgd": 553099, "district_name": "Thane", "dist_lgd": 497, "subdistrict_name": "Murbad", "sdcode": 4171, "block_name": "Murbad", "block_lgd": 222.0, "gp_name": "", "state_name": "MAHARASHTRA", "state_lgd": 27, "population": 1191, "households": 266}, "geometry": {"type": "Polygon", "coordinates": [[[73.43545, 19.297420000000002], [73.43711, 19.297990000000002], [73.43747, 19.293270000000003], [73.43533000000001, 19.291030000000003], [73.43462000000001, 19.28497], [73.43343, 19.28385], [73.42891, 19.282960000000003], [73.42416, 19.284750000000003], [73.41549, 19.284080000000003], [73.41299000000001, 19.283070000000002], [73.40702, 19.28468], [73.40813, 19.29044], [73.40751, 19.300400000000003], [73.41103000000001, 19.31088], [73.41965, 19.308190000000003], [73.42404, 19.303030000000003], [73.43141, 19.29866], [73.43545, 19.297420000000002]]]}}, {"id": "616", "type": "Feature", "properties": {"village_name": "Manivali Bk", "vil_lgd": 553138, "district_name": "Thane", "dist_lgd": 497, "subdistrict_name": "Murbad", "sdcode": 4171, "block_name": "Murbad", "block_lgd": 222.0, "gp_name": "", "state_name": "MAHARASHTRA", "state_lgd": 27, "population": 1407, "households": 259}, "geometry": {"type": "Polygon", "coordinates": [[[73.46423, 19.332230000000003], [73.46765, 19.331120000000002], [73.46879000000001, 19.327650000000002], [73.46526, 19.327250000000003], [73.45888000000001, 19.32392], [73.45817000000001, 19.320120000000003], [73.45503000000001, 19.315810000000003], [73.44959, 19.314600000000002], [73.44974, 19.316090000000003], [73.44617000000001, 19.319460000000003], [73.44543, 19.32176], [73.44460000000001, 19.32535], [73.44233000000001, 19.329800000000002], [73.44519000000001, 19.33105], [73.44683, 19.333550000000002], [73.45263, 19.335160000000002], [73.45463000000001, 19.33507], [73.46244, 19.332050000000002], [73.46423, 19.332230000000003]]]}}, {"id": "617", "type": "Feature", "properties": {"village_name": "Kolthan", "vil_lgd": 553098, "district_name": "Thane", "dist_lgd": 497, "subdistrict_name": "Murbad", "sdcode": 4171, "block_name": "Murbad", "block_lgd": 222.0, "gp_name": "", "state_name": "MAHARASHTRA", "state_lgd": 27, "population": 1065, "households": 221}, "geometry": {"type": "Polygon", "coordinates": [[[73.44794, 19.302950000000003], [73.44937, 19.29943], [73.4462, 19.298150000000003], [73.43807000000001, 19.300030000000003], [73.43711, 19.297990000000002], [73.43545, 19.297420000000002], [73.43141, 19.29866], [73.42404, 19.303030000000003], [73.42689, 19.30561], [73.43248000000001, 19.31358], [73.43676, 19.31503], [73.44116000000001, 19.319300000000002], [73.44543, 19.32176], [73.44617000000001, 19.319460000000003], [73.44974, 19.316090000000003], [73.44959, 19.314600000000002], [73.44794, 19.302950000000003]]]}}, {"id": "618", "type": "Feature", "properties": {"village_name": "Malhed", "vil_lgd": 553115, "district_name": "Thane", "dist_lgd": 497, "subdistrict_name": "Murbad", "sdcode": 4171, "block_name": "Murbad", "block_lgd": 222.0, "gp_name": "", "state_name": "MAHARASHTRA", "state_lgd": 27, "population": 1181, "households": 234}, "geometry": {"type": "Polygon", "coordinates": [[[73.45159000000001, 19.2984], [73.45537, 19.29448], [73.45519, 19.29209], [73.45305, 19.287380000000002], [73.45233, 19.279570000000003], [73.44905, 19.275260000000003], [73.44435, 19.277690000000003], [73.4385, 19.283070000000002], [73.43343, 19.28385], [73.43462000000001, 19.28497], [73.43533000000001, 19.291030000000003], [73.43747, 19.293270000000003], [73.43711, 19.297990000000002], [73.43807000000001, 19.300030000000003], [73.4462, 19.298150000000003], [73.44937, 19.29943], [73.45159000000001, 19.2984]]]}}, {"id": "619", "type": "Feature", "properties": {"village_name": "Thakare Nagar", "vil_lgd": 553097, "district_name": "Thane", "dist_lgd": 497, "subdistrict_name": "Murbad", "sdcode": 4171, "block_name": "Murbad", "block_lgd": 222.0, "gp_name": "", "state_name": "MAHARASHTRA", "state_lgd": 27, "population": 913, "households": 188}, "geometry": {"type": "Polygon", "coordinates": [[[73.43542000000001, 19.32386], [73.43647, 19.325290000000003], [73.43665, 19.327350000000003], [73.43609000000001, 19.329240000000002], [73.43666, 19.33014], [73.43847000000001, 19.33086], [73.44233000000001, 19.329800000000002], [73.44460000000001, 19.32535], [73.44543, 19.32176], [73.44116000000001, 19.319300000000002], [73.43676, 19.31503], [73.43248000000001, 19.31358], [73.42689, 19.30561], [73.42404, 19.303030000000003], [73.41965, 19.308190000000003], [73.42095, 19.316380000000002], [73.41739000000001, 19.330170000000003], [73.4179, 19.33193], [73.41983, 19.329150000000002], [73.42316000000001, 19.32798], [73.42858000000001, 19.322960000000002], [73.43542000000001, 19.32386]]]}}, {"id": "620", "type": "Feature", "properties": {"village_name": "Kanharle", "vil_lgd": 553240, "district_name": "Thane", "dist_lgd": 497, "subdistrict_name": "Murbad", "sdcode": 4171, "block_name": "Murbad", "block_lgd": 222.0, "gp_name": "", "state_name": "MAHARASHTRA", "state_lgd": 27, "population": 798, "households": 166}, "geometry": {"type": "Polygon", "coordinates": [[[73.52616, 19.232760000000003], [73.51675, 19.23195], [73.51043, 19.22991], [73.50591, 19.228900000000003], [73.50382, 19.22926], [73.50211, 19.232580000000002], [73.50093000000001, 19.24061], [73.50079000000001, 19.24613], [73.50877000000001, 19.24613], [73.51961, 19.248420000000003], [73.52789, 19.24866], [73.52616, 19.232760000000003]]]}}, {"id": "621", "type": "Feature", "properties": {"village_name": "Khandape", "vil_lgd": 553140, "district_name": "Thane", "dist_lgd": 497, "subdistrict_name": "Murbad", "sdcode": 4171, "block_name": "Murbad", "block_lgd": 222.0, "gp_name": "", "state_name": "MAHARASHTRA", "state_lgd": 27, "population": 1066, "households": 203}, "geometry": {"type": "Polygon", "coordinates": [[[73.46922, 19.325550000000003], [73.47052000000001, 19.324630000000003], [73.4726, 19.323780000000003], [73.47259000000001, 19.319670000000002], [73.46949000000001, 19.3137], [73.47491000000001, 19.307720000000003], [73.47011, 19.298820000000003], [73.46412000000001, 19.29325], [73.45537, 19.29448], [73.45159000000001, 19.2984], [73.44937, 19.29943], [73.44794, 19.302950000000003], [73.44959, 19.314600000000002], [73.45503000000001, 19.315810000000003], [73.45817000000001, 19.320120000000003], [73.45888000000001, 19.32392], [73.46526, 19.327250000000003], [73.46879000000001, 19.327650000000002], [73.46922, 19.325550000000003]], [[73.45830000000001, 19.312330000000003], [73.45741000000001, 19.31324], [73.45652000000001, 19.312330000000003], [73.45754000000001, 19.311570000000003], [73.45830000000001, 19.312330000000003]]]}}, {"id": "622", "type": "Feature", "properties": {"village_name": "Ambele Bk", "vil_lgd": 553116, "district_name": "Thane", "dist_lgd": 497, "subdistrict_name": "Murbad", "sdcode": 4171, "block_name": "Murbad", "block_lgd": 222.0, "gp_name": "", "state_name": "MAHARASHTRA", "state_lgd": 27, "population": 1086, "households": 201}, "geometry": {"type": "Polygon", "coordinates": [[[73.46882000000001, 19.29023], [73.4692, 19.28826], [73.47097000000001, 19.280800000000003], [73.46354000000001, 19.27683], [73.45774, 19.275720000000003], [73.45612000000001, 19.2738], [73.45318, 19.27262], [73.44982, 19.26763], [73.44384000000001, 19.267560000000003], [73.44210000000001, 19.26848], [73.44866, 19.273770000000003], [73.44905, 19.275260000000003], [73.45233, 19.279570000000003], [73.45305, 19.287380000000002], [73.45519, 19.29209], [73.45537, 19.29448], [73.46412000000001, 19.29325], [73.46882000000001, 19.29023]]]}}, {"id": "623", "type": "Feature", "properties": {"village_name": "Shivajinagar", "vil_lgd": 552854, "district_name": "Thane", "dist_lgd": 497, "subdistrict_name": "Shahapur", "sdcode": 4167, "block_name": "Shahapur", "block_lgd": 218.0, "gp_name": "", "state_name": "MAHARASHTRA", "state_lgd": 27, "population": 609, "households": 129}, "geometry": {"type": "Polygon", "coordinates": [[[73.48489000000001, 19.333550000000002], [73.48508000000001, 19.32844], [73.48004, 19.32674], [73.47824, 19.327810000000003], [73.47529, 19.32862], [73.47367000000001, 19.327990000000003], [73.47111000000001, 19.32611], [73.47052000000001, 19.324630000000003], [73.46922, 19.325550000000003], [73.46879000000001, 19.327650000000002], [73.46765, 19.331120000000002], [73.46423, 19.332230000000003], [73.47185, 19.33828], [73.47441, 19.335510000000003], [73.47702000000001, 19.338420000000003], [73.47760000000001, 19.340690000000002], [73.47985, 19.337680000000002], [73.48166, 19.33687], [73.48489000000001, 19.333550000000002]]]}}, {"id": "624", "type": "Feature", "properties": {"village_name": "Bhakari", "vil_lgd": 552855, "district_name": "Thane", "dist_lgd": 497, "subdistrict_name": "Shahapur", "sdcode": 4167, "block_name": "Shahapur", "block_lgd": 218.0, "gp_name": "", "state_name": "MAHARASHTRA", "state_lgd": 27, "population": 37, "households": 9}, "geometry": {"type": "Polygon", "coordinates": [[[73.48004, 19.32674], [73.48508000000001, 19.32844], [73.4852, 19.32431], [73.4842, 19.321440000000003], [73.47811, 19.319190000000003], [73.47640000000001, 19.31991], [73.47469000000001, 19.3226], [73.4726, 19.323780000000003], [73.47052000000001, 19.324630000000003], [73.47111000000001, 19.32611], [73.47367000000001, 19.327990000000003], [73.47529, 19.32862], [73.47824, 19.327810000000003], [73.48004, 19.32674]]]}}, {"id": "625", "type": "Feature", "properties": {"village_name": "Vachkole", "vil_lgd": 552857, "district_name": "Thane", "dist_lgd": 497, "subdistrict_name": "Shahapur", "sdcode": 4167, "block_name": "Shahapur", "block_lgd": 218.0, "gp_name": "", "state_name": "MAHARASHTRA", "state_lgd": 27, "population": 568, "households": 111}, "geometry": {"type": "Polygon", "coordinates": [[[73.50296, 19.32832], [73.49990000000001, 19.328210000000002], [73.49402, 19.3256], [73.48888000000001, 19.332120000000003], [73.49516000000001, 19.335710000000002], [73.49744000000001, 19.33831], [73.49915, 19.3384], [73.50105, 19.335890000000003], [73.50257, 19.333460000000002], [73.50295000000001, 19.33095], [73.50296, 19.32832]]]}}, {"id": "626", "type": "Feature", "properties": {"village_name": "Shirvanje", "vil_lgd": 552858, "district_name": "Thane", "dist_lgd": 497, "subdistrict_name": "Shahapur", "sdcode": 4167, "block_name": "Shahapur", "block_lgd": 218.0, "gp_name": "", "state_name": "MAHARASHTRA", "state_lgd": 27, "population": 644, "households": 137}, "geometry": {"type": "Polygon", "coordinates": [[[73.52187, 19.32627], [73.52003, 19.325670000000002], [73.51114000000001, 19.325190000000003], [73.50296, 19.32832], [73.50295000000001, 19.33095], [73.50257, 19.333460000000002], [73.50105, 19.335890000000003], [73.49915, 19.3384], [73.49744000000001, 19.33831], [73.49763, 19.342080000000003], [73.51104000000001, 19.343780000000002], [73.5156, 19.33921], [73.51855, 19.33831], [73.51874000000001, 19.336250000000003], [73.51988, 19.335530000000002], [73.52201000000001, 19.330920000000003], [73.52187, 19.32627]]]}}, {"id": "627", "type": "Feature", "properties": {"village_name": "Kandali", "vil_lgd": 553170, "district_name": "Thane", "dist_lgd": 497, "subdistrict_name": "Murbad", "sdcode": 4171, "block_name": "Murbad", "block_lgd": 222.0, "gp_name": "", "state_name": "MAHARASHTRA", "state_lgd": 27, "population": 295, "households": 68}, "geometry": {"type": "Polygon", "coordinates": [[[73.57652, 19.263], [73.58065, 19.26125], [73.58113, 19.257330000000003], [73.57878000000001, 19.253760000000003], [73.57707, 19.253040000000002], [73.57379, 19.25315], [73.56939000000001, 19.26031], [73.56765, 19.268800000000002], [73.5741, 19.26752], [73.57652, 19.263]]]}}, {"id": "628", "type": "Feature", "properties": {"village_name": "Nevalpada", "vil_lgd": 553151, "district_name": "Thane", "dist_lgd": 497, "subdistrict_name": "Murbad", "sdcode": 4171, "block_name": "Murbad", "block_lgd": 222.0, "gp_name": "", "state_name": "MAHARASHTRA", "state_lgd": 27, "population": 912, "households": 206}, "geometry": {"type": "Polygon", "coordinates": [[[73.51262000000001, 19.285110000000003], [73.50095, 19.28376], [73.49698000000001, 19.28404], [73.49711, 19.28582], [73.49479000000001, 19.28571], [73.4953, 19.28674], [73.49563, 19.289360000000002], [73.49492000000001, 19.291110000000003], [73.49197000000001, 19.29061], [73.49157000000001, 19.29125], [73.49497000000001, 19.2984], [73.5, 19.30562], [73.50411000000001, 19.30373], [73.51035, 19.3034], [73.51103, 19.293100000000003], [73.51262000000001, 19.285110000000003]]]}}, {"id": "629", "type": "Feature", "properties": {"village_name": "Saralgaon", "vil_lgd": 553152, "district_name": "Thane", "dist_lgd": 497, "subdistrict_name": "Murbad", "sdcode": 4171, "block_name": "Murbad", "block_lgd": 222.0, "gp_name": "", "state_name": "MAHARASHTRA", "state_lgd": 27, "population": 2057, "households": 463}, "geometry": {"type": "Polygon", "coordinates": [[[73.49479000000001, 19.28571], [73.49711, 19.28582], [73.49698000000001, 19.28404], [73.50095, 19.28376], [73.49994000000001, 19.27839], [73.49701, 19.27684], [73.49469, 19.27296], [73.49056, 19.27165], [73.49002, 19.27531], [73.49058000000001, 19.2773], [73.48852000000001, 19.281840000000003], [73.48696000000001, 19.2848], [73.48907000000001, 19.285670000000003], [73.49214, 19.28565], [73.49197000000001, 19.29061], [73.49492000000001, 19.291110000000003], [73.49563, 19.289360000000002], [73.4953, 19.28674], [73.49479000000001, 19.28571]]]}}, {"id": "630", "type": "Feature", "properties": {"village_name": "Borgaon", "vil_lgd": 553139, "district_name": "Thane", "dist_lgd": 497, "subdistrict_name": "Murbad", "sdcode": 4171, "block_name": "Murbad", "block_lgd": 222.0, "gp_name": "", "state_name": "MAHARASHTRA", "state_lgd": 27, "population": 884, "households": 188}, "geometry": {"type": "Polygon", "coordinates": [[[73.45652000000001, 19.312330000000003], [73.45741000000001, 19.31324], [73.45830000000001, 19.312330000000003], [73.45754000000001, 19.311570000000003], [73.45652000000001, 19.312330000000003]]]}}, {"id": "631", "type": "Feature", "properties": {"village_name": "Sangam", "vil_lgd": 553142, "district_name": "Thane", "dist_lgd": 497, "subdistrict_name": "Murbad", "sdcode": 4171, "block_name": "Murbad", "block_lgd": 222.0, "gp_name": "", "state_name": "MAHARASHTRA", "state_lgd": 27, "population": 691, "households": 167}, "geometry": {"type": "Polygon", "coordinates": [[[73.50266, 19.31143], [73.50355, 19.312330000000003], [73.50444, 19.31143], [73.50368, 19.310670000000002], [73.50266, 19.31143]]]}}, {"id": "632", "type": "Feature", "properties": {"village_name": "Pimpalghar", "vil_lgd": 553172, "district_name": "Thane", "dist_lgd": 497, "subdistrict_name": "Murbad", "sdcode": 4171, "block_name": "Murbad", "block_lgd": 222.0, "gp_name": "", "state_name": "MAHARASHTRA", "state_lgd": 27, "population": 283, "households": 57}, "geometry": {"type": "Polygon", "coordinates": [[[73.58680000000001, 19.263720000000003], [73.58208, 19.26273], [73.58065, 19.26125], [73.57652, 19.263], [73.5741, 19.26752], [73.57677000000001, 19.267570000000003], [73.58863000000001, 19.269360000000002], [73.58796000000001, 19.26802], [73.58680000000001, 19.263720000000003]]]}}, {"id": "633", "type": "Feature", "properties": {"village_name": "Umbarpada", "vil_lgd": 553150, "district_name": "Thane", "dist_lgd": 497, "subdistrict_name": "Murbad", "sdcode": 4171, "block_name": "Murbad", "block_lgd": 222.0, "gp_name": "", "state_name": "MAHARASHTRA", "state_lgd": 27, "population": 1456, "households": 313}, "geometry": {"type": "Polygon", "coordinates": [[[73.49214, 19.28565], [73.48907000000001, 19.285670000000003], [73.48696000000001, 19.2848], [73.48852000000001, 19.281840000000003], [73.48537, 19.28366], [73.47968, 19.28309], [73.47566, 19.28037], [73.47147000000001, 19.28008], [73.47097000000001, 19.280800000000003], [73.4692, 19.28826], [73.47415000000001, 19.288880000000002], [73.48280000000001, 19.28772], [73.49157000000001, 19.29125], [73.49197000000001, 19.29061], [73.49214, 19.28565]]]}}, {"id": "634", "type": "Feature", "properties": {"village_name": "Manivali Kh", "vil_lgd": 553166, "district_name": "Thane", "dist_lgd": 497, "subdistrict_name": "Murbad", "sdcode": 4171, "block_name": "Murbad", "block_lgd": 222.0, "gp_name": "", "state_name": "MAHARASHTRA", "state_lgd": 27, "population": 979, "households": 203}, "geometry": {"type": "Polygon", "coordinates": [[[73.54676, 19.27558], [73.54467000000001, 19.273380000000003], [73.54055000000001, 19.26706], [73.53812, 19.25993], [73.53092000000001, 19.25269], [73.52985000000001, 19.25346], [73.52828000000001, 19.25521], [73.52743000000001, 19.258180000000003], [73.52386, 19.26275], [73.52235, 19.27156], [73.53128000000001, 19.27192], [73.53471, 19.27354], [73.53889000000001, 19.27408], [73.54060000000001, 19.27758], [73.54088, 19.28374], [73.54344, 19.28347], [73.54529000000001, 19.28084], [73.54676, 19.27558]]]}}, {"id": "635", "type": "Feature", "properties": {"village_name": "Majgaon", "vil_lgd": 553165, "district_name": "Thane", "dist_lgd": 497, "subdistrict_name": "Murbad", "sdcode": 4171, "block_name": "Murbad", "block_lgd": 222.0, "gp_name": "", "state_name": "MAHARASHTRA", "state_lgd": 27, "population": 899, "households": 190}, "geometry": {"type": "Polygon", "coordinates": [[[73.53092000000001, 19.25269], [73.53116, 19.250700000000002], [73.52959000000001, 19.248420000000003], [73.52789, 19.24866], [73.51961, 19.248420000000003], [73.50877000000001, 19.24613], [73.50079000000001, 19.24613], [73.49907, 19.25178], [73.49962000000001, 19.25306], [73.51317, 19.2575], [73.51744000000001, 19.26114], [73.52386, 19.26275], [73.52743000000001, 19.258180000000003], [73.52828000000001, 19.25521], [73.52985000000001, 19.25346], [73.53092000000001, 19.25269]]]}}, {"id": "636", "type": "Feature", "properties": {"village_name": "Talwali Tarf Ghorad", "vil_lgd": 553167, "district_name": "Thane", "dist_lgd": 497, "subdistrict_name": "Murbad", "sdcode": 4171, "block_name": "Murbad", "block_lgd": 222.0, "gp_name": "", "state_name": "MAHARASHTRA", "state_lgd": 27, "population": 1067, "households": 223}, "geometry": {"type": "Polygon", "coordinates": [[[73.54114000000001, 19.242630000000002], [73.53986, 19.244110000000003], [73.53858000000001, 19.24747], [73.53116, 19.250700000000002], [73.53092000000001, 19.25269], [73.53812, 19.25993], [73.54055000000001, 19.26706], [73.54467000000001, 19.273380000000003], [73.54656, 19.262690000000003], [73.55184000000001, 19.251920000000002], [73.55170000000001, 19.24586], [73.54656, 19.245320000000003], [73.54194000000001, 19.24302], [73.54114000000001, 19.242630000000002]]]}}, {"id": "637", "type": "Feature", "properties": {"village_name": "Alyani", "vil_lgd": 553173, "district_name": "Thane", "dist_lgd": 497, "subdistrict_name": "Murbad", "sdcode": 4171, "block_name": "Murbad", "block_lgd": 222.0, "gp_name": "", "state_name": "MAHARASHTRA", "state_lgd": 27, "population": 309, "households": 73}, "geometry": {"type": "Polygon", "coordinates": [[[73.59326, 19.25627], [73.59539000000001, 19.255390000000002], [73.59761, 19.252860000000002], [73.59793, 19.24866], [73.59575000000001, 19.24559], [73.59367, 19.244870000000002], [73.58953000000001, 19.2455], [73.58648000000001, 19.24397], [73.58800000000001, 19.24756], [73.58857, 19.25178], [73.58173000000001, 19.257440000000003], [73.58113, 19.257330000000003], [73.58065, 19.26125], [73.58208, 19.26273], [73.58680000000001, 19.263720000000003], [73.59279000000001, 19.25794], [73.59326, 19.25627]]]}}, {"id": "638", "type": "Feature", "properties": {"village_name": "Dhasai", "vil_lgd": 553174, "district_name": "Thane", "dist_lgd": 497, "subdistrict_name": "Murbad", "sdcode": 4171, "block_name": "Murbad", "block_lgd": 222.0, "gp_name": "", "state_name": "MAHARASHTRA", "state_lgd": 27, "population": 3053, "households": 679}, "geometry": {"type": "Polygon", "coordinates": [[[73.60251000000001, 19.26741], [73.60733, 19.264300000000002], [73.6085, 19.26136], [73.61110000000001, 19.258000000000003], [73.61014, 19.25071], [73.60875, 19.25026], [73.60040000000001, 19.24822], [73.59793, 19.24866], [73.59761, 19.252860000000002], [73.59539000000001, 19.255390000000002], [73.59326, 19.25627], [73.59279000000001, 19.25794], [73.58680000000001, 19.263720000000003], [73.58796000000001, 19.26802], [73.58863000000001, 19.269360000000002], [73.58901, 19.26951], [73.59235000000001, 19.27093], [73.59736000000001, 19.270590000000002], [73.60063000000001, 19.27168], [73.60167000000001, 19.2708], [73.60251000000001, 19.26741]], [[73.60173, 19.2572], [73.60231, 19.258270000000003], [73.60147, 19.258840000000003], [73.60058000000001, 19.25794], [73.60134000000001, 19.25718], [73.60173, 19.2572]]]}}, {"id": "639", "type": "Feature", "properties": {"village_name": "Khedale", "vil_lgd": 553168, "district_name": "Thane", "dist_lgd": 497, "subdistrict_name": "Murbad", "sdcode": 4171, "block_name": "Murbad", "block_lgd": 222.0, "gp_name": "", "state_name": "MAHARASHTRA", "state_lgd": 27, "population": 623, "households": 122}, "geometry": {"type": "Polygon", "coordinates": [[[73.55684000000001, 19.26839], [73.55841000000001, 19.249940000000002], [73.55548, 19.24378], [73.55455, 19.2464], [73.55170000000001, 19.24586], [73.55184000000001, 19.251920000000002], [73.54656, 19.262690000000003], [73.54467000000001, 19.273380000000003], [73.54676, 19.27558], [73.55834, 19.27184], [73.55684000000001, 19.26839]]]}}, {"id": "640", "type": "Feature", "properties": {"village_name": "Ojiwale", "vil_lgd": 553171, "district_name": "Thane", "dist_lgd": 497, "subdistrict_name": "Murbad", "sdcode": 4171, "block_name": "Murbad", "block_lgd": 222.0, "gp_name": "", "state_name": "MAHARASHTRA", "state_lgd": 27, "population": 380, "households": 92}, "geometry": {"type": "Polygon", "coordinates": [[[73.59099, 19.28078], [73.59092000000001, 19.27633], [73.58901, 19.26951], [73.58863000000001, 19.269360000000002], [73.57677000000001, 19.267570000000003], [73.57497000000001, 19.27689], [73.57606000000001, 19.277130000000003], [73.57559, 19.28215], [73.57617, 19.2831], [73.58569, 19.279980000000002], [73.58961000000001, 19.279790000000002], [73.59099, 19.28078]]]}}, {"id": "641", "type": "Feature", "properties": {"village_name": "Chafe", "vil_lgd": 553176, "district_name": "Thane", "dist_lgd": 497, "subdistrict_name": "Murbad", "sdcode": 4171, "block_name": "Murbad", "block_lgd": 222.0, "gp_name": "", "state_name": "MAHARASHTRA", "state_lgd": 27, "population": 303, "households": 69}, "geometry": {"type": "Polygon", "coordinates": [[[73.61474000000001, 19.270000000000003], [73.61103, 19.262870000000003], [73.6085, 19.26136], [73.60733, 19.264300000000002], [73.60251000000001, 19.26741], [73.60167000000001, 19.2708], [73.60063000000001, 19.27168], [73.59736000000001, 19.270590000000002], [73.59235000000001, 19.27093], [73.58901, 19.26951], [73.59092000000001, 19.27633], [73.59099, 19.28078], [73.59414000000001, 19.28497], [73.59679000000001, 19.28628], [73.60448000000001, 19.28695], [73.60483, 19.28284], [73.60632000000001, 19.28077], [73.60834000000001, 19.27956], [73.61594000000001, 19.279110000000003], [73.61789, 19.277820000000002], [73.62073000000001, 19.272940000000002], [73.61474000000001, 19.270000000000003]]]}}, {"id": "642", "type": "Feature", "properties": {"village_name": "Dahigaon", "vil_lgd": 553180, "district_name": "Thane", "dist_lgd": 497, "subdistrict_name": "Murbad", "sdcode": 4171, "block_name": "Murbad", "block_lgd": 222.0, "gp_name": "", "state_name": "MAHARASHTRA", "state_lgd": 27, "population": 496, "households": 109}, "geometry": {"type": "Polygon", "coordinates": [[[73.62505, 19.25954], [73.61976, 19.25475], [73.61916000000001, 19.256140000000002], [73.61702000000001, 19.25654], [73.61188, 19.25533], [73.61174000000001, 19.257350000000002], [73.61110000000001, 19.258000000000003], [73.6085, 19.26136], [73.61103, 19.262870000000003], [73.61474000000001, 19.270000000000003], [73.62073000000001, 19.272940000000002], [73.62429, 19.2729], [73.6273, 19.26913], [73.62505, 19.25954]]]}}, {"id": "643", "type": "Feature", "properties": {"village_name": "Parhe", "vil_lgd": 553169, "district_name": "Thane", "dist_lgd": 497, "subdistrict_name": "Murbad", "sdcode": 4171, "block_name": "Murbad", "block_lgd": 222.0, "gp_name": "", "state_name": "MAHARASHTRA", "state_lgd": 27, "population": 705, "households": 177}, "geometry": {"type": "Polygon", "coordinates": [[[73.56939000000001, 19.26031], [73.57379, 19.25315], [73.57270000000001, 19.25169], [73.57146, 19.250700000000002], [73.56614, 19.251240000000003], [73.56224, 19.248910000000002], [73.55925, 19.24491], [73.55954000000001, 19.241410000000002], [73.55883, 19.2402], [73.55683, 19.239530000000002], [73.55548, 19.24378], [73.55841000000001, 19.249940000000002], [73.55684000000001, 19.26839], [73.55834, 19.27184], [73.56415000000001, 19.269150000000003], [73.56765, 19.268800000000002], [73.56939000000001, 19.26031]]]}}, {"id": "644", "type": "Feature", "properties": {"village_name": "Kalambhad", "vil_lgd": 553246, "district_name": "Thane", "dist_lgd": 497, "subdistrict_name": "Murbad", "sdcode": 4171, "block_name": "Murbad", "block_lgd": 222.0, "gp_name": "", "state_name": "MAHARASHTRA", "state_lgd": 27, "population": 1017, "households": 208}, "geometry": {"type": "Polygon", "coordinates": [[[73.60961, 19.244130000000002], [73.61353000000001, 19.23627], [73.61951, 19.230510000000002], [73.62085, 19.223360000000003], [73.61901, 19.21228], [73.6178, 19.21207], [73.61426, 19.21609], [73.60471000000001, 19.21883], [73.60088, 19.22069], [73.59896, 19.22278], [73.59839000000001, 19.229830000000003], [73.59367, 19.244870000000002], [73.59575000000001, 19.24559], [73.59793, 19.24866], [73.60040000000001, 19.24822], [73.60875, 19.25026], [73.60961, 19.244130000000002]], [[73.61009, 19.226280000000003], [73.6092, 19.22719], [73.60831, 19.226280000000003], [73.60933, 19.225520000000003], [73.61009, 19.226280000000003]]]}}, {"id": "645", "type": "Feature", "properties": {"village_name": "Padale", "vil_lgd": 553242, "district_name": "Thane", "dist_lgd": 497, "subdistrict_name": "Murbad", "sdcode": 4171, "block_name": "Murbad", "block_lgd": 222.0, "gp_name": "", "state_name": "MAHARASHTRA", "state_lgd": 27, "population": 644, "households": 123}, "geometry": {"type": "Polygon", "coordinates": [[[73.55683, 19.239530000000002], [73.55564000000001, 19.230970000000003], [73.55663000000001, 19.21974], [73.55221, 19.22352], [73.54860000000001, 19.224860000000003], [73.54575000000001, 19.226570000000002], [73.54508000000001, 19.230520000000002], [73.54157000000001, 19.233030000000003], [73.54177, 19.23431], [73.54271, 19.23788], [73.54194000000001, 19.24302], [73.54656, 19.245320000000003], [73.55170000000001, 19.24586], [73.55455, 19.2464], [73.55548, 19.24378], [73.55683, 19.239530000000002]]]}}, {"id": "646", "type": "Feature", "properties": {"village_name": "Thune", "vil_lgd": 553241, "district_name": "Thane", "dist_lgd": 497, "subdistrict_name": "Murbad", "sdcode": 4171, "block_name": "Murbad", "block_lgd": 222.0, "gp_name": "", "state_name": "MAHARASHTRA", "state_lgd": 27, "population": 740, "households": 158}, "geometry": {"type": "Polygon", "coordinates": [[[73.53858000000001, 19.24747], [73.53986, 19.244110000000003], [73.54114000000001, 19.242630000000002], [73.54194000000001, 19.24302], [73.54271, 19.23788], [73.54177, 19.23431], [73.53767, 19.23222], [73.53348000000001, 19.23159], [73.52968, 19.23159], [73.52616, 19.232760000000003], [73.52789, 19.24866], [73.52959000000001, 19.248420000000003], [73.53116, 19.250700000000002], [73.53858000000001, 19.24747]]]}}, {"id": "647", "type": "Feature", "properties": {"village_name": "Kalambhe", "vil_lgd": 553253, "district_name": "Thane", "dist_lgd": 497, "subdistrict_name": "Murbad", "sdcode": 4171, "block_name": "Murbad", "block_lgd": 222.0, "gp_name": "", "state_name": "MAHARASHTRA", "state_lgd": 27, "population": 1299, "households": 267}, "geometry": {"type": "Polygon", "coordinates": [[[73.54508000000001, 19.230520000000002], [73.54575000000001, 19.226570000000002], [73.54860000000001, 19.224860000000003], [73.54813, 19.2219], [73.54645000000001, 19.21856], [73.53621000000001, 19.215770000000003], [73.53483, 19.216050000000003], [73.53136, 19.216440000000002], [73.52758, 19.215290000000003], [73.52188000000001, 19.21348], [73.51929000000001, 19.213540000000002], [73.51746, 19.213880000000003], [73.51532, 19.2163], [73.51496, 19.217450000000003], [73.51432000000001, 19.222700000000003], [73.51043, 19.22991], [73.51675, 19.23195], [73.52616, 19.232760000000003], [73.52968, 19.23159], [73.53348000000001, 19.23159], [73.53767, 19.23222], [73.54177, 19.23431], [73.54157000000001, 19.233030000000003], [73.54508000000001, 19.230520000000002]]]}}, {"id": "648", "type": "Feature", "properties": {"village_name": "Mandwat", "vil_lgd": 553243, "district_name": "Thane", "dist_lgd": 497, "subdistrict_name": "Murbad", "sdcode": 4171, "block_name": "Murbad", "block_lgd": 222.0, "gp_name": "", "state_name": "MAHARASHTRA", "state_lgd": 27, "population": 177, "households": 43}, "geometry": {"type": "Polygon", "coordinates": [[[73.57268, 19.24794], [73.56714000000001, 19.24283], [73.56595, 19.24193], [73.56186000000001, 19.23938], [73.55954000000001, 19.241410000000002], [73.55925, 19.24491], [73.56224, 19.248910000000002], [73.56614, 19.251240000000003], [73.57146, 19.250700000000002], [73.57270000000001, 19.25169], [73.57268, 19.24794]]]}}, {"id": "649", "type": "Feature", "properties": {"village_name": "Mahaj", "vil_lgd": 553244, "district_name": "Thane", "dist_lgd": 497, "subdistrict_name": "Murbad", "sdcode": 4171, "block_name": "Murbad", "block_lgd": 222.0, "gp_name": "", "state_name": "MAHARASHTRA", "state_lgd": 27, "population": 596, "households": 130}, "geometry": {"type": "Polygon", "coordinates": [[[73.58857, 19.25178], [73.58800000000001, 19.24756], [73.58648000000001, 19.24397], [73.58216, 19.242700000000003], [73.57918000000001, 19.242700000000003], [73.57458000000001, 19.24296], [73.56998, 19.24193], [73.56714000000001, 19.24283], [73.57268, 19.24794], [73.57270000000001, 19.25169], [73.57379, 19.25315], [73.57707, 19.253040000000002], [73.57878000000001, 19.253760000000003], [73.58113, 19.257330000000003], [73.58173000000001, 19.257440000000003], [73.58857, 19.25178]]]}}, {"id": "650", "type": "Feature", "properties": {"village_name": "Koloshi", "vil_lgd": 553251, "district_name": "Thane", "dist_lgd": 497, "subdistrict_name": "Murbad", "sdcode": 4171, "block_name": "Murbad", "block_lgd": 222.0, "gp_name": "", "state_name": "MAHARASHTRA", "state_lgd": 27, "population": 821, "households": 188}, "geometry": {"type": "Polygon", "coordinates": [[[73.57187, 19.228], [73.57174, 19.225450000000002], [73.57025, 19.222510000000003], [73.56660000000001, 19.219140000000003], [73.55808, 19.21884], [73.55663000000001, 19.21974], [73.55564000000001, 19.230970000000003], [73.55683, 19.239530000000002], [73.55883, 19.2402], [73.55954000000001, 19.241410000000002], [73.56186000000001, 19.23938], [73.56595, 19.24193], [73.56673, 19.23695], [73.56944, 19.23452], [73.56957000000001, 19.231070000000003], [73.5712, 19.22915], [73.57187, 19.228]]]}}, {"id": "651", "type": "Feature", "properties": {"village_name": "Jaigaon", "vil_lgd": 553249, "district_name": "Thane", "dist_lgd": 497, "subdistrict_name": "Murbad", "sdcode": 4171, "block_name": "Murbad", "block_lgd": 222.0, "gp_name": "", "state_name": "MAHARASHTRA", "state_lgd": 27, "population": 496, "households": 100}, "geometry": {"type": "Polygon", "coordinates": [[[73.57959000000001, 19.23797], [73.58243, 19.233120000000003], [73.58662000000001, 19.22979], [73.58879, 19.22915], [73.59064000000001, 19.22635], [73.58527000000001, 19.22698], [73.58216, 19.22954], [73.57485000000001, 19.22775], [73.5712, 19.22915], [73.56957000000001, 19.231070000000003], [73.56944, 19.23452], [73.56673, 19.23695], [73.56595, 19.24193], [73.56714000000001, 19.24283], [73.56998, 19.24193], [73.57458000000001, 19.24296], [73.57918000000001, 19.242700000000003], [73.57959000000001, 19.23797]]]}}, {"id": "652", "type": "Feature", "properties": {"village_name": "Hedavali", "vil_lgd": 553214, "district_name": "Thane", "dist_lgd": 497, "subdistrict_name": "Murbad", "sdcode": 4171, "block_name": "Murbad", "block_lgd": 222.0, "gp_name": "", "state_name": "MAHARASHTRA", "state_lgd": 27, "population": 281, "households": 53}, "geometry": {"type": "Polygon", "coordinates": [[[73.60687, 19.31088], [73.60364000000001, 19.309980000000003], [73.60212, 19.31034], [73.60021, 19.31276], [73.60021, 19.31698], [73.59689, 19.31635], [73.59936, 19.32129], [73.60497000000001, 19.32461], [73.60833000000001, 19.3306], [73.61042, 19.330070000000003], [73.6109, 19.329060000000002], [73.61219000000001, 19.3229], [73.61124000000001, 19.31904], [73.60687, 19.31088]]]}}, {"id": "653", "type": "Feature", "properties": {"village_name": "Kheware", "vil_lgd": 553245, "district_name": "Thane", "dist_lgd": 497, "subdistrict_name": "Murbad", "sdcode": 4171, "block_name": "Murbad", "block_lgd": 222.0, "gp_name": "", "state_name": "MAHARASHTRA", "state_lgd": 27, "population": 814, "households": 160}, "geometry": {"type": "Polygon", "coordinates": [[[73.59839000000001, 19.229830000000003], [73.59896, 19.22278], [73.59583, 19.22494], [73.59064000000001, 19.22635], [73.58879, 19.22915], [73.58662000000001, 19.22979], [73.58243, 19.233120000000003], [73.57959000000001, 19.23797], [73.57918000000001, 19.242700000000003], [73.58216, 19.242700000000003], [73.58648000000001, 19.24397], [73.58953000000001, 19.2455], [73.59367, 19.244870000000002], [73.59839000000001, 19.229830000000003]]]}}, {"id": "654", "type": "Feature", "properties": {"village_name": "Madh", "vil_lgd": 553247, "district_name": "Thane", "dist_lgd": 497, "subdistrict_name": "Murbad", "sdcode": 4171, "block_name": "Murbad", "block_lgd": 222.0, "gp_name": "", "state_name": "MAHARASHTRA", "state_lgd": 27, "population": 798, "households": 165}, "geometry": {"type": "Polygon", "coordinates": [[[73.62078000000001, 19.24259], [73.62301000000001, 19.23628], [73.62658, 19.231650000000002], [73.62702, 19.225340000000003], [73.6294, 19.220850000000002], [73.63737, 19.214660000000002], [73.63639, 19.21385], [73.63434000000001, 19.20829], [73.62956000000001, 19.203960000000002], [73.62692000000001, 19.2057], [73.62644, 19.21086], [73.62301000000001, 19.216320000000003], [73.62252000000001, 19.21649], [73.62231000000001, 19.213050000000003], [73.61901, 19.21228], [73.62085, 19.223360000000003], [73.61951, 19.230510000000002], [73.61353000000001, 19.23627], [73.60961, 19.244130000000002], [73.60875, 19.25026], [73.61014, 19.25071], [73.61954, 19.249100000000002], [73.62078000000001, 19.24259]]]}}, {"id": "655", "type": "Feature", "properties": {"village_name": "Durgapur", "vil_lgd": 553248, "district_name": "Thane", "dist_lgd": 497, "subdistrict_name": "Murbad", "sdcode": 4171, "block_name": "Murbad", "block_lgd": 222.0, "gp_name": "", "state_name": "MAHARASHTRA", "state_lgd": 27, "population": 875, "households": 156}, "geometry": {"type": "Polygon", "coordinates": [[[73.60831, 19.226280000000003], [73.6092, 19.22719], [73.61009, 19.226280000000003], [73.60933, 19.225520000000003], [73.60831, 19.226280000000003]]]}}, {"id": "656", "type": "Feature", "properties": {"village_name": "Shirpur", "vil_lgd": 553175, "district_name": "Thane", "dist_lgd": 497, "subdistrict_name": "Murbad", "sdcode": 4171, "block_name": "Murbad", "block_lgd": 222.0, "gp_name": "", "state_name": "MAHARASHTRA", "state_lgd": 27, "population": 424, "households": 90}, "geometry": {"type": "Polygon", "coordinates": [[[73.60134000000001, 19.25718], [73.60058000000001, 19.25794], [73.60147, 19.258840000000003], [73.60231, 19.258270000000003], [73.60173, 19.2572], [73.60134000000001, 19.25718]]]}}, {"id": "657", "type": "Feature", "properties": {"village_name": "Kisal", "vil_lgd": 553144, "district_name": "Thane", "dist_lgd": 497, "subdistrict_name": "Murbad", "sdcode": 4171, "block_name": "Murbad", "block_lgd": 222.0, "gp_name": "", "state_name": "MAHARASHTRA", "state_lgd": 27, "population": 1150, "households": 234}, "geometry": {"type": "Polygon", "coordinates": [[[73.5732, 19.31868], [73.56759000000001, 19.307380000000002], [73.56027, 19.308960000000003], [73.557, 19.30889], [73.55398000000001, 19.30805], [73.54984, 19.30393], [73.54638, 19.30264], [73.53781000000001, 19.315900000000003], [73.53803, 19.31809], [73.54385, 19.326700000000002], [73.54822, 19.32468], [73.55217, 19.31839], [73.55664, 19.31724], [73.55818000000001, 19.317800000000002], [73.55914, 19.319190000000003], [73.5601, 19.32496], [73.56159000000001, 19.327], [73.56269, 19.327810000000003], [73.56672, 19.32985], [73.56871000000001, 19.328960000000002], [73.57234000000001, 19.3201], [73.5732, 19.31868]], [[73.56584000000001, 19.31799], [73.56642000000001, 19.31907], [73.56558000000001, 19.319640000000003], [73.56469000000001, 19.318730000000002], [73.56544000000001, 19.317970000000003], [73.56584000000001, 19.31799]]]}}, {"id": "658", "type": "Feature", "properties": {"village_name": "Karchonde", "vil_lgd": 553221, "district_name": "Thane", "dist_lgd": 497, "subdistrict_name": "Murbad", "sdcode": 4171, "block_name": "Murbad", "block_lgd": 222.0, "gp_name": "", "state_name": "MAHARASHTRA", "state_lgd": 27, "population": 731, "households": 142}, "geometry": {"type": "Polygon", "coordinates": [[[73.62149000000001, 19.312430000000003], [73.62056000000001, 19.303510000000003], [73.61942, 19.30451], [73.61875, 19.307650000000002], [73.61714, 19.309440000000002], [73.61096, 19.30873], [73.61039000000001, 19.309530000000002], [73.60649000000001, 19.31043], [73.60687, 19.31088], [73.61124000000001, 19.31904], [73.61219000000001, 19.3229], [73.6109, 19.329060000000002], [73.61803, 19.328380000000003], [73.62361, 19.322100000000002], [73.62593000000001, 19.3169], [73.62149000000001, 19.312430000000003]]]}}, {"id": "659", "type": "Feature", "properties": {"village_name": "Sayale", "vil_lgd": 553156, "district_name": "Thane", "dist_lgd": 497, "subdistrict_name": "Murbad", "sdcode": 4171, "block_name": "Murbad", "block_lgd": 222.0, "gp_name": "", "state_name": "MAHARASHTRA", "state_lgd": 27, "population": 722, "households": 171}, "geometry": {"type": "Polygon", "coordinates": [[[73.57034, 19.30037], [73.56993, 19.29745], [73.56203000000001, 19.29466], [73.56060000000001, 19.29568], [73.55855000000001, 19.29542], [73.55390000000001, 19.292910000000003], [73.54893000000001, 19.288140000000002], [73.54761, 19.283520000000003], [73.54529000000001, 19.28084], [73.54344, 19.28347], [73.54088, 19.28374], [73.53703, 19.283530000000003], [73.53786000000001, 19.291780000000003], [73.54379, 19.296590000000002], [73.54638, 19.30264], [73.54984, 19.30393], [73.55398000000001, 19.30805], [73.557, 19.30889], [73.56027, 19.308960000000003], [73.56759000000001, 19.307380000000002], [73.57034, 19.30037]], [[73.54827, 19.292910000000003], [73.54885, 19.293740000000003], [73.54790000000001, 19.29453], [73.54708000000001, 19.29361], [73.54786, 19.29287], [73.54827, 19.292910000000003]]]}}, {"id": "660", "type": "Feature", "properties": {"village_name": "Dhargaon", "vil_lgd": 553147, "district_name": "Thane", "dist_lgd": 497, "subdistrict_name": "Murbad", "sdcode": 4171, "block_name": "Murbad", "block_lgd": 222.0, "gp_name": "", "state_name": "MAHARASHTRA", "state_lgd": 27, "population": 999, "households": 202}, "geometry": {"type": "Polygon", "coordinates": [[[73.53515, 19.33283], [73.53772000000001, 19.32928], [73.54385, 19.326700000000002], [73.53803, 19.31809], [73.53718, 19.319110000000002], [73.53503, 19.318610000000003], [73.53149, 19.31577], [73.52739000000001, 19.31438], [73.52825, 19.31662], [73.52682, 19.31926], [73.52616, 19.325670000000002], [73.52419, 19.335160000000002], [73.52688, 19.335340000000002], [73.52869000000001, 19.33256], [73.53017000000001, 19.33256], [73.53515, 19.33283]]]}}, {"id": "661", "type": "Feature", "properties": {"village_name": "Umaroli Bk", "vil_lgd": 553217, "district_name": "Thane", "dist_lgd": 497, "subdistrict_name": "Murbad", "sdcode": 4171, "block_name": "Murbad", "block_lgd": 222.0, "gp_name": "", "state_name": "MAHARASHTRA", "state_lgd": 27, "population": 738, "households": 164}, "geometry": {"type": "Polygon", "coordinates": [[[73.57559, 19.28215], [73.57606000000001, 19.277130000000003], [73.57497000000001, 19.27689], [73.57011, 19.28096], [73.56816, 19.28538], [73.56199000000001, 19.287860000000002], [73.56116, 19.29032], [73.56203000000001, 19.29466], [73.56993, 19.29745], [73.5719, 19.295910000000003], [73.57387, 19.287770000000002], [73.57617, 19.2831], [73.57559, 19.28215]]]}}, {"id": "662", "type": "Feature", "properties": {"village_name": "Khutal Bangla", "vil_lgd": 553153, "district_name": "Thane", "dist_lgd": 497, "subdistrict_name": "Murbad", "sdcode": 4171, "block_name": "Murbad", "block_lgd": 222.0, "gp_name": "", "state_name": "MAHARASHTRA", "state_lgd": 27, "population": 510, "households": 116}, "geometry": {"type": "Polygon", "coordinates": [[[73.52425000000001, 19.295080000000002], [73.52786, 19.28996], [73.52548, 19.28637], [73.52054000000001, 19.28581], [73.51262000000001, 19.285110000000003], [73.51103, 19.293100000000003], [73.51035, 19.3034], [73.51748, 19.303040000000003], [73.52122, 19.30057], [73.52211000000001, 19.298900000000003], [73.52425000000001, 19.295080000000002]]]}}, {"id": "663", "type": "Feature", "properties": {"village_name": "Ambele Kh", "vil_lgd": 553154, "district_name": "Thane", "dist_lgd": 497, "subdistrict_name": "Murbad", "sdcode": 4171, "block_name": "Murbad", "block_lgd": 222.0, "gp_name": "", "state_name": "MAHARASHTRA", "state_lgd": 27, "population": 795, "households": 185}, "geometry": {"type": "Polygon", "coordinates": [[[73.53703, 19.283530000000003], [73.53223000000001, 19.282600000000002], [73.5291, 19.28386], [73.52548, 19.28637], [73.52786, 19.28996], [73.52425000000001, 19.295080000000002], [73.53786000000001, 19.291780000000003], [73.53703, 19.283530000000003]]]}}, {"id": "664", "type": "Feature", "properties": {"village_name": "Nandgaon", "vil_lgd": 553159, "district_name": "Thane", "dist_lgd": 497, "subdistrict_name": "Murbad", "sdcode": 4171, "block_name": "Murbad", "block_lgd": 222.0, "gp_name": "", "state_name": "MAHARASHTRA", "state_lgd": 27, "population": 699, "households": 147}, "geometry": {"type": "Polygon", "coordinates": [[[73.53223000000001, 19.282600000000002], [73.53703, 19.283530000000003], [73.54088, 19.28374], [73.54060000000001, 19.27758], [73.53889000000001, 19.27408], [73.53471, 19.27354], [73.53128000000001, 19.27192], [73.52235, 19.27156], [73.52235, 19.272730000000003], [73.51901000000001, 19.27577], [73.52128, 19.28121], [73.52054000000001, 19.28581], [73.52548, 19.28637], [73.5291, 19.28386], [73.53223000000001, 19.282600000000002]]]}}, {"id": "665", "type": "Feature", "properties": {"village_name": "Inde", "vil_lgd": 553157, "district_name": "Thane", "dist_lgd": 497, "subdistrict_name": "Murbad", "sdcode": 4171, "block_name": "Murbad", "block_lgd": 222.0, "gp_name": "", "state_name": "MAHARASHTRA", "state_lgd": 27, "population": 885, "households": 197}, "geometry": {"type": "Polygon", "coordinates": [[[73.56116, 19.29032], [73.56199000000001, 19.287860000000002], [73.56816, 19.28538], [73.57011, 19.28096], [73.57497000000001, 19.27689], [73.57677000000001, 19.267570000000003], [73.5741, 19.26752], [73.56765, 19.268800000000002], [73.56415000000001, 19.269150000000003], [73.55834, 19.27184], [73.54676, 19.27558], [73.54529000000001, 19.28084], [73.54761, 19.283520000000003], [73.54893000000001, 19.288140000000002], [73.55390000000001, 19.292910000000003], [73.55855000000001, 19.29542], [73.56060000000001, 19.29568], [73.56203000000001, 19.29466], [73.56116, 19.29032]], [[73.55386, 19.282120000000003], [73.55444, 19.2832], [73.5536, 19.28377], [73.55271, 19.282870000000003], [73.55347, 19.282100000000003], [73.55386, 19.282120000000003]]]}}, {"id": "666", "type": "Feature", "properties": {"village_name": "Nadgaon", "vil_lgd": 552861, "district_name": "Thane", "dist_lgd": 497, "subdistrict_name": "Shahapur", "sdcode": 4167, "block_name": "Shahapur", "block_lgd": 218.0, "gp_name": "", "state_name": "MAHARASHTRA", "state_lgd": 27, "population": 645, "households": 150}, "geometry": {"type": "Polygon", "coordinates": [[[73.5601, 19.32496], [73.55914, 19.319190000000003], [73.55818000000001, 19.317800000000002], [73.55664, 19.31724], [73.55217, 19.31839], [73.54822, 19.32468], [73.54385, 19.326700000000002], [73.53772000000001, 19.32928], [73.5369, 19.33526], [73.55030000000001, 19.336250000000003], [73.5523, 19.334090000000003], [73.55658000000001, 19.33284], [73.56159000000001, 19.327], [73.5601, 19.32496]]]}}, {"id": "667", "type": "Feature", "properties": {"village_name": "Sakhare", "vil_lgd": 553146, "district_name": "Thane", "dist_lgd": 497, "subdistrict_name": "Murbad", "sdcode": 4171, "block_name": "Murbad", "block_lgd": 222.0, "gp_name": "", "state_name": "MAHARASHTRA", "state_lgd": 27, "population": 527, "households": 121}, "geometry": {"type": "Polygon", "coordinates": [[[73.53781000000001, 19.315900000000003], [73.54638, 19.30264], [73.54379, 19.296590000000002], [73.53786000000001, 19.291780000000003], [73.52425000000001, 19.295080000000002], [73.52211000000001, 19.298900000000003], [73.52559000000001, 19.306820000000002], [73.52601, 19.31117], [73.52739000000001, 19.31438], [73.53149, 19.31577], [73.53503, 19.318610000000003], [73.53718, 19.319110000000002], [73.53803, 19.31809], [73.53781000000001, 19.315900000000003]]]}}, {"id": "668", "type": "Feature", "properties": {"village_name": "Sajgaon", "vil_lgd": 553155, "district_name": "Thane", "dist_lgd": 497, "subdistrict_name": "Murbad", "sdcode": 4171, "block_name": "Murbad", "block_lgd": 222.0, "gp_name": "", "state_name": "MAHARASHTRA", "state_lgd": 27, "population": 194, "households": 45}, "geometry": {"type": "Polygon", "coordinates": [[[73.54786, 19.29287], [73.54708000000001, 19.29361], [73.54790000000001, 19.29453], [73.54885, 19.293740000000003], [73.54827, 19.292910000000003], [73.54786, 19.29287]]]}}, {"id": "669", "type": "Feature", "properties": {"village_name": "Mangaon", "vil_lgd": 553158, "district_name": "Thane", "dist_lgd": 497, "subdistrict_name": "Murbad", "sdcode": 4171, "block_name": "Murbad", "block_lgd": 222.0, "gp_name": "", "state_name": "MAHARASHTRA", "state_lgd": 27, "population": 395, "households": 80}, "geometry": {"type": "Polygon", "coordinates": [[[73.55347, 19.282100000000003], [73.55271, 19.282870000000003], [73.5536, 19.28377], [73.55444, 19.2832], [73.55386, 19.282120000000003], [73.55347, 19.282100000000003]]]}}, {"id": "670", "type": "Feature", "properties": {"village_name": "Pargaon", "vil_lgd": 553145, "district_name": "Thane", "dist_lgd": 497, "subdistrict_name": "Murbad", "sdcode": 4171, "block_name": "Murbad", "block_lgd": 222.0, "gp_name": "", "state_name": "MAHARASHTRA", "state_lgd": 27, "population": 526, "households": 112}, "geometry": {"type": "Polygon", "coordinates": [[[73.56544000000001, 19.317970000000003], [73.56469000000001, 19.318730000000002], [73.56558000000001, 19.319640000000003], [73.56642000000001, 19.31907], [73.56584000000001, 19.31799], [73.56544000000001, 19.317970000000003]]]}}, {"id": "671", "type": "Feature", "properties": {"village_name": "Kudshet", "vil_lgd": 553222, "district_name": "Thane", "dist_lgd": 497, "subdistrict_name": "Murbad", "sdcode": 4171, "block_name": "Murbad", "block_lgd": 222.0, "gp_name": "", "state_name": "MAHARASHTRA", "state_lgd": 27, "population": 559, "households": 125}, "geometry": {"type": "Polygon", "coordinates": [[[73.63597, 19.33208], [73.63954000000001, 19.332420000000003], [73.64144, 19.333560000000002], [73.63835, 19.323110000000003], [73.63324, 19.320520000000002], [73.62593000000001, 19.3169], [73.62361, 19.322100000000002], [73.61803, 19.328380000000003], [73.6109, 19.329060000000002], [73.61042, 19.330070000000003], [73.61125000000001, 19.334100000000003], [73.61232000000001, 19.335340000000002], [73.61636, 19.337020000000003], [73.62504000000001, 19.336350000000003], [73.63348, 19.332980000000003], [73.63597, 19.33208]]]}}, {"id": "672", "type": "Feature", "properties": {"village_name": "Khapari", "vil_lgd": 553213, "district_name": "Thane", "dist_lgd": 497, "subdistrict_name": "Murbad", "sdcode": 4171, "block_name": "Murbad", "block_lgd": 222.0, "gp_name": "", "state_name": "MAHARASHTRA", "state_lgd": 27, "population": 1318, "households": 244}, "geometry": {"type": "Polygon", "coordinates": [[[73.60543000000001, 19.331970000000002], [73.60757000000001, 19.330920000000003], [73.60522, 19.32721], [73.60103000000001, 19.326210000000003], [73.59845, 19.324360000000002], [73.59208000000001, 19.312240000000003], [73.58862, 19.307540000000003], [73.58689000000001, 19.30759], [73.58082, 19.311960000000003], [73.57748000000001, 19.313380000000002], [73.57436000000001, 19.31822], [73.5767, 19.319280000000003], [73.57708000000001, 19.32036], [73.57642000000001, 19.329780000000003], [73.57822, 19.33238], [73.57908, 19.335340000000002], [73.58511, 19.33623], [73.58879, 19.334100000000003], [73.59022, 19.334780000000002], [73.59152, 19.33724], [73.59355000000001, 19.3378], [73.59509, 19.339370000000002], [73.59806, 19.34005], [73.60139000000001, 19.33836], [73.60305000000001, 19.33489], [73.60543000000001, 19.331970000000002]]]}}, {"id": "673", "type": "Feature", "properties": {"village_name": "Talavali Bargaon", "vil_lgd": 553220, "district_name": "Thane", "dist_lgd": 497, "subdistrict_name": "Murbad", "sdcode": 4171, "block_name": "Murbad", "block_lgd": 222.0, "gp_name": "", "state_name": "MAHARASHTRA", "state_lgd": 27, "population": 1229, "households": 250}, "geometry": {"type": "Polygon", "coordinates": [[[73.61096, 19.30873], [73.61714, 19.309440000000002], [73.61875, 19.307650000000002], [73.61942, 19.30451], [73.62056000000001, 19.303510000000003], [73.62063, 19.298650000000002], [73.62270000000001, 19.289900000000003], [73.61563000000001, 19.28978], [73.60697, 19.286640000000002], [73.60448000000001, 19.28695], [73.60528000000001, 19.293580000000002], [73.60699000000001, 19.29923], [73.60542000000001, 19.30112], [73.60300000000001, 19.30233], [73.60314000000001, 19.30515], [73.60285, 19.306630000000002], [73.60649000000001, 19.31043], [73.61039000000001, 19.309530000000002], [73.61096, 19.30873]]]}}, {"id": "674", "type": "Feature", "properties": {"village_name": "Vl Kharagan", "vil_lgd": 552863, "district_name": "Thane", "dist_lgd": 497, "subdistrict_name": "Shahapur", "sdcode": 4167, "block_name": "Shahapur", "block_lgd": 218.0, "gp_name": "", "state_name": "MAHARASHTRA", "state_lgd": 27, "population": 7, "households": 2}, "geometry": {"type": "Polygon", "coordinates": [[[73.57908, 19.335340000000002], [73.57822, 19.33238], [73.57642000000001, 19.329780000000003], [73.57708000000001, 19.32036], [73.5767, 19.319280000000003], [73.57436000000001, 19.31822], [73.5732, 19.31868], [73.57234000000001, 19.3201], [73.56871000000001, 19.328960000000002], [73.56672, 19.32985], [73.56269, 19.327810000000003], [73.56257000000001, 19.33032], [73.56342000000001, 19.332120000000003], [73.57309000000001, 19.33821], [73.57423, 19.33821], [73.57689, 19.345840000000003], [73.57765, 19.346110000000003], [73.57870000000001, 19.345480000000002], [73.57908, 19.34333], [73.57908, 19.335340000000002]]]}}, {"id": "675", "type": "Feature", "properties": {"village_name": "Ranjangaon", "vil_lgd": 553218, "district_name": "Thane", "dist_lgd": 497, "subdistrict_name": "Murbad", "sdcode": 4171, "block_name": "Murbad", "block_lgd": 222.0, "gp_name": "", "state_name": "MAHARASHTRA", "state_lgd": 27, "population": 338, "households": 68}, "geometry": {"type": "Polygon", "coordinates": [[[73.58534, 19.28497], [73.58634, 19.285760000000003], [73.58711000000001, 19.28497], [73.58621000000001, 19.284090000000003], [73.58534, 19.28497]]]}}, {"id": "676", "type": "Feature", "properties": {"village_name": "Eklahare", "vil_lgd": 553177, "district_name": "Thane", "dist_lgd": 497, "subdistrict_name": "Murbad", "sdcode": 4171, "block_name": "Murbad", "block_lgd": 222.0, "gp_name": "", "state_name": "MAHARASHTRA", "state_lgd": 27, "population": 521, "households": 121}, "geometry": {"type": "Polygon", "coordinates": [[[73.62534000000001, 19.286620000000003], [73.62833, 19.28665], [73.63137, 19.2891], [73.63348, 19.28752], [73.63431, 19.28102], [73.63744000000001, 19.27759], [73.64074000000001, 19.276120000000002], [73.64038000000001, 19.271050000000002], [73.63573000000001, 19.269440000000003], [73.62941000000001, 19.269940000000002], [73.6273, 19.26913], [73.62429, 19.2729], [73.62073000000001, 19.272940000000002], [73.61789, 19.277820000000002], [73.61594000000001, 19.279110000000003], [73.60834000000001, 19.27956], [73.60632000000001, 19.28077], [73.60483, 19.28284], [73.60448000000001, 19.28695], [73.60697, 19.286640000000002], [73.61563000000001, 19.28978], [73.62270000000001, 19.289900000000003], [73.62534000000001, 19.286620000000003]], [[73.62874000000001, 19.279760000000003], [73.62784, 19.28066], [73.62695000000001, 19.279760000000003], [73.62798000000001, 19.27899], [73.62874000000001, 19.279760000000003]], [[73.62934, 19.271990000000002], [73.62992000000001, 19.27307], [73.62907000000001, 19.27364], [73.62818, 19.272740000000002], [73.62894, 19.271970000000003], [73.62934, 19.271990000000002]]]}}, {"id": "677", "type": "Feature", "properties": {"village_name": "Tokawade", "vil_lgd": 553215, "district_name": "Thane", "dist_lgd": 497, "subdistrict_name": "Murbad", "sdcode": 4171, "block_name": "Murbad", "block_lgd": 222.0, "gp_name": "", "state_name": "MAHARASHTRA", "state_lgd": 27, "population": 1106, "households": 249}, "geometry": {"type": "Polygon", "coordinates": [[[73.60497000000001, 19.32461], [73.59936, 19.32129], [73.59689, 19.31635], [73.60021, 19.31698], [73.60021, 19.31276], [73.60212, 19.31034], [73.60364000000001, 19.309980000000003], [73.60687, 19.31088], [73.60649000000001, 19.31043], [73.60285, 19.306630000000002], [73.60314000000001, 19.30515], [73.59700000000001, 19.302970000000002], [73.59356000000001, 19.3074], [73.58862, 19.307540000000003], [73.59208000000001, 19.312240000000003], [73.59845, 19.324360000000002], [73.60103000000001, 19.326210000000003], [73.60522, 19.32721], [73.60757000000001, 19.330920000000003], [73.60833000000001, 19.3306], [73.60497000000001, 19.32461]]]}}, {"id": "678", "type": "Feature", "properties": {"village_name": "Balegaon", "vil_lgd": 553216, "district_name": "Thane", "dist_lgd": 497, "subdistrict_name": "Murbad", "sdcode": 4171, "block_name": "Murbad", "block_lgd": 222.0, "gp_name": "", "state_name": "MAHARASHTRA", "state_lgd": 27, "population": 1193, "households": 247}, "geometry": {"type": "Polygon", "coordinates": [[[73.57748000000001, 19.313380000000002], [73.58082, 19.311960000000003], [73.58689000000001, 19.30759], [73.58862, 19.307540000000003], [73.59356000000001, 19.3074], [73.59700000000001, 19.302970000000002], [73.59301, 19.301350000000003], [73.58809000000001, 19.295830000000002], [73.59035, 19.28911], [73.59414000000001, 19.28497], [73.59099, 19.28078], [73.58961000000001, 19.279790000000002], [73.58569, 19.279980000000002], [73.57617, 19.2831], [73.57387, 19.287770000000002], [73.5719, 19.295910000000003], [73.56993, 19.29745], [73.57034, 19.30037], [73.56759000000001, 19.307380000000002], [73.5732, 19.31868], [73.57436000000001, 19.31822], [73.57748000000001, 19.313380000000002]], [[73.58711000000001, 19.28497], [73.58634, 19.285760000000003], [73.58534, 19.28497], [73.58621000000001, 19.284090000000003], [73.58711000000001, 19.28497]]]}}, {"id": "679", "type": "Feature", "properties": {"village_name": "Manivali", "vil_lgd": 553219, "district_name": "Thane", "dist_lgd": 497, "subdistrict_name": "Murbad", "sdcode": 4171, "block_name": "Murbad", "block_lgd": 222.0, "gp_name": "", "state_name": "MAHARASHTRA", "state_lgd": 27, "population": 419, "households": 80}, "geometry": {"type": "Polygon", "coordinates": [[[73.59679000000001, 19.28628], [73.59414000000001, 19.28497], [73.59035, 19.28911], [73.58809000000001, 19.295830000000002], [73.59301, 19.301350000000003], [73.59700000000001, 19.302970000000002], [73.60314000000001, 19.30515], [73.60300000000001, 19.30233], [73.60542000000001, 19.30112], [73.60699000000001, 19.29923], [73.60528000000001, 19.293580000000002], [73.60448000000001, 19.28695], [73.59679000000001, 19.28628]]]}}, {"id": "680", "type": "Feature", "properties": {"village_name": "Veluk", "vil_lgd": 553188, "district_name": "Thane", "dist_lgd": 497, "subdistrict_name": "Murbad", "sdcode": 4171, "block_name": "Murbad", "block_lgd": 222.0, "gp_name": "", "state_name": "MAHARASHTRA", "state_lgd": 27, "population": 1360, "households": 272}, "geometry": {"type": "Polygon", "coordinates": [[[73.62067, 19.453030000000002], [73.62079, 19.44914], [73.61813000000001, 19.44031], [73.61710000000001, 19.43925], [73.61725000000001, 19.43427], [73.62031, 19.43044], [73.61760000000001, 19.42856], [73.61511, 19.42839], [73.61104, 19.429570000000002], [73.60997, 19.43286], [73.60477, 19.433470000000003], [73.60505, 19.43972], [73.60787, 19.44159], [73.60976000000001, 19.44517], [73.60876, 19.451490000000003], [73.60912, 19.45276], [73.61095, 19.452810000000003], [73.62067, 19.453030000000002]]]}}, {"id": "681", "type": "Feature", "properties": {"village_name": "Bursunge", "vil_lgd": 553190, "district_name": "Thane", "dist_lgd": 497, "subdistrict_name": "Murbad", "sdcode": 4171, "block_name": "Murbad", "block_lgd": 222.0, "gp_name": "", "state_name": "MAHARASHTRA", "state_lgd": 27, "population": 533, "households": 116}, "geometry": {"type": "Polygon", "coordinates": [[[73.61104, 19.429570000000002], [73.61511, 19.42839], [73.61332, 19.424390000000002], [73.61553, 19.41995], [73.61161000000001, 19.41766], [73.6042, 19.420080000000002], [73.60252000000001, 19.423640000000002], [73.59785000000001, 19.427410000000002], [73.59749000000001, 19.43064], [73.59856, 19.43158], [73.60356, 19.432260000000003], [73.60477, 19.433470000000003], [73.60997, 19.43286], [73.61104, 19.429570000000002]]]}}, {"id": "682", "type": "Feature", "properties": {"village_name": "Mandus", "vil_lgd": 553191, "district_name": "Thane", "dist_lgd": 497, "subdistrict_name": "Murbad", "sdcode": 4171, "block_name": "Murbad", "block_lgd": 222.0, "gp_name": "", "state_name": "MAHARASHTRA", "state_lgd": 27, "population": 355, "households": 72}, "geometry": {"type": "Polygon", "coordinates": [[[73.62224, 19.41524], [73.61824, 19.41982], [73.61553, 19.41995], [73.61332, 19.424390000000002], [73.61511, 19.42839], [73.61760000000001, 19.42856], [73.62031, 19.43044], [73.62352, 19.42257], [73.6268, 19.41982], [73.62744, 19.41713], [73.62694, 19.416120000000003], [73.62224, 19.41524]]]}}, {"id": "683", "type": "Feature", "properties": {"village_name": "Shai", "vil_lgd": 553193, "district_name": "Thane", "dist_lgd": 497, "subdistrict_name": "Murbad", "sdcode": 4171, "block_name": "Murbad", "block_lgd": 222.0, "gp_name": "", "state_name": "MAHARASHTRA", "state_lgd": 27, "population": 744, "households": 157}, "geometry": {"type": "Polygon", "coordinates": [[[73.61197, 19.406100000000002], [73.60691, 19.40697], [73.60206000000001, 19.40663], [73.59864, 19.409260000000003], [73.6012, 19.41101], [73.60327000000001, 19.413700000000002], [73.6042, 19.420080000000002], [73.61161000000001, 19.41766], [73.61083, 19.414640000000002], [73.61176, 19.41215], [73.61197, 19.406100000000002]]]}}, {"id": "684", "type": "Feature", "properties": {"village_name": "Wanote", "vil_lgd": 553195, "district_name": "Thane", "dist_lgd": 497, "subdistrict_name": "Murbad", "sdcode": 4171, "block_name": "Murbad", "block_lgd": 222.0, "gp_name": "", "state_name": "MAHARASHTRA", "state_lgd": 27, "population": 154, "households": 34}, "geometry": {"type": "Polygon", "coordinates": [[[73.61489, 19.40509], [73.61197, 19.406100000000002], [73.61176, 19.41215], [73.61083, 19.414640000000002], [73.61161000000001, 19.41766], [73.61553, 19.41995], [73.61824, 19.41982], [73.62224, 19.41524], [73.61668, 19.40912], [73.61489, 19.40509]]]}}, {"id": "685", "type": "Feature", "properties": {"village_name": "Shelgaon", "vil_lgd": 553194, "district_name": "Thane", "dist_lgd": 497, "subdistrict_name": "Murbad", "sdcode": 4171, "block_name": "Murbad", "block_lgd": 222.0, "gp_name": "", "state_name": "MAHARASHTRA", "state_lgd": 27, "population": 743, "households": 158}, "geometry": {"type": "Polygon", "coordinates": [[[73.63486, 19.398500000000002], [73.63144000000001, 19.3987], [73.62880000000001, 19.400720000000003], [73.62473, 19.394260000000003], [73.62095000000001, 19.393250000000002], [73.62060000000001, 19.39977], [73.62124, 19.403740000000003], [73.61489, 19.40509], [73.61668, 19.40912], [73.62224, 19.41524], [73.62694, 19.416120000000003], [73.63101, 19.413230000000002], [73.63201000000001, 19.41], [73.63645000000001, 19.409390000000002], [73.63699000000001, 19.40454], [73.63643, 19.402800000000003], [73.63486, 19.398500000000002]]]}}, {"id": "686", "type": "Feature", "properties": {"village_name": "Shiroshi", "vil_lgd": 553196, "district_name": "Thane", "dist_lgd": 497, "subdistrict_name": "Murbad", "sdcode": 4171, "block_name": "Murbad", "block_lgd": 222.0, "gp_name": "", "state_name": "MAHARASHTRA", "state_lgd": 27, "population": 1130, "households": 262}, "geometry": {"type": "Polygon", "coordinates": [[[73.60206000000001, 19.40663], [73.60691, 19.40697], [73.61197, 19.406100000000002], [73.61489, 19.40509], [73.62124, 19.403740000000003], [73.62060000000001, 19.39977], [73.62095000000001, 19.393250000000002], [73.62025000000001, 19.39104], [73.61832000000001, 19.38936], [73.61858000000001, 19.387020000000003], [73.61291, 19.387150000000002], [73.60977000000001, 19.386210000000002], [73.60863, 19.38567], [73.60877, 19.38446], [73.60528000000001, 19.383180000000003], [73.60057, 19.379610000000003], [73.59679000000001, 19.38022], [73.59365000000001, 19.37928], [73.59251, 19.37524], [73.58688000000001, 19.374570000000002], [73.57999000000001, 19.370880000000003], [73.57033000000001, 19.37275], [73.56948000000001, 19.37364], [73.56881, 19.37499], [73.56948000000001, 19.376330000000003], [73.57397, 19.37684], [73.57832, 19.37732], [73.57870000000001, 19.386110000000002], [73.58117, 19.384400000000003], [73.58364, 19.384230000000002], [73.58649000000001, 19.39185], [73.59258000000001, 19.390050000000002], [73.59448, 19.390050000000002], [73.59657, 19.3914], [73.59705000000001, 19.394090000000002], [73.59629000000001, 19.39579], [73.59172000000001, 19.39992], [73.59743, 19.40117], [73.598, 19.402160000000002], [73.59714000000001, 19.40566], [73.59806, 19.407870000000003], [73.59864, 19.409260000000003], [73.60206000000001, 19.40663]]]}}, {"id": "687", "type": "Feature", "properties": {"village_name": "Mal", "vil_lgd": 553197, "district_name": "Thane", "dist_lgd": 497, "subdistrict_name": "Murbad", "sdcode": 4171, "block_name": "Murbad", "block_lgd": 222.0, "gp_name": "", "state_name": "MAHARASHTRA", "state_lgd": 27, "population": 3123, "households": 696}, "geometry": {"type": "Polygon", "coordinates": [[[73.62053, 19.379060000000003], [73.62046000000001, 19.37167], [73.62517000000001, 19.3685], [73.62902000000001, 19.368910000000003], [73.63047, 19.368360000000003], [73.62829, 19.36383], [73.62449000000001, 19.36271], [73.62378000000001, 19.361810000000002], [73.62283000000001, 19.357660000000003], [73.61803, 19.357650000000003], [73.61244, 19.355300000000003], [73.61066000000001, 19.35339], [73.61066000000001, 19.35059], [73.61636, 19.338810000000002], [73.61636, 19.337020000000003], [73.61232000000001, 19.335340000000002], [73.61125000000001, 19.334100000000003], [73.61042, 19.330070000000003], [73.60833000000001, 19.3306], [73.60757000000001, 19.330920000000003], [73.60543000000001, 19.331970000000002], [73.60305000000001, 19.33489], [73.60139000000001, 19.33836], [73.59806, 19.34005], [73.59996000000001, 19.34375], [73.59996000000001, 19.34599], [73.59794000000001, 19.350810000000003], [73.59628000000001, 19.352040000000002], [73.59331, 19.358210000000003], [73.59046000000001, 19.35855], [73.58665, 19.35631], [73.58279, 19.355880000000003], [73.58022000000001, 19.357770000000002], [73.57277, 19.358600000000003], [73.57138, 19.35938], [73.57081000000001, 19.361620000000002], [73.58117, 19.365660000000002], [73.58155000000001, 19.36934], [73.57999000000001, 19.370880000000003], [73.58688000000001, 19.374570000000002], [73.59251, 19.37524], [73.59365000000001, 19.37928], [73.59679000000001, 19.38022], [73.60057, 19.379610000000003], [73.60528000000001, 19.383180000000003], [73.60877, 19.38446], [73.60863, 19.38567], [73.60977000000001, 19.386210000000002], [73.61291, 19.387150000000002], [73.61858000000001, 19.387020000000003], [73.62053, 19.379060000000003]]]}}, {"id": "688", "type": "Feature", "properties": {"village_name": "Kochare Bk", "vil_lgd": 553205, "district_name": "Thane", "dist_lgd": 497, "subdistrict_name": "Murbad", "sdcode": 4171, "block_name": "Murbad", "block_lgd": 222.0, "gp_name": "", "state_name": "MAHARASHTRA", "state_lgd": 27, "population": 415, "households": 99}, "geometry": {"type": "Polygon", "coordinates": [[[73.59996000000001, 19.34599], [73.59996000000001, 19.34375], [73.59806, 19.34005], [73.59509, 19.339370000000002], [73.59355000000001, 19.3378], [73.59152, 19.33724], [73.59022, 19.334780000000002], [73.58879, 19.334100000000003], [73.58511, 19.33623], [73.57908, 19.335340000000002], [73.57908, 19.34333], [73.57870000000001, 19.345480000000002], [73.57765, 19.346110000000003], [73.57849, 19.348390000000002], [73.58098000000001, 19.34853], [73.58288, 19.349960000000003], [73.58279, 19.355880000000003], [73.58665, 19.35631], [73.59046000000001, 19.35855], [73.59331, 19.358210000000003], [73.59628000000001, 19.352040000000002], [73.59794000000001, 19.350810000000003], [73.59996000000001, 19.34599]]]}}, {"id": "689", "type": "Feature", "properties": {"village_name": "Kochare Kh", "vil_lgd": 553204, "district_name": "Thane", "dist_lgd": 497, "subdistrict_name": "Murbad", "sdcode": 4171, "block_name": "Murbad", "block_lgd": 222.0, "gp_name": "", "state_name": "MAHARASHTRA", "state_lgd": 27, "population": 182, "households": 37}, "geometry": {"type": "Polygon", "coordinates": [[[73.57765, 19.346110000000003], [73.57689, 19.345840000000003], [73.57423, 19.33821], [73.57309000000001, 19.33821], [73.57166000000001, 19.33857], [73.56872, 19.343410000000002], [73.56273, 19.3487], [73.56339000000001, 19.352030000000003], [73.56482000000001, 19.35328], [73.56938000000001, 19.352300000000003], [73.57356, 19.34889], [73.57849, 19.348390000000002], [73.57765, 19.346110000000003]]]}}, {"id": "690", "type": "Feature", "properties": {"village_name": "Alyani", "vil_lgd": 552907, "district_name": "Thane", "dist_lgd": 497, "subdistrict_name": "Shahapur", "sdcode": 4167, "block_name": "Shahapur", "block_lgd": 218.0, "gp_name": "", "state_name": "MAHARASHTRA", "state_lgd": 27, "population": 1579, "households": 303}, "geometry": {"type": "Polygon", "coordinates": [[[73.41189, 19.33667], [73.41033, 19.3383], [73.40624000000001, 19.339380000000002], [73.40367, 19.33821], [73.40359000000001, 19.33612], [73.39685, 19.33943], [73.39172, 19.354370000000003], [73.39191000000001, 19.358310000000003], [73.39476, 19.36513], [73.39552, 19.366390000000003], [73.40028000000001, 19.368000000000002], [73.40465, 19.36728], [73.40465, 19.36549], [73.40826000000001, 19.36136], [73.40741000000001, 19.354100000000003], [73.40997, 19.347640000000002], [73.41387, 19.34279], [73.41730000000001, 19.340010000000003], [73.41189, 19.33667]]]}}, {"id": "691", "type": "Feature", "properties": {"village_name": "Nandval", "vil_lgd": 552906, "district_name": "Thane", "dist_lgd": 497, "subdistrict_name": "Shahapur", "sdcode": 4167, "block_name": "Shahapur", "block_lgd": 218.0, "gp_name": "", "state_name": "MAHARASHTRA", "state_lgd": 27, "population": 1397, "households": 268}, "geometry": {"type": "Polygon", "coordinates": [[[73.4269, 19.353650000000002], [73.42671, 19.34907], [73.42946, 19.34468], [73.43137, 19.33885], [73.43156, 19.33113], [73.43665, 19.327350000000003], [73.43647, 19.325290000000003], [73.43542000000001, 19.32386], [73.42858000000001, 19.322960000000002], [73.42316000000001, 19.32798], [73.41983, 19.329150000000002], [73.4179, 19.33193], [73.41403000000001, 19.333730000000003], [73.41189, 19.33667], [73.41730000000001, 19.340010000000003], [73.41901, 19.34127], [73.42034000000001, 19.35302], [73.42633000000001, 19.3593], [73.42899000000001, 19.356340000000003], [73.4269, 19.353650000000002]]]}}, {"id": "692", "type": "Feature", "properties": {"village_name": "Gegaon", "vil_lgd": 552905, "district_name": "Thane", "dist_lgd": 497, "subdistrict_name": "Shahapur", "sdcode": 4167, "block_name": "Shahapur", "block_lgd": 218.0, "gp_name": "", "state_name": "MAHARASHTRA", "state_lgd": 27, "population": 1298, "households": 270}, "geometry": {"type": "Polygon", "coordinates": [[[73.44078, 19.352030000000003], [73.44268000000001, 19.34889], [73.44246000000001, 19.347800000000003], [73.44163, 19.34333], [73.44392, 19.3384], [73.44519000000001, 19.33105], [73.44233000000001, 19.329800000000002], [73.43847000000001, 19.33086], [73.43666, 19.33014], [73.43609000000001, 19.329240000000002], [73.43665, 19.327350000000003], [73.43156, 19.33113], [73.43137, 19.33885], [73.42946, 19.34468], [73.42671, 19.34907], [73.4269, 19.353650000000002], [73.42899000000001, 19.356340000000003], [73.43308, 19.35293], [73.44078, 19.352030000000003]]]}}, {"id": "693", "type": "Feature", "properties": {"village_name": "Shelwali", "vil_lgd": 552851, "district_name": "Thane", "dist_lgd": 497, "subdistrict_name": "Shahapur", "sdcode": 4167, "block_name": "Shahapur", "block_lgd": 218.0, "gp_name": "", "state_name": "MAHARASHTRA", "state_lgd": 27, "population": 1322, "households": 256}, "geometry": {"type": "Polygon", "coordinates": [[[73.46027000000001, 19.348360000000003], [73.46145, 19.346760000000003], [73.46244, 19.332050000000002], [73.45463000000001, 19.33507], [73.45263, 19.335160000000002], [73.44683, 19.333550000000002], [73.44519000000001, 19.33105], [73.44392, 19.3384], [73.44163, 19.34333], [73.44246000000001, 19.347800000000003], [73.44952, 19.348270000000003], [73.45247, 19.349790000000002], [73.45665000000001, 19.349790000000002], [73.46027000000001, 19.348360000000003]]]}}, {"id": "694", "type": "Feature", "properties": {"village_name": "Sheel", "vil_lgd": 552853, "district_name": "Thane", "dist_lgd": 497, "subdistrict_name": "Shahapur", "sdcode": 4167, "block_name": "Shahapur", "block_lgd": 218.0, "gp_name": "", "state_name": "MAHARASHTRA", "state_lgd": 27, "population": 984, "households": 187}, "geometry": {"type": "Polygon", "coordinates": [[[73.47702000000001, 19.338420000000003], [73.47441, 19.335510000000003], [73.47185, 19.33828], [73.46423, 19.332230000000003], [73.46244, 19.332050000000002], [73.46145, 19.346760000000003], [73.46342, 19.34851], [73.46820000000001, 19.34917], [73.47229, 19.35282], [73.47484, 19.35065], [73.47760000000001, 19.340690000000002], [73.47702000000001, 19.338420000000003]], [[73.4672, 19.338540000000002], [73.46631000000001, 19.339450000000003], [73.46542000000001, 19.338540000000002], [73.46644, 19.337780000000002], [73.4672, 19.338540000000002]]]}}, {"id": "695", "type": "Feature", "properties": {"village_name": "Kinhavali", "vil_lgd": 552856, "district_name": "Thane", "dist_lgd": 497, "subdistrict_name": "Shahapur", "sdcode": 4167, "block_name": "Shahapur", "block_lgd": 218.0, "gp_name": "", "state_name": "MAHARASHTRA", "state_lgd": 27, "population": 3548, "households": 778}, "geometry": {"type": "Polygon", "coordinates": [[[73.48774, 19.3506], [73.48955000000001, 19.345660000000002], [73.49763, 19.342080000000003], [73.49744000000001, 19.33831], [73.49516000000001, 19.335710000000002], [73.48888000000001, 19.332120000000003], [73.49402, 19.3256], [73.48638000000001, 19.325290000000003], [73.4852, 19.32431], [73.48508000000001, 19.32844], [73.48489000000001, 19.333550000000002], [73.48166, 19.33687], [73.47985, 19.337680000000002], [73.47760000000001, 19.340690000000002], [73.47484, 19.35065], [73.47229, 19.35282], [73.47111000000001, 19.354190000000003], [73.47158, 19.3593], [73.4728, 19.35958], [73.48137000000001, 19.36073], [73.48755000000001, 19.35939], [73.48774, 19.3506]]]}}, {"id": "696", "type": "Feature", "properties": {"village_name": "Kharivali", "vil_lgd": 552859, "district_name": "Thane", "dist_lgd": 497, "subdistrict_name": "Shahapur", "sdcode": 4167, "block_name": "Shahapur", "block_lgd": 218.0, "gp_name": "", "state_name": "MAHARASHTRA", "state_lgd": 27, "population": 1079, "households": 218}, "geometry": {"type": "Polygon", "coordinates": [[[73.53167, 19.352390000000003], [73.53528, 19.34943], [73.53499000000001, 19.34486], [73.53290000000001, 19.34315], [73.53017000000001, 19.33256], [73.52869000000001, 19.33256], [73.52688, 19.335340000000002], [73.52419, 19.335160000000002], [73.52201000000001, 19.330920000000003], [73.51988, 19.335530000000002], [73.51874000000001, 19.336250000000003], [73.51855, 19.33831], [73.5156, 19.33921], [73.51104000000001, 19.343780000000002], [73.51693, 19.34898], [73.51978000000001, 19.35284], [73.52045000000001, 19.35499], [73.52996, 19.35517], [73.53167, 19.352390000000003]]]}}, {"id": "697", "type": "Feature", "properties": {"village_name": "Palsoli", "vil_lgd": 552860, "district_name": "Thane", "dist_lgd": 497, "subdistrict_name": "Shahapur", "sdcode": 4167, "block_name": "Shahapur", "block_lgd": 218.0, "gp_name": "", "state_name": "MAHARASHTRA", "state_lgd": 27, "population": 117, "households": 27}, "geometry": {"type": "Polygon", "coordinates": [[[73.54241, 19.34719], [73.54536, 19.349610000000002], [73.54764, 19.348270000000003], [73.54811000000001, 19.341450000000002], [73.55030000000001, 19.336250000000003], [73.5369, 19.33526], [73.53772000000001, 19.32928], [73.53515, 19.33283], [73.53017000000001, 19.33256], [73.53290000000001, 19.34315], [73.53499000000001, 19.34486], [73.53528, 19.34943], [73.53728000000001, 19.347550000000002], [73.53835000000001, 19.34747], [73.54241, 19.34719]]]}}, {"id": "698", "type": "Feature", "properties": {"village_name": "Sogaon", "vil_lgd": 552862, "district_name": "Thane", "dist_lgd": 497, "subdistrict_name": "Shahapur", "sdcode": 4167, "block_name": "Shahapur", "block_lgd": 218.0, "gp_name": "", "state_name": "MAHARASHTRA", "state_lgd": 27, "population": 1511, "households": 320}, "geometry": {"type": "Polygon", "coordinates": [[[73.55372000000001, 19.352300000000003], [73.55505000000001, 19.35105], [73.56273, 19.3487], [73.56872, 19.343410000000002], [73.57166000000001, 19.33857], [73.57309000000001, 19.33821], [73.56342000000001, 19.332120000000003], [73.56257000000001, 19.33032], [73.56269, 19.327810000000003], [73.56159000000001, 19.327], [73.55658000000001, 19.33284], [73.5523, 19.334090000000003], [73.55030000000001, 19.336250000000003], [73.54811000000001, 19.341450000000002], [73.54764, 19.348270000000003], [73.54536, 19.349610000000002], [73.54422000000001, 19.352120000000003], [73.54498000000001, 19.35302], [73.54848000000001, 19.35394], [73.55372000000001, 19.352300000000003]]]}}, {"id": "699", "type": "Feature", "properties": {"village_name": "Kharangan", "vil_lgd": 552844, "district_name": "Thane", "dist_lgd": 497, "subdistrict_name": "Shahapur", "sdcode": 4167, "block_name": "Shahapur", "block_lgd": 218.0, "gp_name": "", "state_name": "MAHARASHTRA", "state_lgd": 27, "population": 825, "households": 167}, "geometry": {"type": "Polygon", "coordinates": [[[73.58288, 19.349960000000003], [73.58098000000001, 19.34853], [73.57849, 19.348390000000002], [73.57356, 19.34889], [73.56938000000001, 19.352300000000003], [73.56482000000001, 19.35328], [73.56339000000001, 19.352030000000003], [73.56273, 19.3487], [73.55505000000001, 19.35105], [73.55372000000001, 19.352300000000003], [73.55772, 19.35472], [73.56257000000001, 19.356340000000003], [73.57277, 19.358600000000003], [73.58022000000001, 19.357770000000002], [73.58279, 19.355880000000003], [73.58288, 19.349960000000003]]]}}, {"id": "700", "type": "Feature", "properties": {"village_name": "Vithobachegaon", "vil_lgd": 552904, "district_name": "Thane", "dist_lgd": 497, "subdistrict_name": "Shahapur", "sdcode": 4167, "block_name": "Shahapur", "block_lgd": 218.0, "gp_name": "", "state_name": "MAHARASHTRA", "state_lgd": 27, "population": 1165, "households": 213}, "geometry": {"type": "Polygon", "coordinates": [[[73.41730000000001, 19.340010000000003], [73.41387, 19.34279], [73.40997, 19.347640000000002], [73.40741000000001, 19.354100000000003], [73.40826000000001, 19.36136], [73.40465, 19.36549], [73.40465, 19.36728], [73.41082, 19.36991], [73.41807, 19.37181], [73.41902, 19.369010000000003], [73.42633000000001, 19.3593], [73.42034000000001, 19.35302], [73.41901, 19.34127], [73.41730000000001, 19.340010000000003]]]}}, {"id": "701", "type": "Feature", "properties": {"village_name": "Nandgaon", "vil_lgd": 552845, "district_name": "Thane", "dist_lgd": 497, "subdistrict_name": "Shahapur", "sdcode": 4167, "block_name": "Shahapur", "block_lgd": 218.0, "gp_name": "", "state_name": "MAHARASHTRA", "state_lgd": 27, "population": 459, "households": 92}, "geometry": {"type": "Polygon", "coordinates": [[[73.54848000000001, 19.35394], [73.54498000000001, 19.35302], [73.54422000000001, 19.352120000000003], [73.54536, 19.349610000000002], [73.54241, 19.34719], [73.53835000000001, 19.34747], [73.53832000000001, 19.34934], [73.53661000000001, 19.349610000000002], [73.53766, 19.35472], [73.5368, 19.357860000000002], [73.54041000000001, 19.360200000000003], [73.54155, 19.360200000000003], [73.54260000000001, 19.358400000000003], [73.54745000000001, 19.35724], [73.5484, 19.355620000000002], [73.54848000000001, 19.35394]]]}}, {"id": "702", "type": "Feature", "properties": {"village_name": "Savaroli", "vil_lgd": 552843, "district_name": "Thane", "dist_lgd": 497, "subdistrict_name": "Shahapur", "sdcode": 4167, "block_name": "Shahapur", "block_lgd": 218.0, "gp_name": "", "state_name": "MAHARASHTRA", "state_lgd": 27, "population": 2080, "households": 405}, "geometry": {"type": "Polygon", "coordinates": [[[73.57008, 19.388360000000002], [73.57397, 19.37684], [73.56948000000001, 19.376330000000003], [73.56881, 19.37499], [73.56948000000001, 19.37364], [73.57033000000001, 19.37275], [73.57999000000001, 19.370880000000003], [73.58155000000001, 19.36934], [73.58117, 19.365660000000002], [73.57081000000001, 19.361620000000002], [73.57138, 19.35938], [73.57277, 19.358600000000003], [73.56257000000001, 19.356340000000003], [73.55772, 19.35472], [73.55372000000001, 19.352300000000003], [73.54848000000001, 19.35394], [73.5484, 19.355620000000002], [73.54745000000001, 19.35724], [73.54260000000001, 19.358400000000003], [73.54155, 19.360200000000003], [73.54041000000001, 19.360200000000003], [73.54032000000001, 19.36351], [73.54193000000001, 19.364050000000002], [73.54289, 19.36567], [73.54289, 19.36773], [73.54498000000001, 19.370420000000003], [73.54564, 19.37715], [73.54231, 19.384050000000002], [73.5407, 19.38585], [73.55040000000001, 19.38603], [73.55505000000001, 19.388630000000003], [73.55692, 19.388460000000002], [73.56066000000001, 19.388990000000003], [73.56608, 19.39114], [73.56827000000001, 19.39105], [73.57008, 19.388360000000002]]]}}, {"id": "703", "type": "Feature", "properties": {"village_name": "Chikhalgaon", "vil_lgd": 552848, "district_name": "Thane", "dist_lgd": 497, "subdistrict_name": "Shahapur", "sdcode": 4167, "block_name": "Shahapur", "block_lgd": 218.0, "gp_name": "", "state_name": "MAHARASHTRA", "state_lgd": 27, "population": 1962, "households": 375}, "geometry": {"type": "Polygon", "coordinates": [[[73.50575, 19.36325], [73.51136000000001, 19.36352], [73.51212000000001, 19.362440000000003], [73.51972, 19.362530000000003], [73.52045000000001, 19.35499], [73.51978000000001, 19.35284], [73.51693, 19.34898], [73.51104000000001, 19.343780000000002], [73.49763, 19.342080000000003], [73.48955000000001, 19.345660000000002], [73.48774, 19.3506], [73.48755000000001, 19.35939], [73.49025, 19.362170000000003], [73.49354000000001, 19.369300000000003], [73.49795, 19.37562], [73.50214000000001, 19.378130000000002], [73.50461, 19.378220000000002], [73.50546, 19.37491], [73.50575, 19.36325]]]}}, {"id": "704", "type": "Feature", "properties": {"village_name": "Vehloli Kh", "vil_lgd": 552847, "district_name": "Thane", "dist_lgd": 497, "subdistrict_name": "Shahapur", "sdcode": 4167, "block_name": "Shahapur", "block_lgd": 218.0, "gp_name": "", "state_name": "MAHARASHTRA", "state_lgd": 27, "population": 588, "households": 109}, "geometry": {"type": "Polygon", "coordinates": [[[73.51972, 19.362530000000003], [73.51212000000001, 19.362440000000003], [73.51136000000001, 19.36352], [73.50575, 19.36325], [73.50546, 19.37491], [73.50461, 19.378220000000002], [73.50927, 19.37984], [73.51583000000001, 19.380380000000002], [73.52429000000001, 19.37535], [73.52448000000001, 19.36728], [73.51972, 19.362530000000003]]]}}, {"id": "705", "type": "Feature", "properties": {"village_name": "Kanadi", "vil_lgd": 552842, "district_name": "Thane", "dist_lgd": 497, "subdistrict_name": "Shahapur", "sdcode": 4167, "block_name": "Shahapur", "block_lgd": 218.0, "gp_name": "", "state_name": "MAHARASHTRA", "state_lgd": 27, "population": 969, "households": 199}, "geometry": {"type": "Polygon", "coordinates": [[[73.54231, 19.384050000000002], [73.54564, 19.37715], [73.54498000000001, 19.370420000000003], [73.54289, 19.36773], [73.54289, 19.36567], [73.54193000000001, 19.364050000000002], [73.54032000000001, 19.36351], [73.54041000000001, 19.360200000000003], [73.5368, 19.357860000000002], [73.53216, 19.35688], [73.52996, 19.35517], [73.52045000000001, 19.35499], [73.51972, 19.362530000000003], [73.52448000000001, 19.36728], [73.52429000000001, 19.37535], [73.53113, 19.376340000000003], [73.53208000000001, 19.382440000000003], [73.53389, 19.38522], [73.5407, 19.38585], [73.54231, 19.384050000000002]]]}}, {"id": "706", "type": "Feature", "properties": {"village_name": "Dahivali Tarf Korkada", "vil_lgd": 552841, "district_name": "Thane", "dist_lgd": 497, "subdistrict_name": "Shahapur", "sdcode": 4167, "block_name": "Shahapur", "block_lgd": 218.0, "gp_name": "", "state_name": "MAHARASHTRA", "state_lgd": 27, "population": 145, "households": 27}, "geometry": {"type": "Polygon", "coordinates": [[[73.52429000000001, 19.37535], [73.51583000000001, 19.380380000000002], [73.51792, 19.386570000000003], [73.51906000000001, 19.3941], [73.52657, 19.39338], [73.52809, 19.392570000000003], [73.53028, 19.38728], [73.53389, 19.38522], [73.53208000000001, 19.382440000000003], [73.53113, 19.376340000000003], [73.52429000000001, 19.37535]]]}}, {"id": "707", "type": "Feature", "properties": {"village_name": "Cherwali", "vil_lgd": 552849, "district_name": "Thane", "dist_lgd": 497, "subdistrict_name": "Shahapur", "sdcode": 4167, "block_name": "Shahapur", "block_lgd": 218.0, "gp_name": "", "state_name": "MAHARASHTRA", "state_lgd": 27, "population": 902, "households": 186}, "geometry": {"type": "Polygon", "coordinates": [[[73.49025, 19.362170000000003], [73.48755000000001, 19.35939], [73.48137000000001, 19.36073], [73.4728, 19.35958], [73.46924, 19.36343], [73.47143000000001, 19.36549], [73.47523000000001, 19.36737], [73.47681, 19.37171], [73.47789, 19.37365], [73.48055000000001, 19.374370000000003], [73.48959, 19.374280000000002], [73.49225000000001, 19.372130000000002], [73.49354000000001, 19.369300000000003], [73.49025, 19.362170000000003]]]}}, {"id": "708", "type": "Feature", "properties": {"village_name": "Babhale", "vil_lgd": 552850, "district_name": "Thane", "dist_lgd": 497, "subdistrict_name": "Shahapur", "sdcode": 4167, "block_name": "Shahapur", "block_lgd": 218.0, "gp_name": "", "state_name": "MAHARASHTRA", "state_lgd": 27, "population": 730, "households": 150}, "geometry": {"type": "Polygon", "coordinates": [[[73.46439000000001, 19.36298], [73.46924, 19.36343], [73.4728, 19.35958], [73.47158, 19.3593], [73.47111000000001, 19.354190000000003], [73.47229, 19.35282], [73.46820000000001, 19.34917], [73.46342, 19.34851], [73.46145, 19.346760000000003], [73.46027000000001, 19.348360000000003], [73.45665000000001, 19.349790000000002], [73.45247, 19.349790000000002], [73.44814000000001, 19.356070000000003], [73.44871, 19.35742], [73.45060000000001, 19.358220000000003], [73.45717, 19.358220000000003], [73.45983000000001, 19.35742], [73.46135000000001, 19.3593], [73.46135000000001, 19.362170000000003], [73.45926, 19.36316], [73.45907000000001, 19.364050000000002], [73.46107, 19.36513], [73.46306000000001, 19.364500000000003], [73.46439000000001, 19.36298]]]}}, {"id": "709", "type": "Feature", "properties": {"village_name": "Partoli", "vil_lgd": 552837, "district_name": "Thane", "dist_lgd": 497, "subdistrict_name": "Shahapur", "sdcode": 4167, "block_name": "Shahapur", "block_lgd": 218.0, "gp_name": "", "state_name": "MAHARASHTRA", "state_lgd": 27, "population": 546, "households": 108}, "geometry": {"type": "Polygon", "coordinates": [[[73.47523000000001, 19.36737], [73.47143000000001, 19.36549], [73.46924, 19.36343], [73.46439000000001, 19.36298], [73.46306000000001, 19.364500000000003], [73.46534000000001, 19.36468], [73.46525000000001, 19.374550000000003], [73.46596000000001, 19.37584], [73.46667000000001, 19.37715], [73.47304000000001, 19.378220000000002], [73.4758, 19.378670000000003], [73.47637, 19.37724], [73.47504, 19.37302], [73.47681, 19.37171], [73.47523000000001, 19.36737]]]}}, {"id": "710", "type": "Feature", "properties": {"village_name": "Vl Kanave", "vil_lgd": 552838, "district_name": "Thane", "dist_lgd": 497, "subdistrict_name": "Shahapur", "sdcode": 4167, "block_name": "Shahapur", "block_lgd": 218.0, "gp_name": "", "state_name": "MAHARASHTRA", "state_lgd": 27, "population": 872, "households": 189}, "geometry": {"type": "Polygon", "coordinates": [[[73.49187, 19.38935], [73.49539, 19.38701], [73.49938, 19.382890000000003], [73.50214000000001, 19.378130000000002], [73.49795, 19.37562], [73.49354000000001, 19.369300000000003], [73.49225000000001, 19.372130000000002], [73.48959, 19.374280000000002], [73.48055000000001, 19.374370000000003], [73.47789, 19.37365], [73.47681, 19.37171], [73.47504, 19.37302], [73.47637, 19.37724], [73.4758, 19.378670000000003], [73.47304000000001, 19.378220000000002], [73.47361000000001, 19.380740000000003], [73.47875, 19.382620000000003], [73.47922000000001, 19.3871], [73.48121, 19.39102], [73.48224, 19.393060000000002], [73.49035, 19.392570000000003], [73.49187, 19.38935]]]}}, {"id": "711", "type": "Feature", "properties": {"village_name": "Pofodi", "vil_lgd": 552839, "district_name": "Thane", "dist_lgd": 497, "subdistrict_name": "Shahapur", "sdcode": 4167, "block_name": "Shahapur", "block_lgd": 218.0, "gp_name": "", "state_name": "MAHARASHTRA", "state_lgd": 27, "population": 401, "households": 83}, "geometry": {"type": "Polygon", "coordinates": [[[73.49938, 19.382890000000003], [73.49539, 19.38701], [73.49187, 19.38935], [73.49035, 19.392570000000003], [73.49092, 19.39544], [73.49215000000001, 19.396880000000003], [73.49767, 19.40031], [73.50062000000001, 19.400550000000003], [73.50328, 19.402980000000003], [73.50451000000001, 19.39921], [73.50233, 19.388540000000003], [73.49938, 19.382890000000003]]]}}, {"id": "712", "type": "Feature", "properties": {"village_name": "Jambhe", "vil_lgd": 552886, "district_name": "Thane", "dist_lgd": 497, "subdistrict_name": "Shahapur", "sdcode": 4167, "block_name": "Shahapur", "block_lgd": 218.0, "gp_name": "", "state_name": "MAHARASHTRA", "state_lgd": 27, "population": 785, "households": 165}, "geometry": {"type": "Polygon", "coordinates": [[[73.40321, 19.37271], [73.41807, 19.374840000000003], [73.41807, 19.37181], [73.41082, 19.36991], [73.40465, 19.36728], [73.40028000000001, 19.368000000000002], [73.39552, 19.366390000000003], [73.39476, 19.36513], [73.39421, 19.36513], [73.38812, 19.37574], [73.38764, 19.37865], [73.39337, 19.379350000000002], [73.39881000000001, 19.37697], [73.40214, 19.37383], [73.40321, 19.37271]]]}}, {"id": "713", "type": "Feature", "properties": {"village_name": "Nehroli", "vil_lgd": 552885, "district_name": "Thane", "dist_lgd": 497, "subdistrict_name": "Shahapur", "sdcode": 4167, "block_name": "Shahapur", "block_lgd": 218.0, "gp_name": "", "state_name": "MAHARASHTRA", "state_lgd": 27, "population": 875, "households": 181}, "geometry": {"type": "Polygon", "coordinates": [[[73.41807, 19.374840000000003], [73.40321, 19.37271], [73.40214, 19.37383], [73.39881000000001, 19.37697], [73.39337, 19.379350000000002], [73.39595, 19.383170000000003], [73.39652000000001, 19.386760000000002], [73.39861, 19.3933], [73.40696000000001, 19.41226], [73.40988, 19.41327], [73.41145, 19.41223], [73.41563000000001, 19.4064], [73.41696, 19.40191], [73.41807, 19.374840000000003]]]}}, {"id": "714", "type": "Feature", "properties": {"village_name": "Asnoli", "vil_lgd": 552836, "district_name": "Thane", "dist_lgd": 497, "subdistrict_name": "Shahapur", "sdcode": 4167, "block_name": "Shahapur", "block_lgd": 218.0, "gp_name": "", "state_name": "MAHARASHTRA", "state_lgd": 27, "population": 3068, "households": 613}, "geometry": {"type": "Polygon", "coordinates": [[[73.43063000000001, 19.39816], [73.43379, 19.40015], [73.43425, 19.39432], [73.44403000000001, 19.378980000000002], [73.44509000000001, 19.374290000000002], [73.44855000000001, 19.368750000000002], [73.45060000000001, 19.358220000000003], [73.44871, 19.35742], [73.44814000000001, 19.356070000000003], [73.45247, 19.349790000000002], [73.44952, 19.348270000000003], [73.44246000000001, 19.347800000000003], [73.44268000000001, 19.34889], [73.44078, 19.352030000000003], [73.43308, 19.35293], [73.42899000000001, 19.356340000000003], [73.42633000000001, 19.3593], [73.41902, 19.369010000000003], [73.41807, 19.37181], [73.41807, 19.374840000000003], [73.41696, 19.40191], [73.41919, 19.40199], [73.42069000000001, 19.399150000000002], [73.42280000000001, 19.398010000000003], [73.43063000000001, 19.39816]]]}}, {"id": "715", "type": "Feature", "properties": {"village_name": "Mugaon", "vil_lgd": 552835, "district_name": "Thane", "dist_lgd": 497, "subdistrict_name": "Shahapur", "sdcode": 4167, "block_name": "Shahapur", "block_lgd": 218.0, "gp_name": "", "state_name": "MAHARASHTRA", "state_lgd": 27, "population": 2037, "households": 401}, "geometry": {"type": "Polygon", "coordinates": [[[73.46534000000001, 19.36468], [73.46306000000001, 19.364500000000003], [73.46107, 19.36513], [73.45907000000001, 19.364050000000002], [73.45926, 19.36316], [73.46135000000001, 19.362170000000003], [73.46135000000001, 19.3593], [73.45983000000001, 19.35742], [73.45717, 19.358220000000003], [73.45060000000001, 19.358220000000003], [73.44855000000001, 19.368750000000002], [73.44509000000001, 19.374290000000002], [73.44403000000001, 19.378980000000002], [73.43425, 19.39432], [73.43379, 19.40015], [73.44162, 19.40199], [73.44720000000001, 19.39759], [73.44810000000001, 19.39489], [73.45864, 19.38125], [73.46596000000001, 19.37584], [73.46525000000001, 19.374550000000003], [73.46534000000001, 19.36468]]]}}, {"id": "716", "type": "Feature", "properties": {"village_name": "Umbhrai", "vil_lgd": 552834, "district_name": "Thane", "dist_lgd": 497, "subdistrict_name": "Shahapur", "sdcode": 4167, "block_name": "Shahapur", "block_lgd": 218.0, "gp_name": "", "state_name": "MAHARASHTRA", "state_lgd": 27, "population": 1314, "households": 280}, "geometry": {"type": "Polygon", "coordinates": [[[73.46596000000001, 19.37584], [73.45864, 19.38125], [73.44810000000001, 19.39489], [73.44720000000001, 19.39759], [73.45036, 19.397450000000003], [73.45668, 19.394460000000002], [73.48121, 19.39102], [73.47922000000001, 19.3871], [73.47875, 19.382620000000003], [73.47361000000001, 19.380740000000003], [73.47304000000001, 19.378220000000002], [73.46667000000001, 19.37715], [73.46596000000001, 19.37584]]]}}, {"id": "717", "type": "Feature", "properties": {"village_name": "Bedisgaon", "vil_lgd": 552833, "district_name": "Thane", "dist_lgd": 497, "subdistrict_name": "Shahapur", "sdcode": 4167, "block_name": "Shahapur", "block_lgd": 218.0, "gp_name": "", "state_name": "MAHARASHTRA", "state_lgd": 27, "population": 904, "households": 178}, "geometry": {"type": "Polygon", "coordinates": [[[73.47385000000001, 19.403270000000003], [73.47671000000001, 19.39674], [73.47882, 19.39674], [73.48224, 19.393060000000002], [73.48121, 19.39102], [73.45668, 19.394460000000002], [73.45036, 19.397450000000003], [73.44720000000001, 19.39759], [73.44162, 19.40199], [73.44569, 19.40199], [73.44837000000001, 19.40358], [73.45051000000001, 19.40568], [73.45668, 19.40512], [73.46646000000001, 19.40734], [73.47114, 19.40782], [73.474, 19.406820000000003], [73.47385000000001, 19.403270000000003]]]}}, {"id": "718", "type": "Feature", "properties": {"village_name": "Thune", "vil_lgd": 552832, "district_name": "Thane", "dist_lgd": 497, "subdistrict_name": "Shahapur", "sdcode": 4167, "block_name": "Shahapur", "block_lgd": 218.0, "gp_name": "", "state_name": "MAHARASHTRA", "state_lgd": 27, "population": 840, "households": 180}, "geometry": {"type": "Polygon", "coordinates": [[[73.49215000000001, 19.396880000000003], [73.49092, 19.39544], [73.49035, 19.392570000000003], [73.48224, 19.393060000000002], [73.47882, 19.39674], [73.47671000000001, 19.39674], [73.47385000000001, 19.403270000000003], [73.474, 19.406820000000003], [73.47521, 19.41009], [73.47807, 19.412080000000003], [73.48966, 19.41307], [73.49192000000001, 19.41307], [73.49298, 19.41222], [73.49237000000001, 19.40895], [73.49584, 19.40668], [73.49767, 19.40031], [73.49215000000001, 19.396880000000003]]]}}, {"id": "719", "type": "Feature", "properties": {"village_name": "Lavale", "vil_lgd": 552831, "district_name": "Thane", "dist_lgd": 497, "subdistrict_name": "Shahapur", "sdcode": 4167, "block_name": "Shahapur", "block_lgd": 218.0, "gp_name": "", "state_name": "MAHARASHTRA", "state_lgd": 27, "population": 815, "households": 197}, "geometry": {"type": "Polygon", "coordinates": [[[73.49767, 19.40031], [73.49584, 19.40668], [73.49237000000001, 19.40895], [73.49298, 19.41222], [73.49192000000001, 19.41307], [73.48966, 19.41307], [73.48771, 19.4233], [73.48973000000001, 19.427120000000002], [73.49207000000001, 19.42798], [73.49795, 19.42273], [73.50804000000001, 19.422590000000003], [73.50758, 19.42088], [73.51060000000001, 19.419320000000003], [73.50834, 19.41719], [73.50578, 19.415490000000002], [73.50518000000001, 19.41335], [73.50548, 19.40867], [73.50413, 19.40405], [73.50328, 19.402980000000003], [73.50062000000001, 19.400550000000003], [73.49767, 19.40031]]]}}, {"id": "720", "type": "Feature", "properties": {"village_name": "Kudshet", "vil_lgd": 552826, "district_name": "Thane", "dist_lgd": 497, "subdistrict_name": "Shahapur", "sdcode": 4167, "block_name": "Shahapur", "block_lgd": 218.0, "gp_name": "", "state_name": "MAHARASHTRA", "state_lgd": 27, "population": 610, "households": 107}, "geometry": {"type": "Polygon", "coordinates": [[[73.44208, 19.412640000000003], [73.44837000000001, 19.40358], [73.44569, 19.40199], [73.44162, 19.40199], [73.43379, 19.40015], [73.43063000000001, 19.39816], [73.42280000000001, 19.398010000000003], [73.42069000000001, 19.399150000000002], [73.41919, 19.40199], [73.41696, 19.40191], [73.41563000000001, 19.4064], [73.41145, 19.41223], [73.40988, 19.41327], [73.41385000000001, 19.417650000000002], [73.42701000000001, 19.423450000000003], [73.43245, 19.427760000000003], [73.43756, 19.42727], [73.44208, 19.412640000000003]]]}}, {"id": "721", "type": "Feature", "properties": {"village_name": "Narayangaon", "vil_lgd": 552827, "district_name": "Thane", "dist_lgd": 497, "subdistrict_name": "Shahapur", "sdcode": 4167, "block_name": "Shahapur", "block_lgd": 218.0, "gp_name": "", "state_name": "MAHARASHTRA", "state_lgd": 27, "population": 1317, "households": 285}, "geometry": {"type": "Polygon", "coordinates": [[[73.46646000000001, 19.40734], [73.45668, 19.40512], [73.45051000000001, 19.40568], [73.44837000000001, 19.40358], [73.44208, 19.412640000000003], [73.43756, 19.42727], [73.44358000000001, 19.428130000000003], [73.46135000000001, 19.43139], [73.46105, 19.42912], [73.46646000000001, 19.40734]]]}}, {"id": "722", "type": "Feature", "properties": {"village_name": "Malegaon", "vil_lgd": 552828, "district_name": "Thane", "dist_lgd": 497, "subdistrict_name": "Shahapur", "sdcode": 4167, "block_name": "Shahapur", "block_lgd": 218.0, "gp_name": "", "state_name": "MAHARASHTRA", "state_lgd": 27, "population": 862, "households": 178}, "geometry": {"type": "Polygon", "coordinates": [[[73.474, 19.406820000000003], [73.47114, 19.40782], [73.46646000000001, 19.40734], [73.46105, 19.42912], [73.46135000000001, 19.43139], [73.46497000000001, 19.43073], [73.46948, 19.428980000000003], [73.47459, 19.42291], [73.47611, 19.42031], [73.47521, 19.41009], [73.474, 19.406820000000003]]]}}, {"id": "723", "type": "Feature", "properties": {"village_name": "Shivaneri", "vil_lgd": 552825, "district_name": "Thane", "dist_lgd": 497, "subdistrict_name": "Shahapur", "sdcode": 4167, "block_name": "Shahapur", "block_lgd": 218.0, "gp_name": "", "state_name": "MAHARASHTRA", "state_lgd": 27, "population": 1176, "households": 243}, "geometry": {"type": "Polygon", "coordinates": [[[73.42833, 19.43494], [73.42587, 19.432090000000002], [73.42425, 19.43148], [73.42287, 19.432540000000003], [73.42002000000001, 19.432730000000003], [73.41701, 19.43533], [73.41355, 19.44115], [73.41437, 19.444170000000003], [73.42521, 19.445020000000003], [73.42833, 19.43494]]]}}, {"id": "724", "type": "Feature", "properties": {"village_name": "Dhasai", "vil_lgd": 552823, "district_name": "Thane", "dist_lgd": 497, "subdistrict_name": "Shahapur", "sdcode": 4167, "block_name": "Shahapur", "block_lgd": 218.0, "gp_name": "", "state_name": "MAHARASHTRA", "state_lgd": 27, "population": 2148, "households": 430}, "geometry": {"type": "Polygon", "coordinates": [[[73.41701, 19.43533], [73.42002000000001, 19.432730000000003], [73.42287, 19.432540000000003], [73.42425, 19.43148], [73.42587, 19.432090000000002], [73.42833, 19.43494], [73.43019000000001, 19.435640000000003], [73.43171000000001, 19.432650000000002], [73.43245, 19.427760000000003], [73.42701000000001, 19.423450000000003], [73.41385000000001, 19.417650000000002], [73.40988, 19.41327], [73.40696000000001, 19.41226], [73.40208000000001, 19.41421], [73.39666000000001, 19.418670000000002], [73.39071000000001, 19.418270000000003], [73.38667000000001, 19.422520000000002], [73.38507, 19.42263], [73.38437, 19.42461], [73.38553, 19.427950000000003], [73.38901, 19.430780000000002], [73.39250000000001, 19.43204], [73.39508000000001, 19.434060000000002], [73.39539, 19.438180000000003], [73.39357000000001, 19.44667], [73.3935, 19.447480000000002], [73.39421, 19.448400000000003], [73.39704, 19.448880000000003], [73.40179, 19.451620000000002], [73.40709000000001, 19.44863], [73.41047, 19.445710000000002], [73.4128, 19.443240000000003], [73.41355, 19.44115], [73.41701, 19.43533]], [[73.39825, 19.43185], [73.39884, 19.432920000000003], [73.39799000000001, 19.433490000000003], [73.39710000000001, 19.43259], [73.39786000000001, 19.43183], [73.39825, 19.43185]]]}}, {"id": "725", "type": "Feature", "properties": {"village_name": "Vl Sathagaon", "vil_lgd": 552819, "district_name": "Thane", "dist_lgd": 497, "subdistrict_name": "Shahapur", "sdcode": 4167, "block_name": "Shahapur", "block_lgd": 218.0, "gp_name": "", "state_name": "MAHARASHTRA", "state_lgd": 27, "population": 1396, "households": 250}, "geometry": {"type": "Polygon", "coordinates": [[[73.44765000000001, 19.44772], [73.44900000000001, 19.44403], [73.44900000000001, 19.4419], [73.44328, 19.43863], [73.44358000000001, 19.428130000000003], [73.43756, 19.42727], [73.43245, 19.427760000000003], [73.43171000000001, 19.432650000000002], [73.43019000000001, 19.435640000000003], [73.42833, 19.43494], [73.42521, 19.445020000000003], [73.42611000000001, 19.44687], [73.42581000000001, 19.45965], [73.42461, 19.464190000000002], [73.43078000000001, 19.466610000000003], [73.43756, 19.456670000000003], [73.44810000000001, 19.452830000000002], [73.44765000000001, 19.44772]]]}}, {"id": "726", "type": "Feature", "properties": {"village_name": "Shenawe", "vil_lgd": 552818, "district_name": "Thane", "dist_lgd": 497, "subdistrict_name": "Shahapur", "sdcode": 4167, "block_name": "Shahapur", "block_lgd": 218.0, "gp_name": "", "state_name": "MAHARASHTRA", "state_lgd": 27, "population": 1663, "households": 359}, "geometry": {"type": "Polygon", "coordinates": [[[73.46737, 19.442030000000003], [73.46497000000001, 19.43073], [73.46135000000001, 19.43139], [73.44358000000001, 19.428130000000003], [73.44328, 19.43863], [73.44900000000001, 19.4419], [73.44900000000001, 19.44403], [73.45181000000001, 19.4445], [73.46024000000001, 19.442140000000002], [73.46737, 19.442030000000003]]]}}, {"id": "727", "type": "Feature", "properties": {"village_name": "Kulhe", "vil_lgd": 552817, "district_name": "Thane", "dist_lgd": 497, "subdistrict_name": "Shahapur", "sdcode": 4167, "block_name": "Shahapur", "block_lgd": 218.0, "gp_name": "", "state_name": "MAHARASHTRA", "state_lgd": 27, "population": 493, "households": 101}, "geometry": {"type": "Polygon", "coordinates": [[[73.47459, 19.42291], [73.46948, 19.428980000000003], [73.46497000000001, 19.43073], [73.46737, 19.442030000000003], [73.47439, 19.44001], [73.47606, 19.42942], [73.47593, 19.423540000000003], [73.47459, 19.42291]]]}}, {"id": "728", "type": "Feature", "properties": {"village_name": "Thune Bk", "vil_lgd": 552829, "district_name": "Thane", "dist_lgd": 497, "subdistrict_name": "Shahapur", "sdcode": 4167, "block_name": "Shahapur", "block_lgd": 218.0, "gp_name": "", "state_name": "MAHARASHTRA", "state_lgd": 27, "population": 993, "households": 212}, "geometry": {"type": "Polygon", "coordinates": [[[73.47521, 19.41009], [73.47611, 19.42031], [73.47459, 19.42291], [73.47593, 19.423540000000003], [73.47606, 19.42942], [73.48829, 19.42959], [73.48973000000001, 19.427120000000002], [73.48771, 19.4233], [73.48966, 19.41307], [73.47807, 19.412080000000003], [73.47521, 19.41009]]]}}, {"id": "729", "type": "Feature", "properties": {"village_name": "Lingayate", "vil_lgd": 552816, "district_name": "Thane", "dist_lgd": 497, "subdistrict_name": "Shahapur", "sdcode": 4167, "block_name": "Shahapur", "block_lgd": 218.0, "gp_name": "", "state_name": "MAHARASHTRA", "state_lgd": 27, "population": 536, "households": 106}, "geometry": {"type": "Polygon", "coordinates": [[[73.50113, 19.45212], [73.50911, 19.45332], [73.5108, 19.44957], [73.50750000000001, 19.44763], [73.50493, 19.44752], [73.50457, 19.445510000000002], [73.50576000000001, 19.44461], [73.50374000000001, 19.43609], [73.49471000000001, 19.43206], [73.49207000000001, 19.42798], [73.48973000000001, 19.427120000000002], [73.48829, 19.42959], [73.47606, 19.42942], [73.47439, 19.44001], [73.46737, 19.442030000000003], [73.47018, 19.46018], [73.47379000000001, 19.457610000000003], [73.48461, 19.45436], [73.49566, 19.452450000000002], [73.50113, 19.45212]]]}}, {"id": "730", "type": "Feature", "properties": {"village_name": "Tembhurli", "vil_lgd": 552803, "district_name": "Thane", "dist_lgd": 497, "subdistrict_name": "Shahapur", "sdcode": 4167, "block_name": "Shahapur", "block_lgd": 218.0, "gp_name": "", "state_name": "MAHARASHTRA", "state_lgd": 27, "population": 722, "households": 168}, "geometry": {"type": "Polygon", "coordinates": [[[73.60787, 19.44159], [73.60505, 19.43972], [73.60477, 19.433470000000003], [73.60356, 19.432260000000003], [73.59856, 19.43158], [73.59749000000001, 19.43064], [73.59785000000001, 19.427410000000002], [73.60252000000001, 19.423640000000002], [73.59521000000001, 19.42198], [73.59319, 19.425340000000002], [73.59034000000001, 19.42445], [73.58571, 19.419510000000002], [73.5844, 19.42209], [73.58523000000001, 19.424110000000002], [73.58403000000001, 19.4342], [73.57845, 19.441270000000003], [73.57477, 19.443830000000002], [73.57430000000001, 19.44473], [73.58107000000001, 19.444170000000003], [73.58999, 19.44798], [73.59296, 19.45325], [73.59795000000001, 19.448320000000002], [73.60787, 19.44159]]]}}, {"id": "731", "type": "Feature", "properties": {"village_name": "Chariv", "vil_lgd": 552830, "district_name": "Thane", "dist_lgd": 497, "subdistrict_name": "Shahapur", "sdcode": 4167, "block_name": "Shahapur", "block_lgd": 218.0, "gp_name": "", "state_name": "MAHARASHTRA", "state_lgd": 27, "population": 1302, "households": 267}, "geometry": {"type": "Polygon", "coordinates": [[[73.50892, 19.44677], [73.51714000000001, 19.44742], [73.52063000000001, 19.44423], [73.52417000000001, 19.438550000000003], [73.52445, 19.434140000000003], [73.52335000000001, 19.432170000000003], [73.52145, 19.43127], [73.51871000000001, 19.4278], [73.51360000000001, 19.425220000000003], [73.50909, 19.42399], [73.50804000000001, 19.422590000000003], [73.49795, 19.42273], [73.49207000000001, 19.42798], [73.49471000000001, 19.43206], [73.50374000000001, 19.43609], [73.50576000000001, 19.44461], [73.50457, 19.445510000000002], [73.50493, 19.44752], [73.50750000000001, 19.44763], [73.50892, 19.44677]]]}}, {"id": "732", "type": "Feature", "properties": {"village_name": "Ashte", "vil_lgd": 552808, "district_name": "Thane", "dist_lgd": 497, "subdistrict_name": "Shahapur", "sdcode": 4167, "block_name": "Shahapur", "block_lgd": 218.0, "gp_name": "", "state_name": "MAHARASHTRA", "state_lgd": 27, "population": 466, "households": 112}, "geometry": {"type": "Polygon", "coordinates": [[[73.5232, 19.415370000000003], [73.52296000000001, 19.412450000000003], [73.52106, 19.40988], [73.52094000000001, 19.406180000000003], [73.51583000000001, 19.40199], [73.51412, 19.402800000000003], [73.50965000000001, 19.402620000000002], [73.50413, 19.40405], [73.50548, 19.40867], [73.50518000000001, 19.41335], [73.50578, 19.415490000000002], [73.50834, 19.41719], [73.51119, 19.414920000000002], [73.5232, 19.415370000000003]]]}}, {"id": "733", "type": "Feature", "properties": {"village_name": "Apate", "vil_lgd": 552810, "district_name": "Thane", "dist_lgd": 497, "subdistrict_name": "Shahapur", "sdcode": 4167, "block_name": "Shahapur", "block_lgd": 218.0, "gp_name": "", "state_name": "MAHARASHTRA", "state_lgd": 27, "population": 1911, "households": 331}, "geometry": {"type": "Polygon", "coordinates": [[[73.56289000000001, 19.40461], [73.56039000000001, 19.4036], [73.55825, 19.40068], [73.55719, 19.39777], [73.55692, 19.388460000000002], [73.55505000000001, 19.388630000000003], [73.55040000000001, 19.38603], [73.5407, 19.38585], [73.53389, 19.38522], [73.53028, 19.38728], [73.52809, 19.392570000000003], [73.52657, 19.39338], [73.51906000000001, 19.3941], [73.51583000000001, 19.40199], [73.52094000000001, 19.406180000000003], [73.52569000000001, 19.403820000000003], [73.52831, 19.40405], [73.53175, 19.406850000000002], [73.53508000000001, 19.40752], [73.53686, 19.408980000000003], [73.54578000000001, 19.4101], [73.54863, 19.41111], [73.55005000000001, 19.41279], [73.55053000000001, 19.41212], [73.56230000000001, 19.411], [73.56289000000001, 19.40461]]]}}, {"id": "734", "type": "Feature", "properties": {"village_name": "Manekhind", "vil_lgd": 552809, "district_name": "Thane", "dist_lgd": 497, "subdistrict_name": "Shahapur", "sdcode": 4167, "block_name": "Shahapur", "block_lgd": 218.0, "gp_name": "", "state_name": "MAHARASHTRA", "state_lgd": 27, "population": 618, "households": 125}, "geometry": {"type": "Polygon", "coordinates": [[[73.53686, 19.408980000000003], [73.53508000000001, 19.40752], [73.53175, 19.406850000000002], [73.52831, 19.40405], [73.52569000000001, 19.403820000000003], [73.52094000000001, 19.406180000000003], [73.52106, 19.40988], [73.52296000000001, 19.412450000000003], [73.5232, 19.415370000000003], [73.52736, 19.416040000000002], [73.53496000000001, 19.419960000000003], [73.54174, 19.42198], [73.54899, 19.422880000000003], [73.55017000000001, 19.420640000000002], [73.55005000000001, 19.41279], [73.54863, 19.41111], [73.54578000000001, 19.4101], [73.53686, 19.408980000000003]]]}}, {"id": "735", "type": "Feature", "properties": {"village_name": "Belwali", "vil_lgd": 552846, "district_name": "Thane", "dist_lgd": 497, "subdistrict_name": "Shahapur", "sdcode": 4167, "block_name": "Shahapur", "block_lgd": 218.0, "gp_name": "", "state_name": "MAHARASHTRA", "state_lgd": 27, "population": 8, "households": 2}, "geometry": {"type": "Polygon", "coordinates": [[[73.53835000000001, 19.34747], [73.53728000000001, 19.347550000000002], [73.53528, 19.34943], [73.53167, 19.352390000000003], [73.52996, 19.35517], [73.53216, 19.35688], [73.5368, 19.357860000000002], [73.53766, 19.35472], [73.53661000000001, 19.349610000000002], [73.53832000000001, 19.34934], [73.53835000000001, 19.34747]]]}}, {"id": "736", "type": "Feature", "properties": {"village_name": "Vittalgaon", "vil_lgd": 552852, "district_name": "Thane", "dist_lgd": 497, "subdistrict_name": "Shahapur", "sdcode": 4167, "block_name": "Shahapur", "block_lgd": 218.0, "gp_name": "", "state_name": "MAHARASHTRA", "state_lgd": 27, "population": 810, "households": 173}, "geometry": {"type": "Polygon", "coordinates": [[[73.46542000000001, 19.338540000000002], [73.46631000000001, 19.339450000000003], [73.4672, 19.338540000000002], [73.46644, 19.337780000000002], [73.46542000000001, 19.338540000000002]]]}}, {"id": "737", "type": "Feature", "properties": {"village_name": "Adivali", "vil_lgd": 552807, "district_name": "Thane", "dist_lgd": 497, "subdistrict_name": "Shahapur", "sdcode": 4167, "block_name": "Shahapur", "block_lgd": 218.0, "gp_name": "", "state_name": "MAHARASHTRA", "state_lgd": 27, "population": 624, "households": 116}, "geometry": {"type": "Polygon", "coordinates": [[[73.54982000000001, 19.44227], [73.54601000000001, 19.440700000000003], [73.54542000000001, 19.439130000000002], [73.54637000000001, 19.42848], [73.54899, 19.422880000000003], [73.54174, 19.42198], [73.53496000000001, 19.419960000000003], [73.52736, 19.416040000000002], [73.5232, 19.415370000000003], [73.51119, 19.414920000000002], [73.50834, 19.41719], [73.51060000000001, 19.419320000000003], [73.50758, 19.42088], [73.50804000000001, 19.422590000000003], [73.50909, 19.42399], [73.51360000000001, 19.425220000000003], [73.51871000000001, 19.4278], [73.52145, 19.43127], [73.52335000000001, 19.432170000000003], [73.52445, 19.434140000000003], [73.52932000000001, 19.43521], [73.53373, 19.4385], [73.54152, 19.442120000000003], [73.54238000000001, 19.44491], [73.54396000000001, 19.44688], [73.54901000000001, 19.446740000000002], [73.55155, 19.44584], [73.55145, 19.444770000000002], [73.54982000000001, 19.44227]]]}}, {"id": "738", "type": "Feature", "properties": {"village_name": "Ambekhor", "vil_lgd": 552806, "district_name": "Thane", "dist_lgd": 497, "subdistrict_name": "Shahapur", "sdcode": 4167, "block_name": "Shahapur", "block_lgd": 218.0, "gp_name": "", "state_name": "MAHARASHTRA", "state_lgd": 27, "population": 1034, "households": 240}, "geometry": {"type": "Polygon", "coordinates": [[[73.57477, 19.443830000000002], [73.57418000000001, 19.442040000000002], [73.56776, 19.4389], [73.56432000000001, 19.42366], [73.56539000000001, 19.42041], [73.56230000000001, 19.411], [73.55053000000001, 19.41212], [73.55005000000001, 19.41279], [73.55017000000001, 19.420640000000002], [73.54899, 19.422880000000003], [73.54637000000001, 19.42848], [73.54542000000001, 19.439130000000002], [73.54601000000001, 19.440700000000003], [73.54982000000001, 19.44227], [73.55145, 19.444770000000002], [73.56408, 19.447020000000002], [73.56752, 19.44518], [73.57430000000001, 19.44473], [73.57477, 19.443830000000002]]]}}, {"id": "739", "type": "Feature", "properties": {"village_name": "Dhadhare", "vil_lgd": 552811, "district_name": "Thane", "dist_lgd": 497, "subdistrict_name": "Shahapur", "sdcode": 4167, "block_name": "Shahapur", "block_lgd": 218.0, "gp_name": "", "state_name": "MAHARASHTRA", "state_lgd": 27, "population": 1976, "households": 459}, "geometry": {"type": "Polygon", "coordinates": [[[73.58773000000001, 19.417050000000003], [73.58903000000001, 19.41301], [73.59806, 19.407870000000003], [73.59714000000001, 19.40566], [73.598, 19.402160000000002], [73.59743, 19.40117], [73.59172000000001, 19.39992], [73.59629000000001, 19.39579], [73.59705000000001, 19.394090000000002], [73.59657, 19.3914], [73.59448, 19.390050000000002], [73.59258000000001, 19.390050000000002], [73.58649000000001, 19.39185], [73.58364, 19.384230000000002], [73.58117, 19.384400000000003], [73.57870000000001, 19.386110000000002], [73.57832, 19.37732], [73.57397, 19.37684], [73.57008, 19.388360000000002], [73.56827000000001, 19.39105], [73.56608, 19.39114], [73.56066000000001, 19.388990000000003], [73.55692, 19.388460000000002], [73.55719, 19.39777], [73.55825, 19.40068], [73.56039000000001, 19.4036], [73.56289000000001, 19.40461], [73.56230000000001, 19.411], [73.56539000000001, 19.42041], [73.58297, 19.422430000000002], [73.58523000000001, 19.424110000000002], [73.5844, 19.42209], [73.58571, 19.419510000000002], [73.58773000000001, 19.417050000000003]]]}}, {"id": "740", "type": "Feature", "properties": {"village_name": "Belwali", "vil_lgd": 552805, "district_name": "Thane", "dist_lgd": 497, "subdistrict_name": "Shahapur", "sdcode": 4167, "block_name": "Shahapur", "block_lgd": 218.0, "gp_name": "", "state_name": "MAHARASHTRA", "state_lgd": 27, "population": 565, "households": 120}, "geometry": {"type": "Polygon", "coordinates": [[[73.59521000000001, 19.42198], [73.60252000000001, 19.423640000000002], [73.6042, 19.420080000000002], [73.60327000000001, 19.413700000000002], [73.6012, 19.41101], [73.59864, 19.409260000000003], [73.59806, 19.407870000000003], [73.58903000000001, 19.41301], [73.58773000000001, 19.417050000000003], [73.58571, 19.419510000000002], [73.59034000000001, 19.42445], [73.59319, 19.425340000000002], [73.59521000000001, 19.42198]]]}}, {"id": "741", "type": "Feature", "properties": {"village_name": "Mangaon", "vil_lgd": 552804, "district_name": "Thane", "dist_lgd": 497, "subdistrict_name": "Shahapur", "sdcode": 4167, "block_name": "Shahapur", "block_lgd": 218.0, "gp_name": "", "state_name": "MAHARASHTRA", "state_lgd": 27, "population": 856, "households": 198}, "geometry": {"type": "Polygon", "coordinates": [[[73.58297, 19.422430000000002], [73.56539000000001, 19.42041], [73.56432000000001, 19.42366], [73.56776, 19.4389], [73.57418000000001, 19.442040000000002], [73.57477, 19.443830000000002], [73.57845, 19.441270000000003], [73.58403000000001, 19.4342], [73.58523000000001, 19.424110000000002], [73.58297, 19.422430000000002]]]}}, {"id": "742", "type": "Feature", "properties": {"village_name": "Rampur", "vil_lgd": 553184, "district_name": "Thane", "dist_lgd": 497, "subdistrict_name": "Murbad", "sdcode": 4171, "block_name": "Murbad", "block_lgd": 222.0, "gp_name": "", "state_name": "MAHARASHTRA", "state_lgd": 27, "population": 945, "households": 210}, "geometry": {"type": "Polygon", "coordinates": [[[73.63801000000001, 19.235930000000003], [73.64619, 19.23282], [73.65065000000001, 19.228430000000003], [73.64566, 19.21985], [73.63737, 19.214660000000002], [73.6294, 19.220850000000002], [73.62702, 19.225340000000003], [73.62658, 19.231650000000002], [73.62301000000001, 19.23628], [73.62078000000001, 19.24259], [73.61954, 19.249100000000002], [73.61968, 19.251630000000002], [73.62321, 19.25055], [73.62518, 19.247700000000002], [73.62632, 19.242500000000003], [73.62975, 19.240740000000002], [73.63356, 19.23644], [73.63520000000001, 19.23602], [73.63801000000001, 19.235930000000003]]]}}, {"id": "743", "type": "Feature", "properties": {"village_name": "Songaon", "vil_lgd": 553185, "district_name": "Thane", "dist_lgd": 497, "subdistrict_name": "Murbad", "sdcode": 4171, "block_name": "Murbad", "block_lgd": 222.0, "gp_name": "", "state_name": "MAHARASHTRA", "state_lgd": 27, "population": 790, "households": 175}, "geometry": {"type": "Polygon", "coordinates": [[[73.64262000000001, 19.240930000000002], [73.64195000000001, 19.241680000000002], [73.64280000000001, 19.24258], [73.64373, 19.241760000000003], [73.64306, 19.240930000000002], [73.64262000000001, 19.240930000000002]]]}}, {"id": "744", "type": "Feature", "properties": {"village_name": "Vidhyanagar", "vil_lgd": 553186, "district_name": "Thane", "dist_lgd": 497, "subdistrict_name": "Murbad", "sdcode": 4171, "block_name": "Murbad", "block_lgd": 222.0, "gp_name": "", "state_name": "MAHARASHTRA", "state_lgd": 27, "population": 316, "households": 65}, "geometry": {"type": "Polygon", "coordinates": [[[73.66135000000001, 19.25842], [73.66224000000001, 19.259320000000002], [73.66313000000001, 19.25842], [73.66237000000001, 19.25766], [73.66135000000001, 19.25842]]]}}, {"id": "745", "type": "Feature", "properties": {"village_name": "Palu", "vil_lgd": 553182, "district_name": "Thane", "dist_lgd": 497, "subdistrict_name": "Murbad", "sdcode": 4171, "block_name": "Murbad", "block_lgd": 222.0, "gp_name": "", "state_name": "MAHARASHTRA", "state_lgd": 27, "population": 489, "households": 107}, "geometry": {"type": "Polygon", "coordinates": [[[73.68109000000001, 19.274410000000003], [73.68239000000001, 19.273580000000003], [73.68547000000001, 19.27355], [73.69009000000001, 19.26886], [73.69183000000001, 19.259040000000002], [73.69469000000001, 19.25882], [73.69340000000001, 19.25186], [73.69148000000001, 19.251720000000002], [73.69013000000001, 19.25056], [73.68793000000001, 19.24585], [73.68569000000001, 19.244470000000003], [73.68488, 19.241960000000002], [73.68176000000001, 19.241670000000003], [73.67549000000001, 19.2392], [73.67032, 19.238970000000002], [73.66517, 19.239800000000002], [73.66259000000001, 19.244880000000002], [73.64812, 19.255080000000003], [73.64281000000001, 19.25982], [73.64062000000001, 19.269560000000002], [73.64038000000001, 19.271050000000002], [73.64074000000001, 19.276120000000002], [73.65119, 19.27513], [73.65674, 19.277220000000003], [73.66659, 19.277250000000002], [73.67193, 19.28087], [73.67461, 19.28116], [73.67594000000001, 19.282760000000003], [73.67991, 19.278850000000002], [73.67996000000001, 19.27792], [73.68109000000001, 19.274410000000003]], [[73.64455000000001, 19.263050000000003], [73.64514000000001, 19.26413], [73.64429000000001, 19.2647], [73.6434, 19.2638], [73.64416, 19.26303], [73.64455000000001, 19.263050000000003]], [[73.66313000000001, 19.25842], [73.66224000000001, 19.259320000000002], [73.66135000000001, 19.25842], [73.66237000000001, 19.25766], [73.66313000000001, 19.25842]]]}}, {"id": "746", "type": "Feature", "properties": {"village_name": "Vadgaon", "vil_lgd": 553179, "district_name": "Thane", "dist_lgd": 497, "subdistrict_name": "Murbad", "sdcode": 4171, "block_name": "Murbad", "block_lgd": 222.0, "gp_name": "", "state_name": "MAHARASHTRA", "state_lgd": 27, "population": 616, "households": 132}, "geometry": {"type": "Polygon", "coordinates": [[[73.62894, 19.271970000000003], [73.62818, 19.272740000000002], [73.62907000000001, 19.27364], [73.62992000000001, 19.27307], [73.62934, 19.271990000000002], [73.62894, 19.271970000000003]]]}}, {"id": "747", "type": "Feature", "properties": {"village_name": "Sonawale", "vil_lgd": 553183, "district_name": "Thane", "dist_lgd": 497, "subdistrict_name": "Murbad", "sdcode": 4171, "block_name": "Murbad", "block_lgd": 222.0, "gp_name": "", "state_name": "MAHARASHTRA", "state_lgd": 27, "population": 1164, "households": 282}, "geometry": {"type": "Polygon", "coordinates": [[[73.64281000000001, 19.25982], [73.64812, 19.255080000000003], [73.66259000000001, 19.244880000000002], [73.66517, 19.239800000000002], [73.66210000000001, 19.240250000000003], [73.66051, 19.23937], [73.65065000000001, 19.228430000000003], [73.64619, 19.23282], [73.63801000000001, 19.235930000000003], [73.63520000000001, 19.23602], [73.63356, 19.23644], [73.62975, 19.240740000000002], [73.62632, 19.242500000000003], [73.62518, 19.247700000000002], [73.62321, 19.25055], [73.61968, 19.251630000000002], [73.61976, 19.25475], [73.62505, 19.25954], [73.6273, 19.26913], [73.62941000000001, 19.269940000000002], [73.63573000000001, 19.269440000000003], [73.64038000000001, 19.271050000000002], [73.64062000000001, 19.269560000000002], [73.64281000000001, 19.25982]], [[73.64306, 19.240930000000002], [73.64373, 19.241760000000003], [73.64280000000001, 19.24258], [73.64195000000001, 19.241680000000002], [73.64262000000001, 19.240930000000002], [73.64306, 19.240930000000002]]]}}, {"id": "748", "type": "Feature", "properties": {"village_name": "Singapur", "vil_lgd": 553187, "district_name": "Thane", "dist_lgd": 497, "subdistrict_name": "Murbad", "sdcode": 4171, "block_name": "Murbad", "block_lgd": 222.0, "gp_name": "", "state_name": "MAHARASHTRA", "state_lgd": 27, "population": 957, "households": 214}, "geometry": {"type": "Polygon", "coordinates": [[[73.64416, 19.26303], [73.6434, 19.2638], [73.64429000000001, 19.2647], [73.64514000000001, 19.26413], [73.64455000000001, 19.263050000000003], [73.64416, 19.26303]]]}}, {"id": "749", "type": "Feature", "properties": {"village_name": "Fangane", "vil_lgd": 553224, "district_name": "Thane", "dist_lgd": 497, "subdistrict_name": "Murbad", "sdcode": 4171, "block_name": "Murbad", "block_lgd": 222.0, "gp_name": "", "state_name": "MAHARASHTRA", "state_lgd": 27, "population": 496, "households": 114}, "geometry": {"type": "Polygon", "coordinates": [[[73.64896, 19.343690000000002], [73.65951000000001, 19.343290000000003], [73.66347, 19.34503], [73.66599000000001, 19.34439], [73.66923000000001, 19.341730000000002], [73.67076, 19.34082], [73.67522000000001, 19.340230000000002], [73.67523, 19.333190000000002], [73.67368, 19.33038], [73.67458, 19.32926], [73.67699, 19.32861], [73.67786000000001, 19.327350000000003], [73.67645, 19.310270000000003], [73.68119, 19.30395], [73.67396000000001, 19.303040000000003], [73.67083000000001, 19.30038], [73.66866, 19.30142], [73.66995, 19.31903], [73.66956, 19.322020000000002], [73.65968000000001, 19.33099], [73.65668000000001, 19.33077], [73.64768000000001, 19.33255], [73.64304, 19.33755], [73.64253000000001, 19.34675], [73.64516, 19.347040000000003], [73.64896, 19.343690000000002]], [[73.67216, 19.32432], [73.67283, 19.32507], [73.67198, 19.32597], [73.67104, 19.32515], [73.67172000000001, 19.32432], [73.67216, 19.32432]]]}}, {"id": "750", "type": "Feature", "properties": {"village_name": "Zadghar", "vil_lgd": 553223, "district_name": "Thane", "dist_lgd": 497, "subdistrict_name": "Murbad", "sdcode": 4171, "block_name": "Murbad", "block_lgd": 222.0, "gp_name": "", "state_name": "MAHARASHTRA", "state_lgd": 27, "population": 1505, "households": 329}, "geometry": {"type": "Polygon", "coordinates": [[[73.65968000000001, 19.33099], [73.66956, 19.322020000000002], [73.66995, 19.31903], [73.66866, 19.30142], [73.66257, 19.30252], [73.65719, 19.307920000000003], [73.64655, 19.311230000000002], [73.64239, 19.313370000000003], [73.63888, 19.31725], [73.63759, 19.31706], [73.63407000000001, 19.31738], [73.63324, 19.320520000000002], [73.63835, 19.323110000000003], [73.64144, 19.333560000000002], [73.6431, 19.33455], [73.64304, 19.33755], [73.64768000000001, 19.33255], [73.65668000000001, 19.33077], [73.65968000000001, 19.33099]]]}}, {"id": "751", "type": "Feature", "properties": {"village_name": "Ganeshpur", "vil_lgd": 553232, "district_name": "Thane", "dist_lgd": 497, "subdistrict_name": "Murbad", "sdcode": 4171, "block_name": "Murbad", "block_lgd": 222.0, "gp_name": "", "state_name": "MAHARASHTRA", "state_lgd": 27, "population": 885, "households": 174}, "geometry": {"type": "Polygon", "coordinates": [[[73.70404, 19.337030000000002], [73.70708, 19.33687], [73.70827000000001, 19.33266], [73.71285, 19.325860000000002], [73.70837, 19.32517], [73.70583, 19.32563], [73.70252, 19.32775], [73.70154000000001, 19.32682], [73.69854000000001, 19.32794], [73.69318000000001, 19.33211], [73.69345000000001, 19.33348], [73.69211, 19.33549], [73.69465000000001, 19.339070000000003], [73.69605, 19.338890000000003], [73.69637, 19.340950000000003], [73.69911, 19.338150000000002], [73.70047000000001, 19.33988], [73.70148, 19.3398], [73.70394, 19.34197], [73.70404, 19.33997], [73.70404, 19.337030000000002]]]}}, {"id": "752", "type": "Feature", "properties": {"village_name": "Vaishakhare", "vil_lgd": 553235, "district_name": "Thane", "dist_lgd": 497, "subdistrict_name": "Murbad", "sdcode": 4171, "block_name": "Murbad", "block_lgd": 222.0, "gp_name": "", "state_name": "MAHARASHTRA", "state_lgd": 27, "population": 1587, "households": 347}, "geometry": {"type": "Polygon", "coordinates": [[[73.63888, 19.31725], [73.64239, 19.313370000000003], [73.64655, 19.311230000000002], [73.65719, 19.307920000000003], [73.66257, 19.30252], [73.66866, 19.30142], [73.67083000000001, 19.30038], [73.66825, 19.294890000000002], [73.66044000000001, 19.29663], [73.65833, 19.296400000000002], [73.65238000000001, 19.29307], [73.63348, 19.28752], [73.63137, 19.2891], [73.62833, 19.28665], [73.62534000000001, 19.286620000000003], [73.62270000000001, 19.289900000000003], [73.62063, 19.298650000000002], [73.62056000000001, 19.303510000000003], [73.62149000000001, 19.312430000000003], [73.62593000000001, 19.3169], [73.63324, 19.320520000000002], [73.63407000000001, 19.31738], [73.63759, 19.31706], [73.63888, 19.31725]], [[73.63876, 19.294610000000002], [73.63776, 19.2954], [73.63699000000001, 19.294610000000002], [73.63786, 19.29373], [73.63876, 19.294610000000002]]]}}, {"id": "753", "type": "Feature", "properties": {"village_name": "Awalegaon", "vil_lgd": 553225, "district_name": "Thane", "dist_lgd": 497, "subdistrict_name": "Murbad", "sdcode": 4171, "block_name": "Murbad", "block_lgd": 222.0, "gp_name": "", "state_name": "MAHARASHTRA", "state_lgd": 27, "population": 743, "households": 163}, "geometry": {"type": "Polygon", "coordinates": [[[73.69008000000001, 19.334290000000003], [73.69097000000001, 19.33519], [73.69186, 19.334290000000003], [73.69111000000001, 19.333530000000003], [73.69008000000001, 19.334290000000003]]]}}, {"id": "754", "type": "Feature", "properties": {"village_name": "Pendhari", "vil_lgd": 553237, "district_name": "Thane", "dist_lgd": 497, "subdistrict_name": "Murbad", "sdcode": 4171, "block_name": "Murbad", "block_lgd": 222.0, "gp_name": "", "state_name": "MAHARASHTRA", "state_lgd": 27, "population": 281, "households": 68}, "geometry": {"type": "Polygon", "coordinates": [[[73.66767, 19.29091], [73.67251, 19.28846], [73.67594000000001, 19.282760000000003], [73.67461, 19.28116], [73.67193, 19.28087], [73.66659, 19.277250000000002], [73.65674, 19.277220000000003], [73.65119, 19.27513], [73.64074000000001, 19.276120000000002], [73.63744000000001, 19.27759], [73.63431, 19.28102], [73.63348, 19.28752], [73.65238000000001, 19.29307], [73.65833, 19.296400000000002], [73.66044000000001, 19.29663], [73.66825, 19.294890000000002], [73.66767, 19.29091]]]}}, {"id": "755", "type": "Feature", "properties": {"village_name": "Goregaon", "vil_lgd": 553178, "district_name": "Thane", "dist_lgd": 497, "subdistrict_name": "Murbad", "sdcode": 4171, "block_name": "Murbad", "block_lgd": 222.0, "gp_name": "", "state_name": "MAHARASHTRA", "state_lgd": 27, "population": 495, "households": 101}, "geometry": {"type": "Polygon", "coordinates": [[[73.62695000000001, 19.279760000000003], [73.62784, 19.28066], [73.62874000000001, 19.279760000000003], [73.62798000000001, 19.27899], [73.62695000000001, 19.279760000000003]]]}}, {"id": "756", "type": "Feature", "properties": {"village_name": "Waghgaon", "vil_lgd": 553236, "district_name": "Thane", "dist_lgd": 497, "subdistrict_name": "Murbad", "sdcode": 4171, "block_name": "Murbad", "block_lgd": 222.0, "gp_name": "", "state_name": "MAHARASHTRA", "state_lgd": 27, "population": 639, "households": 134}, "geometry": {"type": "Polygon", "coordinates": [[[73.63699000000001, 19.294610000000002], [73.63776, 19.2954], [73.63876, 19.294610000000002], [73.63786, 19.29373], [73.63699000000001, 19.294610000000002]]]}}, {"id": "757", "type": "Feature", "properties": {"village_name": "Bhorande", "vil_lgd": 553233, "district_name": "Thane", "dist_lgd": 497, "subdistrict_name": "Murbad", "sdcode": 4171, "block_name": "Murbad", "block_lgd": 222.0, "gp_name": "", "state_name": "MAHARASHTRA", "state_lgd": 27, "population": 64, "households": 12}, "geometry": {"type": "Polygon", "coordinates": [[[73.68761, 19.337750000000003], [73.69101, 19.33671], [73.69211, 19.33549], [73.69345000000001, 19.33348], [73.69318000000001, 19.33211], [73.69854000000001, 19.32794], [73.70154000000001, 19.32682], [73.70252, 19.32775], [73.70583, 19.32563], [73.70837, 19.32517], [73.70445000000001, 19.322940000000003], [73.70027, 19.317520000000002], [73.69281000000001, 19.31284], [73.68406, 19.310740000000003], [73.68158000000001, 19.307180000000002], [73.68119, 19.30395], [73.67645, 19.310270000000003], [73.67786000000001, 19.327350000000003], [73.67699, 19.32861], [73.67458, 19.32926], [73.67368, 19.33038], [73.67523, 19.333190000000002], [73.67522000000001, 19.340230000000002], [73.68006000000001, 19.33902], [73.68448000000001, 19.335350000000002], [73.68696, 19.335130000000003], [73.68761, 19.337750000000003]], [[73.69186, 19.334290000000003], [73.69097000000001, 19.33519], [73.69008000000001, 19.334290000000003], [73.69111000000001, 19.333530000000003], [73.69186, 19.334290000000003]]]}}, {"id": "758", "type": "Feature", "properties": {"village_name": "Talegaon", "vil_lgd": 553201, "district_name": "Thane", "dist_lgd": 497, "subdistrict_name": "Murbad", "sdcode": 4171, "block_name": "Murbad", "block_lgd": 222.0, "gp_name": "", "state_name": "MAHARASHTRA", "state_lgd": 27, "population": 1395, "households": 327}, "geometry": {"type": "Polygon", "coordinates": [[[73.65487, 19.38661], [73.64976, 19.384590000000003], [73.65178, 19.375400000000003], [73.66438000000001, 19.37629], [73.6606, 19.369010000000003], [73.65854, 19.37066], [73.65576, 19.37086], [73.65437, 19.36946], [73.65155, 19.37187], [73.64421, 19.373350000000002], [73.64043000000001, 19.378860000000003], [73.62923, 19.38371], [73.64564, 19.3973], [73.65791, 19.388920000000002], [73.65487, 19.38661]]]}}, {"id": "759", "type": "Feature", "properties": {"village_name": "Jadai", "vil_lgd": 553202, "district_name": "Thane", "dist_lgd": 497, "subdistrict_name": "Murbad", "sdcode": 4171, "block_name": "Murbad", "block_lgd": 222.0, "gp_name": "", "state_name": "MAHARASHTRA", "state_lgd": 27, "population": 491, "households": 118}, "geometry": {"type": "Polygon", "coordinates": [[[73.64043000000001, 19.378860000000003], [73.64421, 19.373350000000002], [73.65155, 19.37187], [73.65437, 19.36946], [73.64627, 19.36642], [73.64093000000001, 19.361710000000002], [73.63472, 19.366750000000003], [73.63047, 19.368360000000003], [73.62902000000001, 19.368910000000003], [73.62517000000001, 19.3685], [73.62046000000001, 19.37167], [73.62053, 19.379060000000003], [73.61858000000001, 19.387020000000003], [73.61832000000001, 19.38936], [73.62025000000001, 19.39104], [73.62360000000001, 19.386460000000003], [73.62923, 19.38371], [73.64043000000001, 19.378860000000003]]]}}, {"id": "760", "type": "Feature", "properties": {"village_name": "Paronde", "vil_lgd": 553208, "district_name": "Thane", "dist_lgd": 497, "subdistrict_name": "Murbad", "sdcode": 4171, "block_name": "Murbad", "block_lgd": 222.0, "gp_name": "", "state_name": "MAHARASHTRA", "state_lgd": 27, "population": 406, "households": 63}, "geometry": {"type": "Polygon", "coordinates": [[[73.71714, 19.4002], [73.71646000000001, 19.401030000000002], [73.71740000000001, 19.401850000000003], [73.71824000000001, 19.400940000000002], [73.71757000000001, 19.400190000000002], [73.71714, 19.4002]]]}}, {"id": "761", "type": "Feature", "properties": {"village_name": "Fangulgavhan", "vil_lgd": 553231, "district_name": "Thane", "dist_lgd": 497, "subdistrict_name": "Murbad", "sdcode": 4171, "block_name": "Murbad", "block_lgd": 222.0, "gp_name": "", "state_name": "MAHARASHTRA", "state_lgd": 27, "population": 1201, "households": 231}, "geometry": {"type": "Polygon", "coordinates": [[[73.73155000000001, 19.33061], [73.7304, 19.33089], [73.72701, 19.32897], [73.71285, 19.325860000000002], [73.70827000000001, 19.33266], [73.70708, 19.33687], [73.70738, 19.338970000000003], [73.70916000000001, 19.34009], [73.71303, 19.34654], [73.71466000000001, 19.3471], [73.72268000000001, 19.345840000000003], [73.73219, 19.348920000000003], [73.73457, 19.33855], [73.73802, 19.333440000000003], [73.73155000000001, 19.33061]]]}}, {"id": "762", "type": "Feature", "properties": {"village_name": "Ambiwali", "vil_lgd": 553203, "district_name": "Thane", "dist_lgd": 497, "subdistrict_name": "Murbad", "sdcode": 4171, "block_name": "Murbad", "block_lgd": 222.0, "gp_name": "", "state_name": "MAHARASHTRA", "state_lgd": 27, "population": 267, "households": 56}, "geometry": {"type": "Polygon", "coordinates": [[[73.64121, 19.359360000000002], [73.64306, 19.357940000000003], [73.64346, 19.356250000000003], [73.6423, 19.35389], [73.63453000000001, 19.353740000000002], [73.63269000000001, 19.355030000000003], [73.62592000000001, 19.35435], [73.62283000000001, 19.357660000000003], [73.62378000000001, 19.361810000000002], [73.62449000000001, 19.36271], [73.62829, 19.36383], [73.63047, 19.368360000000003], [73.63472, 19.366750000000003], [73.64093000000001, 19.361710000000002], [73.64121, 19.359360000000002]]]}}, {"id": "763", "type": "Feature", "properties": {"village_name": "Merdi", "vil_lgd": 553207, "district_name": "Thane", "dist_lgd": 497, "subdistrict_name": "Murbad", "sdcode": 4171, "block_name": "Murbad", "block_lgd": 222.0, "gp_name": "", "state_name": "MAHARASHTRA", "state_lgd": 27, "population": 988, "households": 192}, "geometry": {"type": "Polygon", "coordinates": [[[73.73026, 19.430660000000003], [73.72563000000001, 19.424220000000002], [73.71875, 19.41768], [73.70936, 19.403270000000003], [73.70615000000001, 19.40088], [73.70624000000001, 19.39855], [73.70801, 19.39589], [73.70896, 19.379510000000003], [73.70670000000001, 19.374760000000002], [73.70782000000001, 19.36109], [73.70908, 19.357100000000003], [73.71173, 19.354830000000003], [73.70946, 19.35229], [73.70945, 19.35445], [73.70797, 19.35473], [73.70500000000001, 19.35921], [73.69757000000001, 19.3644], [73.69460000000001, 19.370150000000002], [73.69046, 19.37331], [73.68583000000001, 19.37827], [73.68405, 19.378970000000002], [73.67915, 19.378970000000002], [73.68524000000001, 19.382060000000003], [73.68687, 19.383740000000003], [73.69267, 19.38738], [73.69178000000001, 19.40378], [73.68851000000001, 19.40756], [73.6842, 19.40952], [73.68925, 19.41653], [73.69489, 19.42255], [73.69475, 19.43025], [73.69605, 19.4344], [73.69916, 19.43458], [73.70200000000001, 19.43372], [73.70464000000001, 19.431510000000003], [73.70663, 19.42642], [73.70651000000001, 19.42969], [73.70946, 19.430950000000003], [73.71355000000001, 19.431540000000002], [73.72139, 19.43051], [73.72814000000001, 19.43091], [73.73026, 19.430660000000003]]]}}, {"id": "764", "type": "Feature", "properties": {"village_name": "Chasole", "vil_lgd": 553212, "district_name": "Thane", "dist_lgd": 497, "subdistrict_name": "Murbad", "sdcode": 4171, "block_name": "Murbad", "block_lgd": 222.0, "gp_name": "", "state_name": "MAHARASHTRA", "state_lgd": 27, "population": 907, "households": 180}, "geometry": {"type": "Polygon", "coordinates": [[[73.62592000000001, 19.35435], [73.63269000000001, 19.355030000000003], [73.63453000000001, 19.353740000000002], [73.6423, 19.35389], [73.64516, 19.347040000000003], [73.64253000000001, 19.34675], [73.64304, 19.33755], [73.6431, 19.33455], [73.64144, 19.333560000000002], [73.63954000000001, 19.332420000000003], [73.63597, 19.33208], [73.63348, 19.332980000000003], [73.62504000000001, 19.336350000000003], [73.61636, 19.337020000000003], [73.61636, 19.338810000000002], [73.61066000000001, 19.35059], [73.61066000000001, 19.35339], [73.61244, 19.355300000000003], [73.61803, 19.357650000000003], [73.62283000000001, 19.357660000000003], [73.62592000000001, 19.35435]]]}}, {"id": "765", "type": "Feature", "properties": {"village_name": "Kharshet Umbroli", "vil_lgd": 553199, "district_name": "Thane", "dist_lgd": 497, "subdistrict_name": "Murbad", "sdcode": 4171, "block_name": "Murbad", "block_lgd": 222.0, "gp_name": "", "state_name": "MAHARASHTRA", "state_lgd": 27, "population": 953, "households": 173}, "geometry": {"type": "Polygon", "coordinates": [[[73.69436, 19.43533], [73.69605, 19.4344], [73.69475, 19.43025], [73.69489, 19.42255], [73.68925, 19.41653], [73.6842, 19.40952], [73.68153000000001, 19.405320000000003], [73.67618, 19.39985], [73.66890000000001, 19.39579], [73.66474000000001, 19.39495], [73.66073, 19.39299], [73.6588, 19.39131], [73.65791, 19.388920000000002], [73.64564, 19.3973], [73.64290000000001, 19.398870000000002], [73.64157, 19.40041], [73.63859000000001, 19.401390000000003], [73.63699000000001, 19.40454], [73.63645000000001, 19.409390000000002], [73.64157, 19.41667], [73.6483, 19.420640000000002], [73.65038000000001, 19.422690000000003], [73.66822, 19.42751], [73.67664, 19.434350000000002], [73.68062, 19.439600000000002], [73.68730000000001, 19.442230000000002], [73.68904, 19.44057], [73.68826, 19.43985], [73.69316, 19.433780000000002], [73.69436, 19.43533]]]}}, {"id": "766", "type": "Feature", "properties": {"village_name": "Khed", "vil_lgd": 553192, "district_name": "Thane", "dist_lgd": 497, "subdistrict_name": "Murbad", "sdcode": 4171, "block_name": "Murbad", "block_lgd": 222.0, "gp_name": "", "state_name": "MAHARASHTRA", "state_lgd": 27, "population": 493, "households": 94}, "geometry": {"type": "Polygon", "coordinates": [[[73.63949000000001, 19.426740000000002], [73.6483, 19.420640000000002], [73.64157, 19.41667], [73.63645000000001, 19.409390000000002], [73.63201000000001, 19.41], [73.63101, 19.413230000000002], [73.62694, 19.416120000000003], [73.62744, 19.41713], [73.6268, 19.41982], [73.62352, 19.42257], [73.62031, 19.43044], [73.62794000000001, 19.43071], [73.62915000000001, 19.43158], [73.63037, 19.43098], [73.63949000000001, 19.426740000000002]]]}}, {"id": "767", "type": "Feature", "properties": {"village_name": "Alawe", "vil_lgd": 553189, "district_name": "Thane", "dist_lgd": 497, "subdistrict_name": "Murbad", "sdcode": 4171, "block_name": "Murbad", "block_lgd": 222.0, "gp_name": "", "state_name": "MAHARASHTRA", "state_lgd": 27, "population": 351, "households": 77}, "geometry": {"type": "Polygon", "coordinates": [[[73.63351, 19.43861], [73.63655, 19.43374], [73.64178000000001, 19.428160000000002], [73.64673, 19.425700000000003], [73.65038000000001, 19.422690000000003], [73.6483, 19.420640000000002], [73.63949000000001, 19.426740000000002], [73.63037, 19.43098], [73.62915000000001, 19.43158], [73.62794000000001, 19.43071], [73.62031, 19.43044], [73.61725000000001, 19.43427], [73.61710000000001, 19.43925], [73.61813000000001, 19.44031], [73.62762000000001, 19.43973], [73.63191, 19.43811], [73.63351, 19.43861]]]}}, {"id": "768", "type": "Feature", "properties": {"village_name": "Nyahadi", "vil_lgd": 553210, "district_name": "Thane", "dist_lgd": 497, "subdistrict_name": "Murbad", "sdcode": 4171, "block_name": "Murbad", "block_lgd": 222.0, "gp_name": "", "state_name": "MAHARASHTRA", "state_lgd": 27, "population": 781, "households": 168}, "geometry": {"type": "Polygon", "coordinates": [[[73.70931, 19.351170000000003], [73.71273000000001, 19.34878], [73.71303, 19.34654], [73.70916000000001, 19.34009], [73.70738, 19.338970000000003], [73.70708, 19.33687], [73.70404, 19.337030000000002], [73.70404, 19.33997], [73.70394, 19.34197], [73.70360000000001, 19.344040000000003], [73.69869, 19.346140000000002], [73.69349000000001, 19.342640000000003], [73.68681000000001, 19.343200000000003], [73.68761, 19.337750000000003], [73.68696, 19.335130000000003], [73.68448000000001, 19.335350000000002], [73.68006000000001, 19.33902], [73.67522000000001, 19.340230000000002], [73.67076, 19.34082], [73.66923000000001, 19.341730000000002], [73.66949000000001, 19.344710000000003], [73.67436000000001, 19.349980000000002], [73.67543, 19.358620000000002], [73.68066, 19.36557], [73.68422000000001, 19.36691], [73.68613, 19.369940000000003], [73.69046, 19.37331], [73.69460000000001, 19.370150000000002], [73.69757000000001, 19.3644], [73.70500000000001, 19.35921], [73.70797, 19.35473], [73.70945, 19.35445], [73.70946, 19.35229], [73.70931, 19.351170000000003]]]}}, {"id": "769", "type": "Feature", "properties": {"village_name": "Khutal Baragaon", "vil_lgd": 553211, "district_name": "Thane", "dist_lgd": 497, "subdistrict_name": "Murbad", "sdcode": 4171, "block_name": "Murbad", "block_lgd": 222.0, "gp_name": "", "state_name": "MAHARASHTRA", "state_lgd": 27, "population": 1747, "households": 358}, "geometry": {"type": "Polygon", "coordinates": [[[73.68405, 19.378970000000002], [73.68583000000001, 19.37827], [73.69046, 19.37331], [73.68613, 19.369940000000003], [73.68422000000001, 19.36691], [73.68066, 19.36557], [73.67543, 19.358620000000002], [73.67436000000001, 19.349980000000002], [73.66949000000001, 19.344710000000003], [73.66923000000001, 19.341730000000002], [73.66599000000001, 19.34439], [73.66347, 19.34503], [73.65951000000001, 19.343290000000003], [73.64896, 19.343690000000002], [73.64516, 19.347040000000003], [73.6423, 19.35389], [73.64346, 19.356250000000003], [73.64998, 19.35922], [73.65191, 19.36279], [73.6606, 19.369010000000003], [73.66438000000001, 19.37629], [73.66438000000001, 19.378760000000003], [73.66652, 19.380660000000002], [73.67282, 19.381670000000003], [73.67915, 19.378970000000002], [73.68405, 19.378970000000002]]]}}, {"id": "770", "type": "Feature", "properties": {"village_name": "Dighephal", "vil_lgd": 553206, "district_name": "Thane", "dist_lgd": 497, "subdistrict_name": "Murbad", "sdcode": 4171, "block_name": "Murbad", "block_lgd": 222.0, "gp_name": "", "state_name": "MAHARASHTRA", "state_lgd": 27, "population": 105, "households": 24}, "geometry": {"type": "Polygon", "coordinates": [[[73.65191, 19.36279], [73.64998, 19.35922], [73.64346, 19.356250000000003], [73.64306, 19.357940000000003], [73.64121, 19.359360000000002], [73.64093000000001, 19.361710000000002], [73.64627, 19.36642], [73.65437, 19.36946], [73.65576, 19.37086], [73.65854, 19.37066], [73.6606, 19.369010000000003], [73.65191, 19.36279]]]}}, {"id": "771", "type": "Feature", "properties": {"village_name": "Anandnagar", "vil_lgd": 553198, "district_name": "Thane", "dist_lgd": 497, "subdistrict_name": "Murbad", "sdcode": 4171, "block_name": "Murbad", "block_lgd": 222.0, "gp_name": "", "state_name": "MAHARASHTRA", "state_lgd": 27, "population": 552, "households": 112}, "geometry": {"type": "Polygon", "coordinates": [[[73.64564, 19.3973], [73.62923, 19.38371], [73.62360000000001, 19.386460000000003], [73.62025000000001, 19.39104], [73.62095000000001, 19.393250000000002], [73.62473, 19.394260000000003], [73.62880000000001, 19.400720000000003], [73.63144000000001, 19.3987], [73.63486, 19.398500000000002], [73.63643, 19.402800000000003], [73.63699000000001, 19.40454], [73.63859000000001, 19.401390000000003], [73.64157, 19.40041], [73.64290000000001, 19.398870000000002], [73.64564, 19.3973]]]}}, {"id": "772", "type": "Feature", "properties": {"village_name": "Vl Valshet", "vil_lgd": 552786, "district_name": "Thane", "dist_lgd": 497, "subdistrict_name": "Shahapur", "sdcode": 4167, "block_name": "Shahapur", "block_lgd": 218.0, "gp_name": "", "state_name": "MAHARASHTRA", "state_lgd": 27, "population": 700, "households": 142}, "geometry": {"type": "Polygon", "coordinates": [[[73.65933000000001, 19.43607], [73.65857000000001, 19.43683], [73.65946000000001, 19.43774], [73.66031000000001, 19.437170000000002], [73.65973000000001, 19.43609], [73.65933000000001, 19.43607]]]}}, {"id": "773", "type": "Feature", "properties": {"village_name": "Moroshi", "vil_lgd": 553226, "district_name": "Thane", "dist_lgd": 497, "subdistrict_name": "Murbad", "sdcode": 4171, "block_name": "Murbad", "block_lgd": 222.0, "gp_name": "", "state_name": "MAHARASHTRA", "state_lgd": 27, "population": 142, "households": 30}, "geometry": {"type": "Polygon", "coordinates": [[[73.70394, 19.34197], [73.70148, 19.3398], [73.70047000000001, 19.33988], [73.69911, 19.338150000000002], [73.69637, 19.340950000000003], [73.69605, 19.338890000000003], [73.69465000000001, 19.339070000000003], [73.69211, 19.33549], [73.69101, 19.33671], [73.68761, 19.337750000000003], [73.68681000000001, 19.343200000000003], [73.69349000000001, 19.342640000000003], [73.69869, 19.346140000000002], [73.70360000000001, 19.344040000000003], [73.70394, 19.34197]]]}}, {"id": "774", "type": "Feature", "properties": {"village_name": "Thitabi Tarf Vaishakhare", "vil_lgd": 553229, "district_name": "Thane", "dist_lgd": 497, "subdistrict_name": "Murbad", "sdcode": 4171, "block_name": "Murbad", "block_lgd": 222.0, "gp_name": "", "state_name": "MAHARASHTRA", "state_lgd": 27, "population": 210, "households": 44}, "geometry": {"type": "Polygon", "coordinates": [[[73.78922, 19.363020000000002], [73.78899000000001, 19.36128], [73.79404000000001, 19.36026], [73.79273, 19.356640000000002], [73.79183, 19.348760000000002], [73.79222, 19.34673], [73.79554, 19.34204], [73.79661, 19.33868], [73.79498000000001, 19.330450000000003], [73.79282, 19.330340000000003], [73.78799000000001, 19.336650000000002], [73.78342, 19.333530000000003], [73.78275000000001, 19.33193], [73.78032, 19.33493], [73.77513, 19.338510000000003], [73.77256000000001, 19.341820000000002], [73.77335000000001, 19.332510000000003], [73.76398, 19.33799], [73.75804000000001, 19.343880000000002], [73.75759000000001, 19.34822], [73.75863000000001, 19.34962], [73.76338000000001, 19.35103], [73.76398, 19.35257], [73.76873, 19.35215], [73.77096, 19.35341], [73.77393000000001, 19.35257], [73.77438000000001, 19.35733], [73.77393000000001, 19.36182], [73.77028, 19.37293], [73.76664000000001, 19.375], [73.76809, 19.37912], [73.77343, 19.38606], [73.7791, 19.38651], [73.78922, 19.363020000000002]]]}}, {"id": "775", "type": "Feature", "properties": {"village_name": "Sawarne", "vil_lgd": 553230, "district_name": "Thane", "dist_lgd": 497, "subdistrict_name": "Murbad", "sdcode": 4171, "block_name": "Murbad", "block_lgd": 222.0, "gp_name": "", "state_name": "MAHARASHTRA", "state_lgd": 27, "population": 541, "households": 99}, "geometry": {"type": "Polygon", "coordinates": [[[73.75209000000001, 19.349200000000003], [73.75759000000001, 19.34822], [73.75804000000001, 19.343880000000002], [73.76398, 19.33799], [73.77335000000001, 19.332510000000003], [73.77351, 19.330820000000003], [73.77017000000001, 19.32986], [73.76046000000001, 19.32966], [73.74758, 19.32319], [73.74245, 19.323030000000003], [73.74616, 19.328030000000002], [73.74769, 19.335320000000003], [73.74154, 19.33489], [73.73802, 19.333440000000003], [73.73457, 19.33855], [73.73219, 19.348920000000003], [73.73323, 19.3499], [73.73709000000001, 19.348920000000003], [73.74378, 19.34976], [73.74853, 19.35159], [73.75105, 19.35018], [73.75209000000001, 19.349200000000003]]]}}, {"id": "776", "type": "Feature", "properties": {"village_name": "Diwanpada", "vil_lgd": 553228, "district_name": "Thane", "dist_lgd": 497, "subdistrict_name": "Murbad", "sdcode": 4171, "block_name": "Murbad", "block_lgd": 222.0, "gp_name": "", "state_name": "MAHARASHTRA", "state_lgd": 27, "population": 298, "households": 55}, "geometry": {"type": "Polygon", "coordinates": [[[73.77393000000001, 19.35257], [73.77096, 19.35341], [73.76873, 19.35215], [73.76398, 19.35257], [73.76338000000001, 19.35103], [73.75863000000001, 19.34962], [73.75759000000001, 19.34822], [73.75209000000001, 19.349200000000003], [73.75581000000001, 19.36154], [73.76071, 19.364900000000002], [73.7613, 19.37149], [73.76428, 19.37415], [73.76664000000001, 19.375], [73.77028, 19.37293], [73.77393000000001, 19.36182], [73.77438000000001, 19.35733], [73.77393000000001, 19.35257]]]}}, {"id": "777", "type": "Feature", "properties": {"village_name": "Walhivare", "vil_lgd": 553227, "district_name": "Thane", "dist_lgd": 497, "subdistrict_name": "Murbad", "sdcode": 4171, "block_name": "Murbad", "block_lgd": 222.0, "gp_name": "", "state_name": "MAHARASHTRA", "state_lgd": 27, "population": 1381, "households": 280}, "geometry": {"type": "Polygon", "coordinates": [[[73.76809, 19.37912], [73.76664000000001, 19.375], [73.76428, 19.37415], [73.7613, 19.37149], [73.76071, 19.364900000000002], [73.75581000000001, 19.36154], [73.75209000000001, 19.349200000000003], [73.75105, 19.35018], [73.74853, 19.35159], [73.74378, 19.34976], [73.73709000000001, 19.348920000000003], [73.73323, 19.3499], [73.73219, 19.348920000000003], [73.72268000000001, 19.345840000000003], [73.71466000000001, 19.3471], [73.71303, 19.34654], [73.71273000000001, 19.34878], [73.70931, 19.351170000000003], [73.70946, 19.35229], [73.71173, 19.354830000000003], [73.71404000000001, 19.35714], [73.71947, 19.356240000000003], [73.71666, 19.3672], [73.72012000000001, 19.37188], [73.72089000000001, 19.385520000000003], [73.72371000000001, 19.39261], [73.72507, 19.39442], [73.73033000000001, 19.39767], [73.74102, 19.409370000000003], [73.74481, 19.409460000000003], [73.74719, 19.40808], [73.75078, 19.40762], [73.75135, 19.40652], [73.75071000000001, 19.401130000000002], [73.75255, 19.396220000000003], [73.75549000000001, 19.39469], [73.76869, 19.39327], [73.77067000000001, 19.39142], [73.76994, 19.385540000000002], [73.77343, 19.38606], [73.76809, 19.37912]]]}}, {"id": "778", "type": "Feature", "properties": {"village_name": "Chondhe Kh", "vil_lgd": 552782, "district_name": "Thane", "dist_lgd": 497, "subdistrict_name": "Shahapur", "sdcode": 4167, "block_name": "Shahapur", "block_lgd": 218.0, "gp_name": "", "state_name": "MAHARASHTRA", "state_lgd": 27, "population": 384, "households": 81}, "geometry": {"type": "Polygon", "coordinates": [[[73.62255, 19.54201], [73.62516000000001, 19.543480000000002], [73.62846, 19.541050000000002], [73.62106, 19.53376], [73.61354, 19.529100000000003], [73.61225, 19.530620000000003], [73.61031000000001, 19.53022], [73.60096, 19.521500000000003], [73.59870000000001, 19.528090000000002], [73.59817000000001, 19.535590000000003], [73.60472, 19.545920000000002], [73.60763, 19.547140000000002], [73.61246000000001, 19.547030000000003], [73.62324000000001, 19.5454], [73.62255, 19.54201]]]}}, {"id": "779", "type": "Feature", "properties": {"village_name": "Kothare", "vil_lgd": 552775, "district_name": "Thane", "dist_lgd": 497, "subdistrict_name": "Shahapur", "sdcode": 4167, "block_name": "Shahapur", "block_lgd": 218.0, "gp_name": "", "state_name": "MAHARASHTRA", "state_lgd": 27, "population": 2138, "households": 423}, "geometry": {"type": "Polygon", "coordinates": [[[73.48328000000001, 19.529130000000002], [73.48132000000001, 19.52729], [73.48012, 19.522180000000002], [73.48358, 19.517490000000002], [73.48504000000001, 19.50477], [73.48494000000001, 19.498900000000003], [73.48268, 19.48797], [73.47891, 19.48328], [73.4788, 19.47201], [73.47629, 19.470830000000003], [73.47225, 19.46948], [73.46195, 19.468880000000002], [73.45578, 19.47981], [73.45503000000001, 19.48308], [73.45141000000001, 19.48535], [73.44874, 19.48947], [73.45100000000001, 19.49274], [73.45115000000001, 19.495430000000002], [73.44723, 19.50324], [73.44633, 19.50665], [73.44603000000001, 19.512890000000002], [73.44708, 19.51715], [73.44618000000001, 19.51886], [73.44744, 19.52615], [73.44909000000001, 19.52757], [73.46099000000001, 19.53339], [73.46536, 19.533820000000002], [73.47500000000001, 19.534100000000002], [73.47921000000001, 19.533250000000002], [73.47997000000001, 19.52927], [73.48328000000001, 19.529130000000002]]]}}, {"id": "780", "type": "Feature", "properties": {"village_name": "Sajivali", "vil_lgd": 552701, "district_name": "Thane", "dist_lgd": 497, "subdistrict_name": "Shahapur", "sdcode": 4167, "block_name": "Shahapur", "block_lgd": 218.0, "gp_name": "", "state_name": "MAHARASHTRA", "state_lgd": 27, "population": 909, "households": 185}, "geometry": {"type": "Polygon", "coordinates": [[[73.41817, 19.483970000000003], [73.40258, 19.475], [73.39931, 19.477240000000002], [73.39545000000001, 19.482010000000002], [73.38964, 19.491120000000002], [73.39250000000001, 19.498420000000003], [73.39710000000001, 19.506030000000003], [73.41191, 19.50319], [73.41573000000001, 19.505480000000002], [73.4214, 19.50749], [73.42530000000001, 19.49545], [73.41817, 19.483970000000003]]]}}, {"id": "781", "type": "Feature", "properties": {"village_name": "Shilottar", "vil_lgd": 552820, "district_name": "Thane", "dist_lgd": 497, "subdistrict_name": "Shahapur", "sdcode": 4167, "block_name": "Shahapur", "block_lgd": 218.0, "gp_name": "", "state_name": "MAHARASHTRA", "state_lgd": 27, "population": 898, "households": 194}, "geometry": {"type": "Polygon", "coordinates": [[[73.42581000000001, 19.45965], [73.42611000000001, 19.44687], [73.42521, 19.445020000000003], [73.41437, 19.444170000000003], [73.41355, 19.44115], [73.4128, 19.443240000000003], [73.41047, 19.445710000000002], [73.40709000000001, 19.44863], [73.40179, 19.451620000000002], [73.40232, 19.45539], [73.40054, 19.460140000000003], [73.40608, 19.460500000000003], [73.40849, 19.4615], [73.41663000000001, 19.46121], [73.42069000000001, 19.464760000000002], [73.42461, 19.464190000000002], [73.42581000000001, 19.45965]]]}}, {"id": "782", "type": "Feature", "properties": {"village_name": "Sarangpuri", "vil_lgd": 552812, "district_name": "Thane", "dist_lgd": 497, "subdistrict_name": "Shahapur", "sdcode": 4167, "block_name": "Shahapur", "block_lgd": 218.0, "gp_name": "", "state_name": "MAHARASHTRA", "state_lgd": 27, "population": 1546, "households": 348}, "geometry": {"type": "Polygon", "coordinates": [[[73.45081, 19.476550000000003], [73.44373, 19.476830000000003], [73.43440000000001, 19.470730000000003], [73.43078000000001, 19.466610000000003], [73.42461, 19.464190000000002], [73.42069000000001, 19.464760000000002], [73.41663000000001, 19.46121], [73.40849, 19.4615], [73.40608, 19.460500000000003], [73.40054, 19.460140000000003], [73.3999, 19.461840000000002], [73.40050000000001, 19.46562], [73.40258, 19.475], [73.41817, 19.483970000000003], [73.42530000000001, 19.49545], [73.44392, 19.494870000000002], [73.44874, 19.48947], [73.45141000000001, 19.48535], [73.45503000000001, 19.48308], [73.45578, 19.47981], [73.45382000000001, 19.47782], [73.45081, 19.476550000000003]]]}}, {"id": "783", "type": "Feature", "properties": {"village_name": "Khaire", "vil_lgd": 552813, "district_name": "Thane", "dist_lgd": 497, "subdistrict_name": "Shahapur", "sdcode": 4167, "block_name": "Shahapur", "block_lgd": 218.0, "gp_name": "", "state_name": "MAHARASHTRA", "state_lgd": 27, "population": 782, "households": 173}, "geometry": {"type": "Polygon", "coordinates": [[[73.46195, 19.468880000000002], [73.45744, 19.46462], [73.45427000000001, 19.46434], [73.45322, 19.45979], [73.44810000000001, 19.452830000000002], [73.43756, 19.456670000000003], [73.43078000000001, 19.466610000000003], [73.43440000000001, 19.470730000000003], [73.44373, 19.476830000000003], [73.45081, 19.476550000000003], [73.45382000000001, 19.47782], [73.45578, 19.47981], [73.46195, 19.468880000000002]]]}}, {"id": "784", "type": "Feature", "properties": {"village_name": "Musai", "vil_lgd": 552814, "district_name": "Thane", "dist_lgd": 497, "subdistrict_name": "Shahapur", "sdcode": 4167, "block_name": "Shahapur", "block_lgd": 218.0, "gp_name": "", "state_name": "MAHARASHTRA", "state_lgd": 27, "population": 1477, "households": 325}, "geometry": {"type": "Polygon", "coordinates": [[[73.47664, 19.46948], [73.47510000000001, 19.46601], [73.47308000000001, 19.463990000000003], [73.47118, 19.46366], [73.47018, 19.46018], [73.46737, 19.442030000000003], [73.46024000000001, 19.442140000000002], [73.45181000000001, 19.4445], [73.44900000000001, 19.44403], [73.44765000000001, 19.44772], [73.44810000000001, 19.452830000000002], [73.45322, 19.45979], [73.45427000000001, 19.46434], [73.45744, 19.46462], [73.46195, 19.468880000000002], [73.47225, 19.46948], [73.47629, 19.470830000000003], [73.47664, 19.46948]]]}}, {"id": "785", "type": "Feature", "properties": {"village_name": "Vehloli Bk", "vil_lgd": 552815, "district_name": "Thane", "dist_lgd": 497, "subdistrict_name": "Shahapur", "sdcode": 4167, "block_name": "Shahapur", "block_lgd": 218.0, "gp_name": "", "state_name": "MAHARASHTRA", "state_lgd": 27, "population": 2797, "households": 596}, "geometry": {"type": "Polygon", "coordinates": [[[73.50659, 19.48091], [73.50782000000001, 19.48084], [73.50972, 19.48054], [73.51298000000001, 19.476640000000003], [73.50872000000001, 19.467160000000003], [73.50794, 19.462670000000003], [73.50779, 19.45926], [73.50911, 19.45332], [73.50113, 19.45212], [73.49566, 19.452450000000002], [73.48461, 19.45436], [73.47379000000001, 19.457610000000003], [73.47018, 19.46018], [73.47118, 19.46366], [73.47308000000001, 19.463990000000003], [73.47510000000001, 19.46601], [73.47664, 19.46948], [73.47629, 19.470830000000003], [73.4788, 19.47201], [73.48544000000001, 19.47576], [73.49388, 19.479010000000002], [73.4972, 19.48215], [73.50089000000001, 19.48215], [73.50160000000001, 19.48573], [73.50255, 19.48674], [73.50445, 19.48607], [73.50517, 19.48282], [73.50659, 19.48091]]]}}, {"id": "786", "type": "Feature", "properties": {"village_name": "Malad", "vil_lgd": 552802, "district_name": "Thane", "dist_lgd": 497, "subdistrict_name": "Shahapur", "sdcode": 4167, "block_name": "Shahapur", "block_lgd": 218.0, "gp_name": "", "state_name": "MAHARASHTRA", "state_lgd": 27, "population": 403, "households": 91}, "geometry": {"type": "Polygon", "coordinates": [[[73.61095, 19.452810000000003], [73.60912, 19.45276], [73.60876, 19.451490000000003], [73.60976000000001, 19.44517], [73.60787, 19.44159], [73.59795000000001, 19.448320000000002], [73.59296, 19.45325], [73.59236, 19.45773], [73.59248000000001, 19.459190000000003], [73.59326, 19.459380000000003], [73.59569, 19.459970000000002], [73.59747, 19.46064], [73.59771, 19.46658], [73.60009000000001, 19.465010000000003], [73.60638, 19.46591], [73.60852000000001, 19.463], [73.61054, 19.458180000000002], [73.61095, 19.452810000000003]]]}}, {"id": "787", "type": "Feature", "properties": {"village_name": "Manjare", "vil_lgd": 552799, "district_name": "Thane", "dist_lgd": 497, "subdistrict_name": "Shahapur", "sdcode": 4167, "block_name": "Shahapur", "block_lgd": 218.0, "gp_name": "", "state_name": "MAHARASHTRA", "state_lgd": 27, "population": 981, "households": 221}, "geometry": {"type": "Polygon", "coordinates": [[[73.59070000000001, 19.462660000000003], [73.59326, 19.459380000000003], [73.59248000000001, 19.459190000000003], [73.59236, 19.45773], [73.59296, 19.45325], [73.58999, 19.44798], [73.58107000000001, 19.444170000000003], [73.57430000000001, 19.44473], [73.56752, 19.44518], [73.56408, 19.447020000000002], [73.56758, 19.456300000000002], [73.56832, 19.461080000000003], [73.57050000000001, 19.46143], [73.57774, 19.46759], [73.57858, 19.46927], [73.58238, 19.46938], [73.58428, 19.47218], [73.58725000000001, 19.469610000000003], [73.59070000000001, 19.462660000000003]]]}}, {"id": "788", "type": "Feature", "properties": {"village_name": "Kambe", "vil_lgd": 552790, "district_name": "Thane", "dist_lgd": 497, "subdistrict_name": "Shahapur", "sdcode": 4167, "block_name": "Shahapur", "block_lgd": 218.0, "gp_name": "", "state_name": "MAHARASHTRA", "state_lgd": 27, "population": 504, "households": 109}, "geometry": {"type": "Polygon", "coordinates": [[[73.62079, 19.44914], [73.62067, 19.453030000000002], [73.61095, 19.452810000000003], [73.61054, 19.458180000000002], [73.61256, 19.462770000000003], [73.61565, 19.46546], [73.61661000000001, 19.467480000000002], [73.62338000000001, 19.46591], [73.62397, 19.46019], [73.6269, 19.455350000000003], [73.62079, 19.44914]]]}}, {"id": "789", "type": "Feature", "properties": {"village_name": "Ranvihir", "vil_lgd": 552794, "district_name": "Thane", "dist_lgd": 497, "subdistrict_name": "Shahapur", "sdcode": 4167, "block_name": "Shahapur", "block_lgd": 218.0, "gp_name": "", "state_name": "MAHARASHTRA", "state_lgd": 27, "population": 1468, "households": 286}, "geometry": {"type": "Polygon", "coordinates": [[[73.56764000000001, 19.496070000000003], [73.56925000000001, 19.4904], [73.57505, 19.484820000000003], [73.57624000000001, 19.48148], [73.58428, 19.47218], [73.58238, 19.46938], [73.57858, 19.46927], [73.57774, 19.46759], [73.57050000000001, 19.46143], [73.56832, 19.461080000000003], [73.56441000000001, 19.46599], [73.56021000000001, 19.47437], [73.54572, 19.47734], [73.54188, 19.480800000000002], [73.53902000000001, 19.481990000000003], [73.54141, 19.484810000000003], [73.54100000000001, 19.490550000000002], [73.54313, 19.492220000000003], [73.54689, 19.490090000000002], [73.54807000000001, 19.49192], [73.55334, 19.495260000000002], [73.55452000000001, 19.497690000000002], [73.55882000000001, 19.498810000000002], [73.56441000000001, 19.50316], [73.5685, 19.509240000000002], [73.56903000000001, 19.506610000000002], [73.57258, 19.502760000000002], [73.56764000000001, 19.496070000000003]]]}}, {"id": "790", "type": "Feature", "properties": {"village_name": "Dolkhamb", "vil_lgd": 552792, "district_name": "Thane", "dist_lgd": 497, "subdistrict_name": "Shahapur", "sdcode": 4167, "block_name": "Shahapur", "block_lgd": 218.0, "gp_name": "", "state_name": "MAHARASHTRA", "state_lgd": 27, "population": 2257, "households": 454}, "geometry": {"type": "Polygon", "coordinates": [[[73.58725000000001, 19.469610000000003], [73.58428, 19.47218], [73.57624000000001, 19.48148], [73.57505, 19.484820000000003], [73.56925000000001, 19.4904], [73.56764000000001, 19.496070000000003], [73.57258, 19.502760000000002], [73.57570000000001, 19.50083], [73.57828, 19.495260000000002], [73.58247, 19.491210000000002], [73.58677, 19.48401], [73.59043000000001, 19.47945], [73.59315000000001, 19.478180000000002], [73.59236, 19.47342], [73.59094, 19.471510000000002], [73.58725000000001, 19.469610000000003]]]}}, {"id": "791", "type": "Feature", "properties": {"village_name": "Hedvali", "vil_lgd": 552791, "district_name": "Thane", "dist_lgd": 497, "subdistrict_name": "Shahapur", "sdcode": 4167, "block_name": "Shahapur", "block_lgd": 218.0, "gp_name": "", "state_name": "MAHARASHTRA", "state_lgd": 27, "population": 585, "households": 119}, "geometry": {"type": "Polygon", "coordinates": [[[73.60198000000001, 19.49752], [73.60139000000001, 19.497500000000002], [73.59866000000001, 19.49033], [73.59723000000001, 19.48395], [73.59426, 19.48092], [73.59315000000001, 19.478180000000002], [73.59043000000001, 19.47945], [73.58677, 19.48401], [73.58247, 19.491210000000002], [73.57828, 19.495260000000002], [73.57570000000001, 19.50083], [73.57677000000001, 19.50225], [73.58312000000001, 19.50428], [73.58946, 19.507720000000003], [73.59580000000001, 19.50732], [73.59784, 19.50185], [73.60182, 19.50043], [73.60198000000001, 19.49752]]]}}, {"id": "792", "type": "Feature", "properties": {"village_name": "Gandulwad", "vil_lgd": 552783, "district_name": "Thane", "dist_lgd": 497, "subdistrict_name": "Shahapur", "sdcode": 4167, "block_name": "Shahapur", "block_lgd": 218.0, "gp_name": "", "state_name": "MAHARASHTRA", "state_lgd": 27, "population": 820, "households": 140}, "geometry": {"type": "Polygon", "coordinates": [[[73.6144, 19.518970000000003], [73.61515, 19.515420000000002], [73.61795000000001, 19.50975], [73.61805000000001, 19.49952], [73.61994, 19.494780000000002], [73.61233, 19.494480000000003], [73.60864000000001, 19.495600000000003], [73.60662, 19.49762], [73.60198000000001, 19.49752], [73.60182, 19.50043], [73.59784, 19.50185], [73.59580000000001, 19.50732], [73.59408, 19.515420000000002], [73.59605, 19.5206], [73.60096, 19.521500000000003], [73.61031000000001, 19.53022], [73.61225, 19.530620000000003], [73.61354, 19.529100000000003], [73.6144, 19.518970000000003]]]}}, {"id": "793", "type": "Feature", "properties": {"village_name": "Julawani", "vil_lgd": 552776, "district_name": "Thane", "dist_lgd": 497, "subdistrict_name": "Shahapur", "sdcode": 4167, "block_name": "Shahapur", "block_lgd": 218.0, "gp_name": "", "state_name": "MAHARASHTRA", "state_lgd": 27, "population": 1382, "households": 294}, "geometry": {"type": "Polygon", "coordinates": [[[73.51536, 19.532960000000003], [73.51355000000001, 19.52558], [73.51490000000001, 19.52062], [73.5181, 19.514950000000002], [73.51842, 19.511930000000003], [73.51455, 19.49613], [73.51230000000001, 19.49249], [73.50846, 19.488770000000002], [73.50609, 19.49249], [73.50684000000001, 19.496540000000003], [73.50555, 19.502670000000002], [73.50137000000001, 19.50682], [73.50008000000001, 19.507240000000003], [73.49703000000001, 19.50618], [73.48504000000001, 19.50477], [73.48358, 19.517490000000002], [73.48012, 19.522180000000002], [73.48132000000001, 19.52729], [73.48328000000001, 19.529130000000002], [73.48629000000001, 19.529420000000002], [73.49141, 19.52842], [73.49126000000001, 19.53751], [73.49186, 19.53949], [73.49563, 19.539070000000002], [73.49999000000001, 19.535230000000002], [73.50391, 19.535230000000002], [73.50557, 19.53665], [73.50572000000001, 19.542050000000003], [73.50496000000001, 19.54772], [73.50737000000001, 19.5473], [73.51174, 19.54247], [73.51852000000001, 19.539920000000002], [73.51897000000001, 19.53751], [73.51536, 19.532960000000003]]]}}, {"id": "794", "type": "Feature", "properties": {"village_name": "Roadvahal", "vil_lgd": 552779, "district_name": "Thane", "dist_lgd": 497, "subdistrict_name": "Shahapur", "sdcode": 4167, "block_name": "Shahapur", "block_lgd": 218.0, "gp_name": "", "state_name": "MAHARASHTRA", "state_lgd": 27, "population": 476, "households": 92}, "geometry": {"type": "Polygon", "coordinates": [[[73.54984, 19.54716], [73.55195, 19.547870000000003], [73.55767, 19.546300000000002], [73.56370000000001, 19.54999], [73.56716, 19.54999], [73.56882, 19.549280000000003], [73.56987000000001, 19.54645], [73.57198000000001, 19.54559], [73.57499, 19.53594], [73.57830000000001, 19.532110000000003], [73.57830000000001, 19.53055], [73.58297, 19.52842], [73.58441, 19.526210000000003], [73.58101, 19.525440000000003], [73.57891000000001, 19.52402], [73.57228, 19.52289], [73.57108000000001, 19.52118], [73.56656000000001, 19.52062], [73.56083000000001, 19.51707], [73.55873000000001, 19.51735], [73.55617000000001, 19.51891], [73.55617000000001, 19.52345], [73.55466000000001, 19.52487], [73.54698, 19.52473], [73.54502000000001, 19.526860000000003], [73.53804000000001, 19.529960000000003], [73.53313, 19.53254], [73.53132000000001, 19.53694], [73.53117, 19.54006], [73.53478000000001, 19.543370000000003], [73.53569, 19.544600000000003], [73.53734, 19.54276], [73.53975000000001, 19.54191], [73.54246, 19.542330000000003], [73.54427000000001, 19.54304], [73.54472000000001, 19.544600000000003], [73.54337000000001, 19.54943], [73.54562, 19.549570000000003], [73.54834000000001, 19.54758], [73.54984, 19.54716]]]}}, {"id": "795", "type": "Feature", "properties": {"village_name": "Hinglud", "vil_lgd": 552781, "district_name": "Thane", "dist_lgd": 497, "subdistrict_name": "Shahapur", "sdcode": 4167, "block_name": "Shahapur", "block_lgd": 218.0, "gp_name": "", "state_name": "MAHARASHTRA", "state_lgd": 27, "population": 404, "households": 77}, "geometry": {"type": "Polygon", "coordinates": [[[73.62783, 19.55348], [73.62173, 19.54851], [73.62324000000001, 19.5454], [73.61246000000001, 19.547030000000003], [73.60763, 19.547140000000002], [73.60472, 19.545920000000002], [73.59817000000001, 19.535590000000003], [73.59870000000001, 19.528090000000002], [73.60096, 19.521500000000003], [73.59605, 19.5206], [73.58854000000001, 19.525160000000003], [73.58441, 19.526210000000003], [73.58297, 19.52842], [73.57830000000001, 19.53055], [73.57830000000001, 19.532110000000003], [73.57499, 19.53594], [73.57198000000001, 19.54559], [73.57379, 19.54758], [73.57650000000001, 19.5473], [73.57815000000001, 19.546020000000002], [73.57966, 19.546590000000002], [73.58508, 19.54588], [73.58704, 19.5473], [73.58719, 19.551560000000002], [73.58794, 19.552410000000002], [73.5908, 19.552410000000002], [73.59216, 19.5534], [73.59171, 19.557940000000002], [73.59321, 19.559790000000003], [73.59863, 19.56078], [73.60616, 19.55922], [73.61294000000001, 19.561200000000003], [73.61550000000001, 19.56305], [73.62589000000001, 19.56341], [73.62783, 19.55348]]]}}, {"id": "796", "type": "Feature", "properties": {"village_name": "Devgaon", "vil_lgd": 552795, "district_name": "Thane", "dist_lgd": 497, "subdistrict_name": "Shahapur", "sdcode": 4167, "block_name": "Shahapur", "block_lgd": 218.0, "gp_name": "", "state_name": "MAHARASHTRA", "state_lgd": 27, "population": 537, "households": 108}, "geometry": {"type": "Polygon", "coordinates": [[[73.54164, 19.50393], [73.54066, 19.49498], [73.54100000000001, 19.490550000000002], [73.54141, 19.484810000000003], [73.53902000000001, 19.481990000000003], [73.525, 19.48037], [73.51298000000001, 19.476640000000003], [73.50972, 19.48054], [73.50782000000001, 19.48084], [73.50846, 19.488770000000002], [73.51230000000001, 19.49249], [73.51455, 19.49613], [73.51842, 19.511930000000003], [73.5181, 19.514950000000002], [73.52317000000001, 19.513350000000003], [73.52685000000001, 19.509970000000003], [73.53881000000001, 19.50674], [73.54164, 19.50393]], [[73.51567, 19.48082], [73.51478, 19.481720000000003], [73.51389, 19.48082], [73.51491, 19.48006], [73.51567, 19.48082]]]}}, {"id": "797", "type": "Feature", "properties": {"village_name": "Talwade", "vil_lgd": 552780, "district_name": "Thane", "dist_lgd": 497, "subdistrict_name": "Shahapur", "sdcode": 4167, "block_name": "Shahapur", "block_lgd": 218.0, "gp_name": "", "state_name": "MAHARASHTRA", "state_lgd": 27, "population": 999, "households": 202}, "geometry": {"type": "Polygon", "coordinates": [[[73.59408, 19.515420000000002], [73.59580000000001, 19.50732], [73.58946, 19.507720000000003], [73.58312000000001, 19.50428], [73.57677000000001, 19.50225], [73.57570000000001, 19.50083], [73.57258, 19.502760000000002], [73.56903000000001, 19.506610000000002], [73.5685, 19.509240000000002], [73.56821000000001, 19.51153], [73.56385, 19.51593], [73.56083000000001, 19.51707], [73.56656000000001, 19.52062], [73.57108000000001, 19.52118], [73.57228, 19.52289], [73.57891000000001, 19.52402], [73.58101, 19.525440000000003], [73.58441, 19.526210000000003], [73.58854000000001, 19.525160000000003], [73.59605, 19.5206], [73.59408, 19.515420000000002]]]}}, {"id": "798", "type": "Feature", "properties": {"village_name": "Pingalwadi", "vil_lgd": 552769, "district_name": "Thane", "dist_lgd": 497, "subdistrict_name": "Shahapur", "sdcode": 4167, "block_name": "Shahapur", "block_lgd": 218.0, "gp_name": "", "state_name": "MAHARASHTRA", "state_lgd": 27, "population": 162, "households": 37}, "geometry": {"type": "Polygon", "coordinates": [[[73.51295, 19.56631], [73.52048, 19.56716], [73.52770000000001, 19.56631], [73.53358, 19.56078], [73.53719000000001, 19.55893], [73.53478000000001, 19.54829], [73.53478000000001, 19.543370000000003], [73.53117, 19.54006], [73.53132000000001, 19.53694], [73.53313, 19.53254], [73.52575, 19.527710000000003], [73.51355000000001, 19.52558], [73.51536, 19.532960000000003], [73.51897000000001, 19.53751], [73.51852000000001, 19.539920000000002], [73.51174, 19.54247], [73.50737000000001, 19.5473], [73.50496000000001, 19.54772], [73.50075000000001, 19.552690000000002], [73.50075000000001, 19.553710000000002], [73.50075000000001, 19.55468], [73.5018, 19.5595], [73.50075000000001, 19.561490000000003], [73.50240000000001, 19.563480000000002], [73.50412, 19.563760000000002], [73.50843, 19.56447], [73.51039, 19.567020000000003], [73.51295, 19.56631]]]}}, {"id": "799", "type": "Feature", "properties": {"village_name": "Patol", "vil_lgd": 552767, "district_name": "Thane", "dist_lgd": 497, "subdistrict_name": "Shahapur", "sdcode": 4167, "block_name": "Shahapur", "block_lgd": 218.0, "gp_name": "", "state_name": "MAHARASHTRA", "state_lgd": 27, "population": 1857, "households": 337}, "geometry": {"type": "Polygon", "coordinates": [[[73.50557, 19.53665], [73.50391, 19.535230000000002], [73.49999000000001, 19.535230000000002], [73.49563, 19.539070000000002], [73.49186, 19.53949], [73.49126000000001, 19.53751], [73.49141, 19.52842], [73.48629000000001, 19.529420000000002], [73.48328000000001, 19.529130000000002], [73.47997000000001, 19.52927], [73.47921000000001, 19.533250000000002], [73.47500000000001, 19.534100000000002], [73.46536, 19.533820000000002], [73.46099000000001, 19.53339], [73.44909000000001, 19.52757], [73.4518, 19.53836], [73.45602000000001, 19.545170000000002], [73.45753, 19.545840000000002], [73.46581, 19.549000000000003], [73.47304000000001, 19.562060000000002], [73.47364, 19.565040000000003], [73.47846000000001, 19.56603], [73.47981, 19.56502], [73.48704000000001, 19.559790000000003], [73.48945, 19.55936], [73.49683, 19.555100000000003], [73.50075000000001, 19.553710000000002], [73.50075000000001, 19.552690000000002], [73.50496000000001, 19.54772], [73.50572000000001, 19.542050000000003], [73.50557, 19.53665]]]}}, {"id": "800", "type": "Feature", "properties": {"village_name": "Palheri", "vil_lgd": 552773, "district_name": "Thane", "dist_lgd": 497, "subdistrict_name": "Shahapur", "sdcode": 4167, "block_name": "Shahapur", "block_lgd": 218.0, "gp_name": "", "state_name": "MAHARASHTRA", "state_lgd": 27, "population": 788, "households": 130}, "geometry": {"type": "Polygon", "coordinates": [[[73.45602000000001, 19.545170000000002], [73.4518, 19.53836], [73.44909000000001, 19.52757], [73.44744, 19.52615], [73.44618000000001, 19.51886], [73.43262, 19.518710000000002], [73.43112, 19.517010000000003], [73.42645, 19.518430000000002], [73.42284000000001, 19.51754], [73.41536, 19.52589], [73.41275, 19.530920000000002], [73.41213, 19.53388], [73.4128, 19.535030000000003], [73.41965, 19.535870000000003], [73.42323, 19.53163], [73.42736000000001, 19.53067], [73.43179, 19.53206], [73.43327000000001, 19.53535], [73.43225000000001, 19.536240000000003], [73.4321, 19.539920000000002], [73.43208, 19.541050000000002], [73.43223, 19.542900000000003], [73.43328000000001, 19.543750000000003], [73.43795, 19.54474], [73.43931, 19.54588], [73.43870000000001, 19.55113], [73.44021000000001, 19.55326], [73.44605, 19.555470000000003], [73.44744, 19.555670000000003], [73.45256, 19.552410000000002], [73.45542, 19.551560000000002], [73.45753, 19.548720000000003], [73.45753, 19.545840000000002], [73.45602000000001, 19.545170000000002]]]}}, {"id": "801", "type": "Feature", "properties": {"village_name": "Pachiware", "vil_lgd": 552774, "district_name": "Thane", "dist_lgd": 497, "subdistrict_name": "Shahapur", "sdcode": 4167, "block_name": "Shahapur", "block_lgd": 218.0, "gp_name": "", "state_name": "MAHARASHTRA", "state_lgd": 27, "population": 0, "households": 0}, "geometry": {"type": "Polygon", "coordinates": [[[73.44708, 19.51715], [73.44603000000001, 19.512890000000002], [73.44633, 19.50665], [73.44723, 19.50324], [73.45115000000001, 19.495430000000002], [73.45100000000001, 19.49274], [73.44874, 19.48947], [73.44392, 19.494870000000002], [73.42530000000001, 19.49545], [73.4214, 19.50749], [73.42402000000001, 19.51164], [73.42284000000001, 19.51754], [73.42645, 19.518430000000002], [73.43112, 19.517010000000003], [73.43262, 19.518710000000002], [73.44618000000001, 19.51886], [73.44708, 19.51715]]]}}, {"id": "802", "type": "Feature", "properties": {"village_name": "Kashti", "vil_lgd": 552766, "district_name": "Thane", "dist_lgd": 497, "subdistrict_name": "Shahapur", "sdcode": 4167, "block_name": "Shahapur", "block_lgd": 218.0, "gp_name": "", "state_name": "MAHARASHTRA", "state_lgd": 27, "population": 605, "households": 130}, "geometry": {"type": "Polygon", "coordinates": [[[73.42215, 19.54296], [73.4321, 19.539920000000002], [73.43225000000001, 19.536240000000003], [73.42531000000001, 19.53648], [73.41377, 19.542070000000002], [73.4084, 19.54378], [73.39911000000001, 19.543300000000002], [73.39921000000001, 19.547320000000003], [73.39707, 19.548560000000002], [73.39957000000001, 19.55337], [73.40325, 19.556510000000003], [73.41062000000001, 19.557290000000002], [73.41276, 19.554940000000002], [73.41585, 19.5471], [73.42215, 19.54296]]]}}, {"id": "803", "type": "Feature", "properties": {"village_name": "Dalkhan", "vil_lgd": 552765, "district_name": "Thane", "dist_lgd": 497, "subdistrict_name": "Shahapur", "sdcode": 4167, "block_name": "Shahapur", "block_lgd": 218.0, "gp_name": "", "state_name": "MAHARASHTRA", "state_lgd": 27, "population": 1644, "households": 330}, "geometry": {"type": "Polygon", "coordinates": [[[73.42191000000001, 19.56726], [73.4212, 19.565910000000002], [73.4193, 19.56558], [73.41775000000001, 19.561100000000003], [73.41823000000001, 19.55931], [73.42452, 19.55516], [73.43208, 19.541050000000002], [73.4321, 19.539920000000002], [73.42215, 19.54296], [73.41585, 19.5471], [73.41276, 19.554940000000002], [73.41062000000001, 19.557290000000002], [73.40325, 19.556510000000003], [73.39957000000001, 19.55337], [73.39707, 19.548560000000002], [73.39481, 19.559420000000003], [73.39137000000001, 19.56502], [73.39184, 19.571620000000003], [73.39529, 19.57241], [73.39886, 19.57778], [73.40385, 19.578570000000003], [73.40610000000001, 19.576890000000002], [73.40967, 19.57095], [73.41732, 19.568640000000002], [73.42191000000001, 19.56726]]]}}, {"id": "804", "type": "Feature", "properties": {"village_name": "Kharade", "vil_lgd": 552798, "district_name": "Thane", "dist_lgd": 497, "subdistrict_name": "Shahapur", "sdcode": 4167, "block_name": "Shahapur", "block_lgd": 218.0, "gp_name": "", "state_name": "MAHARASHTRA", "state_lgd": 27, "population": 1266, "households": 242}, "geometry": {"type": "Polygon", "coordinates": [[[73.56832, 19.461080000000003], [73.56758, 19.456300000000002], [73.56408, 19.447020000000002], [73.55145, 19.444770000000002], [73.55155, 19.44584], [73.54901000000001, 19.446740000000002], [73.54396000000001, 19.44688], [73.54238000000001, 19.44491], [73.54152, 19.442120000000003], [73.53373, 19.4385], [73.52932000000001, 19.43521], [73.52445, 19.434140000000003], [73.52417000000001, 19.438550000000003], [73.52063000000001, 19.44423], [73.51714000000001, 19.44742], [73.50892, 19.44677], [73.50750000000001, 19.44763], [73.5108, 19.44957], [73.50911, 19.45332], [73.50779, 19.45926], [73.50794, 19.462670000000003], [73.50872000000001, 19.467160000000003], [73.51298000000001, 19.476640000000003], [73.525, 19.48037], [73.53902000000001, 19.481990000000003], [73.54188, 19.480800000000002], [73.54572, 19.47734], [73.56021000000001, 19.47437], [73.56441000000001, 19.46599], [73.56832, 19.461080000000003]], [[73.54537, 19.46431], [73.54448000000001, 19.465210000000003], [73.54359000000001, 19.46431], [73.54461, 19.463540000000002], [73.54537, 19.46431]]]}}, {"id": "805", "type": "Feature", "properties": {"village_name": "Babare", "vil_lgd": 552796, "district_name": "Thane", "dist_lgd": 497, "subdistrict_name": "Shahapur", "sdcode": 4167, "block_name": "Shahapur", "block_lgd": 218.0, "gp_name": "", "state_name": "MAHARASHTRA", "state_lgd": 27, "population": 312, "households": 66}, "geometry": {"type": "Polygon", "coordinates": [[[73.51389, 19.48082], [73.51478, 19.481720000000003], [73.51567, 19.48082], [73.51491, 19.48006], [73.51389, 19.48082]]]}}, {"id": "806", "type": "Feature", "properties": {"village_name": "Jambhulwad", "vil_lgd": 552778, "district_name": "Thane", "dist_lgd": 497, "subdistrict_name": "Shahapur", "sdcode": 4167, "block_name": "Shahapur", "block_lgd": 218.0, "gp_name": "", "state_name": "MAHARASHTRA", "state_lgd": 27, "population": 665, "households": 129}, "geometry": {"type": "Polygon", "coordinates": [[[73.54698, 19.52473], [73.55466000000001, 19.52487], [73.55617000000001, 19.52345], [73.55617000000001, 19.51891], [73.55873000000001, 19.51735], [73.56083000000001, 19.51707], [73.56385, 19.51593], [73.56821000000001, 19.51153], [73.5685, 19.509240000000002], [73.56441000000001, 19.50316], [73.55882000000001, 19.498810000000002], [73.55452000000001, 19.497690000000002], [73.55334, 19.495260000000002], [73.54807000000001, 19.49192], [73.54689, 19.490090000000002], [73.54313, 19.492220000000003], [73.54100000000001, 19.490550000000002], [73.54066, 19.49498], [73.54164, 19.50393], [73.53881000000001, 19.50674], [73.53824, 19.513180000000002], [73.54246, 19.51788], [73.54014000000001, 19.526480000000003], [73.53804000000001, 19.529960000000003], [73.54502000000001, 19.526860000000003], [73.54698, 19.52473]]]}}, {"id": "807", "type": "Feature", "properties": {"village_name": "Sakadbav", "vil_lgd": 552777, "district_name": "Thane", "dist_lgd": 497, "subdistrict_name": "Shahapur", "sdcode": 4167, "block_name": "Shahapur", "block_lgd": 218.0, "gp_name": "", "state_name": "MAHARASHTRA", "state_lgd": 27, "population": 1640, "households": 331}, "geometry": {"type": "Polygon", "coordinates": [[[73.50782000000001, 19.48084], [73.50659, 19.48091], [73.50517, 19.48282], [73.50445, 19.48607], [73.50255, 19.48674], [73.50160000000001, 19.48573], [73.50089000000001, 19.48215], [73.4972, 19.48215], [73.49388, 19.479010000000002], [73.48544000000001, 19.47576], [73.4788, 19.47201], [73.47891, 19.48328], [73.48268, 19.48797], [73.48494000000001, 19.498900000000003], [73.48504000000001, 19.50477], [73.49703000000001, 19.50618], [73.50008000000001, 19.507240000000003], [73.50137000000001, 19.50682], [73.50555, 19.502670000000002], [73.50684000000001, 19.496540000000003], [73.50609, 19.49249], [73.50846, 19.488770000000002], [73.50782000000001, 19.48084]]]}}, {"id": "808", "type": "Feature", "properties": {"village_name": "Dhamani", "vil_lgd": 552760, "district_name": "Thane", "dist_lgd": 497, "subdistrict_name": "Shahapur", "sdcode": 4167, "block_name": "Shahapur", "block_lgd": 218.0, "gp_name": "", "state_name": "MAHARASHTRA", "state_lgd": 27, "population": 740, "households": 154}, "geometry": {"type": "Polygon", "coordinates": [[[73.43273, 19.58648], [73.43964000000001, 19.58183], [73.44088, 19.58022], [73.44507, 19.56969], [73.44445, 19.559880000000003], [73.44605, 19.555470000000003], [73.44021000000001, 19.55326], [73.43870000000001, 19.55113], [73.43931, 19.54588], [73.43795, 19.54474], [73.43328000000001, 19.543750000000003], [73.43223, 19.542900000000003], [73.43208, 19.541050000000002], [73.42452, 19.55516], [73.41823000000001, 19.55931], [73.41775000000001, 19.561100000000003], [73.4193, 19.56558], [73.4212, 19.565910000000002], [73.42191000000001, 19.56726], [73.41732, 19.568640000000002], [73.41837000000001, 19.571420000000003], [73.41984000000001, 19.57082], [73.42064, 19.57216], [73.42731, 19.572560000000003], [73.42805, 19.57103], [73.42901, 19.57224], [73.42897, 19.57618], [73.43054000000001, 19.574900000000003], [73.4316, 19.57562], [73.43136000000001, 19.577280000000002], [73.43299, 19.57747], [73.43376, 19.57676], [73.43363000000001, 19.577910000000003], [73.43265000000001, 19.57832], [73.43406, 19.578940000000003], [73.43362, 19.579330000000002], [73.43528, 19.58079], [73.43453000000001, 19.581660000000003], [73.43298, 19.58029], [73.4321, 19.58086], [73.43215000000001, 19.58207], [73.42993000000001, 19.583090000000002], [73.42951000000001, 19.58437], [73.42695, 19.585330000000003], [73.42688000000001, 19.5865], [73.43018000000001, 19.585350000000002], [73.43273, 19.58648]]]}}, {"id": "809", "type": "Feature", "properties": {"village_name": "Vl Chilharvadi", "vil_lgd": 552793, "district_name": "Thane", "dist_lgd": 497, "subdistrict_name": "Shahapur", "sdcode": 4167, "block_name": "Shahapur", "block_lgd": 218.0, "gp_name": "", "state_name": "MAHARASHTRA", "state_lgd": 27, "population": 588, "households": 98}, "geometry": {"type": "Polygon", "coordinates": [[[73.54014000000001, 19.526480000000003], [73.54246, 19.51788], [73.53824, 19.513180000000002], [73.53881000000001, 19.50674], [73.52685000000001, 19.509970000000003], [73.52317000000001, 19.513350000000003], [73.5181, 19.514950000000002], [73.51490000000001, 19.52062], [73.51355000000001, 19.52558], [73.52575, 19.527710000000003], [73.53313, 19.53254], [73.53804000000001, 19.529960000000003], [73.54014000000001, 19.526480000000003]]]}}, {"id": "810", "type": "Feature", "properties": {"village_name": "Chandgaon", "vil_lgd": 552797, "district_name": "Thane", "dist_lgd": 497, "subdistrict_name": "Shahapur", "sdcode": 4167, "block_name": "Shahapur", "block_lgd": 218.0, "gp_name": "", "state_name": "MAHARASHTRA", "state_lgd": 27, "population": 1742, "households": 348}, "geometry": {"type": "Polygon", "coordinates": [[[73.54359000000001, 19.46431], [73.54448000000001, 19.465210000000003], [73.54537, 19.46431], [73.54461, 19.463540000000002], [73.54359000000001, 19.46431]]]}}, {"id": "811", "type": "Feature", "properties": {"village_name": "Vashala Kh", "vil_lgd": 552757, "district_name": "Thane", "dist_lgd": 497, "subdistrict_name": "Shahapur", "sdcode": 4167, "block_name": "Shahapur", "block_lgd": 218.0, "gp_name": "", "state_name": "MAHARASHTRA", "state_lgd": 27, "population": 325, "households": 69}, "geometry": {"type": "Polygon", "coordinates": [[[73.49698000000001, 19.59129], [73.49623000000001, 19.58462], [73.48268, 19.58022], [73.47710000000001, 19.59015], [73.47259000000001, 19.59625], [73.47123, 19.59966], [73.47274, 19.60235], [73.47756000000001, 19.60022], [73.48659, 19.601640000000003], [73.48945, 19.603630000000003], [73.49262, 19.601930000000003], [73.49698000000001, 19.59129]]]}}, {"id": "812", "type": "Feature", "properties": {"village_name": "Kalbhonde", "vil_lgd": 552772, "district_name": "Thane", "dist_lgd": 497, "subdistrict_name": "Shahapur", "sdcode": 4167, "block_name": "Shahapur", "block_lgd": 218.0, "gp_name": "", "state_name": "MAHARASHTRA", "state_lgd": 27, "population": 997, "households": 176}, "geometry": {"type": "Polygon", "coordinates": [[[73.59428000000001, 19.602880000000003], [73.59916000000001, 19.5984], [73.60234000000001, 19.597710000000003], [73.60713000000001, 19.59487], [73.61371000000001, 19.59563], [73.61527000000001, 19.59244], [73.61593, 19.585610000000003], [73.61584, 19.580450000000003], [73.61489, 19.577460000000002], [73.61797, 19.582310000000003], [73.62552000000001, 19.573870000000003], [73.62663, 19.57468], [73.62816000000001, 19.569280000000003], [73.62693, 19.567120000000003], [73.62582, 19.56691], [73.62589000000001, 19.56341], [73.61550000000001, 19.56305], [73.61294000000001, 19.561200000000003], [73.60616, 19.55922], [73.59863, 19.56078], [73.59321, 19.559790000000003], [73.59171, 19.557940000000002], [73.59216, 19.5534], [73.5908, 19.552410000000002], [73.58794, 19.552410000000002], [73.58719, 19.551560000000002], [73.58704, 19.5473], [73.58508, 19.54588], [73.57966, 19.546590000000002], [73.57815000000001, 19.546020000000002], [73.57650000000001, 19.5473], [73.57379, 19.54758], [73.57198000000001, 19.54559], [73.56987000000001, 19.54645], [73.56882, 19.549280000000003], [73.56716, 19.54999], [73.56370000000001, 19.54999], [73.55767, 19.546300000000002], [73.55195, 19.547870000000003], [73.55210000000001, 19.5534], [73.55285, 19.55496], [73.55526, 19.55638], [73.56159000000001, 19.55553], [73.56385, 19.556520000000003], [73.56671, 19.562060000000002], [73.57047, 19.562340000000003], [73.57062, 19.564040000000002], [73.57348, 19.56745], [73.57665, 19.56631], [73.58327000000001, 19.56802], [73.58794, 19.571], [73.58869, 19.577240000000003], [73.58824, 19.592560000000002], [73.59055000000001, 19.604000000000003], [73.59197, 19.60218], [73.59428000000001, 19.602880000000003]]]}}, {"id": "813", "type": "Feature", "properties": {"village_name": "Kothale", "vil_lgd": 552771, "district_name": "Thane", "dist_lgd": 497, "subdistrict_name": "Shahapur", "sdcode": 4167, "block_name": "Shahapur", "block_lgd": 218.0, "gp_name": "", "state_name": "MAHARASHTRA", "state_lgd": 27, "population": 1233, "households": 261}, "geometry": {"type": "Polygon", "coordinates": [[[73.58479000000001, 19.61138], [73.58335000000001, 19.609150000000003], [73.57589, 19.60257], [73.58254000000001, 19.603710000000003], [73.58565, 19.607100000000003], [73.58837000000001, 19.60697], [73.59055000000001, 19.604000000000003], [73.58824, 19.592560000000002], [73.58869, 19.577240000000003], [73.58794, 19.571], [73.58327000000001, 19.56802], [73.57665, 19.56631], [73.57348, 19.56745], [73.57062, 19.564040000000002], [73.57047, 19.562340000000003], [73.56671, 19.562060000000002], [73.56385, 19.556520000000003], [73.56159000000001, 19.55553], [73.55526, 19.55638], [73.55571, 19.559790000000003], [73.55090000000001, 19.569010000000002], [73.5518, 19.57852], [73.55044000000001, 19.581210000000002], [73.55029, 19.584480000000003], [73.54728, 19.59043], [73.54879000000001, 19.59327], [73.54939, 19.596680000000003], [73.55195, 19.598380000000002], [73.55632, 19.600080000000002], [73.56505, 19.60079], [73.57484000000001, 19.604480000000002], [73.58233000000001, 19.6137], [73.58328, 19.613030000000002], [73.58479000000001, 19.61138]]]}}, {"id": "814", "type": "Feature", "properties": {"village_name": "Dhakane", "vil_lgd": 552770, "district_name": "Thane", "dist_lgd": 497, "subdistrict_name": "Shahapur", "sdcode": 4167, "block_name": "Shahapur", "block_lgd": 218.0, "gp_name": "", "state_name": "MAHARASHTRA", "state_lgd": 27, "population": 1882, "households": 296}, "geometry": {"type": "Polygon", "coordinates": [[[73.55029, 19.584480000000003], [73.55044000000001, 19.581210000000002], [73.5518, 19.57852], [73.55090000000001, 19.569010000000002], [73.55571, 19.559790000000003], [73.55526, 19.55638], [73.55285, 19.55496], [73.55210000000001, 19.5534], [73.55195, 19.547870000000003], [73.54984, 19.54716], [73.54834000000001, 19.54758], [73.54562, 19.549570000000003], [73.54337000000001, 19.54943], [73.54472000000001, 19.544600000000003], [73.54427000000001, 19.54304], [73.54246, 19.542330000000003], [73.53975000000001, 19.54191], [73.53734, 19.54276], [73.53569, 19.544600000000003], [73.53478000000001, 19.543370000000003], [73.53478000000001, 19.54829], [73.53719000000001, 19.55893], [73.53358, 19.56078], [73.52770000000001, 19.56631], [73.52650000000001, 19.57298], [73.5271, 19.58135], [73.52906, 19.585890000000003], [73.52966, 19.586750000000002], [73.53297, 19.5866], [73.53478000000001, 19.589160000000003], [73.5381, 19.58958], [73.53960000000001, 19.590580000000003], [73.53960000000001, 19.593410000000002], [73.54050000000001, 19.595260000000003], [73.54261000000001, 19.59625], [73.54472000000001, 19.595540000000003], [73.54517000000001, 19.59242], [73.54728, 19.59043], [73.55029, 19.584480000000003]]]}}, {"id": "815", "type": "Feature", "properties": {"village_name": "Susarwadi", "vil_lgd": 552768, "district_name": "Thane", "dist_lgd": 497, "subdistrict_name": "Shahapur", "sdcode": 4167, "block_name": "Shahapur", "block_lgd": 218.0, "gp_name": "", "state_name": "MAHARASHTRA", "state_lgd": 27, "population": 1044, "households": 156}, "geometry": {"type": "Polygon", "coordinates": [[[73.50075000000001, 19.553710000000002], [73.49683, 19.555100000000003], [73.48945, 19.55936], [73.48704000000001, 19.559790000000003], [73.47981, 19.56502], [73.48268, 19.57085], [73.48373000000001, 19.57667], [73.48268, 19.58022], [73.49623000000001, 19.58462], [73.50256, 19.57085], [73.50451000000001, 19.568160000000002], [73.50412, 19.563760000000002], [73.50240000000001, 19.563480000000002], [73.50075000000001, 19.561490000000003], [73.5018, 19.5595], [73.50075000000001, 19.55468], [73.50075000000001, 19.553710000000002]]]}}, {"id": "816", "type": "Feature", "properties": {"village_name": "Vashala Bk", "vil_lgd": 552756, "district_name": "Thane", "dist_lgd": 497, "subdistrict_name": "Shahapur", "sdcode": 4167, "block_name": "Shahapur", "block_lgd": 218.0, "gp_name": "", "state_name": "MAHARASHTRA", "state_lgd": 27, "population": 1439, "households": 282}, "geometry": {"type": "Polygon", "coordinates": [[[73.53147000000001, 19.617250000000002], [73.53478000000001, 19.61427], [73.53840000000001, 19.61271], [73.54547000000001, 19.601930000000003], [73.54442, 19.598100000000002], [73.54472000000001, 19.595540000000003], [73.54261000000001, 19.59625], [73.54050000000001, 19.595260000000003], [73.53960000000001, 19.593410000000002], [73.53960000000001, 19.590580000000003], [73.5381, 19.58958], [73.53478000000001, 19.589160000000003], [73.53297, 19.5866], [73.52966, 19.586750000000002], [73.52906, 19.585890000000003], [73.5271, 19.58135], [73.52650000000001, 19.57298], [73.52770000000001, 19.56631], [73.52048, 19.56716], [73.51295, 19.56631], [73.51039, 19.567020000000003], [73.50843, 19.56447], [73.50412, 19.563760000000002], [73.50451000000001, 19.568160000000002], [73.50256, 19.57085], [73.49623000000001, 19.58462], [73.49698000000001, 19.59129], [73.49262, 19.601930000000003], [73.48945, 19.603630000000003], [73.48960000000001, 19.605900000000002], [73.48855, 19.60732], [73.48373000000001, 19.607740000000003], [73.48373000000001, 19.6093], [73.48840000000001, 19.60987], [73.49367000000001, 19.612280000000002], [73.49789000000001, 19.612280000000002], [73.5009, 19.61398], [73.50587, 19.61455], [73.50843, 19.616680000000002], [73.51355000000001, 19.61824], [73.51927, 19.61824], [73.52153000000001, 19.61739], [73.52183000000001, 19.6232], [73.52560000000001, 19.62122], [73.52996, 19.62093], [73.53147000000001, 19.617250000000002]]]}}, {"id": "817", "type": "Feature", "properties": {"village_name": "Fugale", "vil_lgd": 552755, "district_name": "Thane", "dist_lgd": 497, "subdistrict_name": "Shahapur", "sdcode": 4167, "block_name": "Shahapur", "block_lgd": 218.0, "gp_name": "", "state_name": "MAHARASHTRA", "state_lgd": 27, "population": 1018, "households": 168}, "geometry": {"type": "Polygon", "coordinates": [[[73.56528, 19.622210000000003], [73.56313, 19.619570000000003], [73.56935, 19.61625], [73.57252000000001, 19.619390000000003], [73.57505, 19.617990000000002], [73.5781, 19.617890000000003], [73.57987, 19.615170000000003], [73.58233000000001, 19.6137], [73.57484000000001, 19.604480000000002], [73.56505, 19.60079], [73.55632, 19.600080000000002], [73.55195, 19.598380000000002], [73.54939, 19.596680000000003], [73.54879000000001, 19.59327], [73.54728, 19.59043], [73.54517000000001, 19.59242], [73.54472000000001, 19.595540000000003], [73.54442, 19.598100000000002], [73.54547000000001, 19.601930000000003], [73.53840000000001, 19.61271], [73.54005000000001, 19.621080000000003], [73.54246, 19.62519], [73.54638, 19.628880000000002], [73.55059, 19.62902], [73.5527, 19.631860000000003], [73.56219, 19.63202], [73.56528, 19.622210000000003]]]}}, {"id": "818", "type": "Feature", "properties": {"village_name": "Umbravane", "vil_lgd": 552754, "district_name": "Thane", "dist_lgd": 497, "subdistrict_name": "Shahapur", "sdcode": 4167, "block_name": "Shahapur", "block_lgd": 218.0, "gp_name": "", "state_name": "MAHARASHTRA", "state_lgd": 27, "population": 249, "households": 42}, "geometry": {"type": "Polygon", "coordinates": [[[73.54411, 19.666150000000002], [73.54366, 19.65904], [73.54921, 19.655440000000002], [73.54883000000001, 19.653370000000002], [73.5505, 19.65325], [73.55415, 19.648130000000002], [73.55583, 19.649030000000003], [73.55874, 19.646340000000002], [73.56033000000001, 19.642120000000002], [73.56091, 19.63567], [73.56219, 19.63202], [73.5527, 19.631860000000003], [73.55059, 19.62902], [73.54638, 19.628880000000002], [73.54246, 19.62519], [73.54005000000001, 19.621080000000003], [73.53840000000001, 19.61271], [73.53478000000001, 19.61427], [73.53147000000001, 19.617250000000002], [73.52996, 19.62093], [73.52831, 19.6293], [73.52861, 19.664050000000003], [73.53537, 19.674310000000002], [73.54347, 19.66635], [73.54411, 19.666150000000002]]]}}, {"id": "819", "type": "Feature", "properties": {"village_name": "Dand", "vil_lgd": 552753, "district_name": "Thane", "dist_lgd": 497, "subdistrict_name": "Shahapur", "sdcode": 4167, "block_name": "Shahapur", "block_lgd": 218.0, "gp_name": "", "state_name": "MAHARASHTRA", "state_lgd": 27, "population": 165, "households": 35}, "geometry": {"type": "Polygon", "coordinates": [[[73.52861, 19.664050000000003], [73.52831, 19.6293], [73.52996, 19.62093], [73.52560000000001, 19.62122], [73.52183000000001, 19.6232], [73.52153000000001, 19.61739], [73.51927, 19.61824], [73.51355000000001, 19.61824], [73.50843, 19.616680000000002], [73.50587, 19.61455], [73.5009, 19.61398], [73.49789000000001, 19.612280000000002], [73.49367000000001, 19.612280000000002], [73.49412000000001, 19.613560000000003], [73.49337000000001, 19.616680000000002], [73.49668000000001, 19.6154], [73.49789000000001, 19.61569], [73.49849, 19.61937], [73.50150000000001, 19.622210000000003], [73.50105, 19.624480000000002], [73.50376, 19.62647], [73.50391, 19.629450000000002], [73.50527000000001, 19.632140000000003], [73.51280000000001, 19.64349], [73.51551, 19.64873], [73.51897000000001, 19.661070000000002], [73.52123, 19.66391], [73.52499, 19.67554], [73.53114000000001, 19.684050000000003], [73.53374000000001, 19.67659], [73.53537, 19.674310000000002], [73.52861, 19.664050000000003]]]}}, {"id": "820", "type": "Feature", "properties": {"village_name": "Kasara Kh", "vil_lgd": 552752, "district_name": "Thane", "dist_lgd": 497, "subdistrict_name": "Shahapur", "sdcode": 4167, "block_name": "Shahapur", "block_lgd": 218.0, "gp_name": "", "state_name": "MAHARASHTRA", "state_lgd": 27, "population": 2588, "households": 460}, "geometry": {"type": "Polygon", "coordinates": [[[73.52915, 19.69716], [73.52907, 19.689680000000003], [73.53114000000001, 19.684050000000003], [73.52499, 19.67554], [73.52123, 19.66391], [73.51897000000001, 19.661070000000002], [73.51551, 19.64873], [73.51280000000001, 19.64349], [73.50527000000001, 19.632140000000003], [73.50391, 19.629450000000002], [73.50376, 19.62647], [73.50105, 19.624480000000002], [73.50150000000001, 19.622210000000003], [73.49849, 19.61937], [73.49789000000001, 19.61569], [73.49668000000001, 19.6154], [73.49337000000001, 19.616680000000002], [73.49412000000001, 19.613560000000003], [73.49367000000001, 19.612280000000002], [73.48840000000001, 19.60987], [73.48373000000001, 19.6093], [73.48498000000001, 19.640600000000003], [73.4822, 19.668460000000003], [73.47878, 19.673280000000002], [73.48003, 19.67489], [73.48733, 19.67197], [73.48873, 19.68118], [73.49774000000001, 19.68513], [73.49913000000001, 19.68747], [73.50162, 19.688640000000003], [73.50442000000001, 19.68777], [73.51358, 19.692300000000003], [73.51809, 19.697270000000003], [73.52274000000001, 19.6961], [73.52915, 19.69716]]]}}, {"id": "821", "type": "Feature", "properties": {"village_name": "Mokhavane", "vil_lgd": 552749, "district_name": "Thane", "dist_lgd": 497, "subdistrict_name": "Shahapur", "sdcode": 4167, "block_name": "Shahapur", "block_lgd": 218.0, "gp_name": "", "state_name": "MAHARASHTRA", "state_lgd": 27, "population": 2403, "households": 476}, "geometry": {"type": "Polygon", "coordinates": [[[73.48498000000001, 19.640600000000003], [73.48205, 19.63876], [73.47537000000001, 19.639930000000003], [73.47179000000001, 19.63671], [73.46869000000001, 19.630570000000002], [73.46123, 19.62618], [73.46138, 19.62237], [73.46862, 19.600890000000003], [73.46511000000001, 19.602320000000002], [73.46092, 19.59457], [73.44601, 19.59149], [73.44538, 19.601450000000003], [73.44290000000001, 19.61286], [73.44057000000001, 19.61315], [73.43824000000001, 19.620320000000003], [73.43839000000001, 19.625300000000003], [73.43948, 19.63174], [73.44119, 19.635250000000003], [73.44507, 19.6509], [73.45076, 19.665190000000003], [73.45579000000001, 19.66319], [73.45874, 19.66392], [73.45859, 19.666990000000002], [73.46045000000001, 19.669340000000002], [73.46247000000001, 19.6686], [73.46340000000001, 19.66685], [73.46884, 19.67124], [73.47226, 19.67182], [73.47164000000001, 19.66758], [73.47241000000001, 19.66626], [73.47583, 19.66919], [73.47707000000001, 19.674020000000002], [73.47878, 19.673280000000002], [73.4822, 19.668460000000003], [73.48498000000001, 19.640600000000003]]]}}, {"id": "822", "type": "Feature", "properties": {"village_name": "Shirol", "vil_lgd": 552748, "district_name": "Thane", "dist_lgd": 497, "subdistrict_name": "Shahapur", "sdcode": 4167, "block_name": "Shahapur", "block_lgd": 218.0, "gp_name": "", "state_name": "MAHARASHTRA", "state_lgd": 27, "population": 5870, "households": 951}, "geometry": {"type": "Polygon", "coordinates": [[[73.45076, 19.665190000000003], [73.44507, 19.6509], [73.44119, 19.635250000000003], [73.43948, 19.63174], [73.43839000000001, 19.625300000000003], [73.43824000000001, 19.620320000000003], [73.44057000000001, 19.61315], [73.44290000000001, 19.61286], [73.44538, 19.601450000000003], [73.44601, 19.59149], [73.44834, 19.588130000000003], [73.44958000000001, 19.58359], [73.44088, 19.58022], [73.43964000000001, 19.58183], [73.43273, 19.58648], [73.42923, 19.588420000000003], [73.42736000000001, 19.5912], [73.41090000000001, 19.59853], [73.40903, 19.600420000000003], [73.40062, 19.6033], [73.39847, 19.609640000000002], [73.39086, 19.615060000000003], [73.39521, 19.619880000000002], [73.39583, 19.62281], [73.3949, 19.631880000000002], [73.39645, 19.6351], [73.39474000000001, 19.64242], [73.39707, 19.649150000000002], [73.39754, 19.653100000000002], [73.39676, 19.66553], [73.40639, 19.66582], [73.41261, 19.664070000000002], [73.4227, 19.664070000000002], [73.43373000000001, 19.66553], [73.44274, 19.667730000000002], [73.44678, 19.665680000000002], [73.44989000000001, 19.66553], [73.45076, 19.665190000000003]]]}}, {"id": "823", "type": "Feature", "properties": {"village_name": "Veluk", "vil_lgd": 552758, "district_name": "Thane", "dist_lgd": 497, "subdistrict_name": "Shahapur", "sdcode": 4167, "block_name": "Shahapur", "block_lgd": 218.0, "gp_name": "", "state_name": "MAHARASHTRA", "state_lgd": 27, "population": 747, "households": 159}, "geometry": {"type": "Polygon", "coordinates": [[[73.46900000000001, 19.59954], [73.47123, 19.59966], [73.47259000000001, 19.59625], [73.47710000000001, 19.59015], [73.48268, 19.58022], [73.48373000000001, 19.57667], [73.48268, 19.57085], [73.47981, 19.56502], [73.47846000000001, 19.56603], [73.47364, 19.565040000000003], [73.47304000000001, 19.562060000000002], [73.46581, 19.549000000000003], [73.45753, 19.545840000000002], [73.45753, 19.548720000000003], [73.45542, 19.551560000000002], [73.45256, 19.552410000000002], [73.44744, 19.555670000000003], [73.44605, 19.555470000000003], [73.44445, 19.559880000000003], [73.44507, 19.56969], [73.44088, 19.58022], [73.44958000000001, 19.58359], [73.44834, 19.588130000000003], [73.44601, 19.59149], [73.46092, 19.59457], [73.46511000000001, 19.602320000000002], [73.46862, 19.600890000000003], [73.46900000000001, 19.59954]]]}}, {"id": "824", "type": "Feature", "properties": {"village_name": "Jarandi", "vil_lgd": 552759, "district_name": "Thane", "dist_lgd": 497, "subdistrict_name": "Shahapur", "sdcode": 4167, "block_name": "Shahapur", "block_lgd": 218.0, "gp_name": "", "state_name": "MAHARASHTRA", "state_lgd": 27, "population": 736, "households": 165}, "geometry": {"type": "Polygon", "coordinates": [[[73.43273, 19.58648], [73.43018000000001, 19.585350000000002], [73.42688000000001, 19.5865], [73.42695, 19.585330000000003], [73.42951000000001, 19.58437], [73.42993000000001, 19.583090000000002], [73.43215000000001, 19.58207], [73.4321, 19.58086], [73.43298, 19.58029], [73.43453000000001, 19.581660000000003], [73.43528, 19.58079], [73.43362, 19.579330000000002], [73.43406, 19.578940000000003], [73.43265000000001, 19.57832], [73.43363000000001, 19.577910000000003], [73.43376, 19.57676], [73.43299, 19.57747], [73.43136000000001, 19.577280000000002], [73.4316, 19.57562], [73.43054000000001, 19.574900000000003], [73.42897, 19.57618], [73.42901, 19.57224], [73.42805, 19.57103], [73.42731, 19.572560000000003], [73.42064, 19.57216], [73.41984000000001, 19.57082], [73.41837000000001, 19.571420000000003], [73.41732, 19.568640000000002], [73.40967, 19.57095], [73.40610000000001, 19.576890000000002], [73.40385, 19.578570000000003], [73.40385, 19.583940000000002], [73.40492, 19.586740000000002], [73.41086, 19.595360000000003], [73.41090000000001, 19.59853], [73.42736000000001, 19.5912], [73.42923, 19.588420000000003], [73.43273, 19.58648]]]}}, {"id": "825", "type": "Feature", "properties": {"village_name": "Panchghar", "vil_lgd": 552785, "district_name": "Thane", "dist_lgd": 497, "subdistrict_name": "Shahapur", "sdcode": 4167, "block_name": "Shahapur", "block_lgd": 218.0, "gp_name": "", "state_name": "MAHARASHTRA", "state_lgd": 27, "population": 822, "households": 180}, "geometry": {"type": "Polygon", "coordinates": [[[73.64305, 19.47408], [73.64257, 19.473270000000003], [73.64466, 19.47173], [73.64321000000001, 19.45924], [73.63843, 19.458940000000002], [73.63094000000001, 19.45448], [73.62835000000001, 19.45419], [73.6269, 19.455350000000003], [73.62397, 19.46019], [73.62338000000001, 19.46591], [73.61661000000001, 19.467480000000002], [73.61898000000001, 19.4705], [73.61938, 19.472360000000002], [73.62285, 19.472140000000003], [73.62708, 19.47312], [73.62972, 19.47426], [73.63228000000001, 19.476560000000003], [73.63643, 19.47678], [73.63759, 19.477860000000003], [73.64011, 19.476930000000003], [73.64305, 19.47408]]]}}, {"id": "826", "type": "Feature", "properties": {"village_name": "Vl Valmikinagar", "vil_lgd": 552789, "district_name": "Thane", "dist_lgd": 497, "subdistrict_name": "Shahapur", "sdcode": 4167, "block_name": "Shahapur", "block_lgd": 218.0, "gp_name": "", "state_name": "MAHARASHTRA", "state_lgd": 27, "population": 666, "households": 126}, "geometry": {"type": "Polygon", "coordinates": [[[73.65396000000001, 19.47999], [73.65485000000001, 19.480890000000002], [73.65574000000001, 19.47999], [73.65498000000001, 19.47923], [73.65396000000001, 19.47999]]]}}, {"id": "827", "type": "Feature", "properties": {"village_name": "Sakurli", "vil_lgd": 552801, "district_name": "Thane", "dist_lgd": 497, "subdistrict_name": "Shahapur", "sdcode": 4167, "block_name": "Shahapur", "block_lgd": 218.0, "gp_name": "", "state_name": "MAHARASHTRA", "state_lgd": 27, "population": 1635, "households": 350}, "geometry": {"type": "Polygon", "coordinates": [[[73.66418, 19.51188], [73.66885, 19.51333], [73.66436, 19.50582], [73.65726000000001, 19.503210000000003], [73.65197, 19.4938], [73.64824, 19.49248], [73.64369, 19.488100000000003], [73.63705, 19.48506], [73.63319, 19.48194], [73.62746, 19.481830000000002], [73.61762, 19.48301], [73.61808, 19.48093], [73.61668, 19.47663], [73.61938, 19.472360000000002], [73.61898000000001, 19.4705], [73.61661000000001, 19.467480000000002], [73.61565, 19.46546], [73.61256, 19.462770000000003], [73.61054, 19.458180000000002], [73.60852000000001, 19.463], [73.60638, 19.46591], [73.60009000000001, 19.465010000000003], [73.59771, 19.46658], [73.59605, 19.46781], [73.59236, 19.47342], [73.59315000000001, 19.478180000000002], [73.59426, 19.48092], [73.59723000000001, 19.48395], [73.59866000000001, 19.49033], [73.60139000000001, 19.497500000000002], [73.60198000000001, 19.49752], [73.60662, 19.49762], [73.60864000000001, 19.495600000000003], [73.61233, 19.494480000000003], [73.61994, 19.494780000000002], [73.62564, 19.49649], [73.63039, 19.499630000000003], [73.6374, 19.50478], [73.64144, 19.509600000000002], [73.65036, 19.51677], [73.65891, 19.520470000000003], [73.66264000000001, 19.52119], [73.66412000000001, 19.512420000000002], [73.66418, 19.51188]]]}}, {"id": "828", "type": "Feature", "properties": {"village_name": "Chondhe Bk", "vil_lgd": 552784, "district_name": "Thane", "dist_lgd": 497, "subdistrict_name": "Shahapur", "sdcode": 4167, "block_name": "Shahapur", "block_lgd": 218.0, "gp_name": "", "state_name": "MAHARASHTRA", "state_lgd": 27, "population": 1763, "households": 381}, "geometry": {"type": "Polygon", "coordinates": [[[73.63286000000001, 19.539250000000003], [73.63251000000001, 19.532760000000003], [73.63462000000001, 19.53263], [73.63680000000001, 19.53469], [73.63887000000001, 19.538990000000002], [73.64419000000001, 19.53828], [73.64528, 19.53688], [73.64768000000001, 19.538240000000002], [73.65766, 19.536730000000002], [73.65757, 19.53355], [73.65996000000001, 19.529420000000002], [73.65944, 19.526130000000002], [73.66264000000001, 19.52119], [73.65891, 19.520470000000003], [73.65036, 19.51677], [73.64144, 19.509600000000002], [73.6374, 19.50478], [73.63039, 19.499630000000003], [73.62564, 19.49649], [73.61994, 19.494780000000002], [73.61805000000001, 19.49952], [73.61795000000001, 19.50975], [73.61515, 19.515420000000002], [73.6144, 19.518970000000003], [73.61354, 19.529100000000003], [73.62106, 19.53376], [73.62846, 19.541050000000002], [73.63182, 19.541240000000002], [73.63286000000001, 19.539250000000003]]]}}, {"id": "829", "type": "Feature", "properties": {"village_name": "Dehene", "vil_lgd": 552788, "district_name": "Thane", "dist_lgd": 497, "subdistrict_name": "Shahapur", "sdcode": 4167, "block_name": "Shahapur", "block_lgd": 218.0, "gp_name": "", "state_name": "MAHARASHTRA", "state_lgd": 27, "population": 1004, "households": 226}, "geometry": {"type": "Polygon", "coordinates": [[[73.68637000000001, 19.510430000000003], [73.69035000000001, 19.50542], [73.68634, 19.500410000000002], [73.69315, 19.497770000000003], [73.70639, 19.497400000000003], [73.70868, 19.49508], [73.70794000000001, 19.49306], [73.70842, 19.49137], [73.71257, 19.48658], [73.71354000000001, 19.484280000000002], [73.70725, 19.484160000000003], [73.70534, 19.47941], [73.70144, 19.47925], [73.70054, 19.478460000000002], [73.69611, 19.47875], [73.69634, 19.475990000000003], [73.69437, 19.46936], [73.68566000000001, 19.467570000000002], [73.67452, 19.46133], [73.67410000000001, 19.460890000000003], [73.67564, 19.45796], [73.66609000000001, 19.455160000000003], [73.66014000000001, 19.45514], [73.64983000000001, 19.45635], [73.64321000000001, 19.45924], [73.64466, 19.47173], [73.64257, 19.473270000000003], [73.64305, 19.47408], [73.64011, 19.476930000000003], [73.63759, 19.477860000000003], [73.63643, 19.47678], [73.63228000000001, 19.476560000000003], [73.62972, 19.47426], [73.62708, 19.47312], [73.62285, 19.472140000000003], [73.61938, 19.472360000000002], [73.61668, 19.47663], [73.61808, 19.48093], [73.61762, 19.48301], [73.62746, 19.481830000000002], [73.63319, 19.48194], [73.63705, 19.48506], [73.64369, 19.488100000000003], [73.64824, 19.49248], [73.65197, 19.4938], [73.65726000000001, 19.503210000000003], [73.66436, 19.50582], [73.66885, 19.51333], [73.67113, 19.51248], [73.67366000000001, 19.509690000000003], [73.67503, 19.50937], [73.67887, 19.513350000000003], [73.67897, 19.518790000000003], [73.68023000000001, 19.51835], [73.68234000000001, 19.51519], [73.68605000000001, 19.51443], [73.68637000000001, 19.510430000000003]], [[73.65574000000001, 19.47999], [73.65485000000001, 19.480890000000002], [73.65396000000001, 19.47999], [73.65498000000001, 19.47923], [73.65574000000001, 19.47999]]]}}, {"id": "830", "type": "Feature", "properties": {"village_name": "Khardi", "vil_lgd": 552916, "district_name": "Thane", "dist_lgd": 497, "subdistrict_name": "Shahapur", "sdcode": 4167, "block_name": "", "block_lgd": null, "gp_name": "", "state_name": "MAHARASHTRA", "state_lgd": 27, "population": 5579, "households": 1148}, "geometry": {"type": "Polygon", "coordinates": [[[73.38685000000001, 19.58528], [73.39279, 19.586180000000002], [73.40385, 19.583940000000002], [73.40385, 19.578570000000003], [73.39886, 19.57778], [73.39529, 19.57241], [73.39184, 19.571620000000003], [73.39137000000001, 19.56502], [73.39481, 19.559420000000003], [73.39707, 19.548560000000002], [73.39030000000001, 19.55975], [73.3802, 19.5686], [73.36118, 19.573300000000003], [73.35595, 19.57957], [73.35667000000001, 19.581370000000003], [73.35877, 19.5832], [73.36819000000001, 19.58002], [73.37592000000001, 19.583380000000002], [73.37841, 19.593230000000002], [73.38103000000001, 19.59234], [73.38246000000001, 19.58932], [73.38257, 19.58708], [73.38412000000001, 19.58573], [73.38685000000001, 19.58528]]]}}, {"id": "831", "type": "Feature", "properties": {"village_name": "Kasara Bk", "vil_lgd": 552913, "district_name": "Thane", "dist_lgd": 497, "subdistrict_name": "Shahapur", "sdcode": 4167, "block_name": "", "block_lgd": null, "gp_name": "", "state_name": "MAHARASHTRA", "state_lgd": 27, "population": 15611, "households": 3196}, "geometry": {"type": "Polygon", "coordinates": [[[73.48373000000001, 19.6093], [73.48373000000001, 19.607740000000003], [73.48855, 19.60732], [73.48960000000001, 19.605900000000002], [73.48945, 19.603630000000003], [73.48659, 19.601640000000003], [73.47756000000001, 19.60022], [73.47274, 19.60235], [73.47123, 19.59966], [73.46900000000001, 19.59954], [73.46862, 19.600890000000003], [73.46138, 19.62237], [73.46123, 19.62618], [73.46869000000001, 19.630570000000002], [73.47179000000001, 19.63671], [73.47537000000001, 19.639930000000003], [73.48205, 19.63876], [73.48498000000001, 19.640600000000003], [73.48373000000001, 19.6093]]]}}, {"id": "832", "type": "Feature", "properties": {"village_name": "Dapur", "vil_lgd": 552747, "district_name": "Thane", "dist_lgd": 497, "subdistrict_name": "Shahapur", "sdcode": 4167, "block_name": "Shahapur", "block_lgd": 218.0, "gp_name": "", "state_name": "MAHARASHTRA", "state_lgd": 27, "population": 689, "households": 100}, "geometry": {"type": "Polygon", "coordinates": [[[73.41784000000001, 19.70477], [73.42024, 19.707890000000003], [73.42156, 19.707970000000003], [73.42663, 19.705150000000003], [73.4295, 19.70248], [73.43106, 19.702560000000002], [73.43186, 19.70383], [73.43467000000001, 19.698150000000002], [73.44414, 19.68513], [73.44663, 19.682940000000002], [73.44725000000001, 19.679280000000002], [73.44476, 19.67782], [73.44274, 19.667730000000002], [73.43373000000001, 19.66553], [73.4227, 19.664070000000002], [73.41261, 19.664070000000002], [73.40639, 19.66582], [73.39676, 19.66553], [73.39195000000001, 19.666410000000003], [73.38899, 19.6689], [73.38480000000001, 19.677090000000003], [73.38014000000001, 19.68906], [73.38192000000001, 19.6906], [73.38177, 19.69838], [73.38242000000001, 19.69939], [73.38391, 19.69865], [73.38556000000001, 19.69498], [73.388, 19.694080000000003], [73.39127, 19.69716], [73.39707, 19.70063], [73.39993000000001, 19.700210000000002], [73.4055, 19.701310000000003], [73.41485, 19.698310000000003], [73.4154, 19.70036], [73.41221, 19.70577], [73.41232000000001, 19.707590000000003], [73.41438000000001, 19.707990000000002], [73.41679, 19.70519], [73.41784000000001, 19.70477]]]}}, {"id": "833", "type": "Feature", "properties": {"village_name": "Mal", "vil_lgd": 552750, "district_name": "Thane", "dist_lgd": 497, "subdistrict_name": "Shahapur", "sdcode": 4167, "block_name": "Shahapur", "block_lgd": 218.0, "gp_name": "", "state_name": "MAHARASHTRA", "state_lgd": 27, "population": 1691, "households": 265}, "geometry": {"type": "Polygon", "coordinates": [[[73.44122, 19.7085], [73.44201000000001, 19.70981], [73.44803, 19.70429], [73.45439, 19.70034], [73.45672, 19.69566], [73.46806000000001, 19.69581], [73.47039000000001, 19.69303], [73.47552, 19.683380000000003], [73.48484, 19.68352], [73.48873, 19.68118], [73.48733, 19.67197], [73.48003, 19.67489], [73.47878, 19.673280000000002], [73.47707000000001, 19.674020000000002], [73.47583, 19.66919], [73.47241000000001, 19.66626], [73.47164000000001, 19.66758], [73.47226, 19.67182], [73.46884, 19.67124], [73.46340000000001, 19.66685], [73.46247000000001, 19.6686], [73.46045000000001, 19.669340000000002], [73.45859, 19.666990000000002], [73.45874, 19.66392], [73.45579000000001, 19.66319], [73.45076, 19.665190000000003], [73.44989000000001, 19.66553], [73.44678, 19.665680000000002], [73.44274, 19.667730000000002], [73.44476, 19.67782], [73.44725000000001, 19.679280000000002], [73.44663, 19.682940000000002], [73.44414, 19.68513], [73.43467000000001, 19.698150000000002], [73.43186, 19.70383], [73.43525000000001, 19.71162], [73.43663000000001, 19.7113], [73.43907, 19.708550000000002], [73.44122, 19.7085]]]}}, {"id": "834", "type": "Feature", "properties": {"village_name": "Vihigaon", "vil_lgd": 552751, "district_name": "Thane", "dist_lgd": 497, "subdistrict_name": "Shahapur", "sdcode": 4167, "block_name": "Shahapur", "block_lgd": 218.0, "gp_name": "", "state_name": "MAHARASHTRA", "state_lgd": 27, "population": 1830, "households": 381}, "geometry": {"type": "Polygon", "coordinates": [[[73.48498000000001, 19.72503], [73.48686000000001, 19.722990000000003], [73.49353, 19.720110000000002], [73.49534000000001, 19.71787], [73.49818, 19.71712], [73.50103, 19.71461], [73.50477000000001, 19.71383], [73.51156, 19.710050000000003], [73.51334, 19.70998], [73.52014000000001, 19.706670000000003], [73.5164, 19.70295], [73.51546, 19.69751], [73.51809, 19.697270000000003], [73.51358, 19.692300000000003], [73.50442000000001, 19.68777], [73.50162, 19.688640000000003], [73.49913000000001, 19.68747], [73.49774000000001, 19.68513], [73.48873, 19.68118], [73.48484, 19.68352], [73.47552, 19.683380000000003], [73.47039000000001, 19.69303], [73.46806000000001, 19.69581], [73.45672, 19.69566], [73.45439, 19.70034], [73.44803, 19.70429], [73.44201000000001, 19.70981], [73.44791000000001, 19.719150000000003], [73.45500000000001, 19.71478], [73.45688000000001, 19.715290000000003], [73.45782000000001, 19.71696], [73.45727000000001, 19.723180000000003], [73.45870000000001, 19.72321], [73.45963, 19.722360000000002], [73.46159, 19.718680000000003], [73.46317, 19.71768], [73.46537000000001, 19.718310000000002], [73.4672, 19.72219], [73.47127, 19.72107], [73.47408, 19.721410000000002], [73.47492000000001, 19.722550000000002], [73.47488000000001, 19.72652], [73.47626000000001, 19.73234], [73.47824, 19.730130000000003], [73.48007000000001, 19.726080000000003], [73.48227, 19.72434], [73.48498000000001, 19.72503]]]}}, {"id": "835", "type": "Feature", "properties": {"village_name": "Pimpalpada", "vil_lgd": 552744, "district_name": "Thane", "dist_lgd": 497, "subdistrict_name": "Shahapur", "sdcode": 4167, "block_name": "Shahapur", "block_lgd": 218.0, "gp_name": "", "state_name": "MAHARASHTRA", "state_lgd": 27, "population": 408, "households": 79}, "geometry": {"type": "Polygon", "coordinates": [[[73.3859, 19.588530000000002], [73.38246000000001, 19.58932], [73.38103000000001, 19.59234], [73.37841, 19.593230000000002], [73.38008, 19.599950000000003], [73.38673, 19.599390000000003], [73.38875, 19.596480000000003], [73.39149, 19.595360000000003], [73.38780000000001, 19.59099], [73.3859, 19.588530000000002]]]}}, {"id": "836", "type": "Feature", "properties": {"village_name": "Mangaon", "vil_lgd": 553283, "district_name": "Thane", "dist_lgd": 497, "subdistrict_name": "Murbad", "sdcode": 4171, "block_name": "Murbad", "block_lgd": 222.0, "gp_name": "", "state_name": "MAHARASHTRA", "state_lgd": 27, "population": 324, "households": 66}, "geometry": {"type": "Polygon", "coordinates": [[[73.43997, 19.152630000000002], [73.44086, 19.15353], [73.44175, 19.152630000000002], [73.44099, 19.151860000000003], [73.43997, 19.152630000000002]]]}}, {"id": "837", "type": "Feature", "properties": {"village_name": "Borpada", "vil_lgd": 552479, "district_name": "Thane", "dist_lgd": 497, "subdistrict_name": "Bhiwandi", "sdcode": 4166, "block_name": "Bhiwandi", "block_lgd": 217.0, "gp_name": "", "state_name": "MAHARASHTRA", "state_lgd": 27, "population": 1476, "households": 314}, "geometry": {"type": "Polygon", "coordinates": [[[73.06324000000001, 19.32823], [73.05682, 19.33283], [73.05704, 19.339630000000003], [73.05883, 19.338060000000002], [73.06765, 19.336720000000003], [73.06324000000001, 19.32823]]]}}, {"id": "838", "type": "Feature", "properties": {"village_name": "Mahap", "vil_lgd": 552581, "district_name": "Thane", "dist_lgd": 497, "subdistrict_name": "Bhiwandi", "sdcode": 4166, "block_name": "Bhiwandi", "block_lgd": 217.0, "gp_name": "", "state_name": "MAHARASHTRA", "state_lgd": 27, "population": 323, "households": 65}, "geometry": {"type": "Polygon", "coordinates": [[[73.17021000000001, 19.44801], [73.17199000000001, 19.447770000000002], [73.1725, 19.4431], [73.17735, 19.43983], [73.17530000000001, 19.432370000000002], [73.16856, 19.43053], [73.16158, 19.438190000000002], [73.16221, 19.44801], [73.16132, 19.45101], [73.16856, 19.450770000000002], [73.17021000000001, 19.44801]]]}}, {"id": "839", "type": "Feature", "properties": {"village_name": "Pimpalghar", "vil_lgd": 552658, "district_name": "Thane", "dist_lgd": 497, "subdistrict_name": "Bhiwandi", "sdcode": 4166, "block_name": "Bhiwandi", "block_lgd": 217.0, "gp_name": "", "state_name": "MAHARASHTRA", "state_lgd": 27, "population": 1736, "households": 446}, "geometry": {"type": "Polygon", "coordinates": [[[73.0828, 19.256210000000003], [73.07929, 19.257820000000002], [73.08166, 19.25881], [73.08556, 19.26294], [73.08908000000001, 19.257730000000002], [73.08718, 19.25692], [73.0828, 19.256210000000003]]]}}, {"id": "840", "type": "Feature", "properties": {"village_name": "Vafale", "vil_lgd": 552532, "district_name": "Thane", "dist_lgd": 497, "subdistrict_name": "Bhiwandi", "sdcode": 4166, "block_name": "Bhiwandi", "block_lgd": 217.0, "gp_name": "", "state_name": "MAHARASHTRA", "state_lgd": 27, "population": 795, "households": 163}, "geometry": {"type": "Polygon", "coordinates": [[[73.16421000000001, 19.364530000000002], [73.16285, 19.36895], [73.16424, 19.37434], [73.16488000000001, 19.37949], [73.16632, 19.383010000000002], [73.16911, 19.378670000000003], [73.17147, 19.37553], [73.17179, 19.3743], [73.17114000000001, 19.373530000000002], [73.16902, 19.36937], [73.16625, 19.3673], [73.16421000000001, 19.364530000000002]]]}}, {"id": "841", "type": "Feature", "properties": {"village_name": "Murhe", "vil_lgd": 552535, "district_name": "Thane", "dist_lgd": 497, "subdistrict_name": "Bhiwandi", "sdcode": 4166, "block_name": "Bhiwandi", "block_lgd": 217.0, "gp_name": "", "state_name": "MAHARASHTRA", "state_lgd": 27, "population": 549, "households": 115}, "geometry": {"type": "Polygon", "coordinates": [[[73.13376000000001, 19.364880000000003], [73.13109, 19.36811], [73.12855, 19.377940000000002], [73.12918, 19.38174], [73.1297, 19.384890000000002], [73.13567, 19.38417], [73.13719, 19.38285], [73.141, 19.38153], [73.14011, 19.3735], [73.14125, 19.371950000000002], [73.13986000000001, 19.365360000000003], [73.13376000000001, 19.364880000000003]]]}}, {"id": "842", "type": "Feature", "properties": {"village_name": "Pali", "vil_lgd": 552585, "district_name": "Thane", "dist_lgd": 497, "subdistrict_name": "Bhiwandi", "sdcode": 4166, "block_name": "Bhiwandi", "block_lgd": 217.0, "gp_name": "", "state_name": "MAHARASHTRA", "state_lgd": 27, "population": 455, "households": 101}, "geometry": {"type": "Polygon", "coordinates": [[[73.13884, 19.419870000000003], [73.1363, 19.421660000000003], [73.1349, 19.424180000000003], [73.1344, 19.43196], [73.1396, 19.431720000000002], [73.13884, 19.423460000000002], [73.13884, 19.419870000000003]]]}}, {"id": "843", "type": "Feature", "properties": {"village_name": "Kandali Bk", "vil_lgd": 552571, "district_name": "Thane", "dist_lgd": 497, "subdistrict_name": "Bhiwandi", "sdcode": 4166, "block_name": "Bhiwandi", "block_lgd": 217.0, "gp_name": "", "state_name": "MAHARASHTRA", "state_lgd": 27, "population": 694, "households": 173}, "geometry": {"type": "Polygon", "coordinates": [[[73.16513, 19.47819], [73.16805000000001, 19.469810000000003], [73.16704, 19.46753], [73.16793000000001, 19.464660000000002], [73.17009, 19.462030000000002], [73.16869000000001, 19.461070000000003], [73.16437, 19.46179], [73.16285, 19.46095], [73.15878000000001, 19.462030000000002], [73.15688, 19.463220000000003], [73.1584, 19.46478], [73.15561000000001, 19.46646], [73.15726000000001, 19.47232], [73.15586, 19.47795], [73.16513, 19.47819]]]}}, {"id": "844", "type": "Feature", "properties": {"village_name": "Mharal Bk", "vil_lgd": 553006, "district_name": "Thane", "dist_lgd": 497, "subdistrict_name": "Kalyan", "sdcode": 4168, "block_name": "", "block_lgd": null, "gp_name": "", "state_name": "MAHARASHTRA", "state_lgd": 27, "population": 29462, "households": 6535}, "geometry": {"type": "Polygon", "coordinates": [[[73.17384000000001, 19.23391], [73.17261, 19.23889], [73.17384000000001, 19.251150000000003], [73.17666000000001, 19.25242], [73.17849000000001, 19.24652], [73.18376, 19.237840000000002], [73.17384000000001, 19.23391]]]}}, {"id": "845", "type": "Feature", "properties": {"village_name": "Askot", "vil_lgd": 553143, "district_name": "Thane", "dist_lgd": 497, "subdistrict_name": "Murbad", "sdcode": 4171, "block_name": "Murbad", "block_lgd": 222.0, "gp_name": "", "state_name": "MAHARASHTRA", "state_lgd": 27, "population": 356, "households": 84}, "geometry": {"type": "Polygon", "coordinates": [[[73.51782, 19.320860000000003], [73.51706, 19.321630000000003], [73.51795, 19.32253], [73.51880000000001, 19.32196], [73.51822, 19.320880000000002], [73.51782, 19.320860000000003]]]}}, {"id": "846", "type": "Feature", "properties": {"village_name": "Udaldon", "vil_lgd": 553234, "district_name": "Thane", "dist_lgd": 497, "subdistrict_name": "Murbad", "sdcode": 4171, "block_name": "Murbad", "block_lgd": 222.0, "gp_name": "", "state_name": "MAHARASHTRA", "state_lgd": 27, "population": 56, "households": 14}, "geometry": {"type": "Polygon", "coordinates": [[[73.67172000000001, 19.32432], [73.67104, 19.32515], [73.67198, 19.32597], [73.67283, 19.32507], [73.67216, 19.32432], [73.67172000000001, 19.32432]]]}}, {"id": "847", "type": "Feature", "properties": {"village_name": "Fangaloshi", "vil_lgd": 553200, "district_name": "Thane", "dist_lgd": 497, "subdistrict_name": "Murbad", "sdcode": 4171, "block_name": "Murbad", "block_lgd": 222.0, "gp_name": "", "state_name": "MAHARASHTRA", "state_lgd": 27, "population": 806, "households": 175}, "geometry": {"type": "Polygon", "coordinates": [[[73.68524000000001, 19.382060000000003], [73.67915, 19.378970000000002], [73.67282, 19.381670000000003], [73.66652, 19.380660000000002], [73.66438000000001, 19.378760000000003], [73.66438000000001, 19.37629], [73.65178, 19.375400000000003], [73.64976, 19.384590000000003], [73.65487, 19.38661], [73.65791, 19.388920000000002], [73.6588, 19.39131], [73.66073, 19.39299], [73.66474000000001, 19.39495], [73.66890000000001, 19.39579], [73.67618, 19.39985], [73.68153000000001, 19.405320000000003], [73.6842, 19.40952], [73.68851000000001, 19.40756], [73.69178000000001, 19.40378], [73.69267, 19.38738], [73.68687, 19.383740000000003], [73.68524000000001, 19.382060000000003]]]}}, {"id": "848", "type": "Feature", "properties": {"village_name": "Bhinar", "vil_lgd": 552800, "district_name": "Thane", "dist_lgd": 497, "subdistrict_name": "Shahapur", "sdcode": 4167, "block_name": "Shahapur", "block_lgd": 218.0, "gp_name": "", "state_name": "MAHARASHTRA", "state_lgd": 27, "population": 157, "households": 42}, "geometry": {"type": "Polygon", "coordinates": [[[73.59326, 19.459380000000003], [73.59070000000001, 19.462660000000003], [73.58725000000001, 19.469610000000003], [73.59094, 19.471510000000002], [73.59236, 19.47342], [73.59605, 19.46781], [73.59771, 19.46658], [73.59747, 19.46064], [73.59569, 19.459970000000002], [73.59326, 19.459380000000003]]]}}, {"id": "849", "type": "Feature", "properties": {"village_name": "Gunde", "vil_lgd": 552787, "district_name": "Thane", "dist_lgd": 497, "subdistrict_name": "Shahapur", "sdcode": 4167, "block_name": "Shahapur", "block_lgd": 218.0, "gp_name": "", "state_name": "MAHARASHTRA", "state_lgd": 27, "population": 1180, "households": 237}, "geometry": {"type": "Polygon", "coordinates": [[[73.64983000000001, 19.45635], [73.66014000000001, 19.45514], [73.66609000000001, 19.455160000000003], [73.67564, 19.45796], [73.67893000000001, 19.458660000000002], [73.68336000000001, 19.45718], [73.68446, 19.450950000000002], [73.68444000000001, 19.445050000000002], [73.68730000000001, 19.442230000000002], [73.68062, 19.439600000000002], [73.67664, 19.434350000000002], [73.66822, 19.42751], [73.65038000000001, 19.422690000000003], [73.64673, 19.425700000000003], [73.64178000000001, 19.428160000000002], [73.63655, 19.43374], [73.63351, 19.43861], [73.63191, 19.43811], [73.62762000000001, 19.43973], [73.61813000000001, 19.44031], [73.62079, 19.44914], [73.6269, 19.455350000000003], [73.62835000000001, 19.45419], [73.63094000000001, 19.45448], [73.63843, 19.458940000000002], [73.64321000000001, 19.45924], [73.64983000000001, 19.45635]], [[73.65973000000001, 19.43609], [73.66031000000001, 19.437170000000002], [73.65946000000001, 19.43774], [73.65857000000001, 19.43683], [73.65933000000001, 19.43607], [73.65973000000001, 19.43609]]]}}, {"id": "850", "type": "Feature", "properties": {"village_name": "Panshet", "vil_lgd": 553209, "district_name": "Thane", "dist_lgd": 497, "subdistrict_name": "Murbad", "sdcode": 4171, "block_name": "Murbad", "block_lgd": 222.0, "gp_name": "", "state_name": "MAHARASHTRA", "state_lgd": 27, "population": 510, "households": 103}, "geometry": {"type": "Polygon", "coordinates": [[[73.72958000000001, 19.41673], [73.73027, 19.41439], [73.73223, 19.41271], [73.74102, 19.409370000000003], [73.73033000000001, 19.39767], [73.72507, 19.39442], [73.72371000000001, 19.39261], [73.72089000000001, 19.385520000000003], [73.72012000000001, 19.37188], [73.71666, 19.3672], [73.71947, 19.356240000000003], [73.71404000000001, 19.35714], [73.71173, 19.354830000000003], [73.70908, 19.357100000000003], [73.70782000000001, 19.36109], [73.70670000000001, 19.374760000000002], [73.70896, 19.379510000000003], [73.70801, 19.39589], [73.70624000000001, 19.39855], [73.70615000000001, 19.40088], [73.70936, 19.403270000000003], [73.71875, 19.41768], [73.72563000000001, 19.424220000000002], [73.73026, 19.430660000000003], [73.73091000000001, 19.42988], [73.72974, 19.428700000000003], [73.72663, 19.418480000000002], [73.72712, 19.416890000000002], [73.72958000000001, 19.41673]], [[73.71757000000001, 19.400190000000002], [73.71824000000001, 19.400940000000002], [73.71740000000001, 19.401850000000003], [73.71646000000001, 19.401030000000002], [73.71714, 19.4002], [73.71757000000001, 19.400190000000002]]]}}, {"id": "851", "type": "Feature", "properties": {"village_name": "Morani", "vil_lgd": 552556, "district_name": "Thane", "dist_lgd": 497, "subdistrict_name": "Bhiwandi", "sdcode": 4166, "block_name": "Bhiwandi", "block_lgd": 217.0, "gp_name": "", "state_name": "MAHARASHTRA", "state_lgd": 27, "population": 286, "households": 65}, "geometry": {"type": "Polygon", "coordinates": [[[73.15015000000001, 19.490840000000002], [73.14659, 19.49076], [73.14329000000001, 19.492800000000003], [73.14583, 19.494950000000003], [73.15218, 19.49304], [73.15015000000001, 19.490840000000002]]]}}, {"id": "852", "type": "Feature", "properties": {"village_name": "Bhorande", "vil_lgd": 552716, "district_name": "Thane", "dist_lgd": 497, "subdistrict_name": "Shahapur", "sdcode": 4167, "block_name": "Shahapur", "block_lgd": 218.0, "gp_name": "", "state_name": "MAHARASHTRA", "state_lgd": 27, "population": 0, "households": 0}, "geometry": {"type": "Polygon", "coordinates": [[[73.23921, 19.4844], [73.2346, 19.481740000000002], [73.23014, 19.48356], [73.22509000000001, 19.483700000000002], [73.22197, 19.4872], [73.21648, 19.4886], [73.22138000000001, 19.493920000000003], [73.22197, 19.497980000000002], [73.22554000000001, 19.492240000000002], [73.22896, 19.490280000000002], [73.2419, 19.48722], [73.23921, 19.4844]]]}}, {"id": "853", "type": "Feature", "properties": {"village_name": "Kinaishet", "vil_lgd": 552706, "district_name": "Thane", "dist_lgd": 497, "subdistrict_name": "Shahapur", "sdcode": 4167, "block_name": "Shahapur", "block_lgd": 218.0, "gp_name": "", "state_name": "MAHARASHTRA", "state_lgd": 27, "population": 0, "households": 0}, "geometry": {"type": "Polygon", "coordinates": [[[73.27118, 19.48319], [73.26892000000001, 19.48328], [73.26386000000001, 19.48748], [73.26253000000001, 19.489720000000002], [73.25941, 19.502180000000003], [73.25673, 19.504], [73.26461, 19.509880000000003], [73.26773, 19.507080000000002], [73.27560000000001, 19.50428], [73.28760000000001, 19.50343], [73.28864, 19.500210000000003], [73.28790000000001, 19.49923], [73.28715000000001, 19.497410000000002], [73.28879, 19.49531], [73.28936, 19.49304], [73.28639000000001, 19.49192], [73.27486, 19.48375], [73.27118, 19.48319]]]}}, {"id": "854", "type": "Feature", "properties": {"village_name": "Kusapur", "vil_lgd": 552559, "district_name": "Thane", "dist_lgd": 497, "subdistrict_name": "Bhiwandi", "sdcode": 4166, "block_name": "Bhiwandi", "block_lgd": 217.0, "gp_name": "", "state_name": "MAHARASHTRA", "state_lgd": 27, "population": 422, "households": 85}, "geometry": {"type": "Polygon", "coordinates": [[[73.14875, 19.47963], [73.14748, 19.48083], [73.14633, 19.48609], [73.14227000000001, 19.48813], [73.14329000000001, 19.492800000000003], [73.14659, 19.49076], [73.15015000000001, 19.490840000000002], [73.14964, 19.490280000000002], [73.14875, 19.47963]]]}}]}