{"type": "FeatureCollection", "metadata": {"source": "Survey of India (per src_agency attribute in the source data)", "hosted_via": "National Water Data Portal (NWDP), NWIC, Ministry of Jal Shakti -- https://nwdp.nwic.gov.in/", "access": "public, no login required", "crs_original": "EPSG:7755 (WGS 84 / India NSF LCC)", "fetch_date": "2026-08-02", "quality": "verified-official -- Survey of India source", "state": "Nagaland", "processing": "reprojected to EPSG:4326, topology-preserving simplify (shared-arc, tolerance 0.0005 deg) so adjacent polygons never overlap/gap at shared borders, coords rounded 5dp, 0 feature(s) needed the per-feature fallback", "feature_count": 112, "level_note": "SoI sub-district (sdcode) -- the closest available Survey of India product to Block/Tehsil; SoI's own block/bkcode grouping has no separate boundary product."}, "features": [{"id": "0", "type": "Feature", "properties": {"state_name": "Nagaland", "district_name": "Wokha", "block_name": "Ralan", "block_lgd": 1787, "district_lgd": 250}, "geometry": {"type": "Polygon", "coordinates": [[[93.99614000000001, 26.06493], [93.99994000000001, 26.068170000000002], [94.00261, 26.068520000000003], [94.00622000000001, 26.066810000000004], [94.0066, 26.064420000000002], [94.00508, 26.05639], [94.01002000000001, 26.055190000000003], [94.01249000000001, 26.05366], [94.02283000000001, 26.04586], [94.02639, 26.04437], [94.02806000000001, 26.04671], [94.03709, 26.047140000000002], [94.03804000000001, 26.045430000000003], [94.0378, 26.04031], [94.03946, 26.03881], [94.04517000000001, 26.03881], [94.04683000000001, 26.03497], [94.05111000000001, 26.033050000000003], [94.04992000000001, 26.02963], [94.05206000000001, 26.02728], [94.05373, 26.027710000000003], [94.05682, 26.025570000000002], [94.05301000000001, 26.02344], [94.05064, 26.020660000000003], [94.04232, 26.01724], [94.0416, 26.014470000000003], [94.04255, 26.011480000000002], [94.04137000000001, 26.00934], [94.03471, 26.0087], [94.03067, 26.00549], [94.02758000000001, 25.996090000000002], [94.02021, 25.99182], [94.02021, 25.990330000000004], [94.02283000000001, 25.987980000000004], [94.02402000000001, 25.985200000000003], [94.02259000000001, 25.98178], [94.02259000000001, 25.978360000000002], [94.02817, 25.959130000000002], [94.02763, 25.958350000000003], [94.02815000000001, 25.957210000000003], [94.02169, 25.95108], [94.021, 25.9479], [94.00496000000001, 25.96075], [93.99391000000001, 25.96459], [93.98856, 25.968120000000003], [93.98357000000001, 25.9678], [93.97644000000001, 25.972610000000003], [93.97144, 25.970360000000003], [93.96503000000001, 25.97293], [93.95415000000001, 25.969260000000002], [93.95915000000001, 25.99433], [93.953, 26.00297], [93.95947000000001, 26.012220000000003], [93.96054000000001, 26.01536], [93.96270000000001, 26.025760000000002], [93.96199000000001, 26.0301], [93.96247000000001, 26.036540000000002], [93.97039000000001, 26.040350000000004], [93.97082, 26.04651], [93.98504000000001, 26.0651], [93.98739, 26.06679], [93.98639000000001, 26.070330000000002], [93.99405, 26.06612], [93.99614000000001, 26.06493]]]}}, {"id": "1", "type": "Feature", "properties": {"state_name": "Nagaland", "district_name": "Wokha", "block_name": "Wozhuro", "block_lgd": 1788, "district_lgd": 250}, "geometry": {"type": "Polygon", "coordinates": [[[94.12859, 26.0497], [94.13477, 26.05291], [94.13977000000001, 26.05205], [94.14214000000001, 26.04906], [94.14547, 26.048640000000002], [94.14880000000001, 26.05056], [94.15308, 26.051630000000003], [94.15379, 26.054620000000003], [94.16068000000001, 26.05355], [94.1633, 26.051840000000002], [94.16353000000001, 26.048640000000002], [94.16567, 26.048000000000002], [94.17304000000001, 26.04736], [94.17993000000001, 26.048640000000002], [94.18397, 26.04586], [94.18683000000001, 26.03967], [94.19229000000001, 26.03668], [94.19847000000001, 26.03796], [94.20323, 26.03497], [94.20441000000001, 26.028560000000002], [94.21345000000001, 26.025360000000003], [94.21464, 26.021770000000004], [94.21187, 26.01969], [94.21063000000001, 26.01753], [94.21033000000001, 26.01321], [94.21146, 26.01131], [94.21115, 26.00888], [94.20423000000001, 26.002920000000003], [94.20095, 26.002190000000002], [94.19952, 25.99734], [94.19267, 25.99124], [94.19266, 25.989430000000002], [94.18557000000001, 25.990160000000003], [94.18430000000001, 25.988860000000003], [94.18204, 25.98843], [94.18164, 25.987360000000002], [94.17631, 25.98627], [94.17349, 25.980890000000002], [94.17056000000001, 25.97972], [94.1688, 25.976380000000002], [94.16234000000001, 25.973180000000003], [94.16063000000001, 25.97296], [94.15964000000001, 25.97462], [94.15773, 25.97426], [94.15679, 25.97596], [94.15350000000001, 25.976760000000002], [94.15166, 25.9798], [94.14952000000001, 25.979740000000003], [94.14692000000001, 25.981450000000002], [94.14415000000001, 25.9856], [94.14125000000001, 25.986530000000002], [94.1389, 25.989220000000003], [94.13934, 25.992350000000002], [94.13458000000001, 25.99116], [94.12402, 25.990930000000002], [94.11911, 25.988660000000003], [94.11748000000001, 25.989020000000004], [94.11132, 25.987550000000002], [94.10656, 25.989410000000003], [94.10023000000001, 25.98813], [94.09545000000001, 25.991460000000004], [94.09339000000001, 25.989510000000003], [94.08903000000001, 25.98888], [94.08384000000001, 25.986240000000002], [94.08245000000001, 25.983410000000003], [94.08263000000001, 25.980800000000002], [94.07954000000001, 25.979020000000002], [94.07991000000001, 25.976950000000002], [94.07834000000001, 25.9767], [94.07423000000001, 25.973060000000004], [94.07128, 25.97293], [94.06784, 25.978350000000002], [94.06589000000001, 25.98025], [94.06529, 25.97997], [94.06131, 25.979670000000002], [94.05949000000001, 25.977970000000003], [94.05422, 25.976190000000003], [94.05149, 25.976740000000003], [94.04764, 25.975600000000004], [94.04705000000001, 25.974500000000003], [94.04455, 25.973820000000003], [94.04085, 25.970940000000002], [94.03588, 25.96328], [94.03141000000001, 25.960240000000002], [94.02817, 25.959130000000002], [94.02259000000001, 25.978360000000002], [94.02259000000001, 25.98178], [94.02402000000001, 25.985200000000003], [94.02283000000001, 25.987980000000004], [94.02021, 25.990330000000004], [94.02021, 25.99182], [94.02758000000001, 25.996090000000002], [94.03067, 26.00549], [94.03471, 26.0087], [94.04137000000001, 26.00934], [94.04255, 26.011480000000002], [94.0416, 26.014470000000003], [94.04232, 26.01724], [94.05064, 26.020660000000003], [94.05301000000001, 26.02344], [94.05682, 26.025570000000002], [94.05943, 26.02344], [94.06157, 26.026210000000003], [94.06585000000001, 26.023010000000003], [94.0687, 26.023650000000004], [94.07298, 26.021510000000003], [94.07773, 26.026000000000003], [94.08011, 26.031340000000004], [94.08272000000001, 26.03497], [94.08439000000001, 26.03582], [94.08890000000001, 26.036250000000003], [94.09199000000001, 26.035400000000003], [94.09579000000001, 26.03646], [94.09793, 26.03967], [94.09817000000001, 26.04266], [94.09413, 26.04351], [94.09342000000001, 26.045650000000002], [94.09437000000001, 26.04906], [94.09746000000001, 26.053120000000003], [94.10007, 26.0512], [94.10340000000001, 26.05056], [94.11077, 26.05205], [94.11196000000001, 26.055470000000003], [94.11576000000001, 26.057820000000003], [94.12028000000001, 26.0591], [94.12218000000001, 26.0576], [94.12574000000001, 26.05056], [94.12859, 26.0497]]]}}, {"id": "2", "type": "Feature", "properties": {"state_name": "Nagaland", "district_name": "Wokha", "block_name": "Wokha Sadar", "block_lgd": 1789, "district_lgd": 250}, "geometry": {"type": "Polygon", "coordinates": [[[94.23658, 26.120680000000004], [94.24419, 26.123450000000002], [94.25489, 26.1322], [94.26653, 26.13604], [94.26986000000001, 26.138600000000004], [94.27526, 26.145290000000003], [94.27837000000001, 26.142360000000004], [94.27638, 26.13878], [94.28008000000001, 26.134040000000002], [94.28236000000001, 26.133910000000004], [94.28294000000001, 26.130070000000003], [94.28236000000001, 26.124440000000003], [94.28108, 26.12085], [94.28265, 26.1124], [94.28835000000001, 26.111760000000004], [94.29064000000001, 26.106130000000004], [94.29092000000001, 26.095370000000003], [94.29377000000001, 26.093570000000003], [94.29848000000001, 26.08743], [94.29862000000001, 26.081280000000003], [94.30133000000001, 26.07513], [94.31017000000001, 26.077050000000003], [94.32016, 26.075260000000004], [94.32144000000001, 26.07411], [94.32115, 26.0709], [94.32429, 26.068980000000003], [94.32985000000001, 26.06706], [94.33356, 26.06821], [94.34041, 26.066290000000002], [94.34825000000001, 26.061420000000002], [94.35395000000001, 26.060660000000002], [94.35866000000001, 26.05861], [94.36194, 26.0604], [94.36565, 26.059500000000003], [94.37373000000001, 26.05545], [94.37030000000001, 26.052940000000003], [94.36964, 26.04988], [94.37064000000001, 26.048280000000002], [94.37030000000001, 26.046920000000004], [94.36609000000001, 26.038510000000002], [94.3636, 26.031010000000002], [94.36025000000001, 26.027970000000003], [94.36241000000001, 26.026180000000004], [94.35979, 26.02467], [94.35778, 26.02164], [94.35945000000001, 26.016640000000002], [94.35806000000001, 26.014840000000003], [94.35786, 26.012580000000003], [94.35600000000001, 26.010270000000002], [94.35685000000001, 26.009040000000002], [94.36059, 26.010080000000002], [94.36260000000001, 26.009240000000002], [94.36250000000001, 26.008370000000003], [94.36021000000001, 26.007240000000003], [94.35346000000001, 26.006990000000002], [94.34912000000001, 26.004060000000003], [94.34548000000001, 26.00448], [94.34327, 26.00299], [94.34169000000001, 26.000120000000003], [94.33900000000001, 25.999540000000003], [94.33806000000001, 25.998130000000003], [94.33617000000001, 25.99977], [94.33326000000001, 25.99819], [94.33054000000001, 25.999350000000003], [94.32823, 25.99921], [94.32757000000001, 26.001590000000004], [94.32564, 26.00427], [94.32554, 26.006320000000002], [94.32635, 26.007130000000004], [94.32486, 26.008440000000004], [94.32551000000001, 26.010250000000003], [94.32309000000001, 26.011840000000003], [94.32466000000001, 26.01348], [94.32175000000001, 26.01528], [94.32336000000001, 26.016640000000002], [94.31958, 26.01704], [94.31807, 26.017970000000002], [94.31682, 26.01837], [94.31380000000001, 26.016170000000002], [94.31016000000001, 26.01209], [94.30723, 26.012210000000003], [94.30555000000001, 26.008840000000003], [94.30141, 26.008300000000002], [94.29971, 26.006510000000002], [94.29117000000001, 26.008650000000003], [94.28680000000001, 26.008170000000003], [94.28290000000001, 26.00945], [94.27588, 26.00972], [94.26851, 26.00749], [94.26654, 26.006200000000003], [94.25926000000001, 26.005470000000003], [94.25573000000001, 26.004350000000002], [94.25365000000001, 26.00578], [94.24928000000001, 26.00503], [94.24618000000001, 26.003300000000003], [94.24541, 26.001890000000003], [94.23603000000001, 26.003290000000003], [94.23477000000001, 26.005000000000003], [94.23254000000001, 26.006050000000002], [94.22337, 26.015900000000002], [94.22265, 26.018760000000004], [94.22017000000001, 26.01969], [94.21464, 26.021770000000004], [94.21345000000001, 26.025360000000003], [94.20441000000001, 26.028560000000002], [94.20323, 26.03497], [94.19847000000001, 26.03796], [94.19229000000001, 26.03668], [94.18683000000001, 26.03967], [94.18397, 26.04586], [94.17993000000001, 26.048640000000002], [94.17304000000001, 26.04736], [94.16567, 26.048000000000002], [94.16353000000001, 26.048640000000002], [94.1633, 26.051840000000002], [94.16068000000001, 26.05355], [94.15379, 26.054620000000003], [94.15308, 26.051630000000003], [94.14880000000001, 26.05056], [94.14547, 26.048640000000002], [94.14214000000001, 26.04906], [94.13977000000001, 26.05205], [94.13477, 26.05291], [94.12859, 26.0497], [94.12574000000001, 26.05056], [94.12218000000001, 26.0576], [94.12028000000001, 26.0591], [94.11576000000001, 26.057820000000003], [94.11196000000001, 26.055470000000003], [94.11077, 26.05205], [94.10340000000001, 26.05056], [94.10007, 26.0512], [94.09746000000001, 26.053120000000003], [94.10055000000001, 26.058030000000002], [94.10934, 26.060810000000004], [94.11077, 26.06764], [94.11410000000001, 26.073400000000003], [94.12146000000001, 26.075540000000004], [94.12479, 26.077460000000002], [94.12598000000001, 26.08066], [94.12242, 26.08088], [94.12218000000001, 26.08386], [94.12360000000001, 26.086640000000003], [94.12812000000001, 26.088130000000003], [94.13050000000001, 26.090480000000003], [94.13145, 26.093470000000003], [94.13335000000001, 26.095820000000003], [94.13264000000001, 26.099870000000003], [94.13858, 26.105420000000002], [94.14095, 26.10478], [94.14904000000001, 26.10734], [94.15070000000001, 26.10948], [94.14758, 26.11335], [94.14785, 26.117790000000003], [94.15527, 26.11848], [94.15831000000001, 26.122400000000003], [94.1585, 26.124280000000002], [94.15755000000001, 26.126500000000004], [94.15964000000001, 26.134010000000004], [94.16839, 26.134860000000003], [94.17428000000001, 26.139470000000003], [94.17409, 26.14664], [94.17486000000001, 26.148010000000003], [94.17809000000001, 26.149030000000003], [94.17942000000001, 26.152620000000002], [94.18303, 26.15483], [94.18360000000001, 26.159440000000004], [94.19045000000001, 26.163880000000002], [94.19881000000001, 26.16149], [94.20141000000001, 26.1578], [94.20188, 26.152680000000004], [94.20355, 26.148200000000003], [94.2064, 26.14543], [94.21020000000001, 26.137960000000003], [94.21282000000001, 26.134970000000003], [94.21805, 26.132630000000002], [94.23041, 26.12366], [94.23658, 26.120680000000004]]]}}, {"id": "3", "type": "Feature", "properties": {"state_name": "Nagaland", "district_name": "Zunheboto", "block_name": "Akuluto", "block_lgd": 1768, "district_lgd": 251}, "geometry": {"type": "Polygon", "coordinates": [[[94.49576, 26.274340000000002], [94.49715, 26.26828], [94.49885, 26.26819], [94.49761000000001, 26.260160000000003], [94.4992, 26.258440000000004], [94.49939, 26.25655], [94.49817, 26.255820000000003], [94.49826, 26.25487], [94.50072, 26.252820000000003], [94.50592, 26.2527], [94.50659, 26.248690000000003], [94.50562000000001, 26.24696], [94.50593, 26.244850000000003], [94.50798, 26.242990000000002], [94.50985000000001, 26.24284], [94.5109, 26.240250000000003], [94.5139, 26.241490000000002], [94.51584000000001, 26.239870000000003], [94.5156, 26.239020000000004], [94.51383000000001, 26.238300000000002], [94.51230000000001, 26.23919], [94.51350000000001, 26.23599], [94.51161, 26.235640000000004], [94.50868000000001, 26.232630000000004], [94.50852, 26.23494], [94.5074, 26.23438], [94.50581000000001, 26.234840000000002], [94.50555000000001, 26.231930000000002], [94.50455000000001, 26.231420000000004], [94.50201000000001, 26.232280000000003], [94.50049000000001, 26.229490000000002], [94.49783000000001, 26.229300000000002], [94.49888000000001, 26.227300000000003], [94.50130000000001, 26.227800000000002], [94.50166, 26.226920000000003], [94.50080000000001, 26.225340000000003], [94.49741, 26.22464], [94.49827, 26.2192], [94.49625, 26.219260000000002], [94.49661, 26.21796], [94.49792000000001, 26.21646], [94.49913000000001, 26.216440000000002], [94.4996, 26.213990000000003], [94.50065000000001, 26.213790000000003], [94.50238, 26.215230000000002], [94.50854000000001, 26.213610000000003], [94.51216000000001, 26.208060000000003], [94.51216000000001, 26.204140000000002], [94.51368000000001, 26.200390000000002], [94.51653, 26.196970000000004], [94.51938000000001, 26.181620000000002], [94.52186, 26.179910000000003], [94.52414, 26.176840000000002], [94.52376000000001, 26.170530000000003], [94.52052, 26.16728], [94.51615000000001, 26.166430000000002], [94.51444000000001, 26.17104], [94.50893, 26.171380000000003], [94.50303000000001, 26.170700000000004], [94.49999000000001, 26.16541], [94.50094000000001, 26.161140000000003], [94.50284, 26.158920000000002], [94.5036, 26.156360000000003], [94.50075000000001, 26.15295], [94.48972, 26.144240000000003], [94.47736, 26.132810000000003], [94.46462000000001, 26.12666], [94.45416, 26.123590000000004], [94.44085000000001, 26.11813], [94.43610000000001, 26.11642], [94.43306000000001, 26.11642], [94.4304, 26.11813], [94.42678000000001, 26.121540000000003], [94.42450000000001, 26.12086], [94.42279, 26.11727], [94.41967000000001, 26.11642], [94.41681000000001, 26.121540000000003], [94.41358000000001, 26.123250000000002], [94.41301000000001, 26.12649], [94.42024, 26.125470000000004], [94.42176, 26.127000000000002], [94.421, 26.129050000000003], [94.41891000000001, 26.12939], [94.41796000000001, 26.13144], [94.42081, 26.13315], [94.42195000000001, 26.137760000000004], [94.42670000000001, 26.137760000000004], [94.42993000000001, 26.13878], [94.43260000000001, 26.14185], [94.43089, 26.147660000000002], [94.43450000000001, 26.148000000000003], [94.43754000000001, 26.150050000000004], [94.43944, 26.149710000000002], [94.43982000000001, 26.154310000000002], [94.43830000000001, 26.157040000000002], [94.43051000000001, 26.15585], [94.4307, 26.161310000000004], [94.43412000000001, 26.16438], [94.43925, 26.16251], [94.44267, 26.173260000000003], [94.44705, 26.172230000000003], [94.44857, 26.175990000000002], [94.45085, 26.17838], [94.45142000000001, 26.18042], [94.44819000000001, 26.18213], [94.44420000000001, 26.181960000000004], [94.4402, 26.18418], [94.4402, 26.186570000000003], [94.44134000000001, 26.189470000000004], [94.44667000000001, 26.193900000000003], [94.44515000000001, 26.19715], [94.44498, 26.206110000000002], [94.44572000000001, 26.206220000000002], [94.44588, 26.209690000000002], [94.44407000000001, 26.209780000000002], [94.44483000000001, 26.211900000000004], [94.44352, 26.213130000000003], [94.44491000000001, 26.215770000000003], [94.4441, 26.21824], [94.44714, 26.221510000000002], [94.44876000000001, 26.225410000000004], [94.45190000000001, 26.226020000000002], [94.45491000000001, 26.23083], [94.45420000000001, 26.23319], [94.45543, 26.234520000000003], [94.4591, 26.236150000000002], [94.45609, 26.239150000000002], [94.45623, 26.241220000000002], [94.45482000000001, 26.242890000000003], [94.45463000000001, 26.24471], [94.45544000000001, 26.246480000000002], [94.45804000000001, 26.247490000000003], [94.45882, 26.248710000000003], [94.4598, 26.251400000000004], [94.45972, 26.254550000000002], [94.46171000000001, 26.25758], [94.46194000000001, 26.2604], [94.46404000000001, 26.263710000000003], [94.46381000000001, 26.26666], [94.46734000000001, 26.273930000000004], [94.47025000000001, 26.275530000000003], [94.47505000000001, 26.28093], [94.47887000000001, 26.293560000000003], [94.48328000000001, 26.29277], [94.48405000000001, 26.287160000000004], [94.48537, 26.286170000000002], [94.48563000000001, 26.28083], [94.49082000000001, 26.275520000000004], [94.49576, 26.274340000000002]]]}}, {"id": "4", "type": "Feature", "properties": {"state_name": "Nagaland", "district_name": "Zunheboto", "block_name": "Satoi", "block_lgd": 1779, "district_lgd": 251}, "geometry": {"type": "Polygon", "coordinates": [[[94.59206, 25.879060000000003], [94.59588000000001, 25.875370000000004], [94.59760000000001, 25.869850000000003], [94.60206000000001, 25.86231], [94.60238000000001, 25.858150000000002], [94.60531, 25.854270000000003], [94.61023, 25.844140000000003], [94.60973000000001, 25.83743], [94.61107000000001, 25.83518], [94.60921, 25.831310000000002], [94.60300000000001, 25.82656], [94.60285, 25.825630000000004], [94.61217, 25.816860000000002], [94.61475, 25.815830000000002], [94.61873000000001, 25.815910000000002], [94.62358, 25.818030000000004], [94.62822000000001, 25.815590000000004], [94.64086, 25.817510000000002], [94.65418000000001, 25.814880000000002], [94.65838000000001, 25.81265], [94.6628, 25.808940000000003], [94.66703000000001, 25.808030000000002], [94.67068, 25.805570000000003], [94.67524, 25.80395], [94.67850000000001, 25.80376], [94.68491, 25.800430000000002], [94.68793000000001, 25.797240000000002], [94.6949, 25.79314], [94.70153, 25.783910000000002], [94.70303000000001, 25.77717], [94.70489, 25.77568], [94.70639000000001, 25.770310000000002], [94.70994, 25.764640000000004], [94.71141, 25.76349], [94.71291000000001, 25.759470000000004], [94.7043, 25.759040000000002], [94.69582000000001, 25.75749], [94.69000000000001, 25.76085], [94.68289000000001, 25.767650000000003], [94.67932, 25.76903], [94.67802, 25.770360000000004], [94.67500000000001, 25.77063], [94.66771000000001, 25.77305], [94.66214000000001, 25.776370000000004], [94.65788, 25.77784], [94.64929000000001, 25.777310000000003], [94.64603000000001, 25.775720000000003], [94.64288, 25.771210000000004], [94.63879000000001, 25.769540000000003], [94.63571, 25.769370000000002], [94.62206, 25.770750000000003], [94.61252, 25.777440000000002], [94.60683, 25.7786], [94.60491, 25.77673], [94.60134000000001, 25.769940000000002], [94.59597000000001, 25.763430000000003], [94.58564000000001, 25.75512], [94.58433000000001, 25.75006], [94.58218000000001, 25.748990000000003], [94.57717000000001, 25.743920000000003], [94.57285, 25.741270000000004], [94.57015000000001, 25.73804], [94.56321000000001, 25.733110000000003], [94.55972000000001, 25.73203], [94.55751000000001, 25.73372], [94.55585, 25.73657], [94.55327000000001, 25.738010000000003], [94.55180000000001, 25.746180000000003], [94.55158, 25.75138], [94.55232000000001, 25.754720000000002], [94.55343, 25.76422], [94.55467, 25.775150000000004], [94.55341000000001, 25.77973], [94.54903, 25.781820000000003], [94.54041000000001, 25.781360000000003], [94.53642, 25.782470000000004], [94.53537000000001, 25.784360000000003], [94.53881000000001, 25.791760000000004], [94.53852, 25.79651], [94.54157000000001, 25.800310000000003], [94.54099000000001, 25.802680000000002], [94.54229000000001, 25.81133], [94.52949000000001, 25.82243], [94.52495, 25.82288], [94.51817000000001, 25.825020000000002], [94.52005000000001, 25.82797], [94.52243000000001, 25.8289], [94.52391, 25.830640000000002], [94.52644000000001, 25.836930000000002], [94.52644000000001, 25.839730000000003], [94.52822, 25.842540000000003], [94.52792000000001, 25.84428], [94.52659000000001, 25.844680000000004], [94.52673000000001, 25.846950000000003], [94.52911, 25.84963], [94.52867, 25.85217], [94.5306, 25.854440000000004], [94.53059, 25.860740000000003], [94.53267000000001, 25.865280000000002], [94.53742000000001, 25.86982], [94.54247000000001, 25.86982], [94.54366, 25.870630000000002], [94.54485000000001, 25.876240000000003], [94.54722000000001, 25.87891], [94.55138000000001, 25.881590000000003], [94.56149, 25.88078], [94.56208000000001, 25.885060000000003], [94.56386, 25.88773], [94.56989, 25.889670000000002], [94.57237, 25.88859], [94.57625, 25.883560000000003], [94.57992, 25.881600000000002], [94.58546000000001, 25.8804], [94.59206, 25.879060000000003]]]}}, {"id": "5", "type": "Feature", "properties": {"state_name": "Nagaland", "district_name": "Wokha", "block_name": "Changpang", "block_lgd": 1780, "district_lgd": 250}, "geometry": {"type": "Polygon", "coordinates": [[[94.29322, 26.474310000000003], [94.29337000000001, 26.47136], [94.2946, 26.46948], [94.29592000000001, 26.470200000000002], [94.29621, 26.468230000000002], [94.29759000000001, 26.468230000000002], [94.29929000000001, 26.466700000000003], [94.29886, 26.466220000000003], [94.30010000000001, 26.464990000000004], [94.29983000000001, 26.463820000000002], [94.30233000000001, 26.46345], [94.30340000000001, 26.464190000000002], [94.30593, 26.463030000000003], [94.30683, 26.46075], [94.30801000000001, 26.462470000000003], [94.31106000000001, 26.460330000000003], [94.31325000000001, 26.46027], [94.31567000000001, 26.458170000000003], [94.31552, 26.45661], [94.31032, 26.447470000000003], [94.30678, 26.444290000000002], [94.30515000000001, 26.43936], [94.29874000000001, 26.437680000000004], [94.29974000000001, 26.436210000000003], [94.29859, 26.435240000000004], [94.29874000000001, 26.430400000000002], [94.29355000000001, 26.422860000000004], [94.29319000000001, 26.419590000000003], [94.29056000000001, 26.418540000000004], [94.29033000000001, 26.41767], [94.28068, 26.41862], [94.27861000000001, 26.41756], [94.27861000000001, 26.414630000000002], [94.28158, 26.406910000000003], [94.27979, 26.403450000000003], [94.27534000000001, 26.400530000000003], [94.27088, 26.39121], [94.26108, 26.386160000000004], [94.25276000000001, 26.37498], [94.24949000000001, 26.375510000000002], [94.24682000000001, 26.37365], [94.24563, 26.369390000000003], [94.25008000000001, 26.36513], [94.25068, 26.362470000000002], [94.2489, 26.35901], [94.24533000000001, 26.35714], [94.24058000000001, 26.356080000000002], [94.23879000000001, 26.354750000000003], [94.2385, 26.346760000000003], [94.23523, 26.344900000000003], [94.22512, 26.343090000000004], [94.21978000000001, 26.340370000000004], [94.21176000000001, 26.3409], [94.17783000000001, 26.34608], [94.17275000000001, 26.350450000000002], [94.16906, 26.350890000000003], [94.16778000000001, 26.350240000000003], [94.16691, 26.347970000000004], [94.162, 26.3472], [94.16130000000001, 26.347730000000002], [94.16016, 26.354290000000002], [94.17113, 26.362750000000002], [94.17411000000001, 26.370720000000002], [94.17194, 26.372490000000003], [94.17223000000001, 26.37365], [94.17758, 26.38201], [94.17319, 26.403280000000002], [94.17438000000001, 26.40661], [94.17401000000001, 26.40951], [94.17191000000001, 26.415840000000003], [94.17284000000001, 26.419950000000004], [94.17572000000001, 26.42443], [94.17173000000001, 26.42978], [94.17408, 26.432260000000003], [94.17613000000001, 26.436420000000002], [94.18327000000001, 26.455280000000002], [94.18576, 26.45888], [94.19405, 26.461240000000004], [94.20266000000001, 26.469060000000002], [94.20252, 26.472900000000003], [94.20751000000001, 26.48647], [94.22127, 26.498130000000003], [94.23662, 26.506140000000002], [94.24872, 26.524970000000003], [94.24782, 26.52821], [94.25170000000001, 26.53264], [94.25332, 26.532790000000002], [94.25634000000001, 26.541220000000003], [94.27064000000001, 26.549280000000003], [94.27151, 26.551550000000002], [94.28377, 26.561380000000003], [94.28474000000001, 26.561090000000004], [94.28495000000001, 26.560150000000004], [94.28387000000001, 26.55891], [94.28248, 26.55432], [94.28132000000001, 26.548170000000002], [94.28262000000001, 26.545530000000003], [94.28614, 26.542510000000004], [94.28345, 26.541970000000003], [94.28203, 26.54069], [94.28096000000001, 26.53506], [94.28213000000001, 26.533030000000004], [94.28142000000001, 26.531250000000004], [94.28291, 26.529400000000003], [94.28264, 26.52559], [94.28176, 26.524500000000003], [94.28426, 26.521710000000002], [94.28472000000001, 26.519510000000004], [94.28593000000001, 26.51837], [94.28656000000001, 26.51444], [94.28582, 26.512340000000002], [94.28338000000001, 26.51075], [94.28325000000001, 26.50496], [94.28483000000001, 26.503100000000003], [94.28593000000001, 26.497650000000004], [94.2883, 26.49539], [94.28801000000001, 26.492680000000004], [94.289, 26.491170000000004], [94.28893000000001, 26.489670000000004], [94.29012, 26.48843], [94.28936, 26.486500000000003], [94.29044, 26.48328], [94.28984000000001, 26.479630000000004], [94.29224, 26.477680000000003], [94.29161, 26.47519], [94.29322, 26.474310000000003]]]}}, {"id": "6", "type": "Feature", "properties": {"state_name": "Nagaland", "district_name": "Dimapur", "block_name": "Chumukedima", "block_lgd": 1797, "district_lgd": 244}, "geometry": {"type": "Polygon", "coordinates": [[[93.77715, 25.966440000000002], [93.77449000000001, 25.96563], [93.77539, 25.964470000000002], [93.77513, 25.961270000000003], [93.77864000000001, 25.96017], [93.77690000000001, 25.95812], [93.78032, 25.956480000000003], [93.78335000000001, 25.950350000000004], [93.78589000000001, 25.94967], [93.78734000000001, 25.94658], [93.78677, 25.94481], [93.78463, 25.94423], [93.78728000000001, 25.943800000000003], [93.78656000000001, 25.941530000000004], [93.78763000000001, 25.940120000000004], [93.78674000000001, 25.93821], [93.78776, 25.9354], [93.78989000000001, 25.93392], [93.78930000000001, 25.93277], [93.78648000000001, 25.932190000000002], [93.78793, 25.931340000000002], [93.78732000000001, 25.930190000000003], [93.78998000000001, 25.929750000000002], [93.79020000000001, 25.928700000000003], [93.78909, 25.92801], [93.79099000000001, 25.926230000000004], [93.78917000000001, 25.92236], [93.79052, 25.920060000000003], [93.78874, 25.9171], [93.79186000000001, 25.915560000000003], [93.79140000000001, 25.914360000000002], [93.79216000000001, 25.912910000000004], [93.79426000000001, 25.912770000000002], [93.7934, 25.910230000000002], [93.79426000000001, 25.907560000000004], [93.79364000000001, 25.90677], [93.79197, 25.90671], [93.79293000000001, 25.9063], [93.79542000000001, 25.907110000000003], [93.79511000000001, 25.90472], [93.79611000000001, 25.90339], [93.79562000000001, 25.899970000000003], [93.79404000000001, 25.89938], [93.79352, 25.895560000000003], [93.79519, 25.89354], [93.79513000000001, 25.891980000000004], [93.79213000000001, 25.891420000000004], [93.79203000000001, 25.88914], [93.78920000000001, 25.889670000000002], [93.78657000000001, 25.88586], [93.78416000000001, 25.88434], [93.78492000000001, 25.88286], [93.78476, 25.87995], [93.78735, 25.876880000000003], [93.78517000000001, 25.870050000000003], [93.78895000000001, 25.87011], [93.78984000000001, 25.867810000000002], [93.78758, 25.865140000000004], [93.78497, 25.86426], [93.78443000000001, 25.858420000000002], [93.78141000000001, 25.85649], [93.77853, 25.85687], [93.78045, 25.855870000000003], [93.78113, 25.854010000000002], [93.77968000000001, 25.851820000000004], [93.77774000000001, 25.850620000000003], [93.77761000000001, 25.84851], [93.78059, 25.846230000000002], [93.78111000000001, 25.844590000000004], [93.77782, 25.84241], [93.77816000000001, 25.840120000000002], [93.78036, 25.840860000000003], [93.78145, 25.8395], [93.78033, 25.835430000000002], [93.78479, 25.829030000000003], [93.78424000000001, 25.82617], [93.78709, 25.822160000000004], [93.78755000000001, 25.81568], [93.78943000000001, 25.812030000000004], [93.79135000000001, 25.810360000000003], [93.79547000000001, 25.808930000000004], [93.80384000000001, 25.811420000000002], [93.80630000000001, 25.81689], [93.81639000000001, 25.82261], [93.81742000000001, 25.824790000000004], [93.8233, 25.819070000000004], [93.82954000000001, 25.810250000000003], [93.82271, 25.808370000000004], [93.80845000000001, 25.806500000000003], [93.8028, 25.804900000000004], [93.79834000000001, 25.802490000000002], [93.79567, 25.797670000000004], [93.7823, 25.7843], [93.76329000000001, 25.755670000000002], [93.75794, 25.75353], [93.75111000000001, 25.752730000000003], [93.74427000000001, 25.750590000000003], [93.73833, 25.750590000000003], [93.73476000000001, 25.749250000000004], [93.71634, 25.768780000000003], [93.70743, 25.77494], [93.70624000000001, 25.781090000000003], [93.70060000000001, 25.781090000000003], [93.69674, 25.78564], [93.69614000000001, 25.788580000000003], [93.69733000000001, 25.79259], [93.69614000000001, 25.79821], [93.69228000000001, 25.80329], [93.68901000000001, 25.80169], [93.68515000000001, 25.80356], [93.68337000000001, 25.806770000000004], [93.68515000000001, 25.81265], [93.68396000000001, 25.816660000000002], [93.67763000000001, 25.827790000000004], [93.67892, 25.829040000000003], [93.67915, 25.83199], [93.68068000000001, 25.833430000000003], [93.67951000000001, 25.834930000000004], [93.67996000000001, 25.837760000000003], [93.68543000000001, 25.840300000000003], [93.69022000000001, 25.840690000000002], [93.68951000000001, 25.842180000000003], [93.68579000000001, 25.843410000000002], [93.68581, 25.84477], [93.68691000000001, 25.84549], [93.68927000000001, 25.845930000000003], [93.69143000000001, 25.843850000000003], [93.69539, 25.848250000000004], [93.69952, 25.84673], [93.70061000000001, 25.849600000000002], [93.70168000000001, 25.84842], [93.69965, 25.84551], [93.70088000000001, 25.84327], [93.70215, 25.84334], [93.70328, 25.845100000000002], [93.70781000000001, 25.847810000000003], [93.71183, 25.844140000000003], [93.71432, 25.844510000000003], [93.71455, 25.850440000000003], [93.71208000000001, 25.85694], [93.71170000000001, 25.860540000000004], [93.71284000000001, 25.86379], [93.71303, 25.867890000000003], [93.71398, 25.869780000000002], [93.71664000000001, 25.87029], [93.71873000000001, 25.869780000000002], [93.72045000000001, 25.8667], [93.72311, 25.864300000000004], [93.72634000000001, 25.86379], [93.73033000000001, 25.865160000000003], [93.73242, 25.86738], [93.73261000000001, 25.872000000000003], [93.73623, 25.876450000000002], [93.73509000000001, 25.88398], [93.73566000000001, 25.88774], [93.73490000000001, 25.892190000000003], [93.73927, 25.894750000000002], [93.73908, 25.899710000000002], [93.74497000000001, 25.904840000000004], [93.74611, 25.912540000000003], [93.74592000000001, 25.92075], [93.75163, 25.92622], [93.75885000000001, 25.930670000000003], [93.76570000000001, 25.936480000000003], [93.76836, 25.942470000000004], [93.76912, 25.9464], [93.76710000000001, 25.950390000000002], [93.76827, 25.95155], [93.76823, 25.953590000000002], [93.76355000000001, 25.959370000000003], [93.76442, 25.96008], [93.76928000000001, 25.958700000000004], [93.77002, 25.96131], [93.76814, 25.96742], [93.76455000000001, 25.968880000000002], [93.76727000000001, 25.96995], [93.77142, 25.96799], [93.77358000000001, 25.970480000000002], [93.77543000000001, 25.969810000000003], [93.77744000000001, 25.96751], [93.77715, 25.966440000000002]]]}}, {"id": "7", "type": "Feature", "properties": {"state_name": "Nagaland", "district_name": "Longleng", "block_name": "Longleng", "block_lgd": 1833, "district_lgd": 615}, "geometry": {"type": "Polygon", "coordinates": [[[94.72905, 26.56143], [94.72811, 26.55836], [94.72905, 26.55618], [94.72986, 26.55545], [94.73145000000001, 26.5561], [94.73341, 26.555190000000003], [94.733, 26.553220000000003], [94.73569, 26.551250000000003], [94.73675, 26.552380000000003], [94.74022000000001, 26.550890000000003], [94.74009000000001, 26.54848], [94.74091000000001, 26.54801], [94.74331000000001, 26.547060000000002], [94.74433, 26.54979], [94.74511000000001, 26.55009], [94.74780000000001, 26.54943], [94.74845, 26.54699], [94.75155000000001, 26.546370000000003], [94.75567000000001, 26.548520000000003], [94.75770000000001, 26.54549], [94.75766, 26.543380000000003], [94.75938000000001, 26.543190000000003], [94.76121, 26.540680000000002], [94.76358, 26.541190000000004], [94.76504000000001, 26.54013], [94.76696000000001, 26.54031], [94.76684, 26.537580000000002], [94.77161000000001, 26.536810000000003], [94.77250000000001, 26.53853], [94.77572, 26.539730000000002], [94.77715, 26.538890000000002], [94.77735000000001, 26.536700000000003], [94.78057000000001, 26.536630000000002], [94.78265, 26.53743], [94.78249000000001, 26.539980000000003], [94.7853, 26.5421], [94.78714000000001, 26.541300000000003], [94.79060000000001, 26.542170000000002], [94.79187, 26.543740000000003], [94.79525000000001, 26.54472], [94.79615000000001, 26.544760000000004], [94.79725, 26.543380000000003], [94.80079, 26.544110000000003], [94.80063000000001, 26.545600000000004], [94.80308000000001, 26.54688], [94.80548, 26.546840000000003], [94.80626000000001, 26.545270000000002], [94.81013, 26.54502], [94.81147000000001, 26.54651], [94.81359, 26.545090000000002], [94.81514000000001, 26.545160000000003], [94.81543, 26.54297], [94.81649, 26.542830000000002], [94.81999, 26.54436], [94.81995, 26.54567], [94.82175000000001, 26.54699], [94.82505, 26.54801], [94.82574000000001, 26.547100000000004], [94.82896000000001, 26.546290000000003], [94.83120000000001, 26.547200000000004], [94.83365, 26.545930000000002], [94.83300000000001, 26.54294], [94.83385000000001, 26.54006], [94.84054, 26.539550000000002], [94.84103, 26.538420000000002], [94.84486000000001, 26.538780000000003], [94.84564, 26.539220000000004], [94.84543000000001, 26.54097], [94.84759000000001, 26.542060000000003], [94.84987000000001, 26.54155], [94.84959, 26.54079], [94.85040000000001, 26.540020000000002], [94.85375, 26.5406], [94.85505, 26.54173], [94.8588, 26.541660000000004], [94.85888000000001, 26.539730000000002], [94.86157000000001, 26.539150000000003], [94.86386, 26.539690000000004], [94.86402000000001, 26.54108], [94.86802, 26.541770000000003], [94.86842000000001, 26.540350000000004], [94.8725, 26.540930000000003], [94.87299, 26.54287], [94.87674000000001, 26.543560000000003], [94.87727000000001, 26.542540000000002], [94.87935, 26.54221], [94.88196, 26.543590000000002], [94.88171000000001, 26.545270000000002], [94.88318000000001, 26.545930000000002], [94.88506000000001, 26.54622], [94.88603, 26.544580000000003], [94.89058000000001, 26.545610000000003], [94.89131, 26.544300000000003], [94.89025000000001, 26.537760000000002], [94.89110000000001, 26.53385], [94.89363, 26.533130000000003], [94.89401000000001, 26.532210000000003], [94.89399, 26.52549], [94.89170000000001, 26.521860000000004], [94.89263000000001, 26.517070000000004], [94.89080000000001, 26.514170000000004], [94.89264000000001, 26.51159], [94.89131, 26.509380000000004], [94.89323, 26.50737], [94.89762, 26.50543], [94.89724000000001, 26.50299], [94.89408, 26.49874], [94.89285000000001, 26.499190000000002], [94.89274, 26.50363], [94.89185, 26.50391], [94.89062000000001, 26.502360000000003], [94.89145, 26.500040000000002], [94.89044000000001, 26.497770000000003], [94.893, 26.49517], [94.89171, 26.493250000000003], [94.85201, 26.48168], [94.8418, 26.476160000000004], [94.79754000000001, 26.418830000000003], [94.79398, 26.424210000000002], [94.78816, 26.426980000000004], [94.78471, 26.426470000000002], [94.78342, 26.427930000000003], [94.78227000000001, 26.426360000000003], [94.78179, 26.422700000000003], [94.77467000000001, 26.418910000000004], [94.76698, 26.416220000000003], [94.75543, 26.415070000000004], [94.74759, 26.425250000000002], [94.74468, 26.4263], [94.74112000000001, 26.425610000000002], [94.73892000000001, 26.427210000000002], [94.73755000000001, 26.42901], [94.73734, 26.430970000000002], [94.73477000000001, 26.434020000000004], [94.7321, 26.435010000000002], [94.72120000000001, 26.43605], [94.71650000000001, 26.437050000000003], [94.71342000000001, 26.43588], [94.7081, 26.433020000000003], [94.70348000000001, 26.42828], [94.70326000000001, 26.430570000000003], [94.70118000000001, 26.43063], [94.70097000000001, 26.43136], [94.70569, 26.434540000000002], [94.70728000000001, 26.437870000000004], [94.71014000000001, 26.43682], [94.71170000000001, 26.437640000000002], [94.70817000000001, 26.442280000000004], [94.71064000000001, 26.44562], [94.70778000000001, 26.447210000000002], [94.70483, 26.447470000000003], [94.70368, 26.45172], [94.7073, 26.45175], [94.70791000000001, 26.453960000000002], [94.70535000000001, 26.458450000000003], [94.70162, 26.459410000000002], [94.70184, 26.462650000000004], [94.69890000000001, 26.46376], [94.69915, 26.46732], [94.69605000000001, 26.47078], [94.69049000000001, 26.473930000000003], [94.69044000000001, 26.477130000000002], [94.68838000000001, 26.479100000000003], [94.68838000000001, 26.480230000000002], [94.69095, 26.48411], [94.69369, 26.48646], [94.69430000000001, 26.49735], [94.69383, 26.500020000000003], [94.69026000000001, 26.50776], [94.6897, 26.511650000000003], [94.68494000000001, 26.51631], [94.68658, 26.51891], [94.68634, 26.524510000000003], [94.69438000000001, 26.53057], [94.69510000000001, 26.534720000000004], [94.6967, 26.536800000000003], [94.69854000000001, 26.537860000000002], [94.70142000000001, 26.53721], [94.70321000000001, 26.53837], [94.70411000000001, 26.540910000000004], [94.71374, 26.552590000000002], [94.71366, 26.55638], [94.71733, 26.55892], [94.7193, 26.562410000000003], [94.72386, 26.563760000000002], [94.72685000000001, 26.5619], [94.72905, 26.56143]]]}}, {"id": "8", "type": "Feature", "properties": {"state_name": "Nagaland", "district_name": "Longleng", "block_name": "Sakshi", "block_lgd": 1834, "district_lgd": 615}, "geometry": {"type": "Polygon", "coordinates": [[[94.89367000000001, 26.491290000000003], [94.893, 26.488740000000004], [94.89115000000001, 26.48646], [94.89268000000001, 26.487180000000002], [94.89598000000001, 26.48616], [94.89658000000001, 26.48195], [94.89283, 26.48026], [94.89176, 26.477760000000004], [94.88975, 26.47707], [94.88922000000001, 26.476000000000003], [94.89071000000001, 26.47558], [94.89341, 26.476550000000003], [94.89408, 26.473580000000002], [94.89684000000001, 26.472900000000003], [94.89662000000001, 26.46946], [94.89961000000001, 26.4676], [94.90263, 26.46432], [94.90221000000001, 26.461080000000003], [94.9034, 26.457230000000003], [94.90581, 26.454590000000003], [94.90502000000001, 26.453860000000002], [94.90213000000001, 26.45427], [94.90223, 26.449820000000003], [94.89851, 26.44658], [94.89879, 26.445970000000003], [94.90163000000001, 26.445800000000002], [94.90262000000001, 26.44461], [94.90187, 26.44215], [94.8979, 26.440260000000002], [94.89857, 26.43861], [94.90147, 26.437790000000003], [94.90135000000001, 26.4369], [94.90125, 26.436020000000003], [94.8982, 26.433750000000003], [94.90065000000001, 26.43082], [94.90051000000001, 26.429920000000003], [94.89527000000001, 26.429260000000003], [94.89311000000001, 26.426650000000002], [94.89261, 26.42394], [94.89313000000001, 26.423330000000004], [94.89659, 26.423910000000003], [94.89672, 26.421650000000003], [94.89565, 26.418630000000004], [94.90138, 26.417650000000002], [94.90150000000001, 26.413320000000002], [94.90440000000001, 26.41262], [94.90584000000001, 26.411040000000003], [94.90626, 26.410280000000004], [94.90403, 26.40632], [94.90473, 26.402890000000003], [94.90912, 26.40236], [94.91443000000001, 26.40032], [94.90992000000001, 26.39354], [94.91503, 26.387570000000004], [94.91602, 26.384570000000004], [94.91313000000001, 26.38209], [94.90773, 26.380720000000004], [94.90799000000001, 26.379430000000003], [94.91015, 26.378480000000003], [94.9106, 26.37703], [94.90421, 26.372770000000003], [94.89756000000001, 26.374270000000003], [94.89191000000001, 26.373920000000002], [94.89024, 26.374540000000003], [94.88855000000001, 26.377100000000002], [94.88404000000001, 26.38098], [94.88238000000001, 26.38125], [94.88125000000001, 26.379530000000003], [94.87333000000001, 26.37974], [94.87128000000001, 26.37835], [94.86604000000001, 26.37956], [94.85400000000001, 26.37328], [94.84772000000001, 26.371920000000003], [94.84668, 26.372680000000003], [94.84731000000001, 26.37433], [94.843, 26.380390000000002], [94.83182000000001, 26.385710000000003], [94.82594, 26.390980000000003], [94.82286, 26.392090000000003], [94.81911000000001, 26.395210000000002], [94.81802, 26.39948], [94.81537, 26.400160000000003], [94.8131, 26.400900000000004], [94.81313, 26.40529], [94.80885, 26.411070000000002], [94.79967, 26.416300000000003], [94.79754000000001, 26.418830000000003], [94.8418, 26.476160000000004], [94.85201, 26.48168], [94.89171, 26.493250000000003], [94.89168000000001, 26.49247], [94.89367000000001, 26.491290000000003]]]}}, {"id": "9", "type": "Feature", "properties": {"state_name": "Nagaland", "district_name": "Peren", "block_name": "Pedi (Ngwalwa)", "block_lgd": 1851, "district_lgd": 613}, "geometry": {"type": "Polygon", "coordinates": [[[93.87527000000001, 25.66935], [93.88062000000001, 25.669030000000003], [93.8849, 25.6671], [93.89024, 25.662930000000003], [93.88846000000001, 25.659070000000003], [93.88882000000001, 25.65425], [93.89207, 25.64974], [93.89737000000001, 25.648470000000003], [93.90272, 25.6385], [93.90415, 25.632070000000002], [93.90415, 25.623720000000002], [93.90272, 25.60957], [93.90843000000001, 25.59671], [93.91199, 25.592530000000004], [93.91841000000001, 25.591240000000003], [93.93481000000001, 25.5816], [93.93481000000001, 25.576130000000003], [93.93374000000001, 25.57131], [93.94087, 25.56584], [93.93968000000001, 25.5592], [93.92631, 25.561190000000003], [93.91553, 25.55985], [93.91331000000001, 25.562540000000002], [93.90107, 25.563280000000002], [93.89645, 25.564580000000003], [93.88819000000001, 25.564300000000003], [93.87461, 25.55788], [93.8585, 25.55346], [93.84859, 25.5546], [93.84049, 25.557660000000002], [93.8328, 25.559050000000003], [93.82978000000001, 25.557360000000003], [93.82548000000001, 25.56305], [93.81003000000001, 25.59157], [93.8144, 25.599390000000003], [93.81262000000001, 25.602610000000002], [93.81054, 25.610640000000004], [93.80549, 25.62029], [93.79747, 25.6294], [93.79152, 25.632880000000004], [93.79004, 25.639310000000002], [93.78558000000001, 25.643320000000003], [93.78588, 25.646810000000002], [93.78083000000001, 25.654570000000003], [93.77756000000001, 25.65698], [93.7737, 25.66261], [93.76796, 25.66646], [93.77438000000001, 25.66935], [93.79197, 25.67321], [93.83427, 25.674170000000004], [93.84176000000001, 25.673530000000003], [93.86244, 25.67385], [93.86778000000001, 25.6716], [93.87527000000001, 25.66935]]]}}, {"id": "10", "type": "Feature", "properties": {"state_name": "Nagaland", "district_name": "Mokokchung", "block_name": "Ongpangkong", "block_lgd": 1766, "district_lgd": 246}, "geometry": {"type": "Polygon", "coordinates": [[[94.45005, 26.407490000000003], [94.45268, 26.408880000000003], [94.46089, 26.408640000000002], [94.46467000000001, 26.409270000000003], [94.46738, 26.407610000000002], [94.47037, 26.407610000000002], [94.47123, 26.404740000000004], [94.46831, 26.40557], [94.46621, 26.405260000000002], [94.46531, 26.404230000000002], [94.4655, 26.402120000000004], [94.46871, 26.402130000000003], [94.46792, 26.403350000000003], [94.46869000000001, 26.40323], [94.47078, 26.401270000000004], [94.47125000000001, 26.39974], [94.47358000000001, 26.399230000000003], [94.47525, 26.397820000000003], [94.47667000000001, 26.398200000000003], [94.47881000000001, 26.396250000000002], [94.47753, 26.392370000000003], [94.47834, 26.39122], [94.48157, 26.389940000000003], [94.48228, 26.388790000000004], [94.4821, 26.38631], [94.48546, 26.3883], [94.4855, 26.386010000000002], [94.48662, 26.385630000000003], [94.48688000000001, 26.383270000000003], [94.48974000000001, 26.3837], [94.48912000000001, 26.38604], [94.48997000000001, 26.386640000000003], [94.4924, 26.3854], [94.49206000000001, 26.38268], [94.49344, 26.381660000000004], [94.49473, 26.382], [94.49515000000001, 26.38315], [94.49406, 26.38481], [94.49501000000001, 26.38643], [94.49601000000001, 26.386090000000003], [94.49744000000001, 26.38259], [94.49910000000001, 26.38247], [94.50124000000001, 26.38417], [94.50328, 26.38425], [94.50276000000001, 26.38144], [94.50542, 26.37902], [94.50442000000001, 26.376800000000003], [94.50485, 26.374670000000002], [94.50737000000001, 26.3728], [94.50965000000001, 26.37348], [94.51212000000001, 26.37242], [94.51084, 26.370120000000004], [94.51094, 26.367990000000002], [94.5126, 26.367820000000002], [94.51393, 26.36935], [94.51659000000001, 26.36897], [94.51655000000001, 26.367350000000002], [94.51726000000001, 26.36679], [94.52092, 26.36726], [94.52158000000001, 26.36914], [94.52425000000001, 26.368070000000003], [94.52425000000001, 26.36645], [94.52539, 26.365520000000004], [94.52781, 26.366300000000003], [94.52814000000001, 26.367990000000002], [94.53085, 26.36999], [94.53451000000001, 26.369390000000003], [94.55957000000001, 26.3777], [94.56241000000001, 26.379250000000003], [94.61595000000001, 26.387150000000002], [94.62914, 26.388430000000003], [94.64079000000001, 26.387900000000002], [94.64364, 26.387050000000002], [94.65196, 26.38332], [94.65255, 26.380020000000002], [94.65493000000001, 26.38023], [94.66026000000001, 26.37724], [94.6581, 26.376510000000003], [94.65745000000001, 26.375300000000003], [94.6594, 26.37169], [94.66279, 26.373050000000003], [94.66364, 26.372650000000004], [94.66262, 26.366680000000002], [94.66134000000001, 26.36548], [94.65939, 26.36654], [94.65711, 26.362650000000002], [94.65341000000001, 26.36191], [94.65325000000001, 26.358610000000002], [94.65530000000001, 26.357670000000002], [94.65127000000001, 26.351920000000003], [94.65190000000001, 26.351060000000004], [94.65572, 26.350250000000003], [94.65751, 26.34757], [94.65687000000001, 26.34702], [94.65362, 26.348440000000004], [94.65110000000001, 26.348070000000003], [94.65068000000001, 26.347060000000003], [94.65247000000001, 26.345670000000002], [94.65071, 26.343030000000002], [94.65283000000001, 26.3425], [94.65280000000001, 26.34137], [94.65098, 26.340480000000003], [94.65052000000001, 26.33856], [94.64725000000001, 26.33912], [94.64556, 26.337830000000004], [94.64381, 26.337740000000004], [94.64217000000001, 26.335900000000002], [94.63837000000001, 26.336560000000002], [94.63765000000001, 26.334030000000002], [94.63849, 26.330720000000003], [94.63763, 26.329860000000004], [94.63598, 26.33029], [94.63529000000001, 26.332010000000004], [94.63371000000001, 26.332220000000003], [94.63348, 26.33398], [94.63155, 26.332780000000003], [94.62885000000001, 26.334210000000002], [94.62620000000001, 26.330440000000003], [94.62426, 26.329110000000004], [94.62320000000001, 26.326110000000003], [94.62102, 26.32759], [94.61902, 26.325840000000003], [94.6145, 26.32646], [94.6139, 26.322290000000002], [94.6131, 26.321980000000003], [94.61063000000001, 26.323190000000004], [94.60934, 26.320970000000003], [94.60220000000001, 26.317610000000002], [94.59954, 26.315310000000004], [94.59865, 26.313260000000003], [94.59647000000001, 26.312310000000004], [94.59648000000001, 26.311590000000002], [94.59908, 26.311300000000003], [94.59938000000001, 26.31002], [94.59826000000001, 26.307900000000004], [94.59554000000001, 26.306140000000003], [94.59804000000001, 26.304640000000003], [94.59630000000001, 26.299940000000003], [94.59498, 26.30009], [94.59463000000001, 26.30244], [94.59087000000001, 26.301940000000002], [94.59242, 26.29566], [94.59049, 26.29885], [94.58782000000001, 26.301250000000003], [94.58671000000001, 26.301420000000004], [94.58542000000001, 26.299830000000004], [94.58238000000001, 26.300780000000003], [94.58329, 26.295790000000004], [94.58246000000001, 26.295450000000002], [94.58103000000001, 26.29652], [94.57919000000001, 26.294600000000003], [94.58216, 26.292250000000003], [94.58126000000001, 26.289540000000002], [94.57564, 26.28742], [94.57297000000001, 26.289600000000004], [94.57351000000001, 26.291980000000002], [94.57243000000001, 26.292160000000003], [94.56886, 26.290450000000003], [94.56756000000001, 26.288490000000003], [94.56436000000001, 26.287770000000002], [94.56331, 26.286530000000003], [94.56352000000001, 26.28449], [94.55939000000001, 26.282650000000004], [94.56063, 26.280640000000002], [94.55934, 26.27943], [94.56136000000001, 26.278840000000002], [94.56093000000001, 26.27786], [94.56225, 26.276650000000004], [94.56219, 26.274070000000002], [94.56362000000001, 26.272830000000003], [94.56111000000001, 26.27117], [94.56537, 26.268310000000003], [94.56338000000001, 26.26696], [94.56343000000001, 26.26479], [94.56092000000001, 26.260540000000002], [94.55966000000001, 26.256290000000003], [94.56107, 26.25549], [94.56274, 26.256600000000002], [94.56490000000001, 26.25456], [94.56612000000001, 26.254720000000002], [94.57046000000001, 26.248880000000003], [94.57154000000001, 26.24633], [94.57099000000001, 26.24454], [94.57289, 26.242350000000002], [94.57735000000001, 26.240050000000004], [94.58026000000001, 26.24104], [94.58069, 26.23936], [94.58308000000001, 26.238490000000002], [94.58492000000001, 26.23448], [94.58437, 26.233030000000003], [94.58617000000001, 26.228180000000002], [94.58705, 26.227130000000002], [94.58681000000001, 26.223910000000004], [94.58571, 26.22162], [94.58364, 26.220820000000003], [94.58340000000001, 26.219060000000002], [94.57984, 26.215320000000002], [94.57700000000001, 26.213630000000002], [94.57203000000001, 26.207150000000002], [94.56666000000001, 26.20522], [94.5631, 26.205230000000004], [94.55706, 26.20372], [94.55353000000001, 26.201900000000002], [94.55035000000001, 26.204230000000003], [94.54557000000001, 26.204150000000002], [94.54375, 26.206270000000004], [94.53748, 26.207520000000002], [94.53393000000001, 26.211370000000002], [94.53207, 26.214190000000002], [94.53228000000001, 26.216260000000002], [94.53115000000001, 26.217000000000002], [94.52981000000001, 26.21498], [94.52612, 26.212180000000004], [94.51929000000001, 26.212480000000003], [94.5169, 26.211850000000002], [94.51049, 26.212500000000002], [94.50854000000001, 26.213610000000003], [94.50238, 26.215230000000002], [94.50065000000001, 26.213790000000003], [94.4996, 26.213990000000003], [94.49913000000001, 26.216440000000002], [94.49792000000001, 26.21646], [94.49661, 26.21796], [94.49625, 26.219260000000002], [94.49827, 26.2192], [94.49741, 26.22464], [94.50080000000001, 26.225340000000003], [94.50166, 26.226920000000003], [94.50130000000001, 26.227800000000002], [94.49888000000001, 26.227300000000003], [94.49783000000001, 26.229300000000002], [94.50049000000001, 26.229490000000002], [94.50201000000001, 26.232280000000003], [94.50455000000001, 26.231420000000004], [94.50555000000001, 26.231930000000002], [94.50581000000001, 26.234840000000002], [94.5074, 26.23438], [94.50852, 26.23494], [94.50868000000001, 26.232630000000004], [94.51161, 26.235640000000004], [94.51350000000001, 26.23599], [94.51230000000001, 26.23919], [94.51383000000001, 26.238300000000002], [94.5156, 26.239020000000004], [94.51584000000001, 26.239870000000003], [94.5139, 26.241490000000002], [94.5109, 26.240250000000003], [94.50985000000001, 26.24284], [94.50798, 26.242990000000002], [94.50593, 26.244850000000003], [94.50562000000001, 26.24696], [94.50659, 26.248690000000003], [94.50592, 26.2527], [94.50072, 26.252820000000003], [94.49826, 26.25487], [94.49817, 26.255820000000003], [94.49939, 26.25655], [94.4992, 26.258440000000004], [94.49761000000001, 26.260160000000003], [94.49885, 26.26819], [94.49715, 26.26828], [94.49576, 26.274340000000002], [94.49082000000001, 26.275520000000004], [94.48563000000001, 26.28083], [94.48537, 26.286170000000002], [94.48405000000001, 26.287160000000004], [94.48328000000001, 26.29277], [94.47887000000001, 26.293560000000003], [94.47505000000001, 26.28093], [94.47025000000001, 26.275530000000003], [94.46734000000001, 26.273930000000004], [94.46381000000001, 26.26666], [94.46404000000001, 26.263710000000003], [94.46194000000001, 26.2604], [94.46171000000001, 26.25758], [94.45972, 26.254550000000002], [94.4598, 26.251400000000004], [94.45882, 26.248710000000003], [94.45804000000001, 26.247490000000003], [94.45544000000001, 26.246480000000002], [94.45463000000001, 26.24471], [94.45482000000001, 26.242890000000003], [94.45623, 26.241220000000002], [94.45609, 26.239150000000002], [94.4591, 26.236150000000002], [94.45543, 26.234520000000003], [94.45420000000001, 26.23319], [94.45491000000001, 26.23083], [94.45190000000001, 26.226020000000002], [94.44876000000001, 26.225410000000004], [94.44714, 26.221510000000002], [94.4441, 26.21824], [94.44491000000001, 26.215770000000003], [94.44352, 26.213130000000003], [94.44483000000001, 26.211900000000004], [94.44407000000001, 26.209780000000002], [94.44588, 26.209690000000002], [94.44572000000001, 26.206220000000002], [94.44498, 26.206110000000002], [94.44391, 26.20698], [94.44286000000001, 26.20569], [94.44097000000001, 26.2052], [94.43676, 26.207], [94.43114000000001, 26.206210000000002], [94.42687000000001, 26.20811], [94.42476, 26.21102], [94.42214000000001, 26.21092], [94.41701, 26.212660000000003], [94.40934000000001, 26.210300000000004], [94.40546, 26.2117], [94.39904000000001, 26.20672], [94.39769000000001, 26.2039], [94.39561, 26.20194], [94.39138000000001, 26.202420000000004], [94.38737, 26.20023], [94.38498000000001, 26.19685], [94.37726, 26.1964], [94.37473000000001, 26.19396], [94.37123000000001, 26.19311], [94.37193, 26.195610000000002], [94.37786000000001, 26.20306], [94.37803000000001, 26.204510000000003], [94.38002, 26.207130000000003], [94.38082000000001, 26.212210000000002], [94.38352, 26.218100000000003], [94.38479000000001, 26.223540000000003], [94.38367000000001, 26.22884], [94.3819, 26.229380000000003], [94.37761, 26.228320000000004], [94.36979000000001, 26.231600000000004], [94.36457000000001, 26.23551], [94.36396, 26.237440000000003], [94.35819000000001, 26.238310000000002], [94.35599, 26.242040000000003], [94.35333000000001, 26.240890000000004], [94.34693000000001, 26.242710000000002], [94.34579000000001, 26.241560000000003], [94.34368, 26.241500000000002], [94.34273, 26.23917], [94.34131000000001, 26.238690000000002], [94.34087000000001, 26.23964], [94.33500000000001, 26.2406], [94.33818000000001, 26.242600000000003], [94.34327, 26.244300000000003], [94.34531000000001, 26.24811], [94.34729, 26.24914], [94.34936, 26.25393], [94.35116000000001, 26.254250000000003], [94.35274000000001, 26.256890000000002], [94.35473, 26.25823], [94.35412000000001, 26.26049], [94.35626, 26.263810000000003], [94.35596000000001, 26.26555], [94.35935, 26.26892], [94.35903, 26.27578], [94.35638, 26.280070000000002], [94.35613000000001, 26.28234], [94.35696, 26.285010000000003], [94.35535, 26.28815], [94.35573000000001, 26.29071], [94.35491, 26.29332], [94.3559, 26.29663], [94.35549, 26.29943], [94.3571, 26.303440000000002], [94.35432, 26.30506], [94.35341000000001, 26.30645], [94.35390000000001, 26.308550000000004], [94.35188000000001, 26.30992], [94.35384, 26.31098], [94.35496, 26.313280000000002], [94.35351000000001, 26.314510000000002], [94.35326, 26.31651], [94.35437, 26.317760000000003], [94.35436000000001, 26.319920000000003], [94.35649000000001, 26.323030000000003], [94.35639, 26.324790000000004], [94.35783, 26.324610000000003], [94.35814, 26.327550000000002], [94.36087, 26.330060000000003], [94.36104, 26.331370000000003], [94.36258000000001, 26.33123], [94.36284, 26.332910000000002], [94.36596, 26.336830000000003], [94.36498, 26.337030000000002], [94.36949000000001, 26.34108], [94.3712, 26.344150000000003], [94.37082000000001, 26.34654], [94.37187, 26.34711], [94.37324000000001, 26.34532], [94.37432000000001, 26.345270000000003], [94.37802, 26.348010000000002], [94.37773000000001, 26.34935], [94.37531000000001, 26.350310000000004], [94.37517000000001, 26.351070000000004], [94.37787, 26.35478], [94.37894000000001, 26.355230000000002], [94.38094000000001, 26.354400000000002], [94.38287000000001, 26.352100000000004], [94.38394000000001, 26.352100000000004], [94.38510000000001, 26.35376], [94.38470000000001, 26.35489], [94.39005, 26.358390000000004], [94.38762000000001, 26.359250000000003], [94.38732, 26.359990000000003], [94.38863, 26.36185], [94.38999000000001, 26.36063], [94.39344000000001, 26.361960000000003], [94.39908000000001, 26.361960000000003], [94.40211000000001, 26.36313], [94.40324000000001, 26.364410000000003], [94.40271000000001, 26.36569], [94.40396000000001, 26.36973], [94.40561000000001, 26.370050000000003], [94.40912, 26.37319], [94.41510000000001, 26.38304], [94.42729000000001, 26.397920000000003], [94.42928, 26.398690000000002], [94.43057, 26.400350000000003], [94.43114000000001, 26.403800000000004], [94.43221000000001, 26.404560000000004], [94.43428, 26.40444], [94.43699000000001, 26.406840000000003], [94.43613, 26.408330000000003], [94.43813, 26.410890000000002], [94.44467, 26.412160000000004], [94.44684000000001, 26.4111], [94.44642, 26.40979], [94.44856000000001, 26.40819], [94.45005, 26.407490000000003]]]}}, {"id": "11", "type": "Feature", "properties": {"state_name": "Nagaland", "district_name": "Dimapur", "block_name": "Medziphema", "block_lgd": 1799, "district_lgd": 244}, "geometry": {"type": "Polygon", "coordinates": [[[93.99912, 25.797960000000003], [94.00491000000001, 25.797960000000003], [94.00822000000001, 25.7954], [94.00852, 25.792340000000003], [93.99604000000001, 25.791700000000002], [93.99141, 25.785280000000004], [93.99355000000001, 25.78046], [93.98784, 25.771800000000002], [93.98285000000001, 25.768590000000003], [93.98208000000001, 25.764290000000003], [93.98366000000001, 25.763820000000003], [93.98505, 25.759800000000002], [93.98915000000001, 25.75541], [93.9898, 25.752000000000002], [93.98871000000001, 25.750700000000002], [93.98879000000001, 25.748140000000003], [93.98545000000001, 25.74661], [93.98481000000001, 25.743850000000002], [93.98286, 25.74151], [93.98327, 25.739610000000003], [93.98234000000001, 25.73814], [93.98199000000001, 25.734830000000002], [93.97921000000001, 25.73327], [93.97471, 25.72849], [93.95168000000001, 25.72482], [93.94127, 25.71788], [93.93172000000001, 25.7022], [93.92727000000001, 25.690060000000003], [93.91574000000001, 25.67745], [93.90385, 25.65538], [93.89737000000001, 25.648470000000003], [93.89207, 25.64974], [93.88882000000001, 25.65425], [93.88846000000001, 25.659070000000003], [93.89024, 25.662930000000003], [93.8849, 25.6671], [93.88062000000001, 25.669030000000003], [93.87527000000001, 25.66935], [93.86778000000001, 25.6716], [93.86244, 25.67385], [93.84176000000001, 25.673530000000003], [93.83427, 25.674170000000004], [93.79197, 25.67321], [93.77438000000001, 25.66935], [93.76796, 25.66646], [93.75800000000001, 25.67285], [93.75847, 25.678210000000004], [93.75491000000001, 25.681630000000002], [93.75015, 25.682710000000004], [93.74588000000001, 25.681630000000002], [93.74397, 25.682280000000002], [93.74136000000001, 25.685280000000002], [93.73993, 25.6902], [93.74065, 25.69534], [93.73993, 25.70091], [93.73756, 25.703480000000003], [93.73922, 25.70776], [93.73851, 25.711190000000002], [93.73898000000001, 25.711830000000003], [93.74350000000001, 25.711620000000003], [93.74469, 25.71226], [93.74445000000001, 25.715470000000003], [93.7416, 25.718040000000002], [93.74089000000001, 25.721470000000004], [93.74184000000001, 25.725320000000004], [93.74089000000001, 25.730030000000003], [93.73637000000001, 25.729820000000004], [93.73233, 25.73796], [93.73732000000001, 25.741600000000002], [93.73375, 25.74566], [93.73476000000001, 25.749250000000004], [93.73833, 25.750590000000003], [93.74427000000001, 25.750590000000003], [93.75111000000001, 25.752730000000003], [93.75794, 25.75353], [93.76329000000001, 25.755670000000002], [93.7823, 25.7843], [93.79567, 25.797670000000004], [93.79834000000001, 25.802490000000002], [93.8028, 25.804900000000004], [93.80845000000001, 25.806500000000003], [93.82271, 25.808370000000004], [93.82954000000001, 25.810250000000003], [93.83459, 25.809710000000003], [93.83875, 25.804630000000003], [93.84618, 25.80008], [93.85390000000001, 25.800880000000003], [93.86638, 25.80383], [93.89817000000001, 25.819070000000004], [93.91956, 25.82496], [93.92966000000001, 25.832710000000002], [93.93739000000001, 25.83726], [93.94273000000001, 25.83726], [93.94868000000001, 25.838590000000003], [93.95402000000001, 25.84127], [93.96115, 25.84662], [93.96858, 25.849290000000003], [93.97715000000001, 25.856530000000003], [93.97929, 25.852680000000003], [93.98927, 25.8485], [93.99533000000001, 25.84241], [94.00514000000001, 25.84043], [94.00491000000001, 25.836070000000003], [94.00640000000001, 25.828580000000002], [94.00521, 25.82617], [94.00268000000001, 25.824700000000004], [94.0006, 25.822300000000002], [93.99823, 25.82149], [93.99823, 25.819090000000003], [93.99942, 25.817480000000003], [93.99971000000001, 25.81521], [93.99734000000001, 25.813470000000002], [93.99644, 25.811200000000003], [93.99882000000001, 25.807050000000004], [93.99689000000001, 25.804380000000002], [93.99897000000001, 25.80157], [93.99778, 25.798890000000004], [93.99912, 25.797960000000003]]]}}, {"id": "12", "type": "Feature", "properties": {"state_name": "Nagaland", "district_name": "Mon", "block_name": "Longshen", "block_lgd": 1751, "district_lgd": 247}, "geometry": {"type": "Polygon", "coordinates": [[[95.17290000000001, 26.73993], [95.17150000000001, 26.738390000000003], [95.17320000000001, 26.736900000000002], [95.17388000000001, 26.734750000000002], [95.17593000000001, 26.73412], [95.17201000000001, 26.73157], [95.17171, 26.728620000000003], [95.17432000000001, 26.727430000000002], [95.17465000000001, 26.725170000000002], [95.1734, 26.723820000000003], [95.17311000000001, 26.72164], [95.17118, 26.721700000000002], [95.17082, 26.724030000000003], [95.16921, 26.7235], [95.16936000000001, 26.720850000000002], [95.17171, 26.716680000000004], [95.16984000000001, 26.71562], [95.16806000000001, 26.716730000000002], [95.16684000000001, 26.714480000000002], [95.16761000000001, 26.71198], [95.17067, 26.713440000000002], [95.17171, 26.712570000000003], [95.17189, 26.707390000000004], [95.17328, 26.70747], [95.17516, 26.70973], [95.17643000000001, 26.70962], [95.17614, 26.70755], [95.17361000000001, 26.705060000000003], [95.17435, 26.700010000000002], [95.17596, 26.699430000000003], [95.17626000000001, 26.698130000000003], [95.17412, 26.697070000000004], [95.17043000000001, 26.697090000000003], [95.17094, 26.695770000000003], [95.17296, 26.69452], [95.17198, 26.692000000000004], [95.16924, 26.692500000000003], [95.16835, 26.69152], [95.16485, 26.690620000000003], [95.15899, 26.693060000000003], [95.15709000000001, 26.690780000000004], [95.15846, 26.69027], [95.15834000000001, 26.688810000000004], [95.15564, 26.688710000000004], [95.15451, 26.686850000000003], [95.15388, 26.687430000000003], [95.15302000000001, 26.68672], [95.15448, 26.683850000000003], [95.15026, 26.685280000000002], [95.15041000000001, 26.682360000000003], [95.15139, 26.681880000000003], [95.15394, 26.682730000000003], [95.15424, 26.681140000000003], [95.15258000000001, 26.67958], [95.14981, 26.68053], [95.14871000000001, 26.679730000000003], [95.14854000000001, 26.678350000000002], [95.15076, 26.67724], [95.15112, 26.67583], [95.14815, 26.674560000000003], [95.14705000000001, 26.672330000000002], [95.14779000000001, 26.66766], [95.14601, 26.665770000000002], [95.14616000000001, 26.663780000000003], [95.14845000000001, 26.664600000000004], [95.15065000000001, 26.663410000000002], [95.14907000000001, 26.659480000000002], [95.15032000000001, 26.658420000000003], [95.15219, 26.658420000000003], [95.15296000000001, 26.65696], [95.15118000000001, 26.655150000000003], [95.15106, 26.651860000000003], [95.15225000000001, 26.65077], [95.15234000000001, 26.647730000000003], [95.15157, 26.646230000000003], [95.15270000000001, 26.642010000000003], [95.15121, 26.639830000000003], [95.15118000000001, 26.638260000000002], [95.14996000000001, 26.637150000000002], [95.15088, 26.63361], [95.15341000000001, 26.633720000000004], [95.15427000000001, 26.63191], [95.15406, 26.629550000000002], [95.15537, 26.62891], [95.15686000000001, 26.62928], [95.15781000000001, 26.631280000000004], [95.15920000000001, 26.63202], [95.16161000000001, 26.63191], [95.16194, 26.63059], [95.16485, 26.63024], [95.16688, 26.631590000000003], [95.1675, 26.62751], [95.16463, 26.62487], [95.16322000000001, 26.621660000000002], [95.15485000000001, 26.617610000000003], [95.14893000000001, 26.61587], [95.14891, 26.61354], [95.14728000000001, 26.61033], [95.1482, 26.606460000000002], [95.14786000000001, 26.60235], [95.14661000000001, 26.601000000000003], [95.1479, 26.5971], [95.13747000000001, 26.595860000000002], [95.13586000000001, 26.596690000000002], [95.13333, 26.596590000000003], [95.13258, 26.598250000000004], [95.1333, 26.600890000000003], [95.13262, 26.601750000000003], [95.13105, 26.602970000000003], [95.12920000000001, 26.60246], [95.12681, 26.60395], [95.12652000000001, 26.60631], [95.12471000000001, 26.60781], [95.12235000000001, 26.606340000000003], [95.12110000000001, 26.60657], [95.11929, 26.607750000000003], [95.11911, 26.609820000000003], [95.11718, 26.61135], [95.11330000000001, 26.610740000000003], [95.11098000000001, 26.609180000000002], [95.10642000000001, 26.608], [95.10503000000001, 26.609980000000004], [95.10199, 26.611320000000003], [95.09921000000001, 26.610780000000002], [95.09825000000001, 26.612720000000003], [95.09918, 26.615370000000002], [95.09836000000001, 26.616580000000003], [95.09658, 26.61756], [95.09501, 26.61597], [95.09198, 26.61699], [95.09226000000001, 26.61868], [95.08970000000001, 26.619130000000002], [95.08866, 26.620110000000004], [95.08599000000001, 26.618900000000004], [95.08274, 26.620110000000004], [95.08267000000001, 26.62168], [95.08075000000001, 26.622190000000003], [95.07975, 26.623430000000003], [95.07558, 26.622950000000003], [95.07479000000001, 26.6247], [95.07633000000001, 26.626680000000004], [95.07515000000001, 26.629170000000002], [95.07272, 26.62846], [95.06920000000001, 26.629330000000003], [95.06873, 26.63229], [95.06549000000001, 26.633560000000003], [95.06317000000001, 26.63219], [95.06271000000001, 26.63331], [95.0605, 26.634330000000002], [95.06114000000001, 26.636750000000003], [95.05988, 26.638540000000003], [95.05431, 26.63707], [95.05332000000001, 26.63791], [95.04961, 26.64017], [95.05094000000001, 26.642120000000002], [95.05294, 26.64195], [95.05460000000001, 26.64356], [95.05308000000001, 26.64722], [95.05579, 26.64854], [95.0575, 26.64786], [95.05921000000001, 26.648200000000003], [95.05897, 26.650740000000003], [95.05755, 26.650740000000003], [95.05598, 26.6521], [95.05912000000001, 26.653000000000002], [95.05954000000001, 26.653930000000003], [95.05788000000001, 26.656560000000002], [95.05774000000001, 26.658260000000002], [95.05926000000001, 26.658310000000004], [95.06097000000001, 26.660560000000004], [95.05836000000001, 26.660860000000003], [95.06007000000001, 26.66315], [95.05683, 26.665490000000002], [95.05821, 26.665910000000004], [95.05802000000001, 26.667360000000002], [95.05688, 26.668460000000003], [95.05721000000001, 26.66927], [95.05859000000001, 26.669480000000004], [95.06406000000001, 26.666680000000003], [95.06596, 26.66748], [95.06686, 26.67067], [95.06644000000001, 26.672710000000002], [95.06815, 26.672960000000003], [95.06877000000001, 26.674490000000002], [95.06805000000001, 26.674870000000002], [95.0681, 26.67696], [95.06696000000001, 26.677170000000004], [95.06444, 26.676740000000002], [95.06254000000001, 26.67441], [95.06116, 26.67453], [95.06078000000001, 26.67555], [95.06135, 26.67742], [95.06620000000001, 26.68167], [95.0661, 26.68345], [95.06458, 26.683880000000002], [95.06192000000001, 26.68307], [95.06083000000001, 26.680180000000004], [95.05878000000001, 26.679890000000004], [95.05726000000001, 26.678700000000003], [95.05607, 26.68061], [95.05588, 26.68401], [95.05246000000001, 26.685370000000002], [95.05108000000001, 26.6883], [95.05503, 26.68982], [95.05493000000001, 26.691100000000002], [95.05631000000001, 26.691570000000002], [95.05817, 26.697000000000003], [95.05950000000001, 26.69704], [95.06358, 26.699800000000003], [95.06330000000001, 26.704690000000003], [95.06435, 26.70558], [95.06435, 26.706940000000003], [95.06297, 26.708810000000003], [95.06387000000001, 26.708940000000002], [95.06415000000001, 26.711060000000003], [95.06644000000001, 26.710890000000003], [95.06763000000001, 26.70923], [95.07129, 26.709660000000003], [95.07143, 26.71102], [95.07295, 26.71123], [95.07409000000001, 26.712840000000003], [95.07656000000001, 26.712970000000002], [95.07832, 26.71085], [95.07918000000001, 26.714290000000002], [95.08260000000001, 26.714840000000002], [95.08469000000001, 26.71976], [95.08640000000001, 26.7218], [95.08807, 26.72172], [95.09154000000001, 26.723160000000004], [95.09296, 26.726170000000003], [95.09624000000001, 26.725030000000004], [95.09753, 26.726770000000002], [95.09862000000001, 26.72698], [95.09843000000001, 26.73025], [95.09966000000001, 26.73271], [95.10072000000001, 26.732290000000003], [95.1024, 26.729350000000004], [95.10335, 26.730890000000002], [95.10278000000001, 26.733210000000003], [95.10458000000001, 26.73478], [95.10587000000001, 26.735080000000004], [95.10767000000001, 26.73365], [95.10897000000001, 26.734230000000004], [95.10958000000001, 26.736110000000004], [95.10817, 26.737440000000003], [95.10941000000001, 26.739530000000002], [95.11080000000001, 26.73966], [95.11223000000001, 26.738730000000004], [95.11354000000001, 26.739480000000004], [95.11366000000001, 26.74059], [95.11247, 26.742160000000002], [95.11493, 26.7447], [95.11672, 26.743000000000002], [95.11817, 26.743140000000004], [95.12100000000001, 26.74698], [95.12272, 26.74388], [95.12370000000001, 26.743800000000004], [95.12527000000001, 26.745070000000002], [95.12492, 26.747670000000003], [95.12685, 26.748070000000002], [95.12795000000001, 26.74762], [95.12729, 26.745050000000003], [95.12783, 26.744090000000003], [95.13018000000001, 26.744840000000003], [95.13009000000001, 26.74781], [95.13107000000001, 26.748050000000003], [95.13303, 26.747300000000003], [95.13356, 26.74351], [95.13745, 26.74415], [95.13748000000001, 26.7433], [95.13900000000001, 26.74247], [95.13903, 26.741090000000003], [95.14031000000001, 26.74096], [95.14233, 26.74226], [95.14242, 26.744120000000002], [95.14479000000001, 26.745900000000002], [95.14557, 26.74595], [95.14574, 26.743610000000004], [95.14952000000001, 26.74285], [95.15076, 26.741550000000004], [95.15528, 26.741170000000004], [95.15683000000001, 26.743240000000004], [95.15959000000001, 26.73926], [95.16197000000001, 26.74152], [95.16161000000001, 26.74369], [95.16476, 26.743910000000003], [95.16743000000001, 26.741940000000003], [95.16832000000001, 26.74229], [95.16924, 26.74473], [95.17189, 26.74537], [95.17213000000001, 26.743540000000003], [95.17213000000001, 26.741760000000003], [95.17290000000001, 26.73993]]]}}, {"id": "13", "type": "Feature", "properties": {"state_name": "Nagaland", "district_name": "Phek", "block_name": "Chizami", "block_lgd": 1812, "district_lgd": 248}, "geometry": {"type": "Polygon", "coordinates": [[[94.41677000000001, 25.612140000000004], [94.41553, 25.61025], [94.41629, 25.60836], [94.41838000000001, 25.607080000000003], [94.42085, 25.606990000000003], [94.42247, 25.605020000000003], [94.42684000000001, 25.603130000000004], [94.42732000000001, 25.600990000000003], [94.42665000000001, 25.596190000000004], [94.42798, 25.591990000000003], [94.42637, 25.590870000000002], [94.4256, 25.587410000000002], [94.42124000000001, 25.57617], [94.41796000000001, 25.570690000000003], [94.42068, 25.567700000000002], [94.42194, 25.556120000000004], [94.42113, 25.547590000000003], [94.41582000000001, 25.53733], [94.41234000000001, 25.536630000000002], [94.40644, 25.538230000000002], [94.40005000000001, 25.53562], [94.3841, 25.53132], [94.38162000000001, 25.529760000000003], [94.3735, 25.538050000000002], [94.35582000000001, 25.550120000000003], [94.35106, 25.54878], [94.34795000000001, 25.548910000000003], [94.34497, 25.55065], [94.33502000000001, 25.553330000000003], [94.33042, 25.555880000000002], [94.32180000000001, 25.5544], [94.31750000000001, 25.55629], [94.32202000000001, 25.559070000000002], [94.32499000000001, 25.56229], [94.32748000000001, 25.563470000000002], [94.3323, 25.56921], [94.33556, 25.569930000000003], [94.33739000000001, 25.572010000000002], [94.34504000000001, 25.575080000000003], [94.34901, 25.578500000000002], [94.35728, 25.58235], [94.36282000000001, 25.586570000000002], [94.36469000000001, 25.586560000000002], [94.36715000000001, 25.587930000000004], [94.37652000000001, 25.592650000000003], [94.37884000000001, 25.595740000000003], [94.38229000000001, 25.597060000000003], [94.3846, 25.598950000000002], [94.38825000000001, 25.599680000000003], [94.39435, 25.6063], [94.39852, 25.606520000000003], [94.39965000000001, 25.6077], [94.40456, 25.609250000000003], [94.40789000000001, 25.611960000000003], [94.40949, 25.611980000000003], [94.41258, 25.613940000000003], [94.41382, 25.61342], [94.41677000000001, 25.614020000000004], [94.41677000000001, 25.612140000000004]]]}}, {"id": "14", "type": "Feature", "properties": {"state_name": "Nagaland", "district_name": "Tuensang", "block_name": "Chare", "block_lgd": 1815, "district_lgd": 249}, "geometry": {"type": "Polygon", "coordinates": [[[94.65078000000001, 26.334210000000002], [94.65274000000001, 26.33171], [94.65768000000001, 26.329480000000004], [94.65987000000001, 26.325270000000003], [94.66344000000001, 26.324790000000004], [94.66576, 26.3226], [94.68031, 26.31603], [94.67751000000001, 26.312520000000003], [94.67888, 26.31058], [94.67665000000001, 26.306440000000002], [94.6774, 26.30542], [94.67876000000001, 26.30552], [94.68053, 26.30429], [94.68082000000001, 26.303420000000003], [94.67876000000001, 26.302190000000003], [94.67797, 26.30046], [94.67985, 26.299640000000004], [94.67785, 26.297690000000003], [94.67323, 26.29529], [94.67511, 26.294110000000003], [94.67529, 26.29191], [94.67101000000001, 26.29135], [94.67089000000001, 26.28977], [94.66941000000001, 26.288800000000002], [94.66781, 26.289150000000003], [94.66496000000001, 26.287720000000004], [94.66639, 26.285420000000002], [94.66547000000001, 26.284350000000003], [94.66108000000001, 26.28327], [94.65966, 26.28133], [94.65954, 26.27795], [94.65583000000001, 26.277440000000002], [94.65464000000001, 26.276470000000003], [94.65492, 26.272990000000004], [94.65361000000001, 26.27176], [94.65395000000001, 26.269150000000003], [94.65526000000001, 26.267210000000002], [94.65441000000001, 26.26573], [94.65298000000001, 26.265520000000002], [94.65213000000001, 26.263430000000003], [94.65355000000001, 26.26235], [94.65201, 26.260970000000004], [94.64922000000001, 26.2601], [94.64842, 26.259030000000003], [94.64962000000001, 26.258100000000002], [94.64853000000001, 26.2558], [94.64574, 26.2558], [94.64482000000001, 26.254520000000003], [94.64557, 26.25365], [94.64517000000001, 26.251250000000002], [94.64311000000001, 26.25074], [94.6426, 26.249710000000004], [94.64311000000001, 26.246180000000003], [94.63855000000001, 26.24501], [94.63851000000001, 26.24388], [94.63709000000001, 26.242500000000003], [94.63263, 26.244100000000003], [94.63049000000001, 26.24143], [94.62788, 26.242230000000003], [94.62591, 26.241640000000004], [94.62496, 26.23935], [94.61789, 26.23674], [94.61789, 26.235730000000004], [94.61075000000001, 26.231060000000003], [94.60041000000001, 26.22903], [94.59958, 26.229570000000002], [94.59958, 26.230950000000004], [94.5972, 26.23074], [94.59577, 26.229350000000004], [94.59387000000001, 26.228930000000002], [94.59268, 26.229670000000002], [94.59054, 26.229570000000002], [94.58617000000001, 26.228180000000002], [94.58437, 26.233030000000003], [94.58492000000001, 26.23448], [94.58308000000001, 26.238490000000002], [94.58069, 26.23936], [94.58026000000001, 26.24104], [94.57735000000001, 26.240050000000004], [94.57289, 26.242350000000002], [94.57099000000001, 26.24454], [94.57154000000001, 26.24633], [94.57046000000001, 26.248880000000003], [94.56612000000001, 26.254720000000002], [94.56490000000001, 26.25456], [94.56274, 26.256600000000002], [94.56107, 26.25549], [94.55966000000001, 26.256290000000003], [94.56092000000001, 26.260540000000002], [94.56343000000001, 26.26479], [94.56338000000001, 26.26696], [94.56537, 26.268310000000003], [94.56111000000001, 26.27117], [94.56362000000001, 26.272830000000003], [94.56219, 26.274070000000002], [94.56225, 26.276650000000004], [94.56093000000001, 26.27786], [94.56136000000001, 26.278840000000002], [94.55934, 26.27943], [94.56063, 26.280640000000002], [94.55939000000001, 26.282650000000004], [94.56352000000001, 26.28449], [94.56331, 26.286530000000003], [94.56436000000001, 26.287770000000002], [94.56756000000001, 26.288490000000003], [94.56886, 26.290450000000003], [94.57243000000001, 26.292160000000003], [94.57351000000001, 26.291980000000002], [94.57297000000001, 26.289600000000004], [94.57564, 26.28742], [94.58126000000001, 26.289540000000002], [94.58216, 26.292250000000003], [94.57919000000001, 26.294600000000003], [94.58103000000001, 26.29652], [94.58246000000001, 26.295450000000002], [94.58329, 26.295790000000004], [94.58238000000001, 26.300780000000003], [94.58542000000001, 26.299830000000004], [94.58671000000001, 26.301420000000004], [94.58782000000001, 26.301250000000003], [94.59049, 26.29885], [94.59242, 26.29566], [94.59087000000001, 26.301940000000002], [94.59463000000001, 26.30244], [94.59498, 26.30009], [94.59630000000001, 26.299940000000003], [94.59804000000001, 26.304640000000003], [94.59554000000001, 26.306140000000003], [94.59826000000001, 26.307900000000004], [94.59938000000001, 26.31002], [94.59908, 26.311300000000003], [94.59648000000001, 26.311590000000002], [94.59647000000001, 26.312310000000004], [94.59865, 26.313260000000003], [94.59954, 26.315310000000004], [94.60220000000001, 26.317610000000002], [94.60934, 26.320970000000003], [94.61063000000001, 26.323190000000004], [94.6131, 26.321980000000003], [94.6139, 26.322290000000002], [94.6145, 26.32646], [94.61902, 26.325840000000003], [94.62102, 26.32759], [94.62320000000001, 26.326110000000003], [94.62426, 26.329110000000004], [94.62620000000001, 26.330440000000003], [94.62885000000001, 26.334210000000002], [94.63155, 26.332780000000003], [94.63348, 26.33398], [94.63371000000001, 26.332220000000003], [94.63529000000001, 26.332010000000004], [94.63598, 26.33029], [94.63763, 26.329860000000004], [94.63849, 26.330720000000003], [94.63765000000001, 26.334030000000002], [94.63837000000001, 26.336560000000002], [94.64217000000001, 26.335900000000002], [94.64381, 26.337740000000004], [94.64556, 26.337830000000004], [94.64775, 26.336080000000003], [94.65078000000001, 26.334210000000002]]]}}, {"id": "15", "type": "Feature", "properties": {"state_name": "Nagaland", "district_name": "Kohima", "block_name": "Tseminyu", "block_lgd": 1843, "district_lgd": 245}, "geometry": {"type": "Polygon", "coordinates": [[[94.22265, 26.018760000000004], [94.22337, 26.015900000000002], [94.23254000000001, 26.006050000000002], [94.23477000000001, 26.005000000000003], [94.23603000000001, 26.003290000000003], [94.24541, 26.001890000000003], [94.24618000000001, 26.003300000000003], [94.24928000000001, 26.00503], [94.25365000000001, 26.00578], [94.25573000000001, 26.004350000000002], [94.25713, 26.001710000000003], [94.26496, 25.99586], [94.26923000000001, 25.98788], [94.27464, 25.986950000000004], [94.27738000000001, 25.984160000000003], [94.28259000000001, 25.983100000000004], [94.28673, 25.979270000000003], [94.28769000000001, 25.976110000000002], [94.28673, 25.972450000000002], [94.28749, 25.971110000000003], [94.28591, 25.967820000000003], [94.28716000000001, 25.965220000000002], [94.29006000000001, 25.96488], [94.29054000000001, 25.961350000000003], [94.28955, 25.96019], [94.29365000000001, 25.952820000000003], [94.29465, 25.94639], [94.29877, 25.940250000000002], [94.29558, 25.939110000000003], [94.29582, 25.93672], [94.28977, 25.932730000000003], [94.28788, 25.930690000000002], [94.28785, 25.92882], [94.28298000000001, 25.9294], [94.28162, 25.925510000000003], [94.27893, 25.9249], [94.27589, 25.922340000000002], [94.27208, 25.921850000000003], [94.27189000000001, 25.9203], [94.26895, 25.92169], [94.26417000000001, 25.922520000000002], [94.26063, 25.921650000000003], [94.26099, 25.919580000000003], [94.25722, 25.919340000000002], [94.25598000000001, 25.92031], [94.25648000000001, 25.921750000000003], [94.25378, 25.92188], [94.25244, 25.9232], [94.25111000000001, 25.922310000000003], [94.25065000000001, 25.920730000000002], [94.24939, 25.921550000000003], [94.24808, 25.92114], [94.24789000000001, 25.917460000000002], [94.24667000000001, 25.915760000000002], [94.24813, 25.90821], [94.24757000000001, 25.906720000000004], [94.24860000000001, 25.899070000000002], [94.24078, 25.892730000000004], [94.23984, 25.880820000000003], [94.24002, 25.87619], [94.24099000000001, 25.875090000000004], [94.24134000000001, 25.871810000000004], [94.23841, 25.866930000000004], [94.23637000000001, 25.865520000000004], [94.20179, 25.869010000000003], [94.19510000000001, 25.868470000000002], [94.19080000000001, 25.866470000000003], [94.18931, 25.862460000000002], [94.18273, 25.865180000000002], [94.1808, 25.864440000000002], [94.1799, 25.862560000000002], [94.17723000000001, 25.86192], [94.17539000000001, 25.86192], [94.17509000000001, 25.863100000000003], [94.16968000000001, 25.863100000000003], [94.16594, 25.865080000000003], [94.16481, 25.868290000000002], [94.16226, 25.86973], [94.16065, 25.873900000000003], [94.15762000000001, 25.875400000000003], [94.15578000000001, 25.87524], [94.15221000000001, 25.87647], [94.15275000000001, 25.8793], [94.1521, 25.880260000000003], [94.14806, 25.881220000000003], [94.14657000000001, 25.882510000000003], [94.14604000000001, 25.887320000000003], [94.14342, 25.888650000000002], [94.14580000000001, 25.892180000000003], [94.14461000000001, 25.89363], [94.14693000000001, 25.896300000000004], [94.14671000000001, 25.89732], [94.14794, 25.899350000000002], [94.14093000000001, 25.90565], [94.14093000000001, 25.907470000000004], [94.13896000000001, 25.90849], [94.13813, 25.910780000000003], [94.1294, 25.915860000000002], [94.12904, 25.91795], [94.12203000000001, 25.923080000000002], [94.12019000000001, 25.925480000000004], [94.11294000000001, 25.929440000000003], [94.11092000000001, 25.93286], [94.1093, 25.937900000000003], [94.10483, 25.94217], [94.10388, 25.945850000000004], [94.1012, 25.949800000000003], [94.08872000000001, 25.955540000000003], [94.07714000000001, 25.959550000000004], [94.06674000000001, 25.97397], [94.06529, 25.97997], [94.06589000000001, 25.98025], [94.06784, 25.978350000000002], [94.07128, 25.97293], [94.07423000000001, 25.973060000000004], [94.07834000000001, 25.9767], [94.07991000000001, 25.976950000000002], [94.07954000000001, 25.979020000000002], [94.08263000000001, 25.980800000000002], [94.08245000000001, 25.983410000000003], [94.08384000000001, 25.986240000000002], [94.08903000000001, 25.98888], [94.09339000000001, 25.989510000000003], [94.09545000000001, 25.991460000000004], [94.10023000000001, 25.98813], [94.10656, 25.989410000000003], [94.11132, 25.987550000000002], [94.11748000000001, 25.989020000000004], [94.11911, 25.988660000000003], [94.12402, 25.990930000000002], [94.13458000000001, 25.99116], [94.13934, 25.992350000000002], [94.1389, 25.989220000000003], [94.14125000000001, 25.986530000000002], [94.14415000000001, 25.9856], [94.14692000000001, 25.981450000000002], [94.14952000000001, 25.979740000000003], [94.15166, 25.9798], [94.15350000000001, 25.976760000000002], [94.15679, 25.97596], [94.15773, 25.97426], [94.15964000000001, 25.97462], [94.16063000000001, 25.97296], [94.16234000000001, 25.973180000000003], [94.1688, 25.976380000000002], [94.17056000000001, 25.97972], [94.17349, 25.980890000000002], [94.17631, 25.98627], [94.18164, 25.987360000000002], [94.18204, 25.98843], [94.18430000000001, 25.988860000000003], [94.18557000000001, 25.990160000000003], [94.19266, 25.989430000000002], [94.19267, 25.99124], [94.19952, 25.99734], [94.20095, 26.002190000000002], [94.20423000000001, 26.002920000000003], [94.21115, 26.00888], [94.21146, 26.01131], [94.21033000000001, 26.01321], [94.21063000000001, 26.01753], [94.21187, 26.01969], [94.21464, 26.021770000000004], [94.22017000000001, 26.01969], [94.22265, 26.018760000000004]]]}}, {"id": "16", "type": "Feature", "properties": {"state_name": "Nagaland", "district_name": "Kiphire", "block_name": "Seyochung", "block_lgd": 1835, "district_lgd": 614}, "geometry": {"type": "Polygon", "coordinates": [[[94.70662, 26.028640000000003], [94.71266000000001, 26.02542], [94.71861000000001, 26.025620000000004], [94.72151000000001, 26.023670000000003], [94.72300000000001, 26.021510000000003], [94.72662000000001, 26.022660000000002], [94.72798, 26.015520000000002], [94.72730000000001, 26.011650000000003], [94.72395, 26.007510000000003], [94.72171, 26.00665], [94.72135, 26.00421], [94.71889, 26.00223], [94.71835, 26.00005], [94.71386000000001, 25.993990000000004], [94.71408000000001, 25.989980000000003], [94.71265000000001, 25.987420000000004], [94.70794000000001, 25.98383], [94.70859, 25.98197], [94.70583, 25.98006], [94.70448, 25.98147], [94.70132000000001, 25.980380000000004], [94.70158, 25.97933], [94.70037, 25.9767], [94.69873000000001, 25.975250000000003], [94.69611, 25.96965], [94.69614000000001, 25.96638], [94.69431, 25.96074], [94.69447000000001, 25.957620000000002], [94.69366000000001, 25.95681], [94.69421000000001, 25.953860000000002], [94.69602, 25.952070000000003], [94.6954, 25.949800000000003], [94.69395, 25.948900000000002], [94.69409, 25.94593], [94.69528000000001, 25.945400000000003], [94.69626000000001, 25.942940000000004], [94.69364, 25.940230000000003], [94.6958, 25.935350000000003], [94.69431, 25.934350000000002], [94.69385000000001, 25.93249], [94.694, 25.93127], [94.69649000000001, 25.92873], [94.69542000000001, 25.926990000000004], [94.69645000000001, 25.9233], [94.6974, 25.922980000000003], [94.69756000000001, 25.920050000000003], [94.69573000000001, 25.91928], [94.69516, 25.916860000000003], [94.69675000000001, 25.914510000000003], [94.69683, 25.91297], [94.69378, 25.909850000000002], [94.69381000000001, 25.908910000000002], [94.69611, 25.907130000000002], [94.69737, 25.908030000000004], [94.69918000000001, 25.90746], [94.70053000000001, 25.905720000000002], [94.69984000000001, 25.904590000000002], [94.70226000000001, 25.902260000000002], [94.70416, 25.902430000000003], [94.70478000000001, 25.901280000000003], [94.70464000000001, 25.899350000000002], [94.70331, 25.898370000000003], [94.70492, 25.89542], [94.70739, 25.89542], [94.71001000000001, 25.893620000000002], [94.71062, 25.892200000000003], [94.70898000000001, 25.890600000000003], [94.70591, 25.88941], [94.70591, 25.888130000000004], [94.70495000000001, 25.88781], [94.70352000000001, 25.88868], [94.70295, 25.890150000000002], [94.70188, 25.89025], [94.69996, 25.888710000000003], [94.7001, 25.886850000000003], [94.69386, 25.88351], [94.69347, 25.88062], [94.69193000000001, 25.879340000000003], [94.69022000000001, 25.87976], [94.68823, 25.878510000000002], [94.68762000000001, 25.877670000000002], [94.68798000000001, 25.875970000000002], [94.68434, 25.874560000000002], [94.68284000000001, 25.87546], [94.67906, 25.873310000000004], [94.67856, 25.870260000000002], [94.67692000000001, 25.86869], [94.67500000000001, 25.869040000000002], [94.67147000000001, 25.86718], [94.67186000000001, 25.86529], [94.66958000000001, 25.86372], [94.66701, 25.86494], [94.66423, 25.864680000000003], [94.66395000000001, 25.863650000000003], [94.66142, 25.86231], [94.65985, 25.863110000000002], [94.65660000000001, 25.862150000000003], [94.65657, 25.86016], [94.65439, 25.858100000000004], [94.65257000000001, 25.858970000000003], [94.64894000000001, 25.85855], [94.64683000000001, 25.856600000000004], [94.64373, 25.855950000000004], [94.64302, 25.856820000000003], [94.6401, 25.856050000000003], [94.63863, 25.854190000000003], [94.63468, 25.853740000000002], [94.63083, 25.85217], [94.62744, 25.8489], [94.62088000000001, 25.844920000000002], [94.6161, 25.84071], [94.61354000000001, 25.83593], [94.61107000000001, 25.83518], [94.60973000000001, 25.83743], [94.61023, 25.844140000000003], [94.60531, 25.854270000000003], [94.60238000000001, 25.858150000000002], [94.60206000000001, 25.86231], [94.59760000000001, 25.869850000000003], [94.59588000000001, 25.875370000000004], [94.59206, 25.879060000000003], [94.58546000000001, 25.8804], [94.57992, 25.881600000000002], [94.57625, 25.883560000000003], [94.57237, 25.88859], [94.56989, 25.889670000000002], [94.57197000000001, 25.89449], [94.57431000000001, 25.89441], [94.57911000000001, 25.89863], [94.58321000000001, 25.904420000000002], [94.58638, 25.905960000000004], [94.58706000000001, 25.91027], [94.59376, 25.9141], [94.59591, 25.921120000000002], [94.59895, 25.922880000000003], [94.5994, 25.925900000000002], [94.60218, 25.927460000000004], [94.60239000000001, 25.92895], [94.60366, 25.92995], [94.60366, 25.93138], [94.60691000000001, 25.931490000000004], [94.60848000000001, 25.932750000000002], [94.60866000000001, 25.93466], [94.61093000000001, 25.936090000000004], [94.60969000000001, 25.93821], [94.61488000000001, 25.941460000000003], [94.61613000000001, 25.944910000000004], [94.61996, 25.94902], [94.62165, 25.953680000000002], [94.62534000000001, 25.956760000000003], [94.62571000000001, 25.95916], [94.62750000000001, 25.961050000000004], [94.62793, 25.96348], [94.63065, 25.964740000000003], [94.63129, 25.966960000000004], [94.63277000000001, 25.968510000000002], [94.63316, 25.970830000000003], [94.63891000000001, 25.97903], [94.64185, 25.98156], [94.64340000000001, 25.986620000000002], [94.65125, 25.99228], [94.65249000000001, 25.996460000000003], [94.6567, 26.00148], [94.65591, 26.003380000000003], [94.65959000000001, 26.00477], [94.66071000000001, 26.006520000000002], [94.66389000000001, 26.00813], [94.66421000000001, 26.011400000000002], [94.66779000000001, 26.01479], [94.66804, 26.018530000000002], [94.67034000000001, 26.022370000000002], [94.67325000000001, 26.0252], [94.6734, 26.026390000000003], [94.67804000000001, 26.02888], [94.68015000000001, 26.031660000000002], [94.67991, 26.033720000000002], [94.68708000000001, 26.03806], [94.69189, 26.035870000000003], [94.69442000000001, 26.032140000000002], [94.70662, 26.028640000000003]]]}}, {"id": "17", "type": "Feature", "properties": {"state_name": "Nagaland", "district_name": "Kiphire", "block_name": "Kiusam", "block_lgd": 1838, "district_lgd": 614}, "geometry": {"type": "Polygon", "coordinates": [[[94.93041000000001, 25.94243], [94.93570000000001, 25.94047], [94.93848000000001, 25.9371], [94.9355, 25.930410000000002], [94.93520000000001, 25.92611], [94.93394, 25.92509], [94.93364000000001, 25.922130000000003], [94.93593000000001, 25.916510000000002], [94.93809, 25.91363], [94.94017000000001, 25.91241], [94.94336000000001, 25.90733], [94.94894000000001, 25.904030000000002], [94.95144, 25.900990000000004], [94.95666000000001, 25.90105], [94.96075, 25.902990000000003], [94.96332000000001, 25.90314], [94.96666, 25.89918], [94.96977000000001, 25.897520000000004], [94.97236000000001, 25.88445], [94.97386, 25.880720000000004], [94.98209000000001, 25.875680000000003], [94.98577, 25.877920000000003], [94.99299, 25.880180000000003], [94.99598, 25.883860000000002], [94.99979, 25.88538], [95.00571000000001, 25.876970000000004], [95.00752000000001, 25.87592], [95.01111, 25.875470000000004], [95.01018, 25.87421], [95.00919, 25.86661], [95.01254, 25.863110000000002], [95.01504000000001, 25.862610000000004], [95.01786000000001, 25.860670000000002], [95.02306, 25.844780000000004], [95.02942, 25.840000000000003], [95.02931000000001, 25.838310000000003], [95.03039000000001, 25.83837], [95.02946000000001, 25.833080000000002], [95.03054, 25.829020000000003], [95.03317000000001, 25.823870000000003], [95.03354, 25.81905], [95.00945, 25.82147], [95.00613000000001, 25.821180000000002], [95.00492000000001, 25.819740000000003], [95.00289000000001, 25.81932], [95.00025000000001, 25.821790000000004], [94.99772, 25.82176], [94.99633000000001, 25.82278], [94.99536, 25.826060000000002], [94.98805, 25.827890000000004], [94.97985000000001, 25.826220000000003], [94.97483000000001, 25.822940000000003], [94.97340000000001, 25.826860000000003], [94.97447000000001, 25.828400000000002], [94.97451000000001, 25.8301], [94.9688, 25.835620000000002], [94.96542000000001, 25.836260000000003], [94.95964000000001, 25.84008], [94.94904000000001, 25.840270000000004], [94.9445, 25.84439], [94.94317000000001, 25.848670000000002], [94.93946000000001, 25.849610000000002], [94.93737, 25.851920000000003], [94.93519, 25.850900000000003], [94.933, 25.85132], [94.93072000000001, 25.85312], [94.92758, 25.856460000000002], [94.92825, 25.859620000000003], [94.92758, 25.86082], [94.92425, 25.861420000000003], [94.92302000000001, 25.86305], [94.92102000000001, 25.86399], [94.91798000000001, 25.86193], [94.91646, 25.862360000000002], [94.91075000000001, 25.865610000000004], [94.90961, 25.869460000000004], [94.90324000000001, 25.87169], [94.90010000000001, 25.86972], [94.89364, 25.871260000000003], [94.89221, 25.872970000000002], [94.89107000000001, 25.87665], [94.88470000000001, 25.87759], [94.88261000000001, 25.878960000000003], [94.87976, 25.879730000000002], [94.87710000000001, 25.873310000000004], [94.87415000000001, 25.8698], [94.87149000000001, 25.86784], [94.86826, 25.86766], [94.86692000000001, 25.866640000000004], [94.86635000000001, 25.86476], [94.86426, 25.86399], [94.85238000000001, 25.864410000000003], [94.84848000000001, 25.86604], [94.84601, 25.865440000000003], [94.84601, 25.864330000000002], [94.84411000000001, 25.861680000000003], [94.83907, 25.86005], [94.83584, 25.86185], [94.83384000000001, 25.864160000000002], [94.8289, 25.866300000000003], [94.81346, 25.87899], [94.81495000000001, 25.880760000000002], [94.81655, 25.88059], [94.81706000000001, 25.881580000000003], [94.81706000000001, 25.882630000000002], [94.81540000000001, 25.88362], [94.81578, 25.88399], [94.81385, 25.884200000000003], [94.81394, 25.88474], [94.81658, 25.886820000000004], [94.81881000000001, 25.88672], [94.82060000000001, 25.88877], [94.82012, 25.890400000000003], [94.82122000000001, 25.892170000000004], [94.82309000000001, 25.89241], [94.82443, 25.890990000000002], [94.82585, 25.89262], [94.82505, 25.89401], [94.82256000000001, 25.893500000000003], [94.82113000000001, 25.894090000000002], [94.82104000000001, 25.896040000000003], [94.82214, 25.897620000000003], [94.82395000000001, 25.89751], [94.82481000000001, 25.895400000000002], [94.82678000000001, 25.89554], [94.82755, 25.897330000000004], [94.82942000000001, 25.898480000000003], [94.82900000000001, 25.90077], [94.83281000000001, 25.900800000000004], [94.83334, 25.90171], [94.83331000000001, 25.903630000000003], [94.83028, 25.905450000000002], [94.82978000000001, 25.90802], [94.83114, 25.909540000000003], [94.83153, 25.91251], [94.83076000000001, 25.91355], [94.83304000000001, 25.913870000000003], [94.83224000000001, 25.915770000000002], [94.83625, 25.917160000000003], [94.83697000000001, 25.922690000000003], [94.83887000000001, 25.923920000000003], [94.83937, 25.925390000000004], [94.84041, 25.925330000000002], [94.84136000000001, 25.92782], [94.84237, 25.928430000000002], [94.84219, 25.930010000000003], [94.84294000000001, 25.93023], [94.84498, 25.929720000000003], [94.84586, 25.930220000000002], [94.84903000000001, 25.9354], [94.86067000000001, 25.939480000000003], [94.86458, 25.94208], [94.86906, 25.94366], [94.87057, 25.94565], [94.87396000000001, 25.943690000000004], [94.88180000000001, 25.945000000000004], [94.8837, 25.94243], [94.88561000000001, 25.941670000000002], [94.89017000000001, 25.941620000000004], [94.89742000000001, 25.94365], [94.89949000000001, 25.943], [94.90710000000001, 25.944380000000002], [94.91135000000001, 25.942860000000003], [94.91592000000001, 25.94451], [94.92054, 25.944300000000002], [94.9217, 25.947360000000003], [94.92494, 25.9493], [94.92705000000001, 25.94761], [94.92982, 25.94346], [94.93041000000001, 25.94243]]]}}, {"id": "18", "type": "Feature", "properties": {"state_name": "Nagaland", "district_name": "Mokokchung", "block_name": "Longchem", "block_lgd": 1758, "district_lgd": 246}, "geometry": {"type": "Polygon", "coordinates": [[[94.56099, 26.700680000000002], [94.56231000000001, 26.69883], [94.56243, 26.69553], [94.55944000000001, 26.68635], [94.56281000000001, 26.68436], [94.56442000000001, 26.684600000000003], [94.56649, 26.683560000000003], [94.56818000000001, 26.68484], [94.56926000000001, 26.68286], [94.56892, 26.682090000000002], [94.56601, 26.680310000000002], [94.56732000000001, 26.67827], [94.56549000000001, 26.677200000000003], [94.56053000000001, 26.67679], [94.56053000000001, 26.675880000000003], [94.56452, 26.674400000000002], [94.56441000000001, 26.671950000000002], [94.56381, 26.67114], [94.55996, 26.671030000000002], [94.55968000000001, 26.669660000000004], [94.56144, 26.66879], [94.56116, 26.667260000000002], [94.55956, 26.665680000000002], [94.55745, 26.664970000000004], [94.55796000000001, 26.661910000000002], [94.5562, 26.66099], [94.55397, 26.663690000000003], [94.54969000000001, 26.662470000000003], [94.55032000000001, 26.659670000000002], [94.54821000000001, 26.656810000000004], [94.54587000000001, 26.656200000000002], [94.54621, 26.654770000000003], [94.5485, 26.6536], [94.54758000000001, 26.651510000000002], [94.54587000000001, 26.65171], [94.5433, 26.654570000000003], [94.54171000000001, 26.65396], [94.54199000000001, 26.649160000000002], [94.54273, 26.648860000000003], [94.54057, 26.64488], [94.54114000000001, 26.643960000000003], [94.54399000000001, 26.64402], [94.54393, 26.64167], [94.53977, 26.640900000000002], [94.53965000000001, 26.63999], [94.54216000000001, 26.638410000000004], [94.54285, 26.63728], [94.54251000000001, 26.636010000000002], [94.54182, 26.635350000000003], [94.53800000000001, 26.636210000000002], [94.53686, 26.633770000000002], [94.53931000000001, 26.632640000000002], [94.53903000000001, 26.629990000000003], [94.53709, 26.62902], [94.53669000000001, 26.6277], [94.53503, 26.626630000000002], [94.53475, 26.624180000000003], [94.53053000000001, 26.62505], [94.52961, 26.62459], [94.52876, 26.622390000000003], [94.53007000000001, 26.621530000000003], [94.53446000000001, 26.622190000000003], [94.53498, 26.62092], [94.53361000000001, 26.619690000000002], [94.53036, 26.619740000000004], [94.52921, 26.61811], [94.52967000000001, 26.61699], [94.53389000000001, 26.617700000000003], [94.53532000000001, 26.617240000000002], [94.53543, 26.615260000000003], [94.53258000000001, 26.6125], [94.53406000000001, 26.609080000000002], [94.53218000000001, 26.608060000000002], [94.52893, 26.610820000000004], [94.52773, 26.608980000000003], [94.52887000000001, 26.607960000000002], [94.52784000000001, 26.605100000000004], [94.52516000000001, 26.605570000000004], [94.52089000000001, 26.601740000000003], [94.51963, 26.602500000000003], [94.51735000000001, 26.601940000000003], [94.51729, 26.599290000000003], [94.51187, 26.596030000000003], [94.51102, 26.59241], [94.50822000000001, 26.591790000000003], [94.50777000000001, 26.590930000000004], [94.50771, 26.58996], [94.50953000000001, 26.588020000000004], [94.50936, 26.586850000000002], [94.50474000000001, 26.58491], [94.50514000000001, 26.582970000000003], [94.50691, 26.581690000000002], [94.50326000000001, 26.58057], [94.50292, 26.57975], [94.50452000000001, 26.576800000000002], [94.50357000000001, 26.575650000000003], [94.50085000000001, 26.576480000000004], [94.50092000000001, 26.57919], [94.49955000000001, 26.58077], [94.49858, 26.579700000000003], [94.49636000000001, 26.580830000000002], [94.49527, 26.580470000000002], [94.49522, 26.57822], [94.4975, 26.576030000000003], [94.4955, 26.574140000000003], [94.49607, 26.573020000000003], [94.49522, 26.57129], [94.49676000000001, 26.570320000000002], [94.49619000000001, 26.56812], [94.4898, 26.571180000000002], [94.48740000000001, 26.57016], [94.4886, 26.568070000000002], [94.4882, 26.567560000000004], [94.48461, 26.568130000000004], [94.48198000000001, 26.564760000000003], [94.48021000000001, 26.565780000000004], [94.48021000000001, 26.56746], [94.47788000000001, 26.56726], [94.47548, 26.565160000000002], [94.47217, 26.566640000000003], [94.47018000000001, 26.566340000000004], [94.46966, 26.564090000000004], [94.47149, 26.56236], [94.47126, 26.559040000000003], [94.47052000000001, 26.558020000000003], [94.46772000000001, 26.557100000000002], [94.46732, 26.556130000000003], [94.46955000000001, 26.553580000000004], [94.46778, 26.552560000000003], [94.46881, 26.551080000000002], [94.46835, 26.55026], [94.46692, 26.55129], [94.46476000000001, 26.55093], [94.46453000000001, 26.54981], [94.46567, 26.54822], [94.46373000000001, 26.547100000000004], [94.46373000000001, 26.545260000000003], [94.4615, 26.545720000000003], [94.46025, 26.544960000000003], [94.45968, 26.54409], [94.46116, 26.54256], [94.46099000000001, 26.541030000000003], [94.45700000000001, 26.537810000000004], [94.45802, 26.53536], [94.45688000000001, 26.532660000000003], [94.45301, 26.531280000000002], [94.45500000000001, 26.52888], [94.45500000000001, 26.527500000000003], [94.45318, 26.526020000000003], [94.45101000000001, 26.52653], [94.44947, 26.52485], [94.44913000000001, 26.52241], [94.44741, 26.523830000000004], [94.44432, 26.524520000000003], [94.44207, 26.52644], [94.43404000000001, 26.52915], [94.43351000000001, 26.530800000000003], [94.43012, 26.532760000000003], [94.42852, 26.53197], [94.42466, 26.536430000000003], [94.42157, 26.536320000000003], [94.42044000000001, 26.534460000000003], [94.41681000000001, 26.53452], [94.41087, 26.535690000000002], [94.41045000000001, 26.536800000000003], [94.40523, 26.53957], [94.40288000000001, 26.53984], [94.40211000000001, 26.542080000000002], [94.39748, 26.541570000000004], [94.3966, 26.542710000000003], [94.40118000000001, 26.54295], [94.40308, 26.545250000000003], [94.40525000000001, 26.543850000000003], [94.40616000000001, 26.544030000000003], [94.40620000000001, 26.545840000000002], [94.40123000000001, 26.548280000000002], [94.40168000000001, 26.54895], [94.40627, 26.549190000000003], [94.40466, 26.55188], [94.40489000000001, 26.554250000000003], [94.402, 26.55467], [94.40288000000001, 26.55552], [94.40648, 26.555750000000003], [94.40601000000001, 26.55694], [94.40342000000001, 26.558270000000004], [94.40376, 26.55919], [94.40639, 26.55948], [94.40734, 26.56033], [94.40657, 26.561860000000003], [94.40411, 26.56143], [94.40621, 26.562710000000003], [94.40585, 26.567880000000002], [94.40813000000001, 26.570940000000004], [94.41125000000001, 26.57215], [94.41133, 26.57438], [94.40983000000001, 26.57569], [94.41005000000001, 26.576580000000003], [94.41243000000001, 26.576330000000002], [94.41338, 26.57719], [94.4116, 26.579690000000003], [94.41220000000001, 26.582970000000003], [94.40959000000001, 26.584830000000004], [94.40938000000001, 26.5877], [94.40749000000001, 26.5879], [94.40767000000001, 26.591630000000002], [94.40602000000001, 26.59146], [94.40389, 26.59363], [94.40188, 26.593560000000004], [94.40192, 26.598670000000002], [94.40322, 26.600780000000004], [94.40259, 26.603130000000004], [94.40507000000001, 26.603890000000003], [94.40556000000001, 26.60563], [94.40378000000001, 26.610300000000002], [94.40292000000001, 26.610570000000003], [94.40345, 26.611210000000003], [94.42903000000001, 26.618570000000002], [94.43865000000001, 26.624080000000003], [94.45135, 26.636300000000002], [94.45273, 26.63407], [94.45448, 26.635700000000003], [94.45515, 26.63547], [94.45477000000001, 26.633250000000004], [94.45347000000001, 26.6323], [94.45401000000001, 26.631860000000003], [94.45708, 26.632530000000003], [94.45802, 26.6336], [94.46190000000001, 26.632350000000002], [94.46332000000001, 26.633560000000003], [94.46549, 26.633060000000004], [94.4598, 26.636850000000003], [94.45908000000001, 26.644610000000004], [94.45314, 26.652600000000003], [94.45410000000001, 26.653910000000003], [94.45845000000001, 26.653540000000003], [94.46028000000001, 26.661630000000002], [94.46764, 26.664130000000004], [94.46971, 26.663590000000003], [94.47451000000001, 26.664730000000002], [94.48397000000001, 26.667810000000003], [94.486, 26.667910000000003], [94.48908, 26.66609], [94.49267, 26.66589], [94.50147000000001, 26.672290000000004], [94.50518000000001, 26.678680000000004], [94.5091, 26.68034], [94.50974000000001, 26.681870000000004], [94.50835000000001, 26.685350000000003], [94.51032000000001, 26.684810000000002], [94.51204000000001, 26.68278], [94.51225000000001, 26.68072], [94.51320000000001, 26.68016], [94.51509, 26.68166], [94.51758000000001, 26.68193], [94.51854, 26.685100000000002], [94.5177, 26.687220000000003], [94.5194, 26.688830000000003], [94.51947000000001, 26.693310000000004], [94.52081000000001, 26.694170000000003], [94.52018000000001, 26.697650000000003], [94.52064000000001, 26.699040000000004], [94.52191, 26.698790000000002], [94.52248, 26.69712], [94.52421000000001, 26.695760000000003], [94.52651, 26.69892], [94.5336, 26.701310000000003], [94.53694, 26.704880000000003], [94.53926000000001, 26.706180000000003], [94.54519, 26.705230000000004], [94.54781000000001, 26.706280000000003], [94.54858, 26.703400000000002], [94.55035000000001, 26.70175], [94.55503, 26.705070000000003], [94.56223000000001, 26.704970000000003], [94.56099, 26.700680000000002]]]}}, {"id": "19", "type": "Feature", "properties": {"state_name": "Nagaland", "district_name": "Mokokchung", "block_name": "Alongkima", "block_lgd": 1759, "district_lgd": 246}, "geometry": {"type": "Polygon", "coordinates": [[[94.60804, 26.728930000000002], [94.61582000000001, 26.726560000000003], [94.62066, 26.72313], [94.61895000000001, 26.712370000000004], [94.62182000000001, 26.712660000000003], [94.62092000000001, 26.710910000000002], [94.6175, 26.710340000000002], [94.61907000000001, 26.707410000000003], [94.62563, 26.704410000000003], [94.62648, 26.704790000000003], [94.62634000000001, 26.707410000000003], [94.62363, 26.71167], [94.62491000000001, 26.71244], [94.62912000000001, 26.708740000000002], [94.62955000000001, 26.705240000000003], [94.63048, 26.70397], [94.62988000000001, 26.70098], [94.63107000000001, 26.69912], [94.63368000000001, 26.699060000000003], [94.63425000000001, 26.69836], [94.63361, 26.695050000000002], [94.63211000000001, 26.69302], [94.63454, 26.690140000000003], [94.63647, 26.690140000000003], [94.63639, 26.686700000000002], [94.63411, 26.68486], [94.63434000000001, 26.68306], [94.63661, 26.680840000000003], [94.63768, 26.676190000000002], [94.63497000000001, 26.67498], [94.63525000000001, 26.671350000000004], [94.63832000000001, 26.670650000000002], [94.63704000000001, 26.667720000000003], [94.63725000000001, 26.664530000000003], [94.63782, 26.66243], [94.63949000000001, 26.662370000000003], [94.64124000000001, 26.65905], [94.64017000000001, 26.6579], [94.6406, 26.655160000000002], [94.64174000000001, 26.654400000000003], [94.64417, 26.6551], [94.64459000000001, 26.65414], [94.64281000000001, 26.65172], [94.64025000000001, 26.65248], [94.63818, 26.64975], [94.64053000000001, 26.646690000000003], [94.63796, 26.64458], [94.63525000000001, 26.64439], [94.63475000000001, 26.640950000000004], [94.63629, 26.639290000000003], [94.63627000000001, 26.63407], [94.63511000000001, 26.63324], [94.63383, 26.629350000000002], [94.63397, 26.62808], [94.63606000000001, 26.62648], [94.63487, 26.624740000000003], [94.63258, 26.62385], [94.63119, 26.627250000000004], [94.62855, 26.627570000000002], [94.62795000000001, 26.62432], [94.62869, 26.622190000000003], [94.62622, 26.619380000000003], [94.6255, 26.619090000000003], [94.62377000000001, 26.621260000000003], [94.61942, 26.61953], [94.61928, 26.618640000000003], [94.62156, 26.61737], [94.62222000000001, 26.61598], [94.62146000000001, 26.615180000000002], [94.62061000000001, 26.614580000000004], [94.61555000000001, 26.61494], [94.61438000000001, 26.611990000000002], [94.61258000000001, 26.61137], [94.60958000000001, 26.61201], [94.60916, 26.609330000000003], [94.61076000000001, 26.605300000000003], [94.60730000000001, 26.605380000000004], [94.60481000000001, 26.607360000000003], [94.60473, 26.602700000000002], [94.60546000000001, 26.602220000000003], [94.60348, 26.599950000000003], [94.60060000000001, 26.60162], [94.59896, 26.598620000000004], [94.59946000000001, 26.5955], [94.59547, 26.593590000000003], [94.59318, 26.59014], [94.59311000000001, 26.588420000000003], [94.59554000000001, 26.58696], [94.59397000000001, 26.583700000000004], [94.59233, 26.583640000000003], [94.58898, 26.58058], [94.59140000000001, 26.578540000000004], [94.58962000000001, 26.575160000000004], [94.58862, 26.57503], [94.58805000000001, 26.57663], [94.58698000000001, 26.5772], [94.58541000000001, 26.577260000000003], [94.58427, 26.57478], [94.58612000000001, 26.572100000000002], [94.58508, 26.57072], [94.58398000000001, 26.571250000000003], [94.58035000000001, 26.570380000000004], [94.57919000000001, 26.56857], [94.58005000000001, 26.56669], [94.57926, 26.565630000000002], [94.57623000000001, 26.565250000000002], [94.57426000000001, 26.566530000000004], [94.57265000000001, 26.565630000000002], [94.57256000000001, 26.56077], [94.57150000000001, 26.559420000000003], [94.56908000000001, 26.561190000000003], [94.56787000000001, 26.56342], [94.56602000000001, 26.56349], [94.56530000000001, 26.56266], [94.56509000000001, 26.560550000000003], [94.56652000000001, 26.55788], [94.56024000000001, 26.5543], [94.56024000000001, 26.553030000000003], [94.56188, 26.549010000000003], [94.56487000000001, 26.549830000000004], [94.56666000000001, 26.55207], [94.56809000000001, 26.550810000000002], [94.56621000000001, 26.547570000000004], [94.5639, 26.546350000000004], [94.56165000000001, 26.546840000000003], [94.56074000000001, 26.545820000000003], [94.56074000000001, 26.54416], [94.56221000000001, 26.543070000000004], [94.56053000000001, 26.539890000000003], [94.55924, 26.53919], [94.5571, 26.542180000000002], [94.55468, 26.54078], [94.55468, 26.53919], [94.55725000000001, 26.53619], [94.55668000000001, 26.53498], [94.55283000000001, 26.536], [94.55090000000001, 26.535610000000002], [94.54926, 26.534080000000003], [94.5494, 26.532680000000003], [94.55311, 26.5314], [94.55297, 26.529940000000003], [94.5519, 26.529110000000003], [94.55026000000001, 26.52955], [94.5484, 26.522920000000003], [94.54876, 26.52043], [94.54555, 26.516990000000003], [94.54541, 26.51565], [94.54812000000001, 26.513600000000004], [94.5484, 26.51048], [94.54669000000001, 26.51029], [94.54327, 26.51303], [94.5417, 26.51284], [94.54192, 26.51086], [94.54463000000001, 26.509580000000003], [94.5447, 26.508370000000003], [94.54113000000001, 26.508560000000003], [94.5407, 26.507610000000003], [94.54477000000001, 26.505760000000002], [94.54328000000001, 26.504130000000004], [94.54284000000001, 26.504610000000003], [94.54020000000001, 26.503330000000002], [94.54256000000001, 26.50212], [94.54283000000001, 26.49922], [94.54028000000001, 26.496180000000003], [94.54127000000001, 26.49414], [94.54377000000001, 26.493250000000003], [94.54320000000001, 26.49191], [94.54156, 26.491010000000003], [94.53942, 26.493180000000002], [94.53664, 26.494010000000003], [94.53521, 26.492870000000003], [94.53471, 26.493440000000003], [94.53550000000001, 26.497590000000002], [94.53443000000001, 26.49791], [94.53215, 26.495160000000002], [94.53158, 26.491590000000002], [94.53029000000001, 26.490630000000003], [94.52737, 26.49114], [94.52711000000001, 26.489630000000002], [94.52523000000001, 26.486230000000003], [94.52338, 26.48533], [94.52038, 26.48533], [94.51987000000001, 26.483690000000003], [94.52209, 26.480480000000004], [94.52167000000001, 26.479720000000004], [94.52024, 26.480040000000002], [94.51903, 26.482270000000003], [94.51746000000001, 26.48131], [94.51632000000001, 26.477040000000002], [94.51546, 26.47634], [94.51118000000001, 26.477800000000002], [94.50947000000001, 26.47397], [94.50969, 26.4718], [94.50840000000001, 26.471230000000002], [94.50673, 26.47502], [94.50550000000001, 26.471840000000004], [94.50584, 26.470080000000003], [94.50113, 26.4644], [94.50177000000001, 26.462040000000002], [94.49956, 26.460440000000002], [94.49814, 26.462680000000002], [94.49600000000001, 26.462290000000003], [94.49678, 26.45839], [94.49493000000001, 26.4598], [94.49584, 26.455610000000004], [94.49485000000001, 26.454400000000003], [94.49327000000001, 26.453870000000002], [94.49371000000001, 26.456680000000002], [94.49229000000001, 26.45859], [94.49086000000001, 26.45885], [94.48965000000001, 26.457950000000004], [94.48951000000001, 26.4568], [94.49043, 26.454570000000004], [94.48929000000001, 26.45419], [94.48854000000001, 26.45625], [94.48541, 26.458550000000002], [94.48284000000001, 26.458380000000002], [94.47856, 26.456680000000002], [94.47618000000001, 26.460680000000004], [94.47656, 26.46357], [94.46978000000001, 26.465950000000003], [94.47026000000001, 26.470540000000003], [94.46856000000001, 26.47032], [94.46687000000001, 26.474380000000004], [94.46173, 26.471660000000004], [94.46069000000001, 26.47285], [94.45375000000001, 26.469790000000003], [94.44602, 26.470450000000003], [94.4484, 26.47913], [94.44868000000001, 26.485260000000004], [94.45077, 26.4873], [94.45077, 26.489770000000004], [94.45039000000001, 26.491640000000004], [94.44878000000001, 26.491640000000004], [94.4484, 26.493000000000002], [94.44925, 26.495980000000003], [94.44887000000001, 26.49743], [94.44478000000001, 26.498020000000004], [94.44564000000001, 26.500750000000004], [94.44849, 26.50202], [94.44859000000001, 26.50372], [94.4444, 26.507640000000002], [94.44592, 26.510620000000003], [94.4445, 26.51172], [94.44469000000001, 26.515040000000003], [94.44731, 26.515300000000003], [94.44712000000001, 26.518690000000003], [94.44611, 26.520180000000003], [94.44890000000001, 26.521240000000002], [94.44913000000001, 26.52241], [94.44947, 26.52485], [94.45101000000001, 26.52653], [94.45318, 26.526020000000003], [94.45500000000001, 26.527500000000003], [94.45500000000001, 26.52888], [94.45301, 26.531280000000002], [94.45688000000001, 26.532660000000003], [94.45802, 26.53536], [94.45700000000001, 26.537810000000004], [94.46099000000001, 26.541030000000003], [94.46116, 26.54256], [94.45968, 26.54409], [94.46025, 26.544960000000003], [94.4615, 26.545720000000003], [94.46373000000001, 26.545260000000003], [94.46373000000001, 26.547100000000004], [94.46567, 26.54822], [94.46453000000001, 26.54981], [94.46476000000001, 26.55093], [94.46692, 26.55129], [94.46835, 26.55026], [94.46881, 26.551080000000002], [94.46778, 26.552560000000003], [94.46955000000001, 26.553580000000004], [94.46732, 26.556130000000003], [94.46772000000001, 26.557100000000002], [94.47052000000001, 26.558020000000003], [94.47126, 26.559040000000003], [94.47149, 26.56236], [94.46966, 26.564090000000004], [94.47018000000001, 26.566340000000004], [94.47217, 26.566640000000003], [94.47548, 26.565160000000002], [94.47788000000001, 26.56726], [94.48021000000001, 26.56746], [94.48021000000001, 26.565780000000004], [94.48198000000001, 26.564760000000003], [94.48461, 26.568130000000004], [94.4882, 26.567560000000004], [94.4886, 26.568070000000002], [94.48740000000001, 26.57016], [94.4898, 26.571180000000002], [94.49619000000001, 26.56812], [94.49676000000001, 26.570320000000002], [94.49522, 26.57129], [94.49607, 26.573020000000003], [94.4955, 26.574140000000003], [94.4975, 26.576030000000003], [94.49522, 26.57822], [94.49527, 26.580470000000002], [94.49636000000001, 26.580830000000002], [94.49858, 26.579700000000003], [94.49955000000001, 26.58077], [94.50092000000001, 26.57919], [94.50085000000001, 26.576480000000004], [94.50357000000001, 26.575650000000003], [94.50452000000001, 26.576800000000002], [94.50292, 26.57975], [94.50326000000001, 26.58057], [94.50691, 26.581690000000002], [94.50514000000001, 26.582970000000003], [94.50474000000001, 26.58491], [94.50936, 26.586850000000002], [94.50953000000001, 26.588020000000004], [94.50771, 26.58996], [94.50777000000001, 26.590930000000004], [94.50822000000001, 26.591790000000003], [94.51102, 26.59241], [94.51187, 26.596030000000003], [94.51729, 26.599290000000003], [94.51735000000001, 26.601940000000003], [94.51963, 26.602500000000003], [94.52089000000001, 26.601740000000003], [94.52516000000001, 26.605570000000004], [94.52784000000001, 26.605100000000004], [94.52887000000001, 26.607960000000002], [94.52773, 26.608980000000003], [94.52893, 26.610820000000004], [94.53218000000001, 26.608060000000002], [94.53406000000001, 26.609080000000002], [94.53258000000001, 26.6125], [94.53543, 26.615260000000003], [94.53532000000001, 26.617240000000002], [94.53389000000001, 26.617700000000003], [94.52967000000001, 26.61699], [94.52921, 26.61811], [94.53036, 26.619740000000004], [94.53361000000001, 26.619690000000002], [94.53498, 26.62092], [94.53446000000001, 26.622190000000003], [94.53007000000001, 26.621530000000003], [94.52876, 26.622390000000003], [94.52961, 26.62459], [94.53053000000001, 26.62505], [94.53475, 26.624180000000003], [94.53503, 26.626630000000002], [94.53669000000001, 26.6277], [94.53709, 26.62902], [94.53903000000001, 26.629990000000003], [94.53931000000001, 26.632640000000002], [94.53686, 26.633770000000002], [94.53800000000001, 26.636210000000002], [94.54182, 26.635350000000003], [94.54251000000001, 26.636010000000002], [94.54285, 26.63728], [94.54216000000001, 26.638410000000004], [94.53965000000001, 26.63999], [94.53977, 26.640900000000002], [94.54393, 26.64167], [94.54399000000001, 26.64402], [94.54114000000001, 26.643960000000003], [94.54057, 26.64488], [94.54273, 26.648860000000003], [94.54199000000001, 26.649160000000002], [94.54171000000001, 26.65396], [94.5433, 26.654570000000003], [94.54587000000001, 26.65171], [94.54758000000001, 26.651510000000002], [94.5485, 26.6536], [94.54621, 26.654770000000003], [94.54587000000001, 26.656200000000002], [94.54821000000001, 26.656810000000004], [94.55032000000001, 26.659670000000002], [94.54969000000001, 26.662470000000003], [94.55397, 26.663690000000003], [94.5562, 26.66099], [94.55796000000001, 26.661910000000002], [94.55745, 26.664970000000004], [94.55956, 26.665680000000002], [94.56116, 26.667260000000002], [94.56144, 26.66879], [94.55968000000001, 26.669660000000004], [94.55996, 26.671030000000002], [94.56381, 26.67114], [94.56441000000001, 26.671950000000002], [94.56452, 26.674400000000002], [94.56053000000001, 26.675880000000003], [94.56053000000001, 26.67679], [94.56549000000001, 26.677200000000003], [94.56732000000001, 26.67827], [94.56601, 26.680310000000002], [94.56892, 26.682090000000002], [94.56926000000001, 26.68286], [94.56818000000001, 26.68484], [94.56931, 26.686280000000004], [94.57149000000001, 26.68655], [94.56978000000001, 26.687700000000003], [94.56766, 26.68729], [94.56641, 26.690130000000003], [94.56769000000001, 26.692580000000003], [94.57261000000001, 26.695010000000003], [94.57722000000001, 26.7006], [94.57946000000001, 26.700350000000004], [94.58233000000001, 26.69742], [94.58538, 26.698290000000004], [94.59, 26.696610000000003], [94.59386, 26.69723], [94.59153, 26.700160000000004], [94.59439, 26.70192], [94.59252000000001, 26.704960000000003], [94.59346000000001, 26.71507], [94.59543000000001, 26.716540000000002], [94.5973, 26.716790000000003], [94.59953, 26.714070000000003], [94.60088, 26.713980000000003], [94.60228000000001, 26.711620000000003], [94.60298, 26.711520000000004], [94.60334, 26.71243], [94.60108000000001, 26.714640000000003], [94.60239000000001, 26.716620000000002], [94.60148000000001, 26.719130000000003], [94.59847, 26.71855], [94.59616000000001, 26.720010000000002], [94.59409000000001, 26.7191], [94.59109000000001, 26.7206], [94.59101000000001, 26.721870000000003], [94.59288000000001, 26.72352], [94.5922, 26.724840000000004], [94.59562000000001, 26.726290000000002], [94.59355000000001, 26.731460000000002], [94.59736000000001, 26.734650000000002], [94.60388, 26.734640000000002], [94.60616, 26.73391], [94.60798000000001, 26.7374], [94.60991000000001, 26.736610000000002], [94.60998000000001, 26.73431], [94.60804, 26.728930000000002]]]}}, {"id": "20", "type": "Feature", "properties": {"state_name": "Nagaland", "district_name": "Mokokchung", "block_name": "Tuli", "block_lgd": 1760, "district_lgd": 246}, "geometry": {"type": "Polygon", "coordinates": [[[94.75635000000001, 26.729300000000002], [94.75211, 26.728360000000002], [94.74884, 26.731510000000004], [94.74380000000001, 26.732100000000003], [94.74343, 26.731420000000004], [94.74488000000001, 26.724490000000003], [94.74634, 26.722160000000002], [94.74744000000001, 26.71553], [94.74973000000001, 26.7115], [94.74876, 26.706290000000003], [94.74751, 26.704150000000002], [94.74896000000001, 26.70268], [94.74820000000001, 26.701780000000003], [94.7485, 26.700110000000002], [94.74883000000001, 26.69809], [94.72375000000001, 26.698480000000004], [94.72537000000001, 26.6963], [94.72762, 26.69543], [94.72673, 26.694730000000003], [94.72634000000001, 26.69263], [94.71867, 26.686400000000003], [94.71794000000001, 26.682340000000003], [94.71893000000001, 26.68185], [94.71855000000001, 26.68082], [94.71700000000001, 26.681040000000003], [94.71411, 26.67828], [94.70705000000001, 26.675300000000004], [94.70245000000001, 26.668660000000003], [94.69642, 26.665550000000003], [94.69083, 26.660750000000004], [94.68990000000001, 26.660420000000002], [94.68866000000001, 26.662850000000002], [94.68560000000001, 26.662190000000002], [94.68481000000001, 26.66036], [94.68312, 26.66073], [94.68279000000001, 26.65949], [94.68148000000001, 26.659920000000003], [94.68140000000001, 26.658590000000004], [94.67943000000001, 26.658440000000002], [94.67981, 26.657180000000004], [94.67854000000001, 26.656100000000002], [94.67742000000001, 26.6563], [94.67591, 26.654030000000002], [94.67411000000001, 26.653370000000002], [94.67117, 26.65386], [94.66984000000001, 26.652500000000003], [94.67018, 26.651120000000002], [94.66713000000001, 26.648860000000003], [94.66690000000001, 26.64795], [94.67173000000001, 26.6492], [94.67782000000001, 26.64816], [94.68387000000001, 26.643970000000003], [94.68621, 26.63971], [94.68968000000001, 26.640040000000003], [94.69896000000001, 26.63886], [94.7051, 26.639260000000004], [94.70989, 26.634140000000002], [94.71488000000001, 26.63059], [94.71562, 26.627640000000003], [94.71945000000001, 26.62469], [94.71935, 26.623540000000002], [94.72154, 26.622370000000004], [94.72187000000001, 26.62037], [94.72126, 26.618450000000003], [94.71821000000001, 26.615730000000003], [94.71961, 26.6109], [94.72311, 26.608240000000002], [94.72914, 26.607380000000003], [94.73081, 26.605320000000003], [94.73, 26.60216], [94.73312000000001, 26.60096], [94.73307000000001, 26.598830000000003], [94.73119000000001, 26.595810000000004], [94.73297000000001, 26.594680000000004], [94.73354, 26.590590000000002], [94.73049, 26.58904], [94.7295, 26.58667], [94.72771, 26.584970000000002], [94.72911, 26.58265], [94.72795, 26.582130000000003], [94.72605, 26.583240000000004], [94.72488000000001, 26.582880000000003], [94.72628, 26.57991], [94.72498, 26.575940000000003], [94.71911000000001, 26.574230000000004], [94.70723000000001, 26.57317], [94.6957, 26.573800000000002], [94.68714000000001, 26.575190000000003], [94.67122, 26.57869], [94.65476000000001, 26.58462], [94.64181, 26.573320000000002], [94.63679, 26.570660000000004], [94.62988000000001, 26.568810000000003], [94.62481000000001, 26.568550000000002], [94.62225000000001, 26.56696], [94.61626000000001, 26.568430000000003], [94.61447000000001, 26.570660000000004], [94.61497000000001, 26.574230000000004], [94.61119000000001, 26.57372], [94.60264000000001, 26.568430000000003], [94.59922, 26.563840000000003], [94.59494000000001, 26.54559], [94.58481, 26.537530000000004], [94.58482000000001, 26.532110000000003], [94.58028, 26.535310000000003], [94.57767000000001, 26.539030000000004], [94.57517000000001, 26.538290000000003], [94.57119, 26.54137], [94.56935000000001, 26.54175], [94.56715000000001, 26.54175], [94.56584000000001, 26.53967], [94.56323, 26.540260000000004], [94.56335000000001, 26.54305], [94.56221000000001, 26.543070000000004], [94.56074000000001, 26.54416], [94.56074000000001, 26.545820000000003], [94.56165000000001, 26.546840000000003], [94.5639, 26.546350000000004], [94.56621000000001, 26.547570000000004], [94.56809000000001, 26.550810000000002], [94.56666000000001, 26.55207], [94.56487000000001, 26.549830000000004], [94.56188, 26.549010000000003], [94.56024000000001, 26.553030000000003], [94.56024000000001, 26.5543], [94.56652000000001, 26.55788], [94.56509000000001, 26.560550000000003], [94.56530000000001, 26.56266], [94.56602000000001, 26.56349], [94.56787000000001, 26.56342], [94.56908000000001, 26.561190000000003], [94.57150000000001, 26.559420000000003], [94.57256000000001, 26.56077], [94.57265000000001, 26.565630000000002], [94.57426000000001, 26.566530000000004], [94.57623000000001, 26.565250000000002], [94.57926, 26.565630000000002], [94.58005000000001, 26.56669], [94.57919000000001, 26.56857], [94.58035000000001, 26.570380000000004], [94.58398000000001, 26.571250000000003], [94.58508, 26.57072], [94.58612000000001, 26.572100000000002], [94.58427, 26.57478], [94.58541000000001, 26.577260000000003], [94.58698000000001, 26.5772], [94.58805000000001, 26.57663], [94.58862, 26.57503], [94.58962000000001, 26.575160000000004], [94.59140000000001, 26.578540000000004], [94.58898, 26.58058], [94.59233, 26.583640000000003], [94.59397000000001, 26.583700000000004], [94.59554000000001, 26.58696], [94.59311000000001, 26.588420000000003], [94.59318, 26.59014], [94.59547, 26.593590000000003], [94.59946000000001, 26.5955], [94.59896, 26.598620000000004], [94.60060000000001, 26.60162], [94.60348, 26.599950000000003], [94.60546000000001, 26.602220000000003], [94.60473, 26.602700000000002], [94.60481000000001, 26.607360000000003], [94.60730000000001, 26.605380000000004], [94.61076000000001, 26.605300000000003], [94.60916, 26.609330000000003], [94.60958000000001, 26.61201], [94.61258000000001, 26.61137], [94.61438000000001, 26.611990000000002], [94.61555000000001, 26.61494], [94.62061000000001, 26.614580000000004], [94.62146000000001, 26.615180000000002], [94.62222000000001, 26.61598], [94.62156, 26.61737], [94.61928, 26.618640000000003], [94.61942, 26.61953], [94.62377000000001, 26.621260000000003], [94.6255, 26.619090000000003], [94.62622, 26.619380000000003], [94.62869, 26.622190000000003], [94.62795000000001, 26.62432], [94.62855, 26.627570000000002], [94.63119, 26.627250000000004], [94.63258, 26.62385], [94.63487, 26.624740000000003], [94.63606000000001, 26.62648], [94.63397, 26.62808], [94.63383, 26.629350000000002], [94.63511000000001, 26.63324], [94.63627000000001, 26.63407], [94.63629, 26.639290000000003], [94.63475000000001, 26.640950000000004], [94.63525000000001, 26.64439], [94.63796, 26.64458], [94.64053000000001, 26.646690000000003], [94.63818, 26.64975], [94.64025000000001, 26.65248], [94.64281000000001, 26.65172], [94.64459000000001, 26.65414], [94.64417, 26.6551], [94.64174000000001, 26.654400000000003], [94.6406, 26.655160000000002], [94.64017000000001, 26.6579], [94.64124000000001, 26.65905], [94.63949000000001, 26.662370000000003], [94.63782, 26.66243], [94.63725000000001, 26.664530000000003], [94.63704000000001, 26.667720000000003], [94.63832000000001, 26.670650000000002], [94.63525000000001, 26.671350000000004], [94.63497000000001, 26.67498], [94.63768, 26.676190000000002], [94.63661, 26.680840000000003], [94.63434000000001, 26.68306], [94.63411, 26.68486], [94.63639, 26.686700000000002], [94.63647, 26.690140000000003], [94.63454, 26.690140000000003], [94.63211000000001, 26.69302], [94.63361, 26.695050000000002], [94.63425000000001, 26.69836], [94.63368000000001, 26.699060000000003], [94.63107000000001, 26.69912], [94.62988000000001, 26.70098], [94.63048, 26.70397], [94.62955000000001, 26.705240000000003], [94.62912000000001, 26.708740000000002], [94.62491000000001, 26.71244], [94.62363, 26.71167], [94.62634000000001, 26.707410000000003], [94.62648, 26.704790000000003], [94.62563, 26.704410000000003], [94.61907000000001, 26.707410000000003], [94.6175, 26.710340000000002], [94.62092000000001, 26.710910000000002], [94.62182000000001, 26.712660000000003], [94.62427000000001, 26.715290000000003], [94.62950000000001, 26.715580000000003], [94.63248, 26.717360000000003], [94.63582000000001, 26.717090000000002], [94.64302, 26.7207], [94.65067, 26.720080000000003], [94.65302000000001, 26.718750000000004], [94.66711000000001, 26.72418], [94.68674000000001, 26.729640000000003], [94.69235, 26.731930000000002], [94.69778000000001, 26.73635], [94.70242, 26.742070000000002], [94.70717, 26.74631], [94.71323000000001, 26.750460000000004], [94.73692000000001, 26.763800000000003], [94.73588000000001, 26.759690000000003], [94.73677, 26.75644], [94.73645, 26.749360000000003], [94.73886, 26.74584], [94.74849, 26.741600000000002], [94.75619, 26.731170000000002], [94.75635000000001, 26.729300000000002]]]}}, {"id": "21", "type": "Feature", "properties": {"state_name": "Nagaland", "district_name": "Zunheboto", "block_name": "Zunheboto Sadar", "block_lgd": 1772, "district_lgd": 251}, "geometry": {"type": "Polygon", "coordinates": [[[94.60364000000001, 26.108410000000003], [94.61047, 26.108150000000002], [94.6179, 26.10628], [94.62265000000001, 26.09934], [94.62364000000001, 26.096760000000003], [94.62484, 26.08323], [94.62243000000001, 26.080260000000003], [94.61836000000001, 26.07769], [94.6149, 26.077550000000002], [94.61234, 26.073900000000002], [94.61114, 26.06565], [94.60676000000001, 26.064410000000002], [94.59874, 26.0532], [94.59161, 26.049730000000004], [94.58805000000001, 26.046260000000004], [94.58656, 26.041990000000002], [94.57468, 26.03291], [94.57230000000001, 26.023300000000003], [94.56309, 26.01743], [94.56279, 26.012620000000002], [94.56042000000001, 26.006750000000004], [94.55596000000001, 26.003010000000003], [94.55388, 25.99874], [94.55477, 25.994200000000003], [94.54823, 25.98832], [94.54318, 25.981910000000003], [94.54556000000001, 25.978180000000002], [94.54408000000001, 25.97257], [94.53516, 25.968560000000004], [94.53932, 25.958940000000002], [94.53724000000001, 25.95333], [94.53516, 25.950400000000002], [94.53427, 25.94265], [94.53011000000001, 25.945850000000004], [94.52684, 25.950400000000002], [94.52090000000001, 25.955470000000002], [94.51526000000001, 25.953870000000002], [94.51407, 25.96001], [94.50486000000001, 25.962950000000003], [94.49327000000001, 25.962950000000003], [94.48555, 25.96589], [94.48228, 25.969900000000003], [94.47842000000001, 25.9707], [94.47337, 25.969630000000002], [94.47188000000001, 25.963490000000004], [94.46861000000001, 25.961080000000003], [94.46267, 25.96402], [94.46208000000001, 25.97257], [94.46029000000001, 25.974700000000002], [94.45673000000001, 25.974700000000002], [94.45257000000001, 25.97257], [94.45108, 25.97257], [94.44871, 25.975510000000003], [94.44574, 25.981910000000003], [94.44128, 25.984320000000004], [94.43979, 25.98779], [94.43771000000001, 25.989390000000004], [94.43979, 25.999010000000002], [94.44217, 26.00061], [94.44514000000001, 26.00915], [94.44276, 26.009950000000003], [94.44247000000001, 26.015290000000004], [94.43904, 26.01893], [94.45359, 26.021860000000004], [94.45746000000001, 26.019460000000002], [94.45954, 26.016790000000004], [94.4628, 26.016520000000003], [94.4732, 26.02961], [94.4839, 26.03762], [94.4838, 26.044860000000003], [94.48847, 26.05122], [94.49208, 26.052030000000002], [94.49570000000001, 26.054060000000003], [94.50052000000001, 26.062440000000002], [94.50067000000001, 26.065690000000004], [94.50217, 26.067310000000003], [94.50579, 26.06772], [94.50895000000001, 26.06921], [94.51121, 26.072860000000002], [94.51392000000001, 26.08152], [94.52115, 26.08301], [94.52401, 26.080170000000003], [94.52868000000001, 26.080980000000004], [94.53154, 26.0849], [94.53967, 26.086930000000002], [94.54449000000001, 26.08612], [94.54660000000001, 26.087870000000002], [94.54795000000001, 26.09383], [94.5472, 26.09721], [94.54298000000001, 26.10356], [94.546, 26.111], [94.55254000000001, 26.110550000000003], [94.56175, 26.108410000000003], [94.57126000000001, 26.108150000000002], [94.58106000000001, 26.11108], [94.59413, 26.110020000000002], [94.60364000000001, 26.108410000000003]]]}}, {"id": "22", "type": "Feature", "properties": {"state_name": "Nagaland", "district_name": "Zunheboto", "block_name": "Atoizu", "block_lgd": 1773, "district_lgd": 251}, "geometry": {"type": "Polygon", "coordinates": [[[94.54208000000001, 26.171020000000002], [94.54554, 26.168590000000002], [94.5481, 26.16494], [94.54901000000001, 26.160210000000003], [94.55428, 26.151290000000003], [94.55428, 26.146020000000004], [94.55262, 26.14291], [94.54750000000001, 26.143590000000003], [94.54675, 26.137770000000003], [94.55127, 26.13182], [94.55097, 26.127360000000003], [94.54374000000001, 26.12236], [94.54253000000001, 26.117220000000003], [94.546, 26.1156], [94.546, 26.111], [94.54298000000001, 26.10356], [94.5472, 26.09721], [94.54795000000001, 26.09383], [94.54660000000001, 26.087870000000002], [94.54449000000001, 26.08612], [94.53967, 26.086930000000002], [94.53154, 26.0849], [94.52868000000001, 26.080980000000004], [94.52401, 26.080170000000003], [94.52115, 26.08301], [94.51392000000001, 26.08152], [94.51121, 26.072860000000002], [94.50895000000001, 26.06921], [94.50579, 26.06772], [94.50217, 26.067310000000003], [94.50067000000001, 26.065690000000004], [94.50052000000001, 26.062440000000002], [94.49570000000001, 26.054060000000003], [94.49208, 26.052030000000002], [94.48847, 26.05122], [94.4838, 26.044860000000003], [94.4839, 26.03762], [94.4732, 26.02961], [94.4628, 26.016520000000003], [94.45954, 26.016790000000004], [94.45746000000001, 26.019460000000002], [94.45359, 26.021860000000004], [94.43904, 26.01893], [94.43547000000001, 26.024530000000002], [94.42834, 26.0272], [94.42537, 26.0272], [94.41824000000001, 26.03094], [94.41764, 26.035750000000004], [94.41408000000001, 26.040020000000002], [94.40903, 26.041990000000002], [94.41687, 26.047970000000003], [94.43327000000001, 26.04755], [94.43826000000001, 26.04819], [94.44159, 26.05374], [94.44135000000001, 26.056510000000003], [94.44516, 26.06164], [94.45989, 26.070390000000003], [94.47748000000001, 26.078930000000003], [94.48247, 26.09025], [94.48057000000001, 26.099000000000004], [94.477, 26.106250000000003], [94.46251000000001, 26.10967], [94.45847, 26.10988], [94.44085000000001, 26.11813], [94.45416, 26.123590000000004], [94.46462000000001, 26.12666], [94.47736, 26.132810000000003], [94.48972, 26.144240000000003], [94.50075000000001, 26.15295], [94.5036, 26.156360000000003], [94.50284, 26.158920000000002], [94.50094000000001, 26.161140000000003], [94.49999000000001, 26.16541], [94.50303000000001, 26.170700000000004], [94.50893, 26.171380000000003], [94.51444000000001, 26.17104], [94.51615000000001, 26.166430000000002], [94.52052, 26.16728], [94.52376000000001, 26.170530000000003], [94.52414, 26.176840000000002], [94.52446, 26.180220000000002], [94.52612, 26.182920000000003], [94.53094, 26.182240000000004], [94.5335, 26.180490000000002], [94.53410000000001, 26.172780000000003], [94.54208000000001, 26.171020000000002]]]}}, {"id": "23", "type": "Feature", "properties": {"state_name": "Nagaland", "district_name": "Zunheboto", "block_name": "Akuhaito", "block_lgd": 1774, "district_lgd": 251}, "geometry": {"type": "Polygon", "coordinates": [[[94.43306000000001, 26.11642], [94.43610000000001, 26.11642], [94.44085000000001, 26.11813], [94.45847, 26.10988], [94.46251000000001, 26.10967], [94.477, 26.106250000000003], [94.48057000000001, 26.099000000000004], [94.48247, 26.09025], [94.47748000000001, 26.078930000000003], [94.45989, 26.070390000000003], [94.44516, 26.06164], [94.44135000000001, 26.056510000000003], [94.44159, 26.05374], [94.43826000000001, 26.04819], [94.43327000000001, 26.04755], [94.41687, 26.047970000000003], [94.40903, 26.041990000000002], [94.40736000000001, 26.044340000000002], [94.40641000000001, 26.050960000000003], [94.40309, 26.053310000000003], [94.39596, 26.04989], [94.38669, 26.0437], [94.38146, 26.0437], [94.37765, 26.046260000000004], [94.37694, 26.048830000000002], [94.37932, 26.05523], [94.37373000000001, 26.05545], [94.37505, 26.056690000000003], [94.37840000000001, 26.06726], [94.38075, 26.06792], [94.3823, 26.072820000000004], [94.38526, 26.073220000000003], [94.38749000000001, 26.074980000000004], [94.38685000000001, 26.078560000000003], [94.39057000000001, 26.08405], [94.39000000000001, 26.085530000000002], [94.38537000000001, 26.085890000000003], [94.38332000000001, 26.087080000000004], [94.38527, 26.089370000000002], [94.38350000000001, 26.092450000000003], [94.38443000000001, 26.095530000000004], [94.38347, 26.09577], [94.38094000000001, 26.094170000000002], [94.38119, 26.097160000000002], [94.37987000000001, 26.100550000000002], [94.38287000000001, 26.10337], [94.38312, 26.105140000000002], [94.39362000000001, 26.106520000000003], [94.40465, 26.110100000000003], [94.40731000000001, 26.111810000000002], [94.41720000000001, 26.109930000000002], [94.41967000000001, 26.11266], [94.41967000000001, 26.11642], [94.42279, 26.11727], [94.42450000000001, 26.12086], [94.42678000000001, 26.121540000000003], [94.4304, 26.11813], [94.43306000000001, 26.11642]]]}}, {"id": "24", "type": "Feature", "properties": {"state_name": "Nagaland", "district_name": "Zunheboto", "block_name": "Pughoboto", "block_lgd": 1775, "district_lgd": 251}, "geometry": {"type": "Polygon", "coordinates": [[[94.31958, 26.01704], [94.32336000000001, 26.016640000000002], [94.32175000000001, 26.01528], [94.32466000000001, 26.01348], [94.32309000000001, 26.011840000000003], [94.32551000000001, 26.010250000000003], [94.32486, 26.008440000000004], [94.32635, 26.007130000000004], [94.32554, 26.006320000000002], [94.32564, 26.00427], [94.32757000000001, 26.001590000000004], [94.32823, 25.99921], [94.33054000000001, 25.999350000000003], [94.33326000000001, 25.99819], [94.33617000000001, 25.99977], [94.33806000000001, 25.998130000000003], [94.33900000000001, 25.999540000000003], [94.34169000000001, 26.000120000000003], [94.34327, 26.00299], [94.34548000000001, 26.00448], [94.34912000000001, 26.004060000000003], [94.35346000000001, 26.006990000000002], [94.36021000000001, 26.007240000000003], [94.36849000000001, 26.00102], [94.367, 25.995150000000002], [94.36225, 25.986870000000003], [94.36106000000001, 25.976450000000003], [94.35571, 25.97191], [94.35126000000001, 25.9663], [94.34793, 25.967380000000002], [94.34507, 25.96721], [94.34298000000001, 25.963790000000003], [94.34241, 25.959860000000003], [94.34298000000001, 25.95661], [94.34146000000001, 25.951140000000002], [94.33633, 25.950460000000003], [94.331, 25.94105], [94.32986000000001, 25.93267], [94.32701, 25.931310000000003], [94.32454000000001, 25.933020000000003], [94.31541000000001, 25.92566], [94.32264, 25.921390000000002], [94.32492, 25.917450000000002], [94.32473, 25.9154], [94.32093, 25.912660000000002], [94.31864, 25.909070000000003], [94.31864, 25.9048], [94.32188000000001, 25.904970000000002], [94.32378000000001, 25.905990000000003], [94.32587000000001, 25.90463], [94.32663000000001, 25.899320000000003], [94.32492, 25.896590000000003], [94.32207000000001, 25.896250000000002], [94.32131000000001, 25.893340000000002], [94.32454000000001, 25.87948], [94.32302000000001, 25.87555], [94.31864, 25.876060000000003], [94.31693000000001, 25.874180000000003], [94.31712, 25.866650000000003], [94.31959, 25.86682], [94.31959, 25.862540000000003], [94.31104, 25.854840000000003], [94.30933, 25.851930000000003], [94.3118, 25.8468], [94.30914000000001, 25.842350000000003], [94.30248, 25.840300000000003], [94.30096, 25.835160000000002], [94.30115, 25.827980000000004], [94.29925, 25.82336], [94.29925, 25.81856], [94.29412, 25.816340000000004], [94.28955, 25.81274], [94.29031, 25.80761], [94.29335, 25.80675], [94.29278000000001, 25.80281], [94.28993000000001, 25.799730000000004], [94.28442000000001, 25.79614], [94.27589, 25.79341], [94.27342, 25.793670000000002], [94.27295000000001, 25.794850000000004], [94.2753, 25.79491], [94.27655000000001, 25.79596], [94.27742, 25.79754], [94.2763, 25.8], [94.28061000000001, 25.803630000000002], [94.28227000000001, 25.803590000000003], [94.28150000000001, 25.807360000000003], [94.27754, 25.810570000000002], [94.26869, 25.81332], [94.26664000000001, 25.81333], [94.26379000000001, 25.811390000000003], [94.26383000000001, 25.81002], [94.26071, 25.809210000000004], [94.26143, 25.806770000000004], [94.26050000000001, 25.805880000000002], [94.25941, 25.806600000000003], [94.25891000000001, 25.806160000000002], [94.26013, 25.80347], [94.25881000000001, 25.80476], [94.25606, 25.805020000000003], [94.25473000000001, 25.808230000000002], [94.25369, 25.810080000000003], [94.2543, 25.81126], [94.24773, 25.81697], [94.24820000000001, 25.82008], [94.24332000000001, 25.826020000000003], [94.24265000000001, 25.827930000000002], [94.24037000000001, 25.828560000000003], [94.23935, 25.829990000000002], [94.23653, 25.83141], [94.23643000000001, 25.832520000000002], [94.23067, 25.834780000000002], [94.22915, 25.84411], [94.22938, 25.845820000000003], [94.23085, 25.84681], [94.23025000000001, 25.84832], [94.23128000000001, 25.848830000000003], [94.22936000000001, 25.852310000000003], [94.23646000000001, 25.86286], [94.23637000000001, 25.865520000000004], [94.23841, 25.866930000000004], [94.24134000000001, 25.871810000000004], [94.24099000000001, 25.875090000000004], [94.24002, 25.87619], [94.23984, 25.880820000000003], [94.24078, 25.892730000000004], [94.24860000000001, 25.899070000000002], [94.24757000000001, 25.906720000000004], [94.24813, 25.90821], [94.24667000000001, 25.915760000000002], [94.24789000000001, 25.917460000000002], [94.24808, 25.92114], [94.24939, 25.921550000000003], [94.25065000000001, 25.920730000000002], [94.25111000000001, 25.922310000000003], [94.25244, 25.9232], [94.25378, 25.92188], [94.25648000000001, 25.921750000000003], [94.25598000000001, 25.92031], [94.25722, 25.919340000000002], [94.26099, 25.919580000000003], [94.26063, 25.921650000000003], [94.26417000000001, 25.922520000000002], [94.26895, 25.92169], [94.27189000000001, 25.9203], [94.27208, 25.921850000000003], [94.27589, 25.922340000000002], [94.27893, 25.9249], [94.28162, 25.925510000000003], [94.28298000000001, 25.9294], [94.28785, 25.92882], [94.28788, 25.930690000000002], [94.28977, 25.932730000000003], [94.29582, 25.93672], [94.29558, 25.939110000000003], [94.29877, 25.940250000000002], [94.29465, 25.94639], [94.29365000000001, 25.952820000000003], [94.28955, 25.96019], [94.29054000000001, 25.961350000000003], [94.29006000000001, 25.96488], [94.28716000000001, 25.965220000000002], [94.28591, 25.967820000000003], [94.28749, 25.971110000000003], [94.28673, 25.972450000000002], [94.28769000000001, 25.976110000000002], [94.28673, 25.979270000000003], [94.28259000000001, 25.983100000000004], [94.27738000000001, 25.984160000000003], [94.27464, 25.986950000000004], [94.26923000000001, 25.98788], [94.26496, 25.99586], [94.25713, 26.001710000000003], [94.25573000000001, 26.004350000000002], [94.25926000000001, 26.005470000000003], [94.26654, 26.006200000000003], [94.26851, 26.00749], [94.27588, 26.00972], [94.28290000000001, 26.00945], [94.28680000000001, 26.008170000000003], [94.29117000000001, 26.008650000000003], [94.29971, 26.006510000000002], [94.30141, 26.008300000000002], [94.30555000000001, 26.008840000000003], [94.30723, 26.012210000000003], [94.31016000000001, 26.01209], [94.31380000000001, 26.016170000000002], [94.31682, 26.01837], [94.31807, 26.017970000000002], [94.31958, 26.01704]]]}}, {"id": "25", "type": "Feature", "properties": {"state_name": "Nagaland", "district_name": "Zunheboto", "block_name": "Ghathashi", "block_lgd": 1776, "district_lgd": 251}, "geometry": {"type": "Polygon", "coordinates": [[[94.36280000000001, 25.95633], [94.36987, 25.956200000000003], [94.37123000000001, 25.95457], [94.37514, 25.953080000000003], [94.37532, 25.94301], [94.37681, 25.940070000000002], [94.37919000000001, 25.93793], [94.38246000000001, 25.937130000000003], [94.38305000000001, 25.931790000000003], [94.38067000000001, 25.925910000000002], [94.37235000000001, 25.926180000000002], [94.37176000000001, 25.92244], [94.37324000000001, 25.919500000000003], [94.37711, 25.9187], [94.38483000000001, 25.914690000000004], [94.38543000000001, 25.91121], [94.38780000000001, 25.90801], [94.38988, 25.907200000000003], [94.39018, 25.90988], [94.39196000000001, 25.91148], [94.3979, 25.910950000000003], [94.40117000000001, 25.906940000000002], [94.40385, 25.905070000000002], [94.40711, 25.905070000000002], [94.40979, 25.900520000000004], [94.41306, 25.900260000000003], [94.41395000000001, 25.90293], [94.4193, 25.90266], [94.42613000000001, 25.89892], [94.42791000000001, 25.89411], [94.43356000000001, 25.89384], [94.43861000000001, 25.89224], [94.44187000000001, 25.888230000000004], [94.44336000000001, 25.880480000000002], [94.44544, 25.8746], [94.45138000000001, 25.866310000000002], [94.45584000000001, 25.858290000000004], [94.46104000000001, 25.84608], [94.45787000000001, 25.845910000000003], [94.4543, 25.844420000000003], [94.45202, 25.84483], [94.44785, 25.842650000000003], [94.44568000000001, 25.8424], [94.43904, 25.845730000000003], [94.43388, 25.843970000000002], [94.43026, 25.845860000000002], [94.42729000000001, 25.84852], [94.42490000000001, 25.847510000000003], [94.41933, 25.847160000000002], [94.41820000000001, 25.84906], [94.41555000000001, 25.84974], [94.41266, 25.84796], [94.40336, 25.84796], [94.40216000000001, 25.849870000000003], [94.39461000000001, 25.850720000000003], [94.39044000000001, 25.853050000000003], [94.38592000000001, 25.853920000000002], [94.38292000000001, 25.856040000000004], [94.38014000000001, 25.855480000000004], [94.37732000000001, 25.85649], [94.37121, 25.856620000000003], [94.37015000000001, 25.85425], [94.36975000000001, 25.85171], [94.37181000000001, 25.850780000000004], [94.37237, 25.847790000000003], [94.37395000000001, 25.84737], [94.37469, 25.843420000000002], [94.37426, 25.838680000000004], [94.37561000000001, 25.836470000000002], [94.37481000000001, 25.83256], [94.37095000000001, 25.827090000000002], [94.36524000000001, 25.826710000000002], [94.36133000000001, 25.821250000000003], [94.35393, 25.81875], [94.35336000000001, 25.81914], [94.35411, 25.820660000000004], [94.34959, 25.819450000000003], [94.34783, 25.820660000000004], [94.34368, 25.81906], [94.33956, 25.82495], [94.33666000000001, 25.826330000000002], [94.33602, 25.8256], [94.3366, 25.823380000000004], [94.33387, 25.81745], [94.33296000000001, 25.811560000000004], [94.32993, 25.810060000000004], [94.32859, 25.80673], [94.32704000000001, 25.806530000000002], [94.32649, 25.805670000000003], [94.32643, 25.803340000000002], [94.32450000000001, 25.798510000000004], [94.32450000000001, 25.793680000000002], [94.32282000000001, 25.78854], [94.31785, 25.78424], [94.31576000000001, 25.778950000000002], [94.31733000000001, 25.776940000000003], [94.31707, 25.77286], [94.31955, 25.77138], [94.32022, 25.770400000000002], [94.31987000000001, 25.76901], [94.32145000000001, 25.767840000000003], [94.32274000000001, 25.765310000000003], [94.33207, 25.760640000000002], [94.33097000000001, 25.75748], [94.33032000000001, 25.755640000000003], [94.33146, 25.754170000000002], [94.32922, 25.75073], [94.32881, 25.74837], [94.32147, 25.74586], [94.31496000000001, 25.747210000000003], [94.31199000000001, 25.746930000000003], [94.30995, 25.74837], [94.3066, 25.74922], [94.29871000000001, 25.749450000000003], [94.29334000000001, 25.75167], [94.29156, 25.75109], [94.28889000000001, 25.75203], [94.28322000000001, 25.751640000000002], [94.27006, 25.752470000000002], [94.25822000000001, 25.7586], [94.25937, 25.76047], [94.25996, 25.765120000000003], [94.26186000000001, 25.766450000000003], [94.26169, 25.768220000000003], [94.26368000000001, 25.771030000000003], [94.26320000000001, 25.772630000000003], [94.26624000000001, 25.77495], [94.26484, 25.77728], [94.26715, 25.778070000000003], [94.26716, 25.78103], [94.26987000000001, 25.78386], [94.26972, 25.784950000000002], [94.27109, 25.787200000000002], [94.27390000000001, 25.789820000000002], [94.27553, 25.789890000000003], [94.27519000000001, 25.7921], [94.27589, 25.79341], [94.28442000000001, 25.79614], [94.28993000000001, 25.799730000000004], [94.29278000000001, 25.80281], [94.29335, 25.80675], [94.29031, 25.80761], [94.28955, 25.81274], [94.29412, 25.816340000000004], [94.29925, 25.81856], [94.29925, 25.82336], [94.30115, 25.827980000000004], [94.30096, 25.835160000000002], [94.30248, 25.840300000000003], [94.30914000000001, 25.842350000000003], [94.3118, 25.8468], [94.30933, 25.851930000000003], [94.31104, 25.854840000000003], [94.31959, 25.862540000000003], [94.31959, 25.86682], [94.31712, 25.866650000000003], [94.31693000000001, 25.874180000000003], [94.31864, 25.876060000000003], [94.32302000000001, 25.87555], [94.32454000000001, 25.87948], [94.32131000000001, 25.893340000000002], [94.32207000000001, 25.896250000000002], [94.32492, 25.896590000000003], [94.32663000000001, 25.899320000000003], [94.32587000000001, 25.90463], [94.32378000000001, 25.905990000000003], [94.32188000000001, 25.904970000000002], [94.31864, 25.9048], [94.31864, 25.909070000000003], [94.32093, 25.912660000000002], [94.32473, 25.9154], [94.32492, 25.917450000000002], [94.32264, 25.921390000000002], [94.31541000000001, 25.92566], [94.32454000000001, 25.933020000000003], [94.32701, 25.931310000000003], [94.32986000000001, 25.93267], [94.331, 25.94105], [94.33633, 25.950460000000003], [94.34146000000001, 25.951140000000002], [94.34298000000001, 25.95661], [94.34241, 25.959860000000003], [94.34298000000001, 25.963790000000003], [94.34507, 25.96721], [94.34793, 25.967380000000002], [94.35126000000001, 25.9663], [94.35903, 25.964460000000003], [94.36039000000001, 25.962560000000003], [94.36008000000001, 25.960390000000004], [94.36084000000001, 25.9585], [94.36280000000001, 25.95633]]]}}, {"id": "26", "type": "Feature", "properties": {"state_name": "Nagaland", "district_name": "Zunheboto", "block_name": "Saptiqa", "block_lgd": 1778, "district_lgd": 251}, "geometry": {"type": "Polygon", "coordinates": [[[94.41408000000001, 26.040020000000002], [94.41764, 26.035750000000004], [94.41824000000001, 26.03094], [94.42537, 26.0272], [94.42834, 26.0272], [94.43547000000001, 26.024530000000002], [94.43904, 26.01893], [94.44247000000001, 26.015290000000004], [94.44276, 26.009950000000003], [94.44514000000001, 26.00915], [94.44217, 26.00061], [94.43979, 25.999010000000002], [94.43771000000001, 25.989390000000004], [94.42996000000001, 25.985580000000002], [94.41099000000001, 25.966620000000002], [94.40376, 25.961750000000002], [94.39743000000001, 25.9585], [94.37876000000001, 25.95484], [94.37514, 25.953080000000003], [94.37123000000001, 25.95457], [94.36987, 25.956200000000003], [94.36280000000001, 25.95633], [94.36084000000001, 25.9585], [94.36008000000001, 25.960390000000004], [94.36039000000001, 25.962560000000003], [94.35903, 25.964460000000003], [94.35126000000001, 25.9663], [94.35571, 25.97191], [94.36106000000001, 25.976450000000003], [94.36225, 25.986870000000003], [94.367, 25.995150000000002], [94.36849000000001, 26.00102], [94.36021000000001, 26.007240000000003], [94.36250000000001, 26.008370000000003], [94.36260000000001, 26.009240000000002], [94.36059, 26.010080000000002], [94.35685000000001, 26.009040000000002], [94.35600000000001, 26.010270000000002], [94.35786, 26.012580000000003], [94.35806000000001, 26.014840000000003], [94.35945000000001, 26.016640000000002], [94.35778, 26.02164], [94.35979, 26.02467], [94.36241000000001, 26.026180000000004], [94.36025000000001, 26.027970000000003], [94.3636, 26.031010000000002], [94.36609000000001, 26.038510000000002], [94.37030000000001, 26.046920000000004], [94.37064000000001, 26.048280000000002], [94.36964, 26.04988], [94.37030000000001, 26.052940000000003], [94.37373000000001, 26.05545], [94.37932, 26.05523], [94.37694, 26.048830000000002], [94.37765, 26.046260000000004], [94.38146, 26.0437], [94.38669, 26.0437], [94.39596, 26.04989], [94.40309, 26.053310000000003], [94.40641000000001, 26.050960000000003], [94.40736000000001, 26.044340000000002], [94.40903, 26.041990000000002], [94.41408000000001, 26.040020000000002]]]}}, {"id": "27", "type": "Feature", "properties": {"state_name": "Nagaland", "district_name": "Wokha", "block_name": "Baghty", "block_lgd": 1783, "district_lgd": 250}, "geometry": {"type": "Polygon", "coordinates": [[[94.23076, 26.27868], [94.23285000000001, 26.275440000000003], [94.23513000000001, 26.274590000000003], [94.23912000000001, 26.274070000000002], [94.24464, 26.27595], [94.24901000000001, 26.274590000000003], [94.22810000000001, 26.242870000000003], [94.22296000000001, 26.237920000000003], [94.21593000000001, 26.2282], [94.21041000000001, 26.223080000000003], [94.20395, 26.221890000000002], [94.19995, 26.218310000000002], [94.1971, 26.21797], [94.19178000000001, 26.220530000000004], [94.19216, 26.222910000000002], [94.18988, 26.223250000000004], [94.18836, 26.225640000000002], [94.18417000000001, 26.22615], [94.18151, 26.2253], [94.17849000000001, 26.228450000000002], [94.18039, 26.230660000000004], [94.17963, 26.233220000000003], [94.17297, 26.243450000000003], [94.17392000000001, 26.259660000000004], [94.17716, 26.27176], [94.18933000000001, 26.29529], [94.19294000000001, 26.29785], [94.20055, 26.299380000000003], [94.20737000000001, 26.295730000000002], [94.21688, 26.294020000000003], [94.21897000000001, 26.292150000000003], [94.22049000000001, 26.285670000000003], [94.22049000000001, 26.28226], [94.2222, 26.27953], [94.23076, 26.27868]]]}}, {"id": "28", "type": "Feature", "properties": {"state_name": "Nagaland", "district_name": "Wokha", "block_name": "Sungro", "block_lgd": 1784, "district_lgd": 250}, "geometry": {"type": "Polygon", "coordinates": [[[94.36284, 26.332910000000002], [94.36258000000001, 26.33123], [94.36104, 26.331370000000003], [94.36087, 26.330060000000003], [94.35814, 26.327550000000002], [94.35783, 26.324610000000003], [94.35639, 26.324790000000004], [94.35649000000001, 26.323030000000003], [94.35436000000001, 26.319920000000003], [94.35437, 26.317760000000003], [94.35326, 26.31651], [94.35351000000001, 26.314510000000002], [94.35496, 26.313280000000002], [94.35384, 26.31098], [94.35188000000001, 26.30992], [94.35390000000001, 26.308550000000004], [94.35341000000001, 26.30645], [94.35432, 26.30506], [94.3571, 26.303440000000002], [94.35549, 26.29943], [94.3559, 26.29663], [94.35491, 26.29332], [94.35573000000001, 26.29071], [94.35535, 26.28815], [94.35696, 26.285010000000003], [94.35613000000001, 26.28234], [94.35638, 26.280070000000002], [94.35903, 26.27578], [94.35935, 26.26892], [94.35596000000001, 26.26555], [94.35626, 26.263810000000003], [94.35412000000001, 26.26049], [94.35473, 26.25823], [94.35274000000001, 26.256890000000002], [94.35116000000001, 26.254250000000003], [94.34936, 26.25393], [94.34729, 26.24914], [94.34531000000001, 26.24811], [94.34327, 26.244300000000003], [94.33818000000001, 26.242600000000003], [94.33500000000001, 26.2406], [94.34087000000001, 26.23964], [94.34131000000001, 26.238690000000002], [94.34273, 26.23917], [94.34368, 26.241500000000002], [94.34579000000001, 26.241560000000003], [94.34693000000001, 26.242710000000002], [94.35333000000001, 26.240890000000004], [94.35599, 26.242040000000003], [94.35819000000001, 26.238310000000002], [94.36396, 26.237440000000003], [94.36457000000001, 26.23551], [94.36979000000001, 26.231600000000004], [94.37761, 26.228320000000004], [94.3819, 26.229380000000003], [94.38367000000001, 26.22884], [94.38479000000001, 26.223540000000003], [94.38352, 26.218100000000003], [94.38082000000001, 26.212210000000002], [94.38002, 26.207130000000003], [94.37803000000001, 26.204510000000003], [94.37786000000001, 26.20306], [94.37193, 26.195610000000002], [94.37123000000001, 26.19311], [94.36811, 26.192390000000003], [94.36539, 26.192850000000004], [94.36275, 26.19133], [94.35967000000001, 26.188100000000002], [94.35699000000001, 26.19018], [94.35537000000001, 26.187070000000002], [94.35136000000001, 26.18719], [94.34771, 26.18437], [94.34932, 26.183370000000004], [94.34701000000001, 26.181120000000004], [94.34418000000001, 26.180090000000003], [94.34027, 26.177100000000003], [94.33782000000001, 26.17685], [94.33774000000001, 26.178800000000003], [94.33568000000001, 26.178710000000002], [94.33408000000001, 26.184060000000002], [94.32591000000001, 26.190590000000004], [94.32814, 26.192850000000004], [94.32858, 26.196720000000003], [94.3268, 26.198320000000002], [94.3216, 26.20072], [94.31937, 26.199920000000002], [94.31655, 26.201520000000002], [94.31685, 26.20605], [94.31774000000001, 26.208180000000002], [94.31714000000001, 26.210580000000004], [94.3118, 26.21111], [94.3118, 26.21338], [94.30957000000001, 26.215110000000003], [94.30274000000001, 26.214850000000002], [94.3014, 26.21658], [94.30125000000001, 26.21844], [94.29828, 26.218580000000003], [94.29501, 26.22031], [94.29531, 26.228040000000004], [94.29620000000001, 26.232170000000004], [94.29471000000001, 26.233900000000002], [94.28981, 26.23363], [94.28446000000001, 26.22857], [94.2809, 26.2283], [94.27436, 26.22884], [94.26993, 26.23281], [94.27164, 26.23571], [94.2724, 26.240650000000002], [94.27544, 26.24219], [94.27582000000001, 26.244400000000002], [94.27297, 26.24867], [94.27373000000001, 26.25157], [94.27639, 26.25259], [94.27845, 26.24952], [94.28053000000001, 26.24846], [94.28380000000001, 26.24979], [94.28380000000001, 26.25645], [94.28618, 26.25832], [94.28915, 26.257520000000003], [94.29093, 26.255380000000002], [94.29331, 26.25512], [94.29509, 26.257250000000003], [94.29390000000001, 26.260180000000002], [94.29152, 26.262850000000004], [94.28766, 26.26338], [94.28647000000001, 26.26631], [94.28647000000001, 26.27004], [94.28826000000001, 26.27483], [94.28142000000001, 26.275900000000004], [94.28142000000001, 26.27776], [94.28529, 26.285490000000003], [94.28499000000001, 26.293210000000002], [94.28707000000001, 26.295350000000003], [94.29360000000001, 26.295880000000004], [94.29865000000001, 26.29801], [94.30073, 26.30307], [94.30252, 26.30467], [94.31589000000001, 26.30627], [94.32658, 26.31585], [94.32985000000001, 26.314790000000002], [94.33134000000001, 26.315590000000004], [94.33757000000001, 26.326500000000003], [94.34181000000001, 26.32881], [94.34544000000001, 26.328940000000003], [94.34794000000001, 26.331690000000002], [94.34976, 26.33564], [94.35019000000001, 26.33341], [94.35183, 26.332120000000003], [94.35494000000001, 26.33283], [94.35574000000001, 26.335700000000003], [94.35863, 26.33463], [94.35982000000001, 26.335390000000004], [94.35975, 26.336910000000003], [94.36498, 26.337030000000002], [94.36596, 26.336830000000003], [94.36284, 26.332910000000002]]]}}, {"id": "29", "type": "Feature", "properties": {"state_name": "Nagaland", "district_name": "Wokha", "block_name": "Sanis", "block_lgd": 1785, "district_lgd": 250}, "geometry": {"type": "Polygon", "coordinates": [[[94.25928, 26.27203], [94.26517000000001, 26.2722], [94.26898000000001, 26.27032], [94.26974000000001, 26.262480000000004], [94.27107000000001, 26.260260000000002], [94.27411000000001, 26.26282], [94.2762, 26.262310000000003], [94.27734000000001, 26.25549], [94.27639, 26.25259], [94.27373000000001, 26.25157], [94.27297, 26.24867], [94.27582000000001, 26.244400000000002], [94.27544, 26.24219], [94.2724, 26.240650000000002], [94.27164, 26.23571], [94.26993, 26.23281], [94.26384, 26.232640000000004], [94.25966000000001, 26.227690000000003], [94.25319, 26.22462], [94.24939, 26.228540000000002], [94.24616, 26.225980000000003], [94.24597000000001, 26.221380000000003], [94.24749000000001, 26.22087], [94.24787, 26.219330000000003], [94.24692, 26.216770000000004], [94.24388, 26.213530000000002], [94.23855, 26.21319], [94.23551, 26.20773], [94.23608, 26.200740000000003], [94.23076, 26.195280000000004], [94.22810000000001, 26.19647], [94.22562, 26.19442], [94.21878000000001, 26.193230000000003], [94.21726000000001, 26.18999], [94.21193000000001, 26.188620000000004], [94.20528, 26.18811], [94.20205000000001, 26.181630000000002], [94.20129000000001, 26.177870000000002], [94.20167000000001, 26.17395], [94.19862, 26.165760000000002], [94.19881000000001, 26.16149], [94.19045000000001, 26.163880000000002], [94.18360000000001, 26.159440000000004], [94.18303, 26.15483], [94.17942000000001, 26.152620000000002], [94.17809000000001, 26.149030000000003], [94.17486000000001, 26.148010000000003], [94.17409, 26.14664], [94.17428000000001, 26.139470000000003], [94.16839, 26.134860000000003], [94.15964000000001, 26.134010000000004], [94.15755000000001, 26.126500000000004], [94.1585, 26.124280000000002], [94.15831000000001, 26.122400000000003], [94.15527, 26.11848], [94.14785, 26.117790000000003], [94.14758, 26.11335], [94.14405000000001, 26.111480000000004], [94.13949000000001, 26.114210000000003], [94.13531, 26.117960000000004], [94.13169, 26.127350000000003], [94.12694, 26.12769], [94.12580000000001, 26.12496], [94.12333000000001, 26.126160000000002], [94.12123000000001, 26.128210000000003], [94.12009, 26.131960000000003], [94.12295, 26.13708], [94.12047000000001, 26.14357], [94.12068000000001, 26.14723], [94.12259, 26.1503], [94.12354, 26.15593], [94.12582, 26.15952], [94.13266, 26.16259], [94.13418, 26.16617], [94.13380000000001, 26.1701], [94.13571, 26.17266], [94.14122, 26.17368], [94.14426, 26.173340000000003], [94.14654, 26.175050000000002], [94.14692000000001, 26.17726], [94.14312000000001, 26.182900000000004], [94.14559000000001, 26.186650000000004], [94.14940000000001, 26.189890000000002], [94.15966, 26.190400000000004], [94.15966, 26.1945], [94.16442, 26.1991], [94.16841000000001, 26.20098], [94.1705, 26.203370000000003], [94.17069000000001, 26.207120000000003], [94.1667, 26.20832], [94.16613000000001, 26.210710000000002], [94.17507, 26.218380000000003], [94.1764, 26.222130000000003], [94.17659, 26.225890000000003], [94.17849000000001, 26.228450000000002], [94.18151, 26.2253], [94.18417000000001, 26.22615], [94.18836, 26.225640000000002], [94.18988, 26.223250000000004], [94.19216, 26.222910000000002], [94.19178000000001, 26.220530000000004], [94.1971, 26.21797], [94.19995, 26.218310000000002], [94.20395, 26.221890000000002], [94.21041000000001, 26.223080000000003], [94.21593000000001, 26.2282], [94.22296000000001, 26.237920000000003], [94.22810000000001, 26.242870000000003], [94.24901000000001, 26.274590000000003], [94.25205000000001, 26.275100000000002], [94.25719000000001, 26.273220000000002], [94.25928, 26.27203]]]}}, {"id": "30", "type": "Feature", "properties": {"state_name": "Nagaland", "district_name": "Wokha", "block_name": "Lotsu", "block_lgd": 1786, "district_lgd": 250}, "geometry": {"type": "Polygon", "coordinates": [[[94.12580000000001, 26.12496], [94.12694, 26.12769], [94.13169, 26.127350000000003], [94.13531, 26.117960000000004], [94.13949000000001, 26.114210000000003], [94.14405000000001, 26.111480000000004], [94.14758, 26.11335], [94.15070000000001, 26.10948], [94.14904000000001, 26.10734], [94.14095, 26.10478], [94.13858, 26.105420000000002], [94.13264000000001, 26.099870000000003], [94.13335000000001, 26.095820000000003], [94.13145, 26.093470000000003], [94.13050000000001, 26.090480000000003], [94.12812000000001, 26.088130000000003], [94.12360000000001, 26.086640000000003], [94.12218000000001, 26.08386], [94.12242, 26.08088], [94.12598000000001, 26.08066], [94.12479, 26.077460000000002], [94.12146000000001, 26.075540000000004], [94.11410000000001, 26.073400000000003], [94.11077, 26.06764], [94.10934, 26.060810000000004], [94.10055000000001, 26.058030000000002], [94.09746000000001, 26.053120000000003], [94.09437000000001, 26.04906], [94.09342000000001, 26.045650000000002], [94.09413, 26.04351], [94.09817000000001, 26.04266], [94.09793, 26.03967], [94.09579000000001, 26.03646], [94.09199000000001, 26.035400000000003], [94.08890000000001, 26.036250000000003], [94.08439000000001, 26.03582], [94.08272000000001, 26.03497], [94.08011, 26.031340000000004], [94.07773, 26.026000000000003], [94.07298, 26.021510000000003], [94.0687, 26.023650000000004], [94.06585000000001, 26.023010000000003], [94.06157, 26.026210000000003], [94.05943, 26.02344], [94.05682, 26.025570000000002], [94.05373, 26.027710000000003], [94.05206000000001, 26.02728], [94.04992000000001, 26.02963], [94.05111000000001, 26.033050000000003], [94.04683000000001, 26.03497], [94.04517000000001, 26.03881], [94.03946, 26.03881], [94.0378, 26.04031], [94.03804000000001, 26.045430000000003], [94.03709, 26.047140000000002], [94.02806000000001, 26.04671], [94.02639, 26.04437], [94.02283000000001, 26.04586], [94.01249000000001, 26.05366], [94.01477000000001, 26.05451], [94.01668000000001, 26.061000000000003], [94.01972, 26.06425], [94.02428, 26.06698], [94.02732, 26.066810000000004], [94.03398000000001, 26.068340000000003], [94.04292000000001, 26.074840000000002], [94.04729, 26.07159], [94.04995000000001, 26.07279], [94.05432, 26.078760000000003], [94.05356, 26.081840000000003], [94.05623000000001, 26.085770000000004], [94.05851000000001, 26.086450000000003], [94.06497, 26.09089], [94.06973, 26.097720000000002], [94.07353, 26.098740000000003], [94.07904, 26.098060000000004], [94.0819, 26.099770000000003], [94.08209000000001, 26.106600000000004], [94.08380000000001, 26.110010000000003], [94.09197, 26.11155], [94.09311000000001, 26.1136], [94.09007000000001, 26.123330000000003], [94.09235000000001, 26.126400000000004], [94.09521000000001, 26.127260000000003], [94.09844000000001, 26.120430000000002], [94.1011, 26.12179], [94.10224000000001, 26.125210000000003], [94.10224000000001, 26.12965], [94.10395000000001, 26.132550000000002], [94.10795, 26.136650000000003], [94.11042, 26.14723], [94.11612000000001, 26.147910000000003], [94.12068000000001, 26.14723], [94.12047000000001, 26.14357], [94.12295, 26.13708], [94.12009, 26.131960000000003], [94.12123000000001, 26.128210000000003], [94.12333000000001, 26.126160000000002], [94.12580000000001, 26.12496]]]}}, {"id": "31", "type": "Feature", "properties": {"state_name": "Nagaland", "district_name": "Wokha", "block_name": "Englan", "block_lgd": 1790, "district_lgd": 250}, "geometry": {"type": "Polygon", "coordinates": [[[94.29501, 26.22031], [94.29828, 26.218580000000003], [94.30125000000001, 26.21844], [94.3014, 26.21658], [94.30274000000001, 26.214850000000002], [94.30957000000001, 26.215110000000003], [94.3118, 26.21338], [94.3118, 26.21111], [94.31714000000001, 26.210580000000004], [94.31774000000001, 26.208180000000002], [94.31685, 26.20605], [94.31655, 26.201520000000002], [94.31937, 26.199920000000002], [94.3216, 26.20072], [94.3268, 26.198320000000002], [94.32858, 26.196720000000003], [94.32814, 26.192850000000004], [94.32591000000001, 26.190590000000004], [94.32191, 26.18767], [94.31597000000001, 26.186600000000002], [94.31217000000001, 26.184040000000003], [94.31027, 26.181060000000002], [94.3105, 26.177640000000004], [94.30599000000001, 26.171670000000002], [94.29814, 26.172950000000004], [94.29458000000001, 26.170820000000003], [94.29315000000001, 26.167830000000002], [94.29458000000001, 26.161640000000002], [94.29196, 26.15866], [94.28555, 26.159720000000004], [94.28317000000001, 26.1593], [94.27984000000001, 26.156740000000003], [94.27794, 26.154390000000003], [94.27675, 26.147560000000002], [94.27526, 26.145290000000003], [94.26986000000001, 26.138600000000004], [94.26653, 26.13604], [94.25489, 26.1322], [94.24419, 26.123450000000002], [94.23658, 26.120680000000004], [94.23041, 26.12366], [94.21805, 26.132630000000002], [94.21282000000001, 26.134970000000003], [94.21020000000001, 26.137960000000003], [94.2064, 26.14543], [94.20355, 26.148200000000003], [94.20188, 26.152680000000004], [94.20141000000001, 26.1578], [94.19881000000001, 26.16149], [94.19862, 26.165760000000002], [94.20167000000001, 26.17395], [94.20129000000001, 26.177870000000002], [94.20205000000001, 26.181630000000002], [94.20528, 26.18811], [94.21193000000001, 26.188620000000004], [94.21726000000001, 26.18999], [94.21878000000001, 26.193230000000003], [94.22562, 26.19442], [94.22810000000001, 26.19647], [94.23076, 26.195280000000004], [94.23608, 26.200740000000003], [94.23551, 26.20773], [94.23855, 26.21319], [94.24388, 26.213530000000002], [94.24692, 26.216770000000004], [94.24787, 26.219330000000003], [94.24749000000001, 26.22087], [94.24597000000001, 26.221380000000003], [94.24616, 26.225980000000003], [94.24939, 26.228540000000002], [94.25319, 26.22462], [94.25966000000001, 26.227690000000003], [94.26384, 26.232640000000004], [94.26993, 26.23281], [94.27436, 26.22884], [94.2809, 26.2283], [94.28446000000001, 26.22857], [94.28981, 26.23363], [94.29471000000001, 26.233900000000002], [94.29620000000001, 26.232170000000004], [94.29531, 26.228040000000004], [94.29501, 26.22031]]]}}, {"id": "32", "type": "Feature", "properties": {"state_name": "Nagaland", "district_name": "Dimapur", "block_name": "Nihokhu", "block_lgd": 1795, "district_lgd": 244}, "geometry": {"type": "Polygon", "coordinates": [[[93.97261, 25.89786], [93.97879, 25.894230000000004], [93.98402, 25.892940000000003], [93.98713000000001, 25.890530000000002], [93.98642000000001, 25.88219], [93.9907, 25.877060000000004], [93.99818, 25.87674], [93.99604000000001, 25.87224], [93.99212000000001, 25.868070000000003], [93.98856, 25.867430000000002], [93.98285000000001, 25.86775], [93.97858000000001, 25.861980000000003], [93.97715000000001, 25.856530000000003], [93.96858, 25.849290000000003], [93.96115, 25.84662], [93.95402000000001, 25.84127], [93.94868000000001, 25.838590000000003], [93.94273000000001, 25.83726], [93.93739000000001, 25.83726], [93.92966000000001, 25.832710000000002], [93.91956, 25.82496], [93.89817000000001, 25.819070000000004], [93.86638, 25.80383], [93.85390000000001, 25.800880000000003], [93.84618, 25.80008], [93.83875, 25.804630000000003], [93.83459, 25.809710000000003], [93.82954000000001, 25.810250000000003], [93.84113, 25.814790000000002], [93.84707, 25.81961], [93.85984, 25.826290000000004], [93.8747, 25.836990000000004], [93.87611000000001, 25.842480000000002], [93.88180000000001, 25.84335], [93.88654000000001, 25.84832], [93.88997, 25.85864], [93.89604000000001, 25.857860000000002], [93.89735, 25.862340000000003], [93.90195000000001, 25.87085], [93.90751, 25.87252], [93.91157000000001, 25.876520000000003], [93.91088, 25.879450000000002], [93.91600000000001, 25.8837], [93.92382, 25.88351], [93.92615, 25.885], [93.92828, 25.884320000000002], [93.93398, 25.885250000000003], [93.93542000000001, 25.894450000000003], [93.93797, 25.896310000000003], [93.94432, 25.89552], [93.94501000000001, 25.897640000000003], [93.95166, 25.898570000000003], [93.95977, 25.90211], [93.96107, 25.90123], [93.96646000000001, 25.905690000000003], [93.96976000000001, 25.90107], [93.97261, 25.89786]]]}}, {"id": "33", "type": "Feature", "properties": {"state_name": "Nagaland", "district_name": "Phek", "block_name": "Zuketsa", "block_lgd": 1810, "district_lgd": 248}, "geometry": {"type": "Polygon", "coordinates": [[[94.20528, 25.55395], [94.20693000000001, 25.555310000000002], [94.20874, 25.55545], [94.21281, 25.55395], [94.21446, 25.554630000000003], [94.21838000000001, 25.554090000000002], [94.21913, 25.552870000000002], [94.2232, 25.55205], [94.22546000000001, 25.55056], [94.22832000000001, 25.55056], [94.22982, 25.551640000000003], [94.23359, 25.552190000000003], [94.23735, 25.551920000000003], [94.24955000000001, 25.544310000000003], [94.25061000000001, 25.542], [94.25091, 25.535880000000002], [94.25648000000001, 25.520930000000003], [94.25678, 25.514000000000003], [94.25798, 25.50843], [94.25293, 25.498450000000002], [94.24775000000001, 25.494110000000003], [94.22866, 25.493450000000003], [94.22306, 25.50324], [94.22255000000001, 25.5069], [94.22112000000001, 25.509880000000003], [94.2222, 25.513800000000003], [94.22146000000001, 25.51622], [94.21804, 25.518580000000004], [94.21656, 25.52157], [94.21405000000001, 25.524140000000003], [94.21000000000001, 25.525280000000002], [94.20983000000001, 25.528060000000004], [94.20851, 25.529500000000002], [94.20549000000001, 25.529960000000003], [94.20441000000001, 25.53084], [94.20435, 25.532380000000003], [94.19882000000001, 25.53367], [94.19488000000001, 25.53629], [94.18982000000001, 25.53835], [94.19071000000001, 25.54763], [94.19209000000001, 25.54841], [94.19539, 25.55441], [94.19656, 25.55723], [94.19643, 25.55938], [94.19895000000001, 25.559800000000003], [94.20076, 25.55694], [94.20347000000001, 25.55572], [94.20528, 25.55395]]]}}, {"id": "34", "type": "Feature", "properties": {"state_name": "Nagaland", "district_name": "Phek", "block_name": "Khezhakeno", "block_lgd": 1811, "district_lgd": 248}, "geometry": {"type": "Polygon", "coordinates": [[[94.20851, 25.529500000000002], [94.20983000000001, 25.528060000000004], [94.21000000000001, 25.525280000000002], [94.21405000000001, 25.524140000000003], [94.21656, 25.52157], [94.21804, 25.518580000000004], [94.22146000000001, 25.51622], [94.2222, 25.513800000000003], [94.22112000000001, 25.509880000000003], [94.22255000000001, 25.5069], [94.22306, 25.50324], [94.22866, 25.493450000000003], [94.22744, 25.4934], [94.22485, 25.491100000000003], [94.21870000000001, 25.491880000000002], [94.21560000000001, 25.494750000000003], [94.21059000000001, 25.49536], [94.20857000000001, 25.497950000000003], [94.20868, 25.503310000000003], [94.20266000000001, 25.506800000000002], [94.20265, 25.509110000000003], [94.19504, 25.517950000000003], [94.18653, 25.52598], [94.18595, 25.529840000000004], [94.18982000000001, 25.53835], [94.19488000000001, 25.53629], [94.19882000000001, 25.53367], [94.20435, 25.532380000000003], [94.20441000000001, 25.53084], [94.20549000000001, 25.529960000000003], [94.20851, 25.529500000000002]]]}}, {"id": "35", "type": "Feature", "properties": {"state_name": "Nagaland", "district_name": "Phek", "block_name": "Razieba", "block_lgd": 1813, "district_lgd": 248}, "geometry": {"type": "Polygon", "coordinates": [[[94.34497, 25.55065], [94.34795000000001, 25.548910000000003], [94.35106, 25.54878], [94.35582000000001, 25.550120000000003], [94.3735, 25.538050000000002], [94.38162000000001, 25.529760000000003], [94.36025000000001, 25.51629], [94.32463000000001, 25.503220000000002], [94.31629000000001, 25.49416], [94.30914000000001, 25.48935], [94.30459, 25.48871], [94.29826000000001, 25.48955], [94.29464, 25.49565], [94.29421, 25.49902], [94.29480000000001, 25.502450000000003], [94.29825000000001, 25.511570000000003], [94.2973, 25.51629], [94.29813000000001, 25.522720000000003], [94.30098000000001, 25.530980000000003], [94.30680000000001, 25.54567], [94.31750000000001, 25.55629], [94.32180000000001, 25.5544], [94.33042, 25.555880000000002], [94.33502000000001, 25.553330000000003], [94.34497, 25.55065]]]}}, {"id": "36", "type": "Feature", "properties": {"state_name": "Nagaland", "district_name": "Tuensang", "block_name": "Noksen", "block_lgd": 1814, "district_lgd": 249}, "geometry": {"type": "Polygon", "coordinates": [[[94.7321, 26.435010000000002], [94.73477000000001, 26.434020000000004], [94.73734, 26.430970000000002], [94.73755000000001, 26.42901], [94.73892000000001, 26.427210000000002], [94.74112000000001, 26.425610000000002], [94.74468, 26.4263], [94.74759, 26.425250000000002], [94.75543, 26.415070000000004], [94.76698, 26.416220000000003], [94.77467000000001, 26.418910000000004], [94.78179, 26.422700000000003], [94.78227000000001, 26.426360000000003], [94.78342, 26.427930000000003], [94.78471, 26.426470000000002], [94.78816, 26.426980000000004], [94.79398, 26.424210000000002], [94.79754000000001, 26.418830000000003], [94.79967, 26.416300000000003], [94.80885, 26.411070000000002], [94.81313, 26.40529], [94.8131, 26.400900000000004], [94.81197, 26.395730000000004], [94.80997, 26.395220000000002], [94.80845000000001, 26.392920000000004], [94.80912000000001, 26.39019], [94.80551000000001, 26.388740000000002], [94.80456000000001, 26.384570000000004], [94.80161000000001, 26.381420000000002], [94.80208, 26.37929], [94.80028, 26.377670000000002], [94.79866000000001, 26.377840000000003], [94.79819, 26.37554], [94.79353, 26.377670000000002], [94.79267, 26.37639], [94.78953000000001, 26.376820000000002], [94.78811, 26.375880000000002], [94.78450000000001, 26.376990000000003], [94.78145, 26.37554], [94.78107000000001, 26.37358], [94.77917000000001, 26.373160000000002], [94.77546000000001, 26.37469], [94.77195, 26.372310000000002], [94.77119, 26.370600000000003], [94.76843000000001, 26.36839], [94.76634000000001, 26.36745], [94.76348, 26.367960000000004], [94.76158000000001, 26.366770000000002], [94.75816, 26.367020000000004], [94.75835000000001, 26.364900000000002], [94.7612, 26.36362], [94.76054, 26.35902], [94.75673, 26.354760000000002], [94.75521, 26.354160000000004], [94.75255000000001, 26.34973], [94.75388000000001, 26.345390000000002], [94.75284, 26.337210000000002], [94.75464000000001, 26.333460000000002], [94.75398000000001, 26.326220000000003], [94.75512, 26.32383], [94.75388000000001, 26.32204], [94.75540000000001, 26.316080000000003], [94.75455000000001, 26.314030000000002], [94.75531000000001, 26.307810000000003], [94.75474000000001, 26.3061], [94.75569, 26.301080000000002], [94.72812, 26.302010000000003], [94.72127, 26.30619], [94.71775000000001, 26.30551], [94.71661, 26.30789], [94.71424, 26.30883], [94.71148000000001, 26.3073], [94.69963000000001, 26.30711], [94.69279, 26.308970000000002], [94.6867, 26.310570000000002], [94.68106, 26.313900000000004], [94.68031, 26.31603], [94.66576, 26.3226], [94.66344000000001, 26.324790000000004], [94.65987000000001, 26.325270000000003], [94.65768000000001, 26.329480000000004], [94.65274000000001, 26.33171], [94.65078000000001, 26.334210000000002], [94.64775, 26.336080000000003], [94.64556, 26.337830000000004], [94.64725000000001, 26.33912], [94.65052000000001, 26.33856], [94.65098, 26.340480000000003], [94.65280000000001, 26.34137], [94.65283000000001, 26.3425], [94.65071, 26.343030000000002], [94.65247000000001, 26.345670000000002], [94.65068000000001, 26.347060000000003], [94.65110000000001, 26.348070000000003], [94.65362, 26.348440000000004], [94.65687000000001, 26.34702], [94.65751, 26.34757], [94.65572, 26.350250000000003], [94.65190000000001, 26.351060000000004], [94.65127000000001, 26.351920000000003], [94.65530000000001, 26.357670000000002], [94.65325000000001, 26.358610000000002], [94.65341000000001, 26.36191], [94.65711, 26.362650000000002], [94.65939, 26.36654], [94.66134000000001, 26.36548], [94.66262, 26.366680000000002], [94.66364, 26.372650000000004], [94.66279, 26.373050000000003], [94.6594, 26.37169], [94.65745000000001, 26.375300000000003], [94.6581, 26.376510000000003], [94.66026000000001, 26.37724], [94.66263000000001, 26.380830000000003], [94.66607, 26.37807], [94.6701, 26.376780000000004], [94.671, 26.3776], [94.66836, 26.379820000000002], [94.67091, 26.38238], [94.67272000000001, 26.382500000000004], [94.67655, 26.380860000000002], [94.67813000000001, 26.38145], [94.67751000000001, 26.38633], [94.67816, 26.387040000000002], [94.68041000000001, 26.386920000000003], [94.67944000000001, 26.389540000000004], [94.68265000000001, 26.391530000000003], [94.68515000000001, 26.394360000000002], [94.68892000000001, 26.396330000000003], [94.68881, 26.397050000000004], [94.68580000000001, 26.398570000000003], [94.68613, 26.402820000000002], [94.68996000000001, 26.40341], [94.68957, 26.404760000000003], [94.68695000000001, 26.406810000000004], [94.69082, 26.409260000000003], [94.69331000000001, 26.412920000000003], [94.69697000000001, 26.41214], [94.70089, 26.408540000000002], [94.70224, 26.408330000000003], [94.69963000000001, 26.41843], [94.70049, 26.420370000000002], [94.70322, 26.420920000000002], [94.70463000000001, 26.425310000000003], [94.70348000000001, 26.42828], [94.7081, 26.433020000000003], [94.71342000000001, 26.43588], [94.71650000000001, 26.437050000000003], [94.72120000000001, 26.43605], [94.7321, 26.435010000000002]]]}}, {"id": "37", "type": "Feature", "properties": {"state_name": "Nagaland", "district_name": "Kohima", "block_name": "Kohima Sadar", "block_lgd": 1849, "district_lgd": 245}, "geometry": {"type": "Polygon", "coordinates": [[[94.17021000000001, 25.70728], [94.17067, 25.70428], [94.17231000000001, 25.70322], [94.17317000000001, 25.700650000000003], [94.17103, 25.692680000000003], [94.17111000000001, 25.68858], [94.16796000000001, 25.688910000000003], [94.16269000000001, 25.691350000000003], [94.16083, 25.691290000000002], [94.15869, 25.68981], [94.15192, 25.69122], [94.15035, 25.690130000000003], [94.14557, 25.689100000000003], [94.14222000000001, 25.686790000000002], [94.13887000000001, 25.686280000000004], [94.13837000000001, 25.687310000000004], [94.13481, 25.687240000000003], [94.13402, 25.684990000000003], [94.12753000000001, 25.68306], [94.12704000000001, 25.680690000000002], [94.12511, 25.68017], [94.12326, 25.68364], [94.12212000000001, 25.684160000000002], [94.11948000000001, 25.682290000000002], [94.11506000000001, 25.68165], [94.11463, 25.679530000000003], [94.11256, 25.6776], [94.11113, 25.67734], [94.11078, 25.67529], [94.11235, 25.672530000000002], [94.11235, 25.67047], [94.10964000000001, 25.656650000000003], [94.10942000000001, 25.65292], [94.11042, 25.646690000000003], [94.10921, 25.643860000000004], [94.10736000000001, 25.642000000000003], [94.10279000000001, 25.64122], [94.10087000000001, 25.642450000000004], [94.09887, 25.64842], [94.09609, 25.650350000000003], [94.09324000000001, 25.6517], [94.08826, 25.651680000000002], [94.08154, 25.65652], [94.0793, 25.656540000000003], [94.07523, 25.660480000000003], [94.06966000000001, 25.66374], [94.06996000000001, 25.666860000000003], [94.07207000000001, 25.67161], [94.07719, 25.6765], [94.07809, 25.679620000000003], [94.07779000000001, 25.684780000000003], [94.08186, 25.686130000000002], [94.08582000000001, 25.68683], [94.08923000000001, 25.690500000000004], [94.08967000000001, 25.69357], [94.08685000000001, 25.695040000000002], [94.08374, 25.69872], [94.08095, 25.707030000000003], [94.07990000000001, 25.713680000000004], [94.08097000000001, 25.715090000000004], [94.08344000000001, 25.71562], [94.08826, 25.715020000000003], [94.09375000000001, 25.715960000000003], [94.09597000000001, 25.714820000000003], [94.09664000000001, 25.71375], [94.09471, 25.70794], [94.09501, 25.7052], [94.10065, 25.699320000000004], [94.10413000000001, 25.69772], [94.10591000000001, 25.698390000000003], [94.10584, 25.699520000000003], [94.10739000000001, 25.701330000000002], [94.10977000000001, 25.70126], [94.11028, 25.69712], [94.11518000000001, 25.695850000000004], [94.11970000000001, 25.69665], [94.12156, 25.69872], [94.12363, 25.699450000000002], [94.12786000000001, 25.699250000000003], [94.12771000000001, 25.700590000000002], [94.12497, 25.70353], [94.12571000000001, 25.704870000000003], [94.12482000000001, 25.709210000000002], [94.12652000000001, 25.70981], [94.13016, 25.70914], [94.13023000000001, 25.707340000000002], [94.13386000000001, 25.7066], [94.13898, 25.708740000000002], [94.14439, 25.70747], [94.14462, 25.70914], [94.14691, 25.710410000000003], [94.14847, 25.710410000000003], [94.15047000000001, 25.708940000000002], [94.15351000000001, 25.708940000000002], [94.15522000000001, 25.71001], [94.15811000000001, 25.71001], [94.16085000000001, 25.708540000000003], [94.16352, 25.708610000000004], [94.16619000000001, 25.709880000000002], [94.16971000000001, 25.708990000000004], [94.17021000000001, 25.70728]]]}}, {"id": "38", "type": "Feature", "properties": {"state_name": "Nagaland", "district_name": "Tuensang", "block_name": "Tuensang Sadar", "block_lgd": 1817, "district_lgd": 249}, "geometry": {"type": "Polygon", "coordinates": [[[94.90261000000001, 26.34615], [94.90100000000001, 26.34211], [94.90293000000001, 26.336740000000002], [94.89532000000001, 26.322440000000004], [94.89321000000001, 26.317850000000004], [94.89276000000001, 26.314610000000002], [94.88944000000001, 26.313940000000002], [94.88342, 26.306510000000003], [94.88086000000001, 26.306240000000003], [94.87920000000001, 26.308000000000003], [94.87709000000001, 26.308270000000004], [94.87484, 26.307190000000002], [94.87423000000001, 26.30543], [94.87815, 26.30327], [94.87905, 26.30111], [94.87920000000001, 26.29963], [94.87815, 26.29801], [94.87378000000001, 26.297870000000003], [94.87363, 26.299220000000002], [94.87167000000001, 26.299490000000002], [94.86987, 26.29895], [94.86896, 26.296120000000002], [94.86595000000001, 26.29436], [94.86399, 26.29436], [94.86354000000001, 26.296120000000002], [94.8649, 26.29841], [94.86414, 26.30057], [94.86098000000001, 26.301520000000004], [94.85375, 26.294770000000003], [94.85210000000001, 26.295440000000003], [94.84939000000001, 26.29342], [94.84848000000001, 26.28909], [94.85134000000001, 26.287740000000003], [94.85195, 26.28612], [94.84713, 26.283420000000003], [94.84698, 26.2787], [94.84562000000001, 26.27438], [94.84140000000001, 26.27006], [94.84125, 26.265330000000002], [94.83945000000001, 26.264110000000002], [94.83884, 26.259120000000003], [94.83568000000001, 26.253850000000003], [94.83372000000001, 26.248720000000002], [94.83342, 26.244400000000002], [94.83026000000001, 26.234530000000003], [94.82740000000001, 26.230480000000004], [94.82454000000001, 26.22238], [94.82665, 26.215760000000003], [94.83357000000001, 26.202790000000004], [94.83794, 26.19684], [94.84438, 26.192870000000003], [94.83481, 26.18821], [94.83285000000001, 26.184690000000003], [94.83225, 26.181720000000002], [94.83632000000001, 26.17875], [94.83196000000001, 26.173060000000003], [94.82623000000001, 26.175500000000003], [94.8208, 26.179560000000002], [94.81358, 26.181720000000002], [94.80725000000001, 26.182260000000003], [94.80529000000001, 26.184690000000003], [94.80334, 26.191720000000004], [94.80002, 26.197260000000004], [94.79852000000001, 26.201860000000003], [94.79686000000001, 26.21348], [94.79204000000001, 26.217260000000003], [94.77698000000001, 26.220910000000003], [94.77292000000001, 26.223070000000003], [94.77054000000001, 26.2269], [94.76667, 26.2285], [94.76073000000001, 26.22904], [94.75835000000001, 26.226100000000002], [94.75033, 26.226100000000002], [94.74310000000001, 26.22754], [94.74424, 26.229070000000004], [94.74353, 26.233810000000002], [94.74638, 26.24135], [94.74467000000001, 26.244300000000003], [94.74495, 26.24621], [94.74909000000001, 26.256190000000004], [94.7488, 26.258110000000002], [94.74638, 26.25862], [94.74666, 26.261180000000003], [94.75280000000001, 26.278570000000002], [94.75394000000001, 26.292630000000003], [94.75569, 26.301080000000002], [94.76382000000001, 26.30178], [94.77557, 26.299490000000002], [94.78581000000001, 26.29962], [94.78822000000001, 26.298540000000003], [94.78777000000001, 26.295440000000003], [94.79033000000001, 26.295170000000002], [94.79213000000001, 26.296380000000003], [94.79499000000001, 26.29679], [94.81307000000001, 26.29652], [94.81894000000001, 26.293820000000004], [94.83297, 26.297060000000002], [94.83737, 26.299550000000004], [94.83917000000001, 26.303330000000003], [94.84143, 26.30441], [94.84731000000001, 26.303870000000003], [94.84911000000001, 26.309], [94.85634, 26.308590000000002], [94.85966, 26.310620000000004], [94.86146000000001, 26.31575], [94.86191000000001, 26.321550000000002], [94.86387, 26.32628], [94.86914, 26.329520000000002], [94.87261000000001, 26.3306], [94.87923, 26.33667], [94.88480000000001, 26.33923], [94.88902, 26.340180000000004], [94.89424000000001, 26.344700000000003], [94.89667000000001, 26.34955], [94.89976000000001, 26.349130000000002], [94.90261000000001, 26.34615]]]}}, {"id": "39", "type": "Feature", "properties": {"state_name": "Nagaland", "district_name": "Tuensang", "block_name": "Shamator", "block_lgd": 1825, "district_lgd": 249}, "geometry": {"type": "Polygon", "coordinates": [[[94.91851000000001, 26.193310000000004], [94.91917000000001, 26.188530000000004], [94.91860000000001, 26.186400000000003], [94.92069000000001, 26.183840000000004], [94.92069000000001, 26.181880000000003], [94.91889, 26.17864], [94.91955, 26.177190000000003], [94.91927000000001, 26.175140000000003], [94.91585, 26.171470000000003], [94.91632000000001, 26.16925], [94.91318000000001, 26.162770000000002], [94.91375000000001, 26.16063], [94.90976, 26.158500000000004], [94.90767000000001, 26.15406], [94.90254, 26.151500000000002], [94.90101000000001, 26.14937], [94.89807, 26.147830000000003], [94.89674000000001, 26.146040000000003], [94.89807, 26.142460000000003], [94.89816, 26.139380000000003], [94.90349, 26.134860000000003], [94.90349, 26.1323], [94.90586, 26.129910000000002], [94.90786000000001, 26.129230000000003], [94.90948, 26.124530000000004], [94.91204, 26.122310000000002], [94.91347, 26.115910000000003], [94.91727, 26.111050000000002], [94.91813, 26.107370000000003], [94.92012000000001, 26.105330000000002], [94.92126, 26.101740000000003], [94.92198, 26.08782], [94.92326000000001, 26.086160000000003], [94.92283, 26.08321], [94.9244, 26.078470000000003], [94.92326000000001, 26.073600000000003], [94.92725, 26.063480000000002], [94.92224, 26.056160000000002], [94.91742, 26.053860000000004], [94.91486, 26.0498], [94.91035000000001, 26.04642], [94.90989, 26.04087], [94.90357, 26.036], [94.89981, 26.036270000000002], [94.89318, 26.029510000000002], [94.88731000000001, 26.02193], [94.88625, 26.017460000000003], [94.88550000000001, 26.01678], [94.88354000000001, 26.018680000000003], [94.87932, 26.020570000000003], [94.87676, 26.020840000000003], [94.87707, 26.024900000000002], [94.87285000000001, 26.025180000000002], [94.86954000000001, 26.027070000000002], [94.86517, 26.02748], [94.8614, 26.024500000000003], [94.86065, 26.028150000000004], [94.85689, 26.029100000000003], [94.85312, 26.02896], [94.84921000000001, 26.03478], [94.84348000000001, 26.04277], [94.84032, 26.04493], [94.83686, 26.046960000000002], [94.83339000000001, 26.04425], [94.82993, 26.0452], [94.83159, 26.049940000000003], [94.83098000000001, 26.053050000000002], [94.83701, 26.05778], [94.83520000000001, 26.058870000000002], [94.83204, 26.056970000000003], [94.82827, 26.059680000000004], [94.82571, 26.062920000000002], [94.82707, 26.06509], [94.82391000000001, 26.067660000000004], [94.82391000000001, 26.07496], [94.81683000000001, 26.07889], [94.81246, 26.079700000000003], [94.81065000000001, 26.08321], [94.80252, 26.08538], [94.80237000000001, 26.087680000000002], [94.79906000000001, 26.087410000000002], [94.79785000000001, 26.086190000000002], [94.79710000000001, 26.088630000000002], [94.7968, 26.09147], [94.79288000000001, 26.09241], [94.79436000000001, 26.09803], [94.79407, 26.09982], [94.79222000000001, 26.10264], [94.78659, 26.105400000000003], [94.78255000000001, 26.108390000000004], [94.77328000000001, 26.120980000000003], [94.77923000000001, 26.12226], [94.78588, 26.12205], [94.78945, 26.123120000000004], [94.79301000000001, 26.121840000000002], [94.79681000000001, 26.124180000000003], [94.80204, 26.128670000000003], [94.80181, 26.132080000000002], [94.80323000000001, 26.134850000000004], [94.80371000000001, 26.138060000000003], [94.80276, 26.14147], [94.82605000000001, 26.1596], [94.83881000000001, 26.168010000000002], [94.84154000000001, 26.165440000000004], [94.84561000000001, 26.164900000000003], [94.84771, 26.166520000000002], [94.85118000000001, 26.166110000000003], [94.86172, 26.1703], [94.86232000000001, 26.17152], [94.86172, 26.17395], [94.86353000000001, 26.17639], [94.86639000000001, 26.177200000000003], [94.87, 26.181120000000004], [94.87392000000001, 26.183550000000004], [94.87648, 26.186790000000002], [94.88745, 26.194450000000003], [94.89080000000001, 26.198190000000004], [94.89398000000001, 26.19665], [94.89776, 26.19665], [94.90479, 26.199730000000002], [94.90763000000001, 26.2025], [94.91295000000001, 26.205890000000004], [94.91822, 26.207200000000004], [94.91813, 26.205170000000003], [94.92041, 26.202350000000003], [94.91965, 26.19928], [94.9205, 26.19459], [94.91851000000001, 26.193310000000004]]]}}, {"id": "40", "type": "Feature", "properties": {"state_name": "Nagaland", "district_name": "Tuensang", "block_name": "Tsurungto", "block_lgd": 1826, "district_lgd": 249}, "geometry": {"type": "Polygon", "coordinates": [[[94.85312, 26.02896], [94.85689, 26.029100000000003], [94.86065, 26.028150000000004], [94.8614, 26.024500000000003], [94.86517, 26.02748], [94.86954000000001, 26.027070000000002], [94.87285000000001, 26.025180000000002], [94.87707, 26.024900000000002], [94.87676, 26.020840000000003], [94.87932, 26.020570000000003], [94.88354000000001, 26.018680000000003], [94.88550000000001, 26.01678], [94.88625, 26.017460000000003], [94.88867, 26.01742], [94.88962000000001, 26.01619], [94.88938, 26.01518], [94.88406, 26.01376], [94.88163, 26.008250000000004], [94.87907000000001, 25.998890000000003], [94.87564, 25.996070000000003], [94.87479, 25.992350000000002], [94.87151, 25.9871], [94.87151, 25.983770000000003], [94.87018, 25.98016], [94.86534, 25.98382], [94.85654000000001, 25.983060000000002], [94.85491, 25.982210000000002], [94.84805000000001, 25.983030000000003], [94.83704, 25.989300000000004], [94.83254000000001, 25.99057], [94.82545, 25.99059], [94.82041000000001, 25.989440000000002], [94.81413, 25.991400000000002], [94.80789000000001, 25.994100000000003], [94.80061, 25.992720000000002], [94.79546, 25.99585], [94.78712, 25.99406], [94.78179, 25.99978], [94.78019, 26.002540000000003], [94.77909000000001, 26.008360000000003], [94.78002000000001, 26.008740000000003], [94.77829000000001, 26.011680000000002], [94.78221, 26.016320000000004], [94.79343, 26.02128], [94.80103000000001, 26.020940000000003], [94.80465000000001, 26.0194], [94.80864000000001, 26.023840000000003], [94.80902, 26.02794], [94.81358, 26.03085], [94.81643000000001, 26.029310000000002], [94.82157000000001, 26.029310000000002], [94.82643, 26.031560000000002], [94.83146, 26.03854], [94.83146, 26.041100000000004], [94.83339000000001, 26.04425], [94.83686, 26.046960000000002], [94.84032, 26.04493], [94.84348000000001, 26.04277], [94.84921000000001, 26.03478], [94.85312, 26.02896]]]}}, {"id": "41", "type": "Feature", "properties": {"state_name": "Nagaland", "district_name": "Tuensang", "block_name": "Chessore", "block_lgd": 1827, "district_lgd": 249}, "geometry": {"type": "Polygon", "coordinates": [[[94.74999000000001, 26.1197], [94.75142000000001, 26.112450000000003], [94.74857, 26.10733], [94.76653, 26.104560000000003], [94.77293, 26.10462], [94.77529000000001, 26.099490000000003], [94.77961, 26.096030000000003], [94.77594, 26.091790000000003], [94.76955000000001, 26.08885], [94.75841000000001, 26.080710000000003], [94.75024, 26.07738], [94.74340000000001, 26.073240000000002], [94.74058000000001, 26.072580000000002], [94.73627, 26.06697], [94.73419000000001, 26.06577], [94.73092000000001, 26.06697], [94.72959, 26.065640000000002], [94.72899000000001, 26.063100000000002], [94.72082, 26.0619], [94.71949000000001, 26.0603], [94.71592000000001, 26.05883], [94.71577, 26.052830000000004], [94.70745000000001, 26.054560000000002], [94.70315000000001, 26.05429], [94.69884, 26.052690000000002], [94.69394000000001, 26.04735], [94.69319, 26.045620000000003], [94.68844000000001, 26.045350000000003], [94.68903, 26.04268], [94.68621, 26.039500000000004], [94.68468000000001, 26.042240000000003], [94.67912000000001, 26.048360000000002], [94.68129, 26.049750000000003], [94.68243000000001, 26.0547], [94.68026, 26.056110000000004], [94.68269000000001, 26.06014], [94.68419, 26.066470000000002], [94.68784000000001, 26.068340000000003], [94.68993, 26.0725], [94.69283, 26.072830000000003], [94.69170000000001, 26.075280000000003], [94.6924, 26.076040000000003], [94.69208, 26.08125], [94.69367000000001, 26.085430000000002], [94.68894, 26.092990000000004], [94.68828, 26.104170000000003], [94.69144000000001, 26.109060000000003], [94.69008000000001, 26.1095], [94.68874000000001, 26.111720000000002], [94.68885, 26.11295], [94.68746, 26.115070000000003], [94.68778, 26.11653], [94.70103, 26.118640000000003], [94.70863000000001, 26.123540000000002], [94.71339, 26.12525], [94.72456000000001, 26.126530000000002], [94.73003000000001, 26.125470000000004], [94.73335, 26.12376], [94.74524000000001, 26.125470000000004], [94.74833000000001, 26.123970000000003], [94.74999000000001, 26.1197]]]}}, {"id": "42", "type": "Feature", "properties": {"state_name": "Nagaland", "district_name": "Mon", "block_name": "Naginimora", "block_lgd": 1744, "district_lgd": 247}, "geometry": {"type": "Polygon", "coordinates": [[[94.93085, 26.9369], [94.93085, 26.932560000000002], [94.93296000000001, 26.928330000000003], [94.93575000000001, 26.927590000000002], [94.93646000000001, 26.923830000000002], [94.93759000000001, 26.923720000000003], [94.93694, 26.922290000000004], [94.94044000000001, 26.920650000000002], [94.94122, 26.9189], [94.94065, 26.91439], [94.94258, 26.911780000000004], [94.94133000000001, 26.910410000000002], [94.94005000000001, 26.91111], [94.93937000000001, 26.912770000000002], [94.93784000000001, 26.912640000000003], [94.9368, 26.9114], [94.93734, 26.907200000000003], [94.93869000000001, 26.90727], [94.93905000000001, 26.906280000000002], [94.93527, 26.905040000000003], [94.93520000000001, 26.90323], [94.93787, 26.902050000000003], [94.93809, 26.900850000000002], [94.93694, 26.899510000000003], [94.93573, 26.901100000000003], [94.93445000000001, 26.901320000000002], [94.93495000000001, 26.897280000000002], [94.93377000000001, 26.896810000000002], [94.93598, 26.89534], [94.93523, 26.89385], [94.93317, 26.893310000000003], [94.93317, 26.89242], [94.93491, 26.890800000000002], [94.93352, 26.88651], [94.93506000000001, 26.88596], [94.93584000000001, 26.887140000000002], [94.93734, 26.887200000000004], [94.93992, 26.883560000000003], [94.93758000000001, 26.88286], [94.93843000000001, 26.87911], [94.93947000000001, 26.87883], [94.93794000000001, 26.877170000000003], [94.93769, 26.87571], [94.93644, 26.875420000000002], [94.93608, 26.87724], [94.93405000000001, 26.877550000000003], [94.93505, 26.87412], [94.93234000000001, 26.873420000000003], [94.93227, 26.8717], [94.92913, 26.869760000000003], [94.92899000000001, 26.869190000000003], [94.93052, 26.86839], [94.93063000000001, 26.865630000000003], [94.92874, 26.864960000000004], [94.92813000000001, 26.866390000000003], [94.92688000000001, 26.866360000000004], [94.92649, 26.863590000000002], [94.92460000000001, 26.862830000000002], [94.9231, 26.864670000000004], [94.92093000000001, 26.862890000000004], [94.9235, 26.86025], [94.92353000000001, 26.858950000000004], [94.92264, 26.857680000000002], [94.92121, 26.858340000000002], [94.91854000000001, 26.857840000000003], [94.91804, 26.85631], [94.91861, 26.85386], [94.91804, 26.85208], [94.91957000000001, 26.849600000000002], [94.92104, 26.849600000000002], [94.9231, 26.84775], [94.923, 26.8454], [94.92685, 26.843680000000003], [94.92713, 26.841520000000003], [94.92827000000001, 26.840880000000002], [94.92856, 26.838020000000004], [94.93334, 26.835410000000003], [94.93441000000001, 26.832800000000002], [94.93572, 26.831780000000002], [94.93594, 26.830070000000003], [94.93597000000001, 26.82711], [94.93451, 26.823000000000004], [94.93262000000001, 26.82093], [94.93177000000001, 26.817690000000002], [94.93292000000001, 26.807640000000003], [94.93583000000001, 26.802390000000003], [94.93649, 26.795820000000003], [94.93928000000001, 26.784570000000002], [94.93705000000001, 26.782030000000002], [94.93438, 26.782320000000002], [94.93292000000001, 26.77831], [94.926, 26.77635], [94.92540000000001, 26.77269], [94.91991, 26.770300000000002], [94.92323, 26.767650000000003], [94.92344000000001, 26.765050000000002], [94.92808000000001, 26.762580000000003], [94.92855, 26.761070000000004], [94.92742000000001, 26.76012], [94.92796000000001, 26.7585], [94.93102, 26.757520000000003], [94.93146, 26.754310000000004], [94.93010000000001, 26.75354], [94.93051000000001, 26.750120000000003], [94.93048, 26.74858], [94.92846, 26.746530000000003], [94.92680000000001, 26.747220000000002], [94.92279, 26.747010000000003], [94.91916, 26.74444], [94.91821, 26.744490000000003], [94.91691, 26.7463], [94.914, 26.746480000000002], [94.91304000000001, 26.74539], [94.91019000000001, 26.745420000000003], [94.9085, 26.74733], [94.90672, 26.747090000000004], [94.90559, 26.747970000000002], [94.90437000000001, 26.744840000000003], [94.90205, 26.743830000000003], [94.90214, 26.74611], [94.90057, 26.74688], [94.89893000000001, 26.74547], [94.89712, 26.74574], [94.89581000000001, 26.74407], [94.88948, 26.743640000000003], [94.882, 26.74096], [94.87356000000001, 26.73985], [94.86940000000001, 26.740540000000003], [94.86227000000001, 26.74011], [94.86102000000001, 26.739480000000004], [94.85888000000001, 26.735820000000004], [94.85449000000001, 26.73356], [94.85413000000001, 26.73101], [94.85247000000001, 26.72942], [94.84887, 26.73046], [94.84848000000001, 26.732210000000002], [94.84688000000001, 26.731330000000003], [94.84629000000001, 26.72754], [94.84326, 26.726080000000003], [94.84196000000001, 26.727140000000002], [94.84031, 26.72699], [94.83918000000001, 26.726020000000002], [94.83966000000001, 26.72415], [94.83827000000001, 26.723180000000003], [94.83545000000001, 26.723260000000003], [94.82981000000001, 26.721320000000002], [94.82557000000001, 26.725440000000003], [94.82569000000001, 26.73111], [94.81815, 26.73956], [94.81636, 26.742980000000003], [94.81394, 26.744690000000002], [94.80801000000001, 26.744690000000002], [94.80720000000001, 26.747390000000003], [94.80418, 26.749520000000004], [94.80273000000001, 26.755260000000003], [94.79819, 26.76001], [94.79888000000001, 26.762210000000003], [94.80494, 26.76451], [94.80559000000001, 26.766320000000004], [94.80495, 26.76781], [94.80366000000001, 26.76882], [94.80124, 26.768700000000003], [94.79839000000001, 26.765110000000004], [94.79705000000001, 26.76566], [94.79606000000001, 26.767730000000004], [94.79363000000001, 26.76847], [94.79369000000001, 26.769520000000004], [94.79518, 26.770650000000003], [94.80677000000001, 26.774500000000003], [94.81257000000001, 26.77352], [94.81491000000001, 26.775060000000003], [94.81619, 26.778810000000004], [94.81534, 26.784070000000003], [94.81421, 26.7846], [94.81178000000001, 26.783520000000003], [94.80886000000001, 26.784920000000003], [94.81245000000001, 26.78911], [94.8134, 26.79202], [94.81044000000001, 26.792350000000003], [94.80883000000001, 26.793580000000002], [94.80615, 26.795450000000002], [94.80349000000001, 26.796120000000002], [94.79905000000001, 26.79632], [94.79323000000001, 26.794950000000004], [94.78906, 26.795900000000003], [94.78923, 26.798180000000002], [94.79117000000001, 26.799750000000003], [94.79978000000001, 26.799780000000002], [94.80272000000001, 26.80132], [94.80385000000001, 26.803870000000003], [94.80319, 26.80617], [94.80120000000001, 26.80816], [94.79571000000001, 26.810150000000004], [94.79525000000001, 26.814420000000002], [94.79755, 26.815060000000003], [94.80379, 26.813670000000002], [94.80622000000001, 26.815130000000003], [94.80643, 26.81837], [94.81446000000001, 26.819540000000003], [94.81317000000001, 26.833650000000002], [94.81562000000001, 26.837300000000003], [94.81945, 26.837590000000002], [94.82112000000001, 26.841700000000003], [94.82076, 26.84363], [94.81756000000001, 26.847620000000003], [94.8242, 26.85424], [94.82866000000001, 26.855320000000003], [94.83454, 26.860350000000004], [94.83525, 26.86689], [94.83648000000001, 26.86878], [94.83913000000001, 26.869650000000004], [94.84161, 26.868370000000002], [94.84320000000001, 26.86851], [94.85012, 26.87459], [94.85107, 26.881100000000004], [94.85464, 26.88614], [94.85784000000001, 26.88848], [94.85845, 26.892210000000002], [94.86253, 26.89759], [94.86243, 26.900380000000002], [94.86352000000001, 26.90067], [94.86523000000001, 26.90398], [94.86601, 26.908730000000002], [94.87278, 26.91513], [94.87359000000001, 26.917520000000003], [94.8781, 26.91991], [94.87919000000001, 26.921850000000003], [94.88311, 26.92385], [94.89064, 26.929540000000003], [94.89782000000001, 26.931250000000002], [94.90245, 26.93467], [94.91437, 26.936770000000003], [94.91672000000001, 26.941250000000004], [94.92349, 26.94637], [94.92422, 26.945850000000004], [94.9252, 26.94149], [94.92880000000001, 26.937350000000002], [94.93085, 26.9369]]]}}, {"id": "43", "type": "Feature", "properties": {"state_name": "Nagaland", "district_name": "Mon", "block_name": "Tizit", "block_lgd": 1745, "district_lgd": 247}, "geometry": {"type": "Polygon", "coordinates": [[[95.16185, 26.923250000000003], [95.16166000000001, 26.91702], [95.15847000000001, 26.9098], [95.15165, 26.90782], [95.14861, 26.908830000000002], [95.14662000000001, 26.908230000000003], [95.14508000000001, 26.905880000000003], [95.14752000000001, 26.902410000000003], [95.14714000000001, 26.901130000000002], [95.14444, 26.90023], [95.14396, 26.899030000000003], [95.14501000000001, 26.897520000000004], [95.14388000000001, 26.895780000000002], [95.14107000000001, 26.895550000000004], [95.14178000000001, 26.89063], [95.14103000000001, 26.88079], [95.14167, 26.867440000000002], [95.14103000000001, 26.86587], [95.14174000000001, 26.864500000000003], [95.14453, 26.864020000000004], [95.14443000000001, 26.862150000000003], [95.14519000000001, 26.86117], [95.14862000000001, 26.859990000000003], [95.14548, 26.859730000000003], [95.14467, 26.85846], [95.14534, 26.857020000000002], [95.14652000000001, 26.856930000000002], [95.14638000000001, 26.854090000000003], [95.14719000000001, 26.85227], [95.14443000000001, 26.851250000000004], [95.14496000000001, 26.846290000000003], [95.14343000000001, 26.84455], [95.14115000000001, 26.84514], [95.14039000000001, 26.84391], [95.14263000000001, 26.837550000000004], [95.14158, 26.83594], [95.14187000000001, 26.83331], [95.14329000000001, 26.83191], [95.14467, 26.828390000000002], [95.14291000000001, 26.82703], [95.14291000000001, 26.825630000000004], [95.14339000000001, 26.824530000000003], [95.14581000000001, 26.823040000000002], [95.14576000000001, 26.822110000000002], [95.14415000000001, 26.819650000000003], [95.14020000000001, 26.81821], [95.13935000000001, 26.81596], [95.14030000000001, 26.814220000000002], [95.13512000000001, 26.80955], [95.13455, 26.80713], [95.13474000000001, 26.806240000000003], [95.13588000000001, 26.80582], [95.13569000000001, 26.802930000000003], [95.13440000000001, 26.800900000000002], [95.13283000000001, 26.800690000000003], [95.13136, 26.799200000000003], [95.13074, 26.795980000000004], [95.13169, 26.795040000000004], [95.13155, 26.7939], [95.12898000000001, 26.791220000000003], [95.12684, 26.791050000000002], [95.12426, 26.78948], [95.12291, 26.789450000000002], [95.12151000000001, 26.790560000000003], [95.11930000000001, 26.79059], [95.11734000000001, 26.78929], [95.11635000000001, 26.789790000000004], [95.11424000000001, 26.792630000000003], [95.11189, 26.793550000000003], [95.10968000000001, 26.79276], [95.10747, 26.793200000000002], [95.10668000000001, 26.7954], [95.10387000000001, 26.79632], [95.1038, 26.796930000000003], [95.10241, 26.796290000000003], [95.09863000000001, 26.797850000000004], [95.09891, 26.800200000000004], [95.09513000000001, 26.801890000000004], [95.09528, 26.805100000000003], [95.09674000000001, 26.80676], [95.09449000000001, 26.80911], [95.09303000000001, 26.80892], [95.09274, 26.81096], [95.09453, 26.814140000000002], [95.09356000000001, 26.814840000000004], [95.09043000000001, 26.81481], [95.09021000000001, 26.816750000000003], [95.09232, 26.82009], [95.09132000000001, 26.82149], [95.08968, 26.82165], [95.08914000000001, 26.823150000000002], [95.09057000000001, 26.827280000000002], [95.08893, 26.828840000000003], [95.08697000000001, 26.82916], [95.08661000000001, 26.83021], [95.08797000000001, 26.833640000000003], [95.08797000000001, 26.836920000000003], [95.08622000000001, 26.837460000000004], [95.08608000000001, 26.839820000000003], [95.08818000000001, 26.84185], [95.08772, 26.84456], [95.08640000000001, 26.845670000000002], [95.08672000000001, 26.849770000000003], [95.08479000000001, 26.851110000000002], [95.08201000000001, 26.85066], [95.07802000000001, 26.855210000000003], [95.07349, 26.85499], [95.07281, 26.856830000000002], [95.06968, 26.85769], [95.06854000000001, 26.85667], [95.06636, 26.85687], [95.06593000000001, 26.85884], [95.06265, 26.85941], [95.05984000000001, 26.85667], [95.05691, 26.857760000000003], [95.05021, 26.85556], [95.04968000000001, 26.857310000000002], [95.04690000000001, 26.85874], [95.04326, 26.855940000000004], [95.04244000000001, 26.856070000000003], [95.03912000000001, 26.85986], [95.03659, 26.85919], [95.03602000000001, 26.85966], [95.03609, 26.861600000000003], [95.03306, 26.867200000000004], [95.03413, 26.869080000000004], [95.02950000000001, 26.86898], [95.02843000000001, 26.86717], [95.02832000000001, 26.86501], [95.02718, 26.865360000000003], [95.02625, 26.863450000000004], [95.02233000000001, 26.863860000000003], [95.02066, 26.860650000000003], [95.01966, 26.861700000000003], [95.02005000000001, 26.865360000000003], [95.01809, 26.86447], [95.01620000000001, 26.86138], [95.01499000000001, 26.86351], [95.01328000000001, 26.86428], [95.01295, 26.86587], [95.01014, 26.86615], [95.00903000000001, 26.86596], [95.00825, 26.86437], [95.00515000000001, 26.864690000000003], [95.00418, 26.86653], [95.00262000000001, 26.86653], [95.00130000000001, 26.865900000000003], [95.00098000000001, 26.86428], [94.99709000000001, 26.86304], [94.99627000000001, 26.864500000000003], [94.99278000000001, 26.86475], [94.99085000000001, 26.863860000000003], [94.98885000000001, 26.864880000000003], [94.98896, 26.86682], [94.98140000000001, 26.86851], [94.98108, 26.87045], [94.97837000000001, 26.87076], [94.97584, 26.869590000000002], [94.97481, 26.869870000000002], [94.97345000000001, 26.871180000000003], [94.97370000000001, 26.87289], [94.97256, 26.87337], [94.96892000000001, 26.87226], [94.96671, 26.874100000000002], [94.96646000000001, 26.876230000000003], [94.96490000000001, 26.878750000000004], [94.96351000000001, 26.878750000000004], [94.96294, 26.87684], [94.96097, 26.87658], [94.95894000000001, 26.87919], [94.95670000000001, 26.879640000000002], [94.95556, 26.87891], [94.95531000000001, 26.87646], [94.95224, 26.875880000000002], [94.95146000000001, 26.877160000000003], [94.95231000000001, 26.878970000000002], [94.95135, 26.881190000000004], [94.94939000000001, 26.881860000000003], [94.94842000000001, 26.88097], [94.9475, 26.88126], [94.94650000000001, 26.88237], [94.94639000000001, 26.884880000000003], [94.94333, 26.884760000000004], [94.94268000000001, 26.883580000000002], [94.93992, 26.883560000000003], [94.93734, 26.887200000000004], [94.93584000000001, 26.887140000000002], [94.93506000000001, 26.88596], [94.93352, 26.88651], [94.93491, 26.890800000000002], [94.93317, 26.89242], [94.93317, 26.893310000000003], [94.93523, 26.89385], [94.93598, 26.89534], [94.93377000000001, 26.896810000000002], [94.93495000000001, 26.897280000000002], [94.93445000000001, 26.901320000000002], [94.93573, 26.901100000000003], [94.93694, 26.899510000000003], [94.93809, 26.900850000000002], [94.93787, 26.902050000000003], [94.93520000000001, 26.90323], [94.93527, 26.905040000000003], [94.93905000000001, 26.906280000000002], [94.93869000000001, 26.90727], [94.93734, 26.907200000000003], [94.9368, 26.9114], [94.93784000000001, 26.912640000000003], [94.93937000000001, 26.912770000000002], [94.94005000000001, 26.91111], [94.94133000000001, 26.910410000000002], [94.94258, 26.911780000000004], [94.94065, 26.91439], [94.94122, 26.9189], [94.94044000000001, 26.920650000000002], [94.93694, 26.922290000000004], [94.93759000000001, 26.923720000000003], [94.93646000000001, 26.923830000000002], [94.93575000000001, 26.927590000000002], [94.93296000000001, 26.928330000000003], [94.93085, 26.932560000000002], [94.94014000000001, 26.93353], [94.94211000000001, 26.935370000000002], [94.94604000000001, 26.93539], [94.95044000000001, 26.937690000000003], [94.95324000000001, 26.937610000000003], [94.95541000000001, 26.940070000000002], [94.95750000000001, 26.93748], [94.96153000000001, 26.936770000000003], [94.96481000000001, 26.930840000000003], [94.96745000000001, 26.923230000000004], [94.96909000000001, 26.92236], [94.9765, 26.921280000000003], [94.98262000000001, 26.913000000000004], [94.98989, 26.914150000000003], [94.99064000000001, 26.92021], [94.99248000000001, 26.921080000000003], [95.00030000000001, 26.919510000000002], [95.00197000000001, 26.91956], [95.00415000000001, 26.920890000000004], [95.01498000000001, 26.921780000000002], [95.01676, 26.92106], [95.01919000000001, 26.92378], [95.02224000000001, 26.925580000000004], [95.02448000000001, 26.928690000000003], [95.03176, 26.932990000000004], [95.03413, 26.9356], [95.04026, 26.936940000000003], [95.04408000000001, 26.938740000000003], [95.04696000000001, 26.93822], [95.04969000000001, 26.938760000000002], [95.06425, 26.947080000000003], [95.07067, 26.94912], [95.08096, 26.950100000000003], [95.08806000000001, 26.953180000000003], [95.10181000000001, 26.96179], [95.10609000000001, 26.96552], [95.10792000000001, 26.97594], [95.11196000000001, 26.980660000000004], [95.12421, 26.98544], [95.1388, 26.994850000000003], [95.14563000000001, 26.996250000000003], [95.15946000000001, 27.00673], [95.16057, 27.002190000000002], [95.16121000000001, 26.99199], [95.15506, 26.966150000000003], [95.15536, 26.961100000000002], [95.16286000000001, 26.943980000000003], [95.16275, 26.939100000000003], [95.15919000000001, 26.934820000000002], [95.15795000000001, 26.931340000000002], [95.15866000000001, 26.93014], [95.16185, 26.923250000000003]]]}}, {"id": "44", "type": "Feature", "properties": {"state_name": "Nagaland", "district_name": "Kiphire", "block_name": "Pungro", "block_lgd": 1841, "district_lgd": 614}, "geometry": {"type": "Polygon", "coordinates": [[[94.88470000000001, 25.87759], [94.89107000000001, 25.87665], [94.89221, 25.872970000000002], [94.89364, 25.871260000000003], [94.90010000000001, 25.86972], [94.90324000000001, 25.87169], [94.90961, 25.869460000000004], [94.91075000000001, 25.865610000000004], [94.91646, 25.862360000000002], [94.91798000000001, 25.86193], [94.92102000000001, 25.86399], [94.92302000000001, 25.86305], [94.92425, 25.861420000000003], [94.92758, 25.86082], [94.92825, 25.859620000000003], [94.92758, 25.856460000000002], [94.93072000000001, 25.85312], [94.933, 25.85132], [94.93519, 25.850900000000003], [94.93737, 25.851920000000003], [94.93946000000001, 25.849610000000002], [94.94317000000001, 25.848670000000002], [94.9445, 25.84439], [94.94904000000001, 25.840270000000004], [94.92494, 25.824060000000003], [94.90421, 25.813190000000002], [94.88690000000001, 25.810250000000003], [94.8768, 25.802680000000002], [94.86656, 25.79202], [94.86915, 25.789510000000003], [94.87286, 25.78834], [94.87545, 25.78648], [94.88976000000001, 25.786030000000004], [94.89320000000001, 25.78461], [94.90442, 25.77278], [94.92691, 25.763820000000003], [94.95201, 25.744470000000003], [94.97588, 25.729640000000003], [94.99613000000001, 25.72314], [94.99551000000001, 25.72193], [94.99192000000001, 25.719520000000003], [94.98868, 25.706550000000004], [94.97974, 25.698220000000003], [94.97672000000001, 25.697480000000002], [94.97302, 25.69404], [94.97064, 25.689130000000002], [94.96135000000001, 25.685060000000004], [94.95213000000001, 25.67838], [94.95048000000001, 25.675950000000004], [94.95005, 25.673610000000004], [94.94476, 25.672060000000002], [94.93598, 25.667610000000003], [94.93321, 25.66251], [94.93374000000001, 25.660600000000002], [94.93268, 25.65942], [94.93238000000001, 25.657140000000002], [94.92533, 25.65012], [94.92284000000001, 25.64542], [94.92261, 25.64281], [94.92120000000001, 25.639870000000002], [94.92190000000001, 25.634950000000003], [94.91884, 25.629780000000004], [94.91632000000001, 25.62141], [94.91624, 25.614890000000003], [94.91522, 25.61222], [94.91509, 25.607680000000002], [94.91265000000001, 25.606360000000002], [94.90958, 25.60265], [94.90193000000001, 25.59945], [94.90077000000001, 25.59738], [94.89812, 25.59634], [94.89247, 25.59738], [94.88863, 25.595540000000003], [94.88701, 25.593760000000003], [94.88524000000001, 25.59373], [94.88226, 25.59175], [94.88118000000001, 25.588540000000002], [94.88217, 25.58676], [94.88154, 25.585120000000003], [94.87805, 25.58839], [94.87277, 25.59757], [94.86934000000001, 25.60168], [94.86568000000001, 25.60922], [94.85299, 25.608810000000002], [94.85138, 25.61138], [94.85387000000001, 25.618370000000002], [94.84913, 25.62506], [94.85088, 25.63332], [94.84992000000001, 25.63876], [94.84609, 25.65012], [94.84663, 25.653550000000003], [94.84851, 25.65754], [94.84831000000001, 25.66531], [94.85055000000001, 25.67096], [94.85112000000001, 25.67576], [94.85357, 25.68062], [94.85429, 25.688290000000002], [94.85712000000001, 25.692050000000002], [94.85864000000001, 25.702820000000003], [94.85631000000001, 25.705550000000002], [94.85519000000001, 25.708470000000002], [94.85538000000001, 25.71242], [94.8567, 25.71685], [94.85459, 25.72425], [94.85015000000001, 25.727790000000002], [94.84681, 25.729080000000003], [94.84606000000001, 25.731910000000003], [94.84229, 25.737260000000003], [94.84123000000001, 25.74013], [94.83954000000001, 25.741660000000003], [94.83568000000001, 25.743190000000002], [94.83420000000001, 25.745810000000002], [94.83151000000001, 25.747780000000002], [94.83000000000001, 25.751710000000003], [94.82264, 25.75927], [94.8204, 25.76284], [94.81697000000001, 25.764680000000002], [94.81344000000001, 25.76443], [94.81384000000001, 25.76866], [94.81942000000001, 25.772890000000004], [94.82183, 25.7876], [94.82596000000001, 25.79162], [94.83101, 25.794290000000004], [94.83151000000001, 25.796940000000003], [94.82973000000001, 25.79718], [94.82733, 25.800120000000003], [94.82795, 25.80186], [94.82679, 25.80504], [94.82498000000001, 25.80523], [94.82343, 25.80852], [94.82415, 25.81267], [94.82144000000001, 25.813150000000004], [94.81871000000001, 25.815130000000003], [94.81838, 25.81737], [94.81687000000001, 25.818310000000004], [94.81526000000001, 25.82131], [94.81544000000001, 25.823420000000002], [94.81654, 25.82476], [94.81568000000001, 25.82609], [94.81402000000001, 25.826310000000003], [94.81214000000001, 25.831310000000002], [94.81214000000001, 25.836270000000003], [94.80879, 25.83959], [94.81045, 25.841910000000002], [94.81055, 25.843370000000004], [94.80760000000001, 25.84559], [94.81245000000001, 25.85415], [94.81235000000001, 25.85507], [94.8113, 25.85601], [94.81016000000001, 25.855030000000003], [94.80893, 25.855330000000002], [94.80854000000001, 25.85939], [94.8066, 25.85866], [94.80522, 25.859650000000002], [94.80342, 25.859610000000004], [94.80387, 25.863000000000003], [94.80592000000001, 25.862920000000003], [94.8088, 25.864130000000003], [94.80856000000001, 25.866290000000003], [94.80705, 25.86616], [94.80675000000001, 25.866830000000004], [94.80746, 25.869370000000004], [94.80972000000001, 25.86897], [94.81061000000001, 25.87065], [94.81038000000001, 25.871830000000003], [94.80889, 25.872680000000003], [94.80886000000001, 25.87461], [94.80957000000001, 25.875600000000002], [94.81147000000001, 25.874260000000003], [94.81213000000001, 25.87469], [94.81204000000001, 25.87749], [94.81118000000001, 25.87902], [94.81153, 25.879530000000003], [94.81346, 25.87899], [94.8289, 25.866300000000003], [94.83384000000001, 25.864160000000002], [94.83584, 25.86185], [94.83907, 25.86005], [94.84411000000001, 25.861680000000003], [94.84601, 25.864330000000002], [94.84601, 25.865440000000003], [94.84848000000001, 25.86604], [94.85238000000001, 25.864410000000003], [94.86426, 25.86399], [94.86635000000001, 25.86476], [94.86692000000001, 25.866640000000004], [94.86826, 25.86766], [94.87149000000001, 25.86784], [94.87415000000001, 25.8698], [94.87710000000001, 25.873310000000004], [94.87976, 25.879730000000002], [94.88261000000001, 25.878960000000003], [94.88470000000001, 25.87759]]]}}, {"id": "45", "type": "Feature", "properties": {"state_name": "Nagaland", "district_name": "Mon", "block_name": "Hunta", "block_lgd": 1746, "district_lgd": 247}, "geometry": {"type": "Polygon", "coordinates": [[[95.21378000000001, 26.928600000000003], [95.22228000000001, 26.92882], [95.22603000000001, 26.925010000000004], [95.22855000000001, 26.9205], [95.23064000000001, 26.91495], [95.23063, 26.913100000000004], [95.22863000000001, 26.91224], [95.22875, 26.909180000000003], [95.23076, 26.90398], [95.23043000000001, 26.90023], [95.22797000000001, 26.892670000000003], [95.23048000000001, 26.885150000000003], [95.22656, 26.879970000000004], [95.21448000000001, 26.881200000000003], [95.20949, 26.87995], [95.20800000000001, 26.876070000000002], [95.20307000000001, 26.872220000000002], [95.18179, 26.85959], [95.17712, 26.861250000000002], [95.17577000000001, 26.85938], [95.17322000000001, 26.85901], [95.17213000000001, 26.86098], [95.17265, 26.86212], [95.17055, 26.863490000000002], [95.16913000000001, 26.863660000000003], [95.16699000000001, 26.861620000000002], [95.16691, 26.86727], [95.16132, 26.86794], [95.15975, 26.869080000000004], [95.16095000000001, 26.872390000000003], [95.15975, 26.873130000000003], [95.15787, 26.872290000000003], [95.15678000000001, 26.870720000000002], [95.15547000000001, 26.870590000000004], [95.15498000000001, 26.869110000000003], [95.14988000000001, 26.86811], [95.14894000000001, 26.86587], [95.14692000000001, 26.867510000000003], [95.14816, 26.870350000000002], [95.14662000000001, 26.87045], [95.14504000000001, 26.86952], [95.14456000000001, 26.867140000000003], [95.14174000000001, 26.864500000000003], [95.14103000000001, 26.86587], [95.14167, 26.867440000000002], [95.14103000000001, 26.88079], [95.14178000000001, 26.89063], [95.14107000000001, 26.895550000000004], [95.14388000000001, 26.895780000000002], [95.14501000000001, 26.897520000000004], [95.14396, 26.899030000000003], [95.14444, 26.90023], [95.14714000000001, 26.901130000000002], [95.14752000000001, 26.902410000000003], [95.14508000000001, 26.905880000000003], [95.14662000000001, 26.908230000000003], [95.14861, 26.908830000000002], [95.15165, 26.90782], [95.15847000000001, 26.9098], [95.16166000000001, 26.91702], [95.16185, 26.923250000000003], [95.15866000000001, 26.93014], [95.15795000000001, 26.931340000000002], [95.15919000000001, 26.934820000000002], [95.16275, 26.939100000000003], [95.16286000000001, 26.943980000000003], [95.15536, 26.961100000000002], [95.15506, 26.966150000000003], [95.16121000000001, 26.99199], [95.16057, 27.002190000000002], [95.15946000000001, 27.00673], [95.18237, 27.025440000000003], [95.19243, 27.035120000000003], [95.19272000000001, 27.0271], [95.19475000000001, 27.01442], [95.19452000000001, 27.010270000000002], [95.19696, 27.000790000000002], [95.19668000000001, 26.993900000000004], [95.19313000000001, 26.99237], [95.19204, 26.984530000000003], [95.19726000000001, 26.98008], [95.20459000000001, 26.979210000000002], [95.20677, 26.977130000000002], [95.20204000000001, 26.97668], [95.20558000000001, 26.96957], [95.21184000000001, 26.964840000000002], [95.21046000000001, 26.962590000000002], [95.20563000000001, 26.959830000000004], [95.20355, 26.957060000000002], [95.20530000000001, 26.95522], [95.21019000000001, 26.95324], [95.20602000000001, 26.951120000000003], [95.20893000000001, 26.937780000000004], [95.21117000000001, 26.93137], [95.21378000000001, 26.928600000000003]]]}}, {"id": "46", "type": "Feature", "properties": {"state_name": "Nagaland", "district_name": "Zunheboto", "block_name": "Satakha", "block_lgd": 1777, "district_lgd": 251}, "geometry": {"type": "Polygon", "coordinates": [[[94.45108, 25.97257], [94.45257000000001, 25.97257], [94.45673000000001, 25.974700000000002], [94.46029000000001, 25.974700000000002], [94.46208000000001, 25.97257], [94.46267, 25.96402], [94.46861000000001, 25.961080000000003], [94.47188000000001, 25.963490000000004], [94.47337, 25.969630000000002], [94.47842000000001, 25.9707], [94.48228, 25.969900000000003], [94.48555, 25.96589], [94.49327000000001, 25.962950000000003], [94.50486000000001, 25.962950000000003], [94.51407, 25.96001], [94.51526000000001, 25.953870000000002], [94.52090000000001, 25.955470000000002], [94.52684, 25.950400000000002], [94.53011000000001, 25.945850000000004], [94.53427, 25.94265], [94.53386, 25.9353], [94.53148, 25.92969], [94.52732, 25.92461], [94.52762000000001, 25.91419], [94.52405, 25.904570000000003], [94.52435000000001, 25.89335], [94.52138000000001, 25.888270000000002], [94.52464, 25.884790000000002], [94.52821, 25.865280000000002], [94.53059, 25.860740000000003], [94.5306, 25.854440000000004], [94.52867, 25.85217], [94.52911, 25.84963], [94.52673000000001, 25.846950000000003], [94.52659000000001, 25.844680000000004], [94.52792000000001, 25.84428], [94.52822, 25.842540000000003], [94.52644000000001, 25.839730000000003], [94.52644000000001, 25.836930000000002], [94.52391, 25.830640000000002], [94.52243000000001, 25.8289], [94.52005000000001, 25.82797], [94.51817000000001, 25.825020000000002], [94.51480000000001, 25.82138], [94.51466, 25.818420000000003], [94.51786000000001, 25.81643], [94.51744000000001, 25.81518], [94.51571000000001, 25.814860000000003], [94.51117, 25.81679], [94.50678, 25.82224], [94.50077, 25.8256], [94.49498000000001, 25.831480000000003], [94.48412, 25.83236], [94.48129, 25.8331], [94.47523000000001, 25.8321], [94.47244, 25.83238], [94.47025000000001, 25.82994], [94.46645000000001, 25.829990000000002], [94.46490000000001, 25.831170000000004], [94.46417000000001, 25.833440000000003], [94.46520000000001, 25.83679], [94.46212000000001, 25.841920000000002], [94.46303, 25.846280000000004], [94.46104000000001, 25.84608], [94.45584000000001, 25.858290000000004], [94.45138000000001, 25.866310000000002], [94.44544, 25.8746], [94.44336000000001, 25.880480000000002], [94.44187000000001, 25.888230000000004], [94.43861000000001, 25.89224], [94.43356000000001, 25.89384], [94.42791000000001, 25.89411], [94.42613000000001, 25.89892], [94.4193, 25.90266], [94.41395000000001, 25.90293], [94.41306, 25.900260000000003], [94.40979, 25.900520000000004], [94.40711, 25.905070000000002], [94.40385, 25.905070000000002], [94.40117000000001, 25.906940000000002], [94.3979, 25.910950000000003], [94.39196000000001, 25.91148], [94.39018, 25.90988], [94.38988, 25.907200000000003], [94.38780000000001, 25.90801], [94.38543000000001, 25.91121], [94.38483000000001, 25.914690000000004], [94.37711, 25.9187], [94.37324000000001, 25.919500000000003], [94.37176000000001, 25.92244], [94.37235000000001, 25.926180000000002], [94.38067000000001, 25.925910000000002], [94.38305000000001, 25.931790000000003], [94.38246000000001, 25.937130000000003], [94.37919000000001, 25.93793], [94.37681, 25.940070000000002], [94.37532, 25.94301], [94.37514, 25.953080000000003], [94.37876000000001, 25.95484], [94.39743000000001, 25.9585], [94.40376, 25.961750000000002], [94.41099000000001, 25.966620000000002], [94.42996000000001, 25.985580000000002], [94.43771000000001, 25.989390000000004], [94.43979, 25.98779], [94.44128, 25.984320000000004], [94.44574, 25.981910000000003], [94.44871, 25.975510000000003], [94.45108, 25.97257]]]}}, {"id": "47", "type": "Feature", "properties": {"state_name": "Nagaland", "district_name": "Mon", "block_name": "Shangnyu", "block_lgd": 1747, "district_lgd": 247}, "geometry": {"type": "Polygon", "coordinates": [[[95.16691, 26.86727], [95.16699000000001, 26.861620000000002], [95.16913000000001, 26.863660000000003], [95.17055, 26.863490000000002], [95.17265, 26.86212], [95.17213000000001, 26.86098], [95.17322000000001, 26.85901], [95.17577000000001, 26.85938], [95.17712, 26.861250000000002], [95.18179, 26.85959], [95.18114000000001, 26.8592], [95.1824, 26.854000000000003], [95.18966, 26.84551], [95.19392, 26.84371], [95.19432, 26.845850000000002], [95.20083000000001, 26.84325], [95.20519, 26.84502], [95.20299000000001, 26.840580000000003], [95.1971, 26.837190000000003], [95.19562, 26.83424], [95.19712000000001, 26.82719], [95.19915, 26.823030000000003], [95.20009, 26.815590000000004], [95.20337, 26.805940000000003], [95.21139000000001, 26.792970000000004], [95.21094000000001, 26.78817], [95.20845000000001, 26.784190000000002], [95.20453, 26.781810000000004], [95.19520000000001, 26.780060000000002], [95.19211000000001, 26.77767], [95.19074, 26.77587], [95.19003000000001, 26.765520000000002], [95.18866000000001, 26.76292], [95.18599, 26.76096], [95.18381000000001, 26.75533], [95.18012, 26.7498], [95.17213000000001, 26.743540000000003], [95.17189, 26.74537], [95.16924, 26.74473], [95.16832000000001, 26.74229], [95.16743000000001, 26.741940000000003], [95.16476, 26.743910000000003], [95.16161000000001, 26.74369], [95.16197000000001, 26.74152], [95.15959000000001, 26.73926], [95.15683000000001, 26.743240000000004], [95.15528, 26.741170000000004], [95.15076, 26.741550000000004], [95.14952000000001, 26.74285], [95.14574, 26.743610000000004], [95.14557, 26.74595], [95.14479000000001, 26.745900000000002], [95.14242, 26.744120000000002], [95.14233, 26.74226], [95.14031000000001, 26.74096], [95.13903, 26.741090000000003], [95.13900000000001, 26.74247], [95.13748000000001, 26.7433], [95.13745, 26.74415], [95.13356, 26.74351], [95.13303, 26.747300000000003], [95.13107000000001, 26.748050000000003], [95.13009000000001, 26.74781], [95.13018000000001, 26.744840000000003], [95.12783, 26.744090000000003], [95.12729, 26.745050000000003], [95.12795000000001, 26.74762], [95.12685, 26.748070000000002], [95.12492, 26.747670000000003], [95.12527000000001, 26.745070000000002], [95.12370000000001, 26.743800000000004], [95.12272, 26.74388], [95.12100000000001, 26.74698], [95.11817, 26.743140000000004], [95.11672, 26.743000000000002], [95.11493, 26.7447], [95.11247, 26.742160000000002], [95.11366000000001, 26.74059], [95.11354000000001, 26.739480000000004], [95.11223000000001, 26.738730000000004], [95.11080000000001, 26.73966], [95.10941000000001, 26.739530000000002], [95.10817, 26.737440000000003], [95.10958000000001, 26.736110000000004], [95.10897000000001, 26.734230000000004], [95.10767000000001, 26.73365], [95.10587000000001, 26.735080000000004], [95.10458000000001, 26.73478], [95.10278000000001, 26.733210000000003], [95.10335, 26.730890000000002], [95.1024, 26.729350000000004], [95.10072000000001, 26.732290000000003], [95.09966000000001, 26.73271], [95.09534000000001, 26.73619], [95.09239000000001, 26.742430000000002], [95.08954000000001, 26.744300000000003], [95.08921000000001, 26.746720000000003], [95.09334000000001, 26.75615], [95.09629000000001, 26.759580000000003], [95.09833, 26.76442], [95.10594, 26.769980000000004], [95.11635000000001, 26.789790000000004], [95.11734000000001, 26.78929], [95.11930000000001, 26.79059], [95.12151000000001, 26.790560000000003], [95.12291, 26.789450000000002], [95.12426, 26.78948], [95.12684, 26.791050000000002], [95.12898000000001, 26.791220000000003], [95.13155, 26.7939], [95.13169, 26.795040000000004], [95.13074, 26.795980000000004], [95.13136, 26.799200000000003], [95.13283000000001, 26.800690000000003], [95.13440000000001, 26.800900000000002], [95.13569000000001, 26.802930000000003], [95.13588000000001, 26.80582], [95.13474000000001, 26.806240000000003], [95.13455, 26.80713], [95.13512000000001, 26.80955], [95.14030000000001, 26.814220000000002], [95.13935000000001, 26.81596], [95.14020000000001, 26.81821], [95.14415000000001, 26.819650000000003], [95.14576000000001, 26.822110000000002], [95.14581000000001, 26.823040000000002], [95.14339000000001, 26.824530000000003], [95.14291000000001, 26.825630000000004], [95.14291000000001, 26.82703], [95.14467, 26.828390000000002], [95.14329000000001, 26.83191], [95.14187000000001, 26.83331], [95.14158, 26.83594], [95.14263000000001, 26.837550000000004], [95.14039000000001, 26.84391], [95.14115000000001, 26.84514], [95.14343000000001, 26.84455], [95.14496000000001, 26.846290000000003], [95.14443000000001, 26.851250000000004], [95.14719000000001, 26.85227], [95.14638000000001, 26.854090000000003], [95.14652000000001, 26.856930000000002], [95.14534, 26.857020000000002], [95.14467, 26.85846], [95.14548, 26.859730000000003], [95.14862000000001, 26.859990000000003], [95.14519000000001, 26.86117], [95.14443000000001, 26.862150000000003], [95.14453, 26.864020000000004], [95.14174000000001, 26.864500000000003], [95.14456000000001, 26.867140000000003], [95.14504000000001, 26.86952], [95.14662000000001, 26.87045], [95.14816, 26.870350000000002], [95.14692000000001, 26.867510000000003], [95.14894000000001, 26.86587], [95.14988000000001, 26.86811], [95.15498000000001, 26.869110000000003], [95.15547000000001, 26.870590000000004], [95.15678000000001, 26.870720000000002], [95.15787, 26.872290000000003], [95.15975, 26.873130000000003], [95.16095000000001, 26.872390000000003], [95.15975, 26.869080000000004], [95.16132, 26.86794], [95.16691, 26.86727]]]}}, {"id": "48", "type": "Feature", "properties": {"state_name": "Nagaland", "district_name": "Mon", "block_name": "Mon Sadar", "block_lgd": 1748, "district_lgd": 247}, "geometry": {"type": "Polygon", "coordinates": [[[94.94650000000001, 26.88237], [94.9475, 26.88126], [94.94842000000001, 26.88097], [94.94939000000001, 26.881860000000003], [94.95135, 26.881190000000004], [94.95231000000001, 26.878970000000002], [94.95146000000001, 26.877160000000003], [94.95224, 26.875880000000002], [94.95531000000001, 26.87646], [94.95556, 26.87891], [94.95670000000001, 26.879640000000002], [94.95894000000001, 26.87919], [94.96097, 26.87658], [94.96294, 26.87684], [94.96351000000001, 26.878750000000004], [94.96490000000001, 26.878750000000004], [94.96646000000001, 26.876230000000003], [94.96671, 26.874100000000002], [94.96892000000001, 26.87226], [94.97256, 26.87337], [94.97370000000001, 26.87289], [94.97345000000001, 26.871180000000003], [94.97481, 26.869870000000002], [94.97584, 26.869590000000002], [94.97837000000001, 26.87076], [94.98108, 26.87045], [94.98140000000001, 26.86851], [94.98896, 26.86682], [94.98885000000001, 26.864880000000003], [94.99085000000001, 26.863860000000003], [94.99278000000001, 26.86475], [94.99627000000001, 26.864500000000003], [94.99709000000001, 26.86304], [95.00098000000001, 26.86428], [95.00130000000001, 26.865900000000003], [95.00262000000001, 26.86653], [95.00418, 26.86653], [95.00515000000001, 26.864690000000003], [95.00825, 26.86437], [95.00903000000001, 26.86596], [95.01014, 26.86615], [95.01295, 26.86587], [95.01328000000001, 26.86428], [95.01499000000001, 26.86351], [95.01620000000001, 26.86138], [95.01809, 26.86447], [95.02005000000001, 26.865360000000003], [95.01966, 26.861700000000003], [95.02066, 26.860650000000003], [95.02233000000001, 26.863860000000003], [95.02625, 26.863450000000004], [95.02718, 26.865360000000003], [95.02832000000001, 26.86501], [95.02843000000001, 26.86717], [95.02950000000001, 26.86898], [95.03413, 26.869080000000004], [95.03306, 26.867200000000004], [95.03609, 26.861600000000003], [95.03602000000001, 26.85966], [95.03659, 26.85919], [95.03912000000001, 26.85986], [95.04244000000001, 26.856070000000003], [95.04326, 26.855940000000004], [95.04690000000001, 26.85874], [95.04968000000001, 26.857310000000002], [95.05021, 26.85556], [95.05691, 26.857760000000003], [95.05984000000001, 26.85667], [95.06265, 26.85941], [95.06593000000001, 26.85884], [95.06636, 26.85687], [95.06854000000001, 26.85667], [95.06968, 26.85769], [95.07281, 26.856830000000002], [95.07349, 26.85499], [95.07802000000001, 26.855210000000003], [95.08201000000001, 26.85066], [95.08479000000001, 26.851110000000002], [95.08672000000001, 26.849770000000003], [95.08640000000001, 26.845670000000002], [95.08772, 26.84456], [95.08818000000001, 26.84185], [95.08608000000001, 26.839820000000003], [95.08622000000001, 26.837460000000004], [95.08797000000001, 26.836920000000003], [95.08797000000001, 26.833640000000003], [95.08661000000001, 26.83021], [95.08697000000001, 26.82916], [95.08893, 26.828840000000003], [95.09057000000001, 26.827280000000002], [95.08914000000001, 26.823150000000002], [95.08968, 26.82165], [95.09132000000001, 26.82149], [95.09232, 26.82009], [95.09021000000001, 26.816750000000003], [95.09043000000001, 26.81481], [95.09356000000001, 26.814840000000004], [95.09453, 26.814140000000002], [95.09274, 26.81096], [95.09303000000001, 26.80892], [95.09449000000001, 26.80911], [95.09674000000001, 26.80676], [95.09528, 26.805100000000003], [95.09513000000001, 26.801890000000004], [95.09891, 26.800200000000004], [95.09863000000001, 26.797850000000004], [95.10241, 26.796290000000003], [95.1038, 26.796930000000003], [95.10387000000001, 26.79632], [95.10668000000001, 26.7954], [95.10747, 26.793200000000002], [95.10968000000001, 26.79276], [95.11189, 26.793550000000003], [95.11424000000001, 26.792630000000003], [95.11635000000001, 26.789790000000004], [95.10594, 26.769980000000004], [95.09833, 26.76442], [95.09629000000001, 26.759580000000003], [95.09334000000001, 26.75615], [95.08921000000001, 26.746720000000003], [95.08954000000001, 26.744300000000003], [95.09239000000001, 26.742430000000002], [95.09534000000001, 26.73619], [95.09966000000001, 26.73271], [95.09843000000001, 26.73025], [95.09862000000001, 26.72698], [95.09753, 26.726770000000002], [95.09624000000001, 26.725030000000004], [95.09296, 26.726170000000003], [95.09154000000001, 26.723160000000004], [95.08807, 26.72172], [95.08640000000001, 26.7218], [95.08469000000001, 26.71976], [95.08260000000001, 26.714840000000002], [95.07918000000001, 26.714290000000002], [95.07832, 26.71085], [95.07656000000001, 26.712970000000002], [95.07409000000001, 26.712840000000003], [95.07295, 26.71123], [95.07143, 26.71102], [95.07129, 26.709660000000003], [95.06763000000001, 26.70923], [95.06644000000001, 26.710890000000003], [95.06415000000001, 26.711060000000003], [95.06387000000001, 26.708940000000002], [95.06297, 26.708810000000003], [95.06435, 26.706940000000003], [95.06435, 26.70558], [95.06330000000001, 26.704690000000003], [95.06358, 26.699800000000003], [95.05950000000001, 26.69704], [95.05817, 26.697000000000003], [95.05631000000001, 26.691570000000002], [95.05493000000001, 26.691100000000002], [95.05503, 26.68982], [95.05108000000001, 26.6883], [95.05246000000001, 26.685370000000002], [95.05588, 26.68401], [95.05607, 26.68061], [95.05726000000001, 26.678700000000003], [95.05878000000001, 26.679890000000004], [95.06083000000001, 26.680180000000004], [95.06192000000001, 26.68307], [95.06458, 26.683880000000002], [95.0661, 26.68345], [95.06620000000001, 26.68167], [95.06135, 26.67742], [95.06078000000001, 26.67555], [95.06116, 26.67453], [95.06254000000001, 26.67441], [95.06444, 26.676740000000002], [95.06696000000001, 26.677170000000004], [95.0681, 26.67696], [95.06805000000001, 26.674870000000002], [95.06877000000001, 26.674490000000002], [95.06815, 26.672960000000003], [95.06644000000001, 26.672710000000002], [95.06686, 26.67067], [95.06596, 26.66748], [95.06406000000001, 26.666680000000003], [95.05859000000001, 26.669480000000004], [95.05721000000001, 26.66927], [95.05688, 26.668460000000003], [95.05802000000001, 26.667360000000002], [95.05821, 26.665910000000004], [95.05683, 26.665490000000002], [95.06007000000001, 26.66315], [95.05836000000001, 26.660860000000003], [95.06097000000001, 26.660560000000004], [95.05926000000001, 26.658310000000004], [95.05774000000001, 26.658260000000002], [95.05788000000001, 26.656560000000002], [95.05954000000001, 26.653930000000003], [95.05912000000001, 26.653000000000002], [95.05598, 26.6521], [95.05755, 26.650740000000003], [95.05897, 26.650740000000003], [95.05921000000001, 26.648200000000003], [95.0575, 26.64786], [95.05579, 26.64854], [95.05308000000001, 26.64722], [95.05460000000001, 26.64356], [95.05294, 26.64195], [95.05094000000001, 26.642120000000002], [95.04961, 26.64017], [95.05332000000001, 26.63791], [95.04828, 26.63728], [95.04966, 26.632730000000002], [95.05194, 26.6309], [95.05175000000001, 26.62929], [95.05013000000001, 26.628390000000003], [95.04961, 26.626780000000004], [95.04585, 26.62733], [95.04248000000001, 26.62572], [95.04167000000001, 26.62376], [95.04020000000001, 26.62376], [95.0383, 26.624950000000002], [95.0383, 26.62602], [95.03986, 26.62695], [95.03967, 26.628010000000003], [95.03744, 26.628140000000002], [95.03540000000001, 26.62648], [95.0353, 26.624740000000003], [95.03302000000001, 26.623590000000004], [95.02822, 26.6247], [95.02461000000001, 26.620410000000003], [95.02285, 26.62092], [95.02304000000001, 26.623680000000004], [95.01923000000001, 26.623340000000002], [95.01933000000001, 26.62441], [95.01919000000001, 26.625680000000003], [95.02085000000001, 26.626870000000004], [95.02037000000001, 26.6309], [95.01667, 26.634940000000004], [95.01605, 26.637190000000004], [95.01443, 26.637400000000003], [95.01206, 26.635530000000003], [95.01101000000001, 26.63303], [95.01001000000001, 26.63286], [95.00782000000001, 26.633920000000003], [95.00735, 26.63706], [95.00383000000001, 26.637110000000003], [95.00226, 26.635920000000002], [94.99779000000001, 26.63587], [94.99694000000001, 26.63876], [94.99585, 26.639020000000002], [94.99176000000001, 26.638130000000004], [94.99081000000001, 26.637230000000002], [94.98610000000001, 26.637870000000003], [94.98591, 26.639950000000002], [94.98206, 26.64046], [94.97978, 26.63791], [94.97659, 26.638550000000002], [94.97564000000001, 26.6411], [94.96951000000001, 26.63953], [94.96875000000001, 26.640040000000003], [94.96875000000001, 26.64233], [94.96704000000001, 26.644370000000002], [94.96400000000001, 26.64497], [94.96271, 26.646620000000002], [94.96048, 26.646880000000003], [94.96019000000001, 26.649600000000003], [94.95929000000001, 26.651380000000003], [94.95977, 26.65312], [94.95706000000001, 26.6564], [94.95525, 26.656950000000002], [94.95368, 26.656650000000003], [94.95335000000001, 26.65546], [94.95563000000001, 26.65266], [94.95511, 26.651760000000003], [94.95302000000001, 26.649600000000003], [94.94764, 26.65172], [94.94641000000001, 26.65096], [94.94627000000001, 26.647350000000003], [94.94375000000001, 26.647730000000003], [94.94289, 26.648410000000002], [94.94275, 26.65087], [94.94056, 26.651210000000003], [94.93837, 26.65117], [94.93700000000001, 26.64917], [94.93448000000001, 26.64947], [94.93400000000001, 26.6476], [94.93319000000001, 26.64722], [94.9312, 26.64815], [94.92739, 26.647810000000003], [94.92492000000001, 26.645690000000002], [94.92326000000001, 26.645860000000003], [94.92197, 26.64701], [94.92155000000001, 26.65125], [94.92402000000001, 26.651980000000002], [94.92397000000001, 26.654100000000003], [94.92568000000001, 26.654650000000004], [94.92473000000001, 26.65623], [94.92554000000001, 26.65848], [94.9282, 26.659200000000002], [94.92972, 26.65848], [94.93082000000001, 26.6595], [94.93153000000001, 26.662090000000003], [94.92887, 26.662810000000004], [94.92972, 26.6654], [94.93096000000001, 26.666040000000002], [94.93319000000001, 26.66561], [94.93633000000001, 26.667360000000002], [94.93643, 26.668460000000003], [94.93448000000001, 26.669220000000003], [94.93562000000001, 26.67207], [94.93676, 26.673000000000002], [94.93876, 26.67313], [94.94018000000001, 26.674920000000004], [94.94013000000001, 26.676190000000002], [94.93828, 26.678440000000002], [94.94085000000001, 26.679160000000003], [94.94427, 26.67874], [94.94375000000001, 26.682010000000002], [94.94194, 26.683280000000003], [94.94446, 26.684690000000003], [94.9466, 26.684220000000003], [94.94598, 26.68643], [94.94745, 26.686890000000002], [94.94617000000001, 26.688850000000002], [94.94722, 26.69084], [94.94883, 26.691060000000004], [94.95007000000001, 26.692290000000003], [94.94722, 26.693820000000002], [94.94736, 26.695050000000002], [94.94978, 26.69581], [94.95107, 26.69365], [94.95325000000001, 26.69356], [94.95373000000001, 26.6962], [94.95658, 26.697090000000003], [94.95454000000001, 26.698320000000002], [94.95240000000001, 26.697770000000002], [94.95316000000001, 26.699510000000004], [94.95967, 26.69947], [94.96053, 26.700020000000002], [94.96076000000001, 26.701760000000004], [94.95863000000001, 26.702990000000003], [94.95891, 26.703460000000003], [94.96395000000001, 26.703290000000003], [94.96471000000001, 26.70418], [94.96452000000001, 26.706090000000003], [94.96171000000001, 26.70541], [94.96076000000001, 26.70605], [94.96191, 26.711060000000003], [94.96129, 26.711990000000004], [94.95920000000001, 26.711740000000002], [94.95934000000001, 26.71373], [94.96143000000001, 26.713610000000003], [94.96447, 26.714750000000002], [94.96466000000001, 26.716240000000003], [94.96224000000001, 26.716150000000003], [94.96224000000001, 26.71883], [94.96566000000001, 26.721760000000003], [94.96837000000001, 26.72155], [94.96904, 26.72324], [94.96866000000001, 26.724560000000004], [94.96633000000001, 26.72566], [94.96552000000001, 26.727700000000002], [94.96636000000001, 26.731150000000003], [94.96428, 26.734050000000003], [94.96262, 26.734050000000003], [94.96045000000001, 26.736430000000002], [94.96104000000001, 26.73985], [94.95721, 26.745350000000002], [94.95796000000001, 26.74639], [94.95721, 26.750030000000002], [94.95580000000001, 26.750700000000002], [94.95313, 26.750400000000003], [94.9513, 26.751510000000003], [94.9513, 26.752850000000002], [94.95055, 26.753300000000003], [94.94115000000001, 26.751070000000002], [94.93666, 26.752480000000002], [94.93616, 26.75025], [94.93233000000001, 26.74951], [94.93051000000001, 26.750120000000003], [94.93010000000001, 26.75354], [94.93146, 26.754310000000004], [94.93102, 26.757520000000003], [94.92796000000001, 26.7585], [94.92742000000001, 26.76012], [94.92855, 26.761070000000004], [94.92808000000001, 26.762580000000003], [94.92344000000001, 26.765050000000002], [94.92323, 26.767650000000003], [94.91991, 26.770300000000002], [94.92540000000001, 26.77269], [94.926, 26.77635], [94.93292000000001, 26.77831], [94.93438, 26.782320000000002], [94.93705000000001, 26.782030000000002], [94.93928000000001, 26.784570000000002], [94.93649, 26.795820000000003], [94.93583000000001, 26.802390000000003], [94.93292000000001, 26.807640000000003], [94.93177000000001, 26.817690000000002], [94.93262000000001, 26.82093], [94.93451, 26.823000000000004], [94.93597000000001, 26.82711], [94.93594, 26.830070000000003], [94.93572, 26.831780000000002], [94.93441000000001, 26.832800000000002], [94.93334, 26.835410000000003], [94.92856, 26.838020000000004], [94.92827000000001, 26.840880000000002], [94.92713, 26.841520000000003], [94.92685, 26.843680000000003], [94.923, 26.8454], [94.9231, 26.84775], [94.92104, 26.849600000000002], [94.91957000000001, 26.849600000000002], [94.91804, 26.85208], [94.91861, 26.85386], [94.91804, 26.85631], [94.91854000000001, 26.857840000000003], [94.92121, 26.858340000000002], [94.92264, 26.857680000000002], [94.92353000000001, 26.858950000000004], [94.9235, 26.86025], [94.92093000000001, 26.862890000000004], [94.9231, 26.864670000000004], [94.92460000000001, 26.862830000000002], [94.92649, 26.863590000000002], [94.92688000000001, 26.866360000000004], [94.92813000000001, 26.866390000000003], [94.92874, 26.864960000000004], [94.93063000000001, 26.865630000000003], [94.93052, 26.86839], [94.92899000000001, 26.869190000000003], [94.92913, 26.869760000000003], [94.93227, 26.8717], [94.93234000000001, 26.873420000000003], [94.93505, 26.87412], [94.93405000000001, 26.877550000000003], [94.93608, 26.87724], [94.93644, 26.875420000000002], [94.93769, 26.87571], [94.93794000000001, 26.877170000000003], [94.93947000000001, 26.87883], [94.93843000000001, 26.87911], [94.93758000000001, 26.88286], [94.93992, 26.883560000000003], [94.94268000000001, 26.883580000000002], [94.94333, 26.884760000000004], [94.94639000000001, 26.884880000000003], [94.94650000000001, 26.88237]]]}}, {"id": "49", "type": "Feature", "properties": {"state_name": "Nagaland", "district_name": "Mon", "block_name": "Wakching", "block_lgd": 1749, "district_lgd": 247}, "geometry": {"type": "Polygon", "coordinates": [[[94.95580000000001, 26.750700000000002], [94.95721, 26.750030000000002], [94.95796000000001, 26.74639], [94.95721, 26.745350000000002], [94.96104000000001, 26.73985], [94.96045000000001, 26.736430000000002], [94.96262, 26.734050000000003], [94.96428, 26.734050000000003], [94.96636000000001, 26.731150000000003], [94.96552000000001, 26.727700000000002], [94.96633000000001, 26.72566], [94.96866000000001, 26.724560000000004], [94.96904, 26.72324], [94.96837000000001, 26.72155], [94.96566000000001, 26.721760000000003], [94.96224000000001, 26.71883], [94.96224000000001, 26.716150000000003], [94.96466000000001, 26.716240000000003], [94.96447, 26.714750000000002], [94.96143000000001, 26.713610000000003], [94.95934000000001, 26.71373], [94.95920000000001, 26.711740000000002], [94.96129, 26.711990000000004], [94.96191, 26.711060000000003], [94.96076000000001, 26.70605], [94.96171000000001, 26.70541], [94.96452000000001, 26.706090000000003], [94.96471000000001, 26.70418], [94.96395000000001, 26.703290000000003], [94.95891, 26.703460000000003], [94.95863000000001, 26.702990000000003], [94.96076000000001, 26.701760000000004], [94.96053, 26.700020000000002], [94.95967, 26.69947], [94.95316000000001, 26.699510000000004], [94.95240000000001, 26.697770000000002], [94.95454000000001, 26.698320000000002], [94.95658, 26.697090000000003], [94.95373000000001, 26.6962], [94.95325000000001, 26.69356], [94.95107, 26.69365], [94.94978, 26.69581], [94.94736, 26.695050000000002], [94.94722, 26.693820000000002], [94.95007000000001, 26.692290000000003], [94.94883, 26.691060000000004], [94.94722, 26.69084], [94.94617000000001, 26.688850000000002], [94.94745, 26.686890000000002], [94.94598, 26.68643], [94.9466, 26.684220000000003], [94.94446, 26.684690000000003], [94.94194, 26.683280000000003], [94.94375000000001, 26.682010000000002], [94.94427, 26.67874], [94.94085000000001, 26.679160000000003], [94.93828, 26.678440000000002], [94.94013000000001, 26.676190000000002], [94.94018000000001, 26.674920000000004], [94.93876, 26.67313], [94.93676, 26.673000000000002], [94.93562000000001, 26.67207], [94.93448000000001, 26.669220000000003], [94.93643, 26.668460000000003], [94.93633000000001, 26.667360000000002], [94.93319000000001, 26.66561], [94.93096000000001, 26.666040000000002], [94.92972, 26.6654], [94.92887, 26.662810000000004], [94.93153000000001, 26.662090000000003], [94.93082000000001, 26.6595], [94.92972, 26.65848], [94.9282, 26.659200000000002], [94.92554000000001, 26.65848], [94.92473000000001, 26.65623], [94.92568000000001, 26.654650000000004], [94.92397000000001, 26.654100000000003], [94.92402000000001, 26.651980000000002], [94.92155000000001, 26.65125], [94.92197, 26.64701], [94.91739000000001, 26.644160000000003], [94.91506000000001, 26.64543], [94.91140000000001, 26.64505], [94.91183000000001, 26.64263], [94.90921, 26.640760000000004], [94.90641000000001, 26.640590000000003], [94.90631, 26.63961], [94.90394, 26.640500000000003], [94.90213000000001, 26.63906], [94.90061000000001, 26.639820000000004], [94.90032000000001, 26.638800000000003], [94.89709, 26.638890000000004], [94.89576000000001, 26.633740000000003], [94.89395, 26.633580000000002], [94.89381, 26.63145], [94.89162, 26.630470000000003], [94.89063, 26.628220000000002], [94.89072, 26.626440000000002], [94.89167, 26.626820000000002], [94.89647000000001, 26.62525], [94.89647000000001, 26.624270000000003], [94.89248, 26.623420000000003], [94.89224, 26.62244], [94.89272000000001, 26.621170000000003], [94.89452000000001, 26.62095], [94.89604000000001, 26.619760000000003], [94.89657000000001, 26.616660000000003], [94.88801000000001, 26.6167], [94.88459, 26.614630000000002], [94.88374, 26.615740000000002], [94.88235, 26.615710000000004], [94.87995000000001, 26.612000000000002], [94.87388000000001, 26.608970000000003], [94.87136000000001, 26.61014], [94.87016000000001, 26.613650000000003], [94.86797000000001, 26.611610000000002], [94.86518000000001, 26.613170000000004], [94.86038, 26.614], [94.85524000000001, 26.610200000000003], [94.85245, 26.614], [94.84765, 26.61259], [94.84076, 26.614780000000003], [94.83898, 26.617400000000004], [94.83519000000001, 26.618810000000003], [94.83071000000001, 26.62244], [94.82224000000001, 26.62236], [94.81913, 26.62451], [94.81465000000001, 26.62236], [94.81306000000001, 26.624350000000003], [94.80681000000001, 26.625860000000003], [94.80376000000001, 26.630380000000002], [94.80046, 26.631290000000003], [94.79303, 26.63088], [94.79055000000001, 26.633110000000002], [94.78707000000001, 26.633250000000004], [94.78671000000001, 26.634590000000003], [94.78831000000001, 26.637290000000004], [94.78645, 26.641250000000003], [94.78799000000001, 26.649030000000003], [94.78721, 26.651360000000004], [94.78766, 26.65408], [94.78714000000001, 26.655510000000003], [94.77995000000001, 26.65781], [94.77959000000001, 26.65903], [94.78449, 26.664690000000004], [94.78622000000001, 26.66785], [94.78587, 26.669300000000003], [94.78133000000001, 26.671940000000003], [94.78111000000001, 26.673140000000004], [94.78267000000001, 26.675290000000004], [94.78587, 26.676510000000004], [94.78746000000001, 26.67799], [94.79010000000001, 26.688430000000004], [94.78886000000001, 26.690050000000003], [94.78102000000001, 26.69415], [94.77978, 26.6962], [94.77997, 26.698420000000002], [94.7818, 26.69956], [94.78814000000001, 26.698680000000003], [94.79245, 26.694490000000002], [94.79833, 26.6933], [94.80290000000001, 26.689670000000003], [94.80520000000001, 26.68936], [94.80650000000001, 26.69124], [94.80473, 26.69612], [94.80551000000001, 26.69751], [94.80723, 26.697570000000002], [94.81250000000001, 26.695110000000003], [94.81491000000001, 26.69584], [94.81886, 26.702710000000003], [94.82358, 26.70726], [94.82566000000001, 26.71207], [94.82965, 26.714150000000004], [94.83396, 26.71779], [94.83389000000001, 26.719210000000004], [94.82981000000001, 26.721320000000002], [94.83545000000001, 26.723260000000003], [94.83827000000001, 26.723180000000003], [94.83966000000001, 26.72415], [94.83918000000001, 26.726020000000002], [94.84031, 26.72699], [94.84196000000001, 26.727140000000002], [94.84326, 26.726080000000003], [94.84629000000001, 26.72754], [94.84688000000001, 26.731330000000003], [94.84848000000001, 26.732210000000002], [94.84887, 26.73046], [94.85247000000001, 26.72942], [94.85413000000001, 26.73101], [94.85449000000001, 26.73356], [94.85888000000001, 26.735820000000004], [94.86102000000001, 26.739480000000004], [94.86227000000001, 26.74011], [94.86940000000001, 26.740540000000003], [94.87356000000001, 26.73985], [94.882, 26.74096], [94.88948, 26.743640000000003], [94.89581000000001, 26.74407], [94.89712, 26.74574], [94.89893000000001, 26.74547], [94.90057, 26.74688], [94.90214, 26.74611], [94.90205, 26.743830000000003], [94.90437000000001, 26.744840000000003], [94.90559, 26.747970000000002], [94.90672, 26.747090000000004], [94.9085, 26.74733], [94.91019000000001, 26.745420000000003], [94.91304000000001, 26.74539], [94.914, 26.746480000000002], [94.91691, 26.7463], [94.91821, 26.744490000000003], [94.91916, 26.74444], [94.92279, 26.747010000000003], [94.92680000000001, 26.747220000000002], [94.92846, 26.746530000000003], [94.93048, 26.74858], [94.93051000000001, 26.750120000000003], [94.93233000000001, 26.74951], [94.93616, 26.75025], [94.93666, 26.752480000000002], [94.94115000000001, 26.751070000000002], [94.95055, 26.753300000000003], [94.9513, 26.752850000000002], [94.9513, 26.751510000000003], [94.95313, 26.750400000000003], [94.95580000000001, 26.750700000000002]]]}}, {"id": "50", "type": "Feature", "properties": {"state_name": "Nagaland", "district_name": "Mon", "block_name": "Aboi", "block_lgd": 1750, "district_lgd": 247}, "geometry": {"type": "Polygon", "coordinates": [[[94.96048, 26.646880000000003], [94.96271, 26.646620000000002], [94.96400000000001, 26.64497], [94.96704000000001, 26.644370000000002], [94.96875000000001, 26.64233], [94.96875000000001, 26.640040000000003], [94.96951000000001, 26.63953], [94.97564000000001, 26.6411], [94.97659, 26.638550000000002], [94.97978, 26.63791], [94.98206, 26.64046], [94.98591, 26.639950000000002], [94.98610000000001, 26.637870000000003], [94.99081000000001, 26.637230000000002], [94.99176000000001, 26.638130000000004], [94.99585, 26.639020000000002], [94.99694000000001, 26.63876], [94.99779000000001, 26.63587], [95.00226, 26.635920000000002], [95.00383000000001, 26.637110000000003], [95.00735, 26.63706], [95.00782000000001, 26.633920000000003], [95.01001000000001, 26.63286], [95.01101000000001, 26.63303], [95.01206, 26.635530000000003], [95.01443, 26.637400000000003], [95.01605, 26.637190000000004], [95.01667, 26.634940000000004], [95.02037000000001, 26.6309], [95.02085000000001, 26.626870000000004], [95.01919000000001, 26.625680000000003], [95.01933000000001, 26.62441], [95.01616000000001, 26.61989], [95.01705000000001, 26.617720000000002], [95.01530000000001, 26.615750000000002], [95.01541, 26.61438], [95.01677000000001, 26.613770000000002], [95.01366, 26.610970000000002], [95.01438, 26.607750000000003], [95.01898000000001, 26.606150000000003], [95.01944, 26.604210000000002], [95.01855, 26.601660000000003], [95.02054000000001, 26.599200000000003], [95.02511000000001, 26.598060000000004], [95.02575, 26.59605], [95.02425000000001, 26.592830000000003], [95.02504, 26.591420000000003], [95.02899000000001, 26.59025], [95.03024, 26.588520000000003], [95.02949000000001, 26.585400000000003], [95.02989000000001, 26.58199], [95.03391, 26.58113], [95.03506, 26.578770000000002], [95.03441000000001, 26.576690000000003], [95.03634000000001, 26.574340000000003], [95.03883, 26.57344], [95.03980000000001, 26.57214], [95.03858000000001, 26.569110000000002], [95.03659, 26.5684], [95.03727, 26.564770000000003], [95.03866000000001, 26.564770000000003], [95.03926000000001, 26.56388], [95.03962000000001, 26.560530000000004], [95.03712, 26.55992], [95.03463, 26.55712], [95.03456000000001, 26.55638], [95.03694, 26.554630000000003], [95.03684000000001, 26.55281], [95.0352, 26.55055], [95.03484, 26.547230000000003], [95.0357, 26.545060000000003], [95.03506, 26.543590000000002], [95.03192000000001, 26.541710000000002], [95.03038000000001, 26.542600000000004], [95.02721000000001, 26.54031], [95.02771000000001, 26.538780000000003], [95.02718, 26.53769], [95.02468, 26.536900000000003], [95.02327000000001, 26.53731], [95.02379, 26.538220000000003], [95.02028000000001, 26.53846], [95.0199, 26.540560000000003], [95.01781000000001, 26.541710000000002], [95.01524, 26.54003], [95.01189000000001, 26.53977], [95.00984000000001, 26.541130000000003], [95.00637, 26.540280000000003], [95.00435, 26.53846], [95.00162, 26.538390000000003], [95.001, 26.54024], [94.99751, 26.540860000000002], [94.99649000000001, 26.539800000000003], [94.99475000000001, 26.53986], [94.99318000000001, 26.540920000000003], [94.99309000000001, 26.542330000000003], [94.98964000000001, 26.54303], [94.98812000000001, 26.541670000000003], [94.98534000000001, 26.541200000000003], [94.98386, 26.54203], [94.98070000000001, 26.541690000000003], [94.97999, 26.54135], [94.98016000000001, 26.53948], [94.97621000000001, 26.53826], [94.97602, 26.53984], [94.97467, 26.54079], [94.9692, 26.542370000000002], [94.96863, 26.54447], [94.96968000000001, 26.545920000000002], [94.96972000000001, 26.547870000000003], [94.96858, 26.549380000000003], [94.96618000000001, 26.54932], [94.96656, 26.551430000000003], [94.96592000000001, 26.55253], [94.9667, 26.55451], [94.96445000000001, 26.556630000000002], [94.96205, 26.557450000000003], [94.96245, 26.56051], [94.96422000000001, 26.561270000000004], [94.96445000000001, 26.56352], [94.96342000000001, 26.5653], [94.9608, 26.565510000000003], [94.95880000000001, 26.567400000000003], [94.95989, 26.569080000000003], [94.96006000000001, 26.57168], [94.95766, 26.57214], [94.95521000000001, 26.570760000000003], [94.95304, 26.571220000000004], [94.94956, 26.569740000000003], [94.94888, 26.56765], [94.94722, 26.567040000000002], [94.94591000000001, 26.56699], [94.94437, 26.568310000000004], [94.94175000000001, 26.568310000000004], [94.94043, 26.565870000000004], [94.93747, 26.5651], [94.93598, 26.565970000000004], [94.93365000000001, 26.565150000000003], [94.93245, 26.56444], [94.93245, 26.56321], [94.93074000000001, 26.562340000000003], [94.92806, 26.561940000000003], [94.92726, 26.563160000000003], [94.92372, 26.563820000000003], [94.92115000000001, 26.561680000000003], [94.91921, 26.56173], [94.91813, 26.563930000000003], [94.91499, 26.564280000000004], [94.91408000000001, 26.56275], [94.91288, 26.56275], [94.91111000000001, 26.564950000000003], [94.90644, 26.562910000000002], [94.90324000000001, 26.564230000000002], [94.90016000000001, 26.564230000000002], [94.89839, 26.562700000000003], [94.89491000000001, 26.562450000000002], [94.89326000000001, 26.564230000000002], [94.89206, 26.564180000000004], [94.89082, 26.560350000000003], [94.88816000000001, 26.559530000000002], [94.88665, 26.56275], [94.88254, 26.564010000000003], [94.88313000000001, 26.56482], [94.88656, 26.565250000000002], [94.88717000000001, 26.566370000000003], [94.88327000000001, 26.572760000000002], [94.88049000000001, 26.573300000000003], [94.88059000000001, 26.575550000000003], [94.87950000000001, 26.57719], [94.88129, 26.579520000000002], [94.87997000000001, 26.5818], [94.88059000000001, 26.583520000000004], [94.88558, 26.58453], [94.88641000000001, 26.587090000000003], [94.88795, 26.588690000000003], [94.89242, 26.588690000000003], [94.89334000000001, 26.58949], [94.89267000000001, 26.59128], [94.89003000000001, 26.592270000000003], [94.88589, 26.58949], [94.88441, 26.590010000000003], [94.88411, 26.595640000000003], [94.88682000000001, 26.59552], [94.88902, 26.597800000000003], [94.89141000000001, 26.59718], [94.89382, 26.600140000000003], [94.89367000000001, 26.601260000000003], [94.89067000000001, 26.60226], [94.88965, 26.603630000000003], [94.89117, 26.60414], [94.89388000000001, 26.60283], [94.89481, 26.603980000000004], [94.89419000000001, 26.605040000000002], [94.89069, 26.606270000000002], [94.88712000000001, 26.60509], [94.88457000000001, 26.606530000000003], [94.88404000000001, 26.607820000000004], [94.88608, 26.61051], [94.88459, 26.614630000000002], [94.88801000000001, 26.6167], [94.89657000000001, 26.616660000000003], [94.89604000000001, 26.619760000000003], [94.89452000000001, 26.62095], [94.89272000000001, 26.621170000000003], [94.89224, 26.62244], [94.89248, 26.623420000000003], [94.89647000000001, 26.624270000000003], [94.89647000000001, 26.62525], [94.89167, 26.626820000000002], [94.89072, 26.626440000000002], [94.89063, 26.628220000000002], [94.89162, 26.630470000000003], [94.89381, 26.63145], [94.89395, 26.633580000000002], [94.89576000000001, 26.633740000000003], [94.89709, 26.638890000000004], [94.90032000000001, 26.638800000000003], [94.90061000000001, 26.639820000000004], [94.90213000000001, 26.63906], [94.90394, 26.640500000000003], [94.90631, 26.63961], [94.90641000000001, 26.640590000000003], [94.90921, 26.640760000000004], [94.91183000000001, 26.64263], [94.91140000000001, 26.64505], [94.91506000000001, 26.64543], [94.91739000000001, 26.644160000000003], [94.92197, 26.64701], [94.92326000000001, 26.645860000000003], [94.92492000000001, 26.645690000000002], [94.92739, 26.647810000000003], [94.9312, 26.64815], [94.93319000000001, 26.64722], [94.93400000000001, 26.6476], [94.93448000000001, 26.64947], [94.93700000000001, 26.64917], [94.93837, 26.65117], [94.94056, 26.651210000000003], [94.94275, 26.65087], [94.94289, 26.648410000000002], [94.94375000000001, 26.647730000000003], [94.94627000000001, 26.647350000000003], [94.94641000000001, 26.65096], [94.94764, 26.65172], [94.95302000000001, 26.649600000000003], [94.95511, 26.651760000000003], [94.95563000000001, 26.65266], [94.95335000000001, 26.65546], [94.95368, 26.656650000000003], [94.95525, 26.656950000000002], [94.95706000000001, 26.6564], [94.95977, 26.65312], [94.95929000000001, 26.651380000000003], [94.96019000000001, 26.649600000000003], [94.96048, 26.646880000000003]]]}}, {"id": "51", "type": "Feature", "properties": {"state_name": "Nagaland", "district_name": "Mon", "block_name": "Phomching", "block_lgd": 1752, "district_lgd": 247}, "geometry": {"type": "Polygon", "coordinates": [[[95.23146000000001, 26.783440000000002], [95.23670000000001, 26.783310000000004], [95.23816000000001, 26.781060000000004], [95.24135000000001, 26.781450000000003], [95.23897000000001, 26.778630000000003], [95.23110000000001, 26.774490000000004], [95.22809000000001, 26.77184], [95.22973, 26.767850000000003], [95.2296, 26.766060000000003], [95.22562, 26.762610000000002], [95.22048000000001, 26.755860000000002], [95.21651000000001, 26.753960000000003], [95.21566000000001, 26.74969], [95.21776000000001, 26.74564], [95.21736000000001, 26.741550000000004], [95.21324000000001, 26.73543], [95.21252000000001, 26.72943], [95.22454, 26.717920000000003], [95.22598, 26.71093], [95.23241, 26.70624], [95.22998000000001, 26.69112], [95.23226000000001, 26.68551], [95.23224, 26.68223], [95.23321000000001, 26.68109], [95.23234000000001, 26.678770000000004], [95.22947, 26.6761], [95.22924, 26.67366], [95.22188000000001, 26.66618], [95.21964000000001, 26.660840000000004], [95.21403000000001, 26.65705], [95.21405000000001, 26.654210000000003], [95.21225000000001, 26.65123], [95.20960000000001, 26.648850000000003], [95.20727000000001, 26.64741], [95.20049, 26.645450000000004], [95.19900000000001, 26.642470000000003], [95.19573000000001, 26.6426], [95.19179000000001, 26.64149], [95.18762000000001, 26.6428], [95.18358, 26.64141], [95.18317, 26.642540000000004], [95.18068000000001, 26.642760000000003], [95.18001000000001, 26.64149], [95.17482000000001, 26.639010000000003], [95.17126, 26.635740000000002], [95.16686000000001, 26.63444], [95.16688, 26.631590000000003], [95.16485, 26.63024], [95.16194, 26.63059], [95.16161000000001, 26.63191], [95.15920000000001, 26.63202], [95.15781000000001, 26.631280000000004], [95.15686000000001, 26.62928], [95.15537, 26.62891], [95.15406, 26.629550000000002], [95.15427000000001, 26.63191], [95.15341000000001, 26.633720000000004], [95.15088, 26.63361], [95.14996000000001, 26.637150000000002], [95.15118000000001, 26.638260000000002], [95.15121, 26.639830000000003], [95.15270000000001, 26.642010000000003], [95.15157, 26.646230000000003], [95.15234000000001, 26.647730000000003], [95.15225000000001, 26.65077], [95.15106, 26.651860000000003], [95.15118000000001, 26.655150000000003], [95.15296000000001, 26.65696], [95.15219, 26.658420000000003], [95.15032000000001, 26.658420000000003], [95.14907000000001, 26.659480000000002], [95.15065000000001, 26.663410000000002], [95.14845000000001, 26.664600000000004], [95.14616000000001, 26.663780000000003], [95.14601, 26.665770000000002], [95.14779000000001, 26.66766], [95.14705000000001, 26.672330000000002], [95.14815, 26.674560000000003], [95.15112, 26.67583], [95.15076, 26.67724], [95.14854000000001, 26.678350000000002], [95.14871000000001, 26.679730000000003], [95.14981, 26.68053], [95.15258000000001, 26.67958], [95.15424, 26.681140000000003], [95.15394, 26.682730000000003], [95.15139, 26.681880000000003], [95.15041000000001, 26.682360000000003], [95.15026, 26.685280000000002], [95.15448, 26.683850000000003], [95.15302000000001, 26.68672], [95.15388, 26.687430000000003], [95.15451, 26.686850000000003], [95.15564, 26.688710000000004], [95.15834000000001, 26.688810000000004], [95.15846, 26.69027], [95.15709000000001, 26.690780000000004], [95.15899, 26.693060000000003], [95.16485, 26.690620000000003], [95.16835, 26.69152], [95.16924, 26.692500000000003], [95.17198, 26.692000000000004], [95.17296, 26.69452], [95.17094, 26.695770000000003], [95.17043000000001, 26.697090000000003], [95.17412, 26.697070000000004], [95.17626000000001, 26.698130000000003], [95.17596, 26.699430000000003], [95.17435, 26.700010000000002], [95.17361000000001, 26.705060000000003], [95.17614, 26.70755], [95.17643000000001, 26.70962], [95.17516, 26.70973], [95.17328, 26.70747], [95.17189, 26.707390000000004], [95.17171, 26.712570000000003], [95.17067, 26.713440000000002], [95.16761000000001, 26.71198], [95.16684000000001, 26.714480000000002], [95.16806000000001, 26.716730000000002], [95.16984000000001, 26.71562], [95.17171, 26.716680000000004], [95.16936000000001, 26.720850000000002], [95.16921, 26.7235], [95.17082, 26.724030000000003], [95.17118, 26.721700000000002], [95.17311000000001, 26.72164], [95.1734, 26.723820000000003], [95.17465000000001, 26.725170000000002], [95.17432000000001, 26.727430000000002], [95.17171, 26.728620000000003], [95.17201000000001, 26.73157], [95.17593000000001, 26.73412], [95.17388000000001, 26.734750000000002], [95.17320000000001, 26.736900000000002], [95.17150000000001, 26.738390000000003], [95.17290000000001, 26.73993], [95.17213000000001, 26.741760000000003], [95.17213000000001, 26.743540000000003], [95.18012, 26.7498], [95.18381000000001, 26.75533], [95.18599, 26.76096], [95.18866000000001, 26.76292], [95.19003000000001, 26.765520000000002], [95.19074, 26.77587], [95.19211000000001, 26.77767], [95.19520000000001, 26.780060000000002], [95.20453, 26.781810000000004], [95.20845000000001, 26.784190000000002], [95.21094000000001, 26.78817], [95.21139000000001, 26.792970000000004], [95.21805, 26.787720000000004], [95.22393000000001, 26.786510000000003], [95.23146000000001, 26.783440000000002]]]}}, {"id": "52", "type": "Feature", "properties": {"state_name": "Nagaland", "district_name": "Mon", "block_name": "Chen", "block_lgd": 1753, "district_lgd": 247}, "geometry": {"type": "Polygon", "coordinates": [[[95.0605, 26.634330000000002], [95.06271000000001, 26.63331], [95.06317000000001, 26.63219], [95.06549000000001, 26.633560000000003], [95.06873, 26.63229], [95.06920000000001, 26.629330000000003], [95.07272, 26.62846], [95.07515000000001, 26.629170000000002], [95.07633000000001, 26.626680000000004], [95.07479000000001, 26.6247], [95.07558, 26.622950000000003], [95.07975, 26.623430000000003], [95.08075000000001, 26.622190000000003], [95.08267000000001, 26.62168], [95.08274, 26.620110000000004], [95.08599000000001, 26.618900000000004], [95.08866, 26.620110000000004], [95.08970000000001, 26.619130000000002], [95.09226000000001, 26.61868], [95.09198, 26.61699], [95.09501, 26.61597], [95.09658, 26.61756], [95.09836000000001, 26.616580000000003], [95.09918, 26.615370000000002], [95.09825000000001, 26.612720000000003], [95.09921000000001, 26.610780000000002], [95.10199, 26.611320000000003], [95.10503000000001, 26.609980000000004], [95.10642000000001, 26.608], [95.11098000000001, 26.609180000000002], [95.11330000000001, 26.610740000000003], [95.11718, 26.61135], [95.11911, 26.609820000000003], [95.11929, 26.607750000000003], [95.12110000000001, 26.60657], [95.12235000000001, 26.606340000000003], [95.12471000000001, 26.60781], [95.12652000000001, 26.60631], [95.12681, 26.60395], [95.12920000000001, 26.60246], [95.13105, 26.602970000000003], [95.13262, 26.601750000000003], [95.1333, 26.600890000000003], [95.13258, 26.598250000000004], [95.13333, 26.596590000000003], [95.13586000000001, 26.596690000000002], [95.13747000000001, 26.595860000000002], [95.1479, 26.5971], [95.14656000000001, 26.59305], [95.14872000000001, 26.589820000000003], [95.15032000000001, 26.589060000000003], [95.15108000000001, 26.58595], [95.15419000000001, 26.583140000000004], [95.14786000000001, 26.579140000000002], [95.14643000000001, 26.576210000000003], [95.14728000000001, 26.57486], [95.14096, 26.567410000000002], [95.14138000000001, 26.565070000000002], [95.13866, 26.56108], [95.13892000000001, 26.55656], [95.1324, 26.556600000000003], [95.12959000000001, 26.55862], [95.1256, 26.558090000000004], [95.12296, 26.55552], [95.12336, 26.55281], [95.12243000000001, 26.5515], [95.11585000000001, 26.547880000000003], [95.11353000000001, 26.547530000000002], [95.10755, 26.54154], [95.10774, 26.53959], [95.11047, 26.53826], [95.11084000000001, 26.536610000000003], [95.11332, 26.535840000000004], [95.11405, 26.53224], [95.11364, 26.529190000000003], [95.11617000000001, 26.524], [95.11456000000001, 26.521320000000003], [95.11454, 26.518510000000003], [95.10570000000001, 26.50822], [95.10025, 26.50579], [95.09934000000001, 26.497850000000003], [95.09648000000001, 26.492770000000004], [95.09157, 26.490380000000002], [95.08953000000001, 26.49029], [95.08638, 26.487790000000004], [95.0841, 26.48524], [95.08461000000001, 26.48345], [95.08327000000001, 26.483530000000002], [95.08246000000001, 26.48261], [95.08298, 26.47962], [95.07673000000001, 26.476450000000003], [95.07572, 26.47445], [95.06985, 26.475620000000003], [95.06871000000001, 26.47518], [95.06598000000001, 26.476930000000003], [95.06357000000001, 26.477010000000003], [95.05501000000001, 26.48047], [95.05123, 26.48007], [95.04841, 26.477500000000003], [95.04394, 26.47876], [95.04308, 26.479940000000003], [95.04203000000001, 26.485730000000004], [95.04085, 26.487360000000002], [95.03752000000001, 26.488950000000003], [95.02241000000001, 26.487890000000004], [95.02159, 26.490050000000004], [95.01972, 26.49029], [95.01911000000001, 26.49247], [95.01881, 26.49445], [95.02004000000001, 26.496240000000004], [95.02091000000001, 26.503090000000004], [95.02327000000001, 26.506190000000004], [95.02305000000001, 26.508470000000003], [95.02127, 26.510220000000004], [95.02286000000001, 26.515030000000003], [95.02109, 26.51686], [95.01913, 26.516980000000004], [95.01726000000001, 26.51922], [95.01772000000001, 26.521140000000003], [95.01672, 26.524600000000003], [95.01531000000001, 26.52456], [95.01462000000001, 26.52802], [95.01654, 26.52973], [95.01676, 26.533320000000003], [95.01603000000001, 26.53442], [95.01840000000001, 26.535880000000002], [95.02072000000001, 26.535190000000004], [95.02327000000001, 26.53731], [95.02468, 26.536900000000003], [95.02718, 26.53769], [95.02771000000001, 26.538780000000003], [95.02721000000001, 26.54031], [95.03038000000001, 26.542600000000004], [95.03192000000001, 26.541710000000002], [95.03506, 26.543590000000002], [95.0357, 26.545060000000003], [95.03484, 26.547230000000003], [95.0352, 26.55055], [95.03684000000001, 26.55281], [95.03694, 26.554630000000003], [95.03456000000001, 26.55638], [95.03463, 26.55712], [95.03712, 26.55992], [95.03962000000001, 26.560530000000004], [95.03926000000001, 26.56388], [95.03866000000001, 26.564770000000003], [95.03727, 26.564770000000003], [95.03659, 26.5684], [95.03858000000001, 26.569110000000002], [95.03980000000001, 26.57214], [95.03883, 26.57344], [95.03634000000001, 26.574340000000003], [95.03441000000001, 26.576690000000003], [95.03506, 26.578770000000002], [95.03391, 26.58113], [95.02989000000001, 26.58199], [95.02949000000001, 26.585400000000003], [95.03024, 26.588520000000003], [95.02899000000001, 26.59025], [95.02504, 26.591420000000003], [95.02425000000001, 26.592830000000003], [95.02575, 26.59605], [95.02511000000001, 26.598060000000004], [95.02054000000001, 26.599200000000003], [95.01855, 26.601660000000003], [95.01944, 26.604210000000002], [95.01898000000001, 26.606150000000003], [95.01438, 26.607750000000003], [95.01366, 26.610970000000002], [95.01677000000001, 26.613770000000002], [95.01541, 26.61438], [95.01530000000001, 26.615750000000002], [95.01705000000001, 26.617720000000002], [95.01616000000001, 26.61989], [95.01933000000001, 26.62441], [95.01923000000001, 26.623340000000002], [95.02304000000001, 26.623680000000004], [95.02285, 26.62092], [95.02461000000001, 26.620410000000003], [95.02822, 26.6247], [95.03302000000001, 26.623590000000004], [95.0353, 26.624740000000003], [95.03540000000001, 26.62648], [95.03744, 26.628140000000002], [95.03967, 26.628010000000003], [95.03986, 26.62695], [95.0383, 26.62602], [95.0383, 26.624950000000002], [95.04020000000001, 26.62376], [95.04167000000001, 26.62376], [95.04248000000001, 26.62572], [95.04585, 26.62733], [95.04961, 26.626780000000004], [95.05013000000001, 26.628390000000003], [95.05175000000001, 26.62929], [95.05194, 26.6309], [95.04966, 26.632730000000002], [95.04828, 26.63728], [95.05332000000001, 26.63791], [95.05431, 26.63707], [95.05988, 26.638540000000003], [95.06114000000001, 26.636750000000003], [95.0605, 26.634330000000002]]]}}, {"id": "53", "type": "Feature", "properties": {"state_name": "Nagaland", "district_name": "Mon", "block_name": "Angjangyang", "block_lgd": 1754, "district_lgd": 247}, "geometry": {"type": "Polygon", "coordinates": [[[94.95989, 26.569080000000003], [94.95880000000001, 26.567400000000003], [94.9608, 26.565510000000003], [94.96342000000001, 26.5653], [94.96445000000001, 26.56352], [94.96422000000001, 26.561270000000004], [94.96245, 26.56051], [94.96205, 26.557450000000003], [94.96445000000001, 26.556630000000002], [94.9667, 26.55451], [94.96592000000001, 26.55253], [94.96656, 26.551430000000003], [94.96618000000001, 26.54932], [94.96858, 26.549380000000003], [94.96972000000001, 26.547870000000003], [94.96968000000001, 26.545920000000002], [94.96863, 26.54447], [94.9692, 26.542370000000002], [94.97467, 26.54079], [94.97602, 26.53984], [94.97621000000001, 26.53826], [94.98016000000001, 26.53948], [94.97999, 26.54135], [94.98070000000001, 26.541690000000003], [94.98386, 26.54203], [94.98534000000001, 26.541200000000003], [94.98812000000001, 26.541670000000003], [94.98964000000001, 26.54303], [94.99309000000001, 26.542330000000003], [94.99318000000001, 26.540920000000003], [94.99475000000001, 26.53986], [94.99649000000001, 26.539800000000003], [94.99751, 26.540860000000002], [95.001, 26.54024], [95.00162, 26.538390000000003], [95.00435, 26.53846], [95.00637, 26.540280000000003], [95.00984000000001, 26.541130000000003], [95.01189000000001, 26.53977], [95.01524, 26.54003], [95.01781000000001, 26.541710000000002], [95.0199, 26.540560000000003], [95.02028000000001, 26.53846], [95.02379, 26.538220000000003], [95.02327000000001, 26.53731], [95.02072000000001, 26.535190000000004], [95.01840000000001, 26.535880000000002], [95.01603000000001, 26.53442], [95.01676, 26.533320000000003], [95.01654, 26.52973], [95.01462000000001, 26.52802], [95.01531000000001, 26.52456], [95.01672, 26.524600000000003], [95.01772000000001, 26.521140000000003], [95.01726000000001, 26.51922], [95.01913, 26.516980000000004], [95.02109, 26.51686], [95.02286000000001, 26.515030000000003], [95.02127, 26.510220000000004], [95.02305000000001, 26.508470000000003], [95.02327000000001, 26.506190000000004], [95.02091000000001, 26.503090000000004], [95.02004000000001, 26.496240000000004], [95.01881, 26.49445], [95.01911000000001, 26.49247], [95.013, 26.493740000000003], [95.01098, 26.49301], [95.00458, 26.493650000000002], [95.00133000000001, 26.493100000000002], [95.00066000000001, 26.491740000000004], [94.99769, 26.491290000000003], [94.99593, 26.49208], [94.99386000000001, 26.491030000000002], [94.9942, 26.489860000000004], [94.99130000000001, 26.487720000000003], [94.98959, 26.488270000000004], [94.98719000000001, 26.48682], [94.98795000000001, 26.485480000000003], [94.98481000000001, 26.483860000000004], [94.98398, 26.484740000000002], [94.98148, 26.48374], [94.98067, 26.483060000000002], [94.98155000000001, 26.48223], [94.98079000000001, 26.479630000000004], [94.9788, 26.479820000000004], [94.97618000000001, 26.478500000000004], [94.97680000000001, 26.47725], [94.97635000000001, 26.47595], [94.97171, 26.472970000000004], [94.97195, 26.471570000000003], [94.96886, 26.469780000000004], [94.96791, 26.470250000000004], [94.96577, 26.468120000000003], [94.96653, 26.466330000000003], [94.96577, 26.464080000000003], [94.96406, 26.463530000000002], [94.96292000000001, 26.461530000000003], [94.96311000000001, 26.458630000000003], [94.96087000000001, 26.457140000000003], [94.95973000000001, 26.45782], [94.95641, 26.457010000000004], [94.95603000000001, 26.455230000000004], [94.95332, 26.453570000000003], [94.95237, 26.45361], [94.95165, 26.45501], [94.94424000000001, 26.45484], [94.9431, 26.44986], [94.94058000000001, 26.447910000000004], [94.93896000000001, 26.44884], [94.93834000000001, 26.44846], [94.93734, 26.442800000000002], [94.93535000000001, 26.441560000000003], [94.9324, 26.44114], [94.93207000000001, 26.43905], [94.92850000000001, 26.43795], [94.92731, 26.439180000000004], [94.92361000000001, 26.4385], [94.92256, 26.43701], [94.92042000000001, 26.43654], [94.91881000000001, 26.438200000000002], [94.91343, 26.43786], [94.91220000000001, 26.43663], [94.90958, 26.436290000000003], [94.90920000000001, 26.43765], [94.90678000000001, 26.439220000000002], [94.90488, 26.436460000000004], [94.90317, 26.43616], [94.90135000000001, 26.4369], [94.90147, 26.437790000000003], [94.89857, 26.43861], [94.8979, 26.440260000000002], [94.90187, 26.44215], [94.90262000000001, 26.44461], [94.90163000000001, 26.445800000000002], [94.89879, 26.445970000000003], [94.89851, 26.44658], [94.90223, 26.449820000000003], [94.90213000000001, 26.45427], [94.90502000000001, 26.453860000000002], [94.90581, 26.454590000000003], [94.9034, 26.457230000000003], [94.90221000000001, 26.461080000000003], [94.90263, 26.46432], [94.89961000000001, 26.4676], [94.89662000000001, 26.46946], [94.89684000000001, 26.472900000000003], [94.89408, 26.473580000000002], [94.89341, 26.476550000000003], [94.89071000000001, 26.47558], [94.88922000000001, 26.476000000000003], [94.88975, 26.47707], [94.89176, 26.477760000000004], [94.89283, 26.48026], [94.89658000000001, 26.48195], [94.89598000000001, 26.48616], [94.89268000000001, 26.487180000000002], [94.89115000000001, 26.48646], [94.893, 26.488740000000004], [94.89367000000001, 26.491290000000003], [94.89168000000001, 26.49247], [94.89171, 26.493250000000003], [94.893, 26.49517], [94.89044000000001, 26.497770000000003], [94.89145, 26.500040000000002], [94.89062000000001, 26.502360000000003], [94.89185, 26.50391], [94.89274, 26.50363], [94.89285000000001, 26.499190000000002], [94.89408, 26.49874], [94.89724000000001, 26.50299], [94.89762, 26.50543], [94.89323, 26.50737], [94.89131, 26.509380000000004], [94.89264000000001, 26.51159], [94.89080000000001, 26.514170000000004], [94.89263000000001, 26.517070000000004], [94.89170000000001, 26.521860000000004], [94.89399, 26.52549], [94.89401000000001, 26.532210000000003], [94.89363, 26.533130000000003], [94.89110000000001, 26.53385], [94.89025000000001, 26.537760000000002], [94.89131, 26.544300000000003], [94.89058000000001, 26.545610000000003], [94.88699000000001, 26.548260000000003], [94.88669, 26.55131], [94.88242000000001, 26.55385], [94.88358000000001, 26.555560000000003], [94.88544, 26.556430000000002], [94.88709000000001, 26.551980000000004], [94.88988, 26.551440000000003], [94.89381, 26.5603], [94.89082, 26.560350000000003], [94.89206, 26.564180000000004], [94.89326000000001, 26.564230000000002], [94.89491000000001, 26.562450000000002], [94.89839, 26.562700000000003], [94.90016000000001, 26.564230000000002], [94.90324000000001, 26.564230000000002], [94.90644, 26.562910000000002], [94.91111000000001, 26.564950000000003], [94.91288, 26.56275], [94.91408000000001, 26.56275], [94.91499, 26.564280000000004], [94.91813, 26.563930000000003], [94.91921, 26.56173], [94.92115000000001, 26.561680000000003], [94.92372, 26.563820000000003], [94.92726, 26.563160000000003], [94.92806, 26.561940000000003], [94.93074000000001, 26.562340000000003], [94.93245, 26.56321], [94.93245, 26.56444], [94.93365000000001, 26.565150000000003], [94.93598, 26.565970000000004], [94.93747, 26.5651], [94.94043, 26.565870000000004], [94.94175000000001, 26.568310000000004], [94.94437, 26.568310000000004], [94.94591000000001, 26.56699], [94.94722, 26.567040000000002], [94.94888, 26.56765], [94.94956, 26.569740000000003], [94.95304, 26.571220000000004], [94.95521000000001, 26.570760000000003], [94.95766, 26.57214], [94.96006000000001, 26.57168], [94.95989, 26.569080000000003]]]}}, {"id": "54", "type": "Feature", "properties": {"state_name": "Nagaland", "district_name": "Mon", "block_name": "Mopong", "block_lgd": 1755, "district_lgd": 247}, "geometry": {"type": "Polygon", "coordinates": [[[95.01911000000001, 26.49247], [95.01727000000001, 26.4886], [95.01772000000001, 26.487350000000003], [95.01708, 26.484180000000002], [95.01584000000001, 26.483110000000003], [95.01596, 26.48128], [95.01637000000001, 26.48028], [95.01863, 26.480220000000003], [95.01979000000001, 26.47905], [95.01917, 26.47737], [95.01960000000001, 26.47594], [95.02072000000001, 26.473770000000002], [95.02217, 26.4739], [95.02326000000001, 26.47145], [95.02119, 26.46714], [95.02252000000001, 26.466430000000003], [95.02226, 26.46469], [95.02093, 26.463260000000002], [95.01825000000001, 26.463350000000002], [95.01682000000001, 26.46103], [95.01751, 26.459480000000003], [95.01701000000001, 26.45822], [95.01523, 26.45605], [95.01314, 26.455180000000002], [95.01361000000001, 26.452450000000002], [95.01508000000001, 26.451860000000003], [95.01480000000001, 26.44922], [95.01104000000001, 26.446180000000002], [95.01173000000001, 26.443980000000003], [95.00995, 26.442000000000004], [95.00831000000001, 26.442470000000004], [95.00503, 26.4419], [95.00494, 26.44077], [95.00251, 26.438280000000002], [95.00037, 26.438730000000003], [94.99481, 26.43249], [94.99716000000001, 26.430170000000004], [94.99849, 26.430380000000003], [95.00016000000001, 26.429360000000003], [95.00042, 26.428810000000002], [94.99868000000001, 26.426890000000004], [94.99897000000001, 26.42425], [95.00011, 26.42434], [95.00182000000001, 26.421830000000003], [95.00063, 26.42068], [95.00061000000001, 26.418020000000002], [95.00444, 26.41487], [95.00334000000001, 26.412650000000003], [95.00358000000001, 26.41008], [95.00460000000001, 26.40876], [95.00417, 26.404950000000003], [95.0023, 26.40369], [95.00201000000001, 26.400750000000002], [95.00344000000001, 26.399630000000002], [95.00632, 26.400660000000002], [95.00612000000001, 26.397440000000003], [95.00428000000001, 26.39702], [95.00368, 26.395210000000002], [95.00065000000001, 26.394620000000003], [95.00036000000001, 26.39084], [94.99721000000001, 26.39063], [94.99495, 26.391430000000003], [94.99043, 26.38972], [94.98859, 26.389780000000002], [94.98728000000001, 26.39036], [94.98651000000001, 26.3927], [94.9855, 26.392860000000002], [94.98313, 26.390680000000003], [94.98336, 26.389190000000003], [94.98194000000001, 26.388820000000003], [94.98069000000001, 26.387010000000004], [94.97807, 26.38765], [94.97653000000001, 26.38605], [94.97665, 26.38371], [94.97516, 26.382700000000003], [94.97077, 26.38381], [94.96875000000001, 26.381470000000004], [94.96827, 26.37956], [94.96375, 26.37854], [94.96304, 26.38115], [94.96084, 26.38323], [94.95971, 26.38312], [94.95894000000001, 26.381950000000003], [94.95728000000001, 26.38334], [94.95526000000001, 26.382700000000003], [94.95389, 26.3852], [94.947, 26.388130000000004], [94.94712000000001, 26.39026], [94.94308000000001, 26.392170000000004], [94.94058000000001, 26.392280000000003], [94.93838000000001, 26.39441], [94.93892000000001, 26.396590000000003], [94.93838000000001, 26.397280000000002], [94.93713000000001, 26.3976], [94.93601000000001, 26.399250000000002], [94.93262000000001, 26.399680000000004], [94.93012, 26.402340000000002], [94.92715000000001, 26.401960000000003], [94.92543, 26.403720000000003], [94.9243, 26.40255], [94.91990000000001, 26.401380000000003], [94.91533000000001, 26.402070000000002], [94.91443000000001, 26.40032], [94.90912, 26.40236], [94.90473, 26.402890000000003], [94.90403, 26.40632], [94.90626, 26.410280000000004], [94.90584000000001, 26.411040000000003], [94.90440000000001, 26.41262], [94.90150000000001, 26.413320000000002], [94.90138, 26.417650000000002], [94.89565, 26.418630000000004], [94.89672, 26.421650000000003], [94.89659, 26.423910000000003], [94.89313000000001, 26.423330000000004], [94.89261, 26.42394], [94.89311000000001, 26.426650000000002], [94.89527000000001, 26.429260000000003], [94.90051000000001, 26.429920000000003], [94.90065000000001, 26.43082], [94.8982, 26.433750000000003], [94.90125, 26.436020000000003], [94.90135000000001, 26.4369], [94.90317, 26.43616], [94.90488, 26.436460000000004], [94.90678000000001, 26.439220000000002], [94.90920000000001, 26.43765], [94.90958, 26.436290000000003], [94.91220000000001, 26.43663], [94.91343, 26.43786], [94.91881000000001, 26.438200000000002], [94.92042000000001, 26.43654], [94.92256, 26.43701], [94.92361000000001, 26.4385], [94.92731, 26.439180000000004], [94.92850000000001, 26.43795], [94.93207000000001, 26.43905], [94.9324, 26.44114], [94.93535000000001, 26.441560000000003], [94.93734, 26.442800000000002], [94.93834000000001, 26.44846], [94.93896000000001, 26.44884], [94.94058000000001, 26.447910000000004], [94.9431, 26.44986], [94.94424000000001, 26.45484], [94.95165, 26.45501], [94.95237, 26.45361], [94.95332, 26.453570000000003], [94.95603000000001, 26.455230000000004], [94.95641, 26.457010000000004], [94.95973000000001, 26.45782], [94.96087000000001, 26.457140000000003], [94.96311000000001, 26.458630000000003], [94.96292000000001, 26.461530000000003], [94.96406, 26.463530000000002], [94.96577, 26.464080000000003], [94.96653, 26.466330000000003], [94.96577, 26.468120000000003], [94.96791, 26.470250000000004], [94.96886, 26.469780000000004], [94.97195, 26.471570000000003], [94.97171, 26.472970000000004], [94.97635000000001, 26.47595], [94.97680000000001, 26.47725], [94.97618000000001, 26.478500000000004], [94.9788, 26.479820000000004], [94.98079000000001, 26.479630000000004], [94.98155000000001, 26.48223], [94.98067, 26.483060000000002], [94.98148, 26.48374], [94.98398, 26.484740000000002], [94.98481000000001, 26.483860000000004], [94.98795000000001, 26.485480000000003], [94.98719000000001, 26.48682], [94.98959, 26.488270000000004], [94.99130000000001, 26.487720000000003], [94.9942, 26.489860000000004], [94.99386000000001, 26.491030000000002], [94.99593, 26.49208], [94.99769, 26.491290000000003], [95.00066000000001, 26.491740000000004], [95.00133000000001, 26.493100000000002], [95.00458, 26.493650000000002], [95.01098, 26.49301], [95.013, 26.493740000000003], [95.01911000000001, 26.49247]]]}}, {"id": "55", "type": "Feature", "properties": {"state_name": "Nagaland", "district_name": "Mon", "block_name": "Tobu", "block_lgd": 1756, "district_lgd": 247}, "geometry": {"type": "Polygon", "coordinates": [[[95.01872, 26.392540000000004], [95.02086000000001, 26.390620000000002], [95.02093, 26.389580000000002], [95.02397, 26.38962], [95.02459, 26.391000000000002], [95.02804, 26.392560000000003], [95.03058000000001, 26.3896], [95.03303000000001, 26.390040000000003], [95.03484, 26.389020000000002], [95.03595000000001, 26.385510000000004], [95.03802, 26.38576], [95.03907000000001, 26.38351], [95.03861, 26.381780000000003], [95.04063000000001, 26.377760000000002], [95.04045, 26.37384], [95.03686, 26.371160000000003], [95.03724000000001, 26.369220000000002], [95.03866000000001, 26.369010000000003], [95.03914, 26.365730000000003], [95.03759000000001, 26.36426], [95.03688000000001, 26.361150000000002], [95.03778000000001, 26.359890000000004], [95.03743000000001, 26.356440000000003], [95.03405000000001, 26.354820000000004], [95.03329000000001, 26.35312], [95.03367, 26.351740000000003], [95.03574, 26.351840000000003], [95.03686, 26.3501], [95.03655, 26.347990000000003], [95.03738000000001, 26.344690000000003], [95.03942, 26.344960000000004], [95.04101000000001, 26.34277], [95.0403, 26.340280000000003], [95.04180000000001, 26.337660000000003], [95.04344, 26.338040000000003], [95.04406, 26.337040000000002], [95.04356000000001, 26.333990000000004], [95.04218, 26.332610000000003], [95.04306000000001, 26.330730000000003], [95.04520000000001, 26.33058], [95.04602000000001, 26.327370000000002], [95.04402, 26.327720000000003], [95.04309, 26.325300000000002], [95.04045, 26.323140000000002], [95.03848, 26.323600000000003], [95.03785, 26.322920000000003], [95.03817000000001, 26.321540000000002], [95.03493, 26.31886], [95.03486000000001, 26.31753], [95.0322, 26.316540000000003], [95.02944000000001, 26.313480000000002], [95.02907, 26.31078], [95.02645000000001, 26.307850000000002], [95.02338, 26.30581], [95.02096, 26.302450000000004], [95.0186, 26.3016], [95.01700000000001, 26.300020000000004], [95.01492, 26.300020000000004], [95.01355000000001, 26.29763], [95.0099, 26.296370000000003], [95.00537000000001, 26.29211], [95.0022, 26.28724], [94.9997, 26.28543], [94.99548000000001, 26.288580000000003], [94.99242000000001, 26.288600000000002], [94.98859, 26.29097], [94.98325000000001, 26.291800000000002], [94.97954000000001, 26.29371], [94.97706000000001, 26.29322], [94.97309000000001, 26.29406], [94.96989, 26.291520000000002], [94.96005000000001, 26.291470000000004], [94.94897, 26.29539], [94.94397000000001, 26.298350000000003], [94.93862000000001, 26.298430000000003], [94.93721000000001, 26.29914], [94.93609000000001, 26.30151], [94.93426000000001, 26.30476], [94.93072000000001, 26.307630000000003], [94.92903000000001, 26.31032], [94.92169000000001, 26.314300000000003], [94.918, 26.317600000000002], [94.91300000000001, 26.320040000000002], [94.91120000000001, 26.325270000000003], [94.90293000000001, 26.336740000000002], [94.90100000000001, 26.34211], [94.90261000000001, 26.34615], [94.89976000000001, 26.349130000000002], [94.89667000000001, 26.34955], [94.8983, 26.35414], [94.9017, 26.356930000000002], [94.90364000000001, 26.36193], [94.90491, 26.362980000000004], [94.90786000000001, 26.363590000000002], [94.90899, 26.36523], [94.90893000000001, 26.367800000000003], [94.91056, 26.372970000000002], [94.9106, 26.37703], [94.91015, 26.378480000000003], [94.90799000000001, 26.379430000000003], [94.90773, 26.380720000000004], [94.91313000000001, 26.38209], [94.91602, 26.384570000000004], [94.91503, 26.387570000000004], [94.90992000000001, 26.39354], [94.91443000000001, 26.40032], [94.91533000000001, 26.402070000000002], [94.91990000000001, 26.401380000000003], [94.9243, 26.40255], [94.92543, 26.403720000000003], [94.92715000000001, 26.401960000000003], [94.93012, 26.402340000000002], [94.93262000000001, 26.399680000000004], [94.93601000000001, 26.399250000000002], [94.93713000000001, 26.3976], [94.93838000000001, 26.397280000000002], [94.93892000000001, 26.396590000000003], [94.93838000000001, 26.39441], [94.94058000000001, 26.392280000000003], [94.94308000000001, 26.392170000000004], [94.94712000000001, 26.39026], [94.947, 26.388130000000004], [94.95389, 26.3852], [94.95526000000001, 26.382700000000003], [94.95728000000001, 26.38334], [94.95894000000001, 26.381950000000003], [94.95971, 26.38312], [94.96084, 26.38323], [94.96304, 26.38115], [94.96375, 26.37854], [94.96827, 26.37956], [94.96875000000001, 26.381470000000004], [94.97077, 26.38381], [94.97516, 26.382700000000003], [94.97665, 26.38371], [94.97653000000001, 26.38605], [94.97807, 26.38765], [94.98069000000001, 26.387010000000004], [94.98194000000001, 26.388820000000003], [94.98336, 26.389190000000003], [94.98313, 26.390680000000003], [94.9855, 26.392860000000002], [94.98651000000001, 26.3927], [94.98728000000001, 26.39036], [94.98859, 26.389780000000002], [94.99043, 26.38972], [94.99495, 26.391430000000003], [94.99721000000001, 26.39063], [95.00036000000001, 26.39084], [95.00065000000001, 26.394620000000003], [95.00368, 26.395210000000002], [95.00428000000001, 26.39702], [95.00612000000001, 26.397440000000003], [95.00632, 26.400660000000002], [95.00826, 26.40069], [95.01050000000001, 26.397470000000002], [95.0142, 26.39598], [95.01335, 26.393600000000003], [95.01487, 26.392280000000003], [95.01872, 26.392540000000004]]]}}, {"id": "56", "type": "Feature", "properties": {"state_name": "Nagaland", "district_name": "Mon", "block_name": "Monyakshu", "block_lgd": 1757, "district_lgd": 247}, "geometry": {"type": "Polygon", "coordinates": [[[95.03752000000001, 26.488950000000003], [95.04085, 26.487360000000002], [95.04203000000001, 26.485730000000004], [95.04308, 26.479940000000003], [95.04394, 26.47876], [95.04841, 26.477500000000003], [95.05123, 26.48007], [95.05501000000001, 26.48047], [95.06357000000001, 26.477010000000003], [95.06598000000001, 26.476930000000003], [95.06871000000001, 26.47518], [95.06985, 26.475620000000003], [95.07572, 26.47445], [95.07289, 26.472450000000002], [95.07161, 26.46402], [95.06805000000001, 26.462290000000003], [95.06656000000001, 26.45735], [95.06201, 26.45044], [95.06295, 26.44536], [95.06391, 26.44346], [95.06614, 26.44177], [95.06732000000001, 26.44393], [95.07133, 26.44565], [95.0729, 26.447920000000003], [95.07668000000001, 26.445860000000003], [95.08445, 26.44705], [95.08429000000001, 26.444560000000003], [95.08581000000001, 26.44274], [95.08715000000001, 26.443040000000003], [95.08697000000001, 26.441190000000002], [95.09408, 26.43542], [95.09555, 26.432550000000003], [95.09490000000001, 26.431130000000003], [95.09689, 26.430170000000004], [95.09886, 26.425790000000003], [95.10386000000001, 26.42066], [95.10238000000001, 26.413580000000003], [95.10310000000001, 26.412440000000004], [95.09881000000001, 26.406760000000002], [95.09812000000001, 26.402490000000004], [95.09645, 26.40105], [95.09981, 26.395170000000004], [95.09977, 26.39373], [95.10461000000001, 26.39563], [95.10838000000001, 26.395280000000003], [95.1131, 26.39279], [95.11409, 26.391270000000002], [95.11753, 26.39045], [95.12078000000001, 26.38643], [95.12535000000001, 26.387900000000002], [95.12948, 26.38454], [95.13019000000001, 26.381210000000003], [95.13219000000001, 26.37751], [95.13057, 26.374660000000002], [95.13081000000001, 26.370730000000002], [95.12826000000001, 26.365140000000004], [95.12432000000001, 26.361050000000002], [95.12265000000001, 26.35809], [95.12349, 26.355420000000002], [95.12318, 26.351920000000003], [95.12122000000001, 26.34973], [95.12321000000001, 26.346940000000004], [95.12332, 26.345190000000002], [95.12839000000001, 26.339280000000002], [95.12287, 26.33904], [95.11434000000001, 26.336560000000002], [95.10829000000001, 26.336100000000002], [95.10085000000001, 26.332160000000002], [95.09991000000001, 26.332710000000002], [95.09589000000001, 26.33227], [95.09207, 26.333270000000002], [95.08322000000001, 26.33041], [95.08009000000001, 26.33144], [95.07360000000001, 26.33058], [95.07172000000001, 26.33162], [95.06938000000001, 26.33154], [95.06804000000001, 26.330650000000002], [95.06305, 26.331300000000002], [95.05948000000001, 26.33066], [95.05803, 26.32909], [95.05644000000001, 26.32871], [95.05524000000001, 26.32682], [95.051, 26.32607], [95.04602000000001, 26.327370000000002], [95.04520000000001, 26.33058], [95.04306000000001, 26.330730000000003], [95.04218, 26.332610000000003], [95.04356000000001, 26.333990000000004], [95.04406, 26.337040000000002], [95.04344, 26.338040000000003], [95.04180000000001, 26.337660000000003], [95.0403, 26.340280000000003], [95.04101000000001, 26.34277], [95.03942, 26.344960000000004], [95.03738000000001, 26.344690000000003], [95.03655, 26.347990000000003], [95.03686, 26.3501], [95.03574, 26.351840000000003], [95.03367, 26.351740000000003], [95.03329000000001, 26.35312], [95.03405000000001, 26.354820000000004], [95.03743000000001, 26.356440000000003], [95.03778000000001, 26.359890000000004], [95.03688000000001, 26.361150000000002], [95.03759000000001, 26.36426], [95.03914, 26.365730000000003], [95.03866000000001, 26.369010000000003], [95.03724000000001, 26.369220000000002], [95.03686, 26.371160000000003], [95.04045, 26.37384], [95.04063000000001, 26.377760000000002], [95.03861, 26.381780000000003], [95.03907000000001, 26.38351], [95.03802, 26.38576], [95.03595000000001, 26.385510000000004], [95.03484, 26.389020000000002], [95.03303000000001, 26.390040000000003], [95.03058000000001, 26.3896], [95.02804, 26.392560000000003], [95.02459, 26.391000000000002], [95.02397, 26.38962], [95.02093, 26.389580000000002], [95.02086000000001, 26.390620000000002], [95.01872, 26.392540000000004], [95.01487, 26.392280000000003], [95.01335, 26.393600000000003], [95.0142, 26.39598], [95.01050000000001, 26.397470000000002], [95.00826, 26.40069], [95.00632, 26.400660000000002], [95.00344000000001, 26.399630000000002], [95.00201000000001, 26.400750000000002], [95.0023, 26.40369], [95.00417, 26.404950000000003], [95.00460000000001, 26.40876], [95.00358000000001, 26.41008], [95.00334000000001, 26.412650000000003], [95.00444, 26.41487], [95.00061000000001, 26.418020000000002], [95.00063, 26.42068], [95.00182000000001, 26.421830000000003], [95.00011, 26.42434], [94.99897000000001, 26.42425], [94.99868000000001, 26.426890000000004], [95.00042, 26.428810000000002], [95.00016000000001, 26.429360000000003], [94.99849, 26.430380000000003], [94.99716000000001, 26.430170000000004], [94.99481, 26.43249], [95.00037, 26.438730000000003], [95.00251, 26.438280000000002], [95.00494, 26.44077], [95.00503, 26.4419], [95.00831000000001, 26.442470000000004], [95.00995, 26.442000000000004], [95.01173000000001, 26.443980000000003], [95.01104000000001, 26.446180000000002], [95.01480000000001, 26.44922], [95.01508000000001, 26.451860000000003], [95.01361000000001, 26.452450000000002], [95.01314, 26.455180000000002], [95.01523, 26.45605], [95.01701000000001, 26.45822], [95.01751, 26.459480000000003], [95.01682000000001, 26.46103], [95.01825000000001, 26.463350000000002], [95.02093, 26.463260000000002], [95.02226, 26.46469], [95.02252000000001, 26.466430000000003], [95.02119, 26.46714], [95.02326000000001, 26.47145], [95.02217, 26.4739], [95.02072000000001, 26.473770000000002], [95.01960000000001, 26.47594], [95.01917, 26.47737], [95.01979000000001, 26.47905], [95.01863, 26.480220000000003], [95.01637000000001, 26.48028], [95.01596, 26.48128], [95.01584000000001, 26.483110000000003], [95.01708, 26.484180000000002], [95.01772000000001, 26.487350000000003], [95.01727000000001, 26.4886], [95.01911000000001, 26.49247], [95.01972, 26.49029], [95.02159, 26.490050000000004], [95.02241000000001, 26.487890000000004], [95.03752000000001, 26.488950000000003]]]}}, {"id": "57", "type": "Feature", "properties": {"state_name": "Nagaland", "district_name": "Mokokchung", "block_name": "Changtongya", "block_lgd": 1761, "district_lgd": 246}, "geometry": {"type": "Polygon", "coordinates": [[[94.6957, 26.573800000000002], [94.70723000000001, 26.57317], [94.71911000000001, 26.574230000000004], [94.72498, 26.575940000000003], [94.72714, 26.573580000000003], [94.72690000000001, 26.569830000000003], [94.72585000000001, 26.56565], [94.72386, 26.563760000000002], [94.7193, 26.562410000000003], [94.71733, 26.55892], [94.71366, 26.55638], [94.71374, 26.552590000000002], [94.70411000000001, 26.540910000000004], [94.70321000000001, 26.53837], [94.70142000000001, 26.53721], [94.69854000000001, 26.537860000000002], [94.6967, 26.536800000000003], [94.69510000000001, 26.534720000000004], [94.69438000000001, 26.53057], [94.68634, 26.524510000000003], [94.68658, 26.51891], [94.68494000000001, 26.51631], [94.6897, 26.511650000000003], [94.69026000000001, 26.50776], [94.69383, 26.500020000000003], [94.69430000000001, 26.49735], [94.69369, 26.48646], [94.69095, 26.48411], [94.68838000000001, 26.480230000000002], [94.68838000000001, 26.479100000000003], [94.67492000000001, 26.47925], [94.65043000000001, 26.481620000000003], [94.64800000000001, 26.480850000000004], [94.64793, 26.47867], [94.64493, 26.47906], [94.64057000000001, 26.481170000000002], [94.63757000000001, 26.478990000000003], [94.63550000000001, 26.480780000000003], [94.63564000000001, 26.482770000000002], [94.62750000000001, 26.48449], [94.62757, 26.486150000000002], [94.62579000000001, 26.488260000000004], [94.62322, 26.48807], [94.62122000000001, 26.48973], [94.62093, 26.49095], [94.61857, 26.49248], [94.61757000000001, 26.492610000000003], [94.61515000000001, 26.489410000000003], [94.61265, 26.4905], [94.60900000000001, 26.48973], [94.60908, 26.48871], [94.60808, 26.487940000000002], [94.60508, 26.488580000000002], [94.60522, 26.49012], [94.60293000000001, 26.492350000000002], [94.60072000000001, 26.49095], [94.59765, 26.492350000000002], [94.59443, 26.4967], [94.59251, 26.49696], [94.59108, 26.498500000000003], [94.58954000000001, 26.498500000000003], [94.58908000000001, 26.50092], [94.58479000000001, 26.499710000000004], [94.58058000000001, 26.504630000000002], [94.58036000000001, 26.506030000000003], [94.58101, 26.50635], [94.58544, 26.50392], [94.58497000000001, 26.507220000000004], [94.58637, 26.508480000000002], [94.58779000000001, 26.508080000000003], [94.58808, 26.509480000000003], [94.58773000000001, 26.511170000000003], [94.58494, 26.51377], [94.58544, 26.51958], [94.58345000000001, 26.521210000000004], [94.58541000000001, 26.524540000000002], [94.58772, 26.52616], [94.58672000000001, 26.529230000000002], [94.58454, 26.529370000000004], [94.58482000000001, 26.532110000000003], [94.58481, 26.537530000000004], [94.59494000000001, 26.54559], [94.59922, 26.563840000000003], [94.60264000000001, 26.568430000000003], [94.61119000000001, 26.57372], [94.61497000000001, 26.574230000000004], [94.61447000000001, 26.570660000000004], [94.61626000000001, 26.568430000000003], [94.62225000000001, 26.56696], [94.62481000000001, 26.568550000000002], [94.62988000000001, 26.568810000000003], [94.63679, 26.570660000000004], [94.64181, 26.573320000000002], [94.65476000000001, 26.58462], [94.67122, 26.57869], [94.68714000000001, 26.575190000000003], [94.6957, 26.573800000000002]]]}}, {"id": "58", "type": "Feature", "properties": {"state_name": "Nagaland", "district_name": "Mokokchung", "block_name": "Chuchuyimlang", "block_lgd": 1762, "district_lgd": 246}, "geometry": {"type": "Polygon", "coordinates": [[[94.56584000000001, 26.53967], [94.56715000000001, 26.54175], [94.56935000000001, 26.54175], [94.57119, 26.54137], [94.57517000000001, 26.538290000000003], [94.57767000000001, 26.539030000000004], [94.58028, 26.535310000000003], [94.58482000000001, 26.532110000000003], [94.58454, 26.529370000000004], [94.58672000000001, 26.529230000000002], [94.58772, 26.52616], [94.58541000000001, 26.524540000000002], [94.58345000000001, 26.521210000000004], [94.58544, 26.51958], [94.58494, 26.51377], [94.58773000000001, 26.511170000000003], [94.58808, 26.509480000000003], [94.58779000000001, 26.508080000000003], [94.58637, 26.508480000000002], [94.58497000000001, 26.507220000000004], [94.58544, 26.50392], [94.58101, 26.50635], [94.58036000000001, 26.506030000000003], [94.58058000000001, 26.504630000000002], [94.58479000000001, 26.499710000000004], [94.58908000000001, 26.50092], [94.58954000000001, 26.498500000000003], [94.59108, 26.498500000000003], [94.59251, 26.49696], [94.59443, 26.4967], [94.59765, 26.492350000000002], [94.60072000000001, 26.49095], [94.60293000000001, 26.492350000000002], [94.60522, 26.49012], [94.60508, 26.488580000000002], [94.60808, 26.487940000000002], [94.60908, 26.48871], [94.60900000000001, 26.48973], [94.61265, 26.4905], [94.61515000000001, 26.489410000000003], [94.61757000000001, 26.492610000000003], [94.61857, 26.49248], [94.62093, 26.49095], [94.62122000000001, 26.48973], [94.62322, 26.48807], [94.62579000000001, 26.488260000000004], [94.62757, 26.486150000000002], [94.62750000000001, 26.48449], [94.63564000000001, 26.482770000000002], [94.63550000000001, 26.480780000000003], [94.63757000000001, 26.478990000000003], [94.64057000000001, 26.481170000000002], [94.64493, 26.47906], [94.64793, 26.47867], [94.64800000000001, 26.480850000000004], [94.65043000000001, 26.481620000000003], [94.67492000000001, 26.47925], [94.68838000000001, 26.479100000000003], [94.69044000000001, 26.477130000000002], [94.69049000000001, 26.473930000000003], [94.69605000000001, 26.47078], [94.69915, 26.46732], [94.69890000000001, 26.46376], [94.70184, 26.462650000000004], [94.70162, 26.459410000000002], [94.70535000000001, 26.458450000000003], [94.70791000000001, 26.453960000000002], [94.7073, 26.45175], [94.70368, 26.45172], [94.70483, 26.447470000000003], [94.70778000000001, 26.447210000000002], [94.71064000000001, 26.44562], [94.70817000000001, 26.442280000000004], [94.71170000000001, 26.437640000000002], [94.71014000000001, 26.43682], [94.70728000000001, 26.437870000000004], [94.70569, 26.434540000000002], [94.70097000000001, 26.43136], [94.70118000000001, 26.43063], [94.70326000000001, 26.430570000000003], [94.70348000000001, 26.42828], [94.70463000000001, 26.425310000000003], [94.70322, 26.420920000000002], [94.70049, 26.420370000000002], [94.69963000000001, 26.41843], [94.70224, 26.408330000000003], [94.70089, 26.408540000000002], [94.69697000000001, 26.41214], [94.69331000000001, 26.412920000000003], [94.69082, 26.409260000000003], [94.68695000000001, 26.406810000000004], [94.68957, 26.404760000000003], [94.68996000000001, 26.40341], [94.68613, 26.402820000000002], [94.68580000000001, 26.398570000000003], [94.68881, 26.397050000000004], [94.68892000000001, 26.396330000000003], [94.68515000000001, 26.394360000000002], [94.68265000000001, 26.391530000000003], [94.67944000000001, 26.389540000000004], [94.68041000000001, 26.386920000000003], [94.67816, 26.387040000000002], [94.67751000000001, 26.38633], [94.67813000000001, 26.38145], [94.67655, 26.380860000000002], [94.67272000000001, 26.382500000000004], [94.67091, 26.38238], [94.66836, 26.379820000000002], [94.671, 26.3776], [94.6701, 26.376780000000004], [94.66607, 26.37807], [94.66263000000001, 26.380830000000003], [94.66026000000001, 26.37724], [94.65493000000001, 26.38023], [94.65255, 26.380020000000002], [94.65196, 26.38332], [94.64364, 26.387050000000002], [94.64079000000001, 26.387900000000002], [94.62914, 26.388430000000003], [94.61595000000001, 26.387150000000002], [94.56241000000001, 26.379250000000003], [94.56243, 26.3821], [94.56439, 26.384010000000004], [94.56457, 26.386360000000003], [94.56302000000001, 26.387210000000003], [94.56308000000001, 26.390990000000002], [94.5648, 26.391150000000003], [94.56558000000001, 26.39232], [94.56564, 26.394920000000003], [94.56362000000001, 26.39599], [94.56516, 26.399020000000004], [94.56742000000001, 26.39918], [94.56878, 26.40163], [94.56727000000001, 26.407320000000002], [94.56756000000001, 26.40811], [94.56903000000001, 26.408450000000002], [94.56738000000001, 26.411150000000003], [94.56767, 26.412640000000003], [94.56554000000001, 26.413610000000002], [94.56613, 26.417540000000002], [94.56767, 26.417650000000002], [94.56801, 26.419890000000002], [94.56681, 26.421830000000003], [94.56428000000001, 26.421650000000003], [94.56369000000001, 26.425230000000003], [94.56494, 26.426730000000003], [94.56384000000001, 26.428670000000004], [94.56251, 26.42856], [94.56045, 26.42995], [94.56056000000001, 26.432150000000004], [94.56316000000001, 26.43231], [94.56396000000001, 26.433660000000003], [94.56366000000001, 26.434800000000003], [94.56202, 26.435570000000002], [94.56266000000001, 26.43889], [94.56106000000001, 26.441370000000003], [94.56302000000001, 26.443330000000003], [94.56234, 26.44441], [94.56376, 26.44703], [94.56530000000001, 26.447670000000002], [94.56631, 26.451310000000003], [94.56441000000001, 26.451980000000002], [94.56384000000001, 26.453730000000004], [94.56979000000001, 26.455330000000004], [94.57086000000001, 26.457530000000002], [94.56947000000001, 26.458360000000003], [94.56929000000001, 26.460440000000002], [94.57065000000001, 26.461810000000003], [94.57271, 26.46104], [94.57582000000001, 26.462290000000003], [94.57574000000001, 26.46385], [94.57820000000001, 26.46685], [94.58007, 26.46647], [94.58146, 26.46883], [94.58120000000001, 26.469690000000003], [94.57885, 26.470200000000002], [94.57731000000001, 26.471510000000002], [94.57842000000001, 26.47295], [94.57828, 26.474670000000003], [94.57571, 26.477220000000003], [94.57649, 26.47904], [94.57503000000001, 26.4799], [94.57438, 26.48147], [94.57209, 26.481880000000004], [94.57072000000001, 26.479920000000003], [94.56904, 26.479580000000002], [94.56673, 26.481410000000004], [94.55917000000001, 26.482680000000002], [94.55656, 26.484510000000004], [94.54644, 26.487940000000002], [94.53972, 26.489160000000002], [94.52711000000001, 26.489630000000002], [94.52737, 26.49114], [94.53029000000001, 26.490630000000003], [94.53158, 26.491590000000002], [94.53215, 26.495160000000002], [94.53443000000001, 26.49791], [94.53550000000001, 26.497590000000002], [94.53471, 26.493440000000003], [94.53521, 26.492870000000003], [94.53664, 26.494010000000003], [94.53942, 26.493180000000002], [94.54156, 26.491010000000003], [94.54320000000001, 26.49191], [94.54377000000001, 26.493250000000003], [94.54127000000001, 26.49414], [94.54028000000001, 26.496180000000003], [94.54283000000001, 26.49922], [94.54256000000001, 26.50212], [94.54020000000001, 26.503330000000002], [94.54284000000001, 26.504610000000003], [94.54328000000001, 26.504130000000004], [94.54477000000001, 26.505760000000002], [94.5407, 26.507610000000003], [94.54113000000001, 26.508560000000003], [94.5447, 26.508370000000003], [94.54463000000001, 26.509580000000003], [94.54192, 26.51086], [94.5417, 26.51284], [94.54327, 26.51303], [94.54669000000001, 26.51029], [94.5484, 26.51048], [94.54812000000001, 26.513600000000004], [94.54541, 26.51565], [94.54555, 26.516990000000003], [94.54876, 26.52043], [94.5484, 26.522920000000003], [94.55026000000001, 26.52955], [94.5519, 26.529110000000003], [94.55297, 26.529940000000003], [94.55311, 26.5314], [94.5494, 26.532680000000003], [94.54926, 26.534080000000003], [94.55090000000001, 26.535610000000002], [94.55283000000001, 26.536], [94.55668000000001, 26.53498], [94.55725000000001, 26.53619], [94.55468, 26.53919], [94.55468, 26.54078], [94.5571, 26.542180000000002], [94.55924, 26.53919], [94.56053000000001, 26.539890000000003], [94.56221000000001, 26.543070000000004], [94.56335000000001, 26.54305], [94.56323, 26.540260000000004], [94.56584000000001, 26.53967]]]}}, {"id": "59", "type": "Feature", "properties": {"state_name": "Nagaland", "district_name": "Mokokchung", "block_name": "Kubolong", "block_lgd": 1763, "district_lgd": 246}, "geometry": {"type": "Polygon", "coordinates": [[[94.55656, 26.484510000000004], [94.55917000000001, 26.482680000000002], [94.56673, 26.481410000000004], [94.56904, 26.479580000000002], [94.57072000000001, 26.479920000000003], [94.57209, 26.481880000000004], [94.57438, 26.48147], [94.57503000000001, 26.4799], [94.57649, 26.47904], [94.57571, 26.477220000000003], [94.57828, 26.474670000000003], [94.57842000000001, 26.47295], [94.57731000000001, 26.471510000000002], [94.57885, 26.470200000000002], [94.58120000000001, 26.469690000000003], [94.58146, 26.46883], [94.58007, 26.46647], [94.57820000000001, 26.46685], [94.57574000000001, 26.46385], [94.57582000000001, 26.462290000000003], [94.57271, 26.46104], [94.57065000000001, 26.461810000000003], [94.56929000000001, 26.460440000000002], [94.56947000000001, 26.458360000000003], [94.57086000000001, 26.457530000000002], [94.56979000000001, 26.455330000000004], [94.56384000000001, 26.453730000000004], [94.56441000000001, 26.451980000000002], [94.56631, 26.451310000000003], [94.56530000000001, 26.447670000000002], [94.56376, 26.44703], [94.56234, 26.44441], [94.56302000000001, 26.443330000000003], [94.56106000000001, 26.441370000000003], [94.56266000000001, 26.43889], [94.56202, 26.435570000000002], [94.56366000000001, 26.434800000000003], [94.56396000000001, 26.433660000000003], [94.56316000000001, 26.43231], [94.56056000000001, 26.432150000000004], [94.56045, 26.42995], [94.56251, 26.42856], [94.56384000000001, 26.428670000000004], [94.56494, 26.426730000000003], [94.56369000000001, 26.425230000000003], [94.56428000000001, 26.421650000000003], [94.56681, 26.421830000000003], [94.56801, 26.419890000000002], [94.56767, 26.417650000000002], [94.56613, 26.417540000000002], [94.56554000000001, 26.413610000000002], [94.56767, 26.412640000000003], [94.56738000000001, 26.411150000000003], [94.56903000000001, 26.408450000000002], [94.56756000000001, 26.40811], [94.56727000000001, 26.407320000000002], [94.56878, 26.40163], [94.56742000000001, 26.39918], [94.56516, 26.399020000000004], [94.56362000000001, 26.39599], [94.56564, 26.394920000000003], [94.56558000000001, 26.39232], [94.5648, 26.391150000000003], [94.56308000000001, 26.390990000000002], [94.56302000000001, 26.387210000000003], [94.56457, 26.386360000000003], [94.56439, 26.384010000000004], [94.56243, 26.3821], [94.56241000000001, 26.379250000000003], [94.55957000000001, 26.3777], [94.53451000000001, 26.369390000000003], [94.53085, 26.36999], [94.52814000000001, 26.367990000000002], [94.52781, 26.366300000000003], [94.52539, 26.365520000000004], [94.52425000000001, 26.36645], [94.52425000000001, 26.368070000000003], [94.52158000000001, 26.36914], [94.52092, 26.36726], [94.51726000000001, 26.36679], [94.51655000000001, 26.367350000000002], [94.51659000000001, 26.36897], [94.51393, 26.36935], [94.5126, 26.367820000000002], [94.51094, 26.367990000000002], [94.51084, 26.370120000000004], [94.51212000000001, 26.37242], [94.50965000000001, 26.37348], [94.50737000000001, 26.3728], [94.50485, 26.374670000000002], [94.50442000000001, 26.376800000000003], [94.50542, 26.37902], [94.50276000000001, 26.38144], [94.50328, 26.38425], [94.50124000000001, 26.38417], [94.49910000000001, 26.38247], [94.49744000000001, 26.38259], [94.49601000000001, 26.386090000000003], [94.49501000000001, 26.38643], [94.49406, 26.38481], [94.49515000000001, 26.38315], [94.49473, 26.382], [94.49344, 26.381660000000004], [94.49206000000001, 26.38268], [94.4924, 26.3854], [94.48997000000001, 26.386640000000003], [94.48912000000001, 26.38604], [94.48974000000001, 26.3837], [94.48688000000001, 26.383270000000003], [94.48662, 26.385630000000003], [94.4855, 26.386010000000002], [94.48546, 26.3883], [94.4821, 26.38631], [94.48228, 26.388790000000004], [94.48157, 26.389940000000003], [94.47834, 26.39122], [94.47753, 26.392370000000003], [94.47881000000001, 26.396250000000002], [94.47667000000001, 26.398200000000003], [94.47525, 26.397820000000003], [94.47358000000001, 26.399230000000003], [94.47125000000001, 26.39974], [94.47078, 26.401270000000004], [94.46869000000001, 26.40323], [94.46792, 26.403350000000003], [94.46871, 26.402130000000003], [94.4655, 26.402120000000004], [94.46531, 26.404230000000002], [94.46621, 26.405260000000002], [94.46831, 26.40557], [94.47123, 26.404740000000004], [94.47037, 26.407610000000002], [94.46738, 26.407610000000002], [94.46467000000001, 26.409270000000003], [94.46089, 26.408640000000002], [94.45268, 26.408880000000003], [94.45005, 26.407490000000003], [94.44856000000001, 26.40819], [94.44642, 26.40979], [94.44684000000001, 26.4111], [94.44467, 26.412160000000004], [94.44299000000001, 26.414780000000004], [94.44390000000001, 26.417640000000002], [94.44573000000001, 26.417220000000004], [94.44839, 26.419200000000004], [94.44838000000001, 26.4204], [94.45084000000001, 26.423050000000003], [94.45283, 26.42292], [94.45394, 26.424830000000004], [94.45326000000001, 26.426240000000004], [94.45533, 26.429430000000004], [94.45722, 26.428060000000002], [94.46000000000001, 26.429270000000002], [94.46050000000001, 26.431410000000003], [94.46246000000001, 26.431440000000002], [94.46418000000001, 26.426640000000003], [94.46564000000001, 26.427210000000002], [94.46635, 26.42847], [94.46574000000001, 26.431890000000003], [94.46820000000001, 26.432150000000004], [94.47080000000001, 26.43033], [94.47216, 26.431350000000002], [94.4718, 26.433200000000003], [94.47045000000001, 26.433930000000004], [94.47212, 26.436420000000002], [94.47547, 26.43492], [94.47800000000001, 26.436230000000002], [94.47786, 26.438720000000004], [94.47939000000001, 26.43907], [94.48089, 26.438150000000004], [94.48061000000001, 26.4431], [94.48221000000001, 26.44274], [94.48303000000001, 26.44048], [94.48485000000001, 26.43943], [94.48538, 26.441720000000004], [94.48485000000001, 26.44262], [94.48125, 26.4444], [94.48481000000001, 26.445300000000003], [94.48808000000001, 26.444440000000004], [94.48801, 26.449620000000003], [94.48995000000001, 26.45268], [94.48929000000001, 26.45419], [94.49043, 26.454570000000004], [94.48951000000001, 26.4568], [94.48965000000001, 26.457950000000004], [94.49086000000001, 26.45885], [94.49229000000001, 26.45859], [94.49371000000001, 26.456680000000002], [94.49327000000001, 26.453870000000002], [94.49485000000001, 26.454400000000003], [94.49584, 26.455610000000004], [94.49493000000001, 26.4598], [94.49678, 26.45839], [94.49600000000001, 26.462290000000003], [94.49814, 26.462680000000002], [94.49956, 26.460440000000002], [94.50177000000001, 26.462040000000002], [94.50113, 26.4644], [94.50584, 26.470080000000003], [94.50550000000001, 26.471840000000004], [94.50673, 26.47502], [94.50840000000001, 26.471230000000002], [94.50969, 26.4718], [94.50947000000001, 26.47397], [94.51118000000001, 26.477800000000002], [94.51546, 26.47634], [94.51632000000001, 26.477040000000002], [94.51746000000001, 26.48131], [94.51903, 26.482270000000003], [94.52024, 26.480040000000002], [94.52167000000001, 26.479720000000004], [94.52209, 26.480480000000004], [94.51987000000001, 26.483690000000003], [94.52038, 26.48533], [94.52338, 26.48533], [94.52523000000001, 26.486230000000003], [94.52711000000001, 26.489630000000002], [94.53972, 26.489160000000002], [94.54644, 26.487940000000002], [94.55656, 26.484510000000004]]]}}, {"id": "60", "type": "Feature", "properties": {"state_name": "Nagaland", "district_name": "Mokokchung", "block_name": "Mangkolemba", "block_lgd": 1764, "district_lgd": 246}, "geometry": {"type": "Polygon", "coordinates": [[[94.40288000000001, 26.53984], [94.40523, 26.53957], [94.41045000000001, 26.536800000000003], [94.41087, 26.535690000000002], [94.41681000000001, 26.53452], [94.42044000000001, 26.534460000000003], [94.42157, 26.536320000000003], [94.42466, 26.536430000000003], [94.42852, 26.53197], [94.43012, 26.532760000000003], [94.43351000000001, 26.530800000000003], [94.43404000000001, 26.52915], [94.44207, 26.52644], [94.44432, 26.524520000000003], [94.44741, 26.523830000000004], [94.44913000000001, 26.52241], [94.44890000000001, 26.521240000000002], [94.44611, 26.520180000000003], [94.44712000000001, 26.518690000000003], [94.44731, 26.515300000000003], [94.44469000000001, 26.515040000000003], [94.4445, 26.51172], [94.44592, 26.510620000000003], [94.4444, 26.507640000000002], [94.44859000000001, 26.50372], [94.44849, 26.50202], [94.44564000000001, 26.500750000000004], [94.44478000000001, 26.498020000000004], [94.44887000000001, 26.49743], [94.44925, 26.495980000000003], [94.4484, 26.493000000000002], [94.44878000000001, 26.491640000000004], [94.45039000000001, 26.491640000000004], [94.45077, 26.489770000000004], [94.45077, 26.4873], [94.44868000000001, 26.485260000000004], [94.4484, 26.47913], [94.44602, 26.470450000000003], [94.45375000000001, 26.469790000000003], [94.46069000000001, 26.47285], [94.46173, 26.471660000000004], [94.46687000000001, 26.474380000000004], [94.46856000000001, 26.47032], [94.47026000000001, 26.470540000000003], [94.46978000000001, 26.465950000000003], [94.47656, 26.46357], [94.47618000000001, 26.460680000000004], [94.47856, 26.456680000000002], [94.48284000000001, 26.458380000000002], [94.48541, 26.458550000000002], [94.48854000000001, 26.45625], [94.48929000000001, 26.45419], [94.48995000000001, 26.45268], [94.48801, 26.449620000000003], [94.48808000000001, 26.444440000000004], [94.48481000000001, 26.445300000000003], [94.48125, 26.4444], [94.48485000000001, 26.44262], [94.48538, 26.441720000000004], [94.48485000000001, 26.43943], [94.48303000000001, 26.44048], [94.48221000000001, 26.44274], [94.48061000000001, 26.4431], [94.48089, 26.438150000000004], [94.47939000000001, 26.43907], [94.47786, 26.438720000000004], [94.47800000000001, 26.436230000000002], [94.47547, 26.43492], [94.47212, 26.436420000000002], [94.47045000000001, 26.433930000000004], [94.4718, 26.433200000000003], [94.47216, 26.431350000000002], [94.47080000000001, 26.43033], [94.46820000000001, 26.432150000000004], [94.46574000000001, 26.431890000000003], [94.46635, 26.42847], [94.46564000000001, 26.427210000000002], [94.46418000000001, 26.426640000000003], [94.46246000000001, 26.431440000000002], [94.46050000000001, 26.431410000000003], [94.46000000000001, 26.429270000000002], [94.45722, 26.428060000000002], [94.45533, 26.429430000000004], [94.45326000000001, 26.426240000000004], [94.45394, 26.424830000000004], [94.45283, 26.42292], [94.45084000000001, 26.423050000000003], [94.44838000000001, 26.4204], [94.44839, 26.419200000000004], [94.44573000000001, 26.417220000000004], [94.44390000000001, 26.417640000000002], [94.44299000000001, 26.414780000000004], [94.44467, 26.412160000000004], [94.43813, 26.410890000000002], [94.43613, 26.408330000000003], [94.43699000000001, 26.406840000000003], [94.43428, 26.40444], [94.43221000000001, 26.404560000000004], [94.43114000000001, 26.403800000000004], [94.43057, 26.400350000000003], [94.42928, 26.398690000000002], [94.42729000000001, 26.397920000000003], [94.41510000000001, 26.38304], [94.40912, 26.37319], [94.40561000000001, 26.370050000000003], [94.40396000000001, 26.36973], [94.40271000000001, 26.36569], [94.40324000000001, 26.364410000000003], [94.40211000000001, 26.36313], [94.39908000000001, 26.361960000000003], [94.39344000000001, 26.361960000000003], [94.38999000000001, 26.36063], [94.38863, 26.36185], [94.38732, 26.359990000000003], [94.38762000000001, 26.359250000000003], [94.39005, 26.358390000000004], [94.38470000000001, 26.35489], [94.38510000000001, 26.35376], [94.38394000000001, 26.352100000000004], [94.38287000000001, 26.352100000000004], [94.38094000000001, 26.354400000000002], [94.37894000000001, 26.355230000000002], [94.37787, 26.35478], [94.37517000000001, 26.351070000000004], [94.37531000000001, 26.350310000000004], [94.37773000000001, 26.34935], [94.37802, 26.348010000000002], [94.37432000000001, 26.345270000000003], [94.37324000000001, 26.34532], [94.37187, 26.34711], [94.37082000000001, 26.34654], [94.3712, 26.344150000000003], [94.36949000000001, 26.34108], [94.36498, 26.337030000000002], [94.35975, 26.336910000000003], [94.35982000000001, 26.335390000000004], [94.35863, 26.33463], [94.35574000000001, 26.335700000000003], [94.35494000000001, 26.33283], [94.35183, 26.332120000000003], [94.35019000000001, 26.33341], [94.34976, 26.33564], [94.34799000000001, 26.335240000000002], [94.3478, 26.333000000000002], [94.34348000000001, 26.33153], [94.34277, 26.336360000000003], [94.34612000000001, 26.337120000000002], [94.34718000000001, 26.3366], [94.34787000000001, 26.33885], [94.35034, 26.33967], [94.35284000000001, 26.34327], [94.35226, 26.348670000000002], [94.35853, 26.356980000000004], [94.35336000000001, 26.36426], [94.35057, 26.37236], [94.34732000000001, 26.37496], [94.34547, 26.37815], [94.34117, 26.37882], [94.33749, 26.385360000000002], [94.32929000000001, 26.390240000000002], [94.32864000000001, 26.3956], [94.32714000000001, 26.39973], [94.32365, 26.402900000000002], [94.31732000000001, 26.39506], [94.31110000000001, 26.39157], [94.3092, 26.38869], [94.30908000000001, 26.383720000000004], [94.30484000000001, 26.37901], [94.30126000000001, 26.377270000000003], [94.30163, 26.379150000000003], [94.30017000000001, 26.382740000000002], [94.30024, 26.385170000000002], [94.30113000000001, 26.387800000000002], [94.30394000000001, 26.391250000000003], [94.30402000000001, 26.394270000000002], [94.30183000000001, 26.39995], [94.30015, 26.40124], [94.29722000000001, 26.406070000000003], [94.29575000000001, 26.406840000000003], [94.29305000000001, 26.40575], [94.29077000000001, 26.407210000000003], [94.29019000000001, 26.41278], [94.29183, 26.41522], [94.29033000000001, 26.41767], [94.29056000000001, 26.418540000000004], [94.29319000000001, 26.419590000000003], [94.29355000000001, 26.422860000000004], [94.29874000000001, 26.430400000000002], [94.29859, 26.435240000000004], [94.29974000000001, 26.436210000000003], [94.29874000000001, 26.437680000000004], [94.30515000000001, 26.43936], [94.30678, 26.444290000000002], [94.31032, 26.447470000000003], [94.31552, 26.45661], [94.31567000000001, 26.458170000000003], [94.31689, 26.4586], [94.31853000000001, 26.465300000000003], [94.32075, 26.46479], [94.3238, 26.465480000000003], [94.32128, 26.471020000000003], [94.32254, 26.47239], [94.32034, 26.473010000000002], [94.31956000000001, 26.474210000000003], [94.3216, 26.47566], [94.32653, 26.475620000000003], [94.32552000000001, 26.48195], [94.32668000000001, 26.48233], [94.33041000000001, 26.4795], [94.33195, 26.48056], [94.33394000000001, 26.47933], [94.33631000000001, 26.48205], [94.33933, 26.48047], [94.34096000000001, 26.482390000000002], [94.34097000000001, 26.485760000000003], [94.34296, 26.48447], [94.34433000000001, 26.48532], [94.34462, 26.4887], [94.34603000000001, 26.486300000000004], [94.34697000000001, 26.486040000000003], [94.34929000000001, 26.489030000000003], [94.34939000000001, 26.491170000000004], [94.35216000000001, 26.489770000000004], [94.35289, 26.490150000000003], [94.35278000000001, 26.49095], [94.35023000000001, 26.49237], [94.34665000000001, 26.492070000000002], [94.34947000000001, 26.49377], [94.34957000000001, 26.496260000000003], [94.35294, 26.499190000000002], [94.35057, 26.502480000000002], [94.34763000000001, 26.503200000000003], [94.34779, 26.50446], [94.35220000000001, 26.504230000000003], [94.35427000000001, 26.50307], [94.35749000000001, 26.505180000000003], [94.36039000000001, 26.504700000000003], [94.36271, 26.505660000000002], [94.36408, 26.5039], [94.36563000000001, 26.50354], [94.36843, 26.50596], [94.36923, 26.504690000000004], [94.37435, 26.5074], [94.37468000000001, 26.508450000000003], [94.37333000000001, 26.510060000000003], [94.37389, 26.511110000000002], [94.3713, 26.51443], [94.37212000000001, 26.515200000000004], [94.37310000000001, 26.514940000000003], [94.37508000000001, 26.51282], [94.37626, 26.513820000000003], [94.37598000000001, 26.515770000000003], [94.37377000000001, 26.5163], [94.37336, 26.517110000000002], [94.37346000000001, 26.517920000000004], [94.37565000000001, 26.51818], [94.37614, 26.521780000000003], [94.37856000000001, 26.521500000000003], [94.38095000000001, 26.525800000000004], [94.38233000000001, 26.52606], [94.38395000000001, 26.525170000000003], [94.38520000000001, 26.52578], [94.38622000000001, 26.52802], [94.38585, 26.530610000000003], [94.3897, 26.527], [94.39053000000001, 26.527210000000004], [94.39142000000001, 26.530350000000002], [94.3926, 26.529780000000002], [94.39326000000001, 26.52738], [94.39574, 26.527320000000003], [94.39757, 26.529760000000003], [94.39542, 26.532190000000003], [94.39525, 26.533610000000003], [94.39819000000001, 26.53525], [94.40088, 26.534150000000004], [94.40079, 26.535190000000004], [94.39805000000001, 26.53741], [94.39777000000001, 26.538510000000002], [94.39979000000001, 26.54023], [94.4013, 26.53958], [94.40288000000001, 26.53984]]]}}, {"id": "61", "type": "Feature", "properties": {"state_name": "Nagaland", "district_name": "Zunheboto", "block_name": "V.K.", "block_lgd": 1767, "district_lgd": 251}, "geometry": {"type": "Polygon", "coordinates": [[[94.42476, 26.21102], [94.42687000000001, 26.20811], [94.43114000000001, 26.206210000000002], [94.43676, 26.207], [94.44097000000001, 26.2052], [94.44286000000001, 26.20569], [94.44391, 26.20698], [94.44498, 26.206110000000002], [94.44515000000001, 26.19715], [94.44667000000001, 26.193900000000003], [94.44134000000001, 26.189470000000004], [94.4402, 26.186570000000003], [94.4402, 26.18418], [94.44420000000001, 26.181960000000004], [94.44819000000001, 26.18213], [94.45142000000001, 26.18042], [94.45085, 26.17838], [94.44857, 26.175990000000002], [94.44705, 26.172230000000003], [94.44267, 26.173260000000003], [94.43925, 26.16251], [94.43412000000001, 26.16438], [94.4307, 26.161310000000004], [94.43051000000001, 26.15585], [94.43830000000001, 26.157040000000002], [94.43982000000001, 26.154310000000002], [94.43944, 26.149710000000002], [94.43754000000001, 26.150050000000004], [94.43450000000001, 26.148000000000003], [94.43089, 26.147660000000002], [94.43260000000001, 26.14185], [94.42993000000001, 26.13878], [94.42670000000001, 26.137760000000004], [94.42195000000001, 26.137760000000004], [94.42081, 26.13315], [94.41796000000001, 26.13144], [94.41891000000001, 26.12939], [94.421, 26.129050000000003], [94.42176, 26.127000000000002], [94.42024, 26.125470000000004], [94.41301000000001, 26.12649], [94.41358000000001, 26.123250000000002], [94.41681000000001, 26.121540000000003], [94.41967000000001, 26.11642], [94.41967000000001, 26.11266], [94.41720000000001, 26.109930000000002], [94.40731000000001, 26.111810000000002], [94.40465, 26.110100000000003], [94.39362000000001, 26.106520000000003], [94.38312, 26.105140000000002], [94.38236, 26.10797], [94.38644000000001, 26.109460000000002], [94.38690000000001, 26.110930000000003], [94.38695000000001, 26.11587], [94.38528000000001, 26.12168], [94.38524000000001, 26.12516], [94.38304000000001, 26.126520000000003], [94.37866000000001, 26.126690000000004], [94.37687000000001, 26.130100000000002], [94.36859000000001, 26.131100000000004], [94.36594000000001, 26.13531], [94.36341, 26.134970000000003], [94.36269, 26.140390000000004], [94.36009000000001, 26.142920000000004], [94.36112000000001, 26.14581], [94.36070000000001, 26.147240000000004], [94.35677000000001, 26.150760000000002], [94.35272, 26.15248], [94.35069000000001, 26.155590000000004], [94.34752, 26.155490000000004], [94.34685, 26.16317], [94.34772000000001, 26.169770000000003], [94.34615000000001, 26.17254], [94.34294000000001, 26.171870000000002], [94.33878000000001, 26.173090000000002], [94.33486, 26.172430000000002], [94.33619, 26.175030000000003], [94.33568000000001, 26.178710000000002], [94.33774000000001, 26.178800000000003], [94.33782000000001, 26.17685], [94.34027, 26.177100000000003], [94.34418000000001, 26.180090000000003], [94.34701000000001, 26.181120000000004], [94.34932, 26.183370000000004], [94.34771, 26.18437], [94.35136000000001, 26.18719], [94.35537000000001, 26.187070000000002], [94.35699000000001, 26.19018], [94.35967000000001, 26.188100000000002], [94.36275, 26.19133], [94.36539, 26.192850000000004], [94.36811, 26.192390000000003], [94.37123000000001, 26.19311], [94.37473000000001, 26.19396], [94.37726, 26.1964], [94.38498000000001, 26.19685], [94.38737, 26.20023], [94.39138000000001, 26.202420000000004], [94.39561, 26.20194], [94.39769000000001, 26.2039], [94.39904000000001, 26.20672], [94.40546, 26.2117], [94.40934000000001, 26.210300000000004], [94.41701, 26.212660000000003], [94.42214000000001, 26.21092], [94.42476, 26.21102]]]}}, {"id": "62", "type": "Feature", "properties": {"state_name": "Nagaland", "district_name": "Zunheboto", "block_name": "Suruhuto", "block_lgd": 1769, "district_lgd": 251}, "geometry": {"type": "Polygon", "coordinates": [[[94.64939000000001, 26.18549], [94.64939000000001, 26.182560000000002], [94.65118000000001, 26.17696], [94.65296000000001, 26.174030000000002], [94.65088, 26.169490000000003], [94.64553000000001, 26.167890000000003], [94.64226000000001, 26.162560000000003], [94.64672, 26.157760000000003], [94.64613000000001, 26.15349], [94.64137000000001, 26.145490000000002], [94.64078, 26.13509], [94.64375000000001, 26.131890000000002], [94.63276, 26.12122], [94.63305000000001, 26.115080000000003], [94.63692, 26.111620000000002], [94.63543000000001, 26.106810000000003], [94.62830000000001, 26.101740000000003], [94.62265000000001, 26.09934], [94.6179, 26.10628], [94.61047, 26.108150000000002], [94.60364000000001, 26.108410000000003], [94.59413, 26.110020000000002], [94.58106000000001, 26.11108], [94.57126000000001, 26.108150000000002], [94.56175, 26.108410000000003], [94.55254000000001, 26.110550000000003], [94.546, 26.111], [94.546, 26.1156], [94.54253000000001, 26.117220000000003], [94.54374000000001, 26.12236], [94.55097, 26.127360000000003], [94.55127, 26.13182], [94.54675, 26.137770000000003], [94.54750000000001, 26.143590000000003], [94.55262, 26.14291], [94.55428, 26.146020000000004], [94.55428, 26.151290000000003], [94.54901000000001, 26.160210000000003], [94.5481, 26.16494], [94.54554, 26.168590000000002], [94.54208000000001, 26.171020000000002], [94.53410000000001, 26.172780000000003], [94.5335, 26.180490000000002], [94.53094, 26.182240000000004], [94.52612, 26.182920000000003], [94.52446, 26.180220000000002], [94.52414, 26.176840000000002], [94.52186, 26.179910000000003], [94.51938000000001, 26.181620000000002], [94.51653, 26.196970000000004], [94.51368000000001, 26.200390000000002], [94.51216000000001, 26.204140000000002], [94.51216000000001, 26.208060000000003], [94.50854000000001, 26.213610000000003], [94.51049, 26.212500000000002], [94.5169, 26.211850000000002], [94.51929000000001, 26.212480000000003], [94.52612, 26.212180000000004], [94.52981000000001, 26.21498], [94.53115000000001, 26.217000000000002], [94.53228000000001, 26.216260000000002], [94.53207, 26.214190000000002], [94.53393000000001, 26.211370000000002], [94.53748, 26.207520000000002], [94.54375, 26.206270000000004], [94.54557000000001, 26.204150000000002], [94.55035000000001, 26.204230000000003], [94.55353000000001, 26.201900000000002], [94.55706, 26.20372], [94.5631, 26.205230000000004], [94.56666000000001, 26.20522], [94.57203000000001, 26.207150000000002], [94.57700000000001, 26.213630000000002], [94.57984, 26.215320000000002], [94.58340000000001, 26.219060000000002], [94.58520000000001, 26.215600000000002], [94.58727, 26.21393], [94.58743000000001, 26.212370000000004], [94.59085, 26.209390000000003], [94.59163000000001, 26.207670000000004], [94.59574, 26.204880000000003], [94.59582, 26.20136], [94.59825000000001, 26.200760000000002], [94.59982000000001, 26.197470000000003], [94.60573000000001, 26.19713], [94.61184, 26.19386], [94.61607000000001, 26.196330000000003], [94.61764000000001, 26.19853], [94.62159000000001, 26.198680000000003], [94.62377000000001, 26.19994], [94.62540000000001, 26.20483], [94.63155, 26.207890000000003], [94.63570000000001, 26.215380000000003], [94.63822, 26.21731], [94.64005, 26.215490000000003], [94.64288, 26.214270000000003], [94.64599000000001, 26.20907], [94.65308, 26.205060000000003], [94.64939000000001, 26.18549]]]}}, {"id": "63", "type": "Feature", "properties": {"state_name": "Nagaland", "district_name": "Zunheboto", "block_name": "Asuto", "block_lgd": 1770, "district_lgd": 251}, "geometry": {"type": "Polygon", "coordinates": [[[94.67231000000001, 26.210670000000004], [94.67297, 26.206940000000003], [94.67550000000001, 26.206640000000004], [94.67802, 26.20294], [94.67795000000001, 26.201410000000003], [94.68095000000001, 26.198660000000004], [94.68424, 26.19909], [94.68708000000001, 26.19638], [94.68861000000001, 26.198620000000002], [94.68939, 26.19816], [94.68872, 26.196320000000004], [94.68947000000001, 26.194080000000003], [94.69247000000001, 26.19038], [94.69374, 26.18343], [94.69664, 26.178700000000003], [94.69566, 26.177880000000002], [94.6966, 26.17461], [94.69567, 26.17348], [94.69631000000001, 26.1719], [94.69741, 26.171200000000002], [94.69947, 26.171490000000002], [94.70030000000001, 26.172950000000004], [94.7034, 26.173730000000003], [94.70568, 26.17191], [94.70311000000001, 26.169600000000003], [94.69916, 26.152120000000004], [94.69801000000001, 26.14928], [94.69556000000001, 26.147070000000003], [94.69432, 26.14188], [94.6884, 26.13774], [94.68912, 26.136740000000003], [94.68757000000001, 26.129140000000003], [94.68843000000001, 26.126140000000003], [94.68778, 26.11653], [94.68746, 26.115070000000003], [94.68885, 26.11295], [94.68874000000001, 26.111720000000002], [94.69008000000001, 26.1095], [94.69144000000001, 26.109060000000003], [94.68828, 26.104170000000003], [94.68894, 26.092990000000004], [94.69367000000001, 26.085430000000002], [94.69208, 26.08125], [94.6924, 26.076040000000003], [94.69170000000001, 26.075280000000003], [94.69283, 26.072830000000003], [94.68993, 26.0725], [94.68784000000001, 26.068340000000003], [94.68419, 26.066470000000002], [94.68269000000001, 26.06014], [94.68026, 26.056110000000004], [94.67303000000001, 26.05564], [94.66008000000001, 26.057940000000002], [94.65406, 26.057800000000004], [94.64020000000001, 26.061590000000002], [94.62996000000001, 26.060640000000003], [94.62665000000001, 26.061180000000004], [94.61972, 26.064700000000002], [94.6149, 26.064030000000002], [94.61114, 26.06565], [94.61234, 26.073900000000002], [94.6149, 26.077550000000002], [94.61836000000001, 26.07769], [94.62243000000001, 26.080260000000003], [94.62484, 26.08323], [94.62364000000001, 26.096760000000003], [94.62265000000001, 26.09934], [94.62830000000001, 26.101740000000003], [94.63543000000001, 26.106810000000003], [94.63692, 26.111620000000002], [94.63305000000001, 26.115080000000003], [94.63276, 26.12122], [94.64375000000001, 26.131890000000002], [94.64078, 26.13509], [94.64137000000001, 26.145490000000002], [94.64613000000001, 26.15349], [94.64672, 26.157760000000003], [94.64226000000001, 26.162560000000003], [94.64553000000001, 26.167890000000003], [94.65088, 26.169490000000003], [94.65296000000001, 26.174030000000002], [94.65118000000001, 26.17696], [94.64939000000001, 26.182560000000002], [94.64939000000001, 26.18549], [94.65308, 26.205060000000003], [94.65645, 26.203310000000002], [94.65695000000001, 26.20446], [94.65977000000001, 26.20538], [94.65984, 26.20783], [94.66232000000001, 26.20654], [94.66224000000001, 26.20906], [94.66478000000001, 26.20888], [94.66654000000001, 26.21094], [94.66624, 26.212590000000002], [94.66853, 26.211800000000004], [94.67231000000001, 26.210670000000004]]]}}, {"id": "64", "type": "Feature", "properties": {"state_name": "Nagaland", "district_name": "Zunheboto", "block_name": "Aghunato", "block_lgd": 1771, "district_lgd": 251}, "geometry": {"type": "Polygon", "coordinates": [[[94.6149, 26.064030000000002], [94.61972, 26.064700000000002], [94.62665000000001, 26.061180000000004], [94.62996000000001, 26.060640000000003], [94.64020000000001, 26.061590000000002], [94.65406, 26.057800000000004], [94.66008000000001, 26.057940000000002], [94.67303000000001, 26.05564], [94.68026, 26.056110000000004], [94.68243000000001, 26.0547], [94.68129, 26.049750000000003], [94.67912000000001, 26.048360000000002], [94.68468000000001, 26.042240000000003], [94.68621, 26.039500000000004], [94.68708000000001, 26.03806], [94.67991, 26.033720000000002], [94.68015000000001, 26.031660000000002], [94.67804000000001, 26.02888], [94.6734, 26.026390000000003], [94.67325000000001, 26.0252], [94.67034000000001, 26.022370000000002], [94.66804, 26.018530000000002], [94.66779000000001, 26.01479], [94.66421000000001, 26.011400000000002], [94.66389000000001, 26.00813], [94.66071000000001, 26.006520000000002], [94.65959000000001, 26.00477], [94.65591, 26.003380000000003], [94.6567, 26.00148], [94.65249000000001, 25.996460000000003], [94.65125, 25.99228], [94.64340000000001, 25.986620000000002], [94.64185, 25.98156], [94.63891000000001, 25.97903], [94.63316, 25.970830000000003], [94.63277000000001, 25.968510000000002], [94.63129, 25.966960000000004], [94.63065, 25.964740000000003], [94.62793, 25.96348], [94.62750000000001, 25.961050000000004], [94.62571000000001, 25.95916], [94.62534000000001, 25.956760000000003], [94.62165, 25.953680000000002], [94.61996, 25.94902], [94.61613000000001, 25.944910000000004], [94.61488000000001, 25.941460000000003], [94.60969000000001, 25.93821], [94.61093000000001, 25.936090000000004], [94.60866000000001, 25.93466], [94.60848000000001, 25.932750000000002], [94.60691000000001, 25.931490000000004], [94.60366, 25.93138], [94.60366, 25.92995], [94.60239000000001, 25.92895], [94.60218, 25.927460000000004], [94.5994, 25.925900000000002], [94.59895, 25.922880000000003], [94.59591, 25.921120000000002], [94.59376, 25.9141], [94.58706000000001, 25.91027], [94.58638, 25.905960000000004], [94.58321000000001, 25.904420000000002], [94.57911000000001, 25.89863], [94.57431000000001, 25.89441], [94.57197000000001, 25.89449], [94.56989, 25.889670000000002], [94.56386, 25.88773], [94.56208000000001, 25.885060000000003], [94.56149, 25.88078], [94.55138000000001, 25.881590000000003], [94.54722000000001, 25.87891], [94.54485000000001, 25.876240000000003], [94.54366, 25.870630000000002], [94.54247000000001, 25.86982], [94.53742000000001, 25.86982], [94.53267000000001, 25.865280000000002], [94.53059, 25.860740000000003], [94.52821, 25.865280000000002], [94.52464, 25.884790000000002], [94.52138000000001, 25.888270000000002], [94.52435000000001, 25.89335], [94.52405, 25.904570000000003], [94.52762000000001, 25.91419], [94.52732, 25.92461], [94.53148, 25.92969], [94.53386, 25.9353], [94.53427, 25.94265], [94.53516, 25.950400000000002], [94.53724000000001, 25.95333], [94.53932, 25.958940000000002], [94.53516, 25.968560000000004], [94.54408000000001, 25.97257], [94.54556000000001, 25.978180000000002], [94.54318, 25.981910000000003], [94.54823, 25.98832], [94.55477, 25.994200000000003], [94.55388, 25.99874], [94.55596000000001, 26.003010000000003], [94.56042000000001, 26.006750000000004], [94.56279, 26.012620000000002], [94.56309, 26.01743], [94.57230000000001, 26.023300000000003], [94.57468, 26.03291], [94.58656, 26.041990000000002], [94.58805000000001, 26.046260000000004], [94.59161, 26.049730000000004], [94.59874, 26.0532], [94.60676000000001, 26.064410000000002], [94.61114, 26.06565], [94.6149, 26.064030000000002]]]}}, {"id": "65", "type": "Feature", "properties": {"state_name": "Nagaland", "district_name": "Wokha", "block_name": "Aitepyong", "block_lgd": 1781, "district_lgd": 250}, "geometry": {"type": "Polygon", "coordinates": [[[94.29575000000001, 26.406840000000003], [94.29722000000001, 26.406070000000003], [94.30015, 26.40124], [94.30183000000001, 26.39995], [94.30402000000001, 26.394270000000002], [94.30394000000001, 26.391250000000003], [94.30113000000001, 26.387800000000002], [94.30024, 26.385170000000002], [94.30017000000001, 26.382740000000002], [94.30163, 26.379150000000003], [94.30126000000001, 26.377270000000003], [94.30484000000001, 26.37901], [94.30908000000001, 26.383720000000004], [94.3092, 26.38869], [94.31110000000001, 26.39157], [94.31732000000001, 26.39506], [94.32365, 26.402900000000002], [94.32714000000001, 26.39973], [94.32864000000001, 26.3956], [94.32929000000001, 26.390240000000002], [94.33749, 26.385360000000002], [94.34117, 26.37882], [94.34547, 26.37815], [94.34732000000001, 26.37496], [94.35057, 26.37236], [94.35336000000001, 26.36426], [94.35853, 26.356980000000004], [94.35226, 26.348670000000002], [94.35284000000001, 26.34327], [94.35034, 26.33967], [94.34787000000001, 26.33885], [94.34718000000001, 26.3366], [94.34612000000001, 26.337120000000002], [94.34277, 26.336360000000003], [94.34348000000001, 26.33153], [94.3478, 26.333000000000002], [94.34799000000001, 26.335240000000002], [94.34976, 26.33564], [94.34794000000001, 26.331690000000002], [94.34544000000001, 26.328940000000003], [94.34181000000001, 26.32881], [94.33757000000001, 26.326500000000003], [94.33134000000001, 26.315590000000004], [94.32985000000001, 26.314790000000002], [94.32658, 26.31585], [94.31589000000001, 26.30627], [94.30252, 26.30467], [94.30073, 26.30307], [94.29865000000001, 26.29801], [94.29360000000001, 26.295880000000004], [94.28707000000001, 26.295350000000003], [94.28499000000001, 26.293210000000002], [94.28529, 26.285490000000003], [94.28142000000001, 26.27776], [94.28142000000001, 26.275900000000004], [94.28826000000001, 26.27483], [94.28647000000001, 26.27004], [94.28647000000001, 26.26631], [94.28766, 26.26338], [94.29152, 26.262850000000004], [94.29390000000001, 26.260180000000002], [94.29509, 26.257250000000003], [94.29331, 26.25512], [94.29093, 26.255380000000002], [94.28915, 26.257520000000003], [94.28618, 26.25832], [94.28380000000001, 26.25645], [94.28380000000001, 26.24979], [94.28053000000001, 26.24846], [94.27845, 26.24952], [94.27639, 26.25259], [94.27734000000001, 26.25549], [94.2762, 26.262310000000003], [94.27411000000001, 26.26282], [94.27107000000001, 26.260260000000002], [94.26974000000001, 26.262480000000004], [94.26898000000001, 26.27032], [94.26517000000001, 26.2722], [94.25928, 26.27203], [94.25719000000001, 26.273220000000002], [94.25205000000001, 26.275100000000002], [94.24901000000001, 26.274590000000003], [94.24464, 26.27595], [94.23912000000001, 26.274070000000002], [94.23513000000001, 26.274590000000003], [94.23285000000001, 26.275440000000003], [94.23076, 26.27868], [94.2222, 26.27953], [94.22049000000001, 26.28226], [94.22049000000001, 26.285670000000003], [94.21897000000001, 26.292150000000003], [94.21688, 26.294020000000003], [94.20737000000001, 26.295730000000002], [94.20055, 26.299380000000003], [94.20074000000001, 26.302280000000003], [94.20321000000001, 26.307050000000004], [94.20834, 26.30807], [94.21100000000001, 26.311480000000003], [94.21252000000001, 26.318640000000002], [94.21386000000001, 26.322560000000003], [94.215, 26.32375], [94.21766000000001, 26.316080000000003], [94.22032, 26.31557], [94.22165000000001, 26.317790000000002], [94.22146000000001, 26.32955], [94.22640000000001, 26.33432], [94.22640000000001, 26.340790000000002], [94.22512, 26.343090000000004], [94.23523, 26.344900000000003], [94.2385, 26.346760000000003], [94.23879000000001, 26.354750000000003], [94.24058000000001, 26.356080000000002], [94.24533000000001, 26.35714], [94.2489, 26.35901], [94.25068, 26.362470000000002], [94.25008000000001, 26.36513], [94.24563, 26.369390000000003], [94.24682000000001, 26.37365], [94.24949000000001, 26.375510000000002], [94.25276000000001, 26.37498], [94.26108, 26.386160000000004], [94.27088, 26.39121], [94.27534000000001, 26.400530000000003], [94.27979, 26.403450000000003], [94.28158, 26.406910000000003], [94.27861000000001, 26.414630000000002], [94.27861000000001, 26.41756], [94.28068, 26.41862], [94.29033000000001, 26.41767], [94.29183, 26.41522], [94.29019000000001, 26.41278], [94.29077000000001, 26.407210000000003], [94.29305000000001, 26.40575], [94.29575000000001, 26.406840000000003]]]}}, {"id": "66", "type": "Feature", "properties": {"state_name": "Nagaland", "district_name": "Wokha", "block_name": "Bhandari", "block_lgd": 1782, "district_lgd": 250}, "geometry": {"type": "Polygon", "coordinates": [[[94.22640000000001, 26.33432], [94.22146000000001, 26.32955], [94.22165000000001, 26.317790000000002], [94.22032, 26.31557], [94.21766000000001, 26.316080000000003], [94.215, 26.32375], [94.21386000000001, 26.322560000000003], [94.21252000000001, 26.318640000000002], [94.21100000000001, 26.311480000000003], [94.20834, 26.30807], [94.20321000000001, 26.307050000000004], [94.20074000000001, 26.302280000000003], [94.20055, 26.299380000000003], [94.19294000000001, 26.29785], [94.18933000000001, 26.29529], [94.17716, 26.27176], [94.17392000000001, 26.259660000000004], [94.17297, 26.243450000000003], [94.17963, 26.233220000000003], [94.18039, 26.230660000000004], [94.17849000000001, 26.228450000000002], [94.17659, 26.225890000000003], [94.1764, 26.222130000000003], [94.17507, 26.218380000000003], [94.16613000000001, 26.210710000000002], [94.1667, 26.20832], [94.17069000000001, 26.207120000000003], [94.1705, 26.203370000000003], [94.16841000000001, 26.20098], [94.16442, 26.1991], [94.15966, 26.1945], [94.15966, 26.190400000000004], [94.14940000000001, 26.189890000000002], [94.14559000000001, 26.186650000000004], [94.14312000000001, 26.182900000000004], [94.14692000000001, 26.17726], [94.14654, 26.175050000000002], [94.14426, 26.173340000000003], [94.14122, 26.17368], [94.13571, 26.17266], [94.13380000000001, 26.1701], [94.13418, 26.16617], [94.13266, 26.16259], [94.12582, 26.15952], [94.12354, 26.15593], [94.12259, 26.1503], [94.12068000000001, 26.14723], [94.11612000000001, 26.147910000000003], [94.11042, 26.14723], [94.10795, 26.136650000000003], [94.10395000000001, 26.132550000000002], [94.10224000000001, 26.12965], [94.10224000000001, 26.125210000000003], [94.1011, 26.12179], [94.09844000000001, 26.120430000000002], [94.09521000000001, 26.127260000000003], [94.09235000000001, 26.126400000000004], [94.09007000000001, 26.123330000000003], [94.09311000000001, 26.1136], [94.09197, 26.11155], [94.08380000000001, 26.110010000000003], [94.08209000000001, 26.106600000000004], [94.0819, 26.099770000000003], [94.07904, 26.098060000000004], [94.07353, 26.098740000000003], [94.06973, 26.097720000000002], [94.06497, 26.09089], [94.05851000000001, 26.086450000000003], [94.05623000000001, 26.085770000000004], [94.05356, 26.081840000000003], [94.05432, 26.078760000000003], [94.04995000000001, 26.07279], [94.04729, 26.07159], [94.04292000000001, 26.074840000000002], [94.03398000000001, 26.068340000000003], [94.02732, 26.066810000000004], [94.02428, 26.06698], [94.01972, 26.06425], [94.01668000000001, 26.061000000000003], [94.01477000000001, 26.05451], [94.01249000000001, 26.05366], [94.01002000000001, 26.055190000000003], [94.00508, 26.05639], [94.0066, 26.064420000000002], [94.00622000000001, 26.066810000000004], [94.00261, 26.068520000000003], [93.99994000000001, 26.068170000000002], [93.99614000000001, 26.06493], [93.99405, 26.06612], [93.98639000000001, 26.070330000000002], [93.98578, 26.072960000000002], [93.98191000000001, 26.078650000000003], [93.98178000000001, 26.082210000000003], [93.98364000000001, 26.08398], [93.98717, 26.084770000000002], [93.98865, 26.086340000000003], [93.99016, 26.09465], [93.98948000000001, 26.097530000000003], [93.99371000000001, 26.103930000000002], [93.99715, 26.106900000000003], [93.99793000000001, 26.109560000000002], [93.99577000000001, 26.1122], [93.99068000000001, 26.110500000000002], [93.98874, 26.11082], [93.98754000000001, 26.111760000000004], [93.98676, 26.1139], [93.99387, 26.118650000000002], [93.99349000000001, 26.12394], [93.99510000000001, 26.12602], [93.99749000000001, 26.127280000000003], [93.99783000000001, 26.128670000000003], [93.99704000000001, 26.12938], [93.99145000000001, 26.127910000000004], [93.98887, 26.128200000000003], [93.98744, 26.129170000000002], [93.98724000000001, 26.13108], [93.98898000000001, 26.133300000000002], [93.99086000000001, 26.133640000000003], [93.99594, 26.131470000000004], [93.99831, 26.131240000000002], [94.00217, 26.134430000000002], [94.00193, 26.13913], [94.00388000000001, 26.142940000000003], [94.0036, 26.144230000000004], [94.00083000000001, 26.146980000000003], [93.99591000000001, 26.146420000000003], [93.99452000000001, 26.148310000000002], [93.99658000000001, 26.153470000000002], [94.00110000000001, 26.1552], [94.00366000000001, 26.160110000000003], [94.00137000000001, 26.16578], [94.0026, 26.17088], [94.00108, 26.17227], [94.00777000000001, 26.1824], [94.01521000000001, 26.183940000000003], [94.02149000000001, 26.193540000000002], [94.03198, 26.197540000000004], [94.03649000000001, 26.22605], [94.04237, 26.23447], [94.0477, 26.249360000000003], [94.05662000000001, 26.25522], [94.05993000000001, 26.255250000000004], [94.06305, 26.256330000000002], [94.06516, 26.256010000000003], [94.06797, 26.257080000000002], [94.07072000000001, 26.26206], [94.07458000000001, 26.264370000000003], [94.07522, 26.26791], [94.07473, 26.272840000000002], [94.07228, 26.27626], [94.0746, 26.283310000000004], [94.07761, 26.284250000000004], [94.08399000000001, 26.283320000000003], [94.08431, 26.289], [94.08691, 26.29266], [94.09044, 26.29435], [94.09788, 26.302200000000003], [94.10077000000001, 26.308670000000003], [94.09963, 26.31352], [94.1025, 26.315240000000003], [94.10503000000001, 26.319910000000004], [94.10963000000001, 26.319920000000003], [94.11210000000001, 26.318], [94.12188, 26.317970000000003], [94.11797000000001, 26.32046], [94.11503, 26.323940000000004], [94.11451000000001, 26.32701], [94.11602, 26.329670000000004], [94.11970000000001, 26.328820000000004], [94.12496, 26.330810000000003], [94.12842, 26.33038], [94.13831, 26.336260000000003], [94.14096, 26.335220000000003], [94.14101000000001, 26.331550000000004], [94.14176, 26.330730000000003], [94.14509000000001, 26.330630000000003], [94.14614, 26.33257], [94.14945, 26.33404], [94.16295000000001, 26.33555], [94.16753000000001, 26.339330000000004], [94.17187000000001, 26.338140000000003], [94.17453, 26.340470000000003], [94.17484, 26.343000000000004], [94.17783000000001, 26.34608], [94.21176000000001, 26.3409], [94.21978000000001, 26.340370000000004], [94.22512, 26.343090000000004], [94.22640000000001, 26.340790000000002], [94.22640000000001, 26.33432]]]}}, {"id": "67", "type": "Feature", "properties": {"state_name": "Nagaland", "district_name": "Wokha", "block_name": "Chukitong", "block_lgd": 1791, "district_lgd": 250}, "geometry": {"type": "Polygon", "coordinates": [[[94.33878000000001, 26.173090000000002], [94.34294000000001, 26.171870000000002], [94.34615000000001, 26.17254], [94.34772000000001, 26.169770000000003], [94.34685, 26.16317], [94.34752, 26.155490000000004], [94.35069000000001, 26.155590000000004], [94.35272, 26.15248], [94.35677000000001, 26.150760000000002], [94.36070000000001, 26.147240000000004], [94.36112000000001, 26.14581], [94.36009000000001, 26.142920000000004], [94.36269, 26.140390000000004], [94.36341, 26.134970000000003], [94.36594000000001, 26.13531], [94.36859000000001, 26.131100000000004], [94.37687000000001, 26.130100000000002], [94.37866000000001, 26.126690000000004], [94.38304000000001, 26.126520000000003], [94.38524000000001, 26.12516], [94.38528000000001, 26.12168], [94.38695000000001, 26.11587], [94.38690000000001, 26.110930000000003], [94.38644000000001, 26.109460000000002], [94.38236, 26.10797], [94.38312, 26.105140000000002], [94.38287000000001, 26.10337], [94.37987000000001, 26.100550000000002], [94.38119, 26.097160000000002], [94.38094000000001, 26.094170000000002], [94.38347, 26.09577], [94.38443000000001, 26.095530000000004], [94.38350000000001, 26.092450000000003], [94.38527, 26.089370000000002], [94.38332000000001, 26.087080000000004], [94.38537000000001, 26.085890000000003], [94.39000000000001, 26.085530000000002], [94.39057000000001, 26.08405], [94.38685000000001, 26.078560000000003], [94.38749000000001, 26.074980000000004], [94.38526, 26.073220000000003], [94.3823, 26.072820000000004], [94.38075, 26.06792], [94.37840000000001, 26.06726], [94.37505, 26.056690000000003], [94.37373000000001, 26.05545], [94.36565, 26.059500000000003], [94.36194, 26.0604], [94.35866000000001, 26.05861], [94.35395000000001, 26.060660000000002], [94.34825000000001, 26.061420000000002], [94.34041, 26.066290000000002], [94.33356, 26.06821], [94.32985000000001, 26.06706], [94.32429, 26.068980000000003], [94.32115, 26.0709], [94.32144000000001, 26.07411], [94.32016, 26.075260000000004], [94.31017000000001, 26.077050000000003], [94.30133000000001, 26.07513], [94.29862000000001, 26.081280000000003], [94.29848000000001, 26.08743], [94.29377000000001, 26.093570000000003], [94.29092000000001, 26.095370000000003], [94.29064000000001, 26.106130000000004], [94.28835000000001, 26.111760000000004], [94.28265, 26.1124], [94.28108, 26.12085], [94.28236000000001, 26.124440000000003], [94.28294000000001, 26.130070000000003], [94.28236000000001, 26.133910000000004], [94.28008000000001, 26.134040000000002], [94.27638, 26.13878], [94.27837000000001, 26.142360000000004], [94.27526, 26.145290000000003], [94.27675, 26.147560000000002], [94.27794, 26.154390000000003], [94.27984000000001, 26.156740000000003], [94.28317000000001, 26.1593], [94.28555, 26.159720000000004], [94.29196, 26.15866], [94.29458000000001, 26.161640000000002], [94.29315000000001, 26.167830000000002], [94.29458000000001, 26.170820000000003], [94.29814, 26.172950000000004], [94.30599000000001, 26.171670000000002], [94.3105, 26.177640000000004], [94.31027, 26.181060000000002], [94.31217000000001, 26.184040000000003], [94.31597000000001, 26.186600000000002], [94.32191, 26.18767], [94.32591000000001, 26.190590000000004], [94.33408000000001, 26.184060000000002], [94.33568000000001, 26.178710000000002], [94.33619, 26.175030000000003], [94.33486, 26.172430000000002], [94.33878000000001, 26.173090000000002]]]}}, {"id": "68", "type": "Feature", "properties": {"state_name": "Nagaland", "district_name": "Dimapur", "block_name": "Niuland", "block_lgd": 1792, "district_lgd": 244}, "geometry": {"type": "Polygon", "coordinates": [[[93.98357000000001, 25.9678], [93.98856, 25.968120000000003], [93.99391000000001, 25.96459], [94.00496000000001, 25.96075], [94.021, 25.9479], [94.02243000000001, 25.941190000000002], [94.01708, 25.935740000000003], [94.01316000000001, 25.929650000000002], [94.01458000000001, 25.924840000000003], [94.01316000000001, 25.918750000000003], [94.00710000000001, 25.915860000000002], [94.00496000000001, 25.91907], [93.99925, 25.92003], [93.99569000000001, 25.914260000000002], [93.99533000000001, 25.90913], [93.99676000000001, 25.904000000000003], [94.00139, 25.901110000000003], [93.99925, 25.897260000000003], [93.99355000000001, 25.89213], [93.98713000000001, 25.890530000000002], [93.98402, 25.892940000000003], [93.97879, 25.894230000000004], [93.97261, 25.89786], [93.96976000000001, 25.90107], [93.96646000000001, 25.905690000000003], [93.97121000000001, 25.912760000000002], [93.97594000000001, 25.91431], [93.9787, 25.91673], [93.97799, 25.92807], [93.96996000000001, 25.936780000000002], [93.96871, 25.95726], [93.95415000000001, 25.969260000000002], [93.96503000000001, 25.97293], [93.97144, 25.970360000000003], [93.97644000000001, 25.972610000000003], [93.98357000000001, 25.9678]]]}}, {"id": "69", "type": "Feature", "properties": {"state_name": "Nagaland", "district_name": "Dimapur", "block_name": "Kuhoboto", "block_lgd": 1794, "district_lgd": 244}, "geometry": {"type": "Polygon", "coordinates": [[[93.85857000000001, 25.853690000000004], [93.86918000000001, 25.85093], [93.87611000000001, 25.842480000000002], [93.8747, 25.836990000000004], [93.85984, 25.826290000000004], [93.84707, 25.81961], [93.84113, 25.814790000000002], [93.82954000000001, 25.810250000000003], [93.8233, 25.819070000000004], [93.81742000000001, 25.824790000000004], [93.82039, 25.837310000000002], [93.82437, 25.84166], [93.82526000000001, 25.844400000000004], [93.82972000000001, 25.846510000000002], [93.83048000000001, 25.84925], [93.83702000000001, 25.8535], [93.83970000000001, 25.856610000000003], [93.84519, 25.858290000000004], [93.84814, 25.85705], [93.85226, 25.858230000000002], [93.85857000000001, 25.853690000000004]]]}}, {"id": "70", "type": "Feature", "properties": {"state_name": "Nagaland", "district_name": "Dimapur", "block_name": "Dimapur Sadar", "block_lgd": 1796, "district_lgd": 244}, "geometry": {"type": "Polygon", "coordinates": [[[93.76710000000001, 25.950390000000002], [93.76912, 25.9464], [93.76836, 25.942470000000004], [93.76570000000001, 25.936480000000003], [93.75885000000001, 25.930670000000003], [93.75163, 25.92622], [93.74592000000001, 25.92075], [93.74611, 25.912540000000003], [93.74497000000001, 25.904840000000004], [93.73908, 25.899710000000002], [93.73927, 25.894750000000002], [93.73490000000001, 25.892190000000003], [93.73566000000001, 25.88774], [93.73509000000001, 25.88398], [93.73623, 25.876450000000002], [93.73261000000001, 25.872000000000003], [93.73242, 25.86738], [93.73033000000001, 25.865160000000003], [93.72634000000001, 25.86379], [93.72311, 25.864300000000004], [93.72045000000001, 25.8667], [93.71873000000001, 25.869780000000002], [93.71664000000001, 25.87029], [93.71398, 25.869780000000002], [93.71303, 25.867890000000003], [93.71284000000001, 25.86379], [93.71170000000001, 25.860540000000004], [93.71208000000001, 25.85694], [93.71455, 25.850440000000003], [93.71432, 25.844510000000003], [93.70208000000001, 25.851540000000004], [93.68153000000001, 25.904390000000003], [93.68353, 25.903380000000002], [93.68477000000001, 25.9037], [93.68779, 25.907560000000004], [93.69007, 25.907660000000003], [93.69127, 25.909850000000002], [93.69398000000001, 25.911720000000003], [93.70088000000001, 25.910660000000004], [93.70545000000001, 25.914920000000002], [93.70511, 25.916940000000004], [93.70706000000001, 25.919], [93.71112000000001, 25.91709], [93.71362, 25.91681], [93.71567, 25.918680000000002], [93.71869000000001, 25.919850000000004], [93.72600000000001, 25.920920000000002], [93.72809000000001, 25.920560000000002], [93.72987, 25.92236], [93.73361000000001, 25.923000000000002], [93.73386, 25.92385], [93.73603000000001, 25.92275], [93.73697000000001, 25.92508], [93.73869, 25.925620000000002], [93.73658, 25.92779], [93.73952000000001, 25.929920000000003], [93.73953, 25.931790000000003], [93.74286000000001, 25.93222], [93.74764, 25.93492], [93.74956, 25.934420000000003], [93.74997, 25.9325], [93.75241000000001, 25.9339], [93.75147000000001, 25.936400000000003], [93.7462, 25.9387], [93.74518, 25.94076], [93.74538000000001, 25.942780000000003], [93.74714, 25.94318], [93.74918000000001, 25.940920000000002], [93.75115000000001, 25.94114], [93.75246000000001, 25.942120000000003], [93.75197000000001, 25.94506], [93.75302, 25.94668], [93.75601, 25.945310000000003], [93.75872000000001, 25.945700000000002], [93.75903000000001, 25.947110000000002], [93.75771, 25.95136], [93.7582, 25.95239], [93.75952000000001, 25.952640000000002], [93.76181000000001, 25.951140000000002], [93.76320000000001, 25.954310000000003], [93.7646, 25.95437], [93.76411, 25.950960000000002], [93.76710000000001, 25.950390000000002]]]}}, {"id": "71", "type": "Feature", "properties": {"state_name": "Nagaland", "district_name": "Dimapur", "block_name": "Dhansiripar", "block_lgd": 1798, "district_lgd": 244}, "geometry": {"type": "Polygon", "coordinates": [[[93.68396000000001, 25.816660000000002], [93.68515000000001, 25.81265], [93.68337000000001, 25.806770000000004], [93.68515000000001, 25.80356], [93.68901000000001, 25.80169], [93.69228000000001, 25.80329], [93.69614000000001, 25.79821], [93.69733000000001, 25.79259], [93.69614000000001, 25.788580000000003], [93.69674, 25.78564], [93.70060000000001, 25.781090000000003], [93.70624000000001, 25.781090000000003], [93.70743, 25.77494], [93.71634, 25.768780000000003], [93.73476000000001, 25.749250000000004], [93.73375, 25.74566], [93.73732000000001, 25.741600000000002], [93.73233, 25.73796], [93.73637000000001, 25.729820000000004], [93.74089000000001, 25.730030000000003], [93.74184000000001, 25.725320000000004], [93.74089000000001, 25.721470000000004], [93.7416, 25.718040000000002], [93.74445000000001, 25.715470000000003], [93.74469, 25.71226], [93.74350000000001, 25.711620000000003], [93.73898000000001, 25.711830000000003], [93.73851, 25.711190000000002], [93.73922, 25.70776], [93.73756, 25.703480000000003], [93.73993, 25.70091], [93.74065, 25.69534], [93.73993, 25.6902], [93.74136000000001, 25.685280000000002], [93.74397, 25.682280000000002], [93.74588000000001, 25.681630000000002], [93.75015, 25.682710000000004], [93.75491000000001, 25.681630000000002], [93.75847, 25.678210000000004], [93.75800000000001, 25.67285], [93.76796, 25.66646], [93.73302000000001, 25.67771], [93.71519, 25.67771], [93.71234000000001, 25.67707], [93.70985, 25.67321], [93.70450000000001, 25.675140000000003], [93.69915, 25.669030000000003], [93.69523000000001, 25.6716], [93.68275000000001, 25.67], [93.68061, 25.67771], [93.67598000000001, 25.687030000000004], [93.67491000000001, 25.691850000000002], [93.67812, 25.700840000000003], [93.67526000000001, 25.703090000000003], [93.67134, 25.70341], [93.66457000000001, 25.696990000000003], [93.63961, 25.680280000000003], [93.62962, 25.67273], [93.62209000000001, 25.67341], [93.61441, 25.672860000000004], [93.60251000000001, 25.67517], [93.59604, 25.678020000000004], [93.59182000000001, 25.681410000000003], [93.58565, 25.688340000000004], [93.58038, 25.690640000000002], [93.56396000000001, 25.68888], [93.56110000000001, 25.69037], [93.55478000000001, 25.69105], [93.55086000000001, 25.692950000000003], [93.54725, 25.696340000000003], [93.55026000000001, 25.704760000000004], [93.55056, 25.70774], [93.54808000000001, 25.7113], [93.54721, 25.7129], [93.54319000000001, 25.714640000000003], [93.54305000000001, 25.72096], [93.53955, 25.72256], [93.54306000000001, 25.72585], [93.54245, 25.73094], [93.54588000000001, 25.73147], [93.54767000000001, 25.729390000000002], [93.54943, 25.72932], [93.54958, 25.732740000000003], [93.55526, 25.73363], [93.55536000000001, 25.73476], [93.55397, 25.736770000000003], [93.55430000000001, 25.737830000000002], [93.55828000000001, 25.73872], [93.55952, 25.736800000000002], [93.56155000000001, 25.737820000000003], [93.56351000000001, 25.74472], [93.56621000000001, 25.745900000000002], [93.56697000000001, 25.74725], [93.56633000000001, 25.75475], [93.56833, 25.754990000000003], [93.57029000000001, 25.752760000000002], [93.57322, 25.75412], [93.57243000000001, 25.75644], [93.56827000000001, 25.75681], [93.56757, 25.758100000000002], [93.57147, 25.75879], [93.57442, 25.756410000000002], [93.57683, 25.756870000000003], [93.57766000000001, 25.75449], [93.58017000000001, 25.75653], [93.58537000000001, 25.757900000000003], [93.58235, 25.760430000000003], [93.58431, 25.764730000000004], [93.58592, 25.766150000000003], [93.58951, 25.766050000000003], [93.59023, 25.763070000000003], [93.59109000000001, 25.76247], [93.59394, 25.76368], [93.59851, 25.768800000000002], [93.59997000000001, 25.76808], [93.60056, 25.76516], [93.60287000000001, 25.765220000000003], [93.60255000000001, 25.76838], [93.60504, 25.774900000000002], [93.60698000000001, 25.77521], [93.61029, 25.773750000000003], [93.61272000000001, 25.776560000000003], [93.61742000000001, 25.775990000000004], [93.61838, 25.778550000000003], [93.62010000000001, 25.780230000000003], [93.61877000000001, 25.781560000000002], [93.61844, 25.783600000000003], [93.62252000000001, 25.78497], [93.62320000000001, 25.78733], [93.62675, 25.789610000000003], [93.62561000000001, 25.79391], [93.6234, 25.797300000000003], [93.62453000000001, 25.79801], [93.62663, 25.79716], [93.62776000000001, 25.79888], [93.62503000000001, 25.801360000000003], [93.6247, 25.802560000000003], [93.62626, 25.80301], [93.62951000000001, 25.801560000000002], [93.63295000000001, 25.802870000000002], [93.63305000000001, 25.804190000000002], [93.63170000000001, 25.80664], [93.63495, 25.80927], [93.63334, 25.81171], [93.63860000000001, 25.809790000000003], [93.63919000000001, 25.811370000000004], [93.63807000000001, 25.81378], [93.63816000000001, 25.815630000000002], [93.63916, 25.81622], [93.64340000000001, 25.81574], [93.64429000000001, 25.818630000000002], [93.64651, 25.819730000000003], [93.64623, 25.822370000000003], [93.6516, 25.819860000000002], [93.65285, 25.820470000000004], [93.65359000000001, 25.823200000000003], [93.65481000000001, 25.82364], [93.65837, 25.823010000000004], [93.66054000000001, 25.821610000000003], [93.66496000000001, 25.82318], [93.66829000000001, 25.821830000000002], [93.66860000000001, 25.82269], [93.66708000000001, 25.824840000000002], [93.66764, 25.825960000000002], [93.67104, 25.824050000000003], [93.67206, 25.824830000000002], [93.67182000000001, 25.826800000000002], [93.67262000000001, 25.827640000000002], [93.67763000000001, 25.827790000000004], [93.68396000000001, 25.816660000000002]]]}}, {"id": "72", "type": "Feature", "properties": {"state_name": "Nagaland", "district_name": "Phek", "block_name": "Sekruzu", "block_lgd": 1800, "district_lgd": 248}, "geometry": {"type": "Polygon", "coordinates": [[[94.38014000000001, 25.855480000000004], [94.38292000000001, 25.856040000000004], [94.38592000000001, 25.853920000000002], [94.39044000000001, 25.853050000000003], [94.39461000000001, 25.850720000000003], [94.40216000000001, 25.849870000000003], [94.40336, 25.84796], [94.41266, 25.84796], [94.41555000000001, 25.84974], [94.41820000000001, 25.84906], [94.41933, 25.847160000000002], [94.42490000000001, 25.847510000000003], [94.42729000000001, 25.84852], [94.43026, 25.845860000000002], [94.43388, 25.843970000000002], [94.43904, 25.845730000000003], [94.44568000000001, 25.8424], [94.44785, 25.842650000000003], [94.45202, 25.84483], [94.4543, 25.844420000000003], [94.45787000000001, 25.845910000000003], [94.46104000000001, 25.84608], [94.46303, 25.846280000000004], [94.46212000000001, 25.841920000000002], [94.46520000000001, 25.83679], [94.46417000000001, 25.833440000000003], [94.46490000000001, 25.831170000000004], [94.46645000000001, 25.829990000000002], [94.47025000000001, 25.82994], [94.46587000000001, 25.825680000000002], [94.45696000000001, 25.820330000000002], [94.44805000000001, 25.811780000000002], [94.44151000000001, 25.80215], [94.44062000000001, 25.78931], [94.44092, 25.77727], [94.43854, 25.768980000000003], [94.43349, 25.765230000000003], [94.4222, 25.76095], [94.41615, 25.755670000000002], [94.41463, 25.752930000000003], [94.41026000000001, 25.75053], [94.4017, 25.74163], [94.38991000000001, 25.736320000000003], [94.38380000000001, 25.736790000000003], [94.37310000000001, 25.732290000000003], [94.36835, 25.726940000000003], [94.36466, 25.72491], [94.36002, 25.72923], [94.3549, 25.735870000000002], [94.35099000000001, 25.745780000000003], [94.34647000000001, 25.750390000000003], [94.34782000000001, 25.75391], [94.34626, 25.75532], [94.34135, 25.755000000000003], [94.33819000000001, 25.753510000000002], [94.33608000000001, 25.754590000000004], [94.33097000000001, 25.75748], [94.33207, 25.760640000000002], [94.32274000000001, 25.765310000000003], [94.32145000000001, 25.767840000000003], [94.31987000000001, 25.76901], [94.32022, 25.770400000000002], [94.31955, 25.77138], [94.31707, 25.77286], [94.31733000000001, 25.776940000000003], [94.31576000000001, 25.778950000000002], [94.31785, 25.78424], [94.32282000000001, 25.78854], [94.32450000000001, 25.793680000000002], [94.32450000000001, 25.798510000000004], [94.32643, 25.803340000000002], [94.32649, 25.805670000000003], [94.32704000000001, 25.806530000000002], [94.32859, 25.80673], [94.32993, 25.810060000000004], [94.33296000000001, 25.811560000000004], [94.33387, 25.81745], [94.3366, 25.823380000000004], [94.33602, 25.8256], [94.33666000000001, 25.826330000000002], [94.33956, 25.82495], [94.34368, 25.81906], [94.34783, 25.820660000000004], [94.34959, 25.819450000000003], [94.35411, 25.820660000000004], [94.35336000000001, 25.81914], [94.35393, 25.81875], [94.36133000000001, 25.821250000000003], [94.36524000000001, 25.826710000000002], [94.37095000000001, 25.827090000000002], [94.37481000000001, 25.83256], [94.37561000000001, 25.836470000000002], [94.37426, 25.838680000000004], [94.37469, 25.843420000000002], [94.37395000000001, 25.84737], [94.37237, 25.847790000000003], [94.37181000000001, 25.850780000000004], [94.36975000000001, 25.85171], [94.37015000000001, 25.85425], [94.37121, 25.856620000000003], [94.37732000000001, 25.85649], [94.38014000000001, 25.855480000000004]]]}}, {"id": "73", "type": "Feature", "properties": {"state_name": "Nagaland", "district_name": "Phek", "block_name": "Phek Sadar", "block_lgd": 1801, "district_lgd": 248}, "geometry": {"type": "Polygon", "coordinates": [[[94.55158, 25.75138], [94.55180000000001, 25.746180000000003], [94.55327000000001, 25.738010000000003], [94.55585, 25.73657], [94.55751000000001, 25.73372], [94.55972000000001, 25.73203], [94.56321000000001, 25.733110000000003], [94.57015000000001, 25.73804], [94.57285, 25.741270000000004], [94.57717000000001, 25.743920000000003], [94.58218000000001, 25.748990000000003], [94.58083, 25.74154], [94.58038, 25.729760000000002], [94.56857000000001, 25.692090000000004], [94.56355, 25.686670000000003], [94.56063, 25.67526], [94.54776000000001, 25.66187], [94.54731000000001, 25.656920000000003], [94.54028000000001, 25.652020000000004], [94.53507, 25.645560000000003], [94.52709, 25.644630000000003], [94.5262, 25.63708], [94.52373000000001, 25.638800000000003], [94.51974000000001, 25.63793], [94.51004, 25.625010000000003], [94.50643000000001, 25.624430000000004], [94.50421000000001, 25.621440000000003], [94.50332, 25.613480000000003], [94.50091, 25.611520000000002], [94.49737, 25.61457], [94.49547000000001, 25.613360000000004], [94.49483000000001, 25.611050000000002], [94.48897000000001, 25.608890000000002], [94.48673000000001, 25.61437], [94.46962, 25.61625], [94.44485, 25.595740000000003], [94.44340000000001, 25.59269], [94.43986000000001, 25.590670000000003], [94.43333000000001, 25.59054], [94.4256, 25.587410000000002], [94.42637, 25.590870000000002], [94.42798, 25.591990000000003], [94.42665000000001, 25.596190000000004], [94.42732000000001, 25.600990000000003], [94.42684000000001, 25.603130000000004], [94.42247, 25.605020000000003], [94.42085, 25.606990000000003], [94.41838000000001, 25.607080000000003], [94.41629, 25.60836], [94.41553, 25.61025], [94.41677000000001, 25.612140000000004], [94.41677000000001, 25.614020000000004], [94.41382, 25.61342], [94.41258, 25.613940000000003], [94.41258, 25.61719], [94.40792, 25.616590000000002], [94.40678000000001, 25.619850000000003], [94.40735000000001, 25.622940000000003], [94.41021, 25.62619], [94.41448000000001, 25.62705], [94.41572000000001, 25.629620000000003], [94.42209000000001, 25.63228], [94.42285000000001, 25.63605], [94.42561, 25.641370000000002], [94.42608000000001, 25.64617], [94.42837, 25.649680000000004], [94.42884000000001, 25.65305], [94.42693000000001, 25.65519], [94.41969, 25.65969], [94.41505000000001, 25.66119], [94.40305000000001, 25.667720000000003], [94.40138, 25.670510000000004], [94.39616000000001, 25.6735], [94.39366000000001, 25.6765], [94.39164000000001, 25.675860000000004], [94.39128000000001, 25.6779], [94.38902, 25.681320000000003], [94.38938, 25.685290000000002], [94.38748000000001, 25.686890000000002], [94.38439000000001, 25.687430000000003], [94.38308, 25.68946], [94.38082000000001, 25.69011], [94.37845, 25.686890000000002], [94.36847, 25.681], [94.36526, 25.684320000000003], [94.36597, 25.687640000000002], [94.36538, 25.691070000000003], [94.36371000000001, 25.693], [94.36347, 25.6945], [94.3649, 25.695570000000004], [94.36193, 25.700280000000003], [94.36276000000001, 25.703380000000003], [94.36074, 25.704880000000003], [94.35967000000001, 25.707240000000002], [94.36145, 25.708520000000004], [94.36038, 25.710880000000003], [94.36074, 25.713130000000003], [94.36179000000001, 25.714090000000002], [94.36181, 25.716880000000003], [94.36318000000001, 25.71871], [94.3687, 25.72052], [94.36989000000001, 25.721690000000002], [94.36930000000001, 25.72287], [94.36466, 25.722340000000003], [94.36466, 25.72491], [94.36835, 25.726940000000003], [94.37310000000001, 25.732290000000003], [94.38380000000001, 25.736790000000003], [94.38991000000001, 25.736320000000003], [94.4017, 25.74163], [94.41026000000001, 25.75053], [94.41463, 25.752930000000003], [94.41615, 25.755670000000002], [94.4222, 25.76095], [94.43349, 25.765230000000003], [94.43854, 25.768980000000003], [94.44883, 25.77304], [94.45215, 25.77175], [94.45928, 25.7649], [94.46285, 25.758910000000004], [94.46927000000001, 25.753770000000003], [94.47378, 25.7512], [94.47640000000001, 25.748420000000003], [94.4821, 25.74799], [94.48685, 25.748210000000004], [94.49208, 25.758270000000003], [94.49826, 25.76105], [94.51633000000001, 25.759120000000003], [94.52013000000001, 25.757410000000004], [94.54057, 25.760410000000004], [94.55343, 25.76422], [94.55232000000001, 25.754720000000002], [94.55158, 25.75138]]]}}, {"id": "74", "type": "Feature", "properties": {"state_name": "Nagaland", "district_name": "Kiphire", "block_name": "Khongsa", "block_lgd": 1842, "district_lgd": 614}, "geometry": {"type": "Polygon", "coordinates": [[[94.96542000000001, 25.836260000000003], [94.9688, 25.835620000000002], [94.97451000000001, 25.8301], [94.97447000000001, 25.828400000000002], [94.97340000000001, 25.826860000000003], [94.97483000000001, 25.822940000000003], [94.97985000000001, 25.826220000000003], [94.98805, 25.827890000000004], [94.99536, 25.826060000000002], [94.99633000000001, 25.82278], [94.99772, 25.82176], [95.00025000000001, 25.821790000000004], [95.00289000000001, 25.81932], [95.00492000000001, 25.819740000000003], [95.00613000000001, 25.821180000000002], [95.00945, 25.82147], [95.03354, 25.81905], [95.03348000000001, 25.814000000000004], [95.03881000000001, 25.809890000000003], [95.04668000000001, 25.801750000000002], [95.04888000000001, 25.801440000000003], [95.04997, 25.79999], [95.05001000000001, 25.792910000000003], [95.04612, 25.78451], [95.04663000000001, 25.778940000000002], [95.04403, 25.773740000000004], [95.04465, 25.77297], [95.04462000000001, 25.769830000000002], [95.04897000000001, 25.75936], [95.04513000000001, 25.75523], [95.04462000000001, 25.751340000000003], [95.04275000000001, 25.7498], [95.03987000000001, 25.741170000000004], [95.03722, 25.739520000000002], [95.03421, 25.73994], [95.02809, 25.737800000000004], [95.02592000000001, 25.735670000000002], [95.0246, 25.732590000000002], [95.02272, 25.73166], [95.02064000000001, 25.732380000000003], [95.01518, 25.73241], [95.00386, 25.729360000000003], [94.99723, 25.724980000000002], [94.99613000000001, 25.72314], [94.97588, 25.729640000000003], [94.95201, 25.744470000000003], [94.92691, 25.763820000000003], [94.90442, 25.77278], [94.89320000000001, 25.78461], [94.88976000000001, 25.786030000000004], [94.87545, 25.78648], [94.87286, 25.78834], [94.86915, 25.789510000000003], [94.86656, 25.79202], [94.8768, 25.802680000000002], [94.88690000000001, 25.810250000000003], [94.90421, 25.813190000000002], [94.92494, 25.824060000000003], [94.94904000000001, 25.840270000000004], [94.95964000000001, 25.84008], [94.96542000000001, 25.836260000000003]]]}}, {"id": "75", "type": "Feature", "properties": {"state_name": "Nagaland", "district_name": "Phek", "block_name": "Khuza", "block_lgd": 1802, "district_lgd": 248}, "geometry": {"type": "Polygon", "coordinates": [[[94.49498000000001, 25.831480000000003], [94.50077, 25.8256], [94.50678, 25.82224], [94.51117, 25.81679], [94.51571000000001, 25.814860000000003], [94.51744000000001, 25.81518], [94.51786000000001, 25.81643], [94.51466, 25.818420000000003], [94.51480000000001, 25.82138], [94.51817000000001, 25.825020000000002], [94.52495, 25.82288], [94.52949000000001, 25.82243], [94.54229000000001, 25.81133], [94.54099000000001, 25.802680000000002], [94.54157000000001, 25.800310000000003], [94.53852, 25.79651], [94.53881000000001, 25.791760000000004], [94.53537000000001, 25.784360000000003], [94.53642, 25.782470000000004], [94.54041000000001, 25.781360000000003], [94.54903, 25.781820000000003], [94.55341000000001, 25.77973], [94.55467, 25.775150000000004], [94.55343, 25.76422], [94.54057, 25.760410000000004], [94.52013000000001, 25.757410000000004], [94.51633000000001, 25.759120000000003], [94.49826, 25.76105], [94.49208, 25.758270000000003], [94.48685, 25.748210000000004], [94.4821, 25.74799], [94.47640000000001, 25.748420000000003], [94.47378, 25.7512], [94.46927000000001, 25.753770000000003], [94.46285, 25.758910000000004], [94.45928, 25.7649], [94.45215, 25.77175], [94.44883, 25.77304], [94.43854, 25.768980000000003], [94.44092, 25.77727], [94.44062000000001, 25.78931], [94.44151000000001, 25.80215], [94.44805000000001, 25.811780000000002], [94.45696000000001, 25.820330000000002], [94.46587000000001, 25.825680000000002], [94.47025000000001, 25.82994], [94.47244, 25.83238], [94.47523000000001, 25.8321], [94.48129, 25.8331], [94.48412, 25.83236], [94.49498000000001, 25.831480000000003]]]}}, {"id": "76", "type": "Feature", "properties": {"state_name": "Nagaland", "district_name": "Tuensang", "block_name": "Sangsangnyu", "block_lgd": 1819, "district_lgd": 249}, "geometry": {"type": "Polygon", "coordinates": [[[94.93721000000001, 26.29914], [94.93381000000001, 26.28318], [94.94222, 26.26894], [94.93861000000001, 26.267170000000004], [94.93423000000001, 26.266630000000003], [94.92634000000001, 26.25693], [94.92359, 26.255630000000004], [94.91758, 26.254550000000002], [94.91544, 26.251780000000004], [94.91269000000001, 26.25016], [94.90479, 26.24801], [94.90239000000001, 26.24423], [94.90119000000001, 26.238920000000004], [94.89038000000001, 26.22191], [94.8872, 26.21336], [94.88797000000001, 26.21036], [94.89080000000001, 26.20735], [94.88926000000001, 26.20081], [94.89080000000001, 26.198190000000004], [94.88745, 26.194450000000003], [94.87648, 26.186790000000002], [94.87392000000001, 26.183550000000004], [94.87, 26.181120000000004], [94.86639000000001, 26.177200000000003], [94.86353000000001, 26.17639], [94.86172, 26.17395], [94.86232000000001, 26.17152], [94.86172, 26.1703], [94.85118000000001, 26.166110000000003], [94.84771, 26.166520000000002], [94.84561000000001, 26.164900000000003], [94.84154000000001, 26.165440000000004], [94.83881000000001, 26.168010000000002], [94.83808, 26.169490000000003], [94.83196000000001, 26.173060000000003], [94.83632000000001, 26.17875], [94.83225, 26.181720000000002], [94.83285000000001, 26.184690000000003], [94.83481, 26.18821], [94.84438, 26.192870000000003], [94.83794, 26.19684], [94.83357000000001, 26.202790000000004], [94.82665, 26.215760000000003], [94.82454000000001, 26.22238], [94.82740000000001, 26.230480000000004], [94.83026000000001, 26.234530000000003], [94.83342, 26.244400000000002], [94.83372000000001, 26.248720000000002], [94.83568000000001, 26.253850000000003], [94.83884, 26.259120000000003], [94.83945000000001, 26.264110000000002], [94.84125, 26.265330000000002], [94.84140000000001, 26.27006], [94.84562000000001, 26.27438], [94.84698, 26.2787], [94.84713, 26.283420000000003], [94.85195, 26.28612], [94.85134000000001, 26.287740000000003], [94.84848000000001, 26.28909], [94.84939000000001, 26.29342], [94.85210000000001, 26.295440000000003], [94.85375, 26.294770000000003], [94.86098000000001, 26.301520000000004], [94.86414, 26.30057], [94.8649, 26.29841], [94.86354000000001, 26.296120000000002], [94.86399, 26.29436], [94.86595000000001, 26.29436], [94.86896, 26.296120000000002], [94.86987, 26.29895], [94.87167000000001, 26.299490000000002], [94.87363, 26.299220000000002], [94.87378000000001, 26.297870000000003], [94.87815, 26.29801], [94.87920000000001, 26.29963], [94.87905, 26.30111], [94.87815, 26.30327], [94.87423000000001, 26.30543], [94.87484, 26.307190000000002], [94.87709000000001, 26.308270000000004], [94.87920000000001, 26.308000000000003], [94.88086000000001, 26.306240000000003], [94.88342, 26.306510000000003], [94.88944000000001, 26.313940000000002], [94.89276000000001, 26.314610000000002], [94.89321000000001, 26.317850000000004], [94.89532000000001, 26.322440000000004], [94.90293000000001, 26.336740000000002], [94.91120000000001, 26.325270000000003], [94.91300000000001, 26.320040000000002], [94.918, 26.317600000000002], [94.92169000000001, 26.314300000000003], [94.92903000000001, 26.31032], [94.93072000000001, 26.307630000000003], [94.93426000000001, 26.30476], [94.93609000000001, 26.30151], [94.93721000000001, 26.29914]]]}}, {"id": "77", "type": "Feature", "properties": {"state_name": "Nagaland", "district_name": "Phek", "block_name": "Meluri", "block_lgd": 1803, "district_lgd": 248}, "geometry": {"type": "Polygon", "coordinates": [[[94.66771000000001, 25.77305], [94.67500000000001, 25.77063], [94.67802, 25.770360000000004], [94.67932, 25.76903], [94.68289000000001, 25.767650000000003], [94.69000000000001, 25.76085], [94.69582000000001, 25.75749], [94.7043, 25.759040000000002], [94.71291000000001, 25.759470000000004], [94.71623000000001, 25.755160000000004], [94.71369000000001, 25.741220000000002], [94.71570000000001, 25.738770000000002], [94.71665, 25.734260000000003], [94.7163, 25.732180000000003], [94.71757000000001, 25.727940000000004], [94.71878000000001, 25.72784], [94.71912, 25.725510000000003], [94.71633000000001, 25.722350000000002], [94.71211000000001, 25.720530000000004], [94.70914, 25.71786], [94.70765, 25.713040000000003], [94.70914, 25.708750000000002], [94.70855, 25.705540000000003], [94.70557000000001, 25.70447], [94.70112, 25.70501], [94.69785, 25.704200000000004], [94.69874, 25.700460000000003], [94.69636000000001, 25.69751], [94.69547000000001, 25.69216], [94.6928, 25.68814], [94.6928, 25.683590000000002], [94.69102000000001, 25.68145], [94.68983000000001, 25.674480000000003], [94.68715, 25.672610000000002], [94.68537, 25.6627], [94.68894, 25.657610000000002], [94.68805, 25.65333], [94.69013000000001, 25.65012], [94.69815000000001, 25.643690000000003], [94.71092, 25.64074], [94.72637, 25.638330000000003], [94.72934000000001, 25.635920000000002], [94.72429000000001, 25.630830000000003], [94.71241, 25.614490000000004], [94.69666000000001, 25.603240000000003], [94.69429000000001, 25.591980000000003], [94.67765000000001, 25.58555], [94.67171, 25.5818], [94.66844, 25.57591], [94.66755, 25.566260000000003], [94.66784000000001, 25.549370000000003], [94.66012, 25.541330000000002], [94.65536, 25.53329], [94.64200000000001, 25.524710000000002], [94.62565000000001, 25.511570000000003], [94.6212, 25.506210000000003], [94.61110000000001, 25.491190000000003], [94.60271, 25.47662], [94.59259, 25.48046], [94.59013, 25.482360000000003], [94.58607, 25.483980000000003], [94.58247, 25.486680000000003], [94.58026000000001, 25.491110000000003], [94.56989, 25.49951], [94.56349, 25.500880000000002], [94.55274000000001, 25.50709], [94.55433000000001, 25.518670000000004], [94.55661, 25.52502], [94.55364, 25.529220000000002], [94.55883000000001, 25.534010000000002], [94.55523000000001, 25.54005], [94.55826, 25.543850000000003], [94.55676000000001, 25.55486], [94.56005, 25.56229], [94.55581000000001, 25.562350000000002], [94.55695000000001, 25.57271], [94.55114, 25.5802], [94.555, 25.588490000000004], [94.56059, 25.596980000000002], [94.56235000000001, 25.598470000000002], [94.56407, 25.60216], [94.56825, 25.605680000000003], [94.57237, 25.61473], [94.57396000000001, 25.620610000000003], [94.57923000000001, 25.628850000000003], [94.58595000000001, 25.63462], [94.59001, 25.63699], [94.59064000000001, 25.63819], [94.58241000000001, 25.640950000000004], [94.57156, 25.639090000000003], [94.57272, 25.64272], [94.57228, 25.64722], [94.57685000000001, 25.651780000000002], [94.57754000000001, 25.655], [94.58071000000001, 25.656160000000003], [94.57893000000001, 25.65961], [94.5811, 25.66439], [94.58287000000001, 25.66618], [94.58084000000001, 25.669240000000002], [94.58364, 25.671650000000003], [94.58548, 25.67563], [94.59245000000001, 25.68129], [94.59113, 25.685660000000002], [94.58257, 25.686290000000003], [94.57852000000001, 25.687610000000003], [94.57415, 25.690430000000003], [94.56857000000001, 25.692090000000004], [94.58038, 25.729760000000002], [94.58083, 25.74154], [94.58218000000001, 25.748990000000003], [94.58433000000001, 25.75006], [94.58564000000001, 25.75512], [94.59597000000001, 25.763430000000003], [94.60134000000001, 25.769940000000002], [94.60491, 25.77673], [94.60683, 25.7786], [94.61252, 25.777440000000002], [94.62206, 25.770750000000003], [94.63571, 25.769370000000002], [94.63879000000001, 25.769540000000003], [94.64288, 25.771210000000004], [94.64603000000001, 25.775720000000003], [94.64929000000001, 25.777310000000003], [94.65788, 25.77784], [94.66214000000001, 25.776370000000004], [94.66771000000001, 25.77305]]]}}, {"id": "78", "type": "Feature", "properties": {"state_name": "Nagaland", "district_name": "Phek", "block_name": "Phor", "block_lgd": 1804, "district_lgd": 248}, "geometry": {"type": "Polygon", "coordinates": [[[94.77229000000001, 25.778810000000004], [94.78055, 25.77711], [94.78410000000001, 25.777880000000003], [94.78942, 25.777690000000003], [94.7929, 25.775460000000002], [94.79635, 25.77495], [94.79842000000001, 25.77211], [94.80358000000001, 25.77063], [94.80964, 25.765050000000002], [94.81344000000001, 25.76443], [94.81697000000001, 25.764680000000002], [94.8204, 25.76284], [94.82264, 25.75927], [94.83000000000001, 25.751710000000003], [94.83151000000001, 25.747780000000002], [94.83420000000001, 25.745810000000002], [94.82770000000001, 25.739300000000004], [94.81565, 25.73347], [94.80872000000001, 25.73102], [94.80616, 25.728180000000002], [94.79547000000001, 25.722340000000003], [94.79276, 25.71664], [94.78734000000001, 25.699550000000002], [94.78704, 25.694390000000002], [94.78252, 25.683670000000003], [94.77740000000001, 25.67987], [94.77439000000001, 25.67648], [94.76776000000001, 25.672400000000003], [94.74954000000001, 25.667520000000003], [94.73870000000001, 25.660600000000002], [94.73644, 25.656660000000002], [94.73659, 25.65245], [94.73478, 25.645390000000003], [94.73252000000001, 25.64186], [94.73162, 25.63792], [94.72934000000001, 25.635920000000002], [94.72637, 25.638330000000003], [94.71092, 25.64074], [94.69815000000001, 25.643690000000003], [94.69013000000001, 25.65012], [94.68805, 25.65333], [94.68894, 25.657610000000002], [94.68537, 25.6627], [94.68715, 25.672610000000002], [94.68983000000001, 25.674480000000003], [94.69102000000001, 25.68145], [94.6928, 25.683590000000002], [94.6928, 25.68814], [94.69547000000001, 25.69216], [94.69636000000001, 25.69751], [94.69874, 25.700460000000003], [94.69785, 25.704200000000004], [94.70112, 25.70501], [94.70557000000001, 25.70447], [94.70855, 25.705540000000003], [94.70914, 25.708750000000002], [94.70765, 25.713040000000003], [94.70914, 25.71786], [94.71211000000001, 25.720530000000004], [94.71633000000001, 25.722350000000002], [94.71935, 25.722], [94.72680000000001, 25.724790000000002], [94.72691, 25.72568], [94.72354000000001, 25.726020000000002], [94.72306, 25.72756], [94.7258, 25.729180000000003], [94.72699, 25.731170000000002], [94.72156000000001, 25.73318], [94.721, 25.734800000000003], [94.72319, 25.73645], [94.7232, 25.7373], [94.72042, 25.73947], [94.72116000000001, 25.740750000000002], [94.72549000000001, 25.742620000000002], [94.72706000000001, 25.74426], [94.72718, 25.74517], [94.72476, 25.744940000000003], [94.72447000000001, 25.746550000000003], [94.72658000000001, 25.749810000000004], [94.7305, 25.750410000000002], [94.72874, 25.753330000000002], [94.72995, 25.75505], [94.73182000000001, 25.754450000000002], [94.73334000000001, 25.755060000000004], [94.73307000000001, 25.76012], [94.73599, 25.76152], [94.73852000000001, 25.764920000000004], [94.74186, 25.765480000000004], [94.73986000000001, 25.768890000000003], [94.74016, 25.77013], [94.74373000000001, 25.770290000000003], [94.74646000000001, 25.77157], [94.74735000000001, 25.77353], [94.7454, 25.775170000000003], [94.74552000000001, 25.77663], [94.74859000000001, 25.775940000000002], [94.74998000000001, 25.778990000000004], [94.75408, 25.779970000000002], [94.75544000000001, 25.782310000000003], [94.75689000000001, 25.781750000000002], [94.75946, 25.778850000000002], [94.77229000000001, 25.778810000000004]]]}}, {"id": "79", "type": "Feature", "properties": {"state_name": "Nagaland", "district_name": "Tuensang", "block_name": "Noklak", "block_lgd": 1821, "district_lgd": 249}, "geometry": {"type": "Polygon", "coordinates": [[[95.05089000000001, 26.21421], [95.04907000000001, 26.214820000000003], [95.04393, 26.211090000000002], [95.04331, 26.20735], [95.03983000000001, 26.20315], [95.03772000000001, 26.202230000000004], [95.03732000000001, 26.197170000000003], [95.03977, 26.196600000000004], [95.03920000000001, 26.192610000000002], [95.03810000000001, 26.19076], [95.03528000000001, 26.19009], [95.02919000000001, 26.186230000000002], [95.02978, 26.184890000000003], [95.02384, 26.182090000000002], [95.02176000000001, 26.18316], [95.01641000000001, 26.1797], [95.0176, 26.177300000000002], [95.01433, 26.175700000000003], [95.01314, 26.17716], [95.00992000000001, 26.17481], [95.00384000000001, 26.181630000000002], [94.99809, 26.193340000000003], [94.99775000000001, 26.1978], [94.99526, 26.20081], [94.99028000000001, 26.203730000000004], [94.98196, 26.21167], [94.97646, 26.215130000000002], [94.96908, 26.21752], [94.96479000000001, 26.21798], [94.95870000000001, 26.216210000000004], [94.95561000000001, 26.217750000000002], [94.95312000000001, 26.21929], [94.95097000000001, 26.219050000000003], [94.94599000000001, 26.22154], [94.94359000000001, 26.22681], [94.94419, 26.22803], [94.94193000000001, 26.230050000000002], [94.94148000000001, 26.233970000000003], [94.94434000000001, 26.235190000000003], [94.94449, 26.23748], [94.94735000000001, 26.240990000000004], [94.95006000000001, 26.24856], [94.96301000000001, 26.25166], [94.98304, 26.259770000000003], [95.00563000000001, 26.272460000000002], [95.10866000000001, 26.31669], [95.12396000000001, 26.323620000000002], [95.12385, 26.324540000000002], [95.12564, 26.324150000000003], [95.12605, 26.323030000000003], [95.12512000000001, 26.321160000000003], [95.12524, 26.317560000000004], [95.12406000000001, 26.315160000000002], [95.12476000000001, 26.312440000000002], [95.1225, 26.307090000000002], [95.12812000000001, 26.30224], [95.12854, 26.295040000000004], [95.12777000000001, 26.291670000000003], [95.12438, 26.28628], [95.12553000000001, 26.28122], [95.12483, 26.276550000000004], [95.12076, 26.27156], [95.11983000000001, 26.264460000000003], [95.12030000000001, 26.26124], [95.12266000000001, 26.259050000000002], [95.12351000000001, 26.25588], [95.1273, 26.253980000000002], [95.12459000000001, 26.25017], [95.12548000000001, 26.246570000000002], [95.12004, 26.241930000000004], [95.11851000000001, 26.238680000000002], [95.11619, 26.23665], [95.11460000000001, 26.23289], [95.11777000000001, 26.227800000000002], [95.08865, 26.222450000000002], [95.08038, 26.22209], [95.05517, 26.216610000000003], [95.05089000000001, 26.21421]]]}}, {"id": "80", "type": "Feature", "properties": {"state_name": "Nagaland", "district_name": "Phek", "block_name": "Phokhungri", "block_lgd": 1805, "district_lgd": 248}, "geometry": {"type": "Polygon", "coordinates": [[[94.86568000000001, 25.60922], [94.86934000000001, 25.60168], [94.87277, 25.59757], [94.87805, 25.58839], [94.88154, 25.585120000000003], [94.88476000000001, 25.584080000000004], [94.89138000000001, 25.57822], [94.89231000000001, 25.575540000000004], [94.89747000000001, 25.57055], [94.89845000000001, 25.565330000000003], [94.88969, 25.566640000000003], [94.88502000000001, 25.56352], [94.88236, 25.563750000000002], [94.87968000000001, 25.56238], [94.87203000000001, 25.563920000000003], [94.86029, 25.56435], [94.85798000000001, 25.563640000000003], [94.85342000000001, 25.564320000000002], [94.84592, 25.561940000000003], [94.84333000000001, 25.557240000000004], [94.84095, 25.556890000000003], [94.84043000000001, 25.555370000000003], [94.83783000000001, 25.553050000000002], [94.83426000000001, 25.552580000000003], [94.83298, 25.54869], [94.82967000000001, 25.54371], [94.82723000000001, 25.5438], [94.82578000000001, 25.542550000000002], [94.8255, 25.539060000000003], [94.82347000000001, 25.533440000000002], [94.82345000000001, 25.529840000000004], [94.82543000000001, 25.523760000000003], [94.82355000000001, 25.521510000000003], [94.82166000000001, 25.52072], [94.81934000000001, 25.517490000000002], [94.81587, 25.51647], [94.81240000000001, 25.51125], [94.80821, 25.498920000000002], [94.80799, 25.493290000000002], [94.80603, 25.49182], [94.80213, 25.491310000000002], [94.79985, 25.4919], [94.79801, 25.49097], [94.79649, 25.491770000000002], [94.79552000000001, 25.490800000000004], [94.78869, 25.48955], [94.78654, 25.487450000000003], [94.78466, 25.481180000000002], [94.78345, 25.480400000000003], [94.77705, 25.481420000000004], [94.76964000000001, 25.480890000000002], [94.76196, 25.48195], [94.75769000000001, 25.491360000000004], [94.75527000000001, 25.49301], [94.75142000000001, 25.49389], [94.74730000000001, 25.48909], [94.74712000000001, 25.485950000000003], [94.74395000000001, 25.48112], [94.73724000000001, 25.4785], [94.7283, 25.476560000000003], [94.72511, 25.473570000000002], [94.71965, 25.472240000000003], [94.71898, 25.469990000000003], [94.71808000000001, 25.46949], [94.71659000000001, 25.470950000000002], [94.70998, 25.4718], [94.70299000000001, 25.467930000000003], [94.70008000000001, 25.468210000000003], [94.69286000000001, 25.465560000000004], [94.68362, 25.466430000000003], [94.68195000000001, 25.459390000000003], [94.6799, 25.4585], [94.68128, 25.455810000000003], [94.68028000000001, 25.454010000000004], [94.66487000000001, 25.449360000000002], [94.66108000000001, 25.44941], [94.65386000000001, 25.45108], [94.65159000000001, 25.452640000000002], [94.64337, 25.45568], [94.62813000000001, 25.459760000000003], [94.62053, 25.463210000000004], [94.60271, 25.47662], [94.61110000000001, 25.491190000000003], [94.6212, 25.506210000000003], [94.62565000000001, 25.511570000000003], [94.64200000000001, 25.524710000000002], [94.65536, 25.53329], [94.66012, 25.541330000000002], [94.66784000000001, 25.549370000000003], [94.66755, 25.566260000000003], [94.66844, 25.57591], [94.67171, 25.5818], [94.67765000000001, 25.58555], [94.69429000000001, 25.591980000000003], [94.69666000000001, 25.603240000000003], [94.71241, 25.614490000000004], [94.72429000000001, 25.630830000000003], [94.72934000000001, 25.635920000000002], [94.73162, 25.63792], [94.73252000000001, 25.64186], [94.73478, 25.645390000000003], [94.73659, 25.65245], [94.73644, 25.656660000000002], [94.73870000000001, 25.660600000000002], [94.74954000000001, 25.667520000000003], [94.76776000000001, 25.672400000000003], [94.77439000000001, 25.67648], [94.77740000000001, 25.67987], [94.78252, 25.683670000000003], [94.78704, 25.694390000000002], [94.78734000000001, 25.699550000000002], [94.79276, 25.71664], [94.79547000000001, 25.722340000000003], [94.80616, 25.728180000000002], [94.80872000000001, 25.73102], [94.81565, 25.73347], [94.82770000000001, 25.739300000000004], [94.83420000000001, 25.745810000000002], [94.83568000000001, 25.743190000000002], [94.83954000000001, 25.741660000000003], [94.84123000000001, 25.74013], [94.84229, 25.737260000000003], [94.84606000000001, 25.731910000000003], [94.84681, 25.729080000000003], [94.85015000000001, 25.727790000000002], [94.85459, 25.72425], [94.8567, 25.71685], [94.85538000000001, 25.71242], [94.85519000000001, 25.708470000000002], [94.85631000000001, 25.705550000000002], [94.85864000000001, 25.702820000000003], [94.85712000000001, 25.692050000000002], [94.85429, 25.688290000000002], [94.85357, 25.68062], [94.85112000000001, 25.67576], [94.85055000000001, 25.67096], [94.84831000000001, 25.66531], [94.84851, 25.65754], [94.84663, 25.653550000000003], [94.84609, 25.65012], [94.84992000000001, 25.63876], [94.85088, 25.63332], [94.84913, 25.62506], [94.85387000000001, 25.618370000000002], [94.85138, 25.61138], [94.85299, 25.608810000000002], [94.86568000000001, 25.60922]]]}}, {"id": "81", "type": "Feature", "properties": {"state_name": "Nagaland", "district_name": "Phek", "block_name": "Chozuba", "block_lgd": 1806, "district_lgd": 248}, "geometry": {"type": "Polygon", "coordinates": [[[94.33819000000001, 25.753510000000002], [94.34135, 25.755000000000003], [94.34626, 25.75532], [94.34782000000001, 25.75391], [94.34647000000001, 25.750390000000003], [94.35099000000001, 25.745780000000003], [94.3549, 25.735870000000002], [94.36002, 25.72923], [94.36466, 25.72491], [94.36466, 25.722340000000003], [94.36930000000001, 25.72287], [94.36989000000001, 25.721690000000002], [94.3687, 25.72052], [94.36318000000001, 25.71871], [94.36181, 25.716880000000003], [94.36179000000001, 25.714090000000002], [94.36074, 25.713130000000003], [94.36038, 25.710880000000003], [94.36145, 25.708520000000004], [94.35967000000001, 25.707240000000002], [94.36074, 25.704880000000003], [94.36276000000001, 25.703380000000003], [94.36193, 25.700280000000003], [94.3649, 25.695570000000004], [94.36347, 25.6945], [94.36371000000001, 25.693], [94.36538, 25.691070000000003], [94.36597, 25.687640000000002], [94.36526, 25.684320000000003], [94.36847, 25.681], [94.3692, 25.67837], [94.36795000000001, 25.67687], [94.36760000000001, 25.673710000000003], [94.3692, 25.673340000000003], [94.36902, 25.670610000000003], [94.36772, 25.669960000000003], [94.36671000000001, 25.666320000000002], [94.36825, 25.66531], [94.36659, 25.66268], [94.36356, 25.662630000000004], [94.36029, 25.656900000000004], [94.35631000000001, 25.656950000000002], [94.35452000000001, 25.654970000000002], [94.35488000000001, 25.65331], [94.35298, 25.652340000000002], [94.35143000000001, 25.65304], [94.34941, 25.652340000000002], [94.34840000000001, 25.651110000000003], [94.34858000000001, 25.64967], [94.34692000000001, 25.64817], [94.34323, 25.648220000000002], [94.34139, 25.64704], [94.34044, 25.64404], [94.33382, 25.644440000000003], [94.33337, 25.64345], [94.33242000000001, 25.64345], [94.32957, 25.644420000000004], [94.32939, 25.64645], [94.32648, 25.64806], [94.32476000000001, 25.647470000000002], [94.32279000000001, 25.64854], [94.32303, 25.65058], [94.32208000000001, 25.65143], [94.31846, 25.652880000000003], [94.31644000000001, 25.65491], [94.3165, 25.65802], [94.3157, 25.660750000000004], [94.3143, 25.662360000000003], [94.3143, 25.663380000000004], [94.31608000000001, 25.664880000000004], [94.31269, 25.66975], [94.31358, 25.67291], [94.31317000000001, 25.674300000000002], [94.30913000000001, 25.676280000000002], [94.31008000000001, 25.679440000000003], [94.31251, 25.680190000000003], [94.31299000000001, 25.681420000000003], [94.31228, 25.683300000000003], [94.31329000000001, 25.68598], [94.31186000000001, 25.68774], [94.30622000000001, 25.69074], [94.30468, 25.6933], [94.30212, 25.695100000000004], [94.30041000000001, 25.69536], [94.29917, 25.69459], [94.29679, 25.695190000000004], [94.29613, 25.69647], [94.29099000000001, 25.69733], [94.28881000000001, 25.698700000000002], [94.28814000000001, 25.701780000000003], [94.28614, 25.70315], [94.28367, 25.70332], [94.28215, 25.704950000000004], [94.28177000000001, 25.708550000000002], [94.27369, 25.71103], [94.25855000000001, 25.722410000000004], [94.24388, 25.734990000000003], [94.24617, 25.73881], [94.24530000000001, 25.741290000000003], [94.24634, 25.74266], [94.24611, 25.745510000000003], [94.24803000000001, 25.746810000000004], [94.24907, 25.749190000000002], [94.25271000000001, 25.750470000000004], [94.25429000000001, 25.7525], [94.25497000000001, 25.75512], [94.25822000000001, 25.7586], [94.27006, 25.752470000000002], [94.28322000000001, 25.751640000000002], [94.28889000000001, 25.75203], [94.29156, 25.75109], [94.29334000000001, 25.75167], [94.29871000000001, 25.749450000000003], [94.3066, 25.74922], [94.30995, 25.74837], [94.31199000000001, 25.746930000000003], [94.31496000000001, 25.747210000000003], [94.32147, 25.74586], [94.32881, 25.74837], [94.32922, 25.75073], [94.33146, 25.754170000000002], [94.33032000000001, 25.755640000000003], [94.33097000000001, 25.75748], [94.33608000000001, 25.754590000000004], [94.33819000000001, 25.753510000000002]]]}}, {"id": "82", "type": "Feature", "properties": {"state_name": "Nagaland", "district_name": "Phek", "block_name": "Chetheba", "block_lgd": 1807, "district_lgd": 248}, "geometry": {"type": "Polygon", "coordinates": [[[94.28367, 25.70332], [94.28614, 25.70315], [94.28814000000001, 25.701780000000003], [94.28881000000001, 25.698700000000002], [94.29099000000001, 25.69733], [94.29613, 25.69647], [94.29679, 25.695190000000004], [94.29917, 25.69459], [94.30041000000001, 25.69536], [94.30212, 25.695100000000004], [94.30468, 25.6933], [94.30622000000001, 25.69074], [94.31186000000001, 25.68774], [94.31329000000001, 25.68598], [94.31228, 25.683300000000003], [94.31299000000001, 25.681420000000003], [94.31251, 25.680190000000003], [94.31008000000001, 25.679440000000003], [94.30913000000001, 25.676280000000002], [94.31317000000001, 25.674300000000002], [94.31358, 25.67291], [94.31269, 25.66975], [94.31608000000001, 25.664880000000004], [94.3143, 25.663380000000004], [94.3143, 25.662360000000003], [94.3157, 25.660750000000004], [94.3165, 25.65802], [94.31644000000001, 25.65491], [94.31846, 25.652880000000003], [94.32208000000001, 25.65143], [94.32303, 25.65058], [94.32279000000001, 25.64854], [94.32476000000001, 25.647470000000002], [94.32426000000001, 25.64608], [94.31945, 25.644730000000003], [94.31926000000001, 25.64271], [94.3182, 25.641910000000003], [94.31558000000001, 25.64282], [94.31225, 25.6426], [94.31314, 25.641260000000003], [94.31219, 25.639550000000003], [94.30821, 25.639170000000004], [94.30744000000001, 25.637300000000003], [94.30881000000001, 25.635640000000002], [94.30774000000001, 25.633440000000004], [94.305, 25.63323], [94.30411000000001, 25.631990000000002], [94.30429000000001, 25.630760000000002], [94.30649000000001, 25.62975], [94.30708000000001, 25.62862], [94.30334, 25.624920000000003], [94.30310000000001, 25.62385], [94.30803, 25.62123], [94.30756000000001, 25.61973], [94.31053000000001, 25.616300000000003], [94.31160000000001, 25.61351], [94.31118000000001, 25.611690000000003], [94.31386, 25.609980000000004], [94.31617000000001, 25.609980000000004], [94.31802, 25.608210000000003], [94.31748, 25.60612], [94.31612000000001, 25.603440000000003], [94.31392000000001, 25.602210000000003], [94.31267000000001, 25.60178], [94.31069000000001, 25.603730000000002], [94.30809, 25.60414], [94.30572000000001, 25.60188], [94.30096, 25.602100000000004], [94.30079, 25.599960000000003], [94.29865000000001, 25.59963], [94.29787, 25.60028], [94.29823, 25.60215], [94.29740000000001, 25.602800000000002], [94.29461, 25.603650000000002], [94.29360000000001, 25.602960000000003], [94.29015000000001, 25.603710000000003], [94.28979000000001, 25.605420000000002], [94.28629000000001, 25.606810000000003], [94.28409, 25.606060000000003], [94.28189, 25.607190000000003], [94.28153, 25.608800000000002], [94.27886000000001, 25.60987], [94.27761000000001, 25.60987], [94.27708000000001, 25.60864], [94.27333, 25.609550000000002], [94.27137, 25.613080000000004], [94.26894, 25.613670000000003], [94.26840000000001, 25.612550000000002], [94.26668000000001, 25.61249], [94.26501, 25.61324], [94.26383000000001, 25.616570000000003], [94.2599, 25.616830000000004], [94.25806000000001, 25.620210000000004], [94.25521, 25.6216], [94.2501, 25.619570000000003], [94.2479, 25.621010000000002], [94.24445000000001, 25.61887], [94.24333000000001, 25.619460000000004], [94.24303, 25.625090000000004], [94.24131000000001, 25.626320000000003], [94.23964000000001, 25.625840000000004], [94.23715000000001, 25.627760000000002], [94.23536000000001, 25.63248], [94.23061000000001, 25.633010000000002], [94.22800000000001, 25.63634], [94.22253, 25.6365], [94.22128000000001, 25.636760000000002], [94.22104, 25.637890000000002], [94.21962, 25.63859], [94.21484000000001, 25.639000000000003], [94.21862, 25.648670000000003], [94.21799000000001, 25.652400000000004], [94.22026000000001, 25.656840000000003], [94.21803000000001, 25.65923], [94.2192, 25.662090000000003], [94.21941000000001, 25.66606], [94.21393, 25.668840000000003], [94.21326, 25.672500000000003], [94.21753000000001, 25.6766], [94.21678000000001, 25.678780000000003], [94.21893000000001, 25.68315], [94.22981000000001, 25.69281], [94.23105000000001, 25.6947], [94.23187, 25.69847], [94.23076, 25.700850000000003], [94.22875, 25.702520000000003], [94.23074000000001, 25.703260000000004], [94.23153, 25.70494], [94.23344, 25.704610000000002], [94.23238, 25.706190000000003], [94.23223, 25.70906], [94.23034000000001, 25.70925], [94.23173000000001, 25.711550000000003], [94.23, 25.713720000000002], [94.23515, 25.720450000000003], [94.23776000000001, 25.7266], [94.23985, 25.727940000000004], [94.24151, 25.73157], [94.24340000000001, 25.732840000000003], [94.24388, 25.734990000000003], [94.25855000000001, 25.722410000000004], [94.27369, 25.71103], [94.28177000000001, 25.708550000000002], [94.28215, 25.704950000000004], [94.28367, 25.70332]]]}}, {"id": "83", "type": "Feature", "properties": {"state_name": "Nagaland", "district_name": "Phek", "block_name": "Sakraba", "block_lgd": 1808, "district_lgd": 248}, "geometry": {"type": "Polygon", "coordinates": [[[94.39164000000001, 25.675860000000004], [94.39366000000001, 25.6765], [94.39616000000001, 25.6735], [94.40138, 25.670510000000004], [94.40305000000001, 25.667720000000003], [94.41505000000001, 25.66119], [94.41969, 25.65969], [94.42693000000001, 25.65519], [94.42884000000001, 25.65305], [94.42837, 25.649680000000004], [94.42608000000001, 25.64617], [94.42561, 25.641370000000002], [94.42285000000001, 25.63605], [94.42209000000001, 25.63228], [94.41572000000001, 25.629620000000003], [94.41448000000001, 25.62705], [94.41021, 25.62619], [94.40735000000001, 25.622940000000003], [94.40678000000001, 25.619850000000003], [94.40792, 25.616590000000002], [94.41258, 25.61719], [94.41258, 25.613940000000003], [94.40949, 25.611980000000003], [94.40789000000001, 25.611960000000003], [94.40456, 25.609250000000003], [94.39965000000001, 25.6077], [94.39852, 25.606520000000003], [94.39435, 25.6063], [94.38825000000001, 25.599680000000003], [94.3846, 25.598950000000002], [94.38229000000001, 25.597060000000003], [94.37884000000001, 25.595740000000003], [94.37652000000001, 25.592650000000003], [94.36715000000001, 25.587930000000004], [94.36533000000001, 25.589990000000004], [94.36473000000001, 25.593860000000003], [94.36170000000001, 25.595560000000003], [94.34750000000001, 25.59974], [94.33952000000001, 25.59681], [94.31748, 25.60612], [94.31802, 25.608210000000003], [94.31617000000001, 25.609980000000004], [94.31386, 25.609980000000004], [94.31118000000001, 25.611690000000003], [94.31160000000001, 25.61351], [94.31053000000001, 25.616300000000003], [94.30756000000001, 25.61973], [94.30803, 25.62123], [94.30310000000001, 25.62385], [94.30334, 25.624920000000003], [94.30708000000001, 25.62862], [94.30649000000001, 25.62975], [94.30429000000001, 25.630760000000002], [94.30411000000001, 25.631990000000002], [94.305, 25.63323], [94.30774000000001, 25.633440000000004], [94.30881000000001, 25.635640000000002], [94.30744000000001, 25.637300000000003], [94.30821, 25.639170000000004], [94.31219, 25.639550000000003], [94.31314, 25.641260000000003], [94.31225, 25.6426], [94.31558000000001, 25.64282], [94.3182, 25.641910000000003], [94.31926000000001, 25.64271], [94.31945, 25.644730000000003], [94.32426000000001, 25.64608], [94.32476000000001, 25.647470000000002], [94.32648, 25.64806], [94.32939, 25.64645], [94.32957, 25.644420000000004], [94.33242000000001, 25.64345], [94.33337, 25.64345], [94.33382, 25.644440000000003], [94.34044, 25.64404], [94.34139, 25.64704], [94.34323, 25.648220000000002], [94.34692000000001, 25.64817], [94.34858000000001, 25.64967], [94.34840000000001, 25.651110000000003], [94.34941, 25.652340000000002], [94.35143000000001, 25.65304], [94.35298, 25.652340000000002], [94.35488000000001, 25.65331], [94.35452000000001, 25.654970000000002], [94.35631000000001, 25.656950000000002], [94.36029, 25.656900000000004], [94.36356, 25.662630000000004], [94.36659, 25.66268], [94.36825, 25.66531], [94.36671000000001, 25.666320000000002], [94.36772, 25.669960000000003], [94.36902, 25.670610000000003], [94.3692, 25.673340000000003], [94.36760000000001, 25.673710000000003], [94.36795000000001, 25.67687], [94.3692, 25.67837], [94.36847, 25.681], [94.37845, 25.686890000000002], [94.38082000000001, 25.69011], [94.38308, 25.68946], [94.38439000000001, 25.687430000000003], [94.38748000000001, 25.686890000000002], [94.38938, 25.685290000000002], [94.38902, 25.681320000000003], [94.39128000000001, 25.6779], [94.39164000000001, 25.675860000000004]]]}}, {"id": "84", "type": "Feature", "properties": {"state_name": "Nagaland", "district_name": "Phek", "block_name": "Pfutsero", "block_lgd": 1809, "district_lgd": 248}, "geometry": {"type": "Polygon", "coordinates": [[[94.22800000000001, 25.63634], [94.23061000000001, 25.633010000000002], [94.23536000000001, 25.63248], [94.23715000000001, 25.627760000000002], [94.23964000000001, 25.625840000000004], [94.24131000000001, 25.626320000000003], [94.24303, 25.625090000000004], [94.24333000000001, 25.619460000000004], [94.24445000000001, 25.61887], [94.2479, 25.621010000000002], [94.2501, 25.619570000000003], [94.25521, 25.6216], [94.25806000000001, 25.620210000000004], [94.2599, 25.616830000000004], [94.26383000000001, 25.616570000000003], [94.26501, 25.61324], [94.26668000000001, 25.61249], [94.26840000000001, 25.612550000000002], [94.26894, 25.613670000000003], [94.27137, 25.613080000000004], [94.27333, 25.609550000000002], [94.27708000000001, 25.60864], [94.27761000000001, 25.60987], [94.27886000000001, 25.60987], [94.28153, 25.608800000000002], [94.28189, 25.607190000000003], [94.28409, 25.606060000000003], [94.28629000000001, 25.606810000000003], [94.28979000000001, 25.605420000000002], [94.29015000000001, 25.603710000000003], [94.29360000000001, 25.602960000000003], [94.29461, 25.603650000000002], [94.29740000000001, 25.602800000000002], [94.29823, 25.60215], [94.29787, 25.60028], [94.29865000000001, 25.59963], [94.30079, 25.599960000000003], [94.30096, 25.602100000000004], [94.30572000000001, 25.60188], [94.30809, 25.60414], [94.31069000000001, 25.603730000000002], [94.31267000000001, 25.60178], [94.31392000000001, 25.602210000000003], [94.31612000000001, 25.603440000000003], [94.31748, 25.60612], [94.33952000000001, 25.59681], [94.34750000000001, 25.59974], [94.36170000000001, 25.595560000000003], [94.36473000000001, 25.593860000000003], [94.36533000000001, 25.589990000000004], [94.36715000000001, 25.587930000000004], [94.36469000000001, 25.586560000000002], [94.36282000000001, 25.586570000000002], [94.35728, 25.58235], [94.34901, 25.578500000000002], [94.34504000000001, 25.575080000000003], [94.33739000000001, 25.572010000000002], [94.33556, 25.569930000000003], [94.3323, 25.56921], [94.32748000000001, 25.563470000000002], [94.32499000000001, 25.56229], [94.32202000000001, 25.559070000000002], [94.31750000000001, 25.55629], [94.30680000000001, 25.54567], [94.30098000000001, 25.530980000000003], [94.29813000000001, 25.522720000000003], [94.2973, 25.51629], [94.29825000000001, 25.511570000000003], [94.29480000000001, 25.502450000000003], [94.29421, 25.49902], [94.29464, 25.49565], [94.28641, 25.50449], [94.28241000000001, 25.506670000000003], [94.27552000000001, 25.50043], [94.26983000000001, 25.49799], [94.26262000000001, 25.49745], [94.25293, 25.498450000000002], [94.25798, 25.50843], [94.25678, 25.514000000000003], [94.25648000000001, 25.520930000000003], [94.25091, 25.535880000000002], [94.25061000000001, 25.542], [94.24955000000001, 25.544310000000003], [94.23735, 25.551920000000003], [94.23359, 25.552190000000003], [94.22982, 25.551640000000003], [94.22832000000001, 25.55056], [94.22546000000001, 25.55056], [94.2232, 25.55205], [94.21913, 25.552870000000002], [94.21838000000001, 25.554090000000002], [94.21446, 25.554630000000003], [94.21281, 25.55395], [94.20874, 25.55545], [94.20693000000001, 25.555310000000002], [94.20528, 25.55395], [94.20347000000001, 25.55572], [94.20076, 25.55694], [94.19895000000001, 25.559800000000003], [94.19643, 25.55938], [94.19387, 25.56221], [94.19452000000001, 25.564600000000002], [94.19382, 25.569450000000003], [94.19508, 25.571460000000002], [94.19522, 25.573760000000004], [94.19732, 25.57429], [94.19648000000001, 25.576300000000003], [94.19726000000001, 25.577720000000003], [94.19676000000001, 25.581740000000003], [94.20723000000001, 25.59204], [94.20701000000001, 25.59542], [94.20922, 25.596580000000003], [94.21025, 25.59887], [94.21193000000001, 25.600320000000004], [94.21086000000001, 25.603240000000003], [94.21273000000001, 25.605210000000003], [94.21249, 25.607490000000002], [94.21440000000001, 25.61004], [94.21234000000001, 25.61315], [94.20960000000001, 25.613360000000004], [94.2099, 25.61548], [94.20822000000001, 25.618570000000002], [94.21050000000001, 25.624910000000003], [94.20824, 25.62798], [94.20883, 25.629700000000003], [94.21075, 25.63106], [94.21413000000001, 25.63118], [94.21417000000001, 25.633570000000002], [94.21596000000001, 25.63625], [94.21484000000001, 25.639000000000003], [94.21962, 25.63859], [94.22104, 25.637890000000002], [94.22128000000001, 25.636760000000002], [94.22253, 25.6365], [94.22800000000001, 25.63634]]]}}, {"id": "85", "type": "Feature", "properties": {"state_name": "Nagaland", "district_name": "Tuensang", "block_name": "Longkhim", "block_lgd": 1816, "district_lgd": 249}, "geometry": {"type": "Polygon", "coordinates": [[[94.69963000000001, 26.30711], [94.71148000000001, 26.3073], [94.71424, 26.30883], [94.71661, 26.30789], [94.71775000000001, 26.30551], [94.72127, 26.30619], [94.72812, 26.302010000000003], [94.75569, 26.301080000000002], [94.75394000000001, 26.292630000000003], [94.75280000000001, 26.278570000000002], [94.74666, 26.261180000000003], [94.74638, 26.25862], [94.7488, 26.258110000000002], [94.74909000000001, 26.256190000000004], [94.74495, 26.24621], [94.74467000000001, 26.244300000000003], [94.74638, 26.24135], [94.74353, 26.233810000000002], [94.74424, 26.229070000000004], [94.74310000000001, 26.22754], [94.73654, 26.224980000000002], [94.73568, 26.223060000000004], [94.72984000000001, 26.22012], [94.72513000000001, 26.216020000000004], [94.72299000000001, 26.21628], [94.72128000000001, 26.217560000000002], [94.71771000000001, 26.21308], [94.71572, 26.2127], [94.71429, 26.214740000000003], [94.71301000000001, 26.215000000000003], [94.70488, 26.2086], [94.69860000000001, 26.207200000000004], [94.69162000000001, 26.207200000000004], [94.68919000000001, 26.206170000000004], [94.68563, 26.20604], [94.68406, 26.207960000000003], [94.67921000000001, 26.20822], [94.67550000000001, 26.206640000000004], [94.67297, 26.206940000000003], [94.67231000000001, 26.210670000000004], [94.66853, 26.211800000000004], [94.66624, 26.212590000000002], [94.66654000000001, 26.21094], [94.66478000000001, 26.20888], [94.66224000000001, 26.20906], [94.66232000000001, 26.20654], [94.65984, 26.20783], [94.65977000000001, 26.20538], [94.65695000000001, 26.20446], [94.65645, 26.203310000000002], [94.65308, 26.205060000000003], [94.64599000000001, 26.20907], [94.64288, 26.214270000000003], [94.64005, 26.215490000000003], [94.63822, 26.21731], [94.63570000000001, 26.215380000000003], [94.63155, 26.207890000000003], [94.62540000000001, 26.20483], [94.62377000000001, 26.19994], [94.62159000000001, 26.198680000000003], [94.61764000000001, 26.19853], [94.61607000000001, 26.196330000000003], [94.61184, 26.19386], [94.60573000000001, 26.19713], [94.59982000000001, 26.197470000000003], [94.59825000000001, 26.200760000000002], [94.59582, 26.20136], [94.59574, 26.204880000000003], [94.59163000000001, 26.207670000000004], [94.59085, 26.209390000000003], [94.58743000000001, 26.212370000000004], [94.58727, 26.21393], [94.58520000000001, 26.215600000000002], [94.58340000000001, 26.219060000000002], [94.58364, 26.220820000000003], [94.58571, 26.22162], [94.58681000000001, 26.223910000000004], [94.58705, 26.227130000000002], [94.58617000000001, 26.228180000000002], [94.59054, 26.229570000000002], [94.59268, 26.229670000000002], [94.59387000000001, 26.228930000000002], [94.59577, 26.229350000000004], [94.5972, 26.23074], [94.59958, 26.230950000000004], [94.59958, 26.229570000000002], [94.60041000000001, 26.22903], [94.61075000000001, 26.231060000000003], [94.61789, 26.235730000000004], [94.61789, 26.23674], [94.62496, 26.23935], [94.62591, 26.241640000000004], [94.62788, 26.242230000000003], [94.63049000000001, 26.24143], [94.63263, 26.244100000000003], [94.63709000000001, 26.242500000000003], [94.63851000000001, 26.24388], [94.63855000000001, 26.24501], [94.64311000000001, 26.246180000000003], [94.6426, 26.249710000000004], [94.64311000000001, 26.25074], [94.64517000000001, 26.251250000000002], [94.64557, 26.25365], [94.64482000000001, 26.254520000000003], [94.64574, 26.2558], [94.64853000000001, 26.2558], [94.64962000000001, 26.258100000000002], [94.64842, 26.259030000000003], [94.64922000000001, 26.2601], [94.65201, 26.260970000000004], [94.65355000000001, 26.26235], [94.65213000000001, 26.263430000000003], [94.65298000000001, 26.265520000000002], [94.65441000000001, 26.26573], [94.65526000000001, 26.267210000000002], [94.65395000000001, 26.269150000000003], [94.65361000000001, 26.27176], [94.65492, 26.272990000000004], [94.65464000000001, 26.276470000000003], [94.65583000000001, 26.277440000000002], [94.65954, 26.27795], [94.65966, 26.28133], [94.66108000000001, 26.28327], [94.66547000000001, 26.284350000000003], [94.66639, 26.285420000000002], [94.66496000000001, 26.287720000000004], [94.66781, 26.289150000000003], [94.66941000000001, 26.288800000000002], [94.67089000000001, 26.28977], [94.67101000000001, 26.29135], [94.67529, 26.29191], [94.67511, 26.294110000000003], [94.67323, 26.29529], [94.67785, 26.297690000000003], [94.67985, 26.299640000000004], [94.67797, 26.30046], [94.67876000000001, 26.302190000000003], [94.68082000000001, 26.303420000000003], [94.68053, 26.30429], [94.67876000000001, 26.30552], [94.6774, 26.30542], [94.67665000000001, 26.306440000000002], [94.67888, 26.31058], [94.67751000000001, 26.312520000000003], [94.68031, 26.31603], [94.68106, 26.313900000000004], [94.6867, 26.310570000000002], [94.69279, 26.308970000000002], [94.69963000000001, 26.30711]]]}}, {"id": "86", "type": "Feature", "properties": {"state_name": "Nagaland", "district_name": "Tuensang", "block_name": "Ngoungchung", "block_lgd": 1818, "district_lgd": 249}, "geometry": {"type": "Polygon", "coordinates": [[[94.81802, 26.39948], [94.81911000000001, 26.395210000000002], [94.82286, 26.392090000000003], [94.82594, 26.390980000000003], [94.83182000000001, 26.385710000000003], [94.843, 26.380390000000002], [94.84731000000001, 26.37433], [94.84668, 26.372680000000003], [94.84772000000001, 26.371920000000003], [94.85400000000001, 26.37328], [94.86604000000001, 26.37956], [94.87128000000001, 26.37835], [94.87333000000001, 26.37974], [94.88125000000001, 26.379530000000003], [94.88238000000001, 26.38125], [94.88404000000001, 26.38098], [94.88855000000001, 26.377100000000002], [94.89024, 26.374540000000003], [94.89191000000001, 26.373920000000002], [94.89756000000001, 26.374270000000003], [94.90421, 26.372770000000003], [94.9106, 26.37703], [94.91056, 26.372970000000002], [94.90893000000001, 26.367800000000003], [94.90899, 26.36523], [94.90786000000001, 26.363590000000002], [94.90491, 26.362980000000004], [94.90364000000001, 26.36193], [94.9017, 26.356930000000002], [94.8983, 26.35414], [94.89667000000001, 26.34955], [94.89424000000001, 26.344700000000003], [94.88902, 26.340180000000004], [94.88480000000001, 26.33923], [94.87923, 26.33667], [94.87261000000001, 26.3306], [94.86914, 26.329520000000002], [94.86387, 26.32628], [94.86191000000001, 26.321550000000002], [94.86146000000001, 26.31575], [94.85966, 26.310620000000004], [94.85634, 26.308590000000002], [94.84911000000001, 26.309], [94.84731000000001, 26.303870000000003], [94.84143, 26.30441], [94.83917000000001, 26.303330000000003], [94.83737, 26.299550000000004], [94.83297, 26.297060000000002], [94.81894000000001, 26.293820000000004], [94.81307000000001, 26.29652], [94.79499000000001, 26.29679], [94.79213000000001, 26.296380000000003], [94.79033000000001, 26.295170000000002], [94.78777000000001, 26.295440000000003], [94.78822000000001, 26.298540000000003], [94.78581000000001, 26.29962], [94.77557, 26.299490000000002], [94.76382000000001, 26.30178], [94.75569, 26.301080000000002], [94.75474000000001, 26.3061], [94.75531000000001, 26.307810000000003], [94.75455000000001, 26.314030000000002], [94.75540000000001, 26.316080000000003], [94.75388000000001, 26.32204], [94.75512, 26.32383], [94.75398000000001, 26.326220000000003], [94.75464000000001, 26.333460000000002], [94.75284, 26.337210000000002], [94.75388000000001, 26.345390000000002], [94.75255000000001, 26.34973], [94.75521, 26.354160000000004], [94.75673, 26.354760000000002], [94.76054, 26.35902], [94.7612, 26.36362], [94.75835000000001, 26.364900000000002], [94.75816, 26.367020000000004], [94.76158000000001, 26.366770000000002], [94.76348, 26.367960000000004], [94.76634000000001, 26.36745], [94.76843000000001, 26.36839], [94.77119, 26.370600000000003], [94.77195, 26.372310000000002], [94.77546000000001, 26.37469], [94.77917000000001, 26.373160000000002], [94.78107000000001, 26.37358], [94.78145, 26.37554], [94.78450000000001, 26.376990000000003], [94.78811, 26.375880000000002], [94.78953000000001, 26.376820000000002], [94.79267, 26.37639], [94.79353, 26.377670000000002], [94.79819, 26.37554], [94.79866000000001, 26.377840000000003], [94.80028, 26.377670000000002], [94.80208, 26.37929], [94.80161000000001, 26.381420000000002], [94.80456000000001, 26.384570000000004], [94.80551000000001, 26.388740000000002], [94.80912000000001, 26.39019], [94.80845000000001, 26.392920000000004], [94.80997, 26.395220000000002], [94.81197, 26.395730000000004], [94.8131, 26.400900000000004], [94.81537, 26.400160000000003], [94.81802, 26.39948]]]}}, {"id": "87", "type": "Feature", "properties": {"state_name": "Nagaland", "district_name": "Tuensang", "block_name": "Sotokur", "block_lgd": 1820, "district_lgd": 249}, "geometry": {"type": "Polygon", "coordinates": [[[94.77292000000001, 26.223070000000003], [94.77698000000001, 26.220910000000003], [94.79204000000001, 26.217260000000003], [94.79686000000001, 26.21348], [94.79852000000001, 26.201860000000003], [94.80002, 26.197260000000004], [94.80334, 26.191720000000004], [94.80529000000001, 26.184690000000003], [94.80725000000001, 26.182260000000003], [94.81358, 26.181720000000002], [94.8208, 26.179560000000002], [94.82623000000001, 26.175500000000003], [94.83196000000001, 26.173060000000003], [94.83808, 26.169490000000003], [94.83881000000001, 26.168010000000002], [94.82605000000001, 26.1596], [94.80276, 26.14147], [94.80371000000001, 26.138060000000003], [94.80323000000001, 26.134850000000004], [94.80181, 26.132080000000002], [94.80204, 26.128670000000003], [94.79681000000001, 26.124180000000003], [94.79301000000001, 26.121840000000002], [94.78945, 26.123120000000004], [94.78588, 26.12205], [94.77923000000001, 26.12226], [94.77328000000001, 26.120980000000003], [94.78255000000001, 26.108390000000004], [94.78659, 26.105400000000003], [94.77293, 26.10462], [94.76653, 26.104560000000003], [94.74857, 26.10733], [94.75142000000001, 26.112450000000003], [94.74999000000001, 26.1197], [94.74833000000001, 26.123970000000003], [94.74524000000001, 26.125470000000004], [94.73335, 26.12376], [94.73003000000001, 26.125470000000004], [94.72456000000001, 26.126530000000002], [94.71339, 26.12525], [94.70863000000001, 26.123540000000002], [94.70103, 26.118640000000003], [94.68778, 26.11653], [94.68843000000001, 26.126140000000003], [94.68757000000001, 26.129140000000003], [94.68912, 26.136740000000003], [94.6884, 26.13774], [94.69432, 26.14188], [94.69556000000001, 26.147070000000003], [94.69801000000001, 26.14928], [94.69916, 26.152120000000004], [94.70311000000001, 26.169600000000003], [94.70568, 26.17191], [94.7034, 26.173730000000003], [94.70030000000001, 26.172950000000004], [94.69947, 26.171490000000002], [94.69741, 26.171200000000002], [94.69631000000001, 26.1719], [94.69567, 26.17348], [94.6966, 26.17461], [94.69566, 26.177880000000002], [94.69664, 26.178700000000003], [94.69374, 26.18343], [94.69247000000001, 26.19038], [94.68947000000001, 26.194080000000003], [94.68872, 26.196320000000004], [94.68939, 26.19816], [94.68861000000001, 26.198620000000002], [94.68708000000001, 26.19638], [94.68424, 26.19909], [94.68095000000001, 26.198660000000004], [94.67795000000001, 26.201410000000003], [94.67802, 26.20294], [94.67550000000001, 26.206640000000004], [94.67921000000001, 26.20822], [94.68406, 26.207960000000003], [94.68563, 26.20604], [94.68919000000001, 26.206170000000004], [94.69162000000001, 26.207200000000004], [94.69860000000001, 26.207200000000004], [94.70488, 26.2086], [94.71301000000001, 26.215000000000003], [94.71429, 26.214740000000003], [94.71572, 26.2127], [94.71771000000001, 26.21308], [94.72128000000001, 26.217560000000002], [94.72299000000001, 26.21628], [94.72513000000001, 26.216020000000004], [94.72984000000001, 26.22012], [94.73568, 26.223060000000004], [94.73654, 26.224980000000002], [94.74310000000001, 26.22754], [94.75033, 26.226100000000002], [94.75835000000001, 26.226100000000002], [94.76073000000001, 26.22904], [94.76667, 26.2285], [94.77054000000001, 26.2269], [94.77292000000001, 26.223070000000003]]]}}, {"id": "88", "type": "Feature", "properties": {"state_name": "Nagaland", "district_name": "Tuensang", "block_name": "Chingmei", "block_lgd": 1822, "district_lgd": 249}, "geometry": {"type": "Polygon", "coordinates": [[[95.12691000000001, 26.33405], [95.1229, 26.330520000000003], [95.12252000000001, 26.325570000000003], [95.12385, 26.324540000000002], [95.12396000000001, 26.323620000000002], [95.10866000000001, 26.31669], [95.00563000000001, 26.272460000000002], [94.98304, 26.259770000000003], [94.96301000000001, 26.25166], [94.95006000000001, 26.24856], [94.94735000000001, 26.240990000000004], [94.94449, 26.23748], [94.94434000000001, 26.235190000000003], [94.94148000000001, 26.233970000000003], [94.94193000000001, 26.230050000000002], [94.94419, 26.22803], [94.94359000000001, 26.22681], [94.94599000000001, 26.22154], [94.95097000000001, 26.219050000000003], [94.94900000000001, 26.21883], [94.94513, 26.21629], [94.93732000000001, 26.216210000000004], [94.93629000000001, 26.214750000000002], [94.93595, 26.211820000000003], [94.93449000000001, 26.210890000000003], [94.92359, 26.207040000000003], [94.91822, 26.207200000000004], [94.91295000000001, 26.205890000000004], [94.90763000000001, 26.2025], [94.90479, 26.199730000000002], [94.89776, 26.19665], [94.89398000000001, 26.19665], [94.89080000000001, 26.198190000000004], [94.88926000000001, 26.20081], [94.89080000000001, 26.20735], [94.88797000000001, 26.21036], [94.8872, 26.21336], [94.89038000000001, 26.22191], [94.90119000000001, 26.238920000000004], [94.90239000000001, 26.24423], [94.90479, 26.24801], [94.91269000000001, 26.25016], [94.91544, 26.251780000000004], [94.91758, 26.254550000000002], [94.92359, 26.255630000000004], [94.92634000000001, 26.25693], [94.93423000000001, 26.266630000000003], [94.93861000000001, 26.267170000000004], [94.94222, 26.26894], [94.93381000000001, 26.28318], [94.93721000000001, 26.29914], [94.93862000000001, 26.298430000000003], [94.94397000000001, 26.298350000000003], [94.94897, 26.29539], [94.96005000000001, 26.291470000000004], [94.96989, 26.291520000000002], [94.97309000000001, 26.29406], [94.97706000000001, 26.29322], [94.97954000000001, 26.29371], [94.98325000000001, 26.291800000000002], [94.98859, 26.29097], [94.99242000000001, 26.288600000000002], [94.99548000000001, 26.288580000000003], [94.9997, 26.28543], [95.0022, 26.28724], [95.00537000000001, 26.29211], [95.0099, 26.296370000000003], [95.01355000000001, 26.29763], [95.01492, 26.300020000000004], [95.01700000000001, 26.300020000000004], [95.0186, 26.3016], [95.02096, 26.302450000000004], [95.02338, 26.30581], [95.02645000000001, 26.307850000000002], [95.02907, 26.31078], [95.02944000000001, 26.313480000000002], [95.0322, 26.316540000000003], [95.03486000000001, 26.31753], [95.03493, 26.31886], [95.03817000000001, 26.321540000000002], [95.03785, 26.322920000000003], [95.03848, 26.323600000000003], [95.04045, 26.323140000000002], [95.04309, 26.325300000000002], [95.04402, 26.327720000000003], [95.04602000000001, 26.327370000000002], [95.051, 26.32607], [95.05524000000001, 26.32682], [95.05644000000001, 26.32871], [95.05803, 26.32909], [95.05948000000001, 26.33066], [95.06305, 26.331300000000002], [95.06804000000001, 26.330650000000002], [95.06938000000001, 26.33154], [95.07172000000001, 26.33162], [95.07360000000001, 26.33058], [95.08009000000001, 26.33144], [95.08322000000001, 26.33041], [95.09207, 26.333270000000002], [95.09589000000001, 26.33227], [95.09991000000001, 26.332710000000002], [95.10085000000001, 26.332160000000002], [95.10829000000001, 26.336100000000002], [95.11434000000001, 26.336560000000002], [95.12287, 26.33904], [95.12839000000001, 26.339280000000002], [95.12827000000001, 26.33667], [95.12691000000001, 26.33405]]]}}, {"id": "89", "type": "Feature", "properties": {"state_name": "Nagaland", "district_name": "Tuensang", "block_name": "Nokhu", "block_lgd": 1823, "district_lgd": 249}, "geometry": {"type": "Polygon", "coordinates": [[[95.12658, 26.19386], [95.12196, 26.18523], [95.12315000000001, 26.18042], [95.12665000000001, 26.177840000000003], [95.12509000000001, 26.17424], [95.11762, 26.16392], [95.11721000000001, 26.158620000000003], [95.11963, 26.153520000000004], [95.11907000000001, 26.14845], [95.12344, 26.145020000000002], [95.1196, 26.14214], [95.11901, 26.14065], [95.12146000000001, 26.13869], [95.12266000000001, 26.133570000000002], [95.12592000000001, 26.13126], [95.12628000000001, 26.12852], [95.12153, 26.1232], [95.12123000000001, 26.11858], [95.11977, 26.116180000000004], [95.11580000000001, 26.113270000000004], [95.11560000000001, 26.1121], [95.11805000000001, 26.100640000000002], [95.12124000000001, 26.098060000000004], [95.13033, 26.094500000000004], [95.14201000000001, 26.094440000000002], [95.14711000000001, 26.088050000000003], [95.14873000000001, 26.081110000000002], [95.13468, 26.067190000000004], [95.12780000000001, 26.066830000000003], [95.10821000000001, 26.06819], [95.10163000000001, 26.071510000000004], [95.09854000000001, 26.071610000000003], [95.09579000000001, 26.070330000000002], [95.09442000000001, 26.070510000000002], [95.09115000000001, 26.07403], [95.08841000000001, 26.073900000000002], [95.06161, 26.087930000000004], [95.04230000000001, 26.100260000000002], [95.03354, 26.100730000000002], [95.03139, 26.1035], [95.01775, 26.103350000000002], [95.00865, 26.104960000000002], [95.00247, 26.111130000000003], [94.99997, 26.111860000000004], [94.99303, 26.112900000000003], [94.98281000000001, 26.112060000000003], [94.97921000000001, 26.113210000000002], [94.97921000000001, 26.12038], [94.98058, 26.122460000000004], [94.98307000000001, 26.12377], [94.98487, 26.137330000000002], [94.98608, 26.140340000000002], [94.99166000000001, 26.14326], [94.99955000000001, 26.149510000000003], [95.00539, 26.15621], [95.00805000000001, 26.157600000000002], [95.01062, 26.160210000000003], [95.01200000000001, 26.171080000000003], [95.01157, 26.173230000000004], [95.00992000000001, 26.17481], [95.01314, 26.17716], [95.01433, 26.175700000000003], [95.0176, 26.177300000000002], [95.01641000000001, 26.1797], [95.02176000000001, 26.18316], [95.02384, 26.182090000000002], [95.02978, 26.184890000000003], [95.02919000000001, 26.186230000000002], [95.03528000000001, 26.19009], [95.03810000000001, 26.19076], [95.03920000000001, 26.192610000000002], [95.03977, 26.196600000000004], [95.03732000000001, 26.197170000000003], [95.03772000000001, 26.202230000000004], [95.03983000000001, 26.20315], [95.04331, 26.20735], [95.04393, 26.211090000000002], [95.04907000000001, 26.214820000000003], [95.05089000000001, 26.21421], [95.05517, 26.216610000000003], [95.08038, 26.22209], [95.08865, 26.222450000000002], [95.11777000000001, 26.227800000000002], [95.12254, 26.223470000000002], [95.12779, 26.221380000000003], [95.13343, 26.21505], [95.14268000000001, 26.211630000000003], [95.14094000000001, 26.209000000000003], [95.13767000000001, 26.206940000000003], [95.12658, 26.19386]]]}}, {"id": "90", "type": "Feature", "properties": {"state_name": "Nagaland", "district_name": "Tuensang", "block_name": "Panso", "block_lgd": 1824, "district_lgd": 249}, "geometry": {"type": "Polygon", "coordinates": [[[94.95870000000001, 26.216210000000004], [94.96479000000001, 26.21798], [94.96908, 26.21752], [94.97646, 26.215130000000002], [94.98196, 26.21167], [94.99028000000001, 26.203730000000004], [94.99526, 26.20081], [94.99775000000001, 26.1978], [94.99809, 26.193340000000003], [95.00384000000001, 26.181630000000002], [95.00992000000001, 26.17481], [95.01157, 26.173230000000004], [95.01200000000001, 26.171080000000003], [95.01062, 26.160210000000003], [95.00805000000001, 26.157600000000002], [95.00539, 26.15621], [94.99955000000001, 26.149510000000003], [94.99166000000001, 26.14326], [94.98608, 26.140340000000002], [94.98487, 26.137330000000002], [94.98307000000001, 26.12377], [94.98058, 26.122460000000004], [94.97921000000001, 26.12038], [94.97921000000001, 26.113210000000002], [94.98281000000001, 26.112060000000003], [94.99303, 26.112900000000003], [94.99997, 26.111860000000004], [95.00027000000001, 26.10217], [94.9967, 26.094350000000002], [94.99214, 26.094230000000003], [94.9813, 26.09166], [94.97645000000001, 26.091540000000002], [94.97132, 26.092560000000002], [94.96562, 26.09205], [94.96105000000001, 26.088210000000004], [94.94893, 26.073990000000002], [94.93938000000001, 26.065920000000002], [94.9341, 26.06425], [94.92725, 26.063480000000002], [94.92326000000001, 26.073600000000003], [94.9244, 26.078470000000003], [94.92283, 26.08321], [94.92326000000001, 26.086160000000003], [94.92198, 26.08782], [94.92126, 26.101740000000003], [94.92012000000001, 26.105330000000002], [94.91813, 26.107370000000003], [94.91727, 26.111050000000002], [94.91347, 26.115910000000003], [94.91204, 26.122310000000002], [94.90948, 26.124530000000004], [94.90786000000001, 26.129230000000003], [94.90586, 26.129910000000002], [94.90349, 26.1323], [94.90349, 26.134860000000003], [94.89816, 26.139380000000003], [94.89807, 26.142460000000003], [94.89674000000001, 26.146040000000003], [94.89807, 26.147830000000003], [94.90101000000001, 26.14937], [94.90254, 26.151500000000002], [94.90767000000001, 26.15406], [94.90976, 26.158500000000004], [94.91375000000001, 26.16063], [94.91318000000001, 26.162770000000002], [94.91632000000001, 26.16925], [94.91585, 26.171470000000003], [94.91927000000001, 26.175140000000003], [94.91955, 26.177190000000003], [94.91889, 26.17864], [94.92069000000001, 26.181880000000003], [94.92069000000001, 26.183840000000004], [94.91860000000001, 26.186400000000003], [94.91917000000001, 26.188530000000004], [94.91851000000001, 26.193310000000004], [94.9205, 26.19459], [94.91965, 26.19928], [94.92041, 26.202350000000003], [94.91813, 26.205170000000003], [94.91822, 26.207200000000004], [94.92359, 26.207040000000003], [94.93449000000001, 26.210890000000003], [94.93595, 26.211820000000003], [94.93629000000001, 26.214750000000002], [94.93732000000001, 26.216210000000004], [94.94513, 26.21629], [94.94900000000001, 26.21883], [94.95097000000001, 26.219050000000003], [94.95312000000001, 26.21929], [94.95561000000001, 26.217750000000002], [94.95870000000001, 26.216210000000004]]]}}, {"id": "91", "type": "Feature", "properties": {"state_name": "Nagaland", "district_name": "Tuensang", "block_name": "Mangko", "block_lgd": 1828, "district_lgd": 249}, "geometry": {"type": "Polygon", "coordinates": [[[94.79785000000001, 26.086190000000002], [94.79906000000001, 26.087410000000002], [94.80237000000001, 26.087680000000002], [94.80252, 26.08538], [94.81065000000001, 26.08321], [94.81246, 26.079700000000003], [94.81683000000001, 26.07889], [94.82391000000001, 26.07496], [94.82391000000001, 26.067660000000004], [94.82707, 26.06509], [94.82571, 26.062920000000002], [94.82827, 26.059680000000004], [94.83204, 26.056970000000003], [94.83520000000001, 26.058870000000002], [94.83701, 26.05778], [94.83098000000001, 26.053050000000002], [94.83159, 26.049940000000003], [94.82993, 26.0452], [94.83339000000001, 26.04425], [94.83146, 26.041100000000004], [94.83146, 26.03854], [94.82643, 26.031560000000002], [94.82157000000001, 26.029310000000002], [94.81643000000001, 26.029310000000002], [94.81358, 26.03085], [94.80902, 26.02794], [94.80864000000001, 26.023840000000003], [94.80465000000001, 26.0194], [94.80103000000001, 26.020940000000003], [94.79343, 26.02128], [94.78221, 26.016320000000004], [94.77829000000001, 26.011680000000002], [94.77024, 26.015150000000002], [94.76845, 26.01769], [94.76125, 26.020920000000004], [94.75829, 26.0237], [94.74857, 26.023000000000003], [94.74414, 26.02558], [94.74159, 26.02448], [94.73786000000001, 26.020830000000004], [94.73311000000001, 26.01959], [94.72662000000001, 26.022660000000002], [94.72300000000001, 26.021510000000003], [94.72151000000001, 26.023670000000003], [94.71861000000001, 26.025620000000004], [94.71266000000001, 26.02542], [94.70662, 26.028640000000003], [94.69442000000001, 26.032140000000002], [94.69189, 26.035870000000003], [94.68708000000001, 26.03806], [94.68621, 26.039500000000004], [94.68903, 26.04268], [94.68844000000001, 26.045350000000003], [94.69319, 26.045620000000003], [94.69394000000001, 26.04735], [94.69884, 26.052690000000002], [94.70315000000001, 26.05429], [94.70745000000001, 26.054560000000002], [94.71577, 26.052830000000004], [94.71592000000001, 26.05883], [94.71949000000001, 26.0603], [94.72082, 26.0619], [94.72899000000001, 26.063100000000002], [94.72959, 26.065640000000002], [94.73092000000001, 26.06697], [94.73419000000001, 26.06577], [94.73627, 26.06697], [94.74058000000001, 26.072580000000002], [94.74340000000001, 26.073240000000002], [94.75024, 26.07738], [94.75841000000001, 26.080710000000003], [94.76955000000001, 26.08885], [94.77594, 26.091790000000003], [94.77961, 26.096030000000003], [94.77529000000001, 26.099490000000003], [94.77293, 26.10462], [94.78659, 26.105400000000003], [94.79222000000001, 26.10264], [94.79407, 26.09982], [94.79436000000001, 26.09803], [94.79288000000001, 26.09241], [94.7968, 26.09147], [94.79710000000001, 26.088630000000002], [94.79785000000001, 26.086190000000002]]]}}, {"id": "92", "type": "Feature", "properties": {"state_name": "Nagaland", "district_name": "Tuensang", "block_name": "Thonoknyu", "block_lgd": 1829, "district_lgd": 249}, "geometry": {"type": "Polygon", "coordinates": [[[95.01775, 26.103350000000002], [95.03139, 26.1035], [95.03354, 26.100730000000002], [95.04230000000001, 26.100260000000002], [95.06161, 26.087930000000004], [95.08841000000001, 26.073900000000002], [95.09115000000001, 26.07403], [95.09442000000001, 26.070510000000002], [95.09579000000001, 26.070330000000002], [95.09854000000001, 26.071610000000003], [95.10163000000001, 26.071510000000004], [95.10821000000001, 26.06819], [95.12780000000001, 26.066830000000003], [95.13468, 26.067190000000004], [95.14873000000001, 26.081110000000002], [95.14711000000001, 26.088050000000003], [95.15118000000001, 26.08642], [95.15501, 26.089450000000003], [95.1573, 26.089150000000004], [95.16158, 26.091720000000002], [95.16533000000001, 26.09211], [95.16751000000001, 26.089330000000004], [95.17099, 26.088340000000002], [95.17012000000001, 26.085820000000002], [95.17602000000001, 26.08406], [95.17683000000001, 26.081270000000004], [95.18195000000001, 26.078380000000003], [95.18301000000001, 26.07505], [95.18584000000001, 26.073520000000002], [95.18345000000001, 26.068130000000004], [95.18017, 26.06689], [95.17657000000001, 26.064130000000002], [95.17607000000001, 26.062420000000003], [95.17373, 26.06098], [95.17339000000001, 26.059500000000003], [95.16993000000001, 26.056150000000002], [95.16839, 26.05289], [95.16429000000001, 26.049190000000003], [95.16302, 26.045650000000002], [95.16372000000001, 26.043390000000002], [95.16125000000001, 26.036610000000003], [95.15907000000001, 26.02493], [95.15601000000001, 26.022250000000003], [95.15251, 26.021230000000003], [95.14935000000001, 26.0162], [95.14507, 26.01403], [95.14524, 26.01103], [95.14117, 26.00898], [95.13716000000001, 26.002450000000003], [95.13489000000001, 26.000860000000003], [95.13497000000001, 25.998820000000002], [95.13331000000001, 25.995910000000002], [95.12740000000001, 25.990550000000002], [95.12611000000001, 25.985750000000003], [95.12163000000001, 25.984800000000003], [95.11855000000001, 25.985640000000004], [95.11698000000001, 25.98496], [95.11429000000001, 25.974780000000003], [95.11153, 25.972710000000003], [95.11016000000001, 25.97051], [95.10624000000001, 25.97099], [95.10382000000001, 25.968670000000003], [95.10111, 25.965590000000002], [95.10056, 25.96263], [95.09561000000001, 25.955240000000003], [95.08989000000001, 25.950750000000003], [95.08366000000001, 25.949910000000003], [95.08221, 25.948120000000003], [95.07987000000001, 25.94759], [95.07308, 25.94178], [95.06436000000001, 25.94265], [95.06238, 25.94011], [95.05883000000001, 25.940350000000002], [95.05405, 25.938100000000002], [95.04774, 25.93439], [95.04651000000001, 25.93108], [95.04674000000001, 25.92846], [95.04394, 25.92686], [95.03587, 25.926800000000004], [95.03463, 25.92837], [95.03225, 25.929180000000002], [95.03129000000001, 25.93108], [95.03129000000001, 25.92801], [95.03277000000001, 25.925490000000003], [95.03048000000001, 25.91777], [95.02823000000001, 25.915350000000004], [95.02874000000001, 25.913780000000003], [95.02655000000001, 25.913400000000003], [95.02215000000001, 25.907580000000003], [95.01920000000001, 25.905530000000002], [95.01837, 25.9037], [95.01496, 25.901980000000002], [95.01303000000001, 25.898480000000003], [95.01177000000001, 25.89778], [95.01478, 25.893610000000002], [95.01530000000001, 25.889920000000004], [95.01887, 25.88547], [95.01941000000001, 25.881390000000003], [95.01888000000001, 25.880260000000003], [95.01607000000001, 25.879410000000004], [95.01111, 25.875470000000004], [95.00752000000001, 25.87592], [95.00571000000001, 25.876970000000004], [94.99979, 25.88538], [94.99598, 25.883860000000002], [94.99299, 25.880180000000003], [94.98577, 25.877920000000003], [94.98209000000001, 25.875680000000003], [94.97386, 25.880720000000004], [94.97236000000001, 25.88445], [94.96977000000001, 25.897520000000004], [94.96666, 25.89918], [94.96332000000001, 25.90314], [94.96075, 25.902990000000003], [94.95666000000001, 25.90105], [94.95144, 25.900990000000004], [94.94894000000001, 25.904030000000002], [94.94336000000001, 25.90733], [94.94017000000001, 25.91241], [94.93809, 25.91363], [94.93593000000001, 25.916510000000002], [94.93364000000001, 25.922130000000003], [94.93394, 25.92509], [94.93520000000001, 25.92611], [94.9355, 25.930410000000002], [94.93848000000001, 25.9371], [94.93570000000001, 25.94047], [94.93041000000001, 25.94243], [94.92982, 25.94346], [94.92705000000001, 25.94761], [94.92494, 25.9493], [94.9217, 25.947360000000003], [94.92054, 25.944300000000002], [94.91592000000001, 25.94451], [94.91135000000001, 25.942860000000003], [94.90710000000001, 25.944380000000002], [94.89949000000001, 25.943], [94.89742000000001, 25.94365], [94.89017000000001, 25.941620000000004], [94.88561000000001, 25.941670000000002], [94.8837, 25.94243], [94.88180000000001, 25.945000000000004], [94.87396000000001, 25.943690000000004], [94.87057, 25.94565], [94.86906, 25.94366], [94.86458, 25.94208], [94.86067000000001, 25.939480000000003], [94.84903000000001, 25.9354], [94.84586, 25.930220000000002], [94.84498, 25.929720000000003], [94.84294000000001, 25.93023], [94.84339000000001, 25.93305], [94.8456, 25.93439], [94.84514, 25.93634], [94.84667, 25.938750000000002], [94.84567000000001, 25.939950000000003], [94.8507, 25.93945], [94.85213, 25.945710000000002], [94.85563, 25.950370000000003], [94.85801000000001, 25.95184], [94.85649000000001, 25.954290000000004], [94.85863, 25.955650000000002], [94.85946000000001, 25.958340000000003], [94.86134000000001, 25.95981], [94.86155000000001, 25.96298], [94.86065, 25.964640000000003], [94.86415000000001, 25.96852], [94.86491000000001, 25.971960000000003], [94.87018, 25.98016], [94.87151, 25.983770000000003], [94.87151, 25.9871], [94.87479, 25.992350000000002], [94.87564, 25.996070000000003], [94.87907000000001, 25.998890000000003], [94.88163, 26.008250000000004], [94.88406, 26.01376], [94.88938, 26.01518], [94.88962000000001, 26.01619], [94.88867, 26.01742], [94.88625, 26.017460000000003], [94.88731000000001, 26.02193], [94.89318, 26.029510000000002], [94.89981, 26.036270000000002], [94.90357, 26.036], [94.90989, 26.04087], [94.91035000000001, 26.04642], [94.91486, 26.0498], [94.91742, 26.053860000000004], [94.92224, 26.056160000000002], [94.92725, 26.063480000000002], [94.9341, 26.06425], [94.93938000000001, 26.065920000000002], [94.94893, 26.073990000000002], [94.96105000000001, 26.088210000000004], [94.96562, 26.09205], [94.97132, 26.092560000000002], [94.97645000000001, 26.091540000000002], [94.9813, 26.09166], [94.99214, 26.094230000000003], [94.9967, 26.094350000000002], [95.00027000000001, 26.10217], [94.99997, 26.111860000000004], [95.00247, 26.111130000000003], [95.00865, 26.104960000000002], [95.01775, 26.103350000000002]]]}}, {"id": "93", "type": "Feature", "properties": {"state_name": "Nagaland", "district_name": "Longleng", "block_name": "Tamlu", "block_lgd": 1830, "district_lgd": 615}, "geometry": {"type": "Polygon", "coordinates": [[[94.76663, 26.69619], [94.76936, 26.695520000000002], [94.77095000000001, 26.69619], [94.77387, 26.695860000000003], [94.77763, 26.69854], [94.77856000000001, 26.69846], [94.77847000000001, 26.69687], [94.77978, 26.6962], [94.78102000000001, 26.69415], [94.78886000000001, 26.690050000000003], [94.79010000000001, 26.688430000000004], [94.78746000000001, 26.67799], [94.78587, 26.676510000000004], [94.78267000000001, 26.675290000000004], [94.78111000000001, 26.673140000000004], [94.78133000000001, 26.671940000000003], [94.78587, 26.669300000000003], [94.78622000000001, 26.66785], [94.78449, 26.664690000000004], [94.77959000000001, 26.65903], [94.77995000000001, 26.65781], [94.77831, 26.65696], [94.77888, 26.654420000000002], [94.77678, 26.65255], [94.77321, 26.65265], [94.77037000000001, 26.65133], [94.77032000000001, 26.649150000000002], [94.76935, 26.64834], [94.76675, 26.64768], [94.76578, 26.649810000000002], [94.76465, 26.649860000000004], [94.76091000000001, 26.648090000000003], [94.75977, 26.64581], [94.75728000000001, 26.645960000000002], [94.75529, 26.648190000000003], [94.75189, 26.64703], [94.75110000000001, 26.643780000000003], [94.74305000000001, 26.642970000000002], [94.74209, 26.641550000000002], [94.74384, 26.638720000000003], [94.74152000000001, 26.63699], [94.73846, 26.638260000000002], [94.73664000000001, 26.63689], [94.73511, 26.63775], [94.73438, 26.637200000000004], [94.73687000000001, 26.6334], [94.73647000000001, 26.632530000000003], [94.73086, 26.631880000000002], [94.73069000000001, 26.631220000000003], [94.73245000000001, 26.62975], [94.73177000000001, 26.627370000000003], [94.73069000000001, 26.62676], [94.72865, 26.627060000000004], [94.72559000000001, 26.624270000000003], [94.72593, 26.621940000000002], [94.72457000000001, 26.621080000000003], [94.72276000000001, 26.621640000000003], [94.72247, 26.623870000000004], [94.71935, 26.623540000000002], [94.71945000000001, 26.62469], [94.71562, 26.627640000000003], [94.71488000000001, 26.63059], [94.70989, 26.634140000000002], [94.7051, 26.639260000000004], [94.69896000000001, 26.63886], [94.68968000000001, 26.640040000000003], [94.68621, 26.63971], [94.68387000000001, 26.643970000000003], [94.67782000000001, 26.64816], [94.67173000000001, 26.6492], [94.66690000000001, 26.64795], [94.66713000000001, 26.648860000000003], [94.67018, 26.651120000000002], [94.66984000000001, 26.652500000000003], [94.67117, 26.65386], [94.67411000000001, 26.653370000000002], [94.67591, 26.654030000000002], [94.67742000000001, 26.6563], [94.67854000000001, 26.656100000000002], [94.67981, 26.657180000000004], [94.67943000000001, 26.658440000000002], [94.68140000000001, 26.658590000000004], [94.68148000000001, 26.659920000000003], [94.68279000000001, 26.65949], [94.68312, 26.66073], [94.68481000000001, 26.66036], [94.68560000000001, 26.662190000000002], [94.68866000000001, 26.662850000000002], [94.68990000000001, 26.660420000000002], [94.69083, 26.660750000000004], [94.69642, 26.665550000000003], [94.70245000000001, 26.668660000000003], [94.70705000000001, 26.675300000000004], [94.71411, 26.67828], [94.71700000000001, 26.681040000000003], [94.71855000000001, 26.68082], [94.71893000000001, 26.68185], [94.71794000000001, 26.682340000000003], [94.71867, 26.686400000000003], [94.72634000000001, 26.69263], [94.72673, 26.694730000000003], [94.72762, 26.69543], [94.72537000000001, 26.6963], [94.72375000000001, 26.698480000000004], [94.74883000000001, 26.69809], [94.7485, 26.700110000000002], [94.75075000000001, 26.701150000000002], [94.75141, 26.700480000000002], [94.75348000000001, 26.70098], [94.75667000000001, 26.6993], [94.76287, 26.70031], [94.76372, 26.699800000000003], [94.76663, 26.69619]]]}}, {"id": "94", "type": "Feature", "properties": {"state_name": "Nagaland", "district_name": "Longleng", "block_name": "Namsang", "block_lgd": 1831, "district_lgd": 615}, "geometry": {"type": "Polygon", "coordinates": [[[94.81044000000001, 26.792350000000003], [94.8134, 26.79202], [94.81245000000001, 26.78911], [94.80886000000001, 26.784920000000003], [94.81178000000001, 26.783520000000003], [94.81421, 26.7846], [94.81534, 26.784070000000003], [94.81619, 26.778810000000004], [94.81491000000001, 26.775060000000003], [94.81257000000001, 26.77352], [94.80677000000001, 26.774500000000003], [94.79518, 26.770650000000003], [94.79369000000001, 26.769520000000004], [94.79363000000001, 26.76847], [94.79606000000001, 26.767730000000004], [94.79705000000001, 26.76566], [94.79839000000001, 26.765110000000004], [94.80124, 26.768700000000003], [94.80366000000001, 26.76882], [94.80495, 26.76781], [94.80559000000001, 26.766320000000004], [94.80494, 26.76451], [94.79888000000001, 26.762210000000003], [94.79819, 26.76001], [94.80273000000001, 26.755260000000003], [94.80418, 26.749520000000004], [94.80720000000001, 26.747390000000003], [94.80801000000001, 26.744690000000002], [94.81394, 26.744690000000002], [94.81636, 26.742980000000003], [94.81815, 26.73956], [94.82569000000001, 26.73111], [94.82557000000001, 26.725440000000003], [94.82981000000001, 26.721320000000002], [94.83389000000001, 26.719210000000004], [94.83396, 26.71779], [94.82965, 26.714150000000004], [94.82566000000001, 26.71207], [94.82358, 26.70726], [94.81886, 26.702710000000003], [94.81491000000001, 26.69584], [94.81250000000001, 26.695110000000003], [94.80723, 26.697570000000002], [94.80551000000001, 26.69751], [94.80473, 26.69612], [94.80650000000001, 26.69124], [94.80520000000001, 26.68936], [94.80290000000001, 26.689670000000003], [94.79833, 26.6933], [94.79245, 26.694490000000002], [94.78814000000001, 26.698680000000003], [94.7818, 26.69956], [94.77997, 26.698420000000002], [94.77978, 26.6962], [94.77847000000001, 26.69687], [94.77856000000001, 26.69846], [94.77763, 26.69854], [94.77387, 26.695860000000003], [94.77095000000001, 26.69619], [94.76936, 26.695520000000002], [94.76663, 26.69619], [94.76372, 26.699800000000003], [94.76287, 26.70031], [94.75667000000001, 26.6993], [94.75348000000001, 26.70098], [94.75141, 26.700480000000002], [94.75075000000001, 26.701150000000002], [94.7485, 26.700110000000002], [94.74820000000001, 26.701780000000003], [94.74896000000001, 26.70268], [94.74751, 26.704150000000002], [94.74876, 26.706290000000003], [94.74973000000001, 26.7115], [94.74744000000001, 26.71553], [94.74634, 26.722160000000002], [94.74488000000001, 26.724490000000003], [94.74343, 26.731420000000004], [94.74380000000001, 26.732100000000003], [94.74884, 26.731510000000004], [94.75211, 26.728360000000002], [94.75635000000001, 26.729300000000002], [94.75619, 26.731170000000002], [94.74849, 26.741600000000002], [94.73886, 26.74584], [94.73645, 26.749360000000003], [94.73677, 26.75644], [94.73588000000001, 26.759690000000003], [94.73692000000001, 26.763800000000003], [94.73750000000001, 26.766330000000004], [94.74068000000001, 26.77184], [94.74018000000001, 26.77598], [94.74369, 26.7739], [94.74676000000001, 26.77372], [94.74835, 26.772700000000004], [94.75182000000001, 26.76619], [94.75833, 26.76601], [94.76059000000001, 26.77541], [94.76171000000001, 26.77616], [94.76355000000001, 26.775900000000004], [94.7668, 26.77756], [94.76740000000001, 26.78534], [94.77022000000001, 26.789040000000004], [94.77374, 26.79061], [94.77566, 26.78976], [94.78906, 26.795900000000003], [94.79323000000001, 26.794950000000004], [94.79905000000001, 26.79632], [94.80349000000001, 26.796120000000002], [94.80615, 26.795450000000002], [94.80883000000001, 26.793580000000002], [94.81044000000001, 26.792350000000003]]]}}, {"id": "95", "type": "Feature", "properties": {"state_name": "Nagaland", "district_name": "Longleng", "block_name": "Yongnyah", "block_lgd": 1832, "district_lgd": 615}, "geometry": {"type": "Polygon", "coordinates": [[[94.78799000000001, 26.649030000000003], [94.78645, 26.641250000000003], [94.78831000000001, 26.637290000000004], [94.78671000000001, 26.634590000000003], [94.78707000000001, 26.633250000000004], [94.79055000000001, 26.633110000000002], [94.79303, 26.63088], [94.80046, 26.631290000000003], [94.80376000000001, 26.630380000000002], [94.80681000000001, 26.625860000000003], [94.81306000000001, 26.624350000000003], [94.81465000000001, 26.62236], [94.81913, 26.62451], [94.82224000000001, 26.62236], [94.83071000000001, 26.62244], [94.83519000000001, 26.618810000000003], [94.83898, 26.617400000000004], [94.84076, 26.614780000000003], [94.84765, 26.61259], [94.85245, 26.614], [94.85524000000001, 26.610200000000003], [94.86038, 26.614], [94.86518000000001, 26.613170000000004], [94.86797000000001, 26.611610000000002], [94.87016000000001, 26.613650000000003], [94.87136000000001, 26.61014], [94.87388000000001, 26.608970000000003], [94.87995000000001, 26.612000000000002], [94.88235, 26.615710000000004], [94.88374, 26.615740000000002], [94.88459, 26.614630000000002], [94.88608, 26.61051], [94.88404000000001, 26.607820000000004], [94.88457000000001, 26.606530000000003], [94.88712000000001, 26.60509], [94.89069, 26.606270000000002], [94.89419000000001, 26.605040000000002], [94.89481, 26.603980000000004], [94.89388000000001, 26.60283], [94.89117, 26.60414], [94.88965, 26.603630000000003], [94.89067000000001, 26.60226], [94.89367000000001, 26.601260000000003], [94.89382, 26.600140000000003], [94.89141000000001, 26.59718], [94.88902, 26.597800000000003], [94.88682000000001, 26.59552], [94.88411, 26.595640000000003], [94.88441, 26.590010000000003], [94.88589, 26.58949], [94.89003000000001, 26.592270000000003], [94.89267000000001, 26.59128], [94.89334000000001, 26.58949], [94.89242, 26.588690000000003], [94.88795, 26.588690000000003], [94.88641000000001, 26.587090000000003], [94.88558, 26.58453], [94.88059000000001, 26.583520000000004], [94.87997000000001, 26.5818], [94.88129, 26.579520000000002], [94.87950000000001, 26.57719], [94.88059000000001, 26.575550000000003], [94.88049000000001, 26.573300000000003], [94.88327000000001, 26.572760000000002], [94.88717000000001, 26.566370000000003], [94.88656, 26.565250000000002], [94.88313000000001, 26.56482], [94.88254, 26.564010000000003], [94.88665, 26.56275], [94.88816000000001, 26.559530000000002], [94.89082, 26.560350000000003], [94.89381, 26.5603], [94.88988, 26.551440000000003], [94.88709000000001, 26.551980000000004], [94.88544, 26.556430000000002], [94.88358000000001, 26.555560000000003], [94.88242000000001, 26.55385], [94.88669, 26.55131], [94.88699000000001, 26.548260000000003], [94.89058000000001, 26.545610000000003], [94.88603, 26.544580000000003], [94.88506000000001, 26.54622], [94.88318000000001, 26.545930000000002], [94.88171000000001, 26.545270000000002], [94.88196, 26.543590000000002], [94.87935, 26.54221], [94.87727000000001, 26.542540000000002], [94.87674000000001, 26.543560000000003], [94.87299, 26.54287], [94.8725, 26.540930000000003], [94.86842000000001, 26.540350000000004], [94.86802, 26.541770000000003], [94.86402000000001, 26.54108], [94.86386, 26.539690000000004], [94.86157000000001, 26.539150000000003], [94.85888000000001, 26.539730000000002], [94.8588, 26.541660000000004], [94.85505, 26.54173], [94.85375, 26.5406], [94.85040000000001, 26.540020000000002], [94.84959, 26.54079], [94.84987000000001, 26.54155], [94.84759000000001, 26.542060000000003], [94.84543000000001, 26.54097], [94.84564, 26.539220000000004], [94.84486000000001, 26.538780000000003], [94.84103, 26.538420000000002], [94.84054, 26.539550000000002], [94.83385000000001, 26.54006], [94.83300000000001, 26.54294], [94.83365, 26.545930000000002], [94.83120000000001, 26.547200000000004], [94.82896000000001, 26.546290000000003], [94.82574000000001, 26.547100000000004], [94.82505, 26.54801], [94.82175000000001, 26.54699], [94.81995, 26.54567], [94.81999, 26.54436], [94.81649, 26.542830000000002], [94.81543, 26.54297], [94.81514000000001, 26.545160000000003], [94.81359, 26.545090000000002], [94.81147000000001, 26.54651], [94.81013, 26.54502], [94.80626000000001, 26.545270000000002], [94.80548, 26.546840000000003], [94.80308000000001, 26.54688], [94.80063000000001, 26.545600000000004], [94.80079, 26.544110000000003], [94.79725, 26.543380000000003], [94.79615000000001, 26.544760000000004], [94.79525000000001, 26.54472], [94.79187, 26.543740000000003], [94.79060000000001, 26.542170000000002], [94.78714000000001, 26.541300000000003], [94.7853, 26.5421], [94.78249000000001, 26.539980000000003], [94.78265, 26.53743], [94.78057000000001, 26.536630000000002], [94.77735000000001, 26.536700000000003], [94.77715, 26.538890000000002], [94.77572, 26.539730000000002], [94.77250000000001, 26.53853], [94.77161000000001, 26.536810000000003], [94.76684, 26.537580000000002], [94.76696000000001, 26.54031], [94.76504000000001, 26.54013], [94.76358, 26.541190000000004], [94.76121, 26.540680000000002], [94.75938000000001, 26.543190000000003], [94.75766, 26.543380000000003], [94.75770000000001, 26.54549], [94.75567000000001, 26.548520000000003], [94.75155000000001, 26.546370000000003], [94.74845, 26.54699], [94.74780000000001, 26.54943], [94.74511000000001, 26.55009], [94.74433, 26.54979], [94.74331000000001, 26.547060000000002], [94.74091000000001, 26.54801], [94.74009000000001, 26.54848], [94.74022000000001, 26.550890000000003], [94.73675, 26.552380000000003], [94.73569, 26.551250000000003], [94.733, 26.553220000000003], [94.73341, 26.555190000000003], [94.73145000000001, 26.5561], [94.72986, 26.55545], [94.72905, 26.55618], [94.72811, 26.55836], [94.72905, 26.56143], [94.72685000000001, 26.5619], [94.72386, 26.563760000000002], [94.72585000000001, 26.56565], [94.72690000000001, 26.569830000000003], [94.72714, 26.573580000000003], [94.72498, 26.575940000000003], [94.72628, 26.57991], [94.72488000000001, 26.582880000000003], [94.72605, 26.583240000000004], [94.72795, 26.582130000000003], [94.72911, 26.58265], [94.72771, 26.584970000000002], [94.7295, 26.58667], [94.73049, 26.58904], [94.73354, 26.590590000000002], [94.73297000000001, 26.594680000000004], [94.73119000000001, 26.595810000000004], [94.73307000000001, 26.598830000000003], [94.73312000000001, 26.60096], [94.73, 26.60216], [94.73081, 26.605320000000003], [94.72914, 26.607380000000003], [94.72311, 26.608240000000002], [94.71961, 26.6109], [94.71821000000001, 26.615730000000003], [94.72126, 26.618450000000003], [94.72187000000001, 26.62037], [94.72154, 26.622370000000004], [94.71935, 26.623540000000002], [94.72247, 26.623870000000004], [94.72276000000001, 26.621640000000003], [94.72457000000001, 26.621080000000003], [94.72593, 26.621940000000002], [94.72559000000001, 26.624270000000003], [94.72865, 26.627060000000004], [94.73069000000001, 26.62676], [94.73177000000001, 26.627370000000003], [94.73245000000001, 26.62975], [94.73069000000001, 26.631220000000003], [94.73086, 26.631880000000002], [94.73647000000001, 26.632530000000003], [94.73687000000001, 26.6334], [94.73438, 26.637200000000004], [94.73511, 26.63775], [94.73664000000001, 26.63689], [94.73846, 26.638260000000002], [94.74152000000001, 26.63699], [94.74384, 26.638720000000003], [94.74209, 26.641550000000002], [94.74305000000001, 26.642970000000002], [94.75110000000001, 26.643780000000003], [94.75189, 26.64703], [94.75529, 26.648190000000003], [94.75728000000001, 26.645960000000002], [94.75977, 26.64581], [94.76091000000001, 26.648090000000003], [94.76465, 26.649860000000004], [94.76578, 26.649810000000002], [94.76675, 26.64768], [94.76935, 26.64834], [94.77032000000001, 26.649150000000002], [94.77037000000001, 26.65133], [94.77321, 26.65265], [94.77678, 26.65255], [94.77888, 26.654420000000002], [94.77831, 26.65696], [94.77995000000001, 26.65781], [94.78714000000001, 26.655510000000003], [94.78766, 26.65408], [94.78721, 26.651360000000004], [94.78799000000001, 26.649030000000003]]]}}, {"id": "96", "type": "Feature", "properties": {"state_name": "Nagaland", "district_name": "Kiphire", "block_name": "Amahator", "block_lgd": 1836, "district_lgd": 614}, "geometry": {"type": "Polygon", "coordinates": [[[94.75829, 26.0237], [94.76125, 26.020920000000004], [94.76845, 26.01769], [94.77024, 26.015150000000002], [94.77829000000001, 26.011680000000002], [94.78002000000001, 26.008740000000003], [94.77909000000001, 26.008360000000003], [94.78019, 26.002540000000003], [94.78179, 25.99978], [94.78712, 25.99406], [94.79546, 25.99585], [94.80061, 25.992720000000002], [94.80789000000001, 25.994100000000003], [94.81413, 25.991400000000002], [94.81339000000001, 25.98844], [94.81420000000001, 25.987240000000003], [94.81391, 25.985830000000004], [94.80959000000001, 25.983780000000003], [94.80569000000001, 25.980570000000004], [94.80065, 25.96733], [94.80217, 25.966220000000003], [94.80017000000001, 25.96327], [94.79865000000001, 25.96357], [94.79637000000001, 25.96113], [94.79727000000001, 25.959850000000003], [94.79599, 25.95681], [94.79485000000001, 25.957160000000002], [94.79371, 25.955700000000004], [94.79333000000001, 25.95305], [94.79190000000001, 25.95079], [94.79062, 25.951390000000004], [94.78924, 25.950920000000004], [94.78876000000001, 25.94985], [94.78948000000001, 25.945700000000002], [94.78800000000001, 25.945490000000003], [94.78753, 25.94412], [94.78411000000001, 25.943050000000003], [94.78316000000001, 25.94198], [94.77926000000001, 25.94074], [94.77721000000001, 25.942020000000003], [94.77498000000001, 25.941640000000003], [94.77393000000001, 25.939970000000002], [94.77541000000001, 25.938860000000002], [94.77412000000001, 25.936680000000003], [94.77118, 25.936770000000003], [94.76870000000001, 25.935570000000002], [94.76918, 25.934120000000004], [94.76794000000001, 25.932710000000004], [94.76604, 25.93155], [94.76400000000001, 25.931510000000003], [94.76329000000001, 25.928900000000002], [94.76509, 25.928770000000004], [94.76595, 25.92638], [94.76485000000001, 25.925010000000004], [94.76291, 25.925520000000002], [94.75958000000001, 25.92313], [94.76015000000001, 25.921460000000003], [94.75511, 25.91975], [94.75169000000001, 25.920650000000002], [94.7475, 25.9189], [94.74784000000001, 25.915820000000004], [94.75002, 25.91505], [94.74831, 25.9112], [94.74475000000001, 25.91111], [94.74346000000001, 25.90979], [94.74532, 25.907390000000003], [94.74422000000001, 25.90697], [94.74403000000001, 25.904490000000003], [94.74232, 25.904100000000003], [94.74066, 25.900900000000004], [94.74232, 25.899610000000003], [94.74237000000001, 25.898460000000004], [94.74118000000001, 25.895460000000003], [94.74009000000001, 25.894820000000003], [94.73909, 25.891150000000003], [94.74039, 25.890130000000003], [94.7381, 25.885550000000002], [94.73765, 25.88389], [94.73462, 25.88378], [94.73474, 25.886190000000003], [94.73293000000001, 25.88737], [94.73058, 25.88651], [94.72791000000001, 25.88699], [94.72675000000001, 25.88793], [94.72437000000001, 25.887900000000002], [94.72289, 25.890060000000002], [94.72137000000001, 25.890760000000004], [94.71688, 25.890060000000002], [94.71587000000001, 25.890890000000002], [94.71475000000001, 25.892260000000004], [94.71062, 25.892200000000003], [94.71001000000001, 25.893620000000002], [94.70739, 25.89542], [94.70492, 25.89542], [94.70331, 25.898370000000003], [94.70464000000001, 25.899350000000002], [94.70478000000001, 25.901280000000003], [94.70416, 25.902430000000003], [94.70226000000001, 25.902260000000002], [94.69984000000001, 25.904590000000002], [94.70053000000001, 25.905720000000002], [94.69918000000001, 25.90746], [94.69737, 25.908030000000004], [94.69611, 25.907130000000002], [94.69381000000001, 25.908910000000002], [94.69378, 25.909850000000002], [94.69683, 25.91297], [94.69675000000001, 25.914510000000003], [94.69516, 25.916860000000003], [94.69573000000001, 25.91928], [94.69756000000001, 25.920050000000003], [94.6974, 25.922980000000003], [94.69645000000001, 25.9233], [94.69542000000001, 25.926990000000004], [94.69649000000001, 25.92873], [94.694, 25.93127], [94.69385000000001, 25.93249], [94.69431, 25.934350000000002], [94.6958, 25.935350000000003], [94.69364, 25.940230000000003], [94.69626000000001, 25.942940000000004], [94.69528000000001, 25.945400000000003], [94.69409, 25.94593], [94.69395, 25.948900000000002], [94.6954, 25.949800000000003], [94.69602, 25.952070000000003], [94.69421000000001, 25.953860000000002], [94.69366000000001, 25.95681], [94.69447000000001, 25.957620000000002], [94.69431, 25.96074], [94.69614000000001, 25.96638], [94.69611, 25.96965], [94.69873000000001, 25.975250000000003], [94.70037, 25.9767], [94.70158, 25.97933], [94.70132000000001, 25.980380000000004], [94.70448, 25.98147], [94.70583, 25.98006], [94.70859, 25.98197], [94.70794000000001, 25.98383], [94.71265000000001, 25.987420000000004], [94.71408000000001, 25.989980000000003], [94.71386000000001, 25.993990000000004], [94.71835, 26.00005], [94.71889, 26.00223], [94.72135, 26.00421], [94.72171, 26.00665], [94.72395, 26.007510000000003], [94.72730000000001, 26.011650000000003], [94.72798, 26.015520000000002], [94.72662000000001, 26.022660000000002], [94.73311000000001, 26.01959], [94.73786000000001, 26.020830000000004], [94.74159, 26.02448], [94.74414, 26.02558], [94.74857, 26.023000000000003], [94.75829, 26.0237]]]}}, {"id": "97", "type": "Feature", "properties": {"state_name": "Nagaland", "district_name": "Kiphire", "block_name": "Kiphire Sadar", "block_lgd": 1837, "district_lgd": 614}, "geometry": {"type": "Polygon", "coordinates": [[[94.83704, 25.989300000000004], [94.84805000000001, 25.983030000000003], [94.85491, 25.982210000000002], [94.85654000000001, 25.983060000000002], [94.86534, 25.98382], [94.87018, 25.98016], [94.86491000000001, 25.971960000000003], [94.86415000000001, 25.96852], [94.86065, 25.964640000000003], [94.86155000000001, 25.96298], [94.86134000000001, 25.95981], [94.85946000000001, 25.958340000000003], [94.85863, 25.955650000000002], [94.85649000000001, 25.954290000000004], [94.85801000000001, 25.95184], [94.85563, 25.950370000000003], [94.85213, 25.945710000000002], [94.8507, 25.93945], [94.84567000000001, 25.939950000000003], [94.84667, 25.938750000000002], [94.84514, 25.93634], [94.8456, 25.93439], [94.84339000000001, 25.93305], [94.84294000000001, 25.93023], [94.84219, 25.930010000000003], [94.84237, 25.928430000000002], [94.84136000000001, 25.92782], [94.84041, 25.925330000000002], [94.83937, 25.925390000000004], [94.83887000000001, 25.923920000000003], [94.83697000000001, 25.922690000000003], [94.83625, 25.917160000000003], [94.83224000000001, 25.915770000000002], [94.83304000000001, 25.913870000000003], [94.83076000000001, 25.91355], [94.83153, 25.91251], [94.83114, 25.909540000000003], [94.82978000000001, 25.90802], [94.83028, 25.905450000000002], [94.83331000000001, 25.903630000000003], [94.83334, 25.90171], [94.83281000000001, 25.900800000000004], [94.82900000000001, 25.90077], [94.82942000000001, 25.898480000000003], [94.82755, 25.897330000000004], [94.82678000000001, 25.89554], [94.82481000000001, 25.895400000000002], [94.82395000000001, 25.89751], [94.82214, 25.897620000000003], [94.82104000000001, 25.896040000000003], [94.82113000000001, 25.894090000000002], [94.82256000000001, 25.893500000000003], [94.82505, 25.89401], [94.82585, 25.89262], [94.82443, 25.890990000000002], [94.82309000000001, 25.89241], [94.82122000000001, 25.892170000000004], [94.82012, 25.890400000000003], [94.82060000000001, 25.88877], [94.81881000000001, 25.88672], [94.81658, 25.886820000000004], [94.81394, 25.88474], [94.81385, 25.884200000000003], [94.81578, 25.88399], [94.81540000000001, 25.88362], [94.81706000000001, 25.882630000000002], [94.81706000000001, 25.881580000000003], [94.81655, 25.88059], [94.81495000000001, 25.880760000000002], [94.81346, 25.87899], [94.81153, 25.879530000000003], [94.81118000000001, 25.87902], [94.81204000000001, 25.87749], [94.81213000000001, 25.87469], [94.81147000000001, 25.874260000000003], [94.80957000000001, 25.875600000000002], [94.80886000000001, 25.87461], [94.80889, 25.872680000000003], [94.81038000000001, 25.871830000000003], [94.81061000000001, 25.87065], [94.80972000000001, 25.86897], [94.80746, 25.869370000000004], [94.80675000000001, 25.866830000000004], [94.80705, 25.86616], [94.80856000000001, 25.866290000000003], [94.8088, 25.864130000000003], [94.80592000000001, 25.862920000000003], [94.80387, 25.863000000000003], [94.80342, 25.859610000000004], [94.80522, 25.859650000000002], [94.8066, 25.85866], [94.80854000000001, 25.85939], [94.80893, 25.855330000000002], [94.81016000000001, 25.855030000000003], [94.8113, 25.85601], [94.81235000000001, 25.85507], [94.81245000000001, 25.85415], [94.80760000000001, 25.84559], [94.81055, 25.843370000000004], [94.81045, 25.841910000000002], [94.80879, 25.83959], [94.81214000000001, 25.836270000000003], [94.81214000000001, 25.831310000000002], [94.81402000000001, 25.826310000000003], [94.81200000000001, 25.826150000000002], [94.81104, 25.827], [94.80956, 25.82468], [94.80549, 25.82478], [94.79999000000001, 25.826950000000004], [94.79984, 25.829220000000003], [94.79830000000001, 25.82973], [94.79791, 25.83321], [94.79595, 25.8331], [94.79545, 25.83462], [94.7942, 25.83527], [94.79432000000001, 25.83751], [94.79301000000001, 25.840020000000003], [94.79016000000001, 25.840690000000002], [94.78924, 25.842620000000004], [94.79096000000001, 25.844140000000003], [94.79016000000001, 25.846470000000004], [94.78903000000001, 25.84588], [94.78796000000001, 25.847030000000004], [94.78787000000001, 25.848930000000003], [94.78956000000001, 25.85011], [94.78707000000001, 25.85198], [94.78428000000001, 25.85152], [94.78249000000001, 25.854170000000003], [94.78312000000001, 25.855770000000003], [94.78211, 25.855990000000002], [94.78122, 25.85791], [94.77917000000001, 25.85778], [94.77798000000001, 25.858850000000004], [94.77697, 25.86163], [94.77581, 25.86203], [94.77319000000001, 25.861150000000002], [94.77313000000001, 25.862420000000004], [94.77143000000001, 25.86408], [94.76873, 25.86363], [94.76597000000001, 25.86577], [94.76448, 25.86839], [94.76187, 25.86633], [94.76059000000001, 25.86662], [94.75916000000001, 25.87039], [94.75563000000001, 25.87226], [94.75349000000001, 25.872000000000003], [94.75266, 25.873600000000003], [94.75319, 25.874750000000002], [94.75203, 25.875580000000003], [94.74864000000001, 25.87488], [94.74683, 25.87854], [94.74493000000001, 25.880470000000003], [94.74318000000001, 25.880360000000003], [94.73979000000001, 25.88475], [94.7381, 25.885550000000002], [94.74039, 25.890130000000003], [94.73909, 25.891150000000003], [94.74009000000001, 25.894820000000003], [94.74118000000001, 25.895460000000003], [94.74237000000001, 25.898460000000004], [94.74232, 25.899610000000003], [94.74066, 25.900900000000004], [94.74232, 25.904100000000003], [94.74403000000001, 25.904490000000003], [94.74422000000001, 25.90697], [94.74532, 25.907390000000003], [94.74346000000001, 25.90979], [94.74475000000001, 25.91111], [94.74831, 25.9112], [94.75002, 25.91505], [94.74784000000001, 25.915820000000004], [94.7475, 25.9189], [94.75169000000001, 25.920650000000002], [94.75511, 25.91975], [94.76015000000001, 25.921460000000003], [94.75958000000001, 25.92313], [94.76291, 25.925520000000002], [94.76485000000001, 25.925010000000004], [94.76595, 25.92638], [94.76509, 25.928770000000004], [94.76329000000001, 25.928900000000002], [94.76400000000001, 25.931510000000003], [94.76604, 25.93155], [94.76794000000001, 25.932710000000004], [94.76918, 25.934120000000004], [94.76870000000001, 25.935570000000002], [94.77118, 25.936770000000003], [94.77412000000001, 25.936680000000003], [94.77541000000001, 25.938860000000002], [94.77393000000001, 25.939970000000002], [94.77498000000001, 25.941640000000003], [94.77721000000001, 25.942020000000003], [94.77926000000001, 25.94074], [94.78316000000001, 25.94198], [94.78411000000001, 25.943050000000003], [94.78753, 25.94412], [94.78800000000001, 25.945490000000003], [94.78948000000001, 25.945700000000002], [94.78876000000001, 25.94985], [94.78924, 25.950920000000004], [94.79062, 25.951390000000004], [94.79190000000001, 25.95079], [94.79333000000001, 25.95305], [94.79371, 25.955700000000004], [94.79485000000001, 25.957160000000002], [94.79599, 25.95681], [94.79727000000001, 25.959850000000003], [94.79637000000001, 25.96113], [94.79865000000001, 25.96357], [94.80017000000001, 25.96327], [94.80217, 25.966220000000003], [94.80065, 25.96733], [94.80569000000001, 25.980570000000004], [94.80959000000001, 25.983780000000003], [94.81391, 25.985830000000004], [94.81420000000001, 25.987240000000003], [94.81339000000001, 25.98844], [94.81413, 25.991400000000002], [94.82041000000001, 25.989440000000002], [94.82545, 25.99059], [94.83254000000001, 25.99057], [94.83704, 25.989300000000004]]]}}, {"id": "98", "type": "Feature", "properties": {"state_name": "Nagaland", "district_name": "Kiphire", "block_name": "Sitimi", "block_lgd": 1839, "district_lgd": 614}, "geometry": {"type": "Polygon", "coordinates": [[[94.71688, 25.890060000000002], [94.72137000000001, 25.890760000000004], [94.72289, 25.890060000000002], [94.72437000000001, 25.887900000000002], [94.72675000000001, 25.88793], [94.72791000000001, 25.88699], [94.73058, 25.88651], [94.73293000000001, 25.88737], [94.73474, 25.886190000000003], [94.73462, 25.88378], [94.73765, 25.88389], [94.7381, 25.885550000000002], [94.73979000000001, 25.88475], [94.74318000000001, 25.880360000000003], [94.74493000000001, 25.880470000000003], [94.74683, 25.87854], [94.74864000000001, 25.87488], [94.75203, 25.875580000000003], [94.75319, 25.874750000000002], [94.75266, 25.873600000000003], [94.75349000000001, 25.872000000000003], [94.75563000000001, 25.87226], [94.75916000000001, 25.87039], [94.76059000000001, 25.86662], [94.76187, 25.86633], [94.76448, 25.86839], [94.76597000000001, 25.86577], [94.76873, 25.86363], [94.77143000000001, 25.86408], [94.77313000000001, 25.862420000000004], [94.77319000000001, 25.861150000000002], [94.7745, 25.85978], [94.77441, 25.85847], [94.76773000000001, 25.85601], [94.76797, 25.85414], [94.76707, 25.85206], [94.76482000000001, 25.85093], [94.76568, 25.84786], [94.768, 25.84711], [94.76835000000001, 25.84521], [94.76710000000001, 25.84436], [94.76675, 25.841520000000003], [94.76814, 25.841310000000004], [94.76749000000001, 25.83829], [94.76559, 25.838150000000002], [94.76398, 25.836070000000003], [94.76553000000001, 25.834410000000002], [94.76404000000001, 25.832430000000002], [94.76072, 25.831740000000003], [94.75757, 25.82786], [94.75329, 25.829110000000004], [94.75168000000001, 25.827720000000003], [94.75210000000001, 25.82588], [94.75064, 25.823710000000002], [94.74845, 25.823660000000004], [94.74767000000001, 25.822350000000004], [94.74598, 25.821630000000003], [94.74654000000001, 25.819670000000002], [94.74455, 25.81847], [94.74146, 25.81895], [94.73909, 25.816570000000002], [94.73451000000001, 25.80448], [94.73534000000001, 25.8032], [94.73511, 25.801170000000003], [94.73157, 25.798250000000003], [94.73145000000001, 25.796030000000002], [94.72893, 25.794210000000003], [94.72676000000001, 25.795360000000002], [94.72432, 25.794100000000004], [94.72376000000001, 25.792370000000002], [94.72082, 25.790920000000003], [94.71885, 25.79162], [94.71713000000001, 25.79108], [94.71529000000001, 25.789980000000003], [94.71541, 25.78891], [94.71208000000001, 25.787390000000002], [94.71098, 25.78835], [94.70831000000001, 25.786350000000002], [94.70822000000001, 25.784820000000003], [94.70153, 25.783910000000002], [94.6949, 25.79314], [94.68793000000001, 25.797240000000002], [94.68491, 25.800430000000002], [94.67850000000001, 25.80376], [94.67524, 25.80395], [94.67068, 25.805570000000003], [94.66703000000001, 25.808030000000002], [94.6628, 25.808940000000003], [94.65838000000001, 25.81265], [94.65418000000001, 25.814880000000002], [94.64086, 25.817510000000002], [94.62822000000001, 25.815590000000004], [94.62358, 25.818030000000004], [94.61873000000001, 25.815910000000002], [94.61475, 25.815830000000002], [94.61217, 25.816860000000002], [94.60285, 25.825630000000004], [94.60300000000001, 25.82656], [94.60921, 25.831310000000002], [94.61107000000001, 25.83518], [94.61354000000001, 25.83593], [94.6161, 25.84071], [94.62088000000001, 25.844920000000002], [94.62744, 25.8489], [94.63083, 25.85217], [94.63468, 25.853740000000002], [94.63863, 25.854190000000003], [94.6401, 25.856050000000003], [94.64302, 25.856820000000003], [94.64373, 25.855950000000004], [94.64683000000001, 25.856600000000004], [94.64894000000001, 25.85855], [94.65257000000001, 25.858970000000003], [94.65439, 25.858100000000004], [94.65657, 25.86016], [94.65660000000001, 25.862150000000003], [94.65985, 25.863110000000002], [94.66142, 25.86231], [94.66395000000001, 25.863650000000003], [94.66423, 25.864680000000003], [94.66701, 25.86494], [94.66958000000001, 25.86372], [94.67186000000001, 25.86529], [94.67147000000001, 25.86718], [94.67500000000001, 25.869040000000002], [94.67692000000001, 25.86869], [94.67856, 25.870260000000002], [94.67906, 25.873310000000004], [94.68284000000001, 25.87546], [94.68434, 25.874560000000002], [94.68798000000001, 25.875970000000002], [94.68762000000001, 25.877670000000002], [94.68823, 25.878510000000002], [94.69022000000001, 25.87976], [94.69193000000001, 25.879340000000003], [94.69347, 25.88062], [94.69386, 25.88351], [94.7001, 25.886850000000003], [94.69996, 25.888710000000003], [94.70188, 25.89025], [94.70295, 25.890150000000002], [94.70352000000001, 25.88868], [94.70495000000001, 25.88781], [94.70591, 25.888130000000004], [94.70591, 25.88941], [94.70898000000001, 25.890600000000003], [94.71062, 25.892200000000003], [94.71475000000001, 25.892260000000004], [94.71587000000001, 25.890890000000002], [94.71688, 25.890060000000002]]]}}, {"id": "99", "type": "Feature", "properties": {"state_name": "Nagaland", "district_name": "Kiphire", "block_name": "Longmatra", "block_lgd": 1840, "district_lgd": 614}, "geometry": {"type": "Polygon", "coordinates": [[[94.78122, 25.85791], [94.78211, 25.855990000000002], [94.78312000000001, 25.855770000000003], [94.78249000000001, 25.854170000000003], [94.78428000000001, 25.85152], [94.78707000000001, 25.85198], [94.78956000000001, 25.85011], [94.78787000000001, 25.848930000000003], [94.78796000000001, 25.847030000000004], [94.78903000000001, 25.84588], [94.79016000000001, 25.846470000000004], [94.79096000000001, 25.844140000000003], [94.78924, 25.842620000000004], [94.79016000000001, 25.840690000000002], [94.79301000000001, 25.840020000000003], [94.79432000000001, 25.83751], [94.7942, 25.83527], [94.79545, 25.83462], [94.79595, 25.8331], [94.79791, 25.83321], [94.79830000000001, 25.82973], [94.79984, 25.829220000000003], [94.79999000000001, 25.826950000000004], [94.80549, 25.82478], [94.80956, 25.82468], [94.81104, 25.827], [94.81200000000001, 25.826150000000002], [94.81402000000001, 25.826310000000003], [94.81568000000001, 25.82609], [94.81654, 25.82476], [94.81544000000001, 25.823420000000002], [94.81526000000001, 25.82131], [94.81687000000001, 25.818310000000004], [94.81838, 25.81737], [94.81871000000001, 25.815130000000003], [94.82144000000001, 25.813150000000004], [94.82415, 25.81267], [94.82343, 25.80852], [94.82498000000001, 25.80523], [94.82679, 25.80504], [94.82795, 25.80186], [94.82733, 25.800120000000003], [94.82973000000001, 25.79718], [94.83151000000001, 25.796940000000003], [94.83101, 25.794290000000004], [94.82596000000001, 25.79162], [94.82183, 25.7876], [94.81942000000001, 25.772890000000004], [94.81384000000001, 25.76866], [94.81344000000001, 25.76443], [94.80964, 25.765050000000002], [94.80358000000001, 25.77063], [94.79842000000001, 25.77211], [94.79635, 25.77495], [94.7929, 25.775460000000002], [94.78942, 25.777690000000003], [94.78410000000001, 25.777880000000003], [94.78055, 25.77711], [94.77229000000001, 25.778810000000004], [94.75946, 25.778850000000002], [94.75689000000001, 25.781750000000002], [94.75544000000001, 25.782310000000003], [94.75408, 25.779970000000002], [94.74998000000001, 25.778990000000004], [94.74859000000001, 25.775940000000002], [94.74552000000001, 25.77663], [94.7454, 25.775170000000003], [94.74735000000001, 25.77353], [94.74646000000001, 25.77157], [94.74373000000001, 25.770290000000003], [94.74016, 25.77013], [94.73986000000001, 25.768890000000003], [94.74186, 25.765480000000004], [94.73852000000001, 25.764920000000004], [94.73599, 25.76152], [94.73307000000001, 25.76012], [94.73334000000001, 25.755060000000004], [94.73182000000001, 25.754450000000002], [94.72995, 25.75505], [94.72874, 25.753330000000002], [94.7305, 25.750410000000002], [94.72658000000001, 25.749810000000004], [94.72447000000001, 25.746550000000003], [94.72476, 25.744940000000003], [94.72718, 25.74517], [94.72706000000001, 25.74426], [94.72549000000001, 25.742620000000002], [94.72116000000001, 25.740750000000002], [94.72042, 25.73947], [94.7232, 25.7373], [94.72319, 25.73645], [94.721, 25.734800000000003], [94.72156000000001, 25.73318], [94.72699, 25.731170000000002], [94.7258, 25.729180000000003], [94.72306, 25.72756], [94.72354000000001, 25.726020000000002], [94.72691, 25.72568], [94.72680000000001, 25.724790000000002], [94.71935, 25.722], [94.71633000000001, 25.722350000000002], [94.71912, 25.725510000000003], [94.71878000000001, 25.72784], [94.71757000000001, 25.727940000000004], [94.7163, 25.732180000000003], [94.71665, 25.734260000000003], [94.71570000000001, 25.738770000000002], [94.71369000000001, 25.741220000000002], [94.71623000000001, 25.755160000000004], [94.71291000000001, 25.759470000000004], [94.71141, 25.76349], [94.70994, 25.764640000000004], [94.70639000000001, 25.770310000000002], [94.70489, 25.77568], [94.70303000000001, 25.77717], [94.70153, 25.783910000000002], [94.70822000000001, 25.784820000000003], [94.70831000000001, 25.786350000000002], [94.71098, 25.78835], [94.71208000000001, 25.787390000000002], [94.71541, 25.78891], [94.71529000000001, 25.789980000000003], [94.71713000000001, 25.79108], [94.71885, 25.79162], [94.72082, 25.790920000000003], [94.72376000000001, 25.792370000000002], [94.72432, 25.794100000000004], [94.72676000000001, 25.795360000000002], [94.72893, 25.794210000000003], [94.73145000000001, 25.796030000000002], [94.73157, 25.798250000000003], [94.73511, 25.801170000000003], [94.73534000000001, 25.8032], [94.73451000000001, 25.80448], [94.73909, 25.816570000000002], [94.74146, 25.81895], [94.74455, 25.81847], [94.74654000000001, 25.819670000000002], [94.74598, 25.821630000000003], [94.74767000000001, 25.822350000000004], [94.74845, 25.823660000000004], [94.75064, 25.823710000000002], [94.75210000000001, 25.82588], [94.75168000000001, 25.827720000000003], [94.75329, 25.829110000000004], [94.75757, 25.82786], [94.76072, 25.831740000000003], [94.76404000000001, 25.832430000000002], [94.76553000000001, 25.834410000000002], [94.76398, 25.836070000000003], [94.76559, 25.838150000000002], [94.76749000000001, 25.83829], [94.76814, 25.841310000000004], [94.76675, 25.841520000000003], [94.76710000000001, 25.84436], [94.76835000000001, 25.84521], [94.768, 25.84711], [94.76568, 25.84786], [94.76482000000001, 25.85093], [94.76707, 25.85206], [94.76797, 25.85414], [94.76773000000001, 25.85601], [94.77441, 25.85847], [94.7745, 25.85978], [94.77319000000001, 25.861150000000002], [94.77581, 25.86203], [94.77697, 25.86163], [94.77798000000001, 25.858850000000004], [94.77917000000001, 25.85778], [94.78122, 25.85791]]]}}, {"id": "100", "type": "Feature", "properties": {"state_name": "Nagaland", "district_name": "Kohima", "block_name": "Tsogin", "block_lgd": 1844, "district_lgd": 245}, "geometry": {"type": "Polygon", "coordinates": [[[94.06674000000001, 25.97397], [94.07714000000001, 25.959550000000004], [94.08872000000001, 25.955540000000003], [94.1012, 25.949800000000003], [94.10388, 25.945850000000004], [94.10483, 25.94217], [94.1093, 25.937900000000003], [94.11092000000001, 25.93286], [94.11294000000001, 25.929440000000003], [94.12019000000001, 25.925480000000004], [94.12203000000001, 25.923080000000002], [94.12904, 25.91795], [94.1294, 25.915860000000002], [94.13813, 25.910780000000003], [94.13896000000001, 25.90849], [94.14093000000001, 25.907470000000004], [94.14093000000001, 25.90565], [94.14794, 25.899350000000002], [94.14671000000001, 25.89732], [94.12219, 25.89065], [94.1132, 25.889110000000002], [94.10907, 25.890140000000002], [94.10735000000001, 25.893900000000002], [94.10308, 25.89441], [94.09946000000001, 25.896810000000002], [94.09538, 25.896210000000004], [94.09081, 25.897150000000003], [94.08777, 25.898180000000004], [94.08615, 25.899720000000002], [94.08596000000001, 25.901000000000003], [94.08805000000001, 25.90339], [94.0853, 25.91024], [94.08330000000001, 25.91186], [94.08064, 25.912200000000002], [94.07826000000001, 25.910410000000002], [94.07779000000001, 25.906730000000003], [94.07551000000001, 25.905700000000003], [94.06818000000001, 25.899120000000003], [94.0699, 25.8957], [94.06457, 25.890140000000002], [94.06267000000001, 25.88903], [94.06039000000001, 25.88971], [94.05820000000001, 25.89168], [94.04518, 25.89082], [94.04004, 25.888260000000002], [94.03472000000001, 25.88791], [94.03082, 25.88971], [94.02207000000001, 25.88697], [94.02036000000001, 25.88201], [94.01485000000001, 25.879620000000003], [94.01181000000001, 25.878760000000003], [94.01, 25.87996], [94.00114, 25.875970000000002], [93.99818, 25.87674], [93.9907, 25.877060000000004], [93.98642000000001, 25.88219], [93.98713000000001, 25.890530000000002], [93.99355000000001, 25.89213], [93.99925, 25.897260000000003], [94.00139, 25.901110000000003], [93.99676000000001, 25.904000000000003], [93.99533000000001, 25.90913], [93.99569000000001, 25.914260000000002], [93.99925, 25.92003], [94.00496000000001, 25.91907], [94.00710000000001, 25.915860000000002], [94.01316000000001, 25.918750000000003], [94.01458000000001, 25.924840000000003], [94.01316000000001, 25.929650000000002], [94.01708, 25.935740000000003], [94.02243000000001, 25.941190000000002], [94.021, 25.9479], [94.02169, 25.95108], [94.02815000000001, 25.957210000000003], [94.02763, 25.958350000000003], [94.02817, 25.959130000000002], [94.03141000000001, 25.960240000000002], [94.03588, 25.96328], [94.04085, 25.970940000000002], [94.04455, 25.973820000000003], [94.04705000000001, 25.974500000000003], [94.04764, 25.975600000000004], [94.05149, 25.976740000000003], [94.05422, 25.976190000000003], [94.05949000000001, 25.977970000000003], [94.06131, 25.979670000000002], [94.06529, 25.97997], [94.06674000000001, 25.97397]]]}}, {"id": "101", "type": "Feature", "properties": {"state_name": "Nagaland", "district_name": "Kohima", "block_name": "Jakhama", "block_lgd": 1848, "district_lgd": 245}, "geometry": {"type": "Polygon", "coordinates": [[[94.17111000000001, 25.68858], [94.17131, 25.677650000000003], [94.17217000000001, 25.67482], [94.17474000000001, 25.672760000000004], [94.17573, 25.668390000000002], [94.17573, 25.661970000000004], [94.17274, 25.660040000000002], [94.17345, 25.646670000000004], [94.17203, 25.640110000000004], [94.16989000000001, 25.63613], [94.16376000000001, 25.634330000000002], [94.15933000000001, 25.62996], [94.15876, 25.625840000000004], [94.16048, 25.623530000000002], [94.16575, 25.62301], [94.16689000000001, 25.61813], [94.16589, 25.614530000000002], [94.16176, 25.615550000000002], [94.15534000000001, 25.60977], [94.15605000000001, 25.60694], [94.15876, 25.60347], [94.15791, 25.598060000000004], [94.16062000000001, 25.59305], [94.16304000000001, 25.59279], [94.16162000000001, 25.58687], [94.16233000000001, 25.585330000000003], [94.16504, 25.585330000000003], [94.16575, 25.581220000000002], [94.16276, 25.575300000000002], [94.15805, 25.57543], [94.15591, 25.570670000000003], [94.15306000000001, 25.568740000000002], [94.15263, 25.567580000000003], [94.15392000000001, 25.562430000000003], [94.15292000000001, 25.557800000000004], [94.14935000000001, 25.55562], [94.14921000000001, 25.55243], [94.15601000000001, 25.55054], [94.14876000000001, 25.54314], [94.14770000000001, 25.53715], [94.14406000000001, 25.52699], [94.14110000000001, 25.52295], [94.1346, 25.51902], [94.12440000000001, 25.521220000000003], [94.10199, 25.52429], [94.08805000000001, 25.528150000000004], [94.08847, 25.5334], [94.09213000000001, 25.53715], [94.09091000000001, 25.541870000000003], [94.08192000000001, 25.555190000000003], [94.08005000000001, 25.555780000000002], [94.08215000000001, 25.561310000000002], [94.08215000000001, 25.56519], [94.07755, 25.570690000000003], [94.07282000000001, 25.580090000000002], [94.06552, 25.590380000000003], [94.06537, 25.594], [94.06715000000001, 25.598820000000003], [94.07027000000001, 25.600700000000003], [94.07116, 25.60525], [94.07398, 25.61182], [94.07309000000001, 25.622940000000003], [94.07369000000001, 25.630300000000002], [94.0771, 25.640210000000003], [94.07725, 25.644230000000004], [94.07636000000001, 25.645570000000003], [94.0793, 25.65098], [94.0793, 25.656540000000003], [94.08154, 25.65652], [94.08826, 25.651680000000002], [94.09324000000001, 25.6517], [94.09609, 25.650350000000003], [94.09887, 25.64842], [94.10087000000001, 25.642450000000004], [94.10279000000001, 25.64122], [94.10736000000001, 25.642000000000003], [94.10921, 25.643860000000004], [94.11042, 25.646690000000003], [94.10942000000001, 25.65292], [94.10964000000001, 25.656650000000003], [94.11235, 25.67047], [94.11235, 25.672530000000002], [94.11078, 25.67529], [94.11113, 25.67734], [94.11256, 25.6776], [94.11463, 25.679530000000003], [94.11506000000001, 25.68165], [94.11948000000001, 25.682290000000002], [94.12212000000001, 25.684160000000002], [94.12326, 25.68364], [94.12511, 25.68017], [94.12704000000001, 25.680690000000002], [94.12753000000001, 25.68306], [94.13402, 25.684990000000003], [94.13481, 25.687240000000003], [94.13837000000001, 25.687310000000004], [94.13887000000001, 25.686280000000004], [94.14222000000001, 25.686790000000002], [94.14557, 25.689100000000003], [94.15035, 25.690130000000003], [94.15192, 25.69122], [94.15869, 25.68981], [94.16083, 25.691290000000002], [94.16269000000001, 25.691350000000003], [94.16796000000001, 25.688910000000003], [94.17111000000001, 25.68858]]]}}, {"id": "102", "type": "Feature", "properties": {"state_name": "Nagaland", "district_name": "Kohima", "block_name": "Chiephobozou", "block_lgd": 1845, "district_lgd": 245}, "geometry": {"type": "Polygon", "coordinates": [[[94.06267000000001, 25.88903], [94.06457, 25.890140000000002], [94.06235000000001, 25.884020000000003], [94.06416, 25.879140000000003], [94.07304, 25.867890000000003], [94.07244000000001, 25.86342], [94.06664, 25.854930000000003], [94.0618, 25.83811], [94.06251, 25.83388], [94.06565, 25.832340000000002], [94.06729000000001, 25.82881], [94.07222, 25.824840000000002], [94.07546, 25.823710000000002], [94.07594, 25.82242], [94.09973000000001, 25.82983], [94.12497, 25.840680000000003], [94.13367000000001, 25.839850000000002], [94.14522000000001, 25.83677], [94.15249000000001, 25.841960000000004], [94.16205000000001, 25.8514], [94.18116, 25.841320000000003], [94.18415, 25.83856], [94.18750000000001, 25.834650000000003], [94.19093000000001, 25.826880000000003], [94.19756000000001, 25.82111], [94.19841000000001, 25.81238], [94.20469000000001, 25.80852], [94.2044, 25.80223], [94.19656, 25.794150000000002], [94.18529000000001, 25.79209], [94.18201, 25.7876], [94.18658, 25.773210000000002], [94.18616, 25.76885], [94.18078000000001, 25.76593], [94.17992000000001, 25.764590000000002], [94.176, 25.763560000000002], [94.17415000000001, 25.758170000000003], [94.17101000000001, 25.75534], [94.17358, 25.75232], [94.17172000000001, 25.75155], [94.1692, 25.752540000000003], [94.16858, 25.751220000000004], [94.17001, 25.745960000000004], [94.1663, 25.74198], [94.16602, 25.74095], [94.16730000000001, 25.737740000000002], [94.16623000000001, 25.736140000000002], [94.16766000000001, 25.733570000000004], [94.17008000000001, 25.73325], [94.17457, 25.729070000000004], [94.17500000000001, 25.72727], [94.17422, 25.72464], [94.17607000000001, 25.72079], [94.17607000000001, 25.71918], [94.17486000000001, 25.717440000000003], [94.17507, 25.71507], [94.179, 25.71263], [94.17807, 25.708190000000002], [94.17921000000001, 25.705370000000002], [94.17714000000001, 25.704980000000003], [94.17429000000001, 25.707230000000003], [94.17301, 25.706390000000003], [94.17021000000001, 25.70728], [94.16971000000001, 25.708990000000004], [94.16619000000001, 25.709880000000002], [94.16352, 25.708610000000004], [94.16085000000001, 25.708540000000003], [94.15811000000001, 25.71001], [94.15522000000001, 25.71001], [94.15351000000001, 25.708940000000002], [94.15047000000001, 25.708940000000002], [94.14847, 25.710410000000003], [94.14691, 25.710410000000003], [94.14462, 25.70914], [94.14439, 25.70747], [94.13898, 25.708740000000002], [94.13386000000001, 25.7066], [94.13023000000001, 25.707340000000002], [94.13016, 25.70914], [94.12652000000001, 25.70981], [94.12482000000001, 25.709210000000002], [94.12571000000001, 25.704870000000003], [94.12497, 25.70353], [94.12771000000001, 25.700590000000002], [94.12786000000001, 25.699250000000003], [94.12363, 25.699450000000002], [94.12156, 25.69872], [94.11970000000001, 25.69665], [94.11518000000001, 25.695850000000004], [94.11028, 25.69712], [94.10977000000001, 25.70126], [94.10739000000001, 25.701330000000002], [94.10584, 25.699520000000003], [94.10591000000001, 25.698390000000003], [94.10413000000001, 25.69772], [94.10065, 25.699320000000004], [94.09501, 25.7052], [94.09471, 25.70794], [94.09664000000001, 25.71375], [94.09597000000001, 25.714820000000003], [94.09375000000001, 25.715960000000003], [94.08826, 25.715020000000003], [94.08344000000001, 25.71562], [94.08097000000001, 25.715090000000004], [94.07990000000001, 25.713680000000004], [94.08095, 25.707030000000003], [94.08374, 25.69872], [94.08685000000001, 25.695040000000002], [94.08967000000001, 25.69357], [94.08923000000001, 25.690500000000004], [94.08582000000001, 25.68683], [94.08186, 25.686130000000002], [94.08003000000001, 25.68783], [94.07927000000001, 25.69001], [94.08153, 25.692580000000003], [94.07747, 25.694350000000004], [94.07611000000001, 25.69611], [94.07641000000001, 25.69828], [94.07506000000001, 25.70032], [94.0721, 25.700290000000003], [94.06753, 25.703310000000002], [94.06525, 25.70286], [94.06447000000001, 25.700870000000002], [94.05976000000001, 25.70184], [94.05812, 25.704860000000004], [94.05263000000001, 25.706270000000004], [94.04985, 25.71083], [94.04693, 25.712950000000003], [94.04614000000001, 25.717190000000002], [94.04450000000001, 25.71976], [94.04172000000001, 25.720470000000002], [94.04101000000001, 25.723740000000003], [94.04279000000001, 25.726440000000004], [94.04286, 25.730420000000002], [94.04543000000001, 25.733310000000003], [94.04543000000001, 25.734080000000002], [94.04258, 25.736400000000003], [94.04272, 25.738580000000002], [94.04440000000001, 25.740990000000004], [94.04048, 25.74302], [94.03988000000001, 25.746550000000003], [94.03879, 25.747510000000002], [94.0378, 25.746990000000004], [94.03637, 25.74764], [94.03559000000001, 25.74905], [94.03630000000001, 25.752060000000004], [94.03110000000001, 25.75579], [94.03203, 25.75778], [94.02789000000001, 25.76331], [94.02943, 25.76518], [94.02758000000001, 25.767570000000003], [94.0258, 25.7681], [94.02651, 25.77174], [94.02271, 25.77484], [94.02188000000001, 25.777630000000002], [94.02295000000001, 25.78019], [94.02146, 25.781440000000003], [94.01885000000001, 25.781550000000003], [94.01831000000001, 25.78405], [94.01855, 25.785760000000003], [94.01712, 25.788110000000003], [94.01273, 25.789080000000002], [94.00852, 25.792340000000003], [94.00822000000001, 25.7954], [94.00491000000001, 25.797960000000003], [93.99912, 25.797960000000003], [93.99778, 25.798890000000004], [93.99897000000001, 25.80157], [93.99689000000001, 25.804380000000002], [93.99882000000001, 25.807050000000004], [93.99644, 25.811200000000003], [93.99734000000001, 25.813470000000002], [93.99971000000001, 25.81521], [93.99942, 25.817480000000003], [93.99823, 25.819090000000003], [93.99823, 25.82149], [94.0006, 25.822300000000002], [94.00268000000001, 25.824700000000004], [94.00521, 25.82617], [94.00640000000001, 25.828580000000002], [94.00491000000001, 25.836070000000003], [94.00514000000001, 25.84043], [93.99533000000001, 25.84241], [93.98927, 25.8485], [93.97929, 25.852680000000003], [93.97715000000001, 25.856530000000003], [93.97858000000001, 25.861980000000003], [93.98285000000001, 25.86775], [93.98856, 25.867430000000002], [93.99212000000001, 25.868070000000003], [93.99604000000001, 25.87224], [93.99818, 25.87674], [94.00114, 25.875970000000002], [94.01, 25.87996], [94.01181000000001, 25.878760000000003], [94.01485000000001, 25.879620000000003], [94.02036000000001, 25.88201], [94.02207000000001, 25.88697], [94.03082, 25.88971], [94.03472000000001, 25.88791], [94.04004, 25.888260000000002], [94.04518, 25.89082], [94.05820000000001, 25.89168], [94.06039000000001, 25.88971], [94.06267000000001, 25.88903]]]}}, {"id": "103", "type": "Feature", "properties": {"state_name": "Nagaland", "district_name": "Kohima", "block_name": "Botsa", "block_lgd": 1846, "district_lgd": 245}, "geometry": {"type": "Polygon", "coordinates": [[[94.09538, 25.896210000000004], [94.09946000000001, 25.896810000000002], [94.10308, 25.89441], [94.10735000000001, 25.893900000000002], [94.10907, 25.890140000000002], [94.1132, 25.889110000000002], [94.12219, 25.89065], [94.14671000000001, 25.89732], [94.14693000000001, 25.896300000000004], [94.14461000000001, 25.89363], [94.14580000000001, 25.892180000000003], [94.14342, 25.888650000000002], [94.14604000000001, 25.887320000000003], [94.14657000000001, 25.882510000000003], [94.14806, 25.881220000000003], [94.1521, 25.880260000000003], [94.15275000000001, 25.8793], [94.15221000000001, 25.87647], [94.15578000000001, 25.87524], [94.15762000000001, 25.875400000000003], [94.16065, 25.873900000000003], [94.16226, 25.86973], [94.16481, 25.868290000000002], [94.16594, 25.865080000000003], [94.16968000000001, 25.863100000000003], [94.17509000000001, 25.863100000000003], [94.17539000000001, 25.86192], [94.17723000000001, 25.86192], [94.1799, 25.862560000000002], [94.1808, 25.864440000000002], [94.18273, 25.865180000000002], [94.18931, 25.862460000000002], [94.19080000000001, 25.866470000000003], [94.19510000000001, 25.868470000000002], [94.20179, 25.869010000000003], [94.23637000000001, 25.865520000000004], [94.23646000000001, 25.86286], [94.22936000000001, 25.852310000000003], [94.23128000000001, 25.848830000000003], [94.23025000000001, 25.84832], [94.23085, 25.84681], [94.22938, 25.845820000000003], [94.22915, 25.84411], [94.23067, 25.834780000000002], [94.23643000000001, 25.832520000000002], [94.23653, 25.83141], [94.23935, 25.829990000000002], [94.24037000000001, 25.828560000000003], [94.24265000000001, 25.827930000000002], [94.24332000000001, 25.826020000000003], [94.24820000000001, 25.82008], [94.24773, 25.81697], [94.2543, 25.81126], [94.25369, 25.810080000000003], [94.25473000000001, 25.808230000000002], [94.24635, 25.804240000000004], [94.24433, 25.799960000000002], [94.24445000000001, 25.798360000000002], [94.24588000000001, 25.79622], [94.2454, 25.794610000000002], [94.24041000000001, 25.792260000000002], [94.23756, 25.79408], [94.22698000000001, 25.788190000000004], [94.22556, 25.78199], [94.22259000000001, 25.779950000000003], [94.21201, 25.775350000000003], [94.20880000000001, 25.77054], [94.20417, 25.76732], [94.20274, 25.761650000000003], [94.19846000000001, 25.76219], [94.19703000000001, 25.764860000000002], [94.19882000000001, 25.766790000000004], [94.19989000000001, 25.76979], [94.19843, 25.772620000000003], [94.19653000000001, 25.77382], [94.19225, 25.773480000000003], [94.19149, 25.77082], [94.18968000000001, 25.769450000000003], [94.18616, 25.76885], [94.18658, 25.773210000000002], [94.18201, 25.7876], [94.18529000000001, 25.79209], [94.19656, 25.794150000000002], [94.2044, 25.80223], [94.20469000000001, 25.80852], [94.19841000000001, 25.81238], [94.19756000000001, 25.82111], [94.19093000000001, 25.826880000000003], [94.18750000000001, 25.834650000000003], [94.18415, 25.83856], [94.18116, 25.841320000000003], [94.16205000000001, 25.8514], [94.15249000000001, 25.841960000000004], [94.14522000000001, 25.83677], [94.13367000000001, 25.839850000000002], [94.12497, 25.840680000000003], [94.09973000000001, 25.82983], [94.07594, 25.82242], [94.07546, 25.823710000000002], [94.07222, 25.824840000000002], [94.06729000000001, 25.82881], [94.06565, 25.832340000000002], [94.06251, 25.83388], [94.0618, 25.83811], [94.06664, 25.854930000000003], [94.07244000000001, 25.86342], [94.07304, 25.867890000000003], [94.06416, 25.879140000000003], [94.06235000000001, 25.884020000000003], [94.06457, 25.890140000000002], [94.0699, 25.8957], [94.06818000000001, 25.899120000000003], [94.07551000000001, 25.905700000000003], [94.07779000000001, 25.906730000000003], [94.07826000000001, 25.910410000000002], [94.08064, 25.912200000000002], [94.08330000000001, 25.91186], [94.0853, 25.91024], [94.08805000000001, 25.90339], [94.08596000000001, 25.901000000000003], [94.08615, 25.899720000000002], [94.08777, 25.898180000000004], [94.09081, 25.897150000000003], [94.09538, 25.896210000000004]]]}}, {"id": "104", "type": "Feature", "properties": {"state_name": "Nagaland", "district_name": "Kohima", "block_name": "Kezocha", "block_lgd": 1847, "district_lgd": 245}, "geometry": {"type": "Polygon", "coordinates": [[[94.27754, 25.810570000000002], [94.28150000000001, 25.807360000000003], [94.28227000000001, 25.803590000000003], [94.28061000000001, 25.803630000000002], [94.2763, 25.8], [94.27742, 25.79754], [94.27655000000001, 25.79596], [94.2753, 25.79491], [94.27295000000001, 25.794850000000004], [94.27342, 25.793670000000002], [94.27589, 25.79341], [94.27519000000001, 25.7921], [94.27553, 25.789890000000003], [94.27390000000001, 25.789820000000002], [94.27109, 25.787200000000002], [94.26972, 25.784950000000002], [94.26987000000001, 25.78386], [94.26716, 25.78103], [94.26715, 25.778070000000003], [94.26484, 25.77728], [94.26624000000001, 25.77495], [94.26320000000001, 25.772630000000003], [94.26368000000001, 25.771030000000003], [94.26169, 25.768220000000003], [94.26186000000001, 25.766450000000003], [94.25996, 25.765120000000003], [94.25937, 25.76047], [94.25822000000001, 25.7586], [94.25497000000001, 25.75512], [94.25429000000001, 25.7525], [94.25271000000001, 25.750470000000004], [94.24907, 25.749190000000002], [94.24803000000001, 25.746810000000004], [94.24611, 25.745510000000003], [94.24634, 25.74266], [94.24530000000001, 25.741290000000003], [94.24617, 25.73881], [94.24388, 25.734990000000003], [94.24340000000001, 25.732840000000003], [94.24151, 25.73157], [94.23985, 25.727940000000004], [94.23776000000001, 25.7266], [94.23515, 25.720450000000003], [94.23, 25.713720000000002], [94.23173000000001, 25.711550000000003], [94.23034000000001, 25.70925], [94.23223, 25.70906], [94.23238, 25.706190000000003], [94.23344, 25.704610000000002], [94.23153, 25.70494], [94.23074000000001, 25.703260000000004], [94.22875, 25.702520000000003], [94.23076, 25.700850000000003], [94.23187, 25.69847], [94.23105000000001, 25.6947], [94.22981000000001, 25.69281], [94.21893000000001, 25.68315], [94.21678000000001, 25.678780000000003], [94.21753000000001, 25.6766], [94.21326, 25.672500000000003], [94.21393, 25.668840000000003], [94.21941000000001, 25.66606], [94.2192, 25.662090000000003], [94.21803000000001, 25.65923], [94.22026000000001, 25.656840000000003], [94.21799000000001, 25.652400000000004], [94.21862, 25.648670000000003], [94.21484000000001, 25.639000000000003], [94.21596000000001, 25.63625], [94.21417000000001, 25.633570000000002], [94.21413000000001, 25.63118], [94.21075, 25.63106], [94.20883, 25.629700000000003], [94.20824, 25.62798], [94.21050000000001, 25.624910000000003], [94.20822000000001, 25.618570000000002], [94.2099, 25.61548], [94.20960000000001, 25.613360000000004], [94.21234000000001, 25.61315], [94.21440000000001, 25.61004], [94.21249, 25.607490000000002], [94.21273000000001, 25.605210000000003], [94.21086000000001, 25.603240000000003], [94.21193000000001, 25.600320000000004], [94.21025, 25.59887], [94.20922, 25.596580000000003], [94.20701000000001, 25.59542], [94.20723000000001, 25.59204], [94.19676000000001, 25.581740000000003], [94.19726000000001, 25.577720000000003], [94.19648000000001, 25.576300000000003], [94.19732, 25.57429], [94.19522, 25.573760000000004], [94.19508, 25.571460000000002], [94.19382, 25.569450000000003], [94.19452000000001, 25.564600000000002], [94.19387, 25.56221], [94.19643, 25.55938], [94.19656, 25.55723], [94.19539, 25.55441], [94.19209000000001, 25.54841], [94.19071000000001, 25.54763], [94.18769, 25.54616], [94.17862000000001, 25.54849], [94.17541000000001, 25.545430000000003], [94.16377000000001, 25.54228], [94.15939, 25.5452], [94.15601000000001, 25.55054], [94.14921000000001, 25.55243], [94.14935000000001, 25.55562], [94.15292000000001, 25.557800000000004], [94.15392000000001, 25.562430000000003], [94.15263, 25.567580000000003], [94.15306000000001, 25.568740000000002], [94.15591, 25.570670000000003], [94.15805, 25.57543], [94.16276, 25.575300000000002], [94.16575, 25.581220000000002], [94.16504, 25.585330000000003], [94.16233000000001, 25.585330000000003], [94.16162000000001, 25.58687], [94.16304000000001, 25.59279], [94.16062000000001, 25.59305], [94.15791, 25.598060000000004], [94.15876, 25.60347], [94.15605000000001, 25.60694], [94.15534000000001, 25.60977], [94.16176, 25.615550000000002], [94.16589, 25.614530000000002], [94.16689000000001, 25.61813], [94.16575, 25.62301], [94.16048, 25.623530000000002], [94.15876, 25.625840000000004], [94.15933000000001, 25.62996], [94.16376000000001, 25.634330000000002], [94.16989000000001, 25.63613], [94.17203, 25.640110000000004], [94.17345, 25.646670000000004], [94.17274, 25.660040000000002], [94.17573, 25.661970000000004], [94.17573, 25.668390000000002], [94.17474000000001, 25.672760000000004], [94.17217000000001, 25.67482], [94.17131, 25.677650000000003], [94.17111000000001, 25.68858], [94.17103, 25.692680000000003], [94.17317000000001, 25.700650000000003], [94.17231000000001, 25.70322], [94.17067, 25.70428], [94.17021000000001, 25.70728], [94.17301, 25.706390000000003], [94.17429000000001, 25.707230000000003], [94.17714000000001, 25.704980000000003], [94.17921000000001, 25.705370000000002], [94.17807, 25.708190000000002], [94.179, 25.71263], [94.17507, 25.71507], [94.17486000000001, 25.717440000000003], [94.17607000000001, 25.71918], [94.17607000000001, 25.72079], [94.17422, 25.72464], [94.17500000000001, 25.72727], [94.17457, 25.729070000000004], [94.17008000000001, 25.73325], [94.16766000000001, 25.733570000000004], [94.16623000000001, 25.736140000000002], [94.16730000000001, 25.737740000000002], [94.16602, 25.74095], [94.1663, 25.74198], [94.17001, 25.745960000000004], [94.16858, 25.751220000000004], [94.1692, 25.752540000000003], [94.17172000000001, 25.75155], [94.17358, 25.75232], [94.17101000000001, 25.75534], [94.17415000000001, 25.758170000000003], [94.176, 25.763560000000002], [94.17992000000001, 25.764590000000002], [94.18078000000001, 25.76593], [94.18616, 25.76885], [94.18968000000001, 25.769450000000003], [94.19149, 25.77082], [94.19225, 25.773480000000003], [94.19653000000001, 25.77382], [94.19843, 25.772620000000003], [94.19989000000001, 25.76979], [94.19882000000001, 25.766790000000004], [94.19703000000001, 25.764860000000002], [94.19846000000001, 25.76219], [94.20274, 25.761650000000003], [94.20417, 25.76732], [94.20880000000001, 25.77054], [94.21201, 25.775350000000003], [94.22259000000001, 25.779950000000003], [94.22556, 25.78199], [94.22698000000001, 25.788190000000004], [94.23756, 25.79408], [94.24041000000001, 25.792260000000002], [94.2454, 25.794610000000002], [94.24588000000001, 25.79622], [94.24445000000001, 25.798360000000002], [94.24433, 25.799960000000002], [94.24635, 25.804240000000004], [94.25473000000001, 25.808230000000002], [94.25606, 25.805020000000003], [94.25881000000001, 25.80476], [94.26013, 25.80347], [94.25891000000001, 25.806160000000002], [94.25941, 25.806600000000003], [94.26050000000001, 25.805880000000002], [94.26143, 25.806770000000004], [94.26071, 25.809210000000004], [94.26383000000001, 25.81002], [94.26379000000001, 25.811390000000003], [94.26664000000001, 25.81333], [94.26869, 25.81332], [94.27754, 25.810570000000002]]]}}, {"id": "105", "type": "Feature", "properties": {"state_name": "Nagaland", "district_name": "Kohima", "block_name": "Sechu-Zubza", "block_lgd": 1850, "district_lgd": 245}, "geometry": {"type": "Polygon", "coordinates": [[[94.01885000000001, 25.781550000000003], [94.02146, 25.781440000000003], [94.02295000000001, 25.78019], [94.02188000000001, 25.777630000000002], [94.02271, 25.77484], [94.02651, 25.77174], [94.0258, 25.7681], [94.02758000000001, 25.767570000000003], [94.02943, 25.76518], [94.02789000000001, 25.76331], [94.03203, 25.75778], [94.03110000000001, 25.75579], [94.03630000000001, 25.752060000000004], [94.03559000000001, 25.74905], [94.03637, 25.74764], [94.0378, 25.746990000000004], [94.03879, 25.747510000000002], [94.03988000000001, 25.746550000000003], [94.04048, 25.74302], [94.04440000000001, 25.740990000000004], [94.04272, 25.738580000000002], [94.04258, 25.736400000000003], [94.04543000000001, 25.734080000000002], [94.04543000000001, 25.733310000000003], [94.04286, 25.730420000000002], [94.04279000000001, 25.726440000000004], [94.04101000000001, 25.723740000000003], [94.04172000000001, 25.720470000000002], [94.04450000000001, 25.71976], [94.04614000000001, 25.717190000000002], [94.04693, 25.712950000000003], [94.04985, 25.71083], [94.05263000000001, 25.706270000000004], [94.05812, 25.704860000000004], [94.05976000000001, 25.70184], [94.06447000000001, 25.700870000000002], [94.06525, 25.70286], [94.06753, 25.703310000000002], [94.0721, 25.700290000000003], [94.07506000000001, 25.70032], [94.07641000000001, 25.69828], [94.07611000000001, 25.69611], [94.07747, 25.694350000000004], [94.08153, 25.692580000000003], [94.07927000000001, 25.69001], [94.08003000000001, 25.68783], [94.08186, 25.686130000000002], [94.07779000000001, 25.684780000000003], [94.07809, 25.679620000000003], [94.07719, 25.6765], [94.07207000000001, 25.67161], [94.06996000000001, 25.666860000000003], [94.06966000000001, 25.66374], [94.07523, 25.660480000000003], [94.0793, 25.656540000000003], [94.0793, 25.65098], [94.07636000000001, 25.645570000000003], [94.07725, 25.644230000000004], [94.0771, 25.640210000000003], [94.07369000000001, 25.630300000000002], [94.07309000000001, 25.622940000000003], [94.07398, 25.61182], [94.07116, 25.60525], [94.07027000000001, 25.600700000000003], [94.06715000000001, 25.598820000000003], [94.06537, 25.594], [94.06552, 25.590380000000003], [94.07282000000001, 25.580090000000002], [94.07755, 25.570690000000003], [94.08215000000001, 25.56519], [94.08215000000001, 25.561310000000002], [94.08005000000001, 25.555780000000002], [94.07603, 25.557060000000003], [94.06541000000001, 25.55448], [94.06071000000001, 25.561870000000003], [94.05017000000001, 25.572300000000002], [94.04206, 25.576510000000003], [94.03969000000001, 25.573040000000002], [94.03507, 25.57543], [94.03524, 25.5786], [94.03398000000001, 25.5775], [94.03096000000001, 25.577070000000003], [94.02949000000001, 25.58029], [94.02336000000001, 25.58359], [94.02162000000001, 25.589000000000002], [94.01086000000001, 25.59177], [94.00651, 25.591050000000003], [94.00378, 25.58658], [94.00394000000001, 25.583180000000002], [94.00786000000001, 25.574720000000003], [94.00838, 25.57093], [94.0065, 25.566930000000003], [94.00353000000001, 25.56548], [93.99672000000001, 25.569530000000004], [93.9766, 25.566940000000002], [93.97398000000001, 25.561860000000003], [93.96877, 25.556880000000003], [93.96135000000001, 25.552290000000003], [93.95353, 25.552480000000003], [93.93968000000001, 25.5592], [93.94087, 25.56584], [93.93374000000001, 25.57131], [93.93481000000001, 25.576130000000003], [93.93481000000001, 25.5816], [93.91841000000001, 25.591240000000003], [93.91199, 25.592530000000004], [93.90843000000001, 25.59671], [93.90272, 25.60957], [93.90415, 25.623720000000002], [93.90415, 25.632070000000002], [93.90272, 25.6385], [93.89737000000001, 25.648470000000003], [93.90385, 25.65538], [93.91574000000001, 25.67745], [93.92727000000001, 25.690060000000003], [93.93172000000001, 25.7022], [93.94127, 25.71788], [93.95168000000001, 25.72482], [93.97471, 25.72849], [93.97921000000001, 25.73327], [93.98199000000001, 25.734830000000002], [93.98234000000001, 25.73814], [93.98327, 25.739610000000003], [93.98286, 25.74151], [93.98481000000001, 25.743850000000002], [93.98545000000001, 25.74661], [93.98879000000001, 25.748140000000003], [93.98871000000001, 25.750700000000002], [93.9898, 25.752000000000002], [93.98915000000001, 25.75541], [93.98505, 25.759800000000002], [93.98366000000001, 25.763820000000003], [93.98208000000001, 25.764290000000003], [93.98285000000001, 25.768590000000003], [93.98784, 25.771800000000002], [93.99355000000001, 25.78046], [93.99141, 25.785280000000004], [93.99604000000001, 25.791700000000002], [94.00852, 25.792340000000003], [94.01273, 25.789080000000002], [94.01712, 25.788110000000003], [94.01855, 25.785760000000003], [94.01831000000001, 25.78405], [94.01885000000001, 25.781550000000003]]]}}, {"id": "106", "type": "Feature", "properties": {"state_name": "Nagaland", "district_name": "Peren", "block_name": "Nsong", "block_lgd": 1855, "district_lgd": 613}, "geometry": {"type": "Polygon", "coordinates": [[[93.55904000000001, 25.36542], [93.5657, 25.360780000000002], [93.56760000000001, 25.356140000000003], [93.57083, 25.35545], [93.5733, 25.346000000000004], [93.57292000000001, 25.340670000000003], [93.56988000000001, 25.338780000000003], [93.56912000000001, 25.334660000000003], [93.5733, 25.327610000000004], [93.57692, 25.327270000000002], [93.57787, 25.32881], [93.58547, 25.31971], [93.58528000000001, 25.317300000000003], [93.58224000000001, 25.310250000000003], [93.58148000000001, 25.304920000000003], [93.58737, 25.302860000000003], [93.58947, 25.301140000000004], [93.59061000000001, 25.298560000000002], [93.58966000000001, 25.2965], [93.5849, 25.296840000000003], [93.58205000000001, 25.29822], [93.57996000000001, 25.300970000000003], [93.57711, 25.301140000000004], [93.57178, 25.295640000000002], [93.57140000000001, 25.29203], [93.57863, 25.28584], [93.58034, 25.28206], [93.57977000000001, 25.278450000000003], [93.57730000000001, 25.275350000000003], [93.57863, 25.271400000000003], [93.5811, 25.267100000000003], [93.58509000000001, 25.266240000000003], [93.58737, 25.264860000000002], [93.58756000000001, 25.261770000000002], [93.58909000000001, 25.25833], [93.58928, 25.25214], [93.58471, 25.252480000000002], [93.58376000000001, 25.251790000000003], [93.59042000000001, 25.23786], [93.59327, 25.23477], [93.59232, 25.22772], [93.59042000000001, 25.227200000000003], [93.58756000000001, 25.22858], [93.58186, 25.22858], [93.57786, 25.22237], [93.57441000000001, 25.222060000000003], [93.57105000000001, 25.223930000000003], [93.56698, 25.22884], [93.56632, 25.232000000000003], [93.55937, 25.243000000000002], [93.55098000000001, 25.24696], [93.54344, 25.244940000000003], [93.53750000000001, 25.241830000000004], [93.52564000000001, 25.244840000000003], [93.5169, 25.24528], [93.51272, 25.241270000000004], [93.50474000000001, 25.24023], [93.50147000000001, 25.240650000000002], [93.5005, 25.249920000000003], [93.50714, 25.27213], [93.50073, 25.27231], [93.49127000000001, 25.275280000000002], [93.48393, 25.2725], [93.47314, 25.275630000000003], [93.46899, 25.282040000000002], [93.47106000000001, 25.28902], [93.47156000000001, 25.296290000000003], [93.47041, 25.30504], [93.46663000000001, 25.31182], [93.45324000000001, 25.321830000000002], [93.45360000000001, 25.32411], [93.45667, 25.329860000000004], [93.45542, 25.332140000000003], [93.45648000000001, 25.33537], [93.45205000000001, 25.335960000000004], [93.44851000000001, 25.34025], [93.45027, 25.343090000000004], [93.44998000000001, 25.345370000000003], [93.45190000000001, 25.34683], [93.45116, 25.349410000000002], [93.45158, 25.35395], [93.45409000000001, 25.35723], [93.45875000000001, 25.360680000000002], [93.46148000000001, 25.360770000000002], [93.46375, 25.35968], [93.46860000000001, 25.353250000000003], [93.47871, 25.351640000000003], [93.48465, 25.351910000000004], [93.50663, 25.347350000000002], [93.51376, 25.344120000000004], [93.52743000000001, 25.36211], [93.53307000000001, 25.364530000000002], [93.53566000000001, 25.369020000000003], [93.53965000000001, 25.368170000000003], [93.54231000000001, 25.369200000000003], [93.54383000000001, 25.372460000000004], [93.54725, 25.372980000000002], [93.55163, 25.371090000000002], [93.55752000000001, 25.370400000000004], [93.55771000000001, 25.368170000000003], [93.55904000000001, 25.36542]]]}}, {"id": "107", "type": "Feature", "properties": {"state_name": "Nagaland", "district_name": "Peren", "block_name": "Jalukie", "block_lgd": 1852, "district_lgd": 613}, "geometry": {"type": "Polygon", "coordinates": [[[93.68275000000001, 25.67], [93.69523000000001, 25.6716], [93.69915, 25.669030000000003], [93.70450000000001, 25.675140000000003], [93.70985, 25.67321], [93.71234000000001, 25.67707], [93.71519, 25.67771], [93.73302000000001, 25.67771], [93.76796, 25.66646], [93.7737, 25.66261], [93.77756000000001, 25.65698], [93.78083000000001, 25.654570000000003], [93.78588, 25.646810000000002], [93.78558000000001, 25.643320000000003], [93.79004, 25.639310000000002], [93.79152, 25.632880000000004], [93.79747, 25.6294], [93.80549, 25.62029], [93.81054, 25.610640000000004], [93.81262000000001, 25.602610000000002], [93.8144, 25.599390000000003], [93.81003000000001, 25.59157], [93.79031, 25.59071], [93.78080000000001, 25.588780000000003], [93.77248, 25.588350000000002], [93.76416, 25.58621], [93.75085000000001, 25.57785], [93.74134000000001, 25.569490000000002], [93.73778, 25.56455], [93.74016, 25.56134], [93.73897000000001, 25.55598], [93.73707, 25.551900000000003], [93.73160000000001, 25.551470000000002], [93.7278, 25.552120000000002], [93.72518000000001, 25.548900000000003], [93.72471, 25.543760000000002], [93.72067000000001, 25.541400000000003], [93.71377000000001, 25.540750000000003], [93.71282000000001, 25.54547], [93.71140000000001, 25.54697], [93.70474, 25.549120000000002], [93.70213000000001, 25.546540000000004], [93.69618000000001, 25.54869], [93.6881, 25.55619], [93.68311000000001, 25.55834], [93.68359000000001, 25.56434], [93.68169, 25.568630000000002], [93.68335, 25.5727], [93.68311000000001, 25.5772], [93.68549, 25.58106], [93.69096, 25.58385], [93.69476, 25.58707], [93.69452000000001, 25.594140000000003], [93.69096, 25.595000000000002], [93.68905000000001, 25.59671], [93.68977000000001, 25.601000000000003], [93.68692, 25.602290000000004], [93.67194, 25.596280000000004], [93.66671000000001, 25.59521], [93.66172, 25.592000000000002], [93.65911000000001, 25.59242], [93.65459000000001, 25.589640000000003], [93.64917000000001, 25.58754], [93.65088, 25.592000000000002], [93.65602000000001, 25.599880000000002], [93.65526000000001, 25.61069], [93.65335, 25.61549], [93.65659000000001, 25.622690000000002], [93.65716, 25.626630000000002], [93.65564, 25.63109], [93.64195000000001, 25.641550000000002], [93.63624, 25.641370000000002], [93.63168, 25.63932], [93.62483, 25.63932], [93.61875, 25.641550000000002], [93.61552, 25.64532], [93.61209000000001, 25.6472], [93.60506000000001, 25.6472], [93.60011, 25.649430000000002], [93.59004, 25.650630000000003], [93.58395, 25.654570000000003], [93.57311000000001, 25.659540000000003], [93.56171, 25.663490000000003], [93.55353000000001, 25.66503], [93.54098, 25.66589], [93.53261, 25.665200000000002], [93.52368000000001, 25.663660000000004], [93.51512000000001, 25.659720000000004], [93.51360000000001, 25.66383], [93.51360000000001, 25.66674], [93.51179, 25.6734], [93.51409000000001, 25.67707], [93.51835000000001, 25.679430000000004], [93.51754000000001, 25.682290000000002], [93.51372, 25.682820000000003], [93.51265000000001, 25.684590000000004], [93.52045000000001, 25.69159], [93.52195, 25.69405], [93.52249, 25.697570000000002], [93.52396, 25.69592], [93.52317000000001, 25.69387], [93.5236, 25.692600000000002], [93.52747000000001, 25.691190000000002], [93.53123000000001, 25.692570000000003], [93.53207, 25.696980000000003], [93.53629000000001, 25.701800000000002], [93.54117000000001, 25.69884], [93.54199000000001, 25.704680000000003], [93.54808000000001, 25.7113], [93.55056, 25.70774], [93.55026000000001, 25.704760000000004], [93.54725, 25.696340000000003], [93.55086000000001, 25.692950000000003], [93.55478000000001, 25.69105], [93.56110000000001, 25.69037], [93.56396000000001, 25.68888], [93.58038, 25.690640000000002], [93.58565, 25.688340000000004], [93.59182000000001, 25.681410000000003], [93.59604, 25.678020000000004], [93.60251000000001, 25.67517], [93.61441, 25.672860000000004], [93.62209000000001, 25.67341], [93.62962, 25.67273], [93.63961, 25.680280000000003], [93.66457000000001, 25.696990000000003], [93.67134, 25.70341], [93.67526000000001, 25.703090000000003], [93.67812, 25.700840000000003], [93.67491000000001, 25.691850000000002], [93.67598000000001, 25.687030000000004], [93.68061, 25.67771], [93.68275000000001, 25.67]]]}}, {"id": "108", "type": "Feature", "properties": {"state_name": "Nagaland", "district_name": "Peren", "block_name": "Athibung", "block_lgd": 1853, "district_lgd": 613}, "geometry": {"type": "Polygon", "coordinates": [[[93.51360000000001, 25.66674], [93.51360000000001, 25.66383], [93.51512000000001, 25.659720000000004], [93.52368000000001, 25.663660000000004], [93.53261, 25.665200000000002], [93.54098, 25.66589], [93.55353000000001, 25.66503], [93.56171, 25.663490000000003], [93.57311000000001, 25.659540000000003], [93.58395, 25.654570000000003], [93.59004, 25.650630000000003], [93.60011, 25.649430000000002], [93.60506000000001, 25.6472], [93.61209000000001, 25.6472], [93.61552, 25.64532], [93.61875, 25.641550000000002], [93.62483, 25.63932], [93.63168, 25.63932], [93.63624, 25.641370000000002], [93.64195000000001, 25.641550000000002], [93.65564, 25.63109], [93.65716, 25.626630000000002], [93.65659000000001, 25.622690000000002], [93.65335, 25.61549], [93.65526000000001, 25.61069], [93.65602000000001, 25.599880000000002], [93.65088, 25.592000000000002], [93.64917000000001, 25.58754], [93.64556, 25.56678], [93.65221000000001, 25.555290000000003], [93.65031, 25.55169], [93.65012, 25.548430000000003], [93.65126000000001, 25.54569], [93.65164000000001, 25.53968], [93.64993000000001, 25.53402], [93.64309, 25.529560000000004], [93.62788, 25.523210000000002], [93.62103, 25.520120000000002], [93.59935, 25.514460000000003], [93.58604000000001, 25.514110000000002], [93.57882000000001, 25.51274], [93.56912000000001, 25.508110000000002], [93.56113, 25.50794], [93.5541, 25.509310000000003], [93.55030000000001, 25.508450000000003], [93.53775, 25.502270000000003], [93.52900000000001, 25.496100000000002], [93.53040000000001, 25.51048], [93.52624, 25.511820000000004], [93.50842, 25.50834], [93.50426, 25.506190000000004], [93.48435, 25.501630000000002], [93.46147, 25.50083], [93.45969000000001, 25.50324], [93.45405000000001, 25.505920000000003], [93.4487, 25.505660000000002], [93.43206, 25.49734], [93.42315, 25.4952], [93.41334, 25.498420000000003], [93.40651000000001, 25.496540000000003], [93.39997000000001, 25.493050000000004], [93.39433000000001, 25.49144], [93.38633, 25.487620000000003], [93.38386000000001, 25.487940000000002], [93.38549, 25.489890000000003], [93.38502000000001, 25.490840000000002], [93.38156000000001, 25.491000000000003], [93.37710000000001, 25.493270000000003], [93.37755000000001, 25.49518], [93.37599, 25.495810000000002], [93.37658, 25.49753], [93.37487, 25.49706], [93.37387000000001, 25.49836], [93.37204000000001, 25.497770000000003], [93.37049, 25.498690000000003], [93.36905, 25.498230000000003], [93.36734000000001, 25.499460000000003], [93.36706000000001, 25.500960000000003], [93.36923, 25.503410000000002], [93.36433000000001, 25.503760000000003], [93.364, 25.50653], [93.36213000000001, 25.50671], [93.36263000000001, 25.50815], [93.36160000000001, 25.509400000000003], [93.36217, 25.510830000000002], [93.36158, 25.512340000000002], [93.35686000000001, 25.513700000000004], [93.35764, 25.515340000000002], [93.35628000000001, 25.51688], [93.35618000000001, 25.521240000000002], [93.35509, 25.524780000000003], [93.35266000000001, 25.5283], [93.34995, 25.528740000000003], [93.35012, 25.53225], [93.34833, 25.529940000000003], [93.34629000000001, 25.531070000000003], [93.34697000000001, 25.53328], [93.34508000000001, 25.534190000000002], [93.34049, 25.534850000000002], [93.34124000000001, 25.533730000000002], [93.34036, 25.532840000000004], [93.33498, 25.53442], [93.33460000000001, 25.535100000000003], [93.33640000000001, 25.53864], [93.33378, 25.53959], [93.33299000000001, 25.542360000000002], [93.33049000000001, 25.54203], [93.33026000000001, 25.543740000000003], [93.32722000000001, 25.544670000000004], [93.32702, 25.546490000000002], [93.32924000000001, 25.54879], [93.33261, 25.54838], [93.33708000000001, 25.552830000000004], [93.33575, 25.553980000000003], [93.33798, 25.556870000000004], [93.34328000000001, 25.56004], [93.34584000000001, 25.55911], [93.35216000000001, 25.559990000000003], [93.35244, 25.557620000000004], [93.35484000000001, 25.555370000000003], [93.35644, 25.55619], [93.35734000000001, 25.5545], [93.35872, 25.554630000000003], [93.35847000000001, 25.557260000000003], [93.36054000000001, 25.55789], [93.36114, 25.55976], [93.36406000000001, 25.561200000000003], [93.36159, 25.56387], [93.36245000000001, 25.566000000000003], [93.36352000000001, 25.566390000000002], [93.36554000000001, 25.56518], [93.36951, 25.570420000000002], [93.37539000000001, 25.57308], [93.37566000000001, 25.574080000000002], [93.3743, 25.577090000000002], [93.37987000000001, 25.57665], [93.37965000000001, 25.57898], [93.3816, 25.58188], [93.37925000000001, 25.58152], [93.37835000000001, 25.582600000000003], [93.37953, 25.583930000000002], [93.38212000000001, 25.584030000000002], [93.38321, 25.58519], [93.38341000000001, 25.58792], [93.38575, 25.58705], [93.38555000000001, 25.58866], [93.38695000000001, 25.58997], [93.38566, 25.591400000000004], [93.38560000000001, 25.59277], [93.38669, 25.592930000000003], [93.38929, 25.5911], [93.38966, 25.593120000000003], [93.39219000000001, 25.59419], [93.39234, 25.5958], [93.39409, 25.596000000000004], [93.39399, 25.59467], [93.39470000000001, 25.594450000000002], [93.39604000000001, 25.59502], [93.39695, 25.597030000000004], [93.39785, 25.595740000000003], [93.39878, 25.596030000000003], [93.39947000000001, 25.59907], [93.40288000000001, 25.60226], [93.40221000000001, 25.605030000000003], [93.40135000000001, 25.605610000000002], [93.40213000000001, 25.606790000000004], [93.4013, 25.608100000000004], [93.40163000000001, 25.61117], [93.40626, 25.611400000000003], [93.40687000000001, 25.613670000000003], [93.40796, 25.614440000000002], [93.40974000000001, 25.613220000000002], [93.41101, 25.613590000000002], [93.41013000000001, 25.61548], [93.41048, 25.61654], [93.4144, 25.618170000000003], [93.41373, 25.620990000000003], [93.41835, 25.61764], [93.42161, 25.618240000000004], [93.42226000000001, 25.620430000000002], [93.41997, 25.6247], [93.42148, 25.625850000000003], [93.42455000000001, 25.625470000000004], [93.42439, 25.62703], [93.42544000000001, 25.628680000000003], [93.42487000000001, 25.630180000000003], [93.42653000000001, 25.631950000000003], [93.4282, 25.632460000000002], [93.42832000000001, 25.63117], [93.42981, 25.630830000000003], [93.43052, 25.629450000000002], [93.43366, 25.629430000000003], [93.43457000000001, 25.631190000000004], [93.43726000000001, 25.631660000000004], [93.43736000000001, 25.63481], [93.43973000000001, 25.63567], [93.44155, 25.634660000000004], [93.44216, 25.638170000000002], [93.44437, 25.63961], [93.44569000000001, 25.638930000000002], [93.44526, 25.63688], [93.44654000000001, 25.63473], [93.44948000000001, 25.635610000000003], [93.44896000000001, 25.638510000000004], [93.44951, 25.63953], [93.45377, 25.635910000000003], [93.45509000000001, 25.633850000000002], [93.4611, 25.632410000000004], [93.46060000000001, 25.63678], [93.45706000000001, 25.63753], [93.45573, 25.63869], [93.45731, 25.641140000000004], [93.46057, 25.640680000000003], [93.46417000000001, 25.644620000000003], [93.47216, 25.642460000000003], [93.47205000000001, 25.64338], [93.46935, 25.643510000000003], [93.46876, 25.644230000000004], [93.47137000000001, 25.645390000000003], [93.47383, 25.64401], [93.47675000000001, 25.64777], [93.48138, 25.644470000000002], [93.4825, 25.644810000000003], [93.48284000000001, 25.646410000000003], [93.48142000000001, 25.651200000000003], [93.48323, 25.65067], [93.48521000000001, 25.64833], [93.48777000000001, 25.651390000000003], [93.4868, 25.65312], [93.48802, 25.654310000000002], [93.49122000000001, 25.653200000000002], [93.49655000000001, 25.65453], [93.49998000000001, 25.66072], [93.50646, 25.664150000000003], [93.50554000000001, 25.66654], [93.5066, 25.667880000000004], [93.50980000000001, 25.668470000000003], [93.50744, 25.672510000000003], [93.51114000000001, 25.67209], [93.51179, 25.6734], [93.51360000000001, 25.66674]]]}}, {"id": "109", "type": "Feature", "properties": {"state_name": "Nagaland", "district_name": "Peren", "block_name": "Kebai Khelma", "block_lgd": 1854, "district_lgd": 613}, "geometry": {"type": "Polygon", "coordinates": [[[93.52311, 25.494210000000002], [93.51246, 25.48751], [93.50371000000001, 25.479450000000003], [93.50238, 25.47481], [93.50314, 25.465200000000003], [93.50276000000001, 25.457130000000003], [93.50428000000001, 25.45164], [93.50694000000001, 25.447860000000002], [93.50999, 25.4403], [93.51018, 25.43464], [93.51341000000001, 25.422620000000002], [93.51626, 25.418670000000002], [93.52197000000001, 25.406470000000002], [93.52881000000001, 25.3972], [93.53927, 25.389300000000002], [93.53661000000001, 25.386550000000003], [93.53585000000001, 25.384490000000003], [93.53699, 25.380360000000003], [93.53242, 25.376070000000002], [93.53280000000001, 25.373150000000003], [93.53566000000001, 25.369020000000003], [93.53307000000001, 25.364530000000002], [93.52743000000001, 25.36211], [93.51376, 25.344120000000004], [93.50663, 25.347350000000002], [93.48465, 25.351910000000004], [93.47871, 25.351640000000003], [93.46860000000001, 25.353250000000003], [93.46375, 25.35968], [93.46719, 25.36325], [93.46777, 25.366680000000002], [93.47253, 25.374280000000002], [93.47177, 25.375890000000002], [93.47358000000001, 25.379160000000002], [93.47370000000001, 25.382040000000003], [93.47299000000001, 25.385990000000003], [93.47033, 25.38962], [93.46323000000001, 25.395560000000003], [93.46177, 25.39779], [93.46134, 25.401030000000002], [93.45966000000001, 25.40323], [93.45937, 25.40846], [93.46232, 25.41785], [93.46094000000001, 25.42237], [93.45833, 25.42592], [93.45819, 25.43098], [93.45543, 25.434400000000004], [93.45038000000001, 25.435620000000004], [93.44891000000001, 25.437600000000003], [93.44333, 25.441100000000002], [93.43959000000001, 25.440980000000003], [93.43749000000001, 25.443140000000003], [93.43855, 25.445420000000002], [93.43634, 25.448200000000003], [93.43304, 25.448680000000003], [93.42863000000001, 25.44769], [93.42533, 25.44827], [93.4217, 25.44695], [93.41995000000001, 25.444960000000002], [93.41555000000001, 25.44498], [93.41044000000001, 25.449840000000002], [93.40864, 25.448310000000003], [93.4047, 25.450740000000003], [93.40270000000001, 25.45062], [93.40047000000001, 25.454050000000002], [93.40064000000001, 25.456360000000004], [93.39755000000001, 25.460050000000003], [93.39622000000001, 25.460400000000003], [93.39406000000001, 25.458440000000003], [93.3919, 25.4616], [93.39027, 25.46054], [93.38836, 25.46367], [93.39043000000001, 25.46432], [93.38881, 25.465770000000003], [93.38699000000001, 25.466040000000003], [93.38598, 25.46761], [93.38675, 25.468860000000003], [93.38457000000001, 25.46874], [93.38593, 25.47127], [93.38904000000001, 25.472780000000004], [93.38913000000001, 25.47418], [93.38822, 25.475060000000003], [93.38913000000001, 25.476380000000002], [93.38719, 25.476720000000004], [93.38667000000001, 25.47783], [93.38917000000001, 25.478540000000002], [93.38976000000001, 25.48093], [93.39138000000001, 25.48186], [93.39073, 25.482640000000004], [93.38603, 25.483340000000002], [93.38587000000001, 25.48468], [93.38461000000001, 25.48516], [93.38633, 25.487620000000003], [93.39433000000001, 25.49144], [93.39997000000001, 25.493050000000004], [93.40651000000001, 25.496540000000003], [93.41334, 25.498420000000003], [93.42315, 25.4952], [93.43206, 25.49734], [93.4487, 25.505660000000002], [93.45405000000001, 25.505920000000003], [93.45969000000001, 25.50324], [93.46147, 25.50083], [93.48435, 25.501630000000002], [93.50426, 25.506190000000004], [93.50842, 25.50834], [93.52624, 25.511820000000004], [93.53040000000001, 25.51048], [93.52900000000001, 25.496100000000002], [93.52311, 25.494210000000002]]]}}, {"id": "110", "type": "Feature", "properties": {"state_name": "Nagaland", "district_name": "Peren", "block_name": "Tening", "block_lgd": 1856, "district_lgd": 613}, "geometry": {"type": "Polygon", "coordinates": [[[93.63424, 25.499060000000004], [93.63899, 25.499460000000003], [93.64330000000001, 25.491690000000002], [93.63973000000001, 25.48713], [93.64166, 25.47962], [93.65652000000001, 25.46554], [93.66246000000001, 25.458830000000003], [93.67227000000001, 25.451590000000003], [93.67331, 25.44837], [93.6687, 25.44676], [93.66929, 25.44246], [93.67123000000001, 25.439110000000003], [93.67732000000001, 25.439110000000003], [93.68014000000001, 25.43616], [93.68177000000001, 25.43334], [93.68029000000001, 25.428110000000004], [93.68103, 25.423150000000003], [93.68415, 25.4202], [93.68667, 25.421270000000003], [93.68920000000001, 25.421000000000003], [93.69247000000001, 25.415370000000003], [93.69350000000001, 25.411920000000002], [93.69027000000001, 25.410030000000003], [93.68913, 25.403160000000003], [93.69027000000001, 25.399900000000002], [93.69293, 25.399720000000002], [93.69217, 25.387700000000002], [93.68894, 25.38753], [93.68780000000001, 25.38444], [93.68400000000001, 25.379970000000004], [93.68495, 25.376710000000003], [93.68, 25.369490000000003], [93.67658, 25.369320000000002], [93.67981, 25.361870000000003], [93.68899, 25.35778], [93.68766000000001, 25.34361], [93.68331, 25.3274], [93.68012, 25.325820000000004], [93.66829000000001, 25.324920000000002], [93.67015, 25.313480000000002], [93.66912, 25.307720000000003], [93.66229000000001, 25.3045], [93.66093000000001, 25.30046], [93.66179000000001, 25.29465], [93.6478, 25.275260000000003], [93.64753, 25.269900000000003], [93.64606, 25.26535], [93.63973000000001, 25.262130000000003], [93.63927000000001, 25.25626], [93.63425000000001, 25.246660000000002], [93.62803000000001, 25.23918], [93.62506, 25.23203], [93.61730000000001, 25.221200000000003], [93.60872, 25.20249], [93.60415, 25.19836], [93.60043, 25.20063], [93.59717, 25.198700000000002], [93.59327, 25.20062], [93.58918000000001, 25.20025], [93.58903000000001, 25.203010000000003], [93.59101000000001, 25.20746], [93.58815000000001, 25.210250000000002], [93.58647, 25.21629], [93.58424000000001, 25.21852], [93.58204, 25.218660000000003], [93.57786, 25.22237], [93.58186, 25.22858], [93.58756000000001, 25.22858], [93.59042000000001, 25.227200000000003], [93.59232, 25.22772], [93.59327, 25.23477], [93.59042000000001, 25.23786], [93.58376000000001, 25.251790000000003], [93.58471, 25.252480000000002], [93.58928, 25.25214], [93.58909000000001, 25.25833], [93.58756000000001, 25.261770000000002], [93.58737, 25.264860000000002], [93.58509000000001, 25.266240000000003], [93.5811, 25.267100000000003], [93.57863, 25.271400000000003], [93.57730000000001, 25.275350000000003], [93.57977000000001, 25.278450000000003], [93.58034, 25.28206], [93.57863, 25.28584], [93.57140000000001, 25.29203], [93.57178, 25.295640000000002], [93.57711, 25.301140000000004], [93.57996000000001, 25.300970000000003], [93.58205000000001, 25.29822], [93.5849, 25.296840000000003], [93.58966000000001, 25.2965], [93.59061000000001, 25.298560000000002], [93.58947, 25.301140000000004], [93.58737, 25.302860000000003], [93.58148000000001, 25.304920000000003], [93.58224000000001, 25.310250000000003], [93.58528000000001, 25.317300000000003], [93.58547, 25.31971], [93.57787, 25.32881], [93.57692, 25.327270000000002], [93.5733, 25.327610000000004], [93.56912000000001, 25.334660000000003], [93.56988000000001, 25.338780000000003], [93.57292000000001, 25.340670000000003], [93.5733, 25.346000000000004], [93.57083, 25.35545], [93.56760000000001, 25.356140000000003], [93.5657, 25.360780000000002], [93.55904000000001, 25.36542], [93.55771000000001, 25.368170000000003], [93.55752000000001, 25.370400000000004], [93.55163, 25.371090000000002], [93.54725, 25.372980000000002], [93.54383000000001, 25.372460000000004], [93.54231000000001, 25.369200000000003], [93.53965000000001, 25.368170000000003], [93.53566000000001, 25.369020000000003], [93.53280000000001, 25.373150000000003], [93.53242, 25.376070000000002], [93.53699, 25.380360000000003], [93.53585000000001, 25.384490000000003], [93.53661000000001, 25.386550000000003], [93.53927, 25.389300000000002], [93.52881000000001, 25.3972], [93.52197000000001, 25.406470000000002], [93.51626, 25.418670000000002], [93.51341000000001, 25.422620000000002], [93.51018, 25.43464], [93.50999, 25.4403], [93.50694000000001, 25.447860000000002], [93.50428000000001, 25.45164], [93.50276000000001, 25.457130000000003], [93.50314, 25.465200000000003], [93.50238, 25.47481], [93.50371000000001, 25.479450000000003], [93.51246, 25.48751], [93.52311, 25.494210000000002], [93.52900000000001, 25.496100000000002], [93.53775, 25.502270000000003], [93.55030000000001, 25.508450000000003], [93.5541, 25.509310000000003], [93.56113, 25.50794], [93.56912000000001, 25.508110000000002], [93.57882000000001, 25.51274], [93.58604000000001, 25.514110000000002], [93.59935, 25.514460000000003], [93.62103, 25.520120000000002], [93.62788, 25.523210000000002], [93.63231, 25.5177], [93.63439000000001, 25.50992], [93.63052, 25.50643], [93.63424, 25.499060000000004]]]}}, {"id": "111", "type": "Feature", "properties": {"state_name": "Nagaland", "district_name": "Peren", "block_name": "Peren", "block_lgd": 1857, "district_lgd": 613}, "geometry": {"type": "Polygon", "coordinates": [[[93.81602000000001, 25.5404], [93.81223000000001, 25.541480000000004], [93.80416000000001, 25.540560000000003], [93.77583000000001, 25.53414], [93.76818, 25.536920000000002], [93.76699, 25.53639], [93.76733, 25.532130000000002], [93.76529000000001, 25.52682], [93.76451, 25.521400000000003], [93.76564, 25.513820000000003], [93.76061000000001, 25.5116], [93.7621, 25.496000000000002], [93.76566000000001, 25.492860000000004], [93.76969000000001, 25.493920000000003], [93.78475, 25.502550000000003], [93.79353, 25.500420000000002], [93.80031000000001, 25.495050000000003], [93.80386000000001, 25.491570000000003], [93.81011000000001, 25.48073], [93.80521, 25.46159], [93.80144000000001, 25.45943], [93.79863, 25.45642], [93.79457000000001, 25.44994], [93.78994, 25.44468], [93.78640000000001, 25.439410000000002], [93.7843, 25.431910000000002], [93.78067, 25.42798], [93.77672000000001, 25.425530000000002], [93.77726000000001, 25.42076], [93.76062, 25.4142], [93.75655, 25.410190000000004], [93.74288000000001, 25.40181], [93.7382, 25.396020000000004], [93.73628000000001, 25.39129], [93.73752, 25.385540000000002], [93.73598000000001, 25.38052], [93.72719000000001, 25.37648], [93.7193, 25.371710000000004], [93.71519, 25.366500000000002], [93.71424, 25.357740000000003], [93.70779, 25.35424], [93.69619, 25.355590000000003], [93.68899, 25.35778], [93.67981, 25.361870000000003], [93.67658, 25.369320000000002], [93.68, 25.369490000000003], [93.68495, 25.376710000000003], [93.68400000000001, 25.379970000000004], [93.68780000000001, 25.38444], [93.68894, 25.38753], [93.69217, 25.387700000000002], [93.69293, 25.399720000000002], [93.69027000000001, 25.399900000000002], [93.68913, 25.403160000000003], [93.69027000000001, 25.410030000000003], [93.69350000000001, 25.411920000000002], [93.69247000000001, 25.415370000000003], [93.68920000000001, 25.421000000000003], [93.68667, 25.421270000000003], [93.68415, 25.4202], [93.68103, 25.423150000000003], [93.68029000000001, 25.428110000000004], [93.68177000000001, 25.43334], [93.68014000000001, 25.43616], [93.67732000000001, 25.439110000000003], [93.67123000000001, 25.439110000000003], [93.66929, 25.44246], [93.6687, 25.44676], [93.67331, 25.44837], [93.67227000000001, 25.451590000000003], [93.66246000000001, 25.458830000000003], [93.65652000000001, 25.46554], [93.64166, 25.47962], [93.63973000000001, 25.48713], [93.64330000000001, 25.491690000000002], [93.63899, 25.499460000000003], [93.63424, 25.499060000000004], [93.63052, 25.50643], [93.63439000000001, 25.50992], [93.63231, 25.5177], [93.62788, 25.523210000000002], [93.64309, 25.529560000000004], [93.64993000000001, 25.53402], [93.65164000000001, 25.53968], [93.65126000000001, 25.54569], [93.65012, 25.548430000000003], [93.65031, 25.55169], [93.65221000000001, 25.555290000000003], [93.64556, 25.56678], [93.64917000000001, 25.58754], [93.65459000000001, 25.589640000000003], [93.65911000000001, 25.59242], [93.66172, 25.592000000000002], [93.66671000000001, 25.59521], [93.67194, 25.596280000000004], [93.68692, 25.602290000000004], [93.68977000000001, 25.601000000000003], [93.68905000000001, 25.59671], [93.69096, 25.595000000000002], [93.69452000000001, 25.594140000000003], [93.69476, 25.58707], [93.69096, 25.58385], [93.68549, 25.58106], [93.68311000000001, 25.5772], [93.68335, 25.5727], [93.68169, 25.568630000000002], [93.68359000000001, 25.56434], [93.68311000000001, 25.55834], [93.6881, 25.55619], [93.69618000000001, 25.54869], [93.70213000000001, 25.546540000000004], [93.70474, 25.549120000000002], [93.71140000000001, 25.54697], [93.71282000000001, 25.54547], [93.71377000000001, 25.540750000000003], [93.72067000000001, 25.541400000000003], [93.72471, 25.543760000000002], [93.72518000000001, 25.548900000000003], [93.7278, 25.552120000000002], [93.73160000000001, 25.551470000000002], [93.73707, 25.551900000000003], [93.73897000000001, 25.55598], [93.74016, 25.56134], [93.73778, 25.56455], [93.74134000000001, 25.569490000000002], [93.75085000000001, 25.57785], [93.76416, 25.58621], [93.77248, 25.588350000000002], [93.78080000000001, 25.588780000000003], [93.79031, 25.59071], [93.81003000000001, 25.59157], [93.82548000000001, 25.56305], [93.82978000000001, 25.557360000000003], [93.82956, 25.552410000000002], [93.82136000000001, 25.552010000000003], [93.81965000000001, 25.54417], [93.81602000000001, 25.5404]]]}}]}