{"type": "FeatureCollection", "metadata": {"source": "Survey of India (per src_agency attribute in the source data)", "hosted_via": "National Water Data Portal (NWDP), NWIC, Ministry of Jal Shakti -- https://nwdp.nwic.gov.in/", "access": "public, no login required", "crs_original": "EPSG:7755 (WGS 84 / India NSF LCC)", "fetch_date": "2026-08-02", "quality": "verified-official -- Survey of India source", "state": "Assam", "district": "Tinsukia", "processing": "reprojected to EPSG:4326, topology-preserving simplify (shared-arc, tolerance 0.0005 deg) so adjacent polygons never overlap/gap at shared borders, coords rounded 5dp, 0 feature(s) needed the per-feature fallback", "feature_count": 1201}, "features": [{"id": "0", "type": "Feature", "properties": {"village_name": "Longpit", "vil_lgd": 290148, "district_name": "Tinsukia", "dist_lgd": 302, "subdistrict_name": "Doom Dooma", "sdcode": 2060, "block_name": "Saikhowa", "block_lgd": 92.0, "gp_name": "TALAP", "state_name": "ASSAM", "state_lgd": 18, "population": 0, "households": 0}, "geometry": {"type": "Polygon", "coordinates": [[[95.47419000000001, 27.69816], [95.46621, 27.701950000000004], [95.46949000000001, 27.70738], [95.47120000000001, 27.71104], [95.47847, 27.706870000000002], [95.47862, 27.705610000000004], [95.47605, 27.701060000000002], [95.47419000000001, 27.69816]]]}}, {"id": "1", "type": "Feature", "properties": {"village_name": "Tirap Reserved Forest", "vil_lgd": 999999, "district_name": "Tinsukia", "dist_lgd": 302, "subdistrict_name": "Margherita", "sdcode": 2062, "block_name": "", "block_lgd": null, "gp_name": "", "state_name": "ASSAM", "state_lgd": 18, "population": 0, "households": 0}, "geometry": {"type": "Polygon", "coordinates": [[[95.84226000000001, 27.30674], [95.84269, 27.309490000000004], [95.84023, 27.31671], [95.84177000000001, 27.315870000000004], [95.85001000000001, 27.314870000000003], [95.85874000000001, 27.313810000000004], [95.85874000000001, 27.317290000000003], [95.85061, 27.317500000000003], [95.84636, 27.325270000000003], [95.84595, 27.33021], [95.85576, 27.32879], [95.86146000000001, 27.328270000000003], [95.86845000000001, 27.318900000000003], [95.87294000000001, 27.319480000000002], [95.87672, 27.320800000000002], [95.87566000000001, 27.32278], [95.87214, 27.326590000000003], [95.86764000000001, 27.32747], [95.86719000000001, 27.329880000000003], [95.86643000000001, 27.331480000000003], [95.86642, 27.336700000000004], [95.86729000000001, 27.339920000000003], [95.86794, 27.34232], [95.87758000000001, 27.350610000000003], [95.88300000000001, 27.351950000000002], [95.90047000000001, 27.35115], [95.90740000000001, 27.352890000000002], [95.91071000000001, 27.3565], [95.91357, 27.36305], [95.91628000000001, 27.363590000000002], [95.91944000000001, 27.365730000000003], [95.92110000000001, 27.371480000000002], [95.93360000000001, 27.375090000000004], [95.94053000000001, 27.379230000000003], [95.95107, 27.37683], [95.95664000000001, 27.377760000000002], [95.96266000000001, 27.38004], [95.96402, 27.384320000000002], [95.96778, 27.386720000000004], [95.96778, 27.389000000000003], [95.96477, 27.390200000000004], [95.95, 27.390670000000004], [95.93480000000001, 27.392740000000003], [95.93435000000001, 27.396880000000003], [95.93045000000001, 27.401670000000003], [95.93450000000001, 27.40539], [95.93793000000001, 27.407320000000002], [95.95946, 27.40773], [95.97210000000001, 27.40705], [95.97848, 27.409000000000002], [95.98069000000001, 27.412200000000002], [95.98330000000001, 27.411830000000002], [95.98437000000001, 27.409640000000003], [95.98364000000001, 27.406270000000003], [95.98456, 27.40445], [95.98849000000001, 27.40377], [95.99242000000001, 27.399590000000003], [95.99349000000001, 27.396390000000004], [95.99647, 27.3946], [95.99823, 27.38784], [96.01788, 27.36943], [96.01775, 27.36492], [96.01270000000001, 27.36503], [96.00753, 27.360630000000004], [96.00248, 27.360740000000003], [95.99650000000001, 27.356360000000002], [95.99341000000001, 27.357920000000004], [95.98920000000001, 27.3565], [95.98838, 27.3547], [95.98870000000001, 27.352790000000002], [95.98663, 27.348450000000003], [95.98688000000001, 27.34561], [95.97654000000001, 27.337380000000003], [95.97148000000001, 27.336470000000002], [95.97101, 27.332860000000004], [95.96529000000001, 27.327880000000004], [95.96604, 27.325950000000002], [95.96772000000001, 27.325670000000002], [95.97209000000001, 27.327440000000003], [95.97584, 27.32514], [95.97556, 27.324460000000002], [95.96912, 27.32241], [95.96276, 27.323140000000002], [95.96131000000001, 27.32148], [95.96262, 27.319190000000003], [95.96191, 27.31689], [95.96102, 27.316440000000004], [95.95635000000001, 27.31809], [95.95505000000001, 27.317680000000003], [95.95495000000001, 27.316080000000003], [95.95656000000001, 27.31257], [95.95987000000001, 27.311790000000002], [95.96007, 27.31098], [95.95343000000001, 27.30892], [95.95001, 27.305500000000002], [95.94663000000001, 27.303790000000003], [95.94172, 27.30523], [95.93756, 27.30082], [95.93012, 27.30028], [95.92797, 27.298240000000003], [95.92432000000001, 27.296860000000002], [95.91799, 27.29134], [95.91478000000001, 27.29201], [95.91338, 27.289140000000003], [95.90873, 27.289600000000004], [95.90717000000001, 27.288970000000003], [95.90606000000001, 27.282220000000002], [95.90111, 27.283920000000002], [95.89721, 27.28216], [95.89709, 27.280540000000002], [95.90395000000001, 27.275570000000002], [95.90435000000001, 27.273920000000004], [95.90305000000001, 27.27351], [95.90136000000001, 27.274700000000003], [95.90008, 27.274250000000002], [95.89945, 27.268680000000003], [95.89522000000001, 27.268500000000003], [95.89356000000001, 27.267570000000003], [95.89462, 27.265500000000003], [95.89462, 27.261010000000002], [95.89418, 27.25692], [95.89243, 27.255280000000003], [95.88132, 27.255910000000004], [95.87650000000001, 27.25964], [95.87204000000001, 27.25918], [95.86937, 27.26002], [95.86613000000001, 27.26375], [95.86465000000001, 27.264370000000003], [95.86383000000001, 27.266440000000003], [95.86112000000001, 27.26706], [95.85830000000001, 27.270390000000003], [95.85643, 27.271060000000002], [95.85499, 27.273180000000004], [95.85501000000001, 27.276220000000002], [95.85382000000001, 27.279190000000003], [95.85563, 27.280410000000003], [95.85761000000001, 27.283640000000002], [95.85931000000001, 27.286620000000003], [95.85859, 27.287190000000002], [95.85050000000001, 27.286590000000004], [95.82332000000001, 27.27887], [95.81538, 27.278540000000003], [95.80522, 27.272980000000004], [95.80543, 27.27586], [95.80246000000001, 27.2755], [95.79945000000001, 27.276550000000004], [95.80053000000001, 27.27889], [95.80009000000001, 27.28], [95.80113000000001, 27.280410000000003], [95.80262, 27.282940000000004], [95.80196000000001, 27.28421], [95.80090000000001, 27.284260000000003], [95.79954000000001, 27.28234], [95.79750000000001, 27.281660000000002], [95.79522000000001, 27.28253], [95.79101000000001, 27.279310000000002], [95.78825, 27.278850000000002], [95.78894000000001, 27.278010000000002], [95.78818000000001, 27.27672], [95.78358000000001, 27.27363], [95.78138000000001, 27.27306], [95.7792, 27.269660000000002], [95.77792000000001, 27.270750000000003], [95.77683, 27.269630000000003], [95.77525000000001, 27.270410000000002], [95.77398000000001, 27.26939], [95.76852000000001, 27.269170000000003], [95.76816000000001, 27.267760000000003], [95.76531000000001, 27.267310000000002], [95.76215, 27.267290000000003], [95.75686, 27.26864], [95.74770000000001, 27.26575], [95.74593, 27.26685], [95.74209, 27.266640000000002], [95.73617, 27.263240000000003], [95.73477000000001, 27.260440000000003], [95.72708, 27.259600000000002], [95.72604000000001, 27.25719], [95.72272000000001, 27.254440000000002], [95.72021000000001, 27.249480000000002], [95.71378000000001, 27.25024], [95.71197000000001, 27.252840000000003], [95.71015000000001, 27.252430000000004], [95.70788, 27.25006], [95.70151000000001, 27.24857], [95.69653000000001, 27.251730000000002], [95.69154, 27.253230000000002], [95.67980000000001, 27.251150000000003], [95.67603000000001, 27.24696], [95.66934, 27.244280000000003], [95.67413, 27.25841], [95.67578, 27.262300000000003], [95.68376, 27.26497], [95.68858, 27.266050000000003], [95.71358000000001, 27.272340000000003], [95.72126, 27.275820000000003], [95.72382, 27.276220000000002], [95.72653000000001, 27.27287], [95.72909000000001, 27.271130000000003], [95.73195000000001, 27.272340000000003], [95.73406000000001, 27.272740000000002], [95.73421, 27.278760000000002], [95.72954000000001, 27.282110000000003], [95.73344, 27.285410000000002], [95.73633000000001, 27.283360000000002], [95.73729, 27.285470000000004], [95.73633000000001, 27.286630000000002], [95.73372, 27.286630000000002], [95.73144, 27.29014], [95.72924, 27.29081], [95.73421, 27.295620000000003], [95.73858000000001, 27.297770000000003], [95.74234000000001, 27.28733], [95.74521000000001, 27.281440000000003], [95.74822, 27.279700000000002], [95.75319, 27.279700000000002], [95.75951, 27.285190000000004], [95.76418000000001, 27.288000000000004], [95.77292000000001, 27.290270000000003], [95.77969, 27.29134], [95.78707000000001, 27.296030000000002], [95.80650000000001, 27.301910000000003], [95.82596000000001, 27.31079], [95.82773, 27.31182], [95.82809, 27.311970000000002], [95.82919000000001, 27.3077], [95.83192000000001, 27.305100000000003], [95.83852, 27.3043], [95.84073000000001, 27.304800000000004], [95.84226000000001, 27.30674]], [[95.83828000000001, 27.30384], [95.83861, 27.30242], [95.84125, 27.3012], [95.84303000000001, 27.30094], [95.84377, 27.304240000000004], [95.84199000000001, 27.305290000000003], [95.84073000000001, 27.304800000000004], [95.83828000000001, 27.30384]], [[95.87484, 27.33208], [95.87646000000001, 27.333730000000003], [95.87403, 27.336270000000003], [95.87269, 27.334490000000002], [95.87484, 27.33208]], [[95.86969, 27.338680000000004], [95.87181000000001, 27.337770000000003], [95.87287, 27.33911], [95.87166, 27.34165], [95.86940000000001, 27.33978], [95.86969, 27.338680000000004]], [[95.92352000000001, 27.364710000000002], [95.92504000000001, 27.364710000000002], [95.92694, 27.364880000000003], [95.92637, 27.367240000000002], [95.92371000000001, 27.368430000000004], [95.92242, 27.36625], [95.92352000000001, 27.364710000000002]], [[95.93293000000001, 27.34513], [95.93621, 27.34437], [95.93763000000001, 27.34615], [95.93692000000001, 27.348170000000003], [95.93407, 27.34906], [95.9325, 27.347160000000002], [95.93293000000001, 27.34513]], [[95.84809000000001, 27.306770000000004], [95.85017, 27.305320000000002], [95.85373000000001, 27.3077], [95.85225000000001, 27.310070000000003], [95.84972, 27.3106], [95.84809000000001, 27.308220000000002], [95.84809000000001, 27.306770000000004]], [[95.98156, 27.364390000000004], [95.98427000000001, 27.362740000000002], [95.98740000000001, 27.363370000000003], [95.98826000000001, 27.36578], [95.98655000000001, 27.367300000000004], [95.98270000000001, 27.367430000000002], [95.98141000000001, 27.36531], [95.98156, 27.364390000000004]], [[95.96972000000001, 27.378950000000003], [95.97343000000001, 27.37946], [95.974, 27.38174], [95.97215000000001, 27.384140000000002], [95.96787, 27.384140000000002], [95.96740000000001, 27.381220000000003], [95.96972000000001, 27.378950000000003]], [[95.86117, 27.31511], [95.86354000000001, 27.313260000000003], [95.86666000000001, 27.313000000000002], [95.8683, 27.31603], [95.86488000000001, 27.318540000000002], [95.86146000000001, 27.318410000000004], [95.86117, 27.31511]], [[95.87902000000001, 27.331580000000002], [95.87531000000001, 27.33095], [95.87360000000001, 27.329430000000002], [95.87360000000001, 27.3274], [95.87423000000001, 27.326130000000003], [95.87617, 27.326130000000003], [95.87917, 27.326130000000003], [95.88145, 27.327900000000003], [95.88145, 27.33031], [95.87902000000001, 27.331580000000002]], [[95.92580000000001, 27.32195], [95.92637, 27.32448], [95.9248, 27.326510000000003], [95.92009, 27.327650000000002], [95.91831, 27.325120000000002], [95.92009, 27.32195], [95.92580000000001, 27.32195]], [[95.88506000000001, 27.30985], [95.88996, 27.307360000000003], [95.89382, 27.308950000000003], [95.89204000000001, 27.312640000000002], [95.88817, 27.314490000000003], [95.88520000000001, 27.312910000000002], [95.88506000000001, 27.30985]], [[95.99781, 27.36895], [96.00295000000001, 27.370210000000004], [96.00380000000001, 27.373120000000004], [96.00209000000001, 27.375780000000002], [95.99539000000001, 27.375780000000002], [95.99534000000001, 27.37356], [95.99781, 27.36895]]]}}, {"id": "2", "type": "Feature", "properties": {"village_name": "Malbhuk Chapari", "vil_lgd": 289979, "district_name": "Tinsukia", "dist_lgd": 302, "subdistrict_name": "Sadiya", "sdcode": 2059, "block_name": "Sadiya", "block_lgd": 91.0, "gp_name": "NA SADIYA", "state_name": "ASSAM", "state_lgd": 18, "population": 136, "households": 27}, "geometry": {"type": "Polygon", "coordinates": [[[95.81221000000001, 27.805590000000002], [95.81219, 27.807070000000003], [95.81454000000001, 27.80779], [95.81517000000001, 27.805090000000003], [95.81221000000001, 27.805590000000002]]]}}, {"id": "3", "type": "Feature", "properties": {"village_name": "Tupsinga Gaon N C", "vil_lgd": 289991, "district_name": "Tinsukia", "dist_lgd": 302, "subdistrict_name": "Sadiya", "sdcode": 2059, "block_name": "Sadiya", "block_lgd": 91.0, "gp_name": "BORJHIYA", "state_name": "ASSAM", "state_lgd": 18, "population": 952, "households": 183}, "geometry": {"type": "Polygon", "coordinates": [[[95.80165000000001, 27.908810000000003], [95.80002, 27.912100000000002], [95.80017000000001, 27.91551], [95.80314000000001, 27.923650000000002], [95.80967000000001, 27.92601], [95.8174, 27.926540000000003], [95.82275000000001, 27.927850000000003], [95.82676000000001, 27.93192], [95.83359, 27.931790000000003], [95.83567000000001, 27.928900000000002], [95.82943, 27.924830000000004], [95.82750000000001, 27.922200000000004], [95.82854, 27.91512], [95.81651000000001, 27.910650000000004], [95.80819000000001, 27.909080000000003], [95.80165000000001, 27.908810000000003]]]}}, {"id": "4", "type": "Feature", "properties": {"village_name": "Hilaguri Chapari N C", "vil_lgd": 290023, "district_name": "Tinsukia", "dist_lgd": 302, "subdistrict_name": "Sadiya", "sdcode": 2059, "block_name": "Sadiya", "block_lgd": 91.0, "gp_name": "NA SADIYA", "state_name": "ASSAM", "state_lgd": 18, "population": 8, "households": 7}, "geometry": {"type": "Polygon", "coordinates": [[[95.83393000000001, 27.827360000000002], [95.83448000000001, 27.82869], [95.83726000000001, 27.82869], [95.83707000000001, 27.82654], [95.83478000000001, 27.826620000000002], [95.83393000000001, 27.827360000000002]]]}}, {"id": "5", "type": "Feature", "properties": {"village_name": "Bhim Chapari", "vil_lgd": 290024, "district_name": "Tinsukia", "dist_lgd": 302, "subdistrict_name": "Sadiya", "sdcode": 2059, "block_name": "Sadiya", "block_lgd": 91.0, "gp_name": "SUNPURA", "state_name": "ASSAM", "state_lgd": 18, "population": 11, "households": 3}, "geometry": {"type": "Polygon", "coordinates": [[[95.81228, 27.844230000000003], [95.81540000000001, 27.8441], [95.81451000000001, 27.841990000000003], [95.81659, 27.835030000000003], [95.81867000000001, 27.833060000000003], [95.82297000000001, 27.833720000000003], [95.82253000000001, 27.831750000000003], [95.82060000000001, 27.830040000000004], [95.82084, 27.827060000000003], [95.81907000000001, 27.82355], [95.81536000000001, 27.820600000000002], [95.81171, 27.81595], [95.80852, 27.808500000000002], [95.80560000000001, 27.805550000000004], [95.80028, 27.802650000000003], [95.78248, 27.77898], [95.77009000000001, 27.771960000000004], [95.76577, 27.768620000000002], [95.75890000000001, 27.768760000000004], [95.74587000000001, 27.77596], [95.7416, 27.779510000000002], [95.73875000000001, 27.785570000000003], [95.73813000000001, 27.79107], [95.74081000000001, 27.794610000000002], [95.74560000000001, 27.796650000000003], [95.74805, 27.801270000000002], [95.75142000000001, 27.805290000000003], [95.74893, 27.81059], [95.72717, 27.81445], [95.72708, 27.820300000000003], [95.72812, 27.823590000000003], [95.73005, 27.825560000000003], [95.7334, 27.82702], [95.7429, 27.82833], [95.76207000000001, 27.828730000000004], [95.76385, 27.829120000000003], [95.77232000000001, 27.82965], [95.77663000000001, 27.82965], [95.77752000000001, 27.827280000000002], [95.78108, 27.823870000000003], [95.78331000000001, 27.823870000000003], [95.78881000000001, 27.82768], [95.78524, 27.829780000000003], [95.78123000000001, 27.83359], [95.7839, 27.837920000000004], [95.79133, 27.840020000000003], [95.80247000000001, 27.845540000000003], [95.80218, 27.84738], [95.79787, 27.847510000000003], [95.79995000000001, 27.84935], [95.81020000000001, 27.84672], [95.81228, 27.844230000000003]]]}}, {"id": "6", "type": "Feature", "properties": {"village_name": "Upper Nasai", "vil_lgd": 289989, "district_name": "Tinsukia", "dist_lgd": 302, "subdistrict_name": "Sadiya", "sdcode": 2059, "block_name": "Sadiya", "block_lgd": 91.0, "gp_name": "BORJHIYA", "state_name": "ASSAM", "state_lgd": 18, "population": 580, "households": 103}, "geometry": {"type": "Polygon", "coordinates": [[[95.79942000000001, 27.886630000000004], [95.79703, 27.886160000000004], [95.79021, 27.885180000000002], [95.78086, 27.886760000000002], [95.77907, 27.887420000000002], [95.77759, 27.889780000000002], [95.78398000000001, 27.889650000000003], [95.78546000000001, 27.891090000000002], [95.78546000000001, 27.89674], [95.80254000000001, 27.898180000000004], [95.80254000000001, 27.889380000000003], [95.79942000000001, 27.886630000000004]]]}}, {"id": "7", "type": "Feature", "properties": {"village_name": "Nasai Gaon N C", "vil_lgd": 289988, "district_name": "Tinsukia", "dist_lgd": 302, "subdistrict_name": "Sadiya", "sdcode": 2059, "block_name": "Sadiya", "block_lgd": 91.0, "gp_name": "BORJHIYA", "state_name": "ASSAM", "state_lgd": 18, "population": 333, "households": 70}, "geometry": {"type": "Polygon", "coordinates": [[[95.80537000000001, 27.885180000000002], [95.79703, 27.886160000000004], [95.79942000000001, 27.886630000000004], [95.80254000000001, 27.889380000000003], [95.80254000000001, 27.898180000000004], [95.80804, 27.90041], [95.81294000000001, 27.901200000000003], [95.82096000000001, 27.90133], [95.82141000000001, 27.900150000000004], [95.81725, 27.889910000000004], [95.81428000000001, 27.8865], [95.80537000000001, 27.885180000000002]]]}}, {"id": "8", "type": "Feature", "properties": {"village_name": "Majgaon", "vil_lgd": 289987, "district_name": "Tinsukia", "dist_lgd": 302, "subdistrict_name": "Sadiya", "sdcode": 2059, "block_name": "Sadiya", "block_lgd": 91.0, "gp_name": "HOLLOW GAON", "state_name": "ASSAM", "state_lgd": 18, "population": 717, "households": 142}, "geometry": {"type": "Polygon", "coordinates": [[[95.78279, 27.86877], [95.77744000000001, 27.870210000000004], [95.77417000000001, 27.875200000000003], [95.7715, 27.8773], [95.76897000000001, 27.879140000000003], [95.76853000000001, 27.88361], [95.77759, 27.889780000000002], [95.77907, 27.887420000000002], [95.78086, 27.886760000000002], [95.79021, 27.885180000000002], [95.79319000000001, 27.881510000000002], [95.79319000000001, 27.876910000000002], [95.79155, 27.872970000000002], [95.78888, 27.87008], [95.78279, 27.86877]]]}}, {"id": "9", "type": "Feature", "properties": {"village_name": "Chapakhowa", "vil_lgd": 289968, "district_name": "Tinsukia", "dist_lgd": 302, "subdistrict_name": "Sadiya", "sdcode": 2059, "block_name": "Sadiya", "block_lgd": 91.0, "gp_name": "NAGAON", "state_name": "ASSAM", "state_lgd": 18, "population": 385, "households": 80}, "geometry": {"type": "Polygon", "coordinates": [[[95.76006000000001, 27.882820000000002], [95.75798, 27.889120000000002], [95.76258000000001, 27.893850000000004], [95.77209, 27.89542], [95.77462000000001, 27.89516], [95.77759, 27.889780000000002], [95.76853000000001, 27.88361], [95.76333000000001, 27.882820000000002], [95.76006000000001, 27.882820000000002]]]}}, {"id": "10", "type": "Feature", "properties": {"village_name": "Rajmao Na Paglam", "vil_lgd": 289969, "district_name": "Tinsukia", "dist_lgd": 302, "subdistrict_name": "Sadiya", "sdcode": 2059, "block_name": "Sadiya", "block_lgd": 91.0, "gp_name": "NAGAON", "state_name": "ASSAM", "state_lgd": 18, "population": 349, "households": 71}, "geometry": {"type": "Polygon", "coordinates": [[[95.76154000000001, 27.86588], [95.75813000000001, 27.866410000000002], [95.75263000000001, 27.874280000000002], [95.74862, 27.87573], [95.75144, 27.877570000000002], [95.7556, 27.882030000000004], [95.76006000000001, 27.882820000000002], [95.76333000000001, 27.882820000000002], [95.76853000000001, 27.88361], [95.76897000000001, 27.879140000000003], [95.7715, 27.8773], [95.76882, 27.86916], [95.76615000000001, 27.86719], [95.76154000000001, 27.86588]]]}}, {"id": "11", "type": "Feature", "properties": {"village_name": "Kundil Nagar", "vil_lgd": 289967, "district_name": "Tinsukia", "dist_lgd": 302, "subdistrict_name": "Sadiya", "sdcode": 2059, "block_name": "Sadiya", "block_lgd": 91.0, "gp_name": "NAGAON", "state_name": "ASSAM", "state_lgd": 18, "population": 344, "households": 75}, "geometry": {"type": "Polygon", "coordinates": [[[95.74223, 27.86877], [95.73733000000001, 27.87665], [95.74684, 27.88387], [95.74832, 27.88492], [95.75025000000001, 27.885710000000003], [95.75590000000001, 27.888990000000003], [95.75798, 27.889120000000002], [95.76006000000001, 27.882820000000002], [95.7556, 27.882030000000004], [95.75144, 27.877570000000002], [95.74862, 27.87573], [95.74595000000001, 27.873230000000003], [95.74506000000001, 27.870210000000004], [95.74223, 27.86877]]]}}, {"id": "12", "type": "Feature", "properties": {"village_name": "Kundil Najia", "vil_lgd": 289964, "district_name": "Tinsukia", "dist_lgd": 302, "subdistrict_name": "Sadiya", "sdcode": 2059, "block_name": "Sadiya", "block_lgd": 91.0, "gp_name": "NAGAON", "state_name": "ASSAM", "state_lgd": 18, "population": 659, "households": 136}, "geometry": {"type": "Polygon", "coordinates": [[[95.73733000000001, 27.87665], [95.7305, 27.876780000000004], [95.73065000000001, 27.88229], [95.73154000000001, 27.884000000000004], [95.73525000000001, 27.883080000000003], [95.73941, 27.88426], [95.7458, 27.88728], [95.74832, 27.88492], [95.74684, 27.88387], [95.73733000000001, 27.87665]]]}}, {"id": "13", "type": "Feature", "properties": {"village_name": "Chapakhowa", "vil_lgd": 289962, "district_name": "Tinsukia", "dist_lgd": 302, "subdistrict_name": "Sadiya", "sdcode": 2059, "block_name": "Sadiya", "block_lgd": 91.0, "gp_name": "NAGAON", "state_name": "ASSAM", "state_lgd": 18, "population": 554, "households": 114}, "geometry": {"type": "Polygon", "coordinates": [[[95.74832, 27.88492], [95.7458, 27.88728], [95.74104000000001, 27.893320000000003], [95.73317, 27.895950000000003], [95.73228, 27.897520000000004], [95.73718000000001, 27.90041], [95.74149000000001, 27.903430000000004], [95.74639, 27.904480000000003], [95.75590000000001, 27.888990000000003], [95.75025000000001, 27.885710000000003], [95.74832, 27.88492]]]}}, {"id": "14", "type": "Feature", "properties": {"village_name": "Patidai Nagaon", "vil_lgd": 289963, "district_name": "Tinsukia", "dist_lgd": 302, "subdistrict_name": "Sadiya", "sdcode": 2059, "block_name": "Sadiya", "block_lgd": 91.0, "gp_name": "NAGAON", "state_name": "ASSAM", "state_lgd": 18, "population": 534, "households": 118}, "geometry": {"type": "Polygon", "coordinates": [[[95.73525000000001, 27.883080000000003], [95.73154000000001, 27.884000000000004], [95.72649000000001, 27.888990000000003], [95.72470000000001, 27.891620000000003], [95.72203, 27.893720000000002], [95.72961000000001, 27.89516], [95.73317, 27.895950000000003], [95.74104000000001, 27.893320000000003], [95.7458, 27.88728], [95.73941, 27.88426], [95.73525000000001, 27.883080000000003]]]}}, {"id": "15", "type": "Feature", "properties": {"village_name": "Buraburi", "vil_lgd": 290028, "district_name": "Tinsukia", "dist_lgd": 302, "subdistrict_name": "Sadiya", "sdcode": 2059, "block_name": "Sadiya", "block_lgd": 91.0, "gp_name": "BURABURI", "state_name": "ASSAM", "state_lgd": 18, "population": 36, "households": 6}, "geometry": {"type": "Polygon", "coordinates": [[[95.74097, 27.82991], [95.74469, 27.831350000000004], [95.74469, 27.82899], [95.7429, 27.82833], [95.7334, 27.82702], [95.73005, 27.825560000000003], [95.72545000000001, 27.832390000000004], [95.73332, 27.837120000000002], [95.73518000000001, 27.83648], [95.73800000000001, 27.832140000000003], [95.74097, 27.82991]]]}}, {"id": "16", "type": "Feature", "properties": {"village_name": "Gohain Gaon", "vil_lgd": 289978, "district_name": "Tinsukia", "dist_lgd": 302, "subdistrict_name": "Sadiya", "sdcode": 2059, "block_name": "Sadiya", "block_lgd": 91.0, "gp_name": "NA SADIYA", "state_name": "ASSAM", "state_lgd": 18, "population": 334, "households": 58}, "geometry": {"type": "Polygon", "coordinates": [[[95.74097, 27.82991], [95.73800000000001, 27.832140000000003], [95.73518000000001, 27.83648], [95.73845000000001, 27.83753], [95.74068000000001, 27.838050000000003], [95.74424, 27.834770000000002], [95.74469, 27.831350000000004], [95.74097, 27.82991]]]}}, {"id": "17", "type": "Feature", "properties": {"village_name": "Lakhimpuria", "vil_lgd": 289975, "district_name": "Tinsukia", "dist_lgd": 302, "subdistrict_name": "Sadiya", "sdcode": 2059, "block_name": "Sadiya", "block_lgd": 91.0, "gp_name": "NA SADIYA", "state_name": "ASSAM", "state_lgd": 18, "population": 350, "households": 73}, "geometry": {"type": "Polygon", "coordinates": [[[95.73518000000001, 27.83648], [95.73332, 27.837120000000002], [95.73495000000001, 27.842370000000003], [95.73436000000001, 27.843550000000004], [95.73622, 27.844490000000004], [95.73830000000001, 27.84344], [95.74083, 27.840550000000004], [95.74068000000001, 27.838050000000003], [95.73845000000001, 27.83753], [95.73518000000001, 27.83648]]]}}, {"id": "18", "type": "Feature", "properties": {"village_name": "Bishnupur Bhatikhuti", "vil_lgd": 289965, "district_name": "Tinsukia", "dist_lgd": 302, "subdistrict_name": "Sadiya", "sdcode": 2059, "block_name": "Sadiya", "block_lgd": 91.0, "gp_name": "NAGAON", "state_name": "ASSAM", "state_lgd": 18, "population": 579, "households": 113}, "geometry": {"type": "Polygon", "coordinates": [[[95.73228, 27.847890000000003], [95.73065000000001, 27.849200000000003], [95.72916000000001, 27.852750000000004], [95.72500000000001, 27.857740000000003], [95.73162, 27.86288], [95.74223, 27.86877], [95.74796, 27.862350000000003], [95.74959000000001, 27.858410000000003], [95.74766000000001, 27.85657], [95.73563000000001, 27.850530000000003], [95.73228, 27.847890000000003]]]}}, {"id": "19", "type": "Feature", "properties": {"village_name": "Boiragi Math", "vil_lgd": 289972, "district_name": "Tinsukia", "dist_lgd": 302, "subdistrict_name": "Sadiya", "sdcode": 2059, "block_name": "Sadiya", "block_lgd": 91.0, "gp_name": "NA SADIYA", "state_name": "ASSAM", "state_lgd": 18, "population": 522, "households": 111}, "geometry": {"type": "Polygon", "coordinates": [[[95.73830000000001, 27.84344], [95.73622, 27.844490000000004], [95.73436000000001, 27.843550000000004], [95.73228, 27.843550000000004], [95.73035, 27.844600000000003], [95.73228, 27.847890000000003], [95.73563000000001, 27.850530000000003], [95.74766000000001, 27.85657], [95.74959000000001, 27.858410000000003], [95.75197000000001, 27.854870000000002], [95.74989000000001, 27.850530000000003], [95.74588000000001, 27.848170000000003], [95.74409000000001, 27.846200000000003], [95.73830000000001, 27.84344]]]}}, {"id": "20", "type": "Feature", "properties": {"village_name": "Mugalpur", "vil_lgd": 289966, "district_name": "Tinsukia", "dist_lgd": 302, "subdistrict_name": "Sadiya", "sdcode": 2059, "block_name": "Sadiya", "block_lgd": 91.0, "gp_name": "NAGAON", "state_name": "ASSAM", "state_lgd": 18, "population": 445, "households": 89}, "geometry": {"type": "Polygon", "coordinates": [[[95.74959000000001, 27.858410000000003], [95.74796, 27.862350000000003], [95.74223, 27.86877], [95.74506000000001, 27.870210000000004], [95.74595000000001, 27.873230000000003], [95.74862, 27.87573], [95.75263000000001, 27.874280000000002], [95.75813000000001, 27.866410000000002], [95.75063, 27.86445], [95.74989000000001, 27.862750000000002], [95.74959000000001, 27.858410000000003]]]}}, {"id": "21", "type": "Feature", "properties": {"village_name": "Kundil Kinar", "vil_lgd": 289971, "district_name": "Tinsukia", "dist_lgd": 302, "subdistrict_name": "Sadiya", "sdcode": 2059, "block_name": "Sadiya", "block_lgd": 91.0, "gp_name": "NA SADIYA", "state_name": "ASSAM", "state_lgd": 18, "population": 723, "households": 147}, "geometry": {"type": "Polygon", "coordinates": [[[95.75598000000001, 27.85001], [95.75197000000001, 27.854870000000002], [95.74959000000001, 27.858410000000003], [95.74989000000001, 27.862750000000002], [95.75063, 27.86445], [95.75813000000001, 27.866410000000002], [95.76154000000001, 27.86588], [95.76727000000001, 27.858020000000003], [95.76801, 27.8546], [95.75761000000001, 27.852770000000003], [95.75657000000001, 27.85093], [95.75598000000001, 27.85001]]]}}, {"id": "22", "type": "Feature", "properties": {"village_name": "Padumphula Gaon", "vil_lgd": 289974, "district_name": "Tinsukia", "dist_lgd": 302, "subdistrict_name": "Sadiya", "sdcode": 2059, "block_name": "Sadiya", "block_lgd": 91.0, "gp_name": "SADIYA", "state_name": "ASSAM", "state_lgd": 18, "population": 448, "households": 82}, "geometry": {"type": "Polygon", "coordinates": [[[95.7429, 27.82833], [95.74469, 27.82899], [95.74469, 27.831350000000004], [95.74424, 27.834770000000002], [95.74068000000001, 27.838050000000003], [95.74454000000001, 27.840020000000003], [95.75048000000001, 27.840550000000004], [95.7539, 27.841730000000002], [95.75831000000001, 27.84522], [95.76014, 27.842650000000003], [95.76459000000001, 27.84147], [95.76385, 27.829120000000003], [95.76207000000001, 27.828730000000004], [95.7429, 27.82833]]]}}, {"id": "23", "type": "Feature", "properties": {"village_name": "Boiragimath", "vil_lgd": 289973, "district_name": "Tinsukia", "dist_lgd": 302, "subdistrict_name": "Sadiya", "sdcode": 2059, "block_name": "Sadiya", "block_lgd": 91.0, "gp_name": "NA SADIYA", "state_name": "ASSAM", "state_lgd": 18, "population": 158, "households": 39}, "geometry": {"type": "Polygon", "coordinates": [[[95.74068000000001, 27.838050000000003], [95.74083, 27.840550000000004], [95.73830000000001, 27.84344], [95.74409000000001, 27.846200000000003], [95.74588000000001, 27.848170000000003], [95.74989000000001, 27.850530000000003], [95.75197000000001, 27.854870000000002], [95.75598000000001, 27.85001], [95.75831000000001, 27.84522], [95.7539, 27.841730000000002], [95.75048000000001, 27.840550000000004], [95.74454000000001, 27.840020000000003], [95.74068000000001, 27.838050000000003]]]}}, {"id": "24", "type": "Feature", "properties": {"village_name": "Bacha Gaon", "vil_lgd": 289980, "district_name": "Tinsukia", "dist_lgd": 302, "subdistrict_name": "Sadiya", "sdcode": 2059, "block_name": "Sadiya", "block_lgd": 91.0, "gp_name": "NA SADIYA", "state_name": "ASSAM", "state_lgd": 18, "population": 87, "households": 16}, "geometry": {"type": "Polygon", "coordinates": [[[95.76385, 27.829120000000003], [95.76459000000001, 27.84147], [95.7689, 27.843180000000004], [95.77083, 27.84108], [95.76950000000001, 27.838710000000003], [95.77232000000001, 27.82965], [95.76385, 27.829120000000003]]]}}, {"id": "25", "type": "Feature", "properties": {"village_name": "Na Basa Gaon", "vil_lgd": 289982, "district_name": "Tinsukia", "dist_lgd": 302, "subdistrict_name": "Sadiya", "sdcode": 2059, "block_name": "Sadiya", "block_lgd": 91.0, "gp_name": "NA SADIYA", "state_name": "ASSAM", "state_lgd": 18, "population": 263, "households": 48}, "geometry": {"type": "Polygon", "coordinates": [[[95.78524, 27.845940000000002], [95.77737, 27.846200000000003], [95.77499, 27.84278], [95.77083, 27.84108], [95.7689, 27.843180000000004], [95.77796000000001, 27.849090000000004], [95.78034000000001, 27.848430000000004], [95.78970000000001, 27.85066], [95.79104000000001, 27.847910000000002], [95.78524, 27.845940000000002]]]}}, {"id": "26", "type": "Feature", "properties": {"village_name": "Bacha Gaon", "vil_lgd": 289981, "district_name": "Tinsukia", "dist_lgd": 302, "subdistrict_name": "Sadiya", "sdcode": 2059, "block_name": "Sadiya", "block_lgd": 91.0, "gp_name": "NA SADIYA", "state_name": "ASSAM", "state_lgd": 18, "population": 405, "households": 79}, "geometry": {"type": "Polygon", "coordinates": [[[95.77232000000001, 27.82965], [95.76950000000001, 27.838710000000003], [95.77083, 27.84108], [95.77499, 27.84278], [95.78361000000001, 27.839370000000002], [95.7839, 27.837920000000004], [95.78123000000001, 27.83359], [95.77663000000001, 27.82965], [95.77232000000001, 27.82965]]]}}, {"id": "27", "type": "Feature", "properties": {"village_name": "Eka Basti", "vil_lgd": 290038, "district_name": "Tinsukia", "dist_lgd": 302, "subdistrict_name": "Sadiya", "sdcode": 2059, "block_name": "Sadiya", "block_lgd": 91.0, "gp_name": "SUNPURA", "state_name": "ASSAM", "state_lgd": 18, "population": 0, "households": 0}, "geometry": {"type": "Polygon", "coordinates": [[[95.78108, 27.823870000000003], [95.77752000000001, 27.827280000000002], [95.77663000000001, 27.82965], [95.78123000000001, 27.83359], [95.78524, 27.829780000000003], [95.78881000000001, 27.82768], [95.78331000000001, 27.823870000000003], [95.78108, 27.823870000000003]]]}}, {"id": "28", "type": "Feature", "properties": {"village_name": "Bhabala", "vil_lgd": 290016, "district_name": "Tinsukia", "dist_lgd": 302, "subdistrict_name": "Sadiya", "sdcode": 2059, "block_name": "Sadiya", "block_lgd": 91.0, "gp_name": "NA SADIYA", "state_name": "ASSAM", "state_lgd": 18, "population": 398, "households": 77}, "geometry": {"type": "Polygon", "coordinates": [[[95.7839, 27.837920000000004], [95.78361000000001, 27.839370000000002], [95.77499, 27.84278], [95.77737, 27.846200000000003], [95.78524, 27.845940000000002], [95.79104000000001, 27.847910000000002], [95.79787, 27.847510000000003], [95.80218, 27.84738], [95.80247000000001, 27.845540000000003], [95.79133, 27.840020000000003], [95.7839, 27.837920000000004]]]}}, {"id": "29", "type": "Feature", "properties": {"village_name": "Doom Pathar", "vil_lgd": 289970, "district_name": "Tinsukia", "dist_lgd": 302, "subdistrict_name": "Sadiya", "sdcode": 2059, "block_name": "Sadiya", "block_lgd": 91.0, "gp_name": "NA SADIYA", "state_name": "ASSAM", "state_lgd": 18, "population": 1124, "households": 231}, "geometry": {"type": "Polygon", "coordinates": [[[95.7793, 27.8546], [95.77618000000001, 27.85565], [95.76801, 27.8546], [95.76727000000001, 27.858020000000003], [95.76154000000001, 27.86588], [95.76615000000001, 27.86719], [95.76882, 27.86916], [95.7715, 27.8773], [95.77417000000001, 27.875200000000003], [95.77744000000001, 27.870210000000004], [95.78004000000001, 27.857360000000003], [95.7793, 27.8546]]]}}, {"id": "30", "type": "Feature", "properties": {"village_name": "Hollow Gaon", "vil_lgd": 289985, "district_name": "Tinsukia", "dist_lgd": 302, "subdistrict_name": "Sadiya", "sdcode": 2059, "block_name": "Sadiya", "block_lgd": 91.0, "gp_name": "HOLLOW GAON", "state_name": "ASSAM", "state_lgd": 18, "population": 679, "households": 138}, "geometry": {"type": "Polygon", "coordinates": [[[95.78688000000001, 27.865640000000003], [95.79133, 27.86577], [95.79356000000001, 27.86288], [95.79356000000001, 27.85986], [95.79193000000001, 27.855000000000004], [95.78435, 27.85789], [95.78004000000001, 27.857360000000003], [95.77744000000001, 27.870210000000004], [95.78279, 27.86877], [95.78688000000001, 27.865640000000003]]]}}, {"id": "31", "type": "Feature", "properties": {"village_name": "Telikola Hollow", "vil_lgd": 289986, "district_name": "Tinsukia", "dist_lgd": 302, "subdistrict_name": "Sadiya", "sdcode": 2059, "block_name": "Sadiya", "block_lgd": 91.0, "gp_name": "HALLOW GAON", "state_name": "ASSAM", "state_lgd": 18, "population": 1309, "households": 250}, "geometry": {"type": "Polygon", "coordinates": [[[95.79356000000001, 27.85986], [95.79356000000001, 27.86288], [95.79133, 27.86577], [95.79386000000001, 27.870890000000003], [95.79727000000001, 27.872860000000003], [95.80351, 27.873250000000002], [95.80723, 27.871810000000004], [95.8096, 27.86747], [95.8096, 27.86485], [95.80678, 27.862750000000002], [95.79831, 27.861430000000002], [95.79356000000001, 27.85986]]]}}, {"id": "32", "type": "Feature", "properties": {"village_name": "Natai Deori", "vil_lgd": 290005, "district_name": "Tinsukia", "dist_lgd": 302, "subdistrict_name": "Sadiya", "sdcode": 2059, "block_name": "Sadiya", "block_lgd": 91.0, "gp_name": "AMBIKAPUR", "state_name": "ASSAM", "state_lgd": 18, "population": 500, "households": 78}, "geometry": {"type": "Polygon", "coordinates": [[[95.89101000000001, 27.881790000000002], [95.88611, 27.877450000000003], [95.88774000000001, 27.885730000000002], [95.87972, 27.886250000000004], [95.86858000000001, 27.888220000000004], [95.88254, 27.892550000000004], [95.88893, 27.893340000000002], [95.89606, 27.896620000000002], [95.90007000000001, 27.896490000000004], [95.89903000000001, 27.894520000000004], [95.90081, 27.888220000000004], [95.89873000000001, 27.88678], [95.89101000000001, 27.881790000000002]]]}}, {"id": "33", "type": "Feature", "properties": {"village_name": "Changchap N C", "vil_lgd": 290012, "district_name": "Tinsukia", "dist_lgd": 302, "subdistrict_name": "Sadiya", "sdcode": 2059, "block_name": "Sadiya", "block_lgd": 91.0, "gp_name": "HOLLOW GAON", "state_name": "ASSAM", "state_lgd": 18, "population": 187, "households": 33}, "geometry": {"type": "Polygon", "coordinates": [[[95.81822000000001, 27.883630000000004], [95.81956000000001, 27.879690000000004], [95.81748, 27.876400000000004], [95.81465000000001, 27.868520000000004], [95.8096, 27.86747], [95.80723, 27.871810000000004], [95.80351, 27.873250000000002], [95.79727000000001, 27.872860000000003], [95.79386000000001, 27.870890000000003], [95.79133, 27.86577], [95.78688000000001, 27.865640000000003], [95.78279, 27.86877], [95.78888, 27.87008], [95.79155, 27.872970000000002], [95.79319000000001, 27.876910000000002], [95.79319000000001, 27.881510000000002], [95.79021, 27.885180000000002], [95.79703, 27.886160000000004], [95.80537000000001, 27.885180000000002], [95.81428000000001, 27.8865], [95.81659, 27.885460000000002], [95.81822000000001, 27.883630000000004]]]}}, {"id": "34", "type": "Feature", "properties": {"village_name": "Halow Bananchal", "vil_lgd": 289983, "district_name": "Tinsukia", "dist_lgd": 302, "subdistrict_name": "Sadiya", "sdcode": 2059, "block_name": "Sadiya", "block_lgd": 91.0, "gp_name": "HOLLOW GAON", "state_name": "ASSAM", "state_lgd": 18, "population": 20, "households": 5}, "geometry": {"type": "Polygon", "coordinates": [[[95.79178, 27.8529], [95.78970000000001, 27.85066], [95.78034000000001, 27.848430000000004], [95.77796000000001, 27.849090000000004], [95.7689, 27.843180000000004], [95.76459000000001, 27.84147], [95.76014, 27.842650000000003], [95.75831000000001, 27.84522], [95.75598000000001, 27.85001], [95.75657000000001, 27.85093], [95.75761000000001, 27.852770000000003], [95.76801, 27.8546], [95.77618000000001, 27.85565], [95.7793, 27.8546], [95.78004000000001, 27.857360000000003], [95.78435, 27.85789], [95.79193000000001, 27.855000000000004], [95.79178, 27.8529]]]}}, {"id": "35", "type": "Feature", "properties": {"village_name": "Basa Gaon", "vil_lgd": 290036, "district_name": "Tinsukia", "dist_lgd": 302, "subdistrict_name": "Sadiya", "sdcode": 2059, "block_name": "Sadiya", "block_lgd": 91.0, "gp_name": "NA SADIYA", "state_name": "ASSAM", "state_lgd": 18, "population": 95, "households": 21}, "geometry": {"type": "Polygon", "coordinates": [[[95.82743, 27.84081], [95.82654000000001, 27.836610000000004], [95.82297000000001, 27.833720000000003], [95.81867000000001, 27.833060000000003], [95.81659, 27.835030000000003], [95.81451000000001, 27.841990000000003], [95.81540000000001, 27.8441], [95.81688000000001, 27.8441], [95.81896, 27.843180000000004], [95.82357, 27.84383], [95.82743, 27.84081]]]}}, {"id": "36", "type": "Feature", "properties": {"village_name": "Hulung Pathar", "vil_lgd": 290015, "district_name": "Tinsukia", "dist_lgd": 302, "subdistrict_name": "Sadiya", "sdcode": 2059, "block_name": "Sadiya", "block_lgd": 91.0, "gp_name": "HOLLOW GAON", "state_name": "ASSAM", "state_lgd": 18, "population": 621, "households": 121}, "geometry": {"type": "Polygon", "coordinates": [[[95.81228, 27.844230000000003], [95.81020000000001, 27.84672], [95.8148, 27.848430000000004], [95.82164, 27.848300000000002], [95.81688000000001, 27.8441], [95.81540000000001, 27.8441], [95.81228, 27.844230000000003]]]}}, {"id": "37", "type": "Feature", "properties": {"village_name": "Kakaramara", "vil_lgd": 290013, "district_name": "Tinsukia", "dist_lgd": 302, "subdistrict_name": "Sadiya", "sdcode": 2059, "block_name": "Sadiya", "block_lgd": 91.0, "gp_name": "HOLLOW GAON", "state_name": "ASSAM", "state_lgd": 18, "population": 848, "households": 151}, "geometry": {"type": "Polygon", "coordinates": [[[95.83367000000001, 27.85631], [95.83397000000001, 27.853420000000003], [95.83307, 27.85132], [95.831, 27.850400000000004], [95.82446, 27.85132], [95.82327000000001, 27.857100000000003], [95.81956000000001, 27.858150000000002], [95.80990000000001, 27.856440000000003], [95.80544, 27.85854], [95.80678, 27.86025], [95.81376, 27.864720000000002], [95.82134, 27.867340000000002], [95.82594, 27.8655], [95.83070000000001, 27.86117], [95.83233000000001, 27.858410000000003], [95.83367000000001, 27.85631]]]}}, {"id": "38", "type": "Feature", "properties": {"village_name": "Kukuramora N C", "vil_lgd": 290014, "district_name": "Tinsukia", "dist_lgd": 302, "subdistrict_name": "Sadiya", "sdcode": 2059, "block_name": "Sadiya", "block_lgd": 91.0, "gp_name": "HOLLOW GAON", "state_name": "ASSAM", "state_lgd": 18, "population": 110, "households": 26}, "geometry": {"type": "Polygon", "coordinates": [[[95.81020000000001, 27.84672], [95.79995000000001, 27.84935], [95.80396, 27.854080000000003], [95.80990000000001, 27.855520000000002], [95.80990000000001, 27.856440000000003], [95.81956000000001, 27.858150000000002], [95.82327000000001, 27.857100000000003], [95.82446, 27.85132], [95.82164, 27.848300000000002], [95.8148, 27.848430000000004], [95.81020000000001, 27.84672]]]}}, {"id": "39", "type": "Feature", "properties": {"village_name": "Buraburi Deori", "vil_lgd": 289909, "district_name": "Tinsukia", "dist_lgd": 302, "subdistrict_name": "Sadiya", "sdcode": 2059, "block_name": "Sadiya", "block_lgd": 91.0, "gp_name": "BURABURI", "state_name": "ASSAM", "state_lgd": 18, "population": 836, "households": 154}, "geometry": {"type": "Polygon", "coordinates": [[[95.69885000000001, 27.914130000000004], [95.69643, 27.91299], [95.69457000000001, 27.91073], [95.69300000000001, 27.90594], [95.68773, 27.90556], [95.68345000000001, 27.906440000000003], [95.68202000000001, 27.90858], [95.68274000000001, 27.911230000000003], [95.67489, 27.910100000000003], [95.67418, 27.91287], [95.67789, 27.915770000000002], [95.67817000000001, 27.917780000000004], [95.67988000000001, 27.917030000000004], [95.68359000000001, 27.919420000000002], [95.69315, 27.923330000000004], [95.69571, 27.92106], [95.69842000000001, 27.91589], [95.69885000000001, 27.914130000000004]]]}}, {"id": "40", "type": "Feature", "properties": {"village_name": "Lakhimi Pathar", "vil_lgd": 289993, "district_name": "Tinsukia", "dist_lgd": 302, "subdistrict_name": "Sadiya", "sdcode": 2059, "block_name": "Sadiya", "block_lgd": 91.0, "gp_name": "BORJHIYA", "state_name": "ASSAM", "state_lgd": 18, "population": 868, "households": 183}, "geometry": {"type": "Polygon", "coordinates": [[[95.77848, 27.909730000000003], [95.77625, 27.910650000000004], [95.77387, 27.910390000000003], [95.77075, 27.912360000000003], [95.76511, 27.91853], [95.76155000000001, 27.924820000000004], [95.76992000000001, 27.92734], [95.77629, 27.929190000000002], [95.78018, 27.92415], [95.78427, 27.916750000000004], [95.78190000000001, 27.916030000000003], [95.78056000000001, 27.911830000000002], [95.77848, 27.909730000000003]]]}}, {"id": "41", "type": "Feature", "properties": {"village_name": "Shilghat Tarani", "vil_lgd": 289950, "district_name": "Tinsukia", "dist_lgd": 302, "subdistrict_name": "Sadiya", "sdcode": 2059, "block_name": "Sadiya", "block_lgd": 91.0, "gp_name": "SHANTIPUR", "state_name": "ASSAM", "state_lgd": 18, "population": 695, "households": 101}, "geometry": {"type": "Polygon", "coordinates": [[[95.73735, 27.931540000000002], [95.73797, 27.92751], [95.73902000000001, 27.92339], [95.73987000000001, 27.91936], [95.74019000000001, 27.91834], [95.73406000000001, 27.918920000000004], [95.73481000000001, 27.923250000000003], [95.73213000000001, 27.927590000000002], [95.73243000000001, 27.932050000000004], [95.73079000000001, 27.9327], [95.72827000000001, 27.932180000000002], [95.72158, 27.93297], [95.71668000000001, 27.937060000000002], [95.72138000000001, 27.938950000000002], [95.72210000000001, 27.941850000000002], [95.72583, 27.941930000000003], [95.73474, 27.943820000000002], [95.73605, 27.936580000000003], [95.73735, 27.931540000000002]]]}}, {"id": "42", "type": "Feature", "properties": {"village_name": "Majuli", "vil_lgd": 289960, "district_name": "Tinsukia", "dist_lgd": 302, "subdistrict_name": "Sadiya", "sdcode": 2059, "block_name": "Sadiya", "block_lgd": 91.0, "gp_name": "NAGAON", "state_name": "ASSAM", "state_lgd": 18, "population": 708, "households": 120}, "geometry": {"type": "Polygon", "coordinates": [[[95.72664, 27.90593], [95.72441, 27.91157], [95.72738000000001, 27.91393], [95.73169000000001, 27.91617], [95.73406000000001, 27.918920000000004], [95.74019000000001, 27.91834], [95.74312, 27.910650000000004], [95.73525000000001, 27.908420000000003], [95.72664, 27.90593]]]}}, {"id": "43", "type": "Feature", "properties": {"village_name": "Chapakhowa Assamiya Nepali", "vil_lgd": 289961, "district_name": "Tinsukia", "dist_lgd": 302, "subdistrict_name": "Sadiya", "sdcode": 2059, "block_name": "Sadiya", "block_lgd": 91.0, "gp_name": "NAGAON", "state_name": "ASSAM", "state_lgd": 18, "population": 756, "households": 133}, "geometry": {"type": "Polygon", "coordinates": [[[95.73228, 27.897520000000004], [95.72797000000001, 27.902510000000003], [95.72664, 27.90593], [95.73525000000001, 27.908420000000003], [95.74312, 27.910650000000004], [95.74639, 27.904480000000003], [95.74149000000001, 27.903430000000004], [95.73718000000001, 27.90041], [95.73228, 27.897520000000004]]]}}, {"id": "44", "type": "Feature", "properties": {"village_name": "Naharbari", "vil_lgd": 289951, "district_name": "Tinsukia", "dist_lgd": 302, "subdistrict_name": "Sadiya", "sdcode": 2059, "block_name": "Sadiya", "block_lgd": 91.0, "gp_name": "SHANTIPUR", "state_name": "ASSAM", "state_lgd": 18, "population": 1239, "households": 234}, "geometry": {"type": "Polygon", "coordinates": [[[95.72827000000001, 27.932180000000002], [95.73079000000001, 27.9327], [95.73243000000001, 27.932050000000004], [95.71891000000001, 27.926140000000004], [95.71012, 27.930010000000003], [95.70641, 27.934540000000002], [95.70655000000001, 27.93605], [95.71069000000001, 27.938950000000002], [95.71668000000001, 27.937060000000002], [95.72158, 27.93297], [95.72827000000001, 27.932180000000002]]]}}, {"id": "45", "type": "Feature", "properties": {"village_name": "Borgorah Deopani", "vil_lgd": 289949, "district_name": "Tinsukia", "dist_lgd": 302, "subdistrict_name": "Sadiya", "sdcode": 2059, "block_name": "Sadiya", "block_lgd": 91.0, "gp_name": "NAGAON", "state_name": "ASSAM", "state_lgd": 18, "population": 357, "households": 66}, "geometry": {"type": "Polygon", "coordinates": [[[95.71950000000001, 27.91984], [95.71891000000001, 27.926140000000004], [95.73243000000001, 27.932050000000004], [95.73213000000001, 27.927590000000002], [95.73481000000001, 27.923250000000003], [95.72515000000001, 27.92115], [95.71950000000001, 27.91984]]]}}, {"id": "46", "type": "Feature", "properties": {"village_name": "Borgorah Kalani Miri", "vil_lgd": 289948, "district_name": "Tinsukia", "dist_lgd": 302, "subdistrict_name": "Sadiya", "sdcode": 2059, "block_name": "Sadiya", "block_lgd": 91.0, "gp_name": "BURABURI", "state_name": "ASSAM", "state_lgd": 18, "population": 453, "households": 89}, "geometry": {"type": "Polygon", "coordinates": [[[95.70883, 27.91186], [95.70356000000001, 27.912490000000002], [95.70156000000001, 27.914130000000004], [95.70413, 27.918540000000004], [95.70384000000001, 27.9232], [95.70627, 27.92686], [95.70969000000001, 27.928870000000003], [95.71012, 27.930010000000003], [95.71891000000001, 27.926140000000004], [95.71950000000001, 27.91984], [95.71763000000001, 27.918380000000003], [95.71445000000001, 27.9159], [95.70883, 27.91186]]]}}, {"id": "47", "type": "Feature", "properties": {"village_name": "Borgorah Assamiya", "vil_lgd": 289947, "district_name": "Tinsukia", "dist_lgd": 302, "subdistrict_name": "Sadiya", "sdcode": 2059, "block_name": "Sadiya", "block_lgd": 91.0, "gp_name": "BURABURI", "state_name": "ASSAM", "state_lgd": 18, "population": 726, "households": 136}, "geometry": {"type": "Polygon", "coordinates": [[[95.70983000000001, 27.90846], [95.70883, 27.91186], [95.71445000000001, 27.9159], [95.71763000000001, 27.918380000000003], [95.72158, 27.917610000000003], [95.72173000000001, 27.912750000000003], [95.71847000000001, 27.911050000000003], [95.71594, 27.908420000000003], [95.71252000000001, 27.908420000000003], [95.70983000000001, 27.90846]]]}}, {"id": "48", "type": "Feature", "properties": {"village_name": "Borgorah Deopani Miri", "vil_lgd": 289959, "district_name": "Tinsukia", "dist_lgd": 302, "subdistrict_name": "Sadiya", "sdcode": 2059, "block_name": "Sadiya", "block_lgd": 91.0, "gp_name": "BURABURI", "state_name": "ASSAM", "state_lgd": 18, "population": 666, "households": 119}, "geometry": {"type": "Polygon", "coordinates": [[[95.72441, 27.91157], [95.72173000000001, 27.912750000000003], [95.72158, 27.917610000000003], [95.71763000000001, 27.918380000000003], [95.71950000000001, 27.91984], [95.72515000000001, 27.92115], [95.73481000000001, 27.923250000000003], [95.73406000000001, 27.918920000000004], [95.73169000000001, 27.91617], [95.72738000000001, 27.91393], [95.72441, 27.91157]]]}}, {"id": "49", "type": "Feature", "properties": {"village_name": "Borgorah Assamiya", "vil_lgd": 289946, "district_name": "Tinsukia", "dist_lgd": 302, "subdistrict_name": "Sadiya", "sdcode": 2059, "block_name": "Sadiya", "block_lgd": 91.0, "gp_name": "BURABURI", "state_name": "ASSAM", "state_lgd": 18, "population": 734, "households": 139}, "geometry": {"type": "Polygon", "coordinates": [[[95.70669000000001, 27.90405], [95.70983000000001, 27.90846], [95.71252000000001, 27.908420000000003], [95.71594, 27.908420000000003], [95.71743000000001, 27.906190000000002], [95.71639, 27.9037], [95.71178, 27.903560000000002], [95.70669000000001, 27.90405]]]}}, {"id": "50", "type": "Feature", "properties": {"village_name": "Borgorah Assamiya", "vil_lgd": 289945, "district_name": "Tinsukia", "dist_lgd": 302, "subdistrict_name": "Sadiya", "sdcode": 2059, "block_name": "Sadiya", "block_lgd": 91.0, "gp_name": "BURABURI", "state_name": "ASSAM", "state_lgd": 18, "population": 461, "households": 95}, "geometry": {"type": "Polygon", "coordinates": [[[95.72203, 27.893720000000002], [95.7146, 27.895950000000003], [95.70812000000001, 27.896110000000004], [95.70612000000001, 27.901780000000002], [95.70669000000001, 27.90405], [95.71178, 27.903560000000002], [95.71639, 27.9037], [95.71743000000001, 27.906190000000002], [95.71594, 27.908420000000003], [95.71847000000001, 27.911050000000003], [95.72173000000001, 27.912750000000003], [95.72441, 27.91157], [95.72664, 27.90593], [95.72797000000001, 27.902510000000003], [95.73228, 27.897520000000004], [95.73317, 27.895950000000003], [95.72961000000001, 27.89516], [95.72203, 27.893720000000002]]]}}, {"id": "51", "type": "Feature", "properties": {"village_name": "Bil Bosti Sunpura", "vil_lgd": 290022, "district_name": "Tinsukia", "dist_lgd": 302, "subdistrict_name": "Sadiya", "sdcode": 2059, "block_name": "Sadiya", "block_lgd": 91.0, "gp_name": "SUNPURA", "state_name": "ASSAM", "state_lgd": 18, "population": 1174, "households": 209}, "geometry": {"type": "Polygon", "coordinates": [[[95.86004000000001, 27.835720000000002], [95.85937000000001, 27.838580000000004], [95.85684, 27.84042], [95.85952, 27.841600000000003], [95.86115000000001, 27.847120000000004], [95.86501000000001, 27.85198], [95.86784, 27.849480000000003], [95.86784, 27.84502], [95.86581000000001, 27.837830000000004], [95.86004000000001, 27.835720000000002]]]}}, {"id": "52", "type": "Feature", "properties": {"village_name": "Dalapani", "vil_lgd": 290009, "district_name": "Tinsukia", "dist_lgd": 302, "subdistrict_name": "Sadiya", "sdcode": 2059, "block_name": "Sadiya", "block_lgd": 91.0, "gp_name": "SUNPURA", "state_name": "ASSAM", "state_lgd": 18, "population": 507, "households": 99}, "geometry": {"type": "Polygon", "coordinates": [[[95.84689, 27.866290000000003], [95.84258000000001, 27.869840000000003], [95.83917000000001, 27.87036], [95.84110000000001, 27.873120000000004], [95.84422, 27.874570000000002], [95.84659, 27.881130000000002], [95.84897000000001, 27.883360000000003], [95.85209, 27.883100000000002], [95.85640000000001, 27.877720000000004], [95.85640000000001, 27.8747], [95.85461000000001, 27.871550000000003], [95.85447, 27.86879], [95.85046000000001, 27.866550000000004], [95.84689, 27.866290000000003]]]}}, {"id": "53", "type": "Feature", "properties": {"village_name": "Bor Dhania", "vil_lgd": 290008, "district_name": "Tinsukia", "dist_lgd": 302, "subdistrict_name": "Sadiya", "sdcode": 2059, "block_name": "Sadiya", "block_lgd": 91.0, "gp_name": "SUNPURA", "state_name": "ASSAM", "state_lgd": 18, "population": 152, "households": 24}, "geometry": {"type": "Polygon", "coordinates": [[[95.85447, 27.86879], [95.85461000000001, 27.871550000000003], [95.85640000000001, 27.8747], [95.86264000000001, 27.8743], [95.87081, 27.875220000000002], [95.87244000000001, 27.87693], [95.87378000000001, 27.873910000000002], [95.87319000000001, 27.872190000000003], [95.86962000000001, 27.87168], [95.86323, 27.870890000000003], [95.85447, 27.86879]]]}}, {"id": "54", "type": "Feature", "properties": {"village_name": "Dhaniapur", "vil_lgd": 290007, "district_name": "Tinsukia", "dist_lgd": 302, "subdistrict_name": "Sadiya", "sdcode": 2059, "block_name": "Sadiya", "block_lgd": 91.0, "gp_name": "AMBIKAPUR", "state_name": "ASSAM", "state_lgd": 18, "population": 452, "households": 76}, "geometry": {"type": "Polygon", "coordinates": [[[95.85640000000001, 27.8747], [95.85640000000001, 27.877720000000004], [95.86070000000001, 27.88415], [95.86368, 27.884020000000003], [95.8665, 27.88284], [95.87244000000001, 27.87693], [95.87081, 27.875220000000002], [95.86264000000001, 27.8743], [95.85640000000001, 27.8747]]]}}, {"id": "55", "type": "Feature", "properties": {"village_name": "Damgori R F", "vil_lgd": 999999, "district_name": "Tinsukia", "dist_lgd": 302, "subdistrict_name": "Doom Dooma", "sdcode": 2060, "block_name": "", "block_lgd": null, "gp_name": "", "state_name": "ASSAM", "state_lgd": 18, "population": 0, "households": 0}, "geometry": {"type": "Polygon", "coordinates": [[[95.63403000000001, 27.668070000000004], [95.63536, 27.666490000000003], [95.63657, 27.66008], [95.63732, 27.65248], [95.63536, 27.64514], [95.6319, 27.634870000000003], [95.63220000000001, 27.630730000000003], [95.63100000000001, 27.6262], [95.62663, 27.62233], [95.61608000000001, 27.617790000000003], [95.61021000000001, 27.621660000000002], [95.60058000000001, 27.623260000000002], [95.59967, 27.624460000000003], [95.59967, 27.627000000000002], [95.60660000000001, 27.63914], [95.60660000000001, 27.647280000000002], [95.60705, 27.649810000000002], [95.61609000000001, 27.65715], [95.61744, 27.66035], [95.61625000000001, 27.668590000000002], [95.61483000000001, 27.670270000000002], [95.61483000000001, 27.67246], [95.61967000000001, 27.672800000000002], [95.62585000000001, 27.67019], [95.63195, 27.66899], [95.63403000000001, 27.668070000000004]]]}}, {"id": "56", "type": "Feature", "properties": {"village_name": "Rongdon Reserved Forest", "vil_lgd": 999999, "district_name": "Tinsukia", "dist_lgd": 302, "subdistrict_name": "Sadiya", "sdcode": 2059, "block_name": "", "block_lgd": null, "gp_name": "", "state_name": "ASSAM", "state_lgd": 18, "population": 0, "households": 0}, "geometry": {"type": "Polygon", "coordinates": [[[95.46400000000001, 27.786410000000004], [95.47449, 27.78656], [95.47477, 27.7676], [95.47328, 27.760790000000004], [95.46692, 27.743940000000002], [95.46264000000001, 27.741100000000003], [95.45516, 27.73889], [95.43662, 27.737940000000002], [95.42450000000001, 27.733210000000003], [95.39810000000001, 27.73646], [95.39627, 27.7432], [95.40499000000001, 27.7572], [95.40581, 27.776290000000003], [95.40648, 27.77859], [95.40928000000001, 27.781200000000002], [95.41709, 27.78477], [95.42248000000001, 27.788510000000002], [95.42917000000001, 27.78994], [95.43865000000001, 27.794380000000004], [95.44784000000001, 27.789780000000004], [95.45506, 27.78759], [95.46400000000001, 27.786410000000004]]]}}, {"id": "57", "type": "Feature", "properties": {"village_name": "Udoipur", "vil_lgd": 290995, "district_name": "Tinsukia", "dist_lgd": 302, "subdistrict_name": "Margherita", "sdcode": 2062, "block_name": "Margherita", "block_lgd": 97.0, "gp_name": "LEKHAPANI", "state_name": "ASSAM", "state_lgd": 18, "population": 274, "households": 53}, "geometry": {"type": "Polygon", "coordinates": [[[95.86525, 27.361670000000004], [95.86419000000001, 27.357930000000003], [95.85953, 27.361810000000002], [95.85124, 27.36314], [95.84898000000001, 27.370900000000002], [95.84838, 27.376250000000002], [95.84959, 27.377450000000003], [95.85049000000001, 27.379990000000003], [95.84929000000001, 27.383070000000004], [95.84535000000001, 27.387690000000003], [95.84948000000001, 27.39833], [95.85447, 27.400990000000004], [95.85932000000001, 27.401750000000003], [95.86794, 27.390600000000003], [95.87592000000001, 27.38512], [95.87763000000001, 27.381580000000003], [95.87763000000001, 27.378040000000002], [95.87535000000001, 27.37027], [95.87649, 27.364870000000003], [95.86751000000001, 27.362740000000002], [95.86525, 27.361670000000004]]]}}, {"id": "58", "type": "Feature", "properties": {"village_name": "Udoipur", "vil_lgd": 290996, "district_name": "Tinsukia", "dist_lgd": 302, "subdistrict_name": "Margherita", "sdcode": 2062, "block_name": "Margherita", "block_lgd": 97.0, "gp_name": "LEKHAPANI", "state_name": "ASSAM", "state_lgd": 18, "population": 5261, "households": 1054}, "geometry": {"type": "Polygon", "coordinates": [[[95.86344000000001, 27.347900000000003], [95.85817, 27.352710000000002], [95.85365, 27.353510000000004], [95.85064000000001, 27.352710000000002], [95.84718000000001, 27.3503], [95.84085, 27.352710000000002], [95.83724000000001, 27.35244], [95.83377, 27.348830000000003], [95.83438000000001, 27.352310000000003], [95.83377, 27.35873], [95.83152000000001, 27.363950000000003], [95.84025000000001, 27.363410000000002], [95.85124, 27.36314], [95.85953, 27.361810000000002], [95.86419000000001, 27.357930000000003], [95.86796000000001, 27.352310000000003], [95.86344000000001, 27.347900000000003]]]}}, {"id": "59", "type": "Feature", "properties": {"village_name": "Udoipur", "vil_lgd": 290994, "district_name": "Tinsukia", "dist_lgd": 302, "subdistrict_name": "Margherita", "sdcode": 2062, "block_name": "Margherita", "block_lgd": 97.0, "gp_name": "LEKHAPANI", "state_name": "ASSAM", "state_lgd": 18, "population": 1130, "households": 217}, "geometry": {"type": "Polygon", "coordinates": [[[95.86796000000001, 27.352310000000003], [95.86419000000001, 27.357930000000003], [95.86525, 27.361670000000004], [95.86751000000001, 27.362740000000002], [95.87649, 27.364870000000003], [95.88143000000001, 27.3625], [95.88001000000001, 27.360070000000004], [95.86796000000001, 27.352310000000003]]]}}, {"id": "60", "type": "Feature", "properties": {"village_name": "Tirap Gaon", "vil_lgd": 291019, "district_name": "Tinsukia", "dist_lgd": 302, "subdistrict_name": "Margherita", "sdcode": 2062, "block_name": "Margherita", "block_lgd": 97.0, "gp_name": "LEKHAPANI", "state_name": "ASSAM", "state_lgd": 18, "population": 1406, "households": 287}, "geometry": {"type": "Polygon", "coordinates": [[[95.86796000000001, 27.352310000000003], [95.88001000000001, 27.360070000000004], [95.8777, 27.355760000000004], [95.88075, 27.351930000000003], [95.87112, 27.35244], [95.86796000000001, 27.352310000000003]]]}}, {"id": "61", "type": "Feature", "properties": {"village_name": "Famang Nc", "vil_lgd": 291029, "district_name": "Tinsukia", "dist_lgd": 302, "subdistrict_name": "Margherita", "sdcode": 2062, "block_name": "Margherita", "block_lgd": 97.0, "gp_name": "JAGEN", "state_name": "ASSAM", "state_lgd": 18, "population": 463, "households": 98}, "geometry": {"type": "Polygon", "coordinates": [[[95.92352000000001, 27.364710000000002], [95.92242, 27.36625], [95.92371000000001, 27.368430000000004], [95.92637, 27.367240000000002], [95.92694, 27.364880000000003], [95.92504000000001, 27.364710000000002], [95.92352000000001, 27.364710000000002]]]}}, {"id": "62", "type": "Feature", "properties": {"village_name": "Bahani Gaon N C", "vil_lgd": 289990, "district_name": "Tinsukia", "dist_lgd": 302, "subdistrict_name": "Sadiya", "sdcode": 2059, "block_name": "Sadiya", "block_lgd": 91.0, "gp_name": "HOLLOW GAON", "state_name": "ASSAM", "state_lgd": 18, "population": 251, "households": 50}, "geometry": {"type": "Polygon", "coordinates": [[[95.80002, 27.912100000000002], [95.80165000000001, 27.908810000000003], [95.80254000000001, 27.898180000000004], [95.78546000000001, 27.89674], [95.78516, 27.899890000000003], [95.78769000000001, 27.902120000000004], [95.78873, 27.905140000000003], [95.77892000000001, 27.908680000000004], [95.77848, 27.909730000000003], [95.78056000000001, 27.911830000000002], [95.78190000000001, 27.916030000000003], [95.78427, 27.916750000000004], [95.78817000000001, 27.916330000000002], [95.79226000000001, 27.918850000000003], [95.79464, 27.920700000000004], [95.79735000000001, 27.922860000000004], [95.80314000000001, 27.923650000000002], [95.80017000000001, 27.91551], [95.80002, 27.912100000000002]]]}}, {"id": "63", "type": "Feature", "properties": {"village_name": "Laimakuri", "vil_lgd": 289891, "district_name": "Tinsukia", "dist_lgd": 302, "subdistrict_name": "Sadiya", "sdcode": 2059, "block_name": "Sadiya", "block_lgd": 91.0, "gp_name": "AMORPUR", "state_name": "ASSAM", "state_lgd": 18, "population": 178, "households": 28}, "geometry": {"type": "Polygon", "coordinates": [[[95.55254000000001, 27.892080000000004], [95.54078000000001, 27.887670000000004], [95.52806000000001, 27.885150000000003], [95.52322000000001, 27.884900000000002], [95.52616, 27.890620000000002], [95.53404, 27.89814], [95.53946, 27.896420000000003], [95.54304, 27.898490000000002], [95.54466000000001, 27.901130000000002], [95.54219, 27.906270000000003], [95.54348, 27.909460000000003], [95.54609, 27.91167], [95.55175000000001, 27.91297], [95.55468, 27.90857], [95.5567, 27.90689], [95.56027, 27.906150000000004], [95.56110000000001, 27.898590000000002], [95.55254000000001, 27.892080000000004]]]}}, {"id": "64", "type": "Feature", "properties": {"village_name": "Chilling Madhupur", "vil_lgd": 289890, "district_name": "Tinsukia", "dist_lgd": 302, "subdistrict_name": "Sadiya", "sdcode": 2059, "block_name": "Sadiya", "block_lgd": 91.0, "gp_name": "AMORPUR", "state_name": "ASSAM", "state_lgd": 18, "population": 389, "households": 59}, "geometry": {"type": "Polygon", "coordinates": [[[95.55860000000001, 27.88473], [95.56193, 27.88473], [95.56454000000001, 27.87874], [95.56241000000001, 27.874010000000002], [95.55575, 27.864240000000002], [95.54399000000001, 27.865190000000002], [95.53792000000001, 27.86351], [95.52759, 27.861410000000003], [95.52146, 27.861060000000002], [95.51589000000001, 27.879900000000003], [95.52013000000001, 27.881240000000002], [95.52227, 27.88296], [95.52322000000001, 27.884900000000002], [95.52806000000001, 27.885150000000003], [95.54078000000001, 27.887670000000004], [95.55254000000001, 27.892080000000004], [95.55587000000001, 27.886300000000002], [95.55860000000001, 27.88473]]]}}, {"id": "65", "type": "Feature", "properties": {"village_name": "Miri Chapori", "vil_lgd": 289933, "district_name": "Tinsukia", "dist_lgd": 302, "subdistrict_name": "Sadiya", "sdcode": 2059, "block_name": "Sadiya", "block_lgd": 91.0, "gp_name": "KUNDIL", "state_name": "ASSAM", "state_lgd": 18, "population": 237, "households": 64}, "geometry": {"type": "Polygon", "coordinates": [[[95.7295, 27.801270000000002], [95.73024000000001, 27.80299], [95.73428000000001, 27.802940000000003], [95.73468000000001, 27.80038], [95.73108, 27.79916], [95.7295, 27.801270000000002]]]}}, {"id": "66", "type": "Feature", "properties": {"village_name": "Na Gaon", "vil_lgd": 289914, "district_name": "Tinsukia", "dist_lgd": 302, "subdistrict_name": "Sadiya", "sdcode": 2059, "block_name": "Sadiya", "block_lgd": 91.0, "gp_name": "RAJGARH", "state_name": "ASSAM", "state_lgd": 18, "population": 170, "households": 36}, "geometry": {"type": "Polygon", "coordinates": [[[95.679, 27.86464], [95.67496000000001, 27.870520000000003], [95.67532000000001, 27.87468], [95.68231, 27.875180000000004], [95.68744000000001, 27.87657], [95.69543, 27.87329], [95.69643, 27.870770000000004], [95.68946000000001, 27.86821], [95.679, 27.86464]]]}}, {"id": "67", "type": "Feature", "properties": {"village_name": "Burdhania", "vil_lgd": 290029, "district_name": "Tinsukia", "dist_lgd": 302, "subdistrict_name": "Sadiya", "sdcode": 2059, "block_name": "Sadiya", "block_lgd": 91.0, "gp_name": "AMBIKAPUR", "state_name": "ASSAM", "state_lgd": 18, "population": 316, "households": 52}, "geometry": {"type": "Polygon", "coordinates": [[[95.90185000000001, 27.899250000000002], [95.89814000000001, 27.90293], [95.90185000000001, 27.90398], [95.90081, 27.903060000000004], [95.90349, 27.900430000000004], [95.90185000000001, 27.899250000000002]]]}}, {"id": "68", "type": "Feature", "properties": {"village_name": "Na Gaon", "vil_lgd": 289915, "district_name": "Tinsukia", "dist_lgd": 302, "subdistrict_name": "Sadiya", "sdcode": 2059, "block_name": "Sadiya", "block_lgd": 91.0, "gp_name": "RAJGARH", "state_name": "ASSAM", "state_lgd": 18, "population": 415, "households": 90}, "geometry": {"type": "Polygon", "coordinates": [[[95.68293000000001, 27.859700000000004], [95.68055000000001, 27.861800000000002], [95.679, 27.86464], [95.68946000000001, 27.86821], [95.69643, 27.870770000000004], [95.69921000000001, 27.867890000000003], [95.70063, 27.86474], [95.69493000000001, 27.864320000000003], [95.68792, 27.86222], [95.68293000000001, 27.859700000000004]]]}}, {"id": "69", "type": "Feature", "properties": {"village_name": "Dhorpur", "vil_lgd": 290039, "district_name": "Tinsukia", "dist_lgd": 302, "subdistrict_name": "Sadiya", "sdcode": 2059, "block_name": "Sadiya", "block_lgd": 91.0, "gp_name": "NA SADIYA", "state_name": "ASSAM", "state_lgd": 18, "population": 0, "households": 0}, "geometry": {"type": "Polygon", "coordinates": [[[95.85675, 27.83293], [95.85749000000001, 27.833630000000003], [95.85877, 27.83246], [95.85737, 27.831940000000003], [95.85675, 27.83293]]]}}, {"id": "70", "type": "Feature", "properties": {"village_name": "Chuta Hapjan T E", "vil_lgd": 290311, "district_name": "Tinsukia", "dist_lgd": 302, "subdistrict_name": "Doom Dooma", "sdcode": 2060, "block_name": "Hapjan", "block_lgd": 93.0, "gp_name": "HAPJAN", "state_name": "ASSAM", "state_lgd": 18, "population": 1582, "households": 333}, "geometry": {"type": "Polygon", "coordinates": [[[95.45022, 27.49264], [95.44079, 27.49489], [95.43869000000001, 27.506870000000003], [95.43584000000001, 27.512600000000003], [95.44383, 27.512600000000003], [95.44516, 27.51395], [95.44725000000001, 27.514120000000002], [95.44953000000001, 27.51311], [95.45181000000001, 27.509900000000002], [95.45587, 27.500290000000003], [95.4526, 27.4966], [95.45022, 27.49264]]]}}, {"id": "71", "type": "Feature", "properties": {"village_name": "Chuta Hapjan T E", "vil_lgd": 290310, "district_name": "Tinsukia", "dist_lgd": 302, "subdistrict_name": "Doom Dooma", "sdcode": 2060, "block_name": "Hapjan", "block_lgd": 93.0, "gp_name": "HAPJAN", "state_name": "ASSAM", "state_lgd": 18, "population": 259, "households": 49}, "geometry": {"type": "Polygon", "coordinates": [[[95.45587, 27.500290000000003], [95.45181000000001, 27.509900000000002], [95.44953000000001, 27.51311], [95.45581000000001, 27.51378], [95.46053, 27.513700000000004], [95.45943000000001, 27.51162], [95.45943000000001, 27.5074], [95.45795000000001, 27.50345], [95.45587, 27.500290000000003]]]}}, {"id": "72", "type": "Feature", "properties": {"village_name": "Na Gaon", "vil_lgd": 289916, "district_name": "Tinsukia", "dist_lgd": 302, "subdistrict_name": "Sadiya", "sdcode": 2059, "block_name": "Sadiya", "block_lgd": 91.0, "gp_name": "", "state_name": "ASSAM", "state_lgd": 18, "population": 407, "households": 91}, "geometry": {"type": "Polygon", "coordinates": [[[95.68649, 27.856230000000004], [95.68435000000001, 27.85686], [95.68293000000001, 27.859700000000004], [95.68792, 27.86222], [95.69493000000001, 27.864320000000003], [95.70063, 27.86474], [95.70337, 27.86316], [95.70289000000001, 27.860850000000003], [95.70099, 27.858330000000002], [95.69350000000001, 27.857490000000002], [95.68649, 27.856230000000004]]]}}, {"id": "73", "type": "Feature", "properties": {"village_name": "Chuta Hapjan G Aon", "vil_lgd": 290298, "district_name": "Tinsukia", "dist_lgd": 302, "subdistrict_name": "Doom Dooma", "sdcode": 2060, "block_name": "Hapjan", "block_lgd": 93.0, "gp_name": "HAPJAN", "state_name": "ASSAM", "state_lgd": 18, "population": 2792, "households": 593}, "geometry": {"type": "Polygon", "coordinates": [[[95.45581000000001, 27.51378], [95.45334000000001, 27.519180000000002], [95.45276000000001, 27.5239], [95.45619, 27.525920000000003], [95.45904, 27.526600000000002], [95.46474, 27.525920000000003], [95.46686000000001, 27.52427], [95.46359000000001, 27.522420000000004], [95.46053, 27.513700000000004], [95.45581000000001, 27.51378]]]}}, {"id": "74", "type": "Feature", "properties": {"village_name": "Lonsowal T E", "vil_lgd": 290309, "district_name": "Tinsukia", "dist_lgd": 302, "subdistrict_name": "Doom Dooma", "sdcode": 2060, "block_name": "Hapjan", "block_lgd": 93.0, "gp_name": "HAPJAN", "state_name": "ASSAM", "state_lgd": 18, "population": 773, "households": 165}, "geometry": {"type": "Polygon", "coordinates": [[[95.47102000000001, 27.52532], [95.4676, 27.527780000000003], [95.46722000000001, 27.53638], [95.47596000000001, 27.534190000000002], [95.48662, 27.528840000000002], [95.48439, 27.527430000000003], [95.47637, 27.52558], [95.47102000000001, 27.52532]]]}}, {"id": "75", "type": "Feature", "properties": {"village_name": "Hukanguri T E", "vil_lgd": 290280, "district_name": "Tinsukia", "dist_lgd": 302, "subdistrict_name": "Doom Dooma", "sdcode": 2060, "block_name": "Hapjan", "block_lgd": 93.0, "gp_name": "DOIDAM", "state_name": "ASSAM", "state_lgd": 18, "population": 1749, "households": 335}, "geometry": {"type": "Polygon", "coordinates": [[[95.48662, 27.528840000000002], [95.47596000000001, 27.534190000000002], [95.46722000000001, 27.53638], [95.47026000000001, 27.539920000000002], [95.48053, 27.543960000000002], [95.48855, 27.530060000000002], [95.48662, 27.528840000000002]]]}}, {"id": "76", "type": "Feature", "properties": {"village_name": "Hukanguri T E", "vil_lgd": 290279, "district_name": "Tinsukia", "dist_lgd": 302, "subdistrict_name": "Doom Dooma", "sdcode": 2060, "block_name": "Hapjan", "block_lgd": 93.0, "gp_name": "HAPJAN", "state_name": "ASSAM", "state_lgd": 18, "population": 831, "households": 169}, "geometry": {"type": "Polygon", "coordinates": [[[95.48855, 27.530060000000002], [95.48053, 27.543960000000002], [95.48604, 27.545140000000004], [95.49498000000001, 27.544130000000003], [95.50015, 27.542080000000002], [95.49241, 27.535860000000003], [95.49063000000001, 27.532700000000002], [95.48855, 27.530060000000002]]]}}, {"id": "77", "type": "Feature", "properties": {"village_name": "Daidam T E", "vil_lgd": 290265, "district_name": "Tinsukia", "dist_lgd": 302, "subdistrict_name": "Doom Dooma", "sdcode": 2060, "block_name": "Hapjan", "block_lgd": 93.0, "gp_name": "DOIDAM", "state_name": "ASSAM", "state_lgd": 18, "population": 1519, "households": 332}, "geometry": {"type": "Polygon", "coordinates": [[[95.50192000000001, 27.5435], [95.50087, 27.55054], [95.50353000000001, 27.558460000000004], [95.50601, 27.56133], [95.51261000000001, 27.56378], [95.51558000000001, 27.557190000000002], [95.51707, 27.55298], [95.51083000000001, 27.545600000000004], [95.50667000000001, 27.54455], [95.50192000000001, 27.5435]]]}}, {"id": "78", "type": "Feature", "properties": {"village_name": "Pavajan T E", "vil_lgd": 290264, "district_name": "Tinsukia", "dist_lgd": 302, "subdistrict_name": "Doom Dooma", "sdcode": 2060, "block_name": "Hapjan", "block_lgd": 93.0, "gp_name": "HAPJAN", "state_name": "ASSAM", "state_lgd": 18, "population": 61, "households": 15}, "geometry": {"type": "Polygon", "coordinates": [[[95.50015, 27.542080000000002], [95.49498000000001, 27.544130000000003], [95.48604, 27.545140000000004], [95.48547, 27.554080000000003], [95.48414000000001, 27.557620000000004], [95.48661000000001, 27.559310000000004], [95.49212000000001, 27.559310000000004], [95.49650000000001, 27.559810000000002], [95.50353000000001, 27.558460000000004], [95.50087, 27.55054], [95.50192000000001, 27.5435], [95.50015, 27.542080000000002]]]}}, {"id": "79", "type": "Feature", "properties": {"village_name": "Hukanguri T E", "vil_lgd": 290278, "district_name": "Tinsukia", "dist_lgd": 302, "subdistrict_name": "Doom Dooma", "sdcode": 2060, "block_name": "Hapjan", "block_lgd": 93.0, "gp_name": "HAPJAN", "state_name": "ASSAM", "state_lgd": 18, "population": 822, "households": 164}, "geometry": {"type": "Polygon", "coordinates": [[[95.48053, 27.543960000000002], [95.47748000000001, 27.54868], [95.47444, 27.558970000000002], [95.48414000000001, 27.557620000000004], [95.48547, 27.554080000000003], [95.48604, 27.545140000000004], [95.48053, 27.543960000000002]]]}}, {"id": "80", "type": "Feature", "properties": {"village_name": "Kengia N C", "vil_lgd": 291028, "district_name": "Tinsukia", "dist_lgd": 302, "subdistrict_name": "Margherita", "sdcode": 2062, "block_name": "Margherita", "block_lgd": 97.0, "gp_name": "LEKHA PANI", "state_name": "ASSAM", "state_lgd": 18, "population": 627, "households": 123}, "geometry": {"type": "Polygon", "coordinates": [[[95.91390000000001, 27.371800000000004], [95.92110000000001, 27.371480000000002], [95.91944000000001, 27.365730000000003], [95.91628000000001, 27.363590000000002], [95.91357, 27.36305], [95.90939, 27.364700000000003], [95.90235000000001, 27.364700000000003], [95.89665000000001, 27.37449], [95.90409000000001, 27.379720000000002], [95.90588000000001, 27.37629], [95.90959000000001, 27.37338], [95.91390000000001, 27.371800000000004]]]}}, {"id": "81", "type": "Feature", "properties": {"village_name": "Hukanguri T E", "vil_lgd": 290281, "district_name": "Tinsukia", "dist_lgd": 302, "subdistrict_name": "Doom Dooma", "sdcode": 2060, "block_name": "Hapjan", "block_lgd": 93.0, "gp_name": "DOIDAM", "state_name": "ASSAM", "state_lgd": 18, "population": 426, "households": 85}, "geometry": {"type": "Polygon", "coordinates": [[[95.46722000000001, 27.53638], [95.46227, 27.538570000000004], [95.45619, 27.53975], [95.45257000000001, 27.541940000000004], [95.45067, 27.545140000000004], [95.45429000000001, 27.54801], [95.45581000000001, 27.552220000000002], [95.45752, 27.554250000000003], [95.46455, 27.555090000000003], [95.46836, 27.55627], [95.47254000000001, 27.55947], [95.47444, 27.558970000000002], [95.47748000000001, 27.54868], [95.48053, 27.543960000000002], [95.47026000000001, 27.539920000000002], [95.46722000000001, 27.53638]]]}}, {"id": "82", "type": "Feature", "properties": {"village_name": "Longsowal T E", "vil_lgd": 290296, "district_name": "Tinsukia", "dist_lgd": 302, "subdistrict_name": "Doom Dooma", "sdcode": 2060, "block_name": "Hapjan", "block_lgd": 93.0, "gp_name": "HAPJAN", "state_name": "ASSAM", "state_lgd": 18, "population": 251, "households": 54}, "geometry": {"type": "Polygon", "coordinates": [[[95.47102000000001, 27.52532], [95.46686000000001, 27.52427], [95.46474, 27.525920000000003], [95.45904, 27.526600000000002], [95.45619, 27.525920000000003], [95.45276000000001, 27.5239], [95.44649000000001, 27.52727], [95.44953000000001, 27.529460000000004], [95.45257000000001, 27.531660000000002], [95.45448, 27.53452], [95.45619, 27.53975], [95.46227, 27.538570000000004], [95.46722000000001, 27.53638], [95.4676, 27.527780000000003], [95.47102000000001, 27.52532]]]}}, {"id": "83", "type": "Feature", "properties": {"village_name": "Langsowal T E", "vil_lgd": 290300, "district_name": "Tinsukia", "dist_lgd": 302, "subdistrict_name": "Doom Dooma", "sdcode": 2060, "block_name": "Hapjan", "block_lgd": 93.0, "gp_name": "HAPJAN", "state_name": "ASSAM", "state_lgd": 18, "population": 675, "households": 135}, "geometry": {"type": "Polygon", "coordinates": [[[95.44953000000001, 27.51311], [95.44725000000001, 27.514120000000002], [95.44516, 27.51395], [95.44611, 27.516140000000004], [95.44573000000001, 27.521200000000004], [95.44098000000001, 27.52221], [95.43907, 27.524070000000002], [95.44041000000001, 27.52559], [95.44136, 27.52643], [95.44649000000001, 27.52727], [95.45276000000001, 27.5239], [95.45334000000001, 27.519180000000002], [95.45581000000001, 27.51378], [95.44953000000001, 27.51311]]]}}, {"id": "84", "type": "Feature", "properties": {"village_name": "Kakojan R F", "vil_lgd": 999999, "district_name": "Tinsukia", "dist_lgd": 302, "subdistrict_name": "Doom Dooma", "sdcode": 2060, "block_name": "", "block_lgd": null, "gp_name": "", "state_name": "ASSAM", "state_lgd": 18, "population": 0, "households": 0}, "geometry": {"type": "Polygon", "coordinates": [[[95.65240000000001, 27.501970000000004], [95.65507000000001, 27.502370000000003], [95.65507000000001, 27.49489], [95.65536, 27.487250000000003], [95.65596000000001, 27.47697], [95.65566000000001, 27.470900000000004], [95.65477000000001, 27.469060000000002], [95.65328000000001, 27.46458], [95.62239000000001, 27.463260000000002], [95.62151000000001, 27.464910000000003], [95.61868000000001, 27.470240000000004], [95.61600000000001, 27.472610000000003], [95.61066000000001, 27.481050000000003], [95.60888000000001, 27.48899], [95.60828000000001, 27.493430000000004], [95.60828000000001, 27.49717], [95.61129000000001, 27.49837], [95.61370000000001, 27.501310000000004], [95.6152, 27.512390000000003], [95.61716000000001, 27.5148], [95.62077000000001, 27.512390000000003], [95.63026, 27.510520000000003], [95.63388, 27.50598], [95.64427, 27.50344], [95.65240000000001, 27.501970000000004]]]}}, {"id": "85", "type": "Feature", "properties": {"village_name": "Naya Kuju", "vil_lgd": 290804, "district_name": "Tinsukia", "dist_lgd": 302, "subdistrict_name": "Margherita", "sdcode": 2062, "block_name": "Kakapathar", "block_lgd": 94.0, "gp_name": "PURANI PUKHURI", "state_name": "ASSAM", "state_lgd": 18, "population": 560, "households": 108}, "geometry": {"type": "Polygon", "coordinates": [[[95.84624000000001, 27.488120000000002], [95.84263000000001, 27.488960000000002], [95.84605, 27.497400000000003], [95.84605, 27.499760000000002], [95.84358, 27.500770000000003], [95.84318, 27.503750000000004], [95.85193000000001, 27.50071], [95.85782, 27.4997], [95.85575000000001, 27.49537], [95.84871000000001, 27.48964], [95.84624000000001, 27.488120000000002]]]}}, {"id": "86", "type": "Feature", "properties": {"village_name": "Longsowal T E", "vil_lgd": 290297, "district_name": "Tinsukia", "dist_lgd": 302, "subdistrict_name": "Doom Dooma", "sdcode": 2060, "block_name": "Hapjan", "block_lgd": 93.0, "gp_name": "HAPJAN", "state_name": "ASSAM", "state_lgd": 18, "population": 1039, "households": 224}, "geometry": {"type": "Polygon", "coordinates": [[[95.43337000000001, 27.512430000000002], [95.43223, 27.51648], [95.4347, 27.519520000000004], [95.43432000000001, 27.522050000000004], [95.43166000000001, 27.52559], [95.43907, 27.524070000000002], [95.44098000000001, 27.52221], [95.44573000000001, 27.521200000000004], [95.44611, 27.516140000000004], [95.44516, 27.51395], [95.44383, 27.512600000000003], [95.43584000000001, 27.512600000000003], [95.43337000000001, 27.512430000000002]]]}}, {"id": "87", "type": "Feature", "properties": {"village_name": "Betjan Bongali Gaon", "vil_lgd": 290308, "district_name": "Tinsukia", "dist_lgd": 302, "subdistrict_name": "Doom Dooma", "sdcode": 2060, "block_name": "Hapjan", "block_lgd": 93.0, "gp_name": "HAPJAN", "state_name": "ASSAM", "state_lgd": 18, "population": 481, "households": 97}, "geometry": {"type": "Polygon", "coordinates": [[[95.43337000000001, 27.512430000000002], [95.43052, 27.512940000000004], [95.42291, 27.524410000000003], [95.42500000000001, 27.52626], [95.42786000000001, 27.526940000000003], [95.43166000000001, 27.52559], [95.43432000000001, 27.522050000000004], [95.4347, 27.519520000000004], [95.43223, 27.51648], [95.43337000000001, 27.512430000000002]]]}}, {"id": "88", "type": "Feature", "properties": {"village_name": "Betjan T E", "vil_lgd": 290313, "district_name": "Tinsukia", "dist_lgd": 302, "subdistrict_name": "Doom Dooma", "sdcode": 2060, "block_name": "Hapjan", "block_lgd": 93.0, "gp_name": "HAPJAN", "state_name": "ASSAM", "state_lgd": 18, "population": 1283, "households": 237}, "geometry": {"type": "Polygon", "coordinates": [[[95.42405000000001, 27.508720000000004], [95.40998, 27.511930000000003], [95.41036000000001, 27.515970000000003], [95.40808000000001, 27.5207], [95.41645000000001, 27.518670000000004], [95.42101000000001, 27.516650000000002], [95.42538, 27.51226], [95.42405000000001, 27.508720000000004]]]}}, {"id": "89", "type": "Feature", "properties": {"village_name": "Betjan T E", "vil_lgd": 290306, "district_name": "Tinsukia", "dist_lgd": 302, "subdistrict_name": "Doom Dooma", "sdcode": 2060, "block_name": "Hapjan", "block_lgd": 93.0, "gp_name": "HAPJAN", "state_name": "ASSAM", "state_lgd": 18, "population": 1438, "households": 287}, "geometry": {"type": "Polygon", "coordinates": [[[95.42538, 27.51226], [95.42101000000001, 27.516650000000002], [95.41645000000001, 27.518670000000004], [95.40808000000001, 27.5207], [95.40789000000001, 27.523390000000003], [95.40447, 27.525250000000003], [95.40656000000001, 27.527780000000003], [95.41131000000001, 27.528450000000003], [95.41778000000001, 27.526770000000003], [95.42291, 27.524410000000003], [95.43052, 27.512940000000004], [95.42538, 27.51226]]]}}, {"id": "90", "type": "Feature", "properties": {"village_name": "Langsowal T E", "vil_lgd": 290299, "district_name": "Tinsukia", "dist_lgd": 302, "subdistrict_name": "Doom Dooma", "sdcode": 2060, "block_name": "Hapjan", "block_lgd": 93.0, "gp_name": "HAPJAN", "state_name": "ASSAM", "state_lgd": 18, "population": 271, "households": 52}, "geometry": {"type": "Polygon", "coordinates": [[[95.42291, 27.524410000000003], [95.41778000000001, 27.526770000000003], [95.41131000000001, 27.528450000000003], [95.41341000000001, 27.530640000000002], [95.41683, 27.535700000000002], [95.4193, 27.533170000000002], [95.42595000000001, 27.529130000000002], [95.42786000000001, 27.526940000000003], [95.42500000000001, 27.52626], [95.42291, 27.524410000000003]]]}}, {"id": "91", "type": "Feature", "properties": {"village_name": "Bihiating Gaon", "vil_lgd": 290302, "district_name": "Tinsukia", "dist_lgd": 302, "subdistrict_name": "Doom Dooma", "sdcode": 2060, "block_name": "Hapjan", "block_lgd": 93.0, "gp_name": "HAPJAN", "state_name": "ASSAM", "state_lgd": 18, "population": 380, "households": 77}, "geometry": {"type": "Polygon", "coordinates": [[[95.41131000000001, 27.528450000000003], [95.40922, 27.535370000000004], [95.41074, 27.54278], [95.41169000000001, 27.544300000000003], [95.41493000000001, 27.540930000000003], [95.41683, 27.535700000000002], [95.41341000000001, 27.530640000000002], [95.41131000000001, 27.528450000000003]]]}}, {"id": "92", "type": "Feature", "properties": {"village_name": "Na Matapung Gaon", "vil_lgd": 290301, "district_name": "Tinsukia", "dist_lgd": 302, "subdistrict_name": "Doom Dooma", "sdcode": 2060, "block_name": "Hapjan", "block_lgd": 93.0, "gp_name": "HAPSON", "state_name": "ASSAM", "state_lgd": 18, "population": 1001, "households": 195}, "geometry": {"type": "Polygon", "coordinates": [[[95.42786000000001, 27.526940000000003], [95.42595000000001, 27.529130000000002], [95.4193, 27.533170000000002], [95.41683, 27.535700000000002], [95.41778000000001, 27.539070000000002], [95.42041, 27.544780000000003], [95.42158, 27.54059], [95.42976, 27.537390000000002], [95.43166000000001, 27.530980000000003], [95.43356000000001, 27.52879], [95.43299, 27.527780000000003], [95.42786000000001, 27.526940000000003]]]}}, {"id": "93", "type": "Feature", "properties": {"village_name": "Amguri Gaon", "vil_lgd": 290294, "district_name": "Tinsukia", "dist_lgd": 302, "subdistrict_name": "Doom Dooma", "sdcode": 2060, "block_name": "Hapjan", "block_lgd": 93.0, "gp_name": "DIRAK", "state_name": "ASSAM", "state_lgd": 18, "population": 249, "households": 51}, "geometry": {"type": "Polygon", "coordinates": [[[95.43907, 27.524070000000002], [95.43166000000001, 27.52559], [95.42786000000001, 27.526940000000003], [95.43299, 27.527780000000003], [95.43356000000001, 27.52879], [95.43166000000001, 27.530980000000003], [95.42976, 27.537390000000002], [95.42995, 27.53975], [95.43280000000001, 27.54059], [95.4347, 27.539240000000003], [95.43660000000001, 27.535870000000003], [95.44649000000001, 27.52727], [95.44136, 27.52643], [95.44041000000001, 27.52559], [95.43907, 27.524070000000002]]]}}, {"id": "94", "type": "Feature", "properties": {"village_name": "Hallowtup Gaon", "vil_lgd": 290295, "district_name": "Tinsukia", "dist_lgd": 302, "subdistrict_name": "Doom Dooma", "sdcode": 2060, "block_name": "Hapjan", "block_lgd": 93.0, "gp_name": "HATIJAN", "state_name": "ASSAM", "state_lgd": 18, "population": 1325, "households": 250}, "geometry": {"type": "Polygon", "coordinates": [[[95.44649000000001, 27.52727], [95.43660000000001, 27.535870000000003], [95.4347, 27.539240000000003], [95.44478000000001, 27.543290000000002], [95.45067, 27.545140000000004], [95.45257000000001, 27.541940000000004], [95.45619, 27.53975], [95.45448, 27.53452], [95.45257000000001, 27.531660000000002], [95.44953000000001, 27.529460000000004], [95.44649000000001, 27.52727]]]}}, {"id": "95", "type": "Feature", "properties": {"village_name": "Hatijan Gaon", "vil_lgd": 290293, "district_name": "Tinsukia", "dist_lgd": 302, "subdistrict_name": "Doom Dooma", "sdcode": 2060, "block_name": "Hapjan", "block_lgd": 93.0, "gp_name": "HATIJAN", "state_name": "ASSAM", "state_lgd": 18, "population": 689, "households": 122}, "geometry": {"type": "Polygon", "coordinates": [[[95.44174000000001, 27.54717], [95.44478000000001, 27.543290000000002], [95.4347, 27.539240000000003], [95.43280000000001, 27.54059], [95.42995, 27.53975], [95.42976, 27.537390000000002], [95.42158, 27.54059], [95.42041, 27.544780000000003], [95.42672, 27.55121], [95.42881000000001, 27.549360000000004], [95.43090000000001, 27.550030000000003], [95.43071, 27.554080000000003], [95.43717000000001, 27.55037], [95.44174000000001, 27.54717]]]}}, {"id": "96", "type": "Feature", "properties": {"village_name": "Longsowal T E", "vil_lgd": 290307, "district_name": "Tinsukia", "dist_lgd": 302, "subdistrict_name": "Doom Dooma", "sdcode": 2060, "block_name": "Hapjan", "block_lgd": 93.0, "gp_name": "HAPJAN", "state_name": "ASSAM", "state_lgd": 18, "population": 2045, "households": 417}, "geometry": {"type": "Polygon", "coordinates": [[[95.44934, 27.56049], [95.45124000000001, 27.558290000000003], [95.45752, 27.554250000000003], [95.45581000000001, 27.552220000000002], [95.45429000000001, 27.54801], [95.45067, 27.545140000000004], [95.44478000000001, 27.543290000000002], [95.44174000000001, 27.54717], [95.43717000000001, 27.55037], [95.43071, 27.554080000000003], [95.42557000000001, 27.56959], [95.43375, 27.568910000000002], [95.4406, 27.56959], [95.44554000000001, 27.5711], [95.44573000000001, 27.569920000000003], [95.44934, 27.56049]]]}}, {"id": "97", "type": "Feature", "properties": {"village_name": "Rampur Megela", "vil_lgd": 289943, "district_name": "Tinsukia", "dist_lgd": 302, "subdistrict_name": "Sadiya", "sdcode": 2059, "block_name": "Sadiya", "block_lgd": 91.0, "gp_name": "RAJGAR", "state_name": "ASSAM", "state_lgd": 18, "population": 310, "households": 54}, "geometry": {"type": "Polygon", "coordinates": [[[95.71197000000001, 27.88275], [95.71026, 27.883750000000003], [95.7094, 27.892200000000003], [95.70812000000001, 27.896110000000004], [95.7146, 27.895950000000003], [95.72203, 27.893720000000002], [95.72470000000001, 27.891620000000003], [95.72649000000001, 27.888990000000003], [95.72114, 27.8882], [95.7146, 27.885180000000002], [95.71197000000001, 27.88275]]]}}, {"id": "98", "type": "Feature", "properties": {"village_name": "Rampur Megela", "vil_lgd": 289942, "district_name": "Tinsukia", "dist_lgd": 302, "subdistrict_name": "Sadiya", "sdcode": 2059, "block_name": "Sadiya", "block_lgd": 91.0, "gp_name": "RAJGAR", "state_name": "ASSAM", "state_lgd": 18, "population": 504, "households": 106}, "geometry": {"type": "Polygon", "coordinates": [[[95.71625, 27.877580000000002], [95.71197000000001, 27.88275], [95.7146, 27.885180000000002], [95.72114, 27.8882], [95.72649000000001, 27.888990000000003], [95.73154000000001, 27.884000000000004], [95.73065000000001, 27.88229], [95.7305, 27.876780000000004], [95.71625, 27.877580000000002]]]}}, {"id": "99", "type": "Feature", "properties": {"village_name": "Hilikha T E", "vil_lgd": 290283, "district_name": "Tinsukia", "dist_lgd": 302, "subdistrict_name": "Doom Dooma", "sdcode": 2060, "block_name": "Hapjan", "block_lgd": 93.0, "gp_name": "HATIJAN", "state_name": "ASSAM", "state_lgd": 18, "population": 5259, "households": 980}, "geometry": {"type": "Polygon", "coordinates": [[[95.47444, 27.558970000000002], [95.47254000000001, 27.55947], [95.46836, 27.55627], [95.46455, 27.555090000000003], [95.45752, 27.554250000000003], [95.45124000000001, 27.558290000000003], [95.44934, 27.56049], [95.44573000000001, 27.569920000000003], [95.44554000000001, 27.5711], [95.44877000000001, 27.568910000000002], [95.46607, 27.56369], [95.47349000000001, 27.56116], [95.47444, 27.558970000000002]]]}}, {"id": "100", "type": "Feature", "properties": {"village_name": "Hilikha T E", "vil_lgd": 290277, "district_name": "Tinsukia", "dist_lgd": 302, "subdistrict_name": "Doom Dooma", "sdcode": 2060, "block_name": "Hapjan", "block_lgd": 93.0, "gp_name": "HATIJAN", "state_name": "ASSAM", "state_lgd": 18, "population": 154, "households": 30}, "geometry": {"type": "Polygon", "coordinates": [[[95.47349000000001, 27.56116], [95.46607, 27.56369], [95.4655, 27.56858], [95.46703000000001, 27.570940000000004], [95.47026000000001, 27.57195], [95.47311, 27.5652], [95.47349000000001, 27.56116]]]}}, {"id": "101", "type": "Feature", "properties": {"village_name": "Hilikha T E", "vil_lgd": 290275, "district_name": "Tinsukia", "dist_lgd": 302, "subdistrict_name": "Doom Dooma", "sdcode": 2060, "block_name": "Hapjan", "block_lgd": 93.0, "gp_name": "HATIJAN", "state_name": "ASSAM", "state_lgd": 18, "population": 5, "households": 2}, "geometry": {"type": "Polygon", "coordinates": [[[95.46607, 27.56369], [95.44877000000001, 27.568910000000002], [95.44554000000001, 27.5711], [95.45315000000001, 27.57363], [95.46265000000001, 27.570600000000002], [95.4655, 27.56858], [95.46607, 27.56369]]]}}, {"id": "102", "type": "Feature", "properties": {"village_name": "Diamuli Gaon", "vil_lgd": 290273, "district_name": "Tinsukia", "dist_lgd": 302, "subdistrict_name": "Doom Dooma", "sdcode": 2060, "block_name": "Hapjan", "block_lgd": 93.0, "gp_name": "BANDARKHAT", "state_name": "ASSAM", "state_lgd": 18, "population": 108, "households": 21}, "geometry": {"type": "Polygon", "coordinates": [[[95.42557000000001, 27.56959], [95.42328, 27.57344], [95.43090000000001, 27.573130000000003], [95.43375, 27.568910000000002], [95.42557000000001, 27.56959]]]}}, {"id": "103", "type": "Feature", "properties": {"village_name": "Bordubi T E", "vil_lgd": 290432, "district_name": "Tinsukia", "dist_lgd": 302, "subdistrict_name": "Doom Dooma", "sdcode": 2060, "block_name": "Kakapathar", "block_lgd": 94.0, "gp_name": "BORDUBI", "state_name": "ASSAM", "state_lgd": 18, "population": 183, "households": 39}, "geometry": {"type": "Polygon", "coordinates": [[[95.59984000000001, 27.569540000000003], [95.59758000000001, 27.57421], [95.59111000000001, 27.57702], [95.59231000000001, 27.57822], [95.60699000000001, 27.578570000000003], [95.60331000000001, 27.575950000000002], [95.59984000000001, 27.569540000000003]]]}}, {"id": "104", "type": "Feature", "properties": {"village_name": "Bordubi T E", "vil_lgd": 290422, "district_name": "Tinsukia", "dist_lgd": 302, "subdistrict_name": "Doom Dooma", "sdcode": 2060, "block_name": "Kakapathar", "block_lgd": 94.0, "gp_name": "GABHORUBHETI", "state_name": "ASSAM", "state_lgd": 18, "population": 1225, "households": 246}, "geometry": {"type": "Polygon", "coordinates": [[[95.64728000000001, 27.559], [95.64577000000001, 27.56247], [95.64487000000001, 27.570210000000003], [95.63644000000001, 27.574080000000002], [95.63475000000001, 27.580160000000003], [95.64188000000001, 27.581740000000003], [95.64411000000001, 27.581470000000003], [95.65480000000001, 27.579230000000003], [95.65375, 27.571410000000004], [95.64863000000001, 27.562870000000004], [95.64728000000001, 27.559]]]}}, {"id": "105", "type": "Feature", "properties": {"village_name": "Shanti Nagar Nepali", "vil_lgd": 289929, "district_name": "Tinsukia", "dist_lgd": 302, "subdistrict_name": "Sadiya", "sdcode": 2059, "block_name": "Sadiya", "block_lgd": 91.0, "gp_name": "KUNDIL", "state_name": "ASSAM", "state_lgd": 18, "population": 310, "households": 64}, "geometry": {"type": "Polygon", "coordinates": [[[95.68328000000001, 27.847400000000004], [95.68126000000001, 27.848560000000003], [95.68162000000001, 27.851290000000002], [95.68316, 27.853500000000004], [95.68649, 27.856230000000004], [95.68876, 27.853270000000002], [95.68863, 27.84824], [95.68554, 27.847720000000002], [95.68328000000001, 27.847400000000004]]]}}, {"id": "106", "type": "Feature", "properties": {"village_name": "Kundil", "vil_lgd": 289927, "district_name": "Tinsukia", "dist_lgd": 302, "subdistrict_name": "Sadiya", "sdcode": 2059, "block_name": "Sadiya", "block_lgd": 91.0, "gp_name": "KUNDIL", "state_name": "ASSAM", "state_lgd": 18, "population": 81, "households": 20}, "geometry": {"type": "Polygon", "coordinates": [[[95.69279, 27.84352], [95.69101, 27.8453], [95.68982000000001, 27.847610000000003], [95.68863, 27.84824], [95.68876, 27.853270000000002], [95.69321000000001, 27.85367], [95.69693000000001, 27.846180000000004], [95.69653000000001, 27.844790000000003], [95.69612000000001, 27.843310000000002], [95.69279, 27.84352]]]}}, {"id": "107", "type": "Feature", "properties": {"village_name": "Sitalpur Gaon", "vil_lgd": 290412, "district_name": "Tinsukia", "dist_lgd": 302, "subdistrict_name": "Doom Dooma", "sdcode": 2060, "block_name": "Kakapathar", "block_lgd": 94.0, "gp_name": "GOBHARU KHETI", "state_name": "ASSAM", "state_lgd": 18, "population": 1105, "households": 206}, "geometry": {"type": "Polygon", "coordinates": [[[95.70285000000001, 27.55232], [95.69908000000001, 27.55326], [95.69396, 27.556060000000002], [95.68297000000001, 27.5622], [95.67574, 27.566070000000003], [95.66656, 27.56821], [95.66430000000001, 27.56914], [95.66550000000001, 27.574350000000003], [95.66656, 27.578090000000003], [95.66996, 27.58029], [95.67634000000001, 27.579150000000002], [95.68192, 27.57542], [95.68824000000001, 27.568880000000004], [95.71565000000001, 27.55739], [95.71158000000001, 27.554460000000002], [95.70285000000001, 27.55232]]]}}, {"id": "108", "type": "Feature", "properties": {"village_name": "Soonapur Deori", "vil_lgd": 290413, "district_name": "Tinsukia", "dist_lgd": 302, "subdistrict_name": "Doom Dooma", "sdcode": 2060, "block_name": "Kakapathar", "block_lgd": 94.0, "gp_name": "GOBHARUBHETI", "state_name": "ASSAM", "state_lgd": 18, "population": 673, "households": 118}, "geometry": {"type": "Polygon", "coordinates": [[[95.72453, 27.551790000000004], [95.72681000000001, 27.551700000000004], [95.73372, 27.54023], [95.72030000000001, 27.539070000000002], [95.70917000000001, 27.53937], [95.71369000000001, 27.549380000000003], [95.71565000000001, 27.55739], [95.72152000000001, 27.55392], [95.72453, 27.551790000000004]]]}}, {"id": "109", "type": "Feature", "properties": {"village_name": "Phillobari T E", "vil_lgd": 290443, "district_name": "Tinsukia", "dist_lgd": 302, "subdistrict_name": "Doom Dooma", "sdcode": 2060, "block_name": "Kakapathar", "block_lgd": 94.0, "gp_name": "GABHARUBETI", "state_name": "ASSAM", "state_lgd": 18, "population": 174, "households": 34}, "geometry": {"type": "Polygon", "coordinates": [[[95.72243, 27.528550000000003], [95.72030000000001, 27.539070000000002], [95.73372, 27.54023], [95.73469000000001, 27.53863], [95.73389, 27.53685], [95.73187000000001, 27.53348], [95.72243, 27.528550000000003]]]}}, {"id": "110", "type": "Feature", "properties": {"village_name": "Padum Pathar Bijulibon", "vil_lgd": 290442, "district_name": "Tinsukia", "dist_lgd": 302, "subdistrict_name": "Doom Dooma", "sdcode": 2060, "block_name": "Kakapathar", "block_lgd": 94.0, "gp_name": "GABHORUBHETI", "state_name": "ASSAM", "state_lgd": 18, "population": 1553, "households": 312}, "geometry": {"type": "Polygon", "coordinates": [[[95.71354000000001, 27.514930000000003], [95.71264000000001, 27.525750000000002], [95.72243, 27.528550000000003], [95.73187000000001, 27.53348], [95.71865000000001, 27.515970000000003], [95.71354000000001, 27.514930000000003]]]}}, {"id": "111", "type": "Feature", "properties": {"village_name": "Disai Nadiyal", "vil_lgd": 289928, "district_name": "Tinsukia", "dist_lgd": 302, "subdistrict_name": "Sadiya", "sdcode": 2059, "block_name": "Sadiya", "block_lgd": 91.0, "gp_name": "KUNDIL", "state_name": "ASSAM", "state_lgd": 18, "population": 606, "households": 125}, "geometry": {"type": "Polygon", "coordinates": [[[95.69693000000001, 27.846180000000004], [95.69321000000001, 27.85367], [95.70420000000001, 27.854450000000003], [95.70183, 27.850780000000004], [95.69693000000001, 27.846180000000004]]]}}, {"id": "112", "type": "Feature", "properties": {"village_name": "Pithaguti Gaon", "vil_lgd": 290444, "district_name": "Tinsukia", "dist_lgd": 302, "subdistrict_name": "Doom Dooma", "sdcode": 2060, "block_name": "Kakapathar", "block_lgd": 94.0, "gp_name": "KAKOJAN", "state_name": "ASSAM", "state_lgd": 18, "population": 728, "households": 144}, "geometry": {"type": "Polygon", "coordinates": [[[95.69636000000001, 27.49331], [95.68626, 27.49489], [95.68387000000001, 27.511190000000003], [95.69336000000001, 27.51199], [95.71354000000001, 27.514930000000003], [95.71865000000001, 27.515970000000003], [95.70795000000001, 27.502530000000004], [95.70498, 27.498050000000003], [95.70201, 27.494360000000004], [95.69636000000001, 27.49331]]]}}, {"id": "113", "type": "Feature", "properties": {"village_name": "Amguri Gaon", "vil_lgd": 290441, "district_name": "Tinsukia", "dist_lgd": 302, "subdistrict_name": "Doom Dooma", "sdcode": 2060, "block_name": "Kakapathar", "block_lgd": 94.0, "gp_name": "", "state_name": "ASSAM", "state_lgd": 18, "population": 2361, "households": 466}, "geometry": {"type": "Polygon", "coordinates": [[[95.68387000000001, 27.511190000000003], [95.68101000000001, 27.523080000000004], [95.69306, 27.523880000000002], [95.70541000000001, 27.524680000000004], [95.71264000000001, 27.525750000000002], [95.71354000000001, 27.514930000000003], [95.69336000000001, 27.51199], [95.68387000000001, 27.511190000000003]]]}}, {"id": "114", "type": "Feature", "properties": {"village_name": "Mising Gaon", "vil_lgd": 290414, "district_name": "Tinsukia", "dist_lgd": 302, "subdistrict_name": "Doom Dooma", "sdcode": 2060, "block_name": "Kakapathar", "block_lgd": 94.0, "gp_name": "GABHOBHETI", "state_name": "ASSAM", "state_lgd": 18, "population": 555, "households": 103}, "geometry": {"type": "Polygon", "coordinates": [[[95.70541000000001, 27.524680000000004], [95.70466, 27.528820000000003], [95.70917000000001, 27.53937], [95.72030000000001, 27.539070000000002], [95.72243, 27.528550000000003], [95.71264000000001, 27.525750000000002], [95.70541000000001, 27.524680000000004]]]}}, {"id": "115", "type": "Feature", "properties": {"village_name": "Sonowal Gaon", "vil_lgd": 290416, "district_name": "Tinsukia", "dist_lgd": 302, "subdistrict_name": "Doom Dooma", "sdcode": 2060, "block_name": "Kakapathar", "block_lgd": 94.0, "gp_name": "GABHURUBHETI", "state_name": "ASSAM", "state_lgd": 18, "population": 822, "households": 153}, "geometry": {"type": "Polygon", "coordinates": [[[95.70917000000001, 27.53937], [95.69938, 27.541240000000002], [95.70059, 27.54444], [95.70285000000001, 27.55232], [95.71158000000001, 27.554460000000002], [95.71565000000001, 27.55739], [95.71369000000001, 27.549380000000003], [95.70917000000001, 27.53937]]]}}, {"id": "116", "type": "Feature", "properties": {"village_name": "Borjan", "vil_lgd": 290438, "district_name": "Tinsukia", "dist_lgd": 302, "subdistrict_name": "Doom Dooma", "sdcode": 2060, "block_name": "Kakapathar", "block_lgd": 94.0, "gp_name": "GHOBHORUBHETI", "state_name": "ASSAM", "state_lgd": 18, "population": 1345, "households": 272}, "geometry": {"type": "Polygon", "coordinates": [[[95.69306, 27.523880000000002], [95.69938, 27.541240000000002], [95.70917000000001, 27.53937], [95.70466, 27.528820000000003], [95.70541000000001, 27.524680000000004], [95.69306, 27.523880000000002]]]}}, {"id": "117", "type": "Feature", "properties": {"village_name": "Rangpur", "vil_lgd": 290417, "district_name": "Tinsukia", "dist_lgd": 302, "subdistrict_name": "Doom Dooma", "sdcode": 2060, "block_name": "Kakapathar", "block_lgd": 94.0, "gp_name": "GABHORUBHETI", "state_name": "ASSAM", "state_lgd": 18, "population": 1365, "households": 261}, "geometry": {"type": "Polygon", "coordinates": [[[95.69938, 27.541240000000002], [95.68960000000001, 27.54484], [95.69185, 27.549120000000002], [95.69396, 27.556060000000002], [95.69908000000001, 27.55326], [95.70285000000001, 27.55232], [95.70059, 27.54444], [95.69938, 27.541240000000002]]]}}, {"id": "118", "type": "Feature", "properties": {"village_name": "Madhabpur Gaon", "vil_lgd": 290418, "district_name": "Tinsukia", "dist_lgd": 302, "subdistrict_name": "Doom Dooma", "sdcode": 2060, "block_name": "Kakapathar", "block_lgd": 94.0, "gp_name": "GABHORUBHETI", "state_name": "ASSAM", "state_lgd": 18, "population": 943, "households": 188}, "geometry": {"type": "Polygon", "coordinates": [[[95.68960000000001, 27.54484], [95.68689, 27.546850000000003], [95.67890000000001, 27.54765], [95.68192, 27.55392], [95.68297000000001, 27.5622], [95.69396, 27.556060000000002], [95.69185, 27.549120000000002], [95.68960000000001, 27.54484]]]}}, {"id": "119", "type": "Feature", "properties": {"village_name": "Digboi Oil Town CT", "vil_lgd": 291062, "district_name": "Tinsukia", "dist_lgd": 302, "subdistrict_name": "Margherita", "sdcode": 2062, "block_name": "", "block_lgd": null, "gp_name": "", "state_name": "ASSAM", "state_lgd": 18, "population": 12726, "households": 2865}, "geometry": {"type": "Polygon", "coordinates": [[[95.65522000000001, 27.39805], [95.65893000000001, 27.3914], [95.65228, 27.38464], [95.64410000000001, 27.379920000000002], [95.62699, 27.37384], [95.61938, 27.369280000000003], [95.61461000000001, 27.36868], [95.61216, 27.374850000000002], [95.60512000000001, 27.380090000000003], [95.60208, 27.38042], [95.61273000000001, 27.385830000000002], [95.62813000000001, 27.394270000000002], [95.63478, 27.394270000000002], [95.64068, 27.39579], [95.64448, 27.399330000000003], [95.64543, 27.402710000000003], [95.64842, 27.401980000000002], [95.65266000000001, 27.403050000000004], [95.65522000000001, 27.39805]]]}}, {"id": "120", "type": "Feature", "properties": {"village_name": "Haripur", "vil_lgd": 289931, "district_name": "Tinsukia", "dist_lgd": 302, "subdistrict_name": "Sadiya", "sdcode": 2059, "block_name": "Sadiya", "block_lgd": 91.0, "gp_name": "RAJGARH", "state_name": "ASSAM", "state_lgd": 18, "population": 517, "households": 104}, "geometry": {"type": "Polygon", "coordinates": [[[95.70406000000001, 27.843950000000003], [95.69653000000001, 27.844790000000003], [95.69693000000001, 27.846180000000004], [95.70183, 27.850780000000004], [95.70420000000001, 27.854450000000003], [95.70569, 27.85537], [95.70881000000001, 27.855110000000003], [95.71148000000001, 27.853140000000003], [95.71089, 27.846570000000003], [95.70777000000001, 27.845260000000003], [95.70406000000001, 27.843950000000003]]]}}, {"id": "121", "type": "Feature", "properties": {"village_name": "Bishnupur Pohukhowa", "vil_lgd": 289935, "district_name": "Tinsukia", "dist_lgd": 302, "subdistrict_name": "Sadiya", "sdcode": 2059, "block_name": "Sadiya", "block_lgd": 91.0, "gp_name": "RAJGARH", "state_name": "ASSAM", "state_lgd": 18, "population": 387, "households": 72}, "geometry": {"type": "Polygon", "coordinates": [[[95.71089, 27.846570000000003], [95.71148000000001, 27.853140000000003], [95.71564000000001, 27.85367], [95.72337, 27.857080000000003], [95.72500000000001, 27.857740000000003], [95.72916000000001, 27.852750000000004], [95.72173000000001, 27.850250000000003], [95.71950000000001, 27.847890000000003], [95.71416, 27.847230000000003], [95.71089, 27.846570000000003]]]}}, {"id": "122", "type": "Feature", "properties": {"village_name": "Tangana Gaon", "vil_lgd": 290378, "district_name": "Tinsukia", "dist_lgd": 302, "subdistrict_name": "Doom Dooma", "sdcode": 2060, "block_name": "Kakapathar", "block_lgd": 94.0, "gp_name": "TANGONA", "state_name": "ASSAM", "state_lgd": 18, "population": 1290, "households": 232}, "geometry": {"type": "Polygon", "coordinates": [[[95.72606, 27.612060000000003], [95.71908, 27.613640000000004], [95.70838, 27.613640000000004], [95.70511, 27.614160000000002], [95.70104, 27.617610000000003], [95.70522000000001, 27.620980000000003], [95.71035, 27.62451], [95.71321, 27.62451], [95.721, 27.62721], [95.72532000000001, 27.627460000000003], [95.7265, 27.623900000000003], [95.72636000000001, 27.61877], [95.72606, 27.612060000000003]]]}}, {"id": "123", "type": "Feature", "properties": {"village_name": "Upar Kuli Pathar", "vil_lgd": 290365, "district_name": "Tinsukia", "dist_lgd": 302, "subdistrict_name": "Doom Dooma", "sdcode": 2060, "block_name": "Kakapathar", "block_lgd": 94.0, "gp_name": "KAKOPATHER", "state_name": "ASSAM", "state_lgd": 18, "population": 257, "households": 49}, "geometry": {"type": "Polygon", "coordinates": [[[95.71035, 27.62451], [95.70883, 27.62805], [95.71016, 27.63024], [95.7094, 27.63277], [95.71492, 27.632600000000004], [95.71625, 27.631420000000002], [95.721, 27.62721], [95.71321, 27.62451], [95.71035, 27.62451]]]}}, {"id": "124", "type": "Feature", "properties": {"village_name": "Lazum Pathar Gaon", "vil_lgd": 290368, "district_name": "Tinsukia", "dist_lgd": 302, "subdistrict_name": "Doom Dooma", "sdcode": 2060, "block_name": "Kakapathar", "block_lgd": 94.0, "gp_name": "KAKOPATHER", "state_name": "ASSAM", "state_lgd": 18, "population": 486, "households": 89}, "geometry": {"type": "Polygon", "coordinates": [[[95.721, 27.62721], [95.71625, 27.631420000000002], [95.71967000000001, 27.63462], [95.72005000000001, 27.63681], [95.73363, 27.631410000000002], [95.72621000000001, 27.628770000000003], [95.72532000000001, 27.627460000000003], [95.721, 27.62721]]]}}, {"id": "125", "type": "Feature", "properties": {"village_name": "Maithong Pani", "vil_lgd": 290363, "district_name": "Tinsukia", "dist_lgd": 302, "subdistrict_name": "Doom Dooma", "sdcode": 2060, "block_name": "Kakapathar", "block_lgd": 94.0, "gp_name": "DIRAK", "state_name": "ASSAM", "state_lgd": 18, "population": 830, "households": 163}, "geometry": {"type": "Polygon", "coordinates": [[[95.73363, 27.631410000000002], [95.72005000000001, 27.63681], [95.72138000000001, 27.639000000000003], [95.72290000000001, 27.640520000000002], [95.72771, 27.642550000000004], [95.74064000000001, 27.638], [95.74064000000001, 27.636480000000002], [95.74002, 27.633770000000002], [95.7369, 27.632330000000003], [95.73363, 27.631410000000002]]]}}, {"id": "126", "type": "Feature", "properties": {"village_name": "Dopani Bihiya", "vil_lgd": 289941, "district_name": "Tinsukia", "dist_lgd": 302, "subdistrict_name": "Sadiya", "sdcode": 2059, "block_name": "Sadiya", "block_lgd": 91.0, "gp_name": "RAJGARH", "state_name": "ASSAM", "state_lgd": 18, "population": 463, "households": 92}, "geometry": {"type": "Polygon", "coordinates": [[[95.71839000000001, 27.86682], [95.71439000000001, 27.874050000000004], [95.71625, 27.877580000000002], [95.7305, 27.876780000000004], [95.72181, 27.868920000000003], [95.71839000000001, 27.86682]]]}}, {"id": "127", "type": "Feature", "properties": {"village_name": "Saru Mechai", "vil_lgd": 290353, "district_name": "Tinsukia", "dist_lgd": 302, "subdistrict_name": "Doom Dooma", "sdcode": 2060, "block_name": "Kakapathar", "block_lgd": 94.0, "gp_name": "DIRAK", "state_name": "ASSAM", "state_lgd": 18, "population": 420, "households": 79}, "geometry": {"type": "Polygon", "coordinates": [[[95.73152, 27.65265], [95.73437000000001, 27.65265], [95.72771, 27.642550000000004], [95.71948, 27.64759], [95.71796, 27.65096], [95.71682000000001, 27.658880000000003], [95.72447000000001, 27.66606], [95.72377, 27.663680000000003], [95.72581000000001, 27.65501], [95.73152, 27.65265]]]}}, {"id": "128", "type": "Feature", "properties": {"village_name": "Bisani Mukh Gaon Bisani Mukh Gaon", "vil_lgd": 290066, "district_name": "Tinsukia", "dist_lgd": 302, "subdistrict_name": "Doom Dooma", "sdcode": 2060, "block_name": "Saikhowa", "block_lgd": 92.0, "gp_name": "HAHKHATI", "state_name": "ASSAM", "state_lgd": 18, "population": 106, "households": 25}, "geometry": {"type": "Polygon", "coordinates": [[[95.63619000000001, 27.74611], [95.6448, 27.74584], [95.64926000000001, 27.744400000000002], [95.64487000000001, 27.743560000000002], [95.63016, 27.743430000000004], [95.62719000000001, 27.74237], [95.62541, 27.74001], [95.62393, 27.73514], [95.61234, 27.737900000000003], [95.60892000000001, 27.739480000000004], [95.60461000000001, 27.742770000000004], [95.59808000000001, 27.75026], [95.59451000000001, 27.756570000000004], [95.58865, 27.758860000000002], [95.59221000000001, 27.760440000000003], [95.59548000000001, 27.76359], [95.59697000000001, 27.767270000000003], [95.59682000000001, 27.769640000000003], [95.61955, 27.76556], [95.61999, 27.76228], [95.61687, 27.7557], [95.61985000000001, 27.753210000000003], [95.63425000000001, 27.749530000000004], [95.63619000000001, 27.74611]]]}}, {"id": "129", "type": "Feature", "properties": {"village_name": "Ratanpur", "vil_lgd": 289910, "district_name": "Tinsukia", "dist_lgd": 302, "subdistrict_name": "Sadiya", "sdcode": 2059, "block_name": "Sadiya", "block_lgd": 91.0, "gp_name": "BURABURI", "state_name": "ASSAM", "state_lgd": 18, "population": 836, "households": 167}, "geometry": {"type": "Polygon", "coordinates": [[[95.68773, 27.90556], [95.69300000000001, 27.90594], [95.69514000000001, 27.902790000000003], [95.68459000000001, 27.900520000000004], [95.67746000000001, 27.89636], [95.67489, 27.90367], [95.67489, 27.910100000000003], [95.68274000000001, 27.911230000000003], [95.68202000000001, 27.90858], [95.68345000000001, 27.906440000000003], [95.68773, 27.90556]]]}}, {"id": "130", "type": "Feature", "properties": {"village_name": "Ali Chinga", "vil_lgd": 290043, "district_name": "Tinsukia", "dist_lgd": 302, "subdistrict_name": "Sadiya", "sdcode": 2059, "block_name": "Sadiya", "block_lgd": 91.0, "gp_name": "", "state_name": "ASSAM", "state_lgd": 18, "population": 226, "households": 48}, "geometry": {"type": "Polygon", "coordinates": [[[95.56085, 27.823410000000003], [95.56030000000001, 27.824170000000002], [95.56125, 27.824910000000003], [95.56206, 27.824060000000003], [95.56125, 27.82336], [95.56085, 27.823410000000003]]]}}, {"id": "131", "type": "Feature", "properties": {"village_name": "Bogaribari", "vil_lgd": 290044, "district_name": "Tinsukia", "dist_lgd": 302, "subdistrict_name": "Sadiya", "sdcode": 2059, "block_name": "Sadiya", "block_lgd": 91.0, "gp_name": "", "state_name": "ASSAM", "state_lgd": 18, "population": 593, "households": 114}, "geometry": {"type": "Polygon", "coordinates": [[[95.56391, 27.833470000000002], [95.56473000000001, 27.83433], [95.56568000000001, 27.83359], [95.56474000000001, 27.832770000000004], [95.56391, 27.833470000000002]]]}}, {"id": "132", "type": "Feature", "properties": {"village_name": "Kumsong Forest Dirak Forest", "vil_lgd": 290485, "district_name": "Tinsukia", "dist_lgd": 302, "subdistrict_name": "Doom Dooma", "sdcode": 2060, "block_name": "Saikhowa", "block_lgd": 92.0, "gp_name": "HAHKHATI", "state_name": "ASSAM", "state_lgd": 18, "population": 486, "households": 81}, "geometry": {"type": "Polygon", "coordinates": [[[95.65586, 27.673990000000003], [95.65319000000001, 27.677670000000003], [95.64517000000001, 27.680300000000003], [95.64160000000001, 27.6807], [95.63611, 27.682270000000003], [95.63358000000001, 27.684120000000004], [95.63314000000001, 27.68964], [95.63477, 27.694110000000002], [95.63551000000001, 27.69714], [95.63551000000001, 27.702140000000004], [95.63551000000001, 27.70503], [95.63611, 27.714760000000002], [95.63564000000001, 27.71881], [95.63418000000001, 27.723180000000003], [95.6315, 27.725810000000003], [95.62779, 27.727390000000003], [95.62628000000001, 27.72903], [95.62422000000001, 27.73278], [95.62393, 27.73514], [95.62541, 27.74001], [95.62719000000001, 27.74237], [95.63016, 27.743430000000004], [95.64487000000001, 27.743560000000002], [95.64926000000001, 27.744400000000002], [95.65134, 27.73861], [95.65077000000001, 27.735280000000003], [95.64784, 27.718180000000004], [95.64962000000001, 27.709760000000003], [95.65869, 27.704770000000003], [95.66166000000001, 27.7024], [95.66151, 27.69253], [95.66225000000001, 27.68804], [95.66249, 27.683030000000002], [95.66047, 27.67688], [95.65824, 27.67425], [95.65586, 27.673990000000003]]]}}, {"id": "133", "type": "Feature", "properties": {"village_name": "Sonari", "vil_lgd": 290100, "district_name": "Tinsukia", "dist_lgd": 302, "subdistrict_name": "Doom Dooma", "sdcode": 2060, "block_name": "Saikhowa", "block_lgd": 92.0, "gp_name": "MEGELA", "state_name": "ASSAM", "state_lgd": 18, "population": 76, "households": 15}, "geometry": {"type": "Polygon", "coordinates": [[[95.63611, 27.714760000000002], [95.63239, 27.71647], [95.61991, 27.715680000000003], [95.61516, 27.71713], [95.61442000000001, 27.7191], [95.61798, 27.720550000000003], [95.62898000000001, 27.720550000000003], [95.63564000000001, 27.71881], [95.63611, 27.714760000000002]]]}}, {"id": "134", "type": "Feature", "properties": {"village_name": "Dighal Mesaki", "vil_lgd": 290099, "district_name": "Tinsukia", "dist_lgd": 302, "subdistrict_name": "Doom Dooma", "sdcode": 2060, "block_name": "Saikhowa", "block_lgd": 92.0, "gp_name": "HAHKHATI", "state_name": "ASSAM", "state_lgd": 18, "population": 215, "households": 40}, "geometry": {"type": "Polygon", "coordinates": [[[95.63564000000001, 27.71881], [95.62898000000001, 27.720550000000003], [95.61798, 27.720550000000003], [95.61442000000001, 27.7191], [95.61397000000001, 27.720290000000002], [95.61299000000001, 27.72218], [95.61234, 27.723440000000004], [95.62125, 27.727520000000002], [95.62628000000001, 27.72903], [95.62779, 27.727390000000003], [95.6315, 27.725810000000003], [95.63418000000001, 27.723180000000003], [95.63564000000001, 27.71881]]]}}, {"id": "135", "type": "Feature", "properties": {"village_name": "Bor Pathar N C", "vil_lgd": 290135, "district_name": "Tinsukia", "dist_lgd": 302, "subdistrict_name": "Doom Dooma", "sdcode": 2060, "block_name": "Saikhowa", "block_lgd": 92.0, "gp_name": "", "state_name": "ASSAM", "state_lgd": 18, "population": 176, "households": 30}, "geometry": {"type": "Polygon", "coordinates": [[[95.63551000000001, 27.702140000000004], [95.62687000000001, 27.704420000000002], [95.626, 27.705820000000003], [95.62289000000001, 27.708050000000004], [95.62972, 27.70924], [95.63343, 27.70766], [95.63551000000001, 27.70503], [95.63551000000001, 27.702140000000004]]]}}, {"id": "136", "type": "Feature", "properties": {"village_name": "Bor Pathar", "vil_lgd": 290133, "district_name": "Tinsukia", "dist_lgd": 302, "subdistrict_name": "Doom Dooma", "sdcode": 2060, "block_name": "Saikhowa", "block_lgd": 92.0, "gp_name": "MEGELA", "state_name": "ASSAM", "state_lgd": 18, "population": 501, "households": 103}, "geometry": {"type": "Polygon", "coordinates": [[[95.63551000000001, 27.69714], [95.62883000000001, 27.697930000000003], [95.62883000000001, 27.700820000000004], [95.62687000000001, 27.704420000000002], [95.63551000000001, 27.702140000000004], [95.63551000000001, 27.69714]]]}}, {"id": "137", "type": "Feature", "properties": {"village_name": "Bor Pathar", "vil_lgd": 290134, "district_name": "Tinsukia", "dist_lgd": 302, "subdistrict_name": "Doom Dooma", "sdcode": 2060, "block_name": "Saikhowa", "block_lgd": 92.0, "gp_name": "MEGELA", "state_name": "ASSAM", "state_lgd": 18, "population": 378, "households": 66}, "geometry": {"type": "Polygon", "coordinates": [[[95.63314000000001, 27.68964], [95.62630000000001, 27.69227], [95.62883000000001, 27.697930000000003], [95.63551000000001, 27.69714], [95.63477, 27.694110000000002], [95.63314000000001, 27.68964]]]}}, {"id": "138", "type": "Feature", "properties": {"village_name": "Bahbari", "vil_lgd": 290045, "district_name": "Tinsukia", "dist_lgd": 302, "subdistrict_name": "Sadiya", "sdcode": 2059, "block_name": "Sadiya", "block_lgd": 91.0, "gp_name": "", "state_name": "ASSAM", "state_lgd": 18, "population": 303, "households": 42}, "geometry": {"type": "Polygon", "coordinates": [[[95.56797, 27.838800000000003], [95.56662000000001, 27.83873], [95.56668, 27.839850000000002], [95.56767, 27.83996], [95.56797, 27.838800000000003]]]}}, {"id": "139", "type": "Feature", "properties": {"village_name": "Bora Chuk", "vil_lgd": 290327, "district_name": "Tinsukia", "dist_lgd": 302, "subdistrict_name": "Doom Dooma", "sdcode": 2060, "block_name": "Kakapathar", "block_lgd": 94.0, "gp_name": "KAKOPATHER", "state_name": "ASSAM", "state_lgd": 18, "population": 307, "households": 56}, "geometry": {"type": "Polygon", "coordinates": [[[95.65586, 27.673990000000003], [95.65824, 27.67425], [95.65973000000001, 27.672800000000002], [95.65750000000001, 27.665440000000004], [95.65675, 27.664780000000004], [95.64888, 27.665570000000002], [95.64695, 27.669380000000004], [95.64339000000001, 27.66991], [95.63893, 27.673070000000003], [95.64205000000001, 27.677930000000003], [95.64160000000001, 27.6807], [95.64517000000001, 27.680300000000003], [95.65319000000001, 27.677670000000003], [95.65586, 27.673990000000003]]]}}, {"id": "140", "type": "Feature", "properties": {"village_name": "Tezi Pathar", "vil_lgd": 290325, "district_name": "Tinsukia", "dist_lgd": 302, "subdistrict_name": "Doom Dooma", "sdcode": 2060, "block_name": "Kakapathar", "block_lgd": 94.0, "gp_name": "", "state_name": "ASSAM", "state_lgd": 18, "population": 50, "households": 8}, "geometry": {"type": "Polygon", "coordinates": [[[95.63403000000001, 27.668070000000004], [95.63195, 27.66899], [95.63210000000001, 27.672670000000004], [95.63239, 27.675040000000003], [95.63106, 27.677280000000003], [95.63108000000001, 27.680290000000003], [95.63279000000001, 27.68223], [95.63358000000001, 27.684120000000004], [95.63611, 27.682270000000003], [95.64160000000001, 27.6807], [95.64205000000001, 27.677930000000003], [95.63893, 27.673070000000003], [95.63403000000001, 27.668070000000004]]]}}, {"id": "141", "type": "Feature", "properties": {"village_name": "Borali Gaon", "vil_lgd": 290321, "district_name": "Tinsukia", "dist_lgd": 302, "subdistrict_name": "Doom Dooma", "sdcode": 2060, "block_name": "Kakapathar", "block_lgd": 94.0, "gp_name": "KAKOPATHER", "state_name": "ASSAM", "state_lgd": 18, "population": 605, "households": 112}, "geometry": {"type": "Polygon", "coordinates": [[[95.63195, 27.66899], [95.62585000000001, 27.67019], [95.61967000000001, 27.672800000000002], [95.62215, 27.679700000000004], [95.62338000000001, 27.68063], [95.62547, 27.680460000000004], [95.62585000000001, 27.68231], [95.62738, 27.684], [95.63108000000001, 27.680290000000003], [95.63106, 27.677280000000003], [95.63239, 27.675040000000003], [95.63210000000001, 27.672670000000004], [95.63195, 27.66899]]]}}, {"id": "142", "type": "Feature", "properties": {"village_name": "Borali N C", "vil_lgd": 290324, "district_name": "Tinsukia", "dist_lgd": 302, "subdistrict_name": "Doom Dooma", "sdcode": 2060, "block_name": "Kakapathar", "block_lgd": 94.0, "gp_name": "KAKOPATHER", "state_name": "ASSAM", "state_lgd": 18, "population": 425, "households": 76}, "geometry": {"type": "Polygon", "coordinates": [[[95.63108000000001, 27.680290000000003], [95.62738, 27.684], [95.62224, 27.68972], [95.61843, 27.693980000000003], [95.62630000000001, 27.69227], [95.63314000000001, 27.68964], [95.63358000000001, 27.684120000000004], [95.63279000000001, 27.68223], [95.63108000000001, 27.680290000000003]]]}}, {"id": "143", "type": "Feature", "properties": {"village_name": "Upper Dhing Reserved Forest", "vil_lgd": 999999, "district_name": "Tinsukia", "dist_lgd": 302, "subdistrict_name": "Margherita", "sdcode": 2062, "block_name": "", "block_lgd": null, "gp_name": "", "state_name": "ASSAM", "state_lgd": 18, "population": 0, "households": 0}, "geometry": {"type": "Polygon", "coordinates": [[[95.73593000000001, 27.457120000000003], [95.74183000000001, 27.445140000000002], [95.74810000000001, 27.435360000000003], [95.75057000000001, 27.432990000000004], [95.76445000000001, 27.425910000000002], [95.76693, 27.423040000000004], [95.76807000000001, 27.413580000000003], [95.76864, 27.406830000000003], [95.76750000000001, 27.40295], [95.76445000000001, 27.40126], [95.76350000000001, 27.399070000000002], [95.76065000000001, 27.395020000000002], [95.75818000000001, 27.39316], [95.75742000000001, 27.388430000000003], [95.75229, 27.384380000000004], [95.74221000000001, 27.3805], [95.73307000000001, 27.378980000000002], [95.72795, 27.37864], [95.72319, 27.37543], [95.71996000000001, 27.375090000000004], [95.71692, 27.37189], [95.71179000000001, 27.36614], [95.71121000000001, 27.358710000000002], [95.71064000000001, 27.35534], [95.70684000000001, 27.352970000000003], [95.70186000000001, 27.346600000000002], [95.70038000000001, 27.344700000000003], [95.69695, 27.342360000000003], [95.68962, 27.362800000000004], [95.67593000000001, 27.36407], [95.67356000000001, 27.36314], [95.67184, 27.360450000000004], [95.66957000000001, 27.36614], [95.66634, 27.37543], [95.66273000000001, 27.376780000000004], [95.65759000000001, 27.374920000000003], [95.65151, 27.372220000000002], [95.64590000000001, 27.36701], [95.64169000000001, 27.370060000000002], [95.64150000000001, 27.3758], [95.64410000000001, 27.379920000000002], [95.65228, 27.38464], [95.65893000000001, 27.3914], [95.65522000000001, 27.39805], [95.66062000000001, 27.399910000000002], [95.66345000000001, 27.40229], [95.66419, 27.405320000000003], [95.6627, 27.408350000000002], [95.66122000000001, 27.416790000000002], [95.65914000000001, 27.416130000000003], [95.65765, 27.413500000000003], [95.65493000000001, 27.412290000000002], [95.65602000000001, 27.414550000000002], [95.65498000000001, 27.417450000000002], [95.65127000000001, 27.417980000000004], [95.64316000000001, 27.41739], [95.63708000000001, 27.4158], [95.62179, 27.413690000000003], [95.63041000000001, 27.41975], [95.63189000000001, 27.428980000000003], [95.6316, 27.437420000000003], [95.62635, 27.448940000000004], [95.62357, 27.45588], [95.62308, 27.458920000000003], [95.62239000000001, 27.463260000000002], [95.65328000000001, 27.46458], [95.66632000000001, 27.461940000000002], [95.67203, 27.46017], [95.67602000000001, 27.46055], [95.69727, 27.466880000000003], [95.70269, 27.46506], [95.7103, 27.465560000000004], [95.71296000000001, 27.470450000000003], [95.72000000000001, 27.470290000000002], [95.72852, 27.46995], [95.73403, 27.4659], [95.73593000000001, 27.457120000000003]], [[95.66924, 27.41046], [95.66538000000001, 27.406240000000004], [95.66535, 27.404210000000003], [95.66731000000001, 27.401100000000003], [95.67236000000001, 27.399520000000003], [95.68484000000001, 27.40295], [95.68509, 27.403280000000002], [95.69038, 27.401470000000003], [95.70094, 27.404590000000002], [95.70293000000001, 27.406950000000002], [95.70341, 27.411510000000003], [95.69846000000001, 27.42358], [95.68658, 27.42425], [95.68154000000001, 27.42189], [95.67936, 27.4156], [95.66924, 27.41046]]]}}, {"id": "144", "type": "Feature", "properties": {"village_name": "Burhi Dhing Reserved Forest", "vil_lgd": 999999, "district_name": "Tinsukia", "dist_lgd": 302, "subdistrict_name": "Margherita", "sdcode": 2062, "block_name": "", "block_lgd": null, "gp_name": "", "state_name": "ASSAM", "state_lgd": 18, "population": 0, "households": 0}, "geometry": {"type": "Polygon", "coordinates": [[[95.83882000000001, 27.470910000000003], [95.84193, 27.45586], [95.84565, 27.446500000000004], [95.8455, 27.443730000000002], [95.84312000000001, 27.439650000000004], [95.83599000000001, 27.4353], [95.83183000000001, 27.435560000000002], [95.82604, 27.439650000000004], [95.82010000000001, 27.439510000000002], [95.81178000000001, 27.448480000000004], [95.81029000000001, 27.451770000000003], [95.80792000000001, 27.452040000000004], [95.79603, 27.446900000000003], [95.79143, 27.44703], [95.79098, 27.451120000000003], [95.799, 27.45982], [95.80123, 27.463900000000002], [95.80168, 27.466800000000003], [95.79811000000001, 27.474050000000002], [95.79603, 27.476290000000002], [95.79009, 27.475900000000003], [95.78623, 27.47418], [95.77821, 27.47313], [95.78088000000001, 27.47445], [95.78207, 27.477610000000002], [95.79098, 27.481170000000002], [95.79954000000001, 27.484180000000002], [95.80496000000001, 27.483300000000003], [95.81908000000001, 27.477480000000003], [95.83084000000001, 27.473440000000004], [95.83882000000001, 27.470910000000003]]]}}, {"id": "145", "type": "Feature", "properties": {"village_name": "Borali Gaon", "vil_lgd": 290323, "district_name": "Tinsukia", "dist_lgd": 302, "subdistrict_name": "Doom Dooma", "sdcode": 2060, "block_name": "Kakapathar", "block_lgd": 94.0, "gp_name": "KAKOPATHER", "state_name": "ASSAM", "state_lgd": 18, "population": 94, "households": 18}, "geometry": {"type": "Polygon", "coordinates": [[[95.61825, 27.67979], [95.61521, 27.682650000000002], [95.61635000000001, 27.68644], [95.62224, 27.68972], [95.62738, 27.684], [95.62585000000001, 27.68231], [95.62547, 27.680460000000004], [95.62338000000001, 27.68063], [95.62215, 27.679700000000004], [95.61825, 27.67979]]]}}, {"id": "146", "type": "Feature", "properties": {"village_name": "Upper Dhing Reserved Forest", "vil_lgd": 999999, "district_name": "Tinsukia", "dist_lgd": 302, "subdistrict_name": "Tinsukia", "sdcode": 2061, "block_name": "", "block_lgd": null, "gp_name": "", "state_name": "ASSAM", "state_lgd": 18, "population": 0, "households": 0}, "geometry": {"type": "Polygon", "coordinates": [[[95.57591000000001, 27.454110000000004], [95.5858, 27.45125], [95.59644, 27.444830000000003], [95.60164, 27.440080000000002], [95.60576, 27.43353], [95.60690000000001, 27.42526], [95.60248000000001, 27.409200000000002], [95.59297000000001, 27.40314], [95.57931, 27.397070000000003], [95.57871, 27.393120000000003], [95.58317000000001, 27.385730000000002], [95.58525, 27.37966], [95.58762, 27.377810000000004], [95.59297000000001, 27.367790000000003], [95.59475, 27.36119], [95.59342000000001, 27.35385], [95.59327, 27.35301], [95.58703000000001, 27.35011], [95.58195, 27.349000000000004], [95.57102, 27.346610000000002], [95.55138000000001, 27.342720000000003], [95.52553, 27.339820000000003], [95.51335, 27.341140000000003], [95.50028, 27.34879], [95.49018000000001, 27.356440000000003], [95.48404000000001, 27.36371], [95.47993000000001, 27.36427], [95.47684000000001, 27.366680000000002], [95.47342, 27.371910000000003], [95.46753000000001, 27.378500000000003], [95.46791, 27.382720000000003], [95.47247, 27.385250000000003], [95.47342, 27.39082], [95.47513000000001, 27.39403], [95.47285000000001, 27.39842], [95.47380000000001, 27.405340000000002], [95.47285000000001, 27.412260000000003], [95.47627000000001, 27.415300000000002], [95.47951, 27.42019], [95.47741, 27.42509], [95.47494, 27.427450000000004], [95.46943, 27.42762], [95.46582000000001, 27.430320000000002], [95.46486, 27.442300000000003], [95.46677000000001, 27.446520000000003], [95.47361000000001, 27.449220000000004], [95.48122000000001, 27.438250000000004], [95.48483, 27.43673], [95.49015000000001, 27.438080000000003], [95.49738, 27.4418], [95.50384000000001, 27.443310000000004], [95.51734, 27.442300000000003], [95.52457000000001, 27.443150000000003], [95.52628000000001, 27.448880000000003], [95.53199000000001, 27.46272], [95.54339, 27.46036], [95.55043, 27.45766], [95.56013, 27.45614], [95.57591000000001, 27.454110000000004]], [[95.53436, 27.453170000000004], [95.53683000000001, 27.4552], [95.53683000000001, 27.4584], [95.53208000000001, 27.458070000000003], [95.53153, 27.453960000000002], [95.53436, 27.453170000000004]], [[95.55969, 27.430450000000004], [95.56076, 27.42876], [95.56492, 27.42697], [95.56837, 27.427920000000004], [95.56908000000001, 27.43108], [95.56837, 27.434140000000003], [95.56623, 27.435090000000002], [95.55223000000001, 27.4368], [95.55005000000001, 27.435440000000003], [95.55033, 27.43242], [95.55969, 27.430450000000004]]]}}, {"id": "147", "type": "Feature", "properties": {"village_name": "Bishnurpur", "vil_lgd": 290439, "district_name": "Tinsukia", "dist_lgd": 302, "subdistrict_name": "Doom Dooma", "sdcode": 2060, "block_name": "Kakapathar", "block_lgd": 94.0, "gp_name": "GABHORUBHETI", "state_name": "ASSAM", "state_lgd": 18, "population": 1108, "households": 213}, "geometry": {"type": "Polygon", "coordinates": [[[95.68101000000001, 27.523080000000004], [95.67951000000001, 27.52588], [95.68222, 27.53149], [95.68628000000001, 27.535760000000003], [95.68824000000001, 27.539240000000003], [95.68960000000001, 27.54484], [95.69938, 27.541240000000002], [95.69306, 27.523880000000002], [95.68101000000001, 27.523080000000004]]]}}, {"id": "148", "type": "Feature", "properties": {"village_name": "Moran Gaon", "vil_lgd": 290440, "district_name": "Tinsukia", "dist_lgd": 302, "subdistrict_name": "Doom Dooma", "sdcode": 2060, "block_name": "Kakapathar", "block_lgd": 94.0, "gp_name": "GABHORUBHETI", "state_name": "ASSAM", "state_lgd": 18, "population": 165, "households": 27}, "geometry": {"type": "Polygon", "coordinates": [[[95.67951000000001, 27.52588], [95.67710000000001, 27.529090000000004], [95.67198, 27.531620000000004], [95.68011000000001, 27.5347], [95.68628000000001, 27.535760000000003], [95.68222, 27.53149], [95.67951000000001, 27.52588]]]}}, {"id": "149", "type": "Feature", "properties": {"village_name": "Gonhai Krishnapur", "vil_lgd": 290437, "district_name": "Tinsukia", "dist_lgd": 302, "subdistrict_name": "Doom Dooma", "sdcode": 2060, "block_name": "Kakapathar", "block_lgd": 94.0, "gp_name": "GOBHORUBHATI", "state_name": "ASSAM", "state_lgd": 18, "population": 1032, "households": 210}, "geometry": {"type": "Polygon", "coordinates": [[[95.67198, 27.531620000000004], [95.67408, 27.5347], [95.67890000000001, 27.54765], [95.68689, 27.546850000000003], [95.68960000000001, 27.54484], [95.68824000000001, 27.539240000000003], [95.68628000000001, 27.535760000000003], [95.68011000000001, 27.5347], [95.67198, 27.531620000000004]]]}}, {"id": "150", "type": "Feature", "properties": {"village_name": "Gauripur Gaon", "vil_lgd": 290419, "district_name": "Tinsukia", "dist_lgd": 302, "subdistrict_name": "Doom Dooma", "sdcode": 2060, "block_name": "Kakapathar", "block_lgd": 94.0, "gp_name": "GOBHURUBHETI", "state_name": "ASSAM", "state_lgd": 18, "population": 906, "households": 174}, "geometry": {"type": "Polygon", "coordinates": [[[95.67890000000001, 27.54765], [95.66942, 27.550720000000002], [95.66430000000001, 27.554460000000002], [95.66294, 27.556330000000003], [95.66294, 27.55833], [95.66656, 27.56821], [95.67574, 27.566070000000003], [95.68297000000001, 27.5622], [95.68192, 27.55392], [95.67890000000001, 27.54765]]]}}, {"id": "151", "type": "Feature", "properties": {"village_name": "Parbotipur Gaon", "vil_lgd": 290436, "district_name": "Tinsukia", "dist_lgd": 302, "subdistrict_name": "Doom Dooma", "sdcode": 2060, "block_name": "Kakapathar", "block_lgd": 94.0, "gp_name": "GOBHORUBHETI", "state_name": "ASSAM", "state_lgd": 18, "population": 1331, "households": 250}, "geometry": {"type": "Polygon", "coordinates": [[[95.67198, 27.531620000000004], [95.6658, 27.532960000000003], [95.66369, 27.534160000000004], [95.66204, 27.536830000000002], [95.653, 27.541240000000002], [95.65948, 27.54484], [95.66369, 27.552190000000003], [95.66294, 27.556330000000003], [95.66430000000001, 27.554460000000002], [95.66942, 27.550720000000002], [95.67890000000001, 27.54765], [95.67408, 27.5347], [95.67198, 27.531620000000004]]]}}, {"id": "152", "type": "Feature", "properties": {"village_name": "Gabhorubheti", "vil_lgd": 290420, "district_name": "Tinsukia", "dist_lgd": 302, "subdistrict_name": "Doom Dooma", "sdcode": 2060, "block_name": "Kakapathar", "block_lgd": 94.0, "gp_name": "GABHORUBHETI", "state_name": "ASSAM", "state_lgd": 18, "population": 678, "households": 131}, "geometry": {"type": "Polygon", "coordinates": [[[95.66294, 27.556330000000003], [95.64863000000001, 27.562870000000004], [95.65375, 27.571410000000004], [95.66430000000001, 27.56914], [95.66656, 27.56821], [95.66294, 27.55833], [95.66294, 27.556330000000003]]]}}, {"id": "153", "type": "Feature", "properties": {"village_name": "Bamun Gaon", "vil_lgd": 290435, "district_name": "Tinsukia", "dist_lgd": 302, "subdistrict_name": "Doom Dooma", "sdcode": 2060, "block_name": "Kakapathar", "block_lgd": 94.0, "gp_name": "GOBHORUBHETI", "state_name": "ASSAM", "state_lgd": 18, "population": 1161, "households": 195}, "geometry": {"type": "Polygon", "coordinates": [[[95.653, 27.541240000000002], [95.63990000000001, 27.545640000000002], [95.64231000000001, 27.548320000000004], [95.64457, 27.553520000000002], [95.64728000000001, 27.559], [95.64863000000001, 27.562870000000004], [95.66294, 27.556330000000003], [95.66369, 27.552190000000003], [95.65948, 27.54484], [95.653, 27.541240000000002]]]}}, {"id": "154", "type": "Feature", "properties": {"village_name": "Bordubi T E Wli", "vil_lgd": 290434, "district_name": "Tinsukia", "dist_lgd": 302, "subdistrict_name": "Doom Dooma", "sdcode": 2060, "block_name": "Kakapathar", "block_lgd": 94.0, "gp_name": "GABHURUBHETI", "state_name": "ASSAM", "state_lgd": 18, "population": 1059, "households": 204}, "geometry": {"type": "Polygon", "coordinates": [[[95.64231000000001, 27.548320000000004], [95.63192000000001, 27.567140000000002], [95.63102, 27.56941], [95.63644000000001, 27.57195], [95.63644000000001, 27.574080000000002], [95.64487000000001, 27.570210000000003], [95.64577000000001, 27.56247], [95.64728000000001, 27.559], [95.64457, 27.553520000000002], [95.64231000000001, 27.548320000000004]]]}}, {"id": "155", "type": "Feature", "properties": {"village_name": "Bordubi T E", "vil_lgd": 290424, "district_name": "Tinsukia", "dist_lgd": 302, "subdistrict_name": "Doom Dooma", "sdcode": 2060, "block_name": "Kakapathar", "block_lgd": 94.0, "gp_name": "GABHORUBHETI", "state_name": "ASSAM", "state_lgd": 18, "population": 2995, "households": 569}, "geometry": {"type": "Polygon", "coordinates": [[[95.63990000000001, 27.545640000000002], [95.6268, 27.548450000000003], [95.61641, 27.555120000000002], [95.61686, 27.560200000000002], [95.61761000000001, 27.56247], [95.62047000000001, 27.564740000000004], [95.62514, 27.56661], [95.63192000000001, 27.567140000000002], [95.64231000000001, 27.548320000000004], [95.63990000000001, 27.545640000000002]]]}}, {"id": "156", "type": "Feature", "properties": {"village_name": "Bordubi T E", "vil_lgd": 290423, "district_name": "Tinsukia", "dist_lgd": 302, "subdistrict_name": "Doom Dooma", "sdcode": 2060, "block_name": "Kakapathar", "block_lgd": 94.0, "gp_name": "BORDUBI", "state_name": "ASSAM", "state_lgd": 18, "population": 519, "households": 101}, "geometry": {"type": "Polygon", "coordinates": [[[95.62574000000001, 27.574620000000003], [95.63102, 27.56941], [95.63192000000001, 27.567140000000002], [95.62514, 27.56661], [95.62047000000001, 27.564740000000004], [95.61761000000001, 27.56247], [95.61686, 27.560200000000002], [95.61068, 27.56313], [95.59894000000001, 27.567140000000002], [95.59984000000001, 27.569540000000003], [95.60331000000001, 27.575950000000002], [95.60699000000001, 27.578570000000003], [95.60888000000001, 27.578350000000004], [95.61761000000001, 27.578090000000003], [95.62574000000001, 27.574620000000003]]]}}, {"id": "157", "type": "Feature", "properties": {"village_name": "Bokpara T E", "vil_lgd": 290449, "district_name": "Tinsukia", "dist_lgd": 302, "subdistrict_name": "Doom Dooma", "sdcode": 2060, "block_name": "Kakapathar", "block_lgd": 94.0, "gp_name": "GABHORUBHETI", "state_name": "ASSAM", "state_lgd": 18, "population": 2351, "households": 432}, "geometry": {"type": "Polygon", "coordinates": [[[95.62047000000001, 27.530690000000003], [95.62017, 27.533890000000003], [95.61626000000001, 27.537370000000003], [95.61324, 27.539640000000002], [95.60843000000001, 27.544710000000002], [95.61008000000001, 27.546310000000002], [95.61324, 27.548180000000002], [95.61641, 27.555120000000002], [95.6268, 27.548450000000003], [95.63990000000001, 27.545640000000002], [95.63885, 27.542710000000003], [95.64005, 27.536830000000002], [95.64201000000001, 27.533890000000003], [95.63644000000001, 27.531090000000003], [95.62755000000001, 27.530020000000004], [95.62047000000001, 27.530690000000003]]]}}, {"id": "158", "type": "Feature", "properties": {"village_name": "Tongain Sunjan", "vil_lgd": 290448, "district_name": "Tinsukia", "dist_lgd": 302, "subdistrict_name": "Doom Dooma", "sdcode": 2060, "block_name": "Kakapathar", "block_lgd": 94.0, "gp_name": "GABHORUBHETI", "state_name": "ASSAM", "state_lgd": 18, "population": 390, "households": 65}, "geometry": {"type": "Polygon", "coordinates": [[[95.66369, 27.534160000000004], [95.66053000000001, 27.532960000000003], [95.65270000000001, 27.53536], [95.64366000000001, 27.536030000000004], [95.64201000000001, 27.533890000000003], [95.64005, 27.536830000000002], [95.63885, 27.542710000000003], [95.63990000000001, 27.545640000000002], [95.653, 27.541240000000002], [95.66204, 27.536830000000002], [95.66369, 27.534160000000004]]]}}, {"id": "159", "type": "Feature", "properties": {"village_name": "Tongani Sumjan", "vil_lgd": 290447, "district_name": "Tinsukia", "dist_lgd": 302, "subdistrict_name": "Doom Dooma", "sdcode": 2060, "block_name": "Kakapathar", "block_lgd": 94.0, "gp_name": "GOBHARUBHATI", "state_name": "ASSAM", "state_lgd": 18, "population": 144, "households": 23}, "geometry": {"type": "Polygon", "coordinates": [[[95.65090000000001, 27.530260000000002], [95.64894000000001, 27.532020000000003], [95.64547, 27.533490000000004], [95.64201000000001, 27.533890000000003], [95.64366000000001, 27.536030000000004], [95.65270000000001, 27.53536], [95.66053000000001, 27.532960000000003], [95.65345, 27.530820000000002], [95.65090000000001, 27.530260000000002]]]}}, {"id": "160", "type": "Feature", "properties": {"village_name": "Rampur Nc", "vil_lgd": 291046, "district_name": "Tinsukia", "dist_lgd": 302, "subdistrict_name": "Margherita", "sdcode": 2062, "block_name": "Margherita", "block_lgd": 97.0, "gp_name": "JAGEN", "state_name": "ASSAM", "state_lgd": 18, "population": 144, "households": 29}, "geometry": {"type": "Polygon", "coordinates": [[[95.81504000000001, 27.528540000000003], [95.8101, 27.52905], [95.80895000000001, 27.531240000000004], [95.80656, 27.533250000000002], [95.81314, 27.5422], [95.81580000000001, 27.53798], [95.82112000000001, 27.534100000000002], [95.81504000000001, 27.528540000000003]]]}}, {"id": "161", "type": "Feature", "properties": {"village_name": "Rabar Guri Gaon", "vil_lgd": 290415, "district_name": "Tinsukia", "dist_lgd": 302, "subdistrict_name": "Doom Dooma", "sdcode": 2060, "block_name": "Kakapathar", "block_lgd": 94.0, "gp_name": "GABHARUBHETI", "state_name": "ASSAM", "state_lgd": 18, "population": 456, "households": 91}, "geometry": {"type": "Polygon", "coordinates": [[[95.65496, 27.516270000000002], [95.65541, 27.522280000000002], [95.65345, 27.530820000000002], [95.66053000000001, 27.532960000000003], [95.66369, 27.534160000000004], [95.6658, 27.532960000000003], [95.67198, 27.531620000000004], [95.67710000000001, 27.529090000000004], [95.67951000000001, 27.52588], [95.68101000000001, 27.523080000000004], [95.67348000000001, 27.52241], [95.65993, 27.51894], [95.65496, 27.516270000000002]]]}}, {"id": "162", "type": "Feature", "properties": {"village_name": "Pithaguti Gaon", "vil_lgd": 290445, "district_name": "Tinsukia", "dist_lgd": 302, "subdistrict_name": "Doom Dooma", "sdcode": 2060, "block_name": "Kakapathar", "block_lgd": 94.0, "gp_name": "", "state_name": "ASSAM", "state_lgd": 18, "population": 2158, "households": 420}, "geometry": {"type": "Polygon", "coordinates": [[[95.68626, 27.49489], [95.67735, 27.499630000000003], [95.66614000000001, 27.501790000000003], [95.66460000000001, 27.505450000000003], [95.66083, 27.511460000000003], [95.65496, 27.516270000000002], [95.65993, 27.51894], [95.67348000000001, 27.52241], [95.68101000000001, 27.523080000000004], [95.68387000000001, 27.511190000000003], [95.68626, 27.49489]]]}}, {"id": "163", "type": "Feature", "properties": {"village_name": "Makum T E Grant", "vil_lgd": 291045, "district_name": "Tinsukia", "dist_lgd": 302, "subdistrict_name": "Margherita", "sdcode": 2062, "block_name": "Margherita", "block_lgd": 97.0, "gp_name": "KAMAR POTTY", "state_name": "ASSAM", "state_lgd": 18, "population": 425, "households": 101}, "geometry": {"type": "Polygon", "coordinates": [[[95.82131000000001, 27.518420000000003], [95.81789, 27.525170000000003], [95.81504000000001, 27.528540000000003], [95.82112000000001, 27.534100000000002], [95.82645000000001, 27.525840000000002], [95.82873000000001, 27.523650000000004], [95.82131000000001, 27.518420000000003]]]}}, {"id": "164", "type": "Feature", "properties": {"village_name": "Na Gaon Bongali", "vil_lgd": 290483, "district_name": "Tinsukia", "dist_lgd": 302, "subdistrict_name": "Doom Dooma", "sdcode": 2060, "block_name": "Kakapathar", "block_lgd": 94.0, "gp_name": "RONGAJAN", "state_name": "ASSAM", "state_lgd": 18, "population": 222, "households": 41}, "geometry": {"type": "Polygon", "coordinates": [[[95.66614000000001, 27.501790000000003], [95.65507000000001, 27.502370000000003], [95.65240000000001, 27.501970000000004], [95.64427, 27.50344], [95.64457, 27.50505], [95.64833, 27.508390000000002], [95.6533, 27.50879], [95.65812000000001, 27.507980000000003], [95.66460000000001, 27.505450000000003], [95.66614000000001, 27.501790000000003]]]}}, {"id": "165", "type": "Feature", "properties": {"village_name": "Kakajan Gaon", "vil_lgd": 290464, "district_name": "Tinsukia", "dist_lgd": 302, "subdistrict_name": "Doom Dooma", "sdcode": 2060, "block_name": "Kakapathar", "block_lgd": 94.0, "gp_name": "KAKOJAN", "state_name": "ASSAM", "state_lgd": 18, "population": 986, "households": 195}, "geometry": {"type": "Polygon", "coordinates": [[[95.66460000000001, 27.505450000000003], [95.65812000000001, 27.507980000000003], [95.6533, 27.50879], [95.64833, 27.508390000000002], [95.64457, 27.50505], [95.64427, 27.50344], [95.63388, 27.50598], [95.63026, 27.510520000000003], [95.63358000000001, 27.5148], [95.63629, 27.520270000000004], [95.64803, 27.51854], [95.65496, 27.516270000000002], [95.66083, 27.511460000000003], [95.66460000000001, 27.505450000000003]]]}}, {"id": "166", "type": "Feature", "properties": {"village_name": "Tara T E", "vil_lgd": 290461, "district_name": "Tinsukia", "dist_lgd": 302, "subdistrict_name": "Doom Dooma", "sdcode": 2060, "block_name": "Kakapathar", "block_lgd": 94.0, "gp_name": "KAKOJAN", "state_name": "ASSAM", "state_lgd": 18, "population": 451, "households": 85}, "geometry": {"type": "Polygon", "coordinates": [[[95.65496, 27.516270000000002], [95.64803, 27.51854], [95.63629, 27.520270000000004], [95.63794000000001, 27.52361], [95.63719, 27.526020000000003], [95.64909, 27.52521], [95.65541, 27.522280000000002], [95.65496, 27.516270000000002]]]}}, {"id": "167", "type": "Feature", "properties": {"village_name": "Tongani Sunjan Nc", "vil_lgd": 290446, "district_name": "Tinsukia", "dist_lgd": 302, "subdistrict_name": "Doom Dooma", "sdcode": 2060, "block_name": "Kakapathar", "block_lgd": 94.0, "gp_name": "GOBHURUBHETI", "state_name": "ASSAM", "state_lgd": 18, "population": 124, "households": 24}, "geometry": {"type": "Polygon", "coordinates": [[[95.65090000000001, 27.530260000000002], [95.65345, 27.530820000000002], [95.65541, 27.522280000000002], [95.64909, 27.52521], [95.63719, 27.526020000000003], [95.63644000000001, 27.531090000000003], [95.64201000000001, 27.533890000000003], [95.64547, 27.533490000000004], [95.64894000000001, 27.532020000000003], [95.65090000000001, 27.530260000000002]]]}}, {"id": "168", "type": "Feature", "properties": {"village_name": "Tara T E", "vil_lgd": 290459, "district_name": "Tinsukia", "dist_lgd": 302, "subdistrict_name": "Doom Dooma", "sdcode": 2060, "block_name": "Kakapathar", "block_lgd": 94.0, "gp_name": "KAKOJAN", "state_name": "ASSAM", "state_lgd": 18, "population": 163, "households": 33}, "geometry": {"type": "Polygon", "coordinates": [[[95.62830000000001, 27.525350000000003], [95.61897, 27.526680000000002], [95.62047000000001, 27.530690000000003], [95.62755000000001, 27.530020000000004], [95.63644000000001, 27.531090000000003], [95.63719, 27.526020000000003], [95.63463, 27.526020000000003], [95.62830000000001, 27.525350000000003]]]}}, {"id": "169", "type": "Feature", "properties": {"village_name": "Kakajan Gaon", "vil_lgd": 290460, "district_name": "Tinsukia", "dist_lgd": 302, "subdistrict_name": "Doom Dooma", "sdcode": 2060, "block_name": "Kakapathar", "block_lgd": 94.0, "gp_name": "KAKOJAN", "state_name": "ASSAM", "state_lgd": 18, "population": 690, "households": 134}, "geometry": {"type": "Polygon", "coordinates": [[[95.63794000000001, 27.52361], [95.63629, 27.520270000000004], [95.62876000000001, 27.520270000000004], [95.62529, 27.52201], [95.61897, 27.526680000000002], [95.62830000000001, 27.525350000000003], [95.63463, 27.526020000000003], [95.63719, 27.526020000000003], [95.63794000000001, 27.52361]]]}}, {"id": "170", "type": "Feature", "properties": {"village_name": "Kakajan Gaon", "vil_lgd": 290465, "district_name": "Tinsukia", "dist_lgd": 302, "subdistrict_name": "Doom Dooma", "sdcode": 2060, "block_name": "Kakapathar", "block_lgd": 94.0, "gp_name": "KAKOJAN", "state_name": "ASSAM", "state_lgd": 18, "population": 769, "households": 148}, "geometry": {"type": "Polygon", "coordinates": [[[95.62876000000001, 27.520270000000004], [95.63629, 27.520270000000004], [95.63358000000001, 27.5148], [95.63026, 27.510520000000003], [95.62077000000001, 27.512390000000003], [95.61716000000001, 27.5148], [95.61791000000001, 27.518800000000002], [95.61746000000001, 27.52174], [95.61897, 27.526680000000002], [95.62529, 27.52201], [95.62876000000001, 27.520270000000004]]]}}, {"id": "171", "type": "Feature", "properties": {"village_name": "Tara T E", "vil_lgd": 290481, "district_name": "Tinsukia", "dist_lgd": 302, "subdistrict_name": "Doom Dooma", "sdcode": 2060, "block_name": "Kakapathar", "block_lgd": 94.0, "gp_name": "KAKOJAN", "state_name": "ASSAM", "state_lgd": 18, "population": 350, "households": 71}, "geometry": {"type": "Polygon", "coordinates": [[[95.60828000000001, 27.49717], [95.60828000000001, 27.501600000000003], [95.60471000000001, 27.50898], [95.59699, 27.51162], [95.59849000000001, 27.515330000000002], [95.6015, 27.518670000000004], [95.61099, 27.519340000000003], [95.61716000000001, 27.5148], [95.6152, 27.512390000000003], [95.61370000000001, 27.501310000000004], [95.61129000000001, 27.49837], [95.60828000000001, 27.49717]]]}}, {"id": "172", "type": "Feature", "properties": {"village_name": "Tara T E", "vil_lgd": 290463, "district_name": "Tinsukia", "dist_lgd": 302, "subdistrict_name": "Doom Dooma", "sdcode": 2060, "block_name": "Kakapathar", "block_lgd": 94.0, "gp_name": "KAKOJAN", "state_name": "ASSAM", "state_lgd": 18, "population": 110, "households": 22}, "geometry": {"type": "Polygon", "coordinates": [[[95.61897, 27.526680000000002], [95.61626000000001, 27.528290000000002], [95.614, 27.536160000000002], [95.61626000000001, 27.537370000000003], [95.62017, 27.533890000000003], [95.62047000000001, 27.530690000000003], [95.61897, 27.526680000000002]]]}}, {"id": "173", "type": "Feature", "properties": {"village_name": "Badlabheta T E", "vil_lgd": 290456, "district_name": "Tinsukia", "dist_lgd": 302, "subdistrict_name": "Doom Dooma", "sdcode": 2060, "block_name": "Kakapathar", "block_lgd": 94.0, "gp_name": "KAKAJAN", "state_name": "ASSAM", "state_lgd": 18, "population": 1759, "households": 379}, "geometry": {"type": "Polygon", "coordinates": [[[95.61626000000001, 27.528290000000002], [95.60376000000001, 27.53403], [95.614, 27.536160000000002], [95.61626000000001, 27.528290000000002]]]}}, {"id": "174", "type": "Feature", "properties": {"village_name": "Tara T E", "vil_lgd": 290468, "district_name": "Tinsukia", "dist_lgd": 302, "subdistrict_name": "Doom Dooma", "sdcode": 2060, "block_name": "Kakapathar", "block_lgd": 94.0, "gp_name": "KAKOJAN", "state_name": "ASSAM", "state_lgd": 18, "population": 400, "households": 85}, "geometry": {"type": "Polygon", "coordinates": [[[95.61099, 27.519340000000003], [95.60466000000001, 27.522280000000002], [95.60572, 27.52869], [95.61626000000001, 27.528290000000002], [95.61099, 27.519340000000003]]]}}, {"id": "175", "type": "Feature", "properties": {"village_name": "Tara T E", "vil_lgd": 290466, "district_name": "Tinsukia", "dist_lgd": 302, "subdistrict_name": "Doom Dooma", "sdcode": 2060, "block_name": "Kakapathar", "block_lgd": 94.0, "gp_name": "KAKOJAN", "state_name": "ASSAM", "state_lgd": 18, "population": 205, "households": 42}, "geometry": {"type": "Polygon", "coordinates": [[[95.59337000000001, 27.51854], [95.59608000000001, 27.526280000000003], [95.60466000000001, 27.522280000000002], [95.61099, 27.519340000000003], [95.6015, 27.518670000000004], [95.59337000000001, 27.51854]]]}}, {"id": "176", "type": "Feature", "properties": {"village_name": "Sitolpati Gaon", "vil_lgd": 290476, "district_name": "Tinsukia", "dist_lgd": 302, "subdistrict_name": "Doom Dooma", "sdcode": 2060, "block_name": "Kakapathar", "block_lgd": 94.0, "gp_name": "GABHOROBHETI", "state_name": "ASSAM", "state_lgd": 18, "population": 643, "households": 125}, "geometry": {"type": "Polygon", "coordinates": [[[95.59337000000001, 27.51854], [95.6015, 27.518670000000004], [95.59849000000001, 27.515330000000002], [95.59699, 27.51162], [95.58719, 27.512940000000004], [95.58576000000001, 27.51462], [95.58201000000001, 27.518490000000003], [95.58508, 27.521210000000004], [95.5887, 27.520270000000004], [95.59337000000001, 27.51854]]]}}, {"id": "177", "type": "Feature", "properties": {"village_name": "Tara T E", "vil_lgd": 290467, "district_name": "Tinsukia", "dist_lgd": 302, "subdistrict_name": "Doom Dooma", "sdcode": 2060, "block_name": "Kakapathar", "block_lgd": 94.0, "gp_name": "KAKOJAN", "state_name": "ASSAM", "state_lgd": 18, "population": 1020, "households": 207}, "geometry": {"type": "Polygon", "coordinates": [[[95.60466000000001, 27.522280000000002], [95.59608000000001, 27.526280000000003], [95.59711000000001, 27.531940000000002], [95.60376000000001, 27.53403], [95.61626000000001, 27.528290000000002], [95.60572, 27.52869], [95.60466000000001, 27.522280000000002]]]}}, {"id": "178", "type": "Feature", "properties": {"village_name": "Sakreting", "vil_lgd": 290475, "district_name": "Tinsukia", "dist_lgd": 302, "subdistrict_name": "Doom Dooma", "sdcode": 2060, "block_name": "Kakapathar", "block_lgd": 94.0, "gp_name": "KAKOJAN", "state_name": "ASSAM", "state_lgd": 18, "population": 1420, "households": 387}, "geometry": {"type": "Polygon", "coordinates": [[[95.58201000000001, 27.518490000000003], [95.57586, 27.523590000000002], [95.57695000000001, 27.526280000000003], [95.57936000000001, 27.52869], [95.58192000000001, 27.529490000000003], [95.58499, 27.529230000000002], [95.58508, 27.521210000000004], [95.58201000000001, 27.518490000000003]]]}}, {"id": "179", "type": "Feature", "properties": {"village_name": "Tara T E", "vil_lgd": 290479, "district_name": "Tinsukia", "dist_lgd": 302, "subdistrict_name": "Doom Dooma", "sdcode": 2060, "block_name": "Kakapathar", "block_lgd": 94.0, "gp_name": "KAKOJAN", "state_name": "ASSAM", "state_lgd": 18, "population": 849, "households": 162}, "geometry": {"type": "Polygon", "coordinates": [[[95.58192000000001, 27.529490000000003], [95.57936000000001, 27.532690000000002], [95.59081, 27.532690000000002], [95.58674, 27.529090000000004], [95.58499, 27.529230000000002], [95.58192000000001, 27.529490000000003]]]}}, {"id": "180", "type": "Feature", "properties": {"village_name": "Tara T E", "vil_lgd": 290469, "district_name": "Tinsukia", "dist_lgd": 302, "subdistrict_name": "Doom Dooma", "sdcode": 2060, "block_name": "Kakapathar", "block_lgd": 94.0, "gp_name": "KAKOJAN", "state_name": "ASSAM", "state_lgd": 18, "population": 345, "households": 76}, "geometry": {"type": "Polygon", "coordinates": [[[95.57936000000001, 27.532690000000002], [95.57770000000001, 27.533890000000003], [95.57424, 27.534160000000004], [95.56972, 27.536830000000002], [95.57202000000001, 27.542900000000003], [95.57258, 27.54378], [95.58388000000001, 27.539240000000003], [95.58546000000001, 27.538770000000003], [95.58840000000001, 27.5379], [95.59156, 27.53536], [95.59081, 27.532690000000002], [95.57936000000001, 27.532690000000002]]]}}, {"id": "181", "type": "Feature", "properties": {"village_name": "Sakreting", "vil_lgd": 290474, "district_name": "Tinsukia", "dist_lgd": 302, "subdistrict_name": "Doom Dooma", "sdcode": 2060, "block_name": "Kakapathar", "block_lgd": 94.0, "gp_name": "KAKOJAN", "state_name": "ASSAM", "state_lgd": 18, "population": 154, "households": 35}, "geometry": {"type": "Polygon", "coordinates": [[[95.57424, 27.534160000000004], [95.57770000000001, 27.533890000000003], [95.57936000000001, 27.532690000000002], [95.58192000000001, 27.529490000000003], [95.57936000000001, 27.52869], [95.57695000000001, 27.526280000000003], [95.57586, 27.523590000000002], [95.57441000000001, 27.524790000000003], [95.57025, 27.528480000000002], [95.56826000000001, 27.52914], [95.56583, 27.529950000000003], [95.56777000000001, 27.534430000000004], [95.56972, 27.536830000000002], [95.57424, 27.534160000000004]]]}}, {"id": "182", "type": "Feature", "properties": {"village_name": "Sakreting T E", "vil_lgd": 290472, "district_name": "Tinsukia", "dist_lgd": 302, "subdistrict_name": "Doom Dooma", "sdcode": 2060, "block_name": "Kakapathar", "block_lgd": 94.0, "gp_name": "KAKOJAN", "state_name": "ASSAM", "state_lgd": 18, "population": 361, "households": 72}, "geometry": {"type": "Polygon", "coordinates": [[[95.56583, 27.529950000000003], [95.55629, 27.532700000000002], [95.55124, 27.53796], [95.54827, 27.5435], [95.55512, 27.544580000000003], [95.55948000000001, 27.546180000000003], [95.56370000000001, 27.53883], [95.56777000000001, 27.534430000000004], [95.56583, 27.529950000000003]]]}}, {"id": "183", "type": "Feature", "properties": {"village_name": "Sakreting Patta Land", "vil_lgd": 290473, "district_name": "Tinsukia", "dist_lgd": 302, "subdistrict_name": "Doom Dooma", "sdcode": 2060, "block_name": "Kakapathar", "block_lgd": 94.0, "gp_name": "KAKOJAN", "state_name": "ASSAM", "state_lgd": 18, "population": 213, "households": 40}, "geometry": {"type": "Polygon", "coordinates": [[[95.56777000000001, 27.534430000000004], [95.56370000000001, 27.53883], [95.55948000000001, 27.546180000000003], [95.56204000000001, 27.55045], [95.56837, 27.544310000000003], [95.57202000000001, 27.542900000000003], [95.56972, 27.536830000000002], [95.56777000000001, 27.534430000000004]]]}}, {"id": "184", "type": "Feature", "properties": {"village_name": "Sakreting", "vil_lgd": 290471, "district_name": "Tinsukia", "dist_lgd": 302, "subdistrict_name": "Doom Dooma", "sdcode": 2060, "block_name": "Kakapathar", "block_lgd": 94.0, "gp_name": "KAKOJAN", "state_name": "ASSAM", "state_lgd": 18, "population": 368, "households": 62}, "geometry": {"type": "Polygon", "coordinates": [[[95.54827, 27.5435], [95.54827, 27.54718], [95.54866000000001, 27.55261], [95.55408000000001, 27.553250000000002], [95.55873000000001, 27.553790000000003], [95.56204000000001, 27.55045], [95.55948000000001, 27.546180000000003], [95.55512, 27.544580000000003], [95.54827, 27.5435]]]}}, {"id": "185", "type": "Feature", "properties": {"village_name": "Kakajan", "vil_lgd": 290462, "district_name": "Tinsukia", "dist_lgd": 302, "subdistrict_name": "Doom Dooma", "sdcode": 2060, "block_name": "Kakapathar", "block_lgd": 94.0, "gp_name": "KAKOJAN", "state_name": "ASSAM", "state_lgd": 18, "population": 1189, "households": 206}, "geometry": {"type": "Polygon", "coordinates": [[[95.54866000000001, 27.55261], [95.54805, 27.559300000000004], [95.5515, 27.561270000000004], [95.55408000000001, 27.553250000000002], [95.54866000000001, 27.55261]]]}}, {"id": "186", "type": "Feature", "properties": {"village_name": "Badalbheta T E", "vil_lgd": 290470, "district_name": "Tinsukia", "dist_lgd": 302, "subdistrict_name": "Doom Dooma", "sdcode": 2060, "block_name": "Kakapathar", "block_lgd": 94.0, "gp_name": "KAKAJAN", "state_name": "ASSAM", "state_lgd": 18, "population": 321, "households": 67}, "geometry": {"type": "Polygon", "coordinates": [[[95.55408000000001, 27.553250000000002], [95.5515, 27.561270000000004], [95.55316, 27.562870000000004], [95.55632000000001, 27.562730000000002], [95.56219, 27.55833], [95.56129000000001, 27.555660000000003], [95.55873000000001, 27.553790000000003], [95.55408000000001, 27.553250000000002]]]}}, {"id": "187", "type": "Feature", "properties": {"village_name": "Badalbheta T E", "vil_lgd": 290454, "district_name": "Tinsukia", "dist_lgd": 302, "subdistrict_name": "Doom Dooma", "sdcode": 2060, "block_name": "Kakapathar", "block_lgd": 94.0, "gp_name": "KAKAJAN", "state_name": "ASSAM", "state_lgd": 18, "population": 702, "households": 133}, "geometry": {"type": "Polygon", "coordinates": [[[95.57202000000001, 27.542900000000003], [95.56837, 27.544310000000003], [95.56204000000001, 27.55045], [95.55873000000001, 27.553790000000003], [95.56129000000001, 27.555660000000003], [95.56219, 27.55833], [95.56385, 27.5606], [95.57258, 27.555930000000004], [95.57560000000001, 27.552590000000002], [95.57424, 27.546850000000003], [95.57258, 27.54378], [95.57202000000001, 27.542900000000003]]]}}, {"id": "188", "type": "Feature", "properties": {"village_name": "Tara T E", "vil_lgd": 290458, "district_name": "Tinsukia", "dist_lgd": 302, "subdistrict_name": "Doom Dooma", "sdcode": 2060, "block_name": "Kakapathar", "block_lgd": 94.0, "gp_name": "KAKOJAN", "state_name": "ASSAM", "state_lgd": 18, "population": 193, "households": 34}, "geometry": {"type": "Polygon", "coordinates": [[[95.58358000000001, 27.543910000000004], [95.58388000000001, 27.539240000000003], [95.57258, 27.54378], [95.57424, 27.546850000000003], [95.57560000000001, 27.552590000000002], [95.58132, 27.551650000000002], [95.58539, 27.554190000000002], [95.58358000000001, 27.543910000000004]]]}}, {"id": "189", "type": "Feature", "properties": {"village_name": "Tara T E", "vil_lgd": 290457, "district_name": "Tinsukia", "dist_lgd": 302, "subdistrict_name": "Doom Dooma", "sdcode": 2060, "block_name": "Kakapathar", "block_lgd": 94.0, "gp_name": "MANKHUWA", "state_name": "ASSAM", "state_lgd": 18, "population": 1010, "households": 196}, "geometry": {"type": "Polygon", "coordinates": [[[95.61008000000001, 27.53883], [95.61324, 27.539640000000002], [95.61626000000001, 27.537370000000003], [95.614, 27.536160000000002], [95.60376000000001, 27.53403], [95.59711000000001, 27.531940000000002], [95.59337000000001, 27.531620000000004], [95.59081, 27.532690000000002], [95.59156, 27.53536], [95.58840000000001, 27.5379], [95.58546000000001, 27.538770000000003], [95.5896, 27.54231], [95.59653, 27.551520000000004], [95.60225000000001, 27.54351], [95.60632000000001, 27.539500000000004], [95.61008000000001, 27.53883]]]}}, {"id": "190", "type": "Feature", "properties": {"village_name": "Bisakapi T E", "vil_lgd": 290482, "district_name": "Tinsukia", "dist_lgd": 302, "subdistrict_name": "Doom Dooma", "sdcode": 2060, "block_name": "Kakapathar", "block_lgd": 94.0, "gp_name": "MANUKHOWA", "state_name": "ASSAM", "state_lgd": 18, "population": 1432, "households": 269}, "geometry": {"type": "Polygon", "coordinates": [[[95.60843000000001, 27.544710000000002], [95.60361, 27.54698], [95.6012, 27.55112], [95.60526, 27.55459], [95.60963000000001, 27.560460000000003], [95.61068, 27.56313], [95.61686, 27.560200000000002], [95.61641, 27.555120000000002], [95.61324, 27.548180000000002], [95.61008000000001, 27.546310000000002], [95.60843000000001, 27.544710000000002]]]}}, {"id": "191", "type": "Feature", "properties": {"village_name": "Bokpara T E", "vil_lgd": 290450, "district_name": "Tinsukia", "dist_lgd": 302, "subdistrict_name": "Doom Dooma", "sdcode": 2060, "block_name": "Kakapathar", "block_lgd": 94.0, "gp_name": "BORDOBI", "state_name": "ASSAM", "state_lgd": 18, "population": 4788, "households": 1004}, "geometry": {"type": "Polygon", "coordinates": [[[95.6012, 27.55112], [95.59909, 27.55432], [95.59653, 27.551520000000004], [95.5896, 27.54231], [95.58546000000001, 27.538770000000003], [95.58388000000001, 27.539240000000003], [95.58358000000001, 27.543910000000004], [95.58539, 27.554190000000002], [95.58614000000001, 27.556330000000003], [95.58779000000001, 27.557930000000002], [95.59126, 27.562730000000002], [95.59894000000001, 27.567140000000002], [95.61068, 27.56313], [95.60963000000001, 27.560460000000003], [95.60526, 27.55459], [95.6012, 27.55112]]]}}, {"id": "192", "type": "Feature", "properties": {"village_name": "Badlabheta T E", "vil_lgd": 290455, "district_name": "Tinsukia", "dist_lgd": 302, "subdistrict_name": "Doom Dooma", "sdcode": 2060, "block_name": "Kakapathar", "block_lgd": 94.0, "gp_name": "KAKOJAN", "state_name": "ASSAM", "state_lgd": 18, "population": 614, "households": 119}, "geometry": {"type": "Polygon", "coordinates": [[[95.58132, 27.551650000000002], [95.57560000000001, 27.552590000000002], [95.57258, 27.555930000000004], [95.56385, 27.5606], [95.56656000000001, 27.561270000000004], [95.57921, 27.564200000000003], [95.57921, 27.563270000000003], [95.58614000000001, 27.556330000000003], [95.58539, 27.554190000000002], [95.58132, 27.551650000000002]]]}}, {"id": "193", "type": "Feature", "properties": {"village_name": "Daidam T E", "vil_lgd": 290262, "district_name": "Tinsukia", "dist_lgd": 302, "subdistrict_name": "Doom Dooma", "sdcode": 2060, "block_name": "Hapjan", "block_lgd": 93.0, "gp_name": "HAPJAN", "state_name": "ASSAM", "state_lgd": 18, "population": 1264, "households": 258}, "geometry": {"type": "Polygon", "coordinates": [[[95.50353000000001, 27.558460000000004], [95.49650000000001, 27.559810000000002], [95.49864000000001, 27.565140000000003], [95.49849, 27.570210000000003], [95.49940000000001, 27.574620000000003], [95.50858000000001, 27.57421], [95.51241, 27.571920000000002], [95.5138, 27.567470000000004], [95.51261000000001, 27.56378], [95.50601, 27.56133], [95.50353000000001, 27.558460000000004]]]}}, {"id": "194", "type": "Feature", "properties": {"village_name": "Daidam T E", "vil_lgd": 290263, "district_name": "Tinsukia", "dist_lgd": 302, "subdistrict_name": "Doom Dooma", "sdcode": 2060, "block_name": "Hapjan", "block_lgd": 93.0, "gp_name": "DAIDAM", "state_name": "ASSAM", "state_lgd": 18, "population": 2700, "households": 523}, "geometry": {"type": "Polygon", "coordinates": [[[95.48661000000001, 27.559310000000004], [95.48539000000001, 27.566070000000003], [95.48569, 27.57101], [95.48599, 27.57288], [95.48901000000001, 27.575550000000003], [95.49503000000001, 27.575020000000002], [95.49940000000001, 27.574620000000003], [95.49849, 27.570210000000003], [95.49864000000001, 27.565140000000003], [95.49650000000001, 27.559810000000002], [95.49212000000001, 27.559310000000004], [95.48661000000001, 27.559310000000004]]]}}, {"id": "195", "type": "Feature", "properties": {"village_name": "Pavajan T E", "vil_lgd": 290266, "district_name": "Tinsukia", "dist_lgd": 302, "subdistrict_name": "Doom Dooma", "sdcode": 2060, "block_name": "Hapjan", "block_lgd": 93.0, "gp_name": "HAPJAN", "state_name": "ASSAM", "state_lgd": 18, "population": 3139, "households": 619}, "geometry": {"type": "Polygon", "coordinates": [[[95.49172, 27.58022], [95.48901000000001, 27.575550000000003], [95.48599, 27.57288], [95.48569, 27.57101], [95.48539000000001, 27.566070000000003], [95.48661000000001, 27.559310000000004], [95.48414000000001, 27.557620000000004], [95.47444, 27.558970000000002], [95.47349000000001, 27.56116], [95.47311, 27.5652], [95.47026000000001, 27.57195], [95.46792, 27.574880000000004], [95.47048000000001, 27.58209], [95.47636000000001, 27.58302], [95.48388000000001, 27.58209], [95.48464000000001, 27.583560000000002], [95.49172, 27.58022]]]}}, {"id": "196", "type": "Feature", "properties": {"village_name": "Tara T E", "vil_lgd": 290477, "district_name": "Tinsukia", "dist_lgd": 302, "subdistrict_name": "Doom Dooma", "sdcode": 2060, "block_name": "Kakapathar", "block_lgd": 94.0, "gp_name": "KAKOJAN", "state_name": "ASSAM", "state_lgd": 18, "population": 0, "households": 0}, "geometry": {"type": "Polygon", "coordinates": [[[95.61008000000001, 27.53883], [95.60632000000001, 27.539500000000004], [95.60225000000001, 27.54351], [95.59653, 27.551520000000004], [95.59909, 27.55432], [95.6012, 27.55112], [95.60361, 27.54698], [95.60843000000001, 27.544710000000002], [95.61324, 27.539640000000002], [95.61008000000001, 27.53883]]]}}, {"id": "197", "type": "Feature", "properties": {"village_name": "Badla Bheta T E", "vil_lgd": 290451, "district_name": "Tinsukia", "dist_lgd": 302, "subdistrict_name": "Doom Dooma", "sdcode": 2060, "block_name": "Kakapathar", "block_lgd": 94.0, "gp_name": "BORDUBI", "state_name": "ASSAM", "state_lgd": 18, "population": 0, "households": 0}, "geometry": {"type": "Polygon", "coordinates": [[[95.58614000000001, 27.556330000000003], [95.57921, 27.563270000000003], [95.57921, 27.564200000000003], [95.57921, 27.56687], [95.58704, 27.573680000000003], [95.59111000000001, 27.57702], [95.59758000000001, 27.57421], [95.59984000000001, 27.569540000000003], [95.59894000000001, 27.567140000000002], [95.59126, 27.562730000000002], [95.58779000000001, 27.557930000000002], [95.58614000000001, 27.556330000000003]]]}}, {"id": "198", "type": "Feature", "properties": {"village_name": "Bisakupi T E", "vil_lgd": 290452, "district_name": "Tinsukia", "dist_lgd": 302, "subdistrict_name": "Doom Dooma", "sdcode": 2060, "block_name": "Kakapathar", "block_lgd": 94.0, "gp_name": "MANKHOWA", "state_name": "ASSAM", "state_lgd": 18, "population": 0, "households": 0}, "geometry": {"type": "Polygon", "coordinates": [[[95.56385, 27.5606], [95.56746000000001, 27.5634], [95.56927, 27.563940000000002], [95.56957000000001, 27.566340000000004], [95.56611000000001, 27.573410000000003], [95.57048, 27.57195], [95.57921, 27.56687], [95.57921, 27.564200000000003], [95.56656000000001, 27.561270000000004], [95.56385, 27.5606]]]}}, {"id": "199", "type": "Feature", "properties": {"village_name": "Ahukhat Gaon", "vil_lgd": 290528, "district_name": "Tinsukia", "dist_lgd": 302, "subdistrict_name": "Tinsukia", "sdcode": 2061, "block_name": "Guijan", "block_lgd": 95.0, "gp_name": "BORGURI", "state_name": "ASSAM", "state_lgd": 18, "population": 782, "households": 161}, "geometry": {"type": "Polygon", "coordinates": [[[95.39125000000001, 27.488170000000004], [95.39061000000001, 27.488390000000003], [95.39277000000001, 27.491030000000002], [95.39500000000001, 27.492210000000004], [95.3999, 27.49116], [95.40248000000001, 27.48872], [95.40074000000001, 27.488840000000003], [95.39125000000001, 27.488170000000004]]]}}, {"id": "200", "type": "Feature", "properties": {"village_name": "Rabar Bari", "vil_lgd": 290617, "district_name": "Tinsukia", "dist_lgd": 302, "subdistrict_name": "Tinsukia", "sdcode": 2061, "block_name": "Itakhuli", "block_lgd": 96.0, "gp_name": "TENGAPANI", "state_name": "ASSAM", "state_lgd": 18, "population": 822, "households": 174}, "geometry": {"type": "Polygon", "coordinates": [[[95.46271, 27.45295], [95.45695, 27.457510000000003], [95.46064000000001, 27.459480000000003], [95.46485000000001, 27.45961], [95.46879000000001, 27.457410000000003], [95.46785000000001, 27.45615], [95.46271, 27.45295]]]}}, {"id": "201", "type": "Feature", "properties": {"village_name": "Tingari Hebeda", "vil_lgd": 290618, "district_name": "Tinsukia", "dist_lgd": 302, "subdistrict_name": "Tinsukia", "sdcode": 2061, "block_name": "Itakhuli", "block_lgd": 96.0, "gp_name": "TENGAPANI", "state_name": "ASSAM", "state_lgd": 18, "population": 227, "households": 54}, "geometry": {"type": "Polygon", "coordinates": [[[95.44990000000001, 27.452050000000003], [95.44902, 27.45379], [95.44446, 27.457160000000002], [95.44829000000001, 27.45868], [95.45115000000001, 27.45747], [95.45175, 27.4552], [95.44990000000001, 27.452050000000003]]]}}, {"id": "202", "type": "Feature", "properties": {"village_name": "Bherbheri Gaon", "vil_lgd": 290663, "district_name": "Tinsukia", "dist_lgd": 302, "subdistrict_name": "Tinsukia", "sdcode": 2061, "block_name": "Itakhuli", "block_lgd": 96.0, "gp_name": "LANKASHI", "state_name": "ASSAM", "state_lgd": 18, "population": 1191, "households": 237}, "geometry": {"type": "Polygon", "coordinates": [[[95.42161, 27.379900000000003], [95.41798000000001, 27.381320000000002], [95.41623000000001, 27.382910000000003], [95.41841000000001, 27.388980000000004], [95.42225, 27.38528], [95.42582, 27.383750000000003], [95.42161, 27.379900000000003]]]}}, {"id": "203", "type": "Feature", "properties": {"village_name": "Pabhajan T E", "vil_lgd": 290690, "district_name": "Tinsukia", "dist_lgd": 302, "subdistrict_name": "Tinsukia", "sdcode": 2061, "block_name": "Hapjan", "block_lgd": 93.0, "gp_name": "BARHAPJAN", "state_name": "ASSAM", "state_lgd": 18, "population": 453, "households": 102}, "geometry": {"type": "Polygon", "coordinates": [[[95.51674000000001, 27.50983], [95.51629000000001, 27.516810000000003], [95.52364000000001, 27.5194], [95.52560000000001, 27.51368], [95.51674000000001, 27.50983]]]}}, {"id": "204", "type": "Feature", "properties": {"village_name": "Gomariguri", "vil_lgd": 290046, "district_name": "Tinsukia", "dist_lgd": 302, "subdistrict_name": "Sadiya", "sdcode": 2059, "block_name": "Sadiya", "block_lgd": 91.0, "gp_name": "", "state_name": "ASSAM", "state_lgd": 18, "population": 213, "households": 31}, "geometry": {"type": "Polygon", "coordinates": [[[95.57359000000001, 27.845260000000003], [95.57304, 27.846030000000003], [95.57399000000001, 27.846770000000003], [95.57480000000001, 27.845910000000003], [95.57399000000001, 27.84521], [95.57359000000001, 27.845260000000003]]]}}, {"id": "205", "type": "Feature", "properties": {"village_name": "Tezi Gaon", "vil_lgd": 290350, "district_name": "Tinsukia", "dist_lgd": 302, "subdistrict_name": "Doom Dooma", "sdcode": 2060, "block_name": "Kakapathar", "block_lgd": 94.0, "gp_name": "KAKOPATHER", "state_name": "ASSAM", "state_lgd": 18, "population": 668, "households": 126}, "geometry": {"type": "Polygon", "coordinates": [[[95.65675, 27.664780000000004], [95.65750000000001, 27.665440000000004], [95.65901000000001, 27.661420000000003], [95.65855, 27.65782], [95.65313, 27.656480000000002], [95.64798, 27.653620000000004], [95.64590000000001, 27.652210000000004], [95.64500000000001, 27.659950000000002], [95.64339000000001, 27.66991], [95.64695, 27.669380000000004], [95.64888, 27.665570000000002], [95.65675, 27.664780000000004]]]}}, {"id": "206", "type": "Feature", "properties": {"village_name": "Tezi Gaon", "vil_lgd": 290349, "district_name": "Tinsukia", "dist_lgd": 302, "subdistrict_name": "Doom Dooma", "sdcode": 2060, "block_name": "Kakapathar", "block_lgd": 94.0, "gp_name": "KAKAPATHER", "state_name": "ASSAM", "state_lgd": 18, "population": 108, "households": 23}, "geometry": {"type": "Polygon", "coordinates": [[[95.6444, 27.643010000000004], [95.64003000000001, 27.645280000000003], [95.63536, 27.64514], [95.63732, 27.65248], [95.63657, 27.66008], [95.64500000000001, 27.659950000000002], [95.64590000000001, 27.652210000000004], [95.64515, 27.647940000000002], [95.6444, 27.643010000000004]]]}}, {"id": "207", "type": "Feature", "properties": {"village_name": "Kakapathar", "vil_lgd": 290373, "district_name": "Tinsukia", "dist_lgd": 302, "subdistrict_name": "Doom Dooma", "sdcode": 2060, "block_name": "Kakapathar", "block_lgd": 94.0, "gp_name": "KAKOPATHER", "state_name": "ASSAM", "state_lgd": 18, "population": 396, "households": 85}, "geometry": {"type": "Polygon", "coordinates": [[[95.64274, 27.63847], [95.64199, 27.634870000000003], [95.64304000000001, 27.628200000000003], [95.63895000000001, 27.62506], [95.63340000000001, 27.623530000000002], [95.62723000000001, 27.615920000000003], [95.62015000000001, 27.61285], [95.61699, 27.61352], [95.61608000000001, 27.617790000000003], [95.62663, 27.62233], [95.63100000000001, 27.6262], [95.63220000000001, 27.630730000000003], [95.6319, 27.634870000000003], [95.63536, 27.64514], [95.64003000000001, 27.645280000000003], [95.6444, 27.643010000000004], [95.64274, 27.63847]]]}}, {"id": "208", "type": "Feature", "properties": {"village_name": "Duwonia Maithong", "vil_lgd": 290329, "district_name": "Tinsukia", "dist_lgd": 302, "subdistrict_name": "Doom Dooma", "sdcode": 2060, "block_name": "Kakapathar", "block_lgd": 94.0, "gp_name": "DIRAK", "state_name": "ASSAM", "state_lgd": 18, "population": 175, "households": 32}, "geometry": {"type": "Polygon", "coordinates": [[[95.66578000000001, 27.653150000000004], [95.66367000000001, 27.655680000000004], [95.65855, 27.65782], [95.65901000000001, 27.661420000000003], [95.65750000000001, 27.665440000000004], [95.66247000000001, 27.666220000000003], [95.66382, 27.669020000000003], [95.67060000000001, 27.663420000000002], [95.66955, 27.659820000000003], [95.66578000000001, 27.653150000000004]]]}}, {"id": "209", "type": "Feature", "properties": {"village_name": "Bora Chuk", "vil_lgd": 290347, "district_name": "Tinsukia", "dist_lgd": 302, "subdistrict_name": "Doom Dooma", "sdcode": 2060, "block_name": "Kakapathar", "block_lgd": 94.0, "gp_name": "KAKOPATHER", "state_name": "ASSAM", "state_lgd": 18, "population": 256, "households": 48}, "geometry": {"type": "Polygon", "coordinates": [[[95.65750000000001, 27.665440000000004], [95.65973000000001, 27.672800000000002], [95.66382, 27.669020000000003], [95.66247000000001, 27.666220000000003], [95.65750000000001, 27.665440000000004]]]}}, {"id": "210", "type": "Feature", "properties": {"village_name": "Sukanguri T E", "vil_lgd": 290684, "district_name": "Tinsukia", "dist_lgd": 302, "subdistrict_name": "Tinsukia", "sdcode": 2061, "block_name": "Hapjan", "block_lgd": 93.0, "gp_name": "BORHAP JAN", "state_name": "ASSAM", "state_lgd": 18, "population": 7591, "households": 1480}, "geometry": {"type": "Polygon", "coordinates": [[[95.51674000000001, 27.50983], [95.52560000000001, 27.51368], [95.52636000000001, 27.51067], [95.52765000000001, 27.50521], [95.52784000000001, 27.499470000000002], [95.52480000000001, 27.48682], [95.52214000000001, 27.48682], [95.51548000000001, 27.485640000000004], [95.50807, 27.480750000000004], [95.50331000000001, 27.479400000000002], [95.50617000000001, 27.49509], [95.4997, 27.496270000000003], [95.48696000000001, 27.496440000000003], [95.48753, 27.502000000000002], [95.48734, 27.504360000000002], [95.48392000000001, 27.504700000000003], [95.47384000000001, 27.50251], [95.47137000000001, 27.50571], [95.46966, 27.50672], [95.47612000000001, 27.512290000000004], [95.48620000000001, 27.523080000000004], [95.49533000000001, 27.528650000000003], [95.50236000000001, 27.533030000000004], [95.51371, 27.537650000000003], [95.51536, 27.533640000000002], [95.51943000000001, 27.52897], [95.52154, 27.5255], [95.52364000000001, 27.5194], [95.51629000000001, 27.516810000000003], [95.51674000000001, 27.50983]]]}}, {"id": "211", "type": "Feature", "properties": {"village_name": "Bogapani T E Appln Block", "vil_lgd": 290730, "district_name": "Tinsukia", "dist_lgd": 302, "subdistrict_name": "Tinsukia", "sdcode": 2061, "block_name": "Hapjan", "block_lgd": 93.0, "gp_name": "TINGRAI", "state_name": "ASSAM", "state_lgd": 18, "population": 1492, "households": 288}, "geometry": {"type": "Polygon", "coordinates": [[[95.60209, 27.468040000000002], [95.60338, 27.472240000000003], [95.60205, 27.476360000000003], [95.61066000000001, 27.481050000000003], [95.61600000000001, 27.472610000000003], [95.61121000000001, 27.470070000000003], [95.60209, 27.468040000000002]]]}}, {"id": "212", "type": "Feature", "properties": {"village_name": "Lakhipathar Block A To E", "vil_lgd": 290736, "district_name": "Tinsukia", "dist_lgd": 302, "subdistrict_name": "Tinsukia", "sdcode": 2061, "block_name": "Hapjan", "block_lgd": 93.0, "gp_name": "LAKHIPATHAR", "state_name": "ASSAM", "state_lgd": 18, "population": 827, "households": 167}, "geometry": {"type": "Polygon", "coordinates": [[[95.53436, 27.453170000000004], [95.53153, 27.453960000000002], [95.53208000000001, 27.458070000000003], [95.53683000000001, 27.4584], [95.53683000000001, 27.4552], [95.53436, 27.453170000000004]]]}}, {"id": "213", "type": "Feature", "properties": {"village_name": "Tingrai Forest Village", "vil_lgd": 290739, "district_name": "Tinsukia", "dist_lgd": 302, "subdistrict_name": "Tinsukia", "sdcode": 2061, "block_name": "Hapjan", "block_lgd": 93.0, "gp_name": "TINGRAI", "state_name": "ASSAM", "state_lgd": 18, "population": 1406, "households": 278}, "geometry": {"type": "Polygon", "coordinates": [[[95.5858, 27.45125], [95.57591000000001, 27.454110000000004], [95.56013, 27.45614], [95.55043, 27.45766], [95.55497000000001, 27.46498], [95.55979, 27.470190000000002], [95.56054, 27.474600000000002], [95.5759, 27.475], [95.58231, 27.47631], [95.58231, 27.473270000000003], [95.58231, 27.460790000000003], [95.58307, 27.458090000000002], [95.58535, 27.454210000000003], [95.5858, 27.45125]]]}}, {"id": "214", "type": "Feature", "properties": {"village_name": "Mihali Ritu", "vil_lgd": 290800, "district_name": "Tinsukia", "dist_lgd": 302, "subdistrict_name": "Margherita", "sdcode": 2062, "block_name": "Kakapathar", "block_lgd": 94.0, "gp_name": "PURANI PUKHURI", "state_name": "ASSAM", "state_lgd": 18, "population": 619, "households": 100}, "geometry": {"type": "Polygon", "coordinates": [[[95.81237, 27.49886], [95.81388000000001, 27.502150000000004], [95.81195000000001, 27.505060000000004], [95.81551, 27.50683], [95.81951000000001, 27.509100000000004], [95.82112000000001, 27.51151], [95.82588000000001, 27.508300000000002], [95.81723000000001, 27.49886], [95.81437000000001, 27.49886], [95.81237, 27.49886]]]}}, {"id": "215", "type": "Feature", "properties": {"village_name": "Tarani Pathar", "vil_lgd": 290813, "district_name": "Tinsukia", "dist_lgd": 302, "subdistrict_name": "Margherita", "sdcode": 2062, "block_name": "Kakapathar", "block_lgd": 94.0, "gp_name": "BURIDIHING", "state_name": "ASSAM", "state_lgd": 18, "population": 135, "households": 24}, "geometry": {"type": "Polygon", "coordinates": [[[95.78484, 27.493650000000002], [95.78313000000001, 27.49801], [95.78638000000001, 27.499070000000003], [95.78885000000001, 27.49536], [95.78484, 27.493650000000002]]]}}, {"id": "216", "type": "Feature", "properties": {"village_name": "Maichang Pathar", "vil_lgd": 290859, "district_name": "Tinsukia", "dist_lgd": 302, "subdistrict_name": "Margherita", "sdcode": 2062, "block_name": "Margherita", "block_lgd": 97.0, "gp_name": "INTHEM", "state_name": "ASSAM", "state_lgd": 18, "population": 585, "households": 111}, "geometry": {"type": "Polygon", "coordinates": [[[95.75875, 27.38219], [95.75533000000001, 27.3837], [95.75229, 27.384380000000004], [95.75742000000001, 27.388430000000003], [95.75989000000001, 27.385730000000002], [95.76274000000001, 27.38455], [95.76217000000001, 27.38202], [95.75875, 27.38219]]]}}, {"id": "217", "type": "Feature", "properties": {"village_name": "Manmaw Ulup N C", "vil_lgd": 290863, "district_name": "Tinsukia", "dist_lgd": 302, "subdistrict_name": "Margherita", "sdcode": 2062, "block_name": "Margherita", "block_lgd": 97.0, "gp_name": "INTHEM", "state_name": "ASSAM", "state_lgd": 18, "population": 315, "households": 59}, "geometry": {"type": "Polygon", "coordinates": [[[95.79914000000001, 27.35525], [95.80034, 27.361], [95.80188000000001, 27.361130000000003], [95.80817, 27.357660000000003], [95.80607, 27.356050000000003], [95.80275, 27.355120000000003], [95.79914000000001, 27.35525]]]}}, {"id": "218", "type": "Feature", "properties": {"village_name": "Golai Gaon", "vil_lgd": 290907, "district_name": "Tinsukia", "dist_lgd": 302, "subdistrict_name": "Margherita", "sdcode": 2062, "block_name": "Margherita", "block_lgd": 97.0, "gp_name": "GOLAI", "state_name": "ASSAM", "state_lgd": 18, "population": 1814, "households": 358}, "geometry": {"type": "Polygon", "coordinates": [[[95.61765000000001, 27.349400000000003], [95.61461000000001, 27.36868], [95.61938, 27.369280000000003], [95.62699, 27.37384], [95.64410000000001, 27.379920000000002], [95.64150000000001, 27.3758], [95.64169000000001, 27.370060000000002], [95.64590000000001, 27.36701], [95.63307, 27.36614], [95.63250000000001, 27.355510000000002], [95.62014, 27.349520000000002], [95.61765000000001, 27.349400000000003]]]}}, {"id": "219", "type": "Feature", "properties": {"village_name": "Tirap Mukh", "vil_lgd": 290970, "district_name": "Tinsukia", "dist_lgd": 302, "subdistrict_name": "Margherita", "sdcode": 2062, "block_name": "Margherita", "block_lgd": 97.0, "gp_name": "KETETONG", "state_name": "ASSAM", "state_lgd": 18, "population": 122, "households": 23}, "geometry": {"type": "Polygon", "coordinates": [[[95.76435000000001, 27.354180000000003], [95.7633, 27.355520000000002], [95.76315000000001, 27.358190000000004], [95.76254, 27.362340000000003], [95.76525000000001, 27.36435], [95.76706, 27.36408], [95.77143000000001, 27.36127], [95.76804000000001, 27.35676], [95.76435000000001, 27.354180000000003]]]}}, {"id": "220", "type": "Feature", "properties": {"village_name": "Kumsai Gaon", "vil_lgd": 290984, "district_name": "Tinsukia", "dist_lgd": 302, "subdistrict_name": "Margherita", "sdcode": 2062, "block_name": "Margherita", "block_lgd": 97.0, "gp_name": "KUMSAI", "state_name": "ASSAM", "state_lgd": 18, "population": 734, "households": 132}, "geometry": {"type": "Polygon", "coordinates": [[[95.81269, 27.375980000000002], [95.816, 27.37638], [95.81833, 27.372030000000002], [95.81819, 27.368470000000002], [95.81585000000001, 27.367020000000004], [95.81013, 27.366090000000003], [95.80757000000001, 27.366490000000002], [95.80697, 27.368360000000003], [95.80757000000001, 27.370900000000002], [95.80576, 27.375310000000002], [95.80366000000001, 27.377190000000002], [95.80878000000001, 27.377190000000002], [95.81269, 27.375980000000002]]]}}, {"id": "221", "type": "Feature", "properties": {"village_name": "Hatibat Gaon", "vil_lgd": 290290, "district_name": "Tinsukia", "dist_lgd": 302, "subdistrict_name": "Doom Dooma", "sdcode": 2060, "block_name": "Hapjan", "block_lgd": 93.0, "gp_name": "BARUKURI", "state_name": "ASSAM", "state_lgd": 18, "population": 137, "households": 23}, "geometry": {"type": "Polygon", "coordinates": [[[95.40566000000001, 27.53901], [95.40180000000001, 27.54034], [95.40295, 27.54285], [95.40388, 27.544880000000003], [95.40713000000001, 27.543460000000003], [95.40566000000001, 27.53901]]]}}, {"id": "222", "type": "Feature", "properties": {"village_name": "Kaliapani Gaon", "vil_lgd": 290453, "district_name": "Tinsukia", "dist_lgd": 302, "subdistrict_name": "Doom Dooma", "sdcode": 2060, "block_name": "Kakapathar", "block_lgd": 94.0, "gp_name": "MANKHOWA", "state_name": "ASSAM", "state_lgd": 18, "population": 122, "households": 32}, "geometry": {"type": "Polygon", "coordinates": [[[95.56219, 27.55833], [95.55632000000001, 27.562730000000002], [95.56280000000001, 27.564470000000004], [95.56746000000001, 27.5634], [95.56385, 27.5606], [95.56219, 27.55833]]]}}, {"id": "223", "type": "Feature", "properties": {"village_name": "Tara T E", "vil_lgd": 290478, "district_name": "Tinsukia", "dist_lgd": 302, "subdistrict_name": "Doom Dooma", "sdcode": 2060, "block_name": "Kakapathar", "block_lgd": 94.0, "gp_name": "KAKOJAN", "state_name": "ASSAM", "state_lgd": 18, "population": 1192, "households": 226}, "geometry": {"type": "Polygon", "coordinates": [[[95.59337000000001, 27.531620000000004], [95.59711000000001, 27.531940000000002], [95.59608000000001, 27.526280000000003], [95.59337000000001, 27.51854], [95.5887, 27.520270000000004], [95.58508, 27.521210000000004], [95.58499, 27.529230000000002], [95.58674, 27.529090000000004], [95.59081, 27.532690000000002], [95.59337000000001, 27.531620000000004]]]}}, {"id": "224", "type": "Feature", "properties": {"village_name": "Panbari Forest Village", "vil_lgd": 291060, "district_name": "Tinsukia", "dist_lgd": 302, "subdistrict_name": "Margherita", "sdcode": 2062, "block_name": "Margherita", "block_lgd": 97.0, "gp_name": "GOLAI", "state_name": "ASSAM", "state_lgd": 18, "population": 1566, "households": 314}, "geometry": {"type": "Polygon", "coordinates": [[[95.62984, 27.405070000000002], [95.62179, 27.413690000000003], [95.63708000000001, 27.4158], [95.64316000000001, 27.41739], [95.65127000000001, 27.417980000000004], [95.65498000000001, 27.417450000000002], [95.65602000000001, 27.414550000000002], [95.65493000000001, 27.412290000000002], [95.63802000000001, 27.408620000000003], [95.62984, 27.405070000000002]]]}}, {"id": "225", "type": "Feature", "properties": {"village_name": "Bhim Pathar", "vil_lgd": 291042, "district_name": "Tinsukia", "dist_lgd": 302, "subdistrict_name": "Margherita", "sdcode": 2062, "block_name": "Margherita", "block_lgd": 97.0, "gp_name": "GOLAI", "state_name": "ASSAM", "state_lgd": 18, "population": 335, "households": 74}, "geometry": {"type": "Polygon", "coordinates": [[[95.65522000000001, 27.39805], [95.65266000000001, 27.403050000000004], [95.64161000000001, 27.40752], [95.63802000000001, 27.408620000000003], [95.65493000000001, 27.412290000000002], [95.65765, 27.413500000000003], [95.65914000000001, 27.416130000000003], [95.66122000000001, 27.416790000000002], [95.6627, 27.408350000000002], [95.66419, 27.405320000000003], [95.66345000000001, 27.40229], [95.66062000000001, 27.399910000000002], [95.65522000000001, 27.39805]]]}}, {"id": "226", "type": "Feature", "properties": {"village_name": "Dhekiajan Forest Village", "vil_lgd": 291059, "district_name": "Tinsukia", "dist_lgd": 302, "subdistrict_name": "Margherita", "sdcode": 2062, "block_name": "Margherita", "block_lgd": 97.0, "gp_name": "GOLAI", "state_name": "ASSAM", "state_lgd": 18, "population": 282, "households": 57}, "geometry": {"type": "Polygon", "coordinates": [[[95.67236000000001, 27.399520000000003], [95.66731000000001, 27.401100000000003], [95.66535, 27.404210000000003], [95.66538000000001, 27.406240000000004], [95.66924, 27.41046], [95.67936, 27.4156], [95.68068000000001, 27.416130000000003], [95.68617, 27.410860000000003], [95.68707, 27.408880000000003], [95.68662, 27.405320000000003], [95.68509, 27.403280000000002], [95.68484000000001, 27.40295], [95.67236000000001, 27.399520000000003]]]}}, {"id": "227", "type": "Feature", "properties": {"village_name": "Dhekiajan Forest Village", "vil_lgd": 291058, "district_name": "Tinsukia", "dist_lgd": 302, "subdistrict_name": "Margherita", "sdcode": 2062, "block_name": "Margherita", "block_lgd": 97.0, "gp_name": "GOLAI", "state_name": "ASSAM", "state_lgd": 18, "population": 1186, "households": 222}, "geometry": {"type": "Polygon", "coordinates": [[[95.70341, 27.411510000000003], [95.70293000000001, 27.406950000000002], [95.70094, 27.404590000000002], [95.69038, 27.401470000000003], [95.68509, 27.403280000000002], [95.68662, 27.405320000000003], [95.68707, 27.408880000000003], [95.68617, 27.410860000000003], [95.68068000000001, 27.416130000000003], [95.67936, 27.4156], [95.68154000000001, 27.42189], [95.68658, 27.42425], [95.69846000000001, 27.42358], [95.70341, 27.411510000000003]]]}}, {"id": "228", "type": "Feature", "properties": {"village_name": "Purani Matapung", "vil_lgd": 290289, "district_name": "Tinsukia", "dist_lgd": 302, "subdistrict_name": "Doom Dooma", "sdcode": 2060, "block_name": "Hapjan", "block_lgd": 93.0, "gp_name": "BARUKURI", "state_name": "ASSAM", "state_lgd": 18, "population": 487, "households": 95}, "geometry": {"type": "Polygon", "coordinates": [[[95.40713000000001, 27.543460000000003], [95.40388, 27.544880000000003], [95.40511000000001, 27.548140000000004], [95.40926, 27.547710000000002], [95.40713000000001, 27.543460000000003]]]}}, {"id": "229", "type": "Feature", "properties": {"village_name": "Tara T E", "vil_lgd": 290480, "district_name": "Tinsukia", "dist_lgd": 302, "subdistrict_name": "Doom Dooma", "sdcode": 2060, "block_name": "Kakapathar", "block_lgd": 94.0, "gp_name": "KAKOJAN", "state_name": "ASSAM", "state_lgd": 18, "population": 1192, "households": 250}, "geometry": {"type": "Polygon", "coordinates": [[[95.61716000000001, 27.5148], [95.61099, 27.519340000000003], [95.61626000000001, 27.528290000000002], [95.61897, 27.526680000000002], [95.61746000000001, 27.52174], [95.61791000000001, 27.518800000000002], [95.61716000000001, 27.5148]]]}}, {"id": "230", "type": "Feature", "properties": {"village_name": "Bandarkhati Gaon", "vil_lgd": 290246, "district_name": "Tinsukia", "dist_lgd": 302, "subdistrict_name": "Doom Dooma", "sdcode": 2060, "block_name": "Hapjan", "block_lgd": 93.0, "gp_name": "BANDARKHAT", "state_name": "ASSAM", "state_lgd": 18, "population": 1480, "households": 273}, "geometry": {"type": "Polygon", "coordinates": [[[95.42902000000001, 27.59484], [95.42307000000001, 27.597080000000002], [95.41639, 27.596680000000003], [95.41684000000001, 27.601020000000002], [95.42114000000001, 27.611950000000004], [95.42605, 27.613400000000002], [95.42902000000001, 27.609450000000002], [95.43035, 27.60497], [95.43006000000001, 27.600890000000003], [95.42872000000001, 27.599050000000002], [95.42902000000001, 27.59484]]]}}, {"id": "231", "type": "Feature", "properties": {"village_name": "Diamuli Gaon", "vil_lgd": 290272, "district_name": "Tinsukia", "dist_lgd": 302, "subdistrict_name": "Doom Dooma", "sdcode": 2060, "block_name": "Hapjan", "block_lgd": 93.0, "gp_name": "BANDARKHAT", "state_name": "ASSAM", "state_lgd": 18, "population": 266, "households": 54}, "geometry": {"type": "Polygon", "coordinates": [[[95.42328, 27.57344], [95.42006, 27.578860000000002], [95.42519000000001, 27.581550000000004], [95.43603, 27.58425], [95.4385, 27.582400000000003], [95.43356000000001, 27.580370000000002], [95.43090000000001, 27.576330000000002], [95.43090000000001, 27.573130000000003], [95.42328, 27.57344]]]}}, {"id": "232", "type": "Feature", "properties": {"village_name": "Baghjan T E", "vil_lgd": 290271, "district_name": "Tinsukia", "dist_lgd": 302, "subdistrict_name": "Doom Dooma", "sdcode": 2060, "block_name": "Hapjan", "block_lgd": 93.0, "gp_name": "BAGHJAN", "state_name": "ASSAM", "state_lgd": 18, "population": 145, "households": 31}, "geometry": {"type": "Polygon", "coordinates": [[[95.41226, 27.575820000000004], [95.39800000000001, 27.57919], [95.40086000000001, 27.582400000000003], [95.40333000000001, 27.582570000000004], [95.41759, 27.582400000000003], [95.42006, 27.578860000000002], [95.41226, 27.575820000000004]]]}}, {"id": "233", "type": "Feature", "properties": {"village_name": "Karmi", "vil_lgd": 290047, "district_name": "Tinsukia", "dist_lgd": 302, "subdistrict_name": "Sadiya", "sdcode": 2059, "block_name": "Sadiya", "block_lgd": 91.0, "gp_name": "", "state_name": "ASSAM", "state_lgd": 18, "population": 101, "households": 16}, "geometry": {"type": "Polygon", "coordinates": [[[95.58521, 27.838300000000004], [95.58658000000001, 27.838910000000002], [95.58692, 27.83799], [95.58607, 27.837470000000003], [95.58521, 27.838300000000004]]]}}, {"id": "234", "type": "Feature", "properties": {"village_name": "Ganeshbari", "vil_lgd": 290048, "district_name": "Tinsukia", "dist_lgd": 302, "subdistrict_name": "Sadiya", "sdcode": 2059, "block_name": "Sadiya", "block_lgd": 91.0, "gp_name": "", "state_name": "ASSAM", "state_lgd": 18, "population": 338, "households": 69}, "geometry": {"type": "Polygon", "coordinates": [[[95.57463000000001, 27.854170000000003], [95.57342000000001, 27.854820000000004], [95.57423000000001, 27.855680000000003], [95.5751, 27.855240000000002], [95.57463000000001, 27.854170000000003]]]}}, {"id": "235", "type": "Feature", "properties": {"village_name": "Natun Gaon", "vil_lgd": 290049, "district_name": "Tinsukia", "dist_lgd": 302, "subdistrict_name": "Sadiya", "sdcode": 2059, "block_name": "Sadiya", "block_lgd": 91.0, "gp_name": "", "state_name": "ASSAM", "state_lgd": 18, "population": 446, "households": 96}, "geometry": {"type": "Polygon", "coordinates": [[[95.56158, 27.853350000000002], [95.56114000000001, 27.854400000000002], [95.56221000000001, 27.85481], [95.56283, 27.854100000000003], [95.56196000000001, 27.85328], [95.56158, 27.853350000000002]]]}}, {"id": "236", "type": "Feature", "properties": {"village_name": "Duwonia Maithong", "vil_lgd": 290345, "district_name": "Tinsukia", "dist_lgd": 302, "subdistrict_name": "Doom Dooma", "sdcode": 2060, "block_name": "Kakapathar", "block_lgd": 94.0, "gp_name": "DIRAK", "state_name": "ASSAM", "state_lgd": 18, "population": 335, "households": 63}, "geometry": {"type": "Polygon", "coordinates": [[[95.67060000000001, 27.663420000000002], [95.66382, 27.669020000000003], [95.66819000000001, 27.673150000000003], [95.66940000000001, 27.67715], [95.6697, 27.679160000000003], [95.66774000000001, 27.680760000000003], [95.67151000000001, 27.681960000000004], [95.67617000000001, 27.68156], [95.67798, 27.676890000000004], [95.67783000000001, 27.674350000000004], [95.67663, 27.673150000000003], [95.67663, 27.67115], [95.67407000000001, 27.66955], [95.67286000000001, 27.667550000000002], [95.67060000000001, 27.663420000000002]]]}}, {"id": "237", "type": "Feature", "properties": {"village_name": "Dighaltarang T E", "vil_lgd": 290224, "district_name": "Tinsukia", "dist_lgd": 302, "subdistrict_name": "Doom Dooma", "sdcode": 2060, "block_name": "Hapjan", "block_lgd": 93.0, "gp_name": "BAGHJAN", "state_name": "ASSAM", "state_lgd": 18, "population": 1431, "households": 263}, "geometry": {"type": "Polygon", "coordinates": [[[95.41782, 27.618240000000004], [95.40727000000001, 27.618380000000002], [95.40712, 27.62272], [95.40578000000001, 27.62667], [95.40371, 27.626400000000004], [95.40222000000001, 27.624560000000002], [95.39969, 27.623770000000004], [95.39562000000001, 27.625230000000002], [95.40489000000001, 27.63313], [95.40988, 27.638820000000003], [95.41306, 27.635350000000003], [95.41574000000001, 27.62996], [95.41782, 27.618240000000004]]]}}, {"id": "238", "type": "Feature", "properties": {"village_name": "Dazijan", "vil_lgd": 290199, "district_name": "Tinsukia", "dist_lgd": 302, "subdistrict_name": "Doom Dooma", "sdcode": 2060, "block_name": "Hapjan", "block_lgd": 93.0, "gp_name": "KARDOIGURI", "state_name": "ASSAM", "state_lgd": 18, "population": 1019, "households": 179}, "geometry": {"type": "Polygon", "coordinates": [[[95.43059000000001, 27.645220000000002], [95.43921, 27.64628], [95.44025, 27.64299], [95.43342000000001, 27.640620000000002], [95.43208000000001, 27.6368], [95.42138000000001, 27.638250000000003], [95.41529000000001, 27.639960000000002], [95.41166000000001, 27.64197], [95.41416000000001, 27.646710000000002], [95.42435, 27.64917], [95.42718, 27.646800000000002], [95.43059000000001, 27.645220000000002]]]}}, {"id": "239", "type": "Feature", "properties": {"village_name": "Bhereka N C", "vil_lgd": 290150, "district_name": "Tinsukia", "dist_lgd": 302, "subdistrict_name": "Doom Dooma", "sdcode": 2060, "block_name": "Saikhowa", "block_lgd": 92.0, "gp_name": "DANGARI", "state_name": "ASSAM", "state_lgd": 18, "population": 1, "households": 1}, "geometry": {"type": "Polygon", "coordinates": [[[95.44173, 27.67838], [95.43951000000001, 27.68062], [95.43519, 27.682710000000004], [95.44090000000001, 27.68934], [95.44161000000001, 27.696600000000004], [95.44304000000001, 27.701020000000003], [95.44872000000001, 27.702450000000002], [95.45451000000001, 27.702980000000004], [95.45258000000001, 27.693510000000003], [95.44768, 27.685090000000002], [95.44173, 27.67838]]]}}, {"id": "240", "type": "Feature", "properties": {"village_name": "Duwonia Maithon", "vil_lgd": 290346, "district_name": "Tinsukia", "dist_lgd": 302, "subdistrict_name": "Doom Dooma", "sdcode": 2060, "block_name": "Kakapathar", "block_lgd": 94.0, "gp_name": "DIRAK", "state_name": "ASSAM", "state_lgd": 18, "population": 471, "households": 90}, "geometry": {"type": "Polygon", "coordinates": [[[95.66382, 27.669020000000003], [95.65973000000001, 27.672800000000002], [95.65824, 27.67425], [95.66047, 27.67688], [95.66217, 27.676750000000002], [95.66819000000001, 27.673150000000003], [95.66382, 27.669020000000003]]]}}, {"id": "241", "type": "Feature", "properties": {"village_name": "Kaliapani Vill N C", "vil_lgd": 290059, "district_name": "Tinsukia", "dist_lgd": 302, "subdistrict_name": "Doom Dooma", "sdcode": 2060, "block_name": "Saikhowa", "block_lgd": 92.0, "gp_name": "BORMURA", "state_name": "ASSAM", "state_lgd": 18, "population": 498, "households": 83}, "geometry": {"type": "Polygon", "coordinates": [[[95.49655000000001, 27.76753], [95.49759, 27.762150000000002], [95.49685000000001, 27.760040000000004], [95.49417000000001, 27.75899], [95.48823, 27.760310000000004], [95.48184, 27.761750000000003], [95.47328, 27.760790000000004], [95.47477, 27.7676], [95.47917000000001, 27.769900000000003], [95.48422000000001, 27.77016], [95.48793, 27.768980000000003], [95.49655000000001, 27.76753]]]}}, {"id": "242", "type": "Feature", "properties": {"village_name": "Hatighuli N C", "vil_lgd": 290060, "district_name": "Tinsukia", "dist_lgd": 302, "subdistrict_name": "Doom Dooma", "sdcode": 2060, "block_name": "Saikhowa", "block_lgd": 92.0, "gp_name": "BORMURA", "state_name": "ASSAM", "state_lgd": 18, "population": 829, "households": 134}, "geometry": {"type": "Polygon", "coordinates": [[[95.50175, 27.745320000000003], [95.49863, 27.74782], [95.49655000000001, 27.754130000000004], [95.49714, 27.755570000000002], [95.49685000000001, 27.760040000000004], [95.49759, 27.762150000000002], [95.49655000000001, 27.76753], [95.50858000000001, 27.76753], [95.51036, 27.7586], [95.50962000000001, 27.752290000000002], [95.50516, 27.74742], [95.50175, 27.745320000000003]]]}}, {"id": "243", "type": "Feature", "properties": {"village_name": "Tezi Gaon", "vil_lgd": 290348, "district_name": "Tinsukia", "dist_lgd": 302, "subdistrict_name": "Doom Dooma", "sdcode": 2060, "block_name": "Kakapathar", "block_lgd": 94.0, "gp_name": "KAKOPATHER", "state_name": "ASSAM", "state_lgd": 18, "population": 1331, "households": 250}, "geometry": {"type": "Polygon", "coordinates": [[[95.66819000000001, 27.673150000000003], [95.66217, 27.676750000000002], [95.66047, 27.67688], [95.66249, 27.683030000000002], [95.66774000000001, 27.680760000000003], [95.6697, 27.679160000000003], [95.66940000000001, 27.67715], [95.66819000000001, 27.673150000000003]]]}}, {"id": "244", "type": "Feature", "properties": {"village_name": "Duwonia Maithong", "vil_lgd": 290330, "district_name": "Tinsukia", "dist_lgd": 302, "subdistrict_name": "Doom Dooma", "sdcode": 2060, "block_name": "Kakapathar", "block_lgd": 94.0, "gp_name": "DIRAK", "state_name": "ASSAM", "state_lgd": 18, "population": 438, "households": 88}, "geometry": {"type": "Polygon", "coordinates": [[[95.66774000000001, 27.680760000000003], [95.66249, 27.683030000000002], [95.66225000000001, 27.68804], [95.66518, 27.687820000000002], [95.67181000000001, 27.68822], [95.67783000000001, 27.68982], [95.67738000000001, 27.685820000000003], [95.67452, 27.68342], [95.67617000000001, 27.68156], [95.67151000000001, 27.681960000000004], [95.66774000000001, 27.680760000000003]]]}}, {"id": "245", "type": "Feature", "properties": {"village_name": "Garai Mari N C", "vil_lgd": 290089, "district_name": "Tinsukia", "dist_lgd": 302, "subdistrict_name": "Doom Dooma", "sdcode": 2060, "block_name": "Saikhowa", "block_lgd": 92.0, "gp_name": "", "state_name": "ASSAM", "state_lgd": 18, "population": 293, "households": 58}, "geometry": {"type": "Polygon", "coordinates": [[[95.49417000000001, 27.75899], [95.49685000000001, 27.760040000000004], [95.49714, 27.755570000000002], [95.49655000000001, 27.754130000000004], [95.48333000000001, 27.75137], [95.48095, 27.749530000000004], [95.47887000000001, 27.745060000000002], [95.47739000000001, 27.743740000000003], [95.46692, 27.743940000000002], [95.47328, 27.760790000000004], [95.48184, 27.761750000000003], [95.48823, 27.760310000000004], [95.49417000000001, 27.75899]]]}}, {"id": "246", "type": "Feature", "properties": {"village_name": "Duwonia Maithong", "vil_lgd": 290328, "district_name": "Tinsukia", "dist_lgd": 302, "subdistrict_name": "Doom Dooma", "sdcode": 2060, "block_name": "Kakapathar", "block_lgd": 94.0, "gp_name": "DIRAK", "state_name": "ASSAM", "state_lgd": 18, "population": 192, "households": 37}, "geometry": {"type": "Polygon", "coordinates": [[[95.69500000000001, 27.66982], [95.69424000000001, 27.667690000000004], [95.67663, 27.667550000000002], [95.67407000000001, 27.66955], [95.67663, 27.67115], [95.67663, 27.673150000000003], [95.68054000000001, 27.672490000000003], [95.68641000000001, 27.674350000000004], [95.69184000000001, 27.675690000000003], [95.69238000000001, 27.674030000000002], [95.69289, 27.672490000000003], [95.69500000000001, 27.66982]]]}}, {"id": "247", "type": "Feature", "properties": {"village_name": "Kachari Maithong", "vil_lgd": 290333, "district_name": "Tinsukia", "dist_lgd": 302, "subdistrict_name": "Doom Dooma", "sdcode": 2060, "block_name": "Kakapathar", "block_lgd": 94.0, "gp_name": "DIRAK", "state_name": "ASSAM", "state_lgd": 18, "population": 1300, "households": 257}, "geometry": {"type": "Polygon", "coordinates": [[[95.68054000000001, 27.672490000000003], [95.67663, 27.673150000000003], [95.67783000000001, 27.674350000000004], [95.67798, 27.676890000000004], [95.68084, 27.681820000000002], [95.68882, 27.68596], [95.69003000000001, 27.684220000000003], [95.69184000000001, 27.675690000000003], [95.68641000000001, 27.674350000000004], [95.68054000000001, 27.672490000000003]]]}}, {"id": "248", "type": "Feature", "properties": {"village_name": "Hahkhati Gaon", "vil_lgd": 290335, "district_name": "Tinsukia", "dist_lgd": 302, "subdistrict_name": "Doom Dooma", "sdcode": 2060, "block_name": "Kakapathar", "block_lgd": 94.0, "gp_name": "DIRAK", "state_name": "ASSAM", "state_lgd": 18, "population": 311, "households": 73}, "geometry": {"type": "Polygon", "coordinates": [[[95.67798, 27.676890000000004], [95.67617000000001, 27.68156], [95.67452, 27.68342], [95.67738000000001, 27.685820000000003], [95.67783000000001, 27.68982], [95.67964, 27.69236], [95.68159000000001, 27.69329], [95.68446, 27.693160000000002], [95.69078, 27.688620000000004], [95.68882, 27.68596], [95.68084, 27.681820000000002], [95.67798, 27.676890000000004]]]}}, {"id": "249", "type": "Feature", "properties": {"village_name": "Hahkhati Pathar", "vil_lgd": 290331, "district_name": "Tinsukia", "dist_lgd": 302, "subdistrict_name": "Doom Dooma", "sdcode": 2060, "block_name": "Kakapathar", "block_lgd": 94.0, "gp_name": "DIRAK", "state_name": "ASSAM", "state_lgd": 18, "population": 328, "households": 60}, "geometry": {"type": "Polygon", "coordinates": [[[95.66225000000001, 27.68804], [95.66151, 27.69253], [95.66443000000001, 27.69329], [95.67295000000001, 27.696140000000003], [95.67452, 27.69676], [95.67753, 27.697020000000002], [95.67964, 27.69236], [95.67783000000001, 27.68982], [95.67181000000001, 27.68822], [95.66518, 27.687820000000002], [95.66225000000001, 27.68804]]]}}, {"id": "250", "type": "Feature", "properties": {"village_name": "Hahkhati N C", "vil_lgd": 290332, "district_name": "Tinsukia", "dist_lgd": 302, "subdistrict_name": "Doom Dooma", "sdcode": 2060, "block_name": "Kakapathar", "block_lgd": 94.0, "gp_name": "DIRAK", "state_name": "ASSAM", "state_lgd": 18, "population": 336, "households": 74}, "geometry": {"type": "Polygon", "coordinates": [[[95.66151, 27.69253], [95.66166000000001, 27.7024], [95.66955, 27.697290000000002], [95.67295000000001, 27.696140000000003], [95.66443000000001, 27.69329], [95.66151, 27.69253]]]}}, {"id": "251", "type": "Feature", "properties": {"village_name": "Gohain Gaon", "vil_lgd": 290061, "district_name": "Tinsukia", "dist_lgd": 302, "subdistrict_name": "Doom Dooma", "sdcode": 2060, "block_name": "Saikhowa", "block_lgd": 92.0, "gp_name": "BARMURA", "state_name": "ASSAM", "state_lgd": 18, "population": 1127, "households": 169}, "geometry": {"type": "Polygon", "coordinates": [[[95.52091000000001, 27.764380000000003], [95.52269000000001, 27.759780000000003], [95.52997, 27.753860000000003], [95.53012000000001, 27.75202], [95.52314000000001, 27.75176], [95.50962000000001, 27.752290000000002], [95.51036, 27.7586], [95.50858000000001, 27.76753], [95.49655000000001, 27.76753], [95.48793, 27.768980000000003], [95.48422000000001, 27.77016], [95.47917000000001, 27.769900000000003], [95.47477, 27.7676], [95.47449, 27.78656], [95.47516, 27.786830000000002], [95.48359, 27.78902], [95.49626, 27.787080000000003], [95.5143, 27.773930000000004], [95.51724, 27.77043], [95.52080000000001, 27.768870000000003], [95.52091000000001, 27.764380000000003]]]}}, {"id": "252", "type": "Feature", "properties": {"village_name": "Naw Kata Gaon N C", "vil_lgd": 290090, "district_name": "Tinsukia", "dist_lgd": 302, "subdistrict_name": "Doom Dooma", "sdcode": 2060, "block_name": "Saikhowa", "block_lgd": 92.0, "gp_name": "BORMURA", "state_name": "ASSAM", "state_lgd": 18, "population": 280, "households": 52}, "geometry": {"type": "Polygon", "coordinates": [[[95.54022, 27.759520000000002], [95.54364000000001, 27.751630000000002], [95.53473000000001, 27.751890000000003], [95.53012000000001, 27.75202], [95.52997, 27.753860000000003], [95.52269000000001, 27.759780000000003], [95.52091000000001, 27.764380000000003], [95.52080000000001, 27.768870000000003], [95.53872000000001, 27.766060000000003], [95.54022, 27.759520000000002]]]}}, {"id": "253", "type": "Feature", "properties": {"village_name": "Bhabang Khal Gaon", "vil_lgd": 290062, "district_name": "Tinsukia", "dist_lgd": 302, "subdistrict_name": "Doom Dooma", "sdcode": 2060, "block_name": "Saikhowa", "block_lgd": 92.0, "gp_name": "SAIKHOWA", "state_name": "ASSAM", "state_lgd": 18, "population": 1706, "households": 272}, "geometry": {"type": "Polygon", "coordinates": [[[95.55998000000001, 27.75176], [95.54364000000001, 27.751630000000002], [95.54022, 27.759520000000002], [95.53872000000001, 27.766060000000003], [95.55134000000001, 27.76791], [95.55404000000001, 27.762800000000002], [95.56102000000001, 27.756490000000003], [95.56236000000001, 27.75334], [95.55998000000001, 27.75176]]]}}, {"id": "254", "type": "Feature", "properties": {"village_name": "Saikhowa Gaon", "vil_lgd": 290064, "district_name": "Tinsukia", "dist_lgd": 302, "subdistrict_name": "Doom Dooma", "sdcode": 2060, "block_name": "Saikhowa", "block_lgd": 92.0, "gp_name": "SAIKHOWA", "state_name": "ASSAM", "state_lgd": 18, "population": 1333, "households": 239}, "geometry": {"type": "Polygon", "coordinates": [[[95.56236000000001, 27.75334], [95.56102000000001, 27.756490000000003], [95.55404000000001, 27.762800000000002], [95.55134000000001, 27.76791], [95.56564, 27.77043], [95.56696000000001, 27.768590000000003], [95.56652000000001, 27.758070000000004], [95.56236000000001, 27.75334]]]}}, {"id": "255", "type": "Feature", "properties": {"village_name": "Khutipathar Gaon", "vil_lgd": 290063, "district_name": "Tinsukia", "dist_lgd": 302, "subdistrict_name": "Doom Dooma", "sdcode": 2060, "block_name": "Saikhowa", "block_lgd": 92.0, "gp_name": "SAIKHOWA", "state_name": "ASSAM", "state_lgd": 18, "population": 828, "households": 155}, "geometry": {"type": "Polygon", "coordinates": [[[95.57944, 27.754520000000003], [95.57068000000001, 27.752150000000004], [95.56652000000001, 27.758070000000004], [95.56696000000001, 27.768590000000003], [95.56564, 27.77043], [95.57646000000001, 27.771720000000002], [95.58048000000001, 27.763990000000003], [95.58404, 27.760830000000002], [95.58865, 27.758860000000002], [95.57944, 27.754520000000003]]]}}, {"id": "256", "type": "Feature", "properties": {"village_name": "Dhola Bagan", "vil_lgd": 290065, "district_name": "Tinsukia", "dist_lgd": 302, "subdistrict_name": "Doom Dooma", "sdcode": 2060, "block_name": "Saikhowa", "block_lgd": 92.0, "gp_name": "SAIKHOWA", "state_name": "ASSAM", "state_lgd": 18, "population": 181, "households": 41}, "geometry": {"type": "Polygon", "coordinates": [[[95.59355000000001, 27.77108], [95.59682000000001, 27.769640000000003], [95.59697000000001, 27.767270000000003], [95.59548000000001, 27.76359], [95.59221000000001, 27.760440000000003], [95.58865, 27.758860000000002], [95.58404, 27.760830000000002], [95.58048000000001, 27.763990000000003], [95.57646000000001, 27.771720000000002], [95.58147000000001, 27.772840000000002], [95.58419, 27.772000000000002], [95.59355000000001, 27.77108]]]}}, {"id": "257", "type": "Feature", "properties": {"village_name": "Hahkhati Miri Gaon N C", "vil_lgd": 290078, "district_name": "Tinsukia", "dist_lgd": 302, "subdistrict_name": "Doom Dooma", "sdcode": 2060, "block_name": "Saikhowa", "block_lgd": 92.0, "gp_name": "HAHKHATI", "state_name": "ASSAM", "state_lgd": 18, "population": 112, "households": 24}, "geometry": {"type": "Polygon", "coordinates": [[[95.66575, 27.734270000000002], [95.67555, 27.72875], [95.68069000000001, 27.723160000000004], [95.68235000000001, 27.71769], [95.67895000000001, 27.71233], [95.67693000000001, 27.71009], [95.65869, 27.704770000000003], [95.64962000000001, 27.709760000000003], [95.64784, 27.718180000000004], [95.65282, 27.720910000000003], [95.65386000000001, 27.72472], [95.65356000000001, 27.73261], [95.65077000000001, 27.735280000000003], [95.65134, 27.73861], [95.65342000000001, 27.7373], [95.66382, 27.737820000000003], [95.66575, 27.734270000000002]]]}}, {"id": "258", "type": "Feature", "properties": {"village_name": "Hahkhati Nepali N C", "vil_lgd": 290075, "district_name": "Tinsukia", "dist_lgd": 302, "subdistrict_name": "Doom Dooma", "sdcode": 2060, "block_name": "Saikhowa", "block_lgd": 92.0, "gp_name": "HAHKHATI", "state_name": "ASSAM", "state_lgd": 18, "population": 1440, "households": 257}, "geometry": {"type": "Polygon", "coordinates": [[[95.67895000000001, 27.71233], [95.68235000000001, 27.71769], [95.68069000000001, 27.723160000000004], [95.67555, 27.72875], [95.68342000000001, 27.7298], [95.68862000000001, 27.72415], [95.69521, 27.710790000000003], [95.67895000000001, 27.71233]]]}}, {"id": "259", "type": "Feature", "properties": {"village_name": "Puali Pathar N C", "vil_lgd": 290076, "district_name": "Tinsukia", "dist_lgd": 302, "subdistrict_name": "Doom Dooma", "sdcode": 2060, "block_name": "Saikhowa", "block_lgd": 92.0, "gp_name": "", "state_name": "ASSAM", "state_lgd": 18, "population": 336, "households": 70}, "geometry": {"type": "Polygon", "coordinates": [[[95.69843, 27.70455], [95.69991, 27.701], [95.68656000000001, 27.701960000000003], [95.67693000000001, 27.71009], [95.67895000000001, 27.71233], [95.69521, 27.710790000000003], [95.69843, 27.70455]]]}}, {"id": "260", "type": "Feature", "properties": {"village_name": "Hahkhati T E", "vil_lgd": 290077, "district_name": "Tinsukia", "dist_lgd": 302, "subdistrict_name": "Doom Dooma", "sdcode": 2060, "block_name": "Saikhowa", "block_lgd": 92.0, "gp_name": "HAHKHATI", "state_name": "ASSAM", "state_lgd": 18, "population": 2756, "households": 497}, "geometry": {"type": "Polygon", "coordinates": [[[95.67295000000001, 27.696140000000003], [95.66955, 27.697290000000002], [95.66166000000001, 27.7024], [95.65869, 27.704770000000003], [95.67693000000001, 27.71009], [95.68656000000001, 27.701960000000003], [95.68159000000001, 27.698220000000003], [95.67753, 27.697020000000002], [95.67452, 27.69676], [95.67295000000001, 27.696140000000003]]]}}, {"id": "261", "type": "Feature", "properties": {"village_name": "Kachari Maithong", "vil_lgd": 290334, "district_name": "Tinsukia", "dist_lgd": 302, "subdistrict_name": "Doom Dooma", "sdcode": 2060, "block_name": "Kakapathar", "block_lgd": 94.0, "gp_name": "DIRAK", "state_name": "ASSAM", "state_lgd": 18, "population": 850, "households": 168}, "geometry": {"type": "Polygon", "coordinates": [[[95.70184, 27.698240000000002], [95.70184, 27.69074], [95.70303000000001, 27.68785], [95.70042000000001, 27.687020000000004], [95.69078, 27.688620000000004], [95.68446, 27.693160000000002], [95.68159000000001, 27.69329], [95.67964, 27.69236], [95.67753, 27.697020000000002], [95.68159000000001, 27.698220000000003], [95.68656000000001, 27.701960000000003], [95.69991, 27.701], [95.70184, 27.698240000000002]]]}}, {"id": "262", "type": "Feature", "properties": {"village_name": "Duwonia Maithon", "vil_lgd": 290336, "district_name": "Tinsukia", "dist_lgd": 302, "subdistrict_name": "Doom Dooma", "sdcode": 2060, "block_name": "Kakapathar", "block_lgd": 94.0, "gp_name": "DIRAK", "state_name": "ASSAM", "state_lgd": 18, "population": 837, "households": 158}, "geometry": {"type": "Polygon", "coordinates": [[[95.71232, 27.681820000000002], [95.70825, 27.68249], [95.70675000000001, 27.68719], [95.71551000000001, 27.68851], [95.71711, 27.688100000000002], [95.72139000000001, 27.68747], [95.72496000000001, 27.684520000000003], [95.72376000000001, 27.683020000000003], [95.71909000000001, 27.682090000000002], [95.71232, 27.681820000000002]]]}}, {"id": "263", "type": "Feature", "properties": {"village_name": "Na Tarani", "vil_lgd": 290050, "district_name": "Tinsukia", "dist_lgd": 302, "subdistrict_name": "Sadiya", "sdcode": 2059, "block_name": "Sadiya", "block_lgd": 91.0, "gp_name": "", "state_name": "ASSAM", "state_lgd": 18, "population": 346, "households": 69}, "geometry": {"type": "Polygon", "coordinates": [[[95.58801000000001, 27.852850000000004], [95.58668, 27.852610000000002], [95.58655, 27.853720000000003], [95.58760000000001, 27.853930000000002], [95.58801000000001, 27.852850000000004]]]}}, {"id": "264", "type": "Feature", "properties": {"village_name": "Chuta Dirak", "vil_lgd": 290339, "district_name": "Tinsukia", "dist_lgd": 302, "subdistrict_name": "Doom Dooma", "sdcode": 2060, "block_name": "Kakapathar", "block_lgd": 94.0, "gp_name": "MAITHONG", "state_name": "ASSAM", "state_lgd": 18, "population": 158, "households": 32}, "geometry": {"type": "Polygon", "coordinates": [[[95.72947, 27.67631], [95.72686, 27.672100000000004], [95.72447000000001, 27.66606], [95.71682000000001, 27.658880000000003], [95.70554000000001, 27.660750000000004], [95.70298000000001, 27.663280000000004], [95.70373000000001, 27.665550000000003], [95.70750000000001, 27.673150000000003], [95.70779, 27.67762], [95.70825, 27.68249], [95.71232, 27.681820000000002], [95.71909000000001, 27.682090000000002], [95.72376000000001, 27.683020000000003], [95.72496000000001, 27.684520000000003], [95.72923, 27.681150000000002], [95.72947, 27.67631]]]}}, {"id": "265", "type": "Feature", "properties": {"village_name": "Bor Mechai", "vil_lgd": 290356, "district_name": "Tinsukia", "dist_lgd": 302, "subdistrict_name": "Doom Dooma", "sdcode": 2060, "block_name": "Kakapathar", "block_lgd": 94.0, "gp_name": "DIRAK", "state_name": "ASSAM", "state_lgd": 18, "population": 468, "households": 92}, "geometry": {"type": "Polygon", "coordinates": [[[95.71682000000001, 27.658880000000003], [95.71796, 27.65096], [95.71948, 27.64759], [95.71367000000001, 27.650350000000003], [95.70659, 27.65181], [95.70689, 27.65275], [95.70720000000001, 27.654880000000002], [95.70539000000001, 27.65848], [95.70554000000001, 27.660750000000004], [95.71682000000001, 27.658880000000003]]]}}, {"id": "266", "type": "Feature", "properties": {"village_name": "Bor Mechai", "vil_lgd": 290364, "district_name": "Tinsukia", "dist_lgd": 302, "subdistrict_name": "Doom Dooma", "sdcode": 2060, "block_name": "Kakapathar", "block_lgd": 94.0, "gp_name": "DIRAK", "state_name": "ASSAM", "state_lgd": 18, "population": 436, "households": 83}, "geometry": {"type": "Polygon", "coordinates": [[[95.72138000000001, 27.639000000000003], [95.71412000000001, 27.640610000000002], [95.70554000000001, 27.640610000000002], [95.69921000000001, 27.642740000000003], [95.70253000000001, 27.64955], [95.70659, 27.65181], [95.71367000000001, 27.650350000000003], [95.71948, 27.64759], [95.72771, 27.642550000000004], [95.72290000000001, 27.640520000000002], [95.72138000000001, 27.639000000000003]]]}}, {"id": "267", "type": "Feature", "properties": {"village_name": "Upar Kuli Gaon", "vil_lgd": 290366, "district_name": "Tinsukia", "dist_lgd": 302, "subdistrict_name": "Doom Dooma", "sdcode": 2060, "block_name": "Kakapathar", "block_lgd": 94.0, "gp_name": "KAKOPATHER", "state_name": "ASSAM", "state_lgd": 18, "population": 1036, "households": 206}, "geometry": {"type": "Polygon", "coordinates": [[[95.71625, 27.631420000000002], [95.71492, 27.632600000000004], [95.7094, 27.63277], [95.70554000000001, 27.640610000000002], [95.71412000000001, 27.640610000000002], [95.72138000000001, 27.639000000000003], [95.72005000000001, 27.63681], [95.71967000000001, 27.63462], [95.71625, 27.631420000000002]]]}}, {"id": "268", "type": "Feature", "properties": {"village_name": "Cheleng Guri Gaon", "vil_lgd": 290389, "district_name": "Tinsukia", "dist_lgd": 302, "subdistrict_name": "Doom Dooma", "sdcode": 2060, "block_name": "Kakapathar", "block_lgd": 94.0, "gp_name": "KUMSONG", "state_name": "ASSAM", "state_lgd": 18, "population": 1378, "households": 297}, "geometry": {"type": "Polygon", "coordinates": [[[95.70087000000001, 27.628470000000004], [95.69816, 27.633540000000004], [95.69334, 27.6366], [95.69500000000001, 27.639670000000002], [95.69711000000001, 27.641270000000002], [95.69921000000001, 27.642740000000003], [95.70554000000001, 27.640610000000002], [95.7094, 27.63277], [95.71016, 27.63024], [95.70883, 27.62805], [95.70087000000001, 27.628470000000004]]]}}, {"id": "269", "type": "Feature", "properties": {"village_name": "Kachijan Gaon", "vil_lgd": 290377, "district_name": "Tinsukia", "dist_lgd": 302, "subdistrict_name": "Doom Dooma", "sdcode": 2060, "block_name": "Kakapathar", "block_lgd": 94.0, "gp_name": "TANGANA", "state_name": "ASSAM", "state_lgd": 18, "population": 273, "households": 49}, "geometry": {"type": "Polygon", "coordinates": [[[95.70104, 27.617610000000003], [95.69666000000001, 27.621650000000002], [95.69362000000001, 27.628890000000002], [95.70087000000001, 27.628470000000004], [95.70883, 27.62805], [95.71035, 27.62451], [95.70522000000001, 27.620980000000003], [95.70104, 27.617610000000003]]]}}, {"id": "270", "type": "Feature", "properties": {"village_name": "Gejengpuri", "vil_lgd": 290051, "district_name": "Tinsukia", "dist_lgd": 302, "subdistrict_name": "Sadiya", "sdcode": 2059, "block_name": "Sadiya", "block_lgd": 91.0, "gp_name": "", "state_name": "ASSAM", "state_lgd": 18, "population": 208, "households": 40}, "geometry": {"type": "Polygon", "coordinates": [[[95.57461, 27.832440000000002], [95.57495, 27.833360000000003], [95.57624000000001, 27.833050000000004], [95.57546, 27.831930000000003], [95.57461, 27.832440000000002]]]}}, {"id": "271", "type": "Feature", "properties": {"village_name": "Sonaligaon", "vil_lgd": 290052, "district_name": "Tinsukia", "dist_lgd": 302, "subdistrict_name": "Sadiya", "sdcode": 2059, "block_name": "Sadiya", "block_lgd": 91.0, "gp_name": "", "state_name": "ASSAM", "state_lgd": 18, "population": 175, "households": 31}, "geometry": {"type": "Polygon", "coordinates": [[[95.59819, 27.849760000000003], [95.59843000000001, 27.850610000000003], [95.59942000000001, 27.850720000000003], [95.5999, 27.849950000000003], [95.59909, 27.84925], [95.59819, 27.849760000000003]]]}}, {"id": "272", "type": "Feature", "properties": {"village_name": "Deopani Chapori", "vil_lgd": 290053, "district_name": "Tinsukia", "dist_lgd": 302, "subdistrict_name": "Sadiya", "sdcode": 2059, "block_name": "Sadiya", "block_lgd": 91.0, "gp_name": "", "state_name": "ASSAM", "state_lgd": 18, "population": 406, "households": 74}, "geometry": {"type": "Polygon", "coordinates": [[[95.60198000000001, 27.858570000000004], [95.60205, 27.85969], [95.60312, 27.859750000000002], [95.60346000000001, 27.85884], [95.60265000000001, 27.858320000000003], [95.60198000000001, 27.858570000000004]]]}}, {"id": "273", "type": "Feature", "properties": {"village_name": "Dail Gaon", "vil_lgd": 290054, "district_name": "Tinsukia", "dist_lgd": 302, "subdistrict_name": "Sadiya", "sdcode": 2059, "block_name": "Sadiya", "block_lgd": 91.0, "gp_name": "", "state_name": "ASSAM", "state_lgd": 18, "population": 130, "households": 32}, "geometry": {"type": "Polygon", "coordinates": [[[95.6046, 27.87141], [95.60560000000001, 27.87215], [95.60637000000001, 27.87141], [95.60547000000001, 27.870590000000004], [95.6046, 27.87141]]]}}, {"id": "274", "type": "Feature", "properties": {"village_name": "Hastinapur", "vil_lgd": 290055, "district_name": "Tinsukia", "dist_lgd": 302, "subdistrict_name": "Sadiya", "sdcode": 2059, "block_name": "Sadiya", "block_lgd": 91.0, "gp_name": "", "state_name": "ASSAM", "state_lgd": 18, "population": 209, "households": 32}, "geometry": {"type": "Polygon", "coordinates": [[[95.60987, 27.877720000000004], [95.60944, 27.878770000000003], [95.6105, 27.87918], [95.61112000000001, 27.878470000000004], [95.61025000000001, 27.877650000000003], [95.60987, 27.877720000000004]]]}}, {"id": "275", "type": "Feature", "properties": {"village_name": "Kumchang T E", "vil_lgd": 290388, "district_name": "Tinsukia", "dist_lgd": 302, "subdistrict_name": "Doom Dooma", "sdcode": 2060, "block_name": "Kakapathar", "block_lgd": 94.0, "gp_name": "KUMSONG", "state_name": "ASSAM", "state_lgd": 18, "population": 1382, "households": 262}, "geometry": {"type": "Polygon", "coordinates": [[[95.69816, 27.633540000000004], [95.70087000000001, 27.628470000000004], [95.69362000000001, 27.628890000000002], [95.69115000000001, 27.63041], [95.68621, 27.616600000000002], [95.68144000000001, 27.61699], [95.67030000000001, 27.62019], [95.66262, 27.623800000000003], [95.65750000000001, 27.621260000000003], [95.65584000000001, 27.618990000000004], [95.64931000000001, 27.62123], [95.64702000000001, 27.625680000000003], [95.65765, 27.626330000000003], [95.67256, 27.625930000000004], [95.66864000000001, 27.631000000000004], [95.66774000000001, 27.635140000000003], [95.66925, 27.638070000000003], [95.67286000000001, 27.63634], [95.68310000000001, 27.636870000000002], [95.69500000000001, 27.639670000000002], [95.69334, 27.6366], [95.69816, 27.633540000000004]]]}}, {"id": "276", "type": "Feature", "properties": {"village_name": "Dumchi Hatigarh", "vil_lgd": 290762, "district_name": "Tinsukia", "dist_lgd": 302, "subdistrict_name": "Margherita", "sdcode": 2062, "block_name": "Kakapathar", "block_lgd": 94.0, "gp_name": "KAILASHPUR", "state_name": "ASSAM", "state_lgd": 18, "population": 1228, "households": 219}, "geometry": {"type": "Polygon", "coordinates": [[[95.80648000000001, 27.579620000000002], [95.80078, 27.58114], [95.79393, 27.583830000000003], [95.79127000000001, 27.59175], [95.79279000000001, 27.597790000000003], [95.79536, 27.59767], [95.79849, 27.59934], [95.80554000000001, 27.600910000000002], [95.80807, 27.599950000000003], [95.81407, 27.599520000000002], [95.81774000000001, 27.59701], [95.81842, 27.595270000000003], [95.81380000000001, 27.588980000000003], [95.81214000000001, 27.584360000000004], [95.81190000000001, 27.581740000000003], [95.81288, 27.579020000000003], [95.80648000000001, 27.579620000000002]]]}}, {"id": "277", "type": "Feature", "properties": {"village_name": "Nam Hollong Nagaon", "vil_lgd": 290759, "district_name": "Tinsukia", "dist_lgd": 302, "subdistrict_name": "Margherita", "sdcode": 2062, "block_name": "Kakapathar", "block_lgd": 94.0, "gp_name": "KAILASHPUR", "state_name": "ASSAM", "state_lgd": 18, "population": 714, "households": 139}, "geometry": {"type": "Polygon", "coordinates": [[[95.76104000000001, 27.58114], [95.76351000000001, 27.59091], [95.76313, 27.594450000000002], [95.77473, 27.593770000000003], [95.77739000000001, 27.587030000000002], [95.77397, 27.58518], [95.77036000000001, 27.58097], [95.76104000000001, 27.58114]]]}}, {"id": "278", "type": "Feature", "properties": {"village_name": "Suwani Pathar N C", "vil_lgd": 290767, "district_name": "Tinsukia", "dist_lgd": 302, "subdistrict_name": "Margherita", "sdcode": 2062, "block_name": "Kakapathar", "block_lgd": 94.0, "gp_name": "KAILASHPUR", "state_name": "ASSAM", "state_lgd": 18, "population": 281, "households": 46}, "geometry": {"type": "Polygon", "coordinates": [[[95.77397, 27.57945], [95.77036000000001, 27.58097], [95.77397, 27.58518], [95.77739000000001, 27.587030000000002], [95.77891000000001, 27.58198], [95.77739000000001, 27.57928], [95.77397, 27.57945]]]}}, {"id": "279", "type": "Feature", "properties": {"village_name": "Litong Gaon", "vil_lgd": 290761, "district_name": "Tinsukia", "dist_lgd": 302, "subdistrict_name": "Margherita", "sdcode": 2062, "block_name": "Kakapathar", "block_lgd": 94.0, "gp_name": "KAILASH", "state_name": "ASSAM", "state_lgd": 18, "population": 693, "households": 123}, "geometry": {"type": "Polygon", "coordinates": [[[95.77891000000001, 27.58198], [95.77739000000001, 27.587030000000002], [95.77473, 27.593770000000003], [95.79127000000001, 27.59175], [95.79393, 27.583830000000003], [95.7907, 27.580800000000004], [95.77891000000001, 27.58198]]]}}, {"id": "280", "type": "Feature", "properties": {"village_name": "Namhollong Block Gaon", "vil_lgd": 290764, "district_name": "Tinsukia", "dist_lgd": 302, "subdistrict_name": "Margherita", "sdcode": 2062, "block_name": "Kakapathar", "block_lgd": 94.0, "gp_name": "KAILASHPUR", "state_name": "ASSAM", "state_lgd": 18, "population": 345, "households": 70}, "geometry": {"type": "Polygon", "coordinates": [[[95.75816, 27.567870000000003], [95.75898000000001, 27.576990000000002], [95.76104000000001, 27.58114], [95.77036000000001, 27.58097], [95.76446000000001, 27.56782], [95.75816, 27.567870000000003]]]}}, {"id": "281", "type": "Feature", "properties": {"village_name": "Hatigarh Gaon", "vil_lgd": 290376, "district_name": "Tinsukia", "dist_lgd": 302, "subdistrict_name": "Doom Dooma", "sdcode": 2060, "block_name": "Kakapathar", "block_lgd": 94.0, "gp_name": "KKAKAPATHAR", "state_name": "ASSAM", "state_lgd": 18, "population": 1306, "households": 261}, "geometry": {"type": "Polygon", "coordinates": [[[95.68144000000001, 27.61699], [95.68621, 27.616600000000002], [95.68602000000001, 27.615080000000003], [95.68164, 27.614240000000002], [95.67917000000001, 27.612890000000004], [95.67708, 27.60986], [95.67632, 27.606820000000003], [95.67286000000001, 27.610190000000003], [95.66759, 27.612320000000004], [95.66864000000001, 27.617790000000003], [95.67030000000001, 27.62019], [95.68144000000001, 27.61699]]]}}, {"id": "282", "type": "Feature", "properties": {"village_name": "Kharjan Gaon", "vil_lgd": 290385, "district_name": "Tinsukia", "dist_lgd": 302, "subdistrict_name": "Doom Dooma", "sdcode": 2060, "block_name": "Kakapathar", "block_lgd": 94.0, "gp_name": "KUMSONG", "state_name": "ASSAM", "state_lgd": 18, "population": 1259, "households": 247}, "geometry": {"type": "Polygon", "coordinates": [[[95.66458, 27.609250000000003], [95.6563, 27.613120000000002], [95.65584000000001, 27.618990000000004], [95.65750000000001, 27.621260000000003], [95.66262, 27.623800000000003], [95.67030000000001, 27.62019], [95.66864000000001, 27.617790000000003], [95.66759, 27.612320000000004], [95.66458, 27.609250000000003]]]}}, {"id": "283", "type": "Feature", "properties": {"village_name": "Kachari Mathong", "vil_lgd": 290337, "district_name": "Tinsukia", "dist_lgd": 302, "subdistrict_name": "Doom Dooma", "sdcode": 2060, "block_name": "Kakapathar", "block_lgd": 94.0, "gp_name": "DIRAK", "state_name": "ASSAM", "state_lgd": 18, "population": 242, "households": 49}, "geometry": {"type": "Polygon", "coordinates": [[[95.70825, 27.68249], [95.70779, 27.67762], [95.70501, 27.677680000000002], [95.69238000000001, 27.674030000000002], [95.69184000000001, 27.675690000000003], [95.69003000000001, 27.684220000000003], [95.68882, 27.68596], [95.69078, 27.688620000000004], [95.70042000000001, 27.687020000000004], [95.70303000000001, 27.68785], [95.70675000000001, 27.68719], [95.70825, 27.68249]]]}}, {"id": "284", "type": "Feature", "properties": {"village_name": "Kachrai Mathong", "vil_lgd": 290344, "district_name": "Tinsukia", "dist_lgd": 302, "subdistrict_name": "Doom Dooma", "sdcode": 2060, "block_name": "Kakapathar", "block_lgd": 94.0, "gp_name": "DIRAK", "state_name": "ASSAM", "state_lgd": 18, "population": 505, "households": 103}, "geometry": {"type": "Polygon", "coordinates": [[[95.70298000000001, 27.663280000000004], [95.69500000000001, 27.66982], [95.69289, 27.672490000000003], [95.69238000000001, 27.674030000000002], [95.70501, 27.677680000000002], [95.70779, 27.67762], [95.70750000000001, 27.673150000000003], [95.70373000000001, 27.665550000000003], [95.70298000000001, 27.663280000000004]]]}}, {"id": "285", "type": "Feature", "properties": {"village_name": "Saru Mechai", "vil_lgd": 290355, "district_name": "Tinsukia", "dist_lgd": 302, "subdistrict_name": "Doom Dooma", "sdcode": 2060, "block_name": "Kakapathar", "block_lgd": 94.0, "gp_name": "DIRAK", "state_name": "ASSAM", "state_lgd": 18, "population": 351, "households": 68}, "geometry": {"type": "Polygon", "coordinates": [[[95.69313000000001, 27.659920000000003], [95.69424000000001, 27.667690000000004], [95.69500000000001, 27.66982], [95.70298000000001, 27.663280000000004], [95.70554000000001, 27.660750000000004], [95.69313000000001, 27.659920000000003]]]}}, {"id": "286", "type": "Feature", "properties": {"village_name": "Saru Mechai", "vil_lgd": 290354, "district_name": "Tinsukia", "dist_lgd": 302, "subdistrict_name": "Doom Dooma", "sdcode": 2060, "block_name": "Kakapathar", "block_lgd": 94.0, "gp_name": "DIRAK", "state_name": "ASSAM", "state_lgd": 18, "population": 1055, "households": 208}, "geometry": {"type": "Polygon", "coordinates": [[[95.69462000000001, 27.65255], [95.69120000000001, 27.657020000000003], [95.69313000000001, 27.659920000000003], [95.70554000000001, 27.660750000000004], [95.70539000000001, 27.65848], [95.70720000000001, 27.654880000000002], [95.70689, 27.65275], [95.69462000000001, 27.65255]]]}}, {"id": "287", "type": "Feature", "properties": {"village_name": "Wat Hoi", "vil_lgd": 290766, "district_name": "Tinsukia", "dist_lgd": 302, "subdistrict_name": "Margherita", "sdcode": 2062, "block_name": "Kakapathar", "block_lgd": 94.0, "gp_name": "KAILASHPUR", "state_name": "ASSAM", "state_lgd": 18, "population": 505, "households": 93}, "geometry": {"type": "Polygon", "coordinates": [[[95.80648000000001, 27.579620000000002], [95.81288, 27.579020000000003], [95.81419000000001, 27.57448], [95.81573, 27.57383], [95.81009, 27.570020000000003], [95.80002, 27.570850000000004], [95.79469, 27.573050000000002], [95.79298000000001, 27.57625], [95.79298000000001, 27.579790000000003], [95.7907, 27.580800000000004], [95.79393, 27.583830000000003], [95.80078, 27.58114], [95.80648000000001, 27.579620000000002]]]}}, {"id": "288", "type": "Feature", "properties": {"village_name": "Maj Gaon", "vil_lgd": 290367, "district_name": "Tinsukia", "dist_lgd": 302, "subdistrict_name": "Doom Dooma", "sdcode": 2060, "block_name": "Kakapathar", "block_lgd": 94.0, "gp_name": "KAKAPATHAR", "state_name": "ASSAM", "state_lgd": 18, "population": 98, "households": 22}, "geometry": {"type": "Polygon", "coordinates": [[[95.69711000000001, 27.641270000000002], [95.69120000000001, 27.649790000000003], [95.69462000000001, 27.65255], [95.70689, 27.65275], [95.70659, 27.65181], [95.70253000000001, 27.64955], [95.69921000000001, 27.642740000000003], [95.69711000000001, 27.641270000000002]]]}}, {"id": "289", "type": "Feature", "properties": {"village_name": "Bor Mechai", "vil_lgd": 290357, "district_name": "Tinsukia", "dist_lgd": 302, "subdistrict_name": "Doom Dooma", "sdcode": 2060, "block_name": "Kakapathar", "block_lgd": 94.0, "gp_name": "DIRAK", "state_name": "ASSAM", "state_lgd": 18, "population": 1159, "households": 194}, "geometry": {"type": "Polygon", "coordinates": [[[95.69313000000001, 27.659920000000003], [95.69120000000001, 27.657020000000003], [95.68689, 27.6565], [95.68244000000001, 27.65755], [95.67724000000001, 27.659000000000002], [95.67060000000001, 27.663420000000002], [95.67286000000001, 27.667550000000002], [95.67407000000001, 27.66955], [95.67663, 27.667550000000002], [95.69424000000001, 27.667690000000004], [95.69313000000001, 27.659920000000003]]]}}, {"id": "290", "type": "Feature", "properties": {"village_name": "Ahom Pathar", "vil_lgd": 290352, "district_name": "Tinsukia", "dist_lgd": 302, "subdistrict_name": "Doom Dooma", "sdcode": 2060, "block_name": "Kakapathar", "block_lgd": 94.0, "gp_name": "KAKAPATHER", "state_name": "ASSAM", "state_lgd": 18, "population": 172, "households": 33}, "geometry": {"type": "Polygon", "coordinates": [[[95.68689, 27.6565], [95.69120000000001, 27.657020000000003], [95.69462000000001, 27.65255], [95.69120000000001, 27.649790000000003], [95.67382, 27.65321], [95.66713000000001, 27.653160000000003], [95.66578000000001, 27.653150000000004], [95.66955, 27.659820000000003], [95.67060000000001, 27.663420000000002], [95.67724000000001, 27.659000000000002], [95.68244000000001, 27.65755], [95.68689, 27.6565]]]}}, {"id": "291", "type": "Feature", "properties": {"village_name": "Upar Uvon Gaon", "vil_lgd": 290371, "district_name": "Tinsukia", "dist_lgd": 302, "subdistrict_name": "Doom Dooma", "sdcode": 2060, "block_name": "Kakapathar", "block_lgd": 94.0, "gp_name": "KAKOPATHER", "state_name": "ASSAM", "state_lgd": 18, "population": 1073, "households": 201}, "geometry": {"type": "Polygon", "coordinates": [[[95.68310000000001, 27.636870000000002], [95.67286000000001, 27.63634], [95.66925, 27.638070000000003], [95.66921, 27.641230000000004], [95.68036000000001, 27.639920000000004], [95.69500000000001, 27.639670000000002], [95.68310000000001, 27.636870000000002]]]}}, {"id": "292", "type": "Feature", "properties": {"village_name": "Lazum Pathar Gaon", "vil_lgd": 290369, "district_name": "Tinsukia", "dist_lgd": 302, "subdistrict_name": "Doom Dooma", "sdcode": 2060, "block_name": "Kakapathar", "block_lgd": 94.0, "gp_name": "KAKOPATHER", "state_name": "ASSAM", "state_lgd": 18, "population": 357, "households": 67}, "geometry": {"type": "Polygon", "coordinates": [[[95.68036000000001, 27.639920000000004], [95.66921, 27.641230000000004], [95.66713000000001, 27.653160000000003], [95.67382, 27.65321], [95.69120000000001, 27.649790000000003], [95.69711000000001, 27.641270000000002], [95.69500000000001, 27.639670000000002], [95.68036000000001, 27.639920000000004]]]}}, {"id": "293", "type": "Feature", "properties": {"village_name": "Namuvon", "vil_lgd": 290351, "district_name": "Tinsukia", "dist_lgd": 302, "subdistrict_name": "Doom Dooma", "sdcode": 2060, "block_name": "Kakapathar", "block_lgd": 94.0, "gp_name": "KAKOPATHER", "state_name": "ASSAM", "state_lgd": 18, "population": 370, "households": 68}, "geometry": {"type": "Polygon", "coordinates": [[[95.64886000000001, 27.649130000000003], [95.64798, 27.653620000000004], [95.65313, 27.656480000000002], [95.65855, 27.65782], [95.66367000000001, 27.655680000000004], [95.66578000000001, 27.653150000000004], [95.65555, 27.65294], [95.65154000000001, 27.65163], [95.64886000000001, 27.649130000000003]]]}}, {"id": "294", "type": "Feature", "properties": {"village_name": "Maithong Pani", "vil_lgd": 290358, "district_name": "Tinsukia", "dist_lgd": 302, "subdistrict_name": "Doom Dooma", "sdcode": 2060, "block_name": "Kakapathar", "block_lgd": 94.0, "gp_name": "DIRAK", "state_name": "ASSAM", "state_lgd": 18, "population": 271, "households": 47}, "geometry": {"type": "Polygon", "coordinates": [[[95.65005000000001, 27.644520000000004], [95.64886000000001, 27.646230000000003], [95.64886000000001, 27.649130000000003], [95.65154000000001, 27.65163], [95.65555, 27.65294], [95.66578000000001, 27.653150000000004], [95.65896000000001, 27.647810000000003], [95.65674000000001, 27.644790000000004], [95.65005000000001, 27.644520000000004]]]}}, {"id": "295", "type": "Feature", "properties": {"village_name": "Lazum Gaon", "vil_lgd": 290370, "district_name": "Tinsukia", "dist_lgd": 302, "subdistrict_name": "Doom Dooma", "sdcode": 2060, "block_name": "Kakapathar", "block_lgd": 94.0, "gp_name": "KAKOPATHER", "state_name": "ASSAM", "state_lgd": 18, "population": 315, "households": 60}, "geometry": {"type": "Polygon", "coordinates": [[[95.66774000000001, 27.635140000000003], [95.66102000000001, 27.638170000000002], [95.65674000000001, 27.644790000000004], [95.65896000000001, 27.647810000000003], [95.66578000000001, 27.653150000000004], [95.66713000000001, 27.653160000000003], [95.66921, 27.641230000000004], [95.66925, 27.638070000000003], [95.66774000000001, 27.635140000000003]]]}}, {"id": "296", "type": "Feature", "properties": {"village_name": "Kakapathar", "vil_lgd": 290372, "district_name": "Tinsukia", "dist_lgd": 302, "subdistrict_name": "Doom Dooma", "sdcode": 2060, "block_name": "Kakapathar", "block_lgd": 94.0, "gp_name": "KAKOPATHER", "state_name": "ASSAM", "state_lgd": 18, "population": 1316, "households": 267}, "geometry": {"type": "Polygon", "coordinates": [[[95.65005000000001, 27.644520000000004], [95.65674000000001, 27.644790000000004], [95.64886000000001, 27.631100000000004], [95.64411000000001, 27.63492], [95.64274, 27.63847], [95.6444, 27.643010000000004], [95.64515, 27.647940000000002], [95.64590000000001, 27.652210000000004], [95.64798, 27.653620000000004], [95.64886000000001, 27.649130000000003], [95.64886000000001, 27.646230000000003], [95.65005000000001, 27.644520000000004]]]}}, {"id": "297", "type": "Feature", "properties": {"village_name": "Saru Dirak Gaon", "vil_lgd": 290343, "district_name": "Tinsukia", "dist_lgd": 302, "subdistrict_name": "Doom Dooma", "sdcode": 2060, "block_name": "Kakapathar", "block_lgd": 94.0, "gp_name": "MAITHONG", "state_name": "ASSAM", "state_lgd": 18, "population": 1390, "households": 301}, "geometry": {"type": "Polygon", "coordinates": [[[95.76719000000001, 27.69038], [95.76787, 27.68699], [95.77014000000001, 27.686850000000003], [95.77079, 27.685760000000002], [95.77265000000001, 27.686090000000004], [95.77332000000001, 27.684870000000004], [95.75134000000001, 27.67547], [95.74682000000001, 27.674840000000003], [95.74049000000001, 27.672240000000002], [95.73708, 27.674580000000002], [95.72947, 27.67631], [95.72923, 27.681150000000002], [95.73327, 27.687890000000003], [95.73317, 27.692300000000003], [95.76404000000001, 27.694150000000004], [95.76381, 27.69347], [95.76587, 27.690410000000004], [95.76719000000001, 27.69038]]]}}, {"id": "298", "type": "Feature", "properties": {"village_name": "Bisani Mukh N C", "vil_lgd": 290067, "district_name": "Tinsukia", "dist_lgd": 302, "subdistrict_name": "Doom Dooma", "sdcode": 2060, "block_name": "Saikhowa", "block_lgd": 92.0, "gp_name": "HAHKHATI", "state_name": "ASSAM", "state_lgd": 18, "population": 1300, "households": 224}, "geometry": {"type": "Polygon", "coordinates": [[[95.63752000000001, 27.78094], [95.62727000000001, 27.78055], [95.62029000000001, 27.7816], [95.61821, 27.780150000000003], [95.61881000000001, 27.770560000000003], [95.61955, 27.76556], [95.59682000000001, 27.769640000000003], [95.59355000000001, 27.77108], [95.58419, 27.772000000000002], [95.58147000000001, 27.772840000000002], [95.58455000000001, 27.773970000000002], [95.58792000000001, 27.780610000000003], [95.5942, 27.78412], [95.60668000000001, 27.786830000000002], [95.63008, 27.78712], [95.63961, 27.785310000000003], [95.64410000000001, 27.78272], [95.63752000000001, 27.78094]]]}}, {"id": "299", "type": "Feature", "properties": {"village_name": "Na Bormura Gaon", "vil_lgd": 290085, "district_name": "Tinsukia", "dist_lgd": 302, "subdistrict_name": "Doom Dooma", "sdcode": 2060, "block_name": "Saikhowa", "block_lgd": 92.0, "gp_name": "BORMURA", "state_name": "ASSAM", "state_lgd": 18, "population": 720, "households": 126}, "geometry": {"type": "Polygon", "coordinates": [[[95.55824000000001, 27.74574], [95.55177, 27.74659], [95.54531000000001, 27.745070000000002], [95.53808000000001, 27.745410000000003], [95.53580000000001, 27.74827], [95.53473000000001, 27.751890000000003], [95.54364000000001, 27.751630000000002], [95.55998000000001, 27.75176], [95.56236000000001, 27.75334], [95.56652000000001, 27.758070000000004], [95.57068000000001, 27.752150000000004], [95.57193000000001, 27.74726], [95.56546, 27.746080000000003], [95.55824000000001, 27.74574]]]}}, {"id": "300", "type": "Feature", "properties": {"village_name": "Na Bormura N C", "vil_lgd": 290086, "district_name": "Tinsukia", "dist_lgd": 302, "subdistrict_name": "Doom Dooma", "sdcode": 2060, "block_name": "Saikhowa", "block_lgd": 92.0, "gp_name": "BORMURA", "state_name": "ASSAM", "state_lgd": 18, "population": 928, "households": 175}, "geometry": {"type": "Polygon", "coordinates": [[[95.53846000000001, 27.73279], [95.5339, 27.73279], [95.53086, 27.734130000000004], [95.52820000000001, 27.734130000000004], [95.52629, 27.745240000000003], [95.52515000000001, 27.748770000000004], [95.52314000000001, 27.75176], [95.53012000000001, 27.75202], [95.53473000000001, 27.751890000000003], [95.53580000000001, 27.74827], [95.53808000000001, 27.745410000000003], [95.53751000000001, 27.7375], [95.53846000000001, 27.73279]]]}}, {"id": "301", "type": "Feature", "properties": {"village_name": "Phelai Gaon N C", "vil_lgd": 290087, "district_name": "Tinsukia", "dist_lgd": 302, "subdistrict_name": "Doom Dooma", "sdcode": 2060, "block_name": "Saikhowa", "block_lgd": 92.0, "gp_name": "BORMURA", "state_name": "ASSAM", "state_lgd": 18, "population": 522, "households": 92}, "geometry": {"type": "Polygon", "coordinates": [[[95.50728000000001, 27.737800000000004], [95.50757, 27.74462], [95.50516, 27.74742], [95.50962000000001, 27.752290000000002], [95.52314000000001, 27.75176], [95.52515000000001, 27.748770000000004], [95.52629, 27.745240000000003], [95.51113000000001, 27.739060000000002], [95.50728000000001, 27.737800000000004]]]}}, {"id": "302", "type": "Feature", "properties": {"village_name": "Kapahtoli N C", "vil_lgd": 290092, "district_name": "Tinsukia", "dist_lgd": 302, "subdistrict_name": "Doom Dooma", "sdcode": 2060, "block_name": "Saikhowa", "block_lgd": 92.0, "gp_name": "BORMURA", "state_name": "ASSAM", "state_lgd": 18, "population": 264, "households": 38}, "geometry": {"type": "Polygon", "coordinates": [[[95.49074, 27.734140000000004], [95.49102, 27.739690000000003], [95.49016, 27.742690000000003], [95.49714, 27.743610000000004], [95.50175, 27.745320000000003], [95.50516, 27.74742], [95.50757, 27.74462], [95.50728000000001, 27.737800000000004], [95.50728000000001, 27.73591], [95.50371000000001, 27.734520000000003], [95.49074, 27.734140000000004]]]}}, {"id": "303", "type": "Feature", "properties": {"village_name": "Bormura Gaon", "vil_lgd": 290094, "district_name": "Tinsukia", "dist_lgd": 302, "subdistrict_name": "Doom Dooma", "sdcode": 2060, "block_name": "Saikhowa", "block_lgd": 92.0, "gp_name": "SAIKHOWA", "state_name": "ASSAM", "state_lgd": 18, "population": 635, "households": 123}, "geometry": {"type": "Polygon", "coordinates": [[[95.50928, 27.728330000000003], [95.50728000000001, 27.73363], [95.50728000000001, 27.73591], [95.50728000000001, 27.737800000000004], [95.51113000000001, 27.739060000000002], [95.52629, 27.745240000000003], [95.52820000000001, 27.734130000000004], [95.52582000000001, 27.73326], [95.51897000000001, 27.733510000000003], [95.51698, 27.732750000000003], [95.50928, 27.728330000000003]]]}}, {"id": "304", "type": "Feature", "properties": {"village_name": "Na Bormura", "vil_lgd": 290093, "district_name": "Tinsukia", "dist_lgd": 302, "subdistrict_name": "Doom Dooma", "sdcode": 2060, "block_name": "Saikhowa", "block_lgd": 92.0, "gp_name": "BORMURA", "state_name": "ASSAM", "state_lgd": 18, "population": 581, "households": 101}, "geometry": {"type": "Polygon", "coordinates": [[[95.4963, 27.724040000000002], [95.49145000000001, 27.72631], [95.49074, 27.734140000000004], [95.50371000000001, 27.734520000000003], [95.50728000000001, 27.73591], [95.50728000000001, 27.73363], [95.50928, 27.728330000000003], [95.50657000000001, 27.72631], [95.49858, 27.72417], [95.4963, 27.724040000000002]]]}}, {"id": "305", "type": "Feature", "properties": {"village_name": "Kapahtoli N C", "vil_lgd": 290091, "district_name": "Tinsukia", "dist_lgd": 302, "subdistrict_name": "Doom Dooma", "sdcode": 2060, "block_name": "Saikhowa", "block_lgd": 92.0, "gp_name": "BORMURA", "state_name": "ASSAM", "state_lgd": 18, "population": 1159, "households": 199}, "geometry": {"type": "Polygon", "coordinates": [[[95.49145000000001, 27.72631], [95.4886, 27.727700000000002], [95.48789000000001, 27.72959], [95.47776, 27.733130000000003], [95.47491000000001, 27.733760000000004], [95.46264000000001, 27.741100000000003], [95.46692, 27.743940000000002], [95.47739000000001, 27.743740000000003], [95.47887000000001, 27.745060000000002], [95.49016, 27.742690000000003], [95.49102, 27.739690000000003], [95.49074, 27.734140000000004], [95.49145000000001, 27.72631]]]}}, {"id": "306", "type": "Feature", "properties": {"village_name": "Phol Bari Habi Gaon", "vil_lgd": 290122, "district_name": "Tinsukia", "dist_lgd": 302, "subdistrict_name": "Doom Dooma", "sdcode": 2060, "block_name": "Saikhowa", "block_lgd": 92.0, "gp_name": "DANGARI", "state_name": "ASSAM", "state_lgd": 18, "population": 322, "households": 60}, "geometry": {"type": "Polygon", "coordinates": [[[95.49744000000001, 27.716590000000004], [95.49587000000001, 27.713310000000003], [95.49088, 27.703590000000002], [95.48789000000001, 27.705730000000003], [95.48218000000001, 27.70763], [95.47391, 27.715460000000004], [95.47904000000001, 27.719500000000004], [95.48164000000001, 27.720720000000004], [95.49031000000001, 27.719120000000004], [95.49701, 27.71937], [95.49744000000001, 27.716590000000004]]]}}, {"id": "307", "type": "Feature", "properties": {"village_name": "Tamuli", "vil_lgd": 290153, "district_name": "Tinsukia", "dist_lgd": 302, "subdistrict_name": "Doom Dooma", "sdcode": 2060, "block_name": "Saikhowa", "block_lgd": 92.0, "gp_name": "GAKHIR BHETI", "state_name": "ASSAM", "state_lgd": 18, "population": 166, "households": 26}, "geometry": {"type": "Polygon", "coordinates": [[[95.47461000000001, 27.683860000000003], [95.47045000000001, 27.68531], [95.46332000000001, 27.688200000000002], [95.46035, 27.690310000000004], [95.45724000000001, 27.693700000000003], [95.46136000000001, 27.693870000000004], [95.46307, 27.698290000000004], [95.46264000000001, 27.70371], [95.46621, 27.701950000000004], [95.47419000000001, 27.69816], [95.47847, 27.69424], [95.48061000000001, 27.692100000000003], [95.48331, 27.69132], [95.48041, 27.688730000000003], [95.47788000000001, 27.684520000000003], [95.47461000000001, 27.683860000000003]]]}}, {"id": "308", "type": "Feature", "properties": {"village_name": "Nepali Chiring", "vil_lgd": 290108, "district_name": "Tinsukia", "dist_lgd": 302, "subdistrict_name": "Doom Dooma", "sdcode": 2060, "block_name": "Saikhowa", "block_lgd": 92.0, "gp_name": "DHOLA DHADUM", "state_name": "ASSAM", "state_lgd": 18, "population": 702, "households": 134}, "geometry": {"type": "Polygon", "coordinates": [[[95.51213000000001, 27.717730000000003], [95.50657000000001, 27.72631], [95.50928, 27.728330000000003], [95.51698, 27.732750000000003], [95.51897000000001, 27.733510000000003], [95.51826000000001, 27.731360000000002], [95.51954, 27.72997], [95.51983000000001, 27.72669], [95.52168, 27.722400000000004], [95.52468, 27.718230000000002], [95.51213000000001, 27.717730000000003]]]}}, {"id": "309", "type": "Feature", "properties": {"village_name": "Sada Siva T E", "vil_lgd": 290109, "district_name": "Tinsukia", "dist_lgd": 302, "subdistrict_name": "Doom Dooma", "sdcode": 2060, "block_name": "Saikhowa", "block_lgd": 92.0, "gp_name": "DANGARI", "state_name": "ASSAM", "state_lgd": 18, "population": 194, "households": 43}, "geometry": {"type": "Polygon", "coordinates": [[[95.52468, 27.718230000000002], [95.52168, 27.722400000000004], [95.51983000000001, 27.72669], [95.51954, 27.72997], [95.51826000000001, 27.731360000000002], [95.51897000000001, 27.733510000000003], [95.52183000000001, 27.729720000000004], [95.53157, 27.721140000000002], [95.52575, 27.718470000000003], [95.52468, 27.718230000000002]]]}}, {"id": "310", "type": "Feature", "properties": {"village_name": "Sada Siva T E", "vil_lgd": 290110, "district_name": "Tinsukia", "dist_lgd": 302, "subdistrict_name": "Doom Dooma", "sdcode": 2060, "block_name": "Saikhowa", "block_lgd": 92.0, "gp_name": "GAKHIR BHETI", "state_name": "ASSAM", "state_lgd": 18, "population": 114, "households": 22}, "geometry": {"type": "Polygon", "coordinates": [[[95.53157, 27.721140000000002], [95.52183000000001, 27.729720000000004], [95.51897000000001, 27.733510000000003], [95.52582000000001, 27.73326], [95.52820000000001, 27.734130000000004], [95.53086, 27.734130000000004], [95.53499000000001, 27.72274], [95.53157, 27.721140000000002]]]}}, {"id": "311", "type": "Feature", "properties": {"village_name": "Dangari Chring", "vil_lgd": 290126, "district_name": "Tinsukia", "dist_lgd": 302, "subdistrict_name": "Doom Dooma", "sdcode": 2060, "block_name": "Saikhowa", "block_lgd": 92.0, "gp_name": "DANGORI", "state_name": "ASSAM", "state_lgd": 18, "population": 1026, "households": 193}, "geometry": {"type": "Polygon", "coordinates": [[[95.5339, 27.73279], [95.53846000000001, 27.73279], [95.54022, 27.73166], [95.54041000000001, 27.72678], [95.53946, 27.725350000000002], [95.53499000000001, 27.72274], [95.53086, 27.734130000000004], [95.5339, 27.73279]]]}}, {"id": "312", "type": "Feature", "properties": {"village_name": "Laphangkula Gaon", "vil_lgd": 290095, "district_name": "Tinsukia", "dist_lgd": 302, "subdistrict_name": "Doom Dooma", "sdcode": 2060, "block_name": "Saikhowa", "block_lgd": 92.0, "gp_name": "SAIKHOWA", "state_name": "ASSAM", "state_lgd": 18, "population": 547, "households": 104}, "geometry": {"type": "Polygon", "coordinates": [[[95.53846000000001, 27.73279], [95.53751000000001, 27.7375], [95.53808000000001, 27.745410000000003], [95.54531000000001, 27.745070000000002], [95.55177, 27.74659], [95.55824000000001, 27.74574], [95.55797000000001, 27.741450000000004], [95.55351, 27.736330000000002], [95.54594, 27.733700000000002], [95.54090000000001, 27.73308], [95.53846000000001, 27.73279]]]}}, {"id": "313", "type": "Feature", "properties": {"village_name": "Bormura Miri Pathar", "vil_lgd": 290084, "district_name": "Tinsukia", "dist_lgd": 302, "subdistrict_name": "Doom Dooma", "sdcode": 2060, "block_name": "Saikhowa", "block_lgd": 92.0, "gp_name": "SAIKHOWA", "state_name": "ASSAM", "state_lgd": 18, "population": 3993, "households": 775}, "geometry": {"type": "Polygon", "coordinates": [[[95.55351, 27.736330000000002], [95.55797000000001, 27.741450000000004], [95.55824000000001, 27.74574], [95.56546, 27.746080000000003], [95.57193000000001, 27.74726], [95.57357, 27.745400000000004], [95.57431000000001, 27.74106], [95.57446, 27.7358], [95.56911000000001, 27.735280000000003], [95.5596, 27.7358], [95.55351, 27.736330000000002]]]}}, {"id": "314", "type": "Feature", "properties": {"village_name": "Miri Gaon", "vil_lgd": 290083, "district_name": "Tinsukia", "dist_lgd": 302, "subdistrict_name": "Doom Dooma", "sdcode": 2060, "block_name": "Saikhowa", "block_lgd": 92.0, "gp_name": "SAIKHOWA", "state_name": "ASSAM", "state_lgd": 18, "population": 1394, "households": 278}, "geometry": {"type": "Polygon", "coordinates": [[[95.57431000000001, 27.74106], [95.57357, 27.745400000000004], [95.57193000000001, 27.74726], [95.57068000000001, 27.752150000000004], [95.57944, 27.754520000000003], [95.58865, 27.758860000000002], [95.59006000000001, 27.748690000000003], [95.58961000000001, 27.74198], [95.57431000000001, 27.74106]]]}}, {"id": "315", "type": "Feature", "properties": {"village_name": "Dhola Bagan", "vil_lgd": 290082, "district_name": "Tinsukia", "dist_lgd": 302, "subdistrict_name": "Doom Dooma", "sdcode": 2060, "block_name": "Saikhowa", "block_lgd": 92.0, "gp_name": "SAIKHOWA", "state_name": "ASSAM", "state_lgd": 18, "population": 2558, "households": 463}, "geometry": {"type": "Polygon", "coordinates": [[[95.58961000000001, 27.74198], [95.59006000000001, 27.748690000000003], [95.58865, 27.758860000000002], [95.59451000000001, 27.756570000000004], [95.59808000000001, 27.75026], [95.60461000000001, 27.742770000000004], [95.58961000000001, 27.74198]]]}}, {"id": "316", "type": "Feature", "properties": {"village_name": "Bookapathar Gaon", "vil_lgd": 290080, "district_name": "Tinsukia", "dist_lgd": 302, "subdistrict_name": "Doom Dooma", "sdcode": 2060, "block_name": "Saikhowa", "block_lgd": 92.0, "gp_name": "ARHAIMURIA", "state_name": "ASSAM", "state_lgd": 18, "population": 1405, "households": 270}, "geometry": {"type": "Polygon", "coordinates": [[[95.61234, 27.723440000000004], [95.60699000000001, 27.726070000000004], [95.60283000000001, 27.729490000000002], [95.60447, 27.734880000000004], [95.60892000000001, 27.739480000000004], [95.61234, 27.737900000000003], [95.62393, 27.73514], [95.62422000000001, 27.73278], [95.62628000000001, 27.72903], [95.62125, 27.727520000000002], [95.61234, 27.723440000000004]]]}}, {"id": "317", "type": "Feature", "properties": {"village_name": "Bookapathar Khanda", "vil_lgd": 290081, "district_name": "Tinsukia", "dist_lgd": 302, "subdistrict_name": "Doom Dooma", "sdcode": 2060, "block_name": "Saikhowa", "block_lgd": 92.0, "gp_name": "ARHAIMURIA", "state_name": "ASSAM", "state_lgd": 18, "population": 188, "households": 34}, "geometry": {"type": "Polygon", "coordinates": [[[95.60447, 27.734880000000004], [95.60283000000001, 27.729490000000002], [95.60069000000001, 27.72894], [95.5925, 27.7269], [95.5905, 27.7312], [95.58961000000001, 27.74198], [95.60461000000001, 27.742770000000004], [95.60892000000001, 27.739480000000004], [95.60447, 27.734880000000004]]]}}, {"id": "318", "type": "Feature", "properties": {"village_name": "Ajukha N C", "vil_lgd": 290096, "district_name": "Tinsukia", "dist_lgd": 302, "subdistrict_name": "Doom Dooma", "sdcode": 2060, "block_name": "Saikhowa", "block_lgd": 92.0, "gp_name": "TALAP", "state_name": "ASSAM", "state_lgd": 18, "population": 42, "households": 19}, "geometry": {"type": "Polygon", "coordinates": [[[95.5925, 27.7269], [95.58664, 27.729750000000003], [95.57847000000001, 27.734620000000003], [95.57446, 27.7358], [95.57431000000001, 27.74106], [95.58961000000001, 27.74198], [95.5905, 27.7312], [95.5925, 27.7269]]]}}, {"id": "319", "type": "Feature", "properties": {"village_name": "Khaloi Gaon", "vil_lgd": 290105, "district_name": "Tinsukia", "dist_lgd": 302, "subdistrict_name": "Doom Dooma", "sdcode": 2060, "block_name": "Saikhowa", "block_lgd": 92.0, "gp_name": "DHALA DHADUM", "state_name": "ASSAM", "state_lgd": 18, "population": 653, "households": 134}, "geometry": {"type": "Polygon", "coordinates": [[[95.58114, 27.718310000000002], [95.57327000000001, 27.721470000000004], [95.57238000000001, 27.726070000000004], [95.57089, 27.728830000000002], [95.56911000000001, 27.735280000000003], [95.57446, 27.7358], [95.57847000000001, 27.734620000000003], [95.58664, 27.729750000000003], [95.58560000000001, 27.726200000000002], [95.58263000000001, 27.721470000000004], [95.58114, 27.718310000000002]]]}}, {"id": "320", "type": "Feature", "properties": {"village_name": "Dighal Mechaki Gaon", "vil_lgd": 290098, "district_name": "Tinsukia", "dist_lgd": 302, "subdistrict_name": "Doom Dooma", "sdcode": 2060, "block_name": "Saikhowa", "block_lgd": 92.0, "gp_name": "ARHAIMURIA", "state_name": "ASSAM", "state_lgd": 18, "population": 258, "households": 48}, "geometry": {"type": "Polygon", "coordinates": [[[95.61299000000001, 27.72218], [95.60194000000001, 27.723440000000004], [95.60069000000001, 27.72894], [95.60283000000001, 27.729490000000002], [95.60699000000001, 27.726070000000004], [95.61234, 27.723440000000004], [95.61299000000001, 27.72218]]]}}, {"id": "321", "type": "Feature", "properties": {"village_name": "Ajukha Gaon", "vil_lgd": 290097, "district_name": "Tinsukia", "dist_lgd": 302, "subdistrict_name": "Doom Dooma", "sdcode": 2060, "block_name": "Saikhowa", "block_lgd": 92.0, "gp_name": "TALAP", "state_name": "ASSAM", "state_lgd": 18, "population": 429, "households": 79}, "geometry": {"type": "Polygon", "coordinates": [[[95.61397000000001, 27.720290000000002], [95.60773, 27.718840000000004], [95.60224000000001, 27.718970000000002], [95.59630000000001, 27.721860000000003], [95.5925, 27.7269], [95.60069000000001, 27.72894], [95.60194000000001, 27.723440000000004], [95.61299000000001, 27.72218], [95.61397000000001, 27.720290000000002]]]}}, {"id": "322", "type": "Feature", "properties": {"village_name": "Singsi Gaon", "vil_lgd": 290104, "district_name": "Tinsukia", "dist_lgd": 302, "subdistrict_name": "Doom Dooma", "sdcode": 2060, "block_name": "Saikhowa", "block_lgd": 92.0, "gp_name": "DHOLA", "state_name": "ASSAM", "state_lgd": 18, "population": 457, "households": 94}, "geometry": {"type": "Polygon", "coordinates": [[[95.59630000000001, 27.721860000000003], [95.59228, 27.720290000000002], [95.58812, 27.72002], [95.58263000000001, 27.721470000000004], [95.58560000000001, 27.726200000000002], [95.58664, 27.729750000000003], [95.5925, 27.7269], [95.59630000000001, 27.721860000000003]]]}}, {"id": "323", "type": "Feature", "properties": {"village_name": "Kaka Sonari", "vil_lgd": 290103, "district_name": "Tinsukia", "dist_lgd": 302, "subdistrict_name": "Doom Dooma", "sdcode": 2060, "block_name": "Saikhowa", "block_lgd": 92.0, "gp_name": "MEGELA", "state_name": "ASSAM", "state_lgd": 18, "population": 79, "households": 16}, "geometry": {"type": "Polygon", "coordinates": [[[95.60031000000001, 27.717260000000003], [95.59006000000001, 27.7145], [95.58708000000001, 27.71647], [95.58114, 27.718310000000002], [95.58263000000001, 27.721470000000004], [95.58812, 27.72002], [95.59228, 27.720290000000002], [95.59630000000001, 27.721860000000003], [95.60224000000001, 27.718970000000002], [95.60031000000001, 27.717260000000003]]]}}, {"id": "324", "type": "Feature", "properties": {"village_name": "Sonari", "vil_lgd": 290101, "district_name": "Tinsukia", "dist_lgd": 302, "subdistrict_name": "Doom Dooma", "sdcode": 2060, "block_name": "Saikhowa", "block_lgd": 92.0, "gp_name": "MEGELA", "state_name": "ASSAM", "state_lgd": 18, "population": 524, "households": 104}, "geometry": {"type": "Polygon", "coordinates": [[[95.60194000000001, 27.709500000000002], [95.60283000000001, 27.714370000000002], [95.60224000000001, 27.718970000000002], [95.60773, 27.718840000000004], [95.60788000000001, 27.713050000000003], [95.60877, 27.710420000000003], [95.60194000000001, 27.709500000000002]]]}}, {"id": "325", "type": "Feature", "properties": {"village_name": "Kakajan Sonari", "vil_lgd": 290102, "district_name": "Tinsukia", "dist_lgd": 302, "subdistrict_name": "Doom Dooma", "sdcode": 2060, "block_name": "Saikhowa", "block_lgd": 92.0, "gp_name": "DHALA DHADUM", "state_name": "ASSAM", "state_lgd": 18, "population": 157, "households": 33}, "geometry": {"type": "Polygon", "coordinates": [[[95.59273, 27.70963], [95.59006000000001, 27.7145], [95.60031000000001, 27.717260000000003], [95.60224000000001, 27.718970000000002], [95.60283000000001, 27.714370000000002], [95.60194000000001, 27.709500000000002], [95.59273, 27.70963]]]}}, {"id": "326", "type": "Feature", "properties": {"village_name": "Megala T E", "vil_lgd": 290130, "district_name": "Tinsukia", "dist_lgd": 302, "subdistrict_name": "Doom Dooma", "sdcode": 2060, "block_name": "Saikhowa", "block_lgd": 92.0, "gp_name": "MEGELA", "state_name": "ASSAM", "state_lgd": 18, "population": 1070, "households": 202}, "geometry": {"type": "Polygon", "coordinates": [[[95.59778000000001, 27.703190000000003], [95.59273, 27.70963], [95.60194000000001, 27.709500000000002], [95.60877, 27.710420000000003], [95.61011, 27.70727], [95.60833000000001, 27.702790000000004], [95.60506000000001, 27.70266], [95.59778000000001, 27.703190000000003]]]}}, {"id": "327", "type": "Feature", "properties": {"village_name": "Kula Pathar", "vil_lgd": 290136, "district_name": "Tinsukia", "dist_lgd": 302, "subdistrict_name": "Doom Dooma", "sdcode": 2060, "block_name": "Saikhowa", "block_lgd": 92.0, "gp_name": "MEGELA", "state_name": "ASSAM", "state_lgd": 18, "population": 117, "households": 24}, "geometry": {"type": "Polygon", "coordinates": [[[95.60922000000001, 27.698190000000004], [95.60595, 27.698850000000004], [95.60045000000001, 27.698320000000002], [95.59778000000001, 27.703190000000003], [95.60506000000001, 27.70266], [95.60833000000001, 27.702790000000004], [95.60922000000001, 27.698190000000004]]]}}, {"id": "328", "type": "Feature", "properties": {"village_name": "Kakapathar", "vil_lgd": 290375, "district_name": "Tinsukia", "dist_lgd": 302, "subdistrict_name": "Doom Dooma", "sdcode": 2060, "block_name": "Kakapathar", "block_lgd": 94.0, "gp_name": "KAKAPATHER", "state_name": "ASSAM", "state_lgd": 18, "population": 939, "households": 190}, "geometry": {"type": "Polygon", "coordinates": [[[95.64886000000001, 27.631100000000004], [95.65674000000001, 27.633860000000002], [95.66774000000001, 27.635140000000003], [95.66864000000001, 27.631000000000004], [95.67256, 27.625930000000004], [95.65765, 27.626330000000003], [95.64702000000001, 27.625680000000003], [95.64426, 27.62544], [95.64304000000001, 27.628200000000003], [95.64199, 27.634870000000003], [95.64274, 27.63847], [95.64411000000001, 27.63492], [95.64886000000001, 27.631100000000004]]]}}, {"id": "329", "type": "Feature", "properties": {"village_name": "Kumchang T E", "vil_lgd": 290403, "district_name": "Tinsukia", "dist_lgd": 302, "subdistrict_name": "Doom Dooma", "sdcode": 2060, "block_name": "Kakapathar", "block_lgd": 94.0, "gp_name": "KUMSONG", "state_name": "ASSAM", "state_lgd": 18, "population": 282, "households": 57}, "geometry": {"type": "Polygon", "coordinates": [[[95.64426, 27.62544], [95.64702000000001, 27.625680000000003], [95.64931000000001, 27.62123], [95.65584000000001, 27.618990000000004], [95.6563, 27.613120000000002], [95.64871000000001, 27.617150000000002], [95.63906000000001, 27.61952], [95.63995000000001, 27.62254], [95.63895000000001, 27.62506], [95.64304000000001, 27.628200000000003], [95.64426, 27.62544]]]}}, {"id": "330", "type": "Feature", "properties": {"village_name": "Bordubi T E", "vil_lgd": 290433, "district_name": "Tinsukia", "dist_lgd": 302, "subdistrict_name": "Doom Dooma", "sdcode": 2060, "block_name": "Kakapathar", "block_lgd": 94.0, "gp_name": "BORDUBI", "state_name": "ASSAM", "state_lgd": 18, "population": 0, "households": 0}, "geometry": {"type": "Polygon", "coordinates": [[[95.60888000000001, 27.578350000000004], [95.60699000000001, 27.578570000000003], [95.59231000000001, 27.57822], [95.59593000000001, 27.581290000000003], [95.59969000000001, 27.587960000000002], [95.60385000000001, 27.589900000000004], [95.61574, 27.589370000000002], [95.61355, 27.585030000000003], [95.60888000000001, 27.578350000000004]]]}}, {"id": "331", "type": "Feature", "properties": {"village_name": "Bor Pathar", "vil_lgd": 290132, "district_name": "Tinsukia", "dist_lgd": 302, "subdistrict_name": "Doom Dooma", "sdcode": 2060, "block_name": "Saikhowa", "block_lgd": 92.0, "gp_name": "MEGELA", "state_name": "ASSAM", "state_lgd": 18, "population": 857, "households": 147}, "geometry": {"type": "Polygon", "coordinates": [[[95.62687000000001, 27.704420000000002], [95.62883000000001, 27.700820000000004], [95.62883000000001, 27.697930000000003], [95.62630000000001, 27.69227], [95.61843, 27.693980000000003], [95.61724000000001, 27.69582], [95.60922000000001, 27.698190000000004], [95.60833000000001, 27.702790000000004], [95.61011, 27.70727], [95.61189, 27.706210000000002], [95.6165, 27.706080000000004], [95.62289000000001, 27.708050000000004], [95.626, 27.705820000000003], [95.62687000000001, 27.704420000000002]]]}}, {"id": "332", "type": "Feature", "properties": {"village_name": "Hatikhowa", "vil_lgd": 290107, "district_name": "Tinsukia", "dist_lgd": 302, "subdistrict_name": "Doom Dooma", "sdcode": 2060, "block_name": "Saikhowa", "block_lgd": 92.0, "gp_name": "DHOLA DHADUM", "state_name": "ASSAM", "state_lgd": 18, "population": 191, "households": 31}, "geometry": {"type": "Polygon", "coordinates": [[[95.54906000000001, 27.72633], [95.54401000000001, 27.72791], [95.54090000000001, 27.73308], [95.54594, 27.733700000000002], [95.55351, 27.736330000000002], [95.5596, 27.7358], [95.55856000000001, 27.730670000000003], [95.55648000000001, 27.72633], [95.54906000000001, 27.72633]]]}}, {"id": "333", "type": "Feature", "properties": {"village_name": "Dhala Gaon", "vil_lgd": 290106, "district_name": "Tinsukia", "dist_lgd": 302, "subdistrict_name": "Doom Dooma", "sdcode": 2060, "block_name": "Saikhowa", "block_lgd": 92.0, "gp_name": "DHALA", "state_name": "ASSAM", "state_lgd": 18, "population": 332, "households": 63}, "geometry": {"type": "Polygon", "coordinates": [[[95.55648000000001, 27.72633], [95.55856000000001, 27.730670000000003], [95.5596, 27.7358], [95.56911000000001, 27.735280000000003], [95.57089, 27.728830000000002], [95.56332, 27.726470000000003], [95.55648000000001, 27.72633]]]}}, {"id": "334", "type": "Feature", "properties": {"village_name": "Ahom Gaon", "vil_lgd": 290127, "district_name": "Tinsukia", "dist_lgd": 302, "subdistrict_name": "Doom Dooma", "sdcode": 2060, "block_name": "Saikhowa", "block_lgd": 92.0, "gp_name": "DHOLA DHADUM", "state_name": "ASSAM", "state_lgd": 18, "population": 1115, "households": 243}, "geometry": {"type": "Polygon", "coordinates": [[[95.56673, 27.710820000000002], [95.56361000000001, 27.711740000000002], [95.55351, 27.71516], [95.55173, 27.71647], [95.55619, 27.72173], [95.55648000000001, 27.72633], [95.56332, 27.726470000000003], [95.57089, 27.728830000000002], [95.57238000000001, 27.726070000000004], [95.57327000000001, 27.721470000000004], [95.57238000000001, 27.71121], [95.56673, 27.710820000000002]]]}}, {"id": "335", "type": "Feature", "properties": {"village_name": "Megala Gaon", "vil_lgd": 290129, "district_name": "Tinsukia", "dist_lgd": 302, "subdistrict_name": "Doom Dooma", "sdcode": 2060, "block_name": "Saikhowa", "block_lgd": 92.0, "gp_name": "MEGELA", "state_name": "ASSAM", "state_lgd": 18, "population": 1297, "households": 263}, "geometry": {"type": "Polygon", "coordinates": [[[95.58887000000001, 27.70398], [95.57312, 27.706210000000002], [95.57238000000001, 27.71121], [95.57327000000001, 27.721470000000004], [95.58114, 27.718310000000002], [95.58708000000001, 27.71647], [95.59006000000001, 27.7145], [95.59273, 27.70963], [95.59778000000001, 27.703190000000003], [95.58887000000001, 27.70398]]]}}, {"id": "336", "type": "Feature", "properties": {"village_name": "Megala Gaon", "vil_lgd": 290138, "district_name": "Tinsukia", "dist_lgd": 302, "subdistrict_name": "Doom Dooma", "sdcode": 2060, "block_name": "Saikhowa", "block_lgd": 92.0, "gp_name": "MEGELA", "state_name": "ASSAM", "state_lgd": 18, "population": 1412, "households": 271}, "geometry": {"type": "Polygon", "coordinates": [[[95.59778000000001, 27.703190000000003], [95.60045000000001, 27.698320000000002], [95.60283000000001, 27.690830000000002], [95.59585000000001, 27.689120000000003], [95.58649000000001, 27.688850000000002], [95.58040000000001, 27.689120000000003], [95.57386000000001, 27.69122], [95.5755, 27.697010000000002], [95.57312, 27.706210000000002], [95.58887000000001, 27.70398], [95.59778000000001, 27.703190000000003]]]}}, {"id": "337", "type": "Feature", "properties": {"village_name": "Bor Pathar", "vil_lgd": 290131, "district_name": "Tinsukia", "dist_lgd": 302, "subdistrict_name": "Doom Dooma", "sdcode": 2060, "block_name": "Saikhowa", "block_lgd": 92.0, "gp_name": "MEGELA", "state_name": "ASSAM", "state_lgd": 18, "population": 613, "households": 103}, "geometry": {"type": "Polygon", "coordinates": [[[95.61635000000001, 27.68644], [95.61359, 27.688710000000004], [95.61843, 27.693980000000003], [95.62224, 27.68972], [95.61635000000001, 27.68644]]]}}, {"id": "338", "type": "Feature", "properties": {"village_name": "Kula Pathar", "vil_lgd": 290137, "district_name": "Tinsukia", "dist_lgd": 302, "subdistrict_name": "Doom Dooma", "sdcode": 2060, "block_name": "Saikhowa", "block_lgd": 92.0, "gp_name": "MEGELA", "state_name": "ASSAM", "state_lgd": 18, "population": 335, "households": 65}, "geometry": {"type": "Polygon", "coordinates": [[[95.61521, 27.682650000000002], [95.6127, 27.684030000000003], [95.60570000000001, 27.68795], [95.60283000000001, 27.690830000000002], [95.60045000000001, 27.698320000000002], [95.60595, 27.698850000000004], [95.60922000000001, 27.698190000000004], [95.61724000000001, 27.69582], [95.61843, 27.693980000000003], [95.61359, 27.688710000000004], [95.61635000000001, 27.68644], [95.61521, 27.682650000000002]]]}}, {"id": "339", "type": "Feature", "properties": {"village_name": "Borali Gaon", "vil_lgd": 290322, "district_name": "Tinsukia", "dist_lgd": 302, "subdistrict_name": "Doom Dooma", "sdcode": 2060, "block_name": "Kakapathar", "block_lgd": 94.0, "gp_name": "KAKOPATHER", "state_name": "ASSAM", "state_lgd": 18, "population": 1151, "households": 216}, "geometry": {"type": "Polygon", "coordinates": [[[95.60855000000001, 27.67979], [95.60541, 27.683740000000004], [95.6127, 27.684030000000003], [95.61521, 27.682650000000002], [95.61825, 27.67979], [95.61017000000001, 27.67979], [95.60855000000001, 27.67979]]]}}, {"id": "340", "type": "Feature", "properties": {"village_name": "Lukhorang N C", "vil_lgd": 290172, "district_name": "Tinsukia", "dist_lgd": 302, "subdistrict_name": "Doom Dooma", "sdcode": 2060, "block_name": "Saikhowa", "block_lgd": 92.0, "gp_name": "MEGELA", "state_name": "ASSAM", "state_lgd": 18, "population": 132, "households": 26}, "geometry": {"type": "Polygon", "coordinates": [[[95.60038, 27.680210000000002], [95.59923, 27.682650000000002], [95.60541, 27.683740000000004], [95.60855000000001, 27.67979], [95.60541, 27.679360000000003], [95.60038, 27.680210000000002]]]}}, {"id": "341", "type": "Feature", "properties": {"village_name": "Salaguri Gaon", "vil_lgd": 290168, "district_name": "Tinsukia", "dist_lgd": 302, "subdistrict_name": "Doom Dooma", "sdcode": 2060, "block_name": "Saikhowa", "block_lgd": 92.0, "gp_name": "MEGELA", "state_name": "ASSAM", "state_lgd": 18, "population": 702, "households": 134}, "geometry": {"type": "Polygon", "coordinates": [[[95.6127, 27.684030000000003], [95.60541, 27.683740000000004], [95.59923, 27.682650000000002], [95.59372, 27.682140000000004], [95.58821, 27.682990000000004], [95.58364, 27.684330000000003], [95.57223, 27.687700000000003], [95.57386000000001, 27.69122], [95.58040000000001, 27.689120000000003], [95.58649000000001, 27.688850000000002], [95.59585000000001, 27.689120000000003], [95.60283000000001, 27.690830000000002], [95.60570000000001, 27.68795], [95.6127, 27.684030000000003]]]}}, {"id": "342", "type": "Feature", "properties": {"village_name": "Lukhrong Pathar", "vil_lgd": 290169, "district_name": "Tinsukia", "dist_lgd": 302, "subdistrict_name": "Doom Dooma", "sdcode": 2060, "block_name": "Saikhowa", "block_lgd": 92.0, "gp_name": "MEGELA", "state_name": "ASSAM", "state_lgd": 18, "population": 1015, "households": 202}, "geometry": {"type": "Polygon", "coordinates": [[[95.58203, 27.67827], [95.56986, 27.680290000000003], [95.57090000000001, 27.684580000000004], [95.57223, 27.687700000000003], [95.58364, 27.684330000000003], [95.58393000000001, 27.681220000000003], [95.58326000000001, 27.678860000000004], [95.58203, 27.67827]]]}}, {"id": "343", "type": "Feature", "properties": {"village_name": "Lukhrong Gaon", "vil_lgd": 290170, "district_name": "Tinsukia", "dist_lgd": 302, "subdistrict_name": "Doom Dooma", "sdcode": 2060, "block_name": "Saikhowa", "block_lgd": 92.0, "gp_name": "MEGELA", "state_name": "ASSAM", "state_lgd": 18, "population": 485, "households": 96}, "geometry": {"type": "Polygon", "coordinates": [[[95.59952000000001, 27.66749], [95.59305, 27.668840000000003], [95.58916, 27.672800000000002], [95.58716000000001, 27.676250000000003], [95.58326000000001, 27.678860000000004], [95.58393000000001, 27.681220000000003], [95.58745, 27.681050000000003], [95.59667, 27.67676], [95.60884000000001, 27.66935], [95.60437, 27.668170000000003], [95.59952000000001, 27.66749]]]}}, {"id": "344", "type": "Feature", "properties": {"village_name": "Uvota", "vil_lgd": 290171, "district_name": "Tinsukia", "dist_lgd": 302, "subdistrict_name": "Doom Dooma", "sdcode": 2060, "block_name": "Saikhowa", "block_lgd": 92.0, "gp_name": "KAKAPATHAR", "state_name": "ASSAM", "state_lgd": 18, "population": 377, "households": 70}, "geometry": {"type": "Polygon", "coordinates": [[[95.59372, 27.682140000000004], [95.59923, 27.682650000000002], [95.60038, 27.680210000000002], [95.60541, 27.679360000000003], [95.60855000000001, 27.67979], [95.61017000000001, 27.67979], [95.61825, 27.67979], [95.62215, 27.679700000000004], [95.61967000000001, 27.672800000000002], [95.61483000000001, 27.67246], [95.61483000000001, 27.670270000000002], [95.61625000000001, 27.668590000000002], [95.60884000000001, 27.66935], [95.59667, 27.67676], [95.58745, 27.681050000000003], [95.58393000000001, 27.681220000000003], [95.58364, 27.684330000000003], [95.58821, 27.682990000000004], [95.59372, 27.682140000000004]]]}}, {"id": "345", "type": "Feature", "properties": {"village_name": "Kakapatar Town", "vil_lgd": 290386, "district_name": "Tinsukia", "dist_lgd": 302, "subdistrict_name": "Doom Dooma", "sdcode": 2060, "block_name": "Kakapathar", "block_lgd": 94.0, "gp_name": "KAKOPATHER", "state_name": "ASSAM", "state_lgd": 18, "population": 4374, "households": 819}, "geometry": {"type": "Polygon", "coordinates": [[[95.61262, 27.60359], [95.61024, 27.60556], [95.61053000000001, 27.609600000000004], [95.61128000000001, 27.611220000000003], [95.61699, 27.61352], [95.62015000000001, 27.61285], [95.61915, 27.609650000000002], [95.61574, 27.60714], [95.61262, 27.60359]]]}}, {"id": "346", "type": "Feature", "properties": {"village_name": "Cheleng Guri", "vil_lgd": 290390, "district_name": "Tinsukia", "dist_lgd": 302, "subdistrict_name": "Doom Dooma", "sdcode": 2060, "block_name": "Kakapathar", "block_lgd": 94.0, "gp_name": "KUMSONG", "state_name": "ASSAM", "state_lgd": 18, "population": 1800, "households": 388}, "geometry": {"type": "Polygon", "coordinates": [[[95.61699, 27.61352], [95.61128000000001, 27.611220000000003], [95.61053000000001, 27.609600000000004], [95.60609000000001, 27.608580000000003], [95.59836000000001, 27.608200000000004], [95.59642000000001, 27.611490000000003], [95.59212000000001, 27.61557], [95.59672, 27.62018], [95.60058000000001, 27.623260000000002], [95.61021000000001, 27.621660000000002], [95.61608000000001, 27.617790000000003], [95.61699, 27.61352]]]}}, {"id": "347", "type": "Feature", "properties": {"village_name": "Bordubi T E", "vil_lgd": 290425, "district_name": "Tinsukia", "dist_lgd": 302, "subdistrict_name": "Doom Dooma", "sdcode": 2060, "block_name": "Kakapathar", "block_lgd": 94.0, "gp_name": "BORDUBI", "state_name": "ASSAM", "state_lgd": 18, "population": 311, "households": 72}, "geometry": {"type": "Polygon", "coordinates": [[[95.60385000000001, 27.589900000000004], [95.60281, 27.593190000000003], [95.60727000000001, 27.60056], [95.61262, 27.60359], [95.61574, 27.60714], [95.61871000000001, 27.60096], [95.61871000000001, 27.59898], [95.61648000000001, 27.596090000000004], [95.61128000000001, 27.59345], [95.60385000000001, 27.589900000000004]]]}}, {"id": "348", "type": "Feature", "properties": {"village_name": "Dangari Pathar", "vil_lgd": 290195, "district_name": "Tinsukia", "dist_lgd": 302, "subdistrict_name": "Doom Dooma", "sdcode": 2060, "block_name": "Saikhowa", "block_lgd": 92.0, "gp_name": "DANGRI", "state_name": "ASSAM", "state_lgd": 18, "population": 6, "households": 1}, "geometry": {"type": "Polygon", "coordinates": [[[95.54191, 27.71779], [95.53493, 27.719800000000003], [95.53157, 27.721140000000002], [95.53499000000001, 27.72274], [95.53946, 27.725350000000002], [95.54041000000001, 27.72678], [95.54022, 27.73166], [95.53846000000001, 27.73279], [95.54090000000001, 27.73308], [95.54401000000001, 27.72791], [95.54906000000001, 27.72633], [95.54280000000001, 27.721870000000003], [95.54191, 27.71779]]]}}, {"id": "349", "type": "Feature", "properties": {"village_name": "Tirowal Pathar Gaon", "vil_lgd": 290125, "district_name": "Tinsukia", "dist_lgd": 302, "subdistrict_name": "Doom Dooma", "sdcode": 2060, "block_name": "Saikhowa", "block_lgd": 92.0, "gp_name": "DHALA DHADUM", "state_name": "ASSAM", "state_lgd": 18, "population": 407, "households": 75}, "geometry": {"type": "Polygon", "coordinates": [[[95.54547000000001, 27.714900000000004], [95.54191, 27.71779], [95.54280000000001, 27.721870000000003], [95.54906000000001, 27.72633], [95.55648000000001, 27.72633], [95.55619, 27.72173], [95.55173, 27.71647], [95.54547000000001, 27.714900000000004]]]}}, {"id": "350", "type": "Feature", "properties": {"village_name": "Bar Dhadum Gaon", "vil_lgd": 290128, "district_name": "Tinsukia", "dist_lgd": 302, "subdistrict_name": "Doom Dooma", "sdcode": 2060, "block_name": "Saikhowa", "block_lgd": 92.0, "gp_name": "DHALA DHADUM", "state_name": "ASSAM", "state_lgd": 18, "population": 621, "households": 109}, "geometry": {"type": "Polygon", "coordinates": [[[95.56673, 27.710820000000002], [95.57238000000001, 27.71121], [95.57312, 27.706210000000002], [95.55453000000001, 27.705700000000004], [95.55112000000001, 27.71056], [95.54547000000001, 27.714900000000004], [95.55173, 27.71647], [95.55351, 27.71516], [95.56361000000001, 27.711740000000002], [95.56673, 27.710820000000002]]]}}, {"id": "351", "type": "Feature", "properties": {"village_name": "Sarudhadum Gaon", "vil_lgd": 290139, "district_name": "Tinsukia", "dist_lgd": 302, "subdistrict_name": "Doom Dooma", "sdcode": 2060, "block_name": "Saikhowa", "block_lgd": 92.0, "gp_name": "DHOLLA DHADUM", "state_name": "ASSAM", "state_lgd": 18, "population": 1172, "households": 236}, "geometry": {"type": "Polygon", "coordinates": [[[95.56986, 27.680290000000003], [95.56716, 27.680570000000003], [95.56493, 27.68399], [95.55825, 27.690310000000004], [95.54993, 27.69872], [95.54547000000001, 27.700830000000003], [95.55008000000001, 27.70399], [95.55453000000001, 27.705700000000004], [95.57312, 27.706210000000002], [95.5755, 27.697010000000002], [95.57386000000001, 27.69122], [95.57223, 27.687700000000003], [95.57090000000001, 27.684580000000004], [95.56986, 27.680290000000003]]]}}, {"id": "352", "type": "Feature", "properties": {"village_name": "Chengeli Gaon", "vil_lgd": 290167, "district_name": "Tinsukia", "dist_lgd": 302, "subdistrict_name": "Doom Dooma", "sdcode": 2060, "block_name": "Saikhowa", "block_lgd": 92.0, "gp_name": "MEGELA", "state_name": "ASSAM", "state_lgd": 18, "population": 344, "households": 64}, "geometry": {"type": "Polygon", "coordinates": [[[95.55661, 27.678200000000004], [95.54978000000001, 27.685570000000002], [95.55468, 27.687540000000002], [95.55825, 27.690310000000004], [95.56493, 27.68399], [95.56716, 27.680570000000003], [95.56137000000001, 27.67913], [95.55661, 27.678200000000004]]]}}, {"id": "353", "type": "Feature", "properties": {"village_name": "Bihia Gaon", "vil_lgd": 290140, "district_name": "Tinsukia", "dist_lgd": 302, "subdistrict_name": "Doom Dooma", "sdcode": 2060, "block_name": "Saikhowa", "block_lgd": 92.0, "gp_name": "DANGRI", "state_name": "ASSAM", "state_lgd": 18, "population": 723, "households": 142}, "geometry": {"type": "Polygon", "coordinates": [[[95.54978000000001, 27.685570000000002], [95.54428000000001, 27.690440000000002], [95.54220000000001, 27.69215], [95.54206, 27.69412], [95.54206, 27.695960000000003], [95.54547000000001, 27.700830000000003], [95.54993, 27.69872], [95.55825, 27.690310000000004], [95.55468, 27.687540000000002], [95.54978000000001, 27.685570000000002]]]}}, {"id": "354", "type": "Feature", "properties": {"village_name": "Dangari Gaon", "vil_lgd": 290141, "district_name": "Tinsukia", "dist_lgd": 302, "subdistrict_name": "Doom Dooma", "sdcode": 2060, "block_name": "Saikhowa", "block_lgd": 92.0, "gp_name": "DANGRI", "state_name": "ASSAM", "state_lgd": 18, "population": 553, "households": 100}, "geometry": {"type": "Polygon", "coordinates": [[[95.54206, 27.695960000000003], [95.53760000000001, 27.70043], [95.53255000000001, 27.70372], [95.53507, 27.707670000000004], [95.53285000000001, 27.71648], [95.53493, 27.719800000000003], [95.54191, 27.71779], [95.54547000000001, 27.714900000000004], [95.55112000000001, 27.71056], [95.55453000000001, 27.705700000000004], [95.55008000000001, 27.70399], [95.54547000000001, 27.700830000000003], [95.54206, 27.695960000000003]]]}}, {"id": "355", "type": "Feature", "properties": {"village_name": "Dhanjan T E", "vil_lgd": 290114, "district_name": "Tinsukia", "dist_lgd": 302, "subdistrict_name": "Doom Dooma", "sdcode": 2060, "block_name": "Saikhowa", "block_lgd": 92.0, "gp_name": "DANGARI", "state_name": "ASSAM", "state_lgd": 18, "population": 99, "households": 18}, "geometry": {"type": "Polygon", "coordinates": [[[95.52616, 27.71543], [95.52575, 27.718470000000003], [95.53157, 27.721140000000002], [95.53493, 27.719800000000003], [95.53285000000001, 27.71648], [95.52616, 27.71543]]]}}, {"id": "356", "type": "Feature", "properties": {"village_name": "Tipuk T E", "vil_lgd": 290186, "district_name": "Tinsukia", "dist_lgd": 302, "subdistrict_name": "Doom Dooma", "sdcode": 2060, "block_name": "Saikhowa", "block_lgd": 92.0, "gp_name": "TIPUK", "state_name": "ASSAM", "state_lgd": 18, "population": 2098, "households": 414}, "geometry": {"type": "Polygon", "coordinates": [[[95.53255000000001, 27.70372], [95.53002000000001, 27.704120000000003], [95.52958000000001, 27.70662], [95.52616, 27.71543], [95.53285000000001, 27.71648], [95.53507, 27.707670000000004], [95.53255000000001, 27.70372]]]}}, {"id": "357", "type": "Feature", "properties": {"village_name": "Khagarijan Khagarijan", "vil_lgd": 290111, "district_name": "Tinsukia", "dist_lgd": 302, "subdistrict_name": "Doom Dooma", "sdcode": 2060, "block_name": "Saikhowa", "block_lgd": 92.0, "gp_name": "DANGARI", "state_name": "ASSAM", "state_lgd": 18, "population": 688, "households": 135}, "geometry": {"type": "Polygon", "coordinates": [[[95.53002000000001, 27.704120000000003], [95.52512, 27.70662], [95.51933000000001, 27.707670000000004], [95.51213000000001, 27.717730000000003], [95.52468, 27.718230000000002], [95.52575, 27.718470000000003], [95.52616, 27.71543], [95.52958000000001, 27.70662], [95.53002000000001, 27.704120000000003]]]}}, {"id": "358", "type": "Feature", "properties": {"village_name": "Lawpati Gaon", "vil_lgd": 290113, "district_name": "Tinsukia", "dist_lgd": 302, "subdistrict_name": "Doom Dooma", "sdcode": 2060, "block_name": "Saikhowa", "block_lgd": 92.0, "gp_name": "DANGORI", "state_name": "ASSAM", "state_lgd": 18, "population": 502, "households": 96}, "geometry": {"type": "Polygon", "coordinates": [[[95.51933000000001, 27.707670000000004], [95.5186, 27.70774], [95.50804000000001, 27.70885], [95.49587000000001, 27.713310000000003], [95.49744000000001, 27.716590000000004], [95.51213000000001, 27.717730000000003], [95.51933000000001, 27.707670000000004]]]}}, {"id": "359", "type": "Feature", "properties": {"village_name": "Khari Gaon", "vil_lgd": 290142, "district_name": "Tinsukia", "dist_lgd": 302, "subdistrict_name": "Doom Dooma", "sdcode": 2060, "block_name": "Saikhowa", "block_lgd": 92.0, "gp_name": "TALAP", "state_name": "ASSAM", "state_lgd": 18, "population": 693, "households": 131}, "geometry": {"type": "Polygon", "coordinates": [[[95.53656000000001, 27.69452], [95.52913000000001, 27.69649], [95.52081000000001, 27.69741], [95.5186, 27.70774], [95.51933000000001, 27.707670000000004], [95.52512, 27.70662], [95.53002000000001, 27.704120000000003], [95.53255000000001, 27.70372], [95.53760000000001, 27.70043], [95.54206, 27.695960000000003], [95.54206, 27.69412], [95.53656000000001, 27.69452]]]}}, {"id": "360", "type": "Feature", "properties": {"village_name": "Tenga Gaon", "vil_lgd": 290166, "district_name": "Tinsukia", "dist_lgd": 302, "subdistrict_name": "Doom Dooma", "sdcode": 2060, "block_name": "Saikhowa", "block_lgd": 92.0, "gp_name": "TALAP", "state_name": "ASSAM", "state_lgd": 18, "population": 2077, "households": 427}, "geometry": {"type": "Polygon", "coordinates": [[[95.54636, 27.67781], [95.53745, 27.679910000000003], [95.53715000000001, 27.68531], [95.53656000000001, 27.69452], [95.54206, 27.69412], [95.54220000000001, 27.69215], [95.54428000000001, 27.690440000000002], [95.54562000000001, 27.686890000000002], [95.54636, 27.67781]]]}}, {"id": "361", "type": "Feature", "properties": {"village_name": "Era Gaon", "vil_lgd": 290143, "district_name": "Tinsukia", "dist_lgd": 302, "subdistrict_name": "Doom Dooma", "sdcode": 2060, "block_name": "Saikhowa", "block_lgd": 92.0, "gp_name": "TALAP", "state_name": "ASSAM", "state_lgd": 18, "population": 1471, "households": 274}, "geometry": {"type": "Polygon", "coordinates": [[[95.53745, 27.679910000000003], [95.52631000000001, 27.68176], [95.52334, 27.682150000000004], [95.52081000000001, 27.69741], [95.52913000000001, 27.69649], [95.53656000000001, 27.69452], [95.53715000000001, 27.68531], [95.53745, 27.679910000000003]]]}}, {"id": "362", "type": "Feature", "properties": {"village_name": "Samaguri Habi Gaon", "vil_lgd": 290124, "district_name": "Tinsukia", "dist_lgd": 302, "subdistrict_name": "Doom Dooma", "sdcode": 2060, "block_name": "Saikhowa", "block_lgd": 92.0, "gp_name": "TALAP", "state_name": "ASSAM", "state_lgd": 18, "population": 655, "households": 123}, "geometry": {"type": "Polygon", "coordinates": [[[95.49363000000001, 27.699510000000004], [95.49088, 27.703590000000002], [95.49587000000001, 27.713310000000003], [95.50804000000001, 27.70885], [95.5186, 27.70774], [95.52081000000001, 27.69741], [95.50833, 27.6978], [95.49363000000001, 27.699510000000004]]]}}, {"id": "363", "type": "Feature", "properties": {"village_name": "Laina Gaon", "vil_lgd": 290146, "district_name": "Tinsukia", "dist_lgd": 302, "subdistrict_name": "Doom Dooma", "sdcode": 2060, "block_name": "Saikhowa", "block_lgd": 92.0, "gp_name": "DANGARI", "state_name": "ASSAM", "state_lgd": 18, "population": 1262, "households": 234}, "geometry": {"type": "Polygon", "coordinates": [[[95.48331, 27.69132], [95.48061000000001, 27.692100000000003], [95.47847, 27.69424], [95.48389, 27.696900000000003], [95.49088, 27.703590000000002], [95.49363000000001, 27.699510000000004], [95.49155, 27.69609], [95.49138, 27.694490000000002], [95.49140000000001, 27.690310000000004], [95.48331, 27.69132]]]}}, {"id": "364", "type": "Feature", "properties": {"village_name": "Chamguri Gaon", "vil_lgd": 290144, "district_name": "Tinsukia", "dist_lgd": 302, "subdistrict_name": "Doom Dooma", "sdcode": 2060, "block_name": "Saikhowa", "block_lgd": 92.0, "gp_name": "HATIJAN", "state_name": "ASSAM", "state_lgd": 18, "population": 2097, "households": 398}, "geometry": {"type": "Polygon", "coordinates": [[[95.52334, 27.682150000000004], [95.52245, 27.678600000000003], [95.51710000000001, 27.67676], [95.50744, 27.67939], [95.51294000000001, 27.681230000000003], [95.51636, 27.684520000000003], [95.51502, 27.687810000000002], [95.5116, 27.690700000000003], [95.50403000000001, 27.69346], [95.49155, 27.69609], [95.49363000000001, 27.699510000000004], [95.50833, 27.6978], [95.52081000000001, 27.69741], [95.52334, 27.682150000000004]]]}}, {"id": "365", "type": "Feature", "properties": {"village_name": "Khowang Gaon", "vil_lgd": 290145, "district_name": "Tinsukia", "dist_lgd": 302, "subdistrict_name": "Doom Dooma", "sdcode": 2060, "block_name": "Saikhowa", "block_lgd": 92.0, "gp_name": "KHUBENG", "state_name": "ASSAM", "state_lgd": 18, "population": 1643, "households": 334}, "geometry": {"type": "Polygon", "coordinates": [[[95.50744, 27.67939], [95.507, 27.682810000000003], [95.50210000000001, 27.6886], [95.49779000000001, 27.691750000000003], [95.49138, 27.694490000000002], [95.49155, 27.69609], [95.50403000000001, 27.69346], [95.5116, 27.690700000000003], [95.51502, 27.687810000000002], [95.51636, 27.684520000000003], [95.51294000000001, 27.681230000000003], [95.50744, 27.67939]]]}}, {"id": "366", "type": "Feature", "properties": {"village_name": "Laina T E", "vil_lgd": 290162, "district_name": "Tinsukia", "dist_lgd": 302, "subdistrict_name": "Doom Dooma", "sdcode": 2060, "block_name": "Saikhowa", "block_lgd": 92.0, "gp_name": "GAKHIR BHETI", "state_name": "ASSAM", "state_lgd": 18, "population": 1727, "households": 308}, "geometry": {"type": "Polygon", "coordinates": [[[95.50744, 27.67939], [95.50254000000001, 27.681490000000004], [95.49452000000001, 27.676890000000004], [95.49259, 27.677680000000002], [95.49095000000001, 27.681890000000003], [95.48991000000001, 27.686490000000003], [95.49140000000001, 27.690310000000004], [95.49138, 27.694490000000002], [95.49779000000001, 27.691750000000003], [95.50210000000001, 27.6886], [95.507, 27.682810000000003], [95.50744, 27.67939]]]}}, {"id": "367", "type": "Feature", "properties": {"village_name": "Talap Town", "vil_lgd": 290175, "district_name": "Tinsukia", "dist_lgd": 302, "subdistrict_name": "Doom Dooma", "sdcode": 2060, "block_name": "Saikhowa", "block_lgd": 92.0, "gp_name": "TALAP", "state_name": "ASSAM", "state_lgd": 18, "population": 2674, "households": 485}, "geometry": {"type": "Polygon", "coordinates": [[[95.53775, 27.652810000000002], [95.53923, 27.655970000000003], [95.53894000000001, 27.662290000000002], [95.53656000000001, 27.67097], [95.53448, 27.67518], [95.52987, 27.67715], [95.52631000000001, 27.68176], [95.53745, 27.679910000000003], [95.54636, 27.67781], [95.54933000000001, 27.664790000000004], [95.54904, 27.65623], [95.54369000000001, 27.654000000000003], [95.53775, 27.652810000000002]]]}}, {"id": "368", "type": "Feature", "properties": {"village_name": "Talap T E", "vil_lgd": 290189, "district_name": "Tinsukia", "dist_lgd": 302, "subdistrict_name": "Doom Dooma", "sdcode": 2060, "block_name": "Saikhowa", "block_lgd": 92.0, "gp_name": "RONGAJAN", "state_name": "ASSAM", "state_lgd": 18, "population": 668, "households": 123}, "geometry": {"type": "Polygon", "coordinates": [[[95.54933000000001, 27.664790000000004], [95.54636, 27.67781], [95.54562000000001, 27.686890000000002], [95.54428000000001, 27.690440000000002], [95.54978000000001, 27.685570000000002], [95.55661, 27.678200000000004], [95.55528000000001, 27.67518], [95.55780000000001, 27.669390000000003], [95.5584, 27.665840000000003], [95.54933000000001, 27.664790000000004]]]}}, {"id": "369", "type": "Feature", "properties": {"village_name": "Bojal Gaon", "vil_lgd": 290173, "district_name": "Tinsukia", "dist_lgd": 302, "subdistrict_name": "Doom Dooma", "sdcode": 2060, "block_name": "Saikhowa", "block_lgd": 92.0, "gp_name": "DHALA DHADUM", "state_name": "ASSAM", "state_lgd": 18, "population": 2978, "households": 605}, "geometry": {"type": "Polygon", "coordinates": [[[95.57474, 27.662940000000003], [95.56686, 27.665180000000003], [95.5584, 27.665840000000003], [95.55780000000001, 27.669390000000003], [95.55528000000001, 27.67518], [95.55661, 27.678200000000004], [95.56137000000001, 27.67913], [95.56716, 27.680570000000003], [95.56986, 27.680290000000003], [95.58203, 27.67827], [95.58038, 27.674780000000002], [95.58023000000001, 27.67057], [95.57756, 27.666890000000002], [95.57474, 27.662940000000003]]]}}, {"id": "370", "type": "Feature", "properties": {"village_name": "Uppar Lawpani N C", "vil_lgd": 290070, "district_name": "Tinsukia", "dist_lgd": 302, "subdistrict_name": "Doom Dooma", "sdcode": 2060, "block_name": "Saikhowa", "block_lgd": 92.0, "gp_name": "HAHKHATI", "state_name": "ASSAM", "state_lgd": 18, "population": 1812, "households": 312}, "geometry": {"type": "Polygon", "coordinates": [[[95.67733000000001, 27.741640000000004], [95.66991, 27.740450000000003], [95.66382, 27.737820000000003], [95.65342000000001, 27.7373], [95.65134, 27.73861], [95.64926000000001, 27.744400000000002], [95.6448, 27.74584], [95.63619000000001, 27.74611], [95.63425000000001, 27.749530000000004], [95.63633, 27.7511], [95.63693, 27.755440000000004], [95.63544, 27.760310000000004], [95.66084000000001, 27.758460000000003], [95.66857, 27.753470000000004], [95.67347000000001, 27.745710000000003], [95.67733000000001, 27.741640000000004]]]}}, {"id": "371", "type": "Feature", "properties": {"village_name": "Dangari T E", "vil_lgd": 290193, "district_name": "Tinsukia", "dist_lgd": 302, "subdistrict_name": "Doom Dooma", "sdcode": 2060, "block_name": "Saikhowa", "block_lgd": 92.0, "gp_name": "RONGALANGROM", "state_name": "ASSAM", "state_lgd": 18, "population": 2322, "households": 430}, "geometry": {"type": "Polygon", "coordinates": [[[95.59952000000001, 27.66749], [95.60437, 27.668170000000003], [95.60884000000001, 27.66935], [95.61625000000001, 27.668590000000002], [95.61744, 27.66035], [95.61609000000001, 27.65715], [95.60705, 27.649810000000002], [95.60660000000001, 27.647280000000002], [95.60014000000001, 27.647420000000004], [95.59865, 27.653080000000003], [95.59628000000001, 27.65518], [95.58632000000001, 27.65452], [95.57474, 27.655310000000004], [95.57474, 27.662940000000003], [95.57756, 27.666890000000002], [95.58023000000001, 27.67057], [95.58038, 27.674780000000002], [95.58203, 27.67827], [95.58326000000001, 27.678860000000004], [95.58716000000001, 27.676250000000003], [95.58916, 27.672800000000002], [95.59305, 27.668840000000003], [95.59952000000001, 27.66749]]]}}, {"id": "372", "type": "Feature", "properties": {"village_name": "Dangari T E", "vil_lgd": 290194, "district_name": "Tinsukia", "dist_lgd": 302, "subdistrict_name": "Doom Dooma", "sdcode": 2060, "block_name": "Saikhowa", "block_lgd": 92.0, "gp_name": "RONGAJAN", "state_name": "ASSAM", "state_lgd": 18, "population": 2393, "households": 477}, "geometry": {"type": "Polygon", "coordinates": [[[95.58172, 27.633070000000004], [95.57518, 27.639000000000003], [95.56612000000001, 27.645840000000003], [95.56761, 27.650180000000002], [95.57087000000001, 27.653470000000002], [95.57474, 27.655310000000004], [95.58632000000001, 27.65452], [95.59628000000001, 27.65518], [95.59865, 27.653080000000003], [95.60014000000001, 27.647420000000004], [95.59628000000001, 27.64729], [95.59063, 27.637680000000003], [95.58172, 27.633070000000004]]]}}, {"id": "373", "type": "Feature", "properties": {"village_name": "Upartalap", "vil_lgd": 290196, "district_name": "Tinsukia", "dist_lgd": 302, "subdistrict_name": "Doom Dooma", "sdcode": 2060, "block_name": "Saikhowa", "block_lgd": 92.0, "gp_name": "RONGAJAN", "state_name": "ASSAM", "state_lgd": 18, "population": 1018, "households": 157}, "geometry": {"type": "Polygon", "coordinates": [[[95.59212000000001, 27.61557], [95.58781, 27.621750000000002], [95.59048000000001, 27.624910000000003], [95.59182000000001, 27.633340000000004], [95.59063, 27.637680000000003], [95.59628000000001, 27.64729], [95.60014000000001, 27.647420000000004], [95.60660000000001, 27.647280000000002], [95.60660000000001, 27.63914], [95.59967, 27.627000000000002], [95.59967, 27.624460000000003], [95.60058000000001, 27.623260000000002], [95.59672, 27.62018], [95.59212000000001, 27.61557]]]}}, {"id": "374", "type": "Feature", "properties": {"village_name": "Upartalap", "vil_lgd": 290197, "district_name": "Tinsukia", "dist_lgd": 302, "subdistrict_name": "Doom Dooma", "sdcode": 2060, "block_name": "Saikhowa", "block_lgd": 92.0, "gp_name": "RONGAJAN", "state_name": "ASSAM", "state_lgd": 18, "population": 1152, "households": 231}, "geometry": {"type": "Polygon", "coordinates": [[[95.58781, 27.621750000000002], [95.58172, 27.633070000000004], [95.59063, 27.637680000000003], [95.59182000000001, 27.633340000000004], [95.59048000000001, 27.624910000000003], [95.58781, 27.621750000000002]]]}}, {"id": "375", "type": "Feature", "properties": {"village_name": "Halua Pathar N C", "vil_lgd": 290072, "district_name": "Tinsukia", "dist_lgd": 302, "subdistrict_name": "Doom Dooma", "sdcode": 2060, "block_name": "Saikhowa", "block_lgd": 92.0, "gp_name": "HAHKHATI", "state_name": "ASSAM", "state_lgd": 18, "population": 1133, "households": 210}, "geometry": {"type": "Polygon", "coordinates": [[[95.67555, 27.72875], [95.66575, 27.734270000000002], [95.66382, 27.737820000000003], [95.66991, 27.740450000000003], [95.67733000000001, 27.741640000000004], [95.68342000000001, 27.7298], [95.67555, 27.72875]]]}}, {"id": "376", "type": "Feature", "properties": {"village_name": "Dangari T E", "vil_lgd": 290192, "district_name": "Tinsukia", "dist_lgd": 302, "subdistrict_name": "Doom Dooma", "sdcode": 2060, "block_name": "Saikhowa", "block_lgd": 92.0, "gp_name": "RONGAJAN", "state_name": "ASSAM", "state_lgd": 18, "population": 1519, "households": 300}, "geometry": {"type": "Polygon", "coordinates": [[[95.56612000000001, 27.645840000000003], [95.56211, 27.64992], [95.55944000000001, 27.656760000000002], [95.55914000000001, 27.659390000000002], [95.55780000000001, 27.661230000000003], [95.55646, 27.661630000000002], [95.5584, 27.665840000000003], [95.56686, 27.665180000000003], [95.57474, 27.662940000000003], [95.57474, 27.655310000000004], [95.57087000000001, 27.653470000000002], [95.56761, 27.650180000000002], [95.56612000000001, 27.645840000000003]]]}}, {"id": "377", "type": "Feature", "properties": {"village_name": "Talap T E", "vil_lgd": 290191, "district_name": "Tinsukia", "dist_lgd": 302, "subdistrict_name": "Doom Dooma", "sdcode": 2060, "block_name": "Saikhowa", "block_lgd": 92.0, "gp_name": "KHABONG", "state_name": "ASSAM", "state_lgd": 18, "population": 1264, "households": 261}, "geometry": {"type": "Polygon", "coordinates": [[[95.55780000000001, 27.637420000000002], [95.55646, 27.643210000000003], [95.55646, 27.647150000000003], [95.55543, 27.649790000000003], [95.55424000000001, 27.65808], [95.55646, 27.661630000000002], [95.55780000000001, 27.661230000000003], [95.55914000000001, 27.659390000000002], [95.55944000000001, 27.656760000000002], [95.56211, 27.64992], [95.56612000000001, 27.645840000000003], [95.56196000000001, 27.63755], [95.55780000000001, 27.637420000000002]]]}}, {"id": "378", "type": "Feature", "properties": {"village_name": "Talap Gaon", "vil_lgd": 290394, "district_name": "Tinsukia", "dist_lgd": 302, "subdistrict_name": "Doom Dooma", "sdcode": 2060, "block_name": "Kakapathar", "block_lgd": 94.0, "gp_name": "RANGAJAN", "state_name": "ASSAM", "state_lgd": 18, "population": 1010, "households": 194}, "geometry": {"type": "Polygon", "coordinates": [[[95.56790000000001, 27.620040000000003], [95.56508000000001, 27.624390000000002], [95.55676000000001, 27.631490000000003], [95.55780000000001, 27.637420000000002], [95.56196000000001, 27.63755], [95.56612000000001, 27.645840000000003], [95.57518, 27.639000000000003], [95.57310000000001, 27.633730000000003], [95.5734, 27.625310000000002], [95.56998, 27.621620000000004], [95.56790000000001, 27.620040000000003]]]}}, {"id": "379", "type": "Feature", "properties": {"village_name": "Borjan Gaon", "vil_lgd": 290392, "district_name": "Tinsukia", "dist_lgd": 302, "subdistrict_name": "Doom Dooma", "sdcode": 2060, "block_name": "Kakapathar", "block_lgd": 94.0, "gp_name": "RANGAJAN", "state_name": "ASSAM", "state_lgd": 18, "population": 676, "households": 132}, "geometry": {"type": "Polygon", "coordinates": [[[95.58707000000001, 27.613200000000003], [95.57592000000001, 27.621360000000003], [95.5734, 27.625310000000002], [95.57310000000001, 27.633730000000003], [95.57518, 27.639000000000003], [95.58172, 27.633070000000004], [95.58781, 27.621750000000002], [95.59212000000001, 27.61557], [95.58707000000001, 27.613200000000003]]]}}, {"id": "380", "type": "Feature", "properties": {"village_name": "Talap Bagan Gaon", "vil_lgd": 290393, "district_name": "Tinsukia", "dist_lgd": 302, "subdistrict_name": "Doom Dooma", "sdcode": 2060, "block_name": "Kakapathar", "block_lgd": 94.0, "gp_name": "RANGAJAN", "state_name": "ASSAM", "state_lgd": 18, "population": 408, "households": 83}, "geometry": {"type": "Polygon", "coordinates": [[[95.57786, 27.61004], [95.57592000000001, 27.613860000000003], [95.57592000000001, 27.621360000000003], [95.58707000000001, 27.613200000000003], [95.58395, 27.61201], [95.57786, 27.61004]]]}}, {"id": "381", "type": "Feature", "properties": {"village_name": "Rangajan Gaon", "vil_lgd": 290395, "district_name": "Tinsukia", "dist_lgd": 302, "subdistrict_name": "Doom Dooma", "sdcode": 2060, "block_name": "Kakapathar", "block_lgd": 94.0, "gp_name": "RANGAJAN", "state_name": "ASSAM", "state_lgd": 18, "population": 1175, "households": 180}, "geometry": {"type": "Polygon", "coordinates": [[[95.56315000000001, 27.613730000000004], [95.55765000000001, 27.61438], [95.55468, 27.627810000000004], [95.55676000000001, 27.631490000000003], [95.56508000000001, 27.624390000000002], [95.56790000000001, 27.620040000000003], [95.56657000000001, 27.616880000000002], [95.56315000000001, 27.613730000000004]]]}}, {"id": "382", "type": "Feature", "properties": {"village_name": "Betoni Gaon", "vil_lgd": 290161, "district_name": "Tinsukia", "dist_lgd": 302, "subdistrict_name": "Doom Dooma", "sdcode": 2060, "block_name": "Saikhowa", "block_lgd": 92.0, "gp_name": "GAKHIR BHETI", "state_name": "ASSAM", "state_lgd": 18, "population": 993, "households": 179}, "geometry": {"type": "Polygon", "coordinates": [[[95.49140000000001, 27.690310000000004], [95.48991000000001, 27.686490000000003], [95.49095000000001, 27.681890000000003], [95.49259, 27.677680000000002], [95.49452000000001, 27.676890000000004], [95.49407000000001, 27.675440000000002], [95.48353, 27.67649], [95.47788000000001, 27.684520000000003], [95.48041, 27.688730000000003], [95.48331, 27.69132], [95.49140000000001, 27.690310000000004]]]}}, {"id": "383", "type": "Feature", "properties": {"village_name": "Na Gaon", "vil_lgd": 290160, "district_name": "Tinsukia", "dist_lgd": 302, "subdistrict_name": "Doom Dooma", "sdcode": 2060, "block_name": "Saikhowa", "block_lgd": 92.0, "gp_name": "GAKHIR BHETI", "state_name": "ASSAM", "state_lgd": 18, "population": 498, "households": 83}, "geometry": {"type": "Polygon", "coordinates": [[[95.47461000000001, 27.683860000000003], [95.47788000000001, 27.684520000000003], [95.48353, 27.67649], [95.46734000000001, 27.67742], [95.46526000000001, 27.680840000000003], [95.45605, 27.684780000000003], [95.46035, 27.690310000000004], [95.46332000000001, 27.688200000000002], [95.47045000000001, 27.68531], [95.47461000000001, 27.683860000000003]]]}}, {"id": "384", "type": "Feature", "properties": {"village_name": "Na Gaon Gakhir Bheti", "vil_lgd": 290154, "district_name": "Tinsukia", "dist_lgd": 302, "subdistrict_name": "Doom Dooma", "sdcode": 2060, "block_name": "Saikhowa", "block_lgd": 92.0, "gp_name": "GAKHIR BHETI", "state_name": "ASSAM", "state_lgd": 18, "population": 231, "households": 41}, "geometry": {"type": "Polygon", "coordinates": [[[95.48041, 27.671360000000004], [95.47699000000001, 27.67189], [95.47268000000001, 27.67123], [95.47149, 27.673730000000003], [95.46734000000001, 27.67742], [95.48353, 27.67649], [95.48412, 27.67413], [95.48293000000001, 27.672680000000003], [95.48041, 27.671360000000004]]]}}, {"id": "385", "type": "Feature", "properties": {"village_name": "Khowang", "vil_lgd": 290177, "district_name": "Tinsukia", "dist_lgd": 302, "subdistrict_name": "Doom Dooma", "sdcode": 2060, "block_name": "Saikhowa", "block_lgd": 92.0, "gp_name": "KHOBANG", "state_name": "ASSAM", "state_lgd": 18, "population": 2362, "households": 475}, "geometry": {"type": "Polygon", "coordinates": [[[95.49407000000001, 27.675440000000002], [95.49615000000001, 27.674780000000002], [95.50239, 27.664790000000004], [95.49214, 27.66268], [95.48323, 27.66373], [95.48427000000001, 27.668860000000002], [95.48293000000001, 27.672680000000003], [95.48412, 27.67413], [95.48353, 27.67649], [95.49407000000001, 27.675440000000002]]]}}, {"id": "386", "type": "Feature", "properties": {"village_name": "Gakhir Bheti Gaon", "vil_lgd": 290163, "district_name": "Tinsukia", "dist_lgd": 302, "subdistrict_name": "Doom Dooma", "sdcode": 2060, "block_name": "Saikhowa", "block_lgd": 92.0, "gp_name": "GAKHIR BHETI", "state_name": "ASSAM", "state_lgd": 18, "population": 823, "households": 151}, "geometry": {"type": "Polygon", "coordinates": [[[95.50239, 27.664790000000004], [95.49615000000001, 27.674780000000002], [95.49407000000001, 27.675440000000002], [95.49452000000001, 27.676890000000004], [95.50254000000001, 27.681490000000004], [95.50744, 27.67939], [95.50551, 27.67255], [95.50600000000001, 27.666100000000004], [95.50611, 27.66465], [95.50239, 27.664790000000004]]]}}, {"id": "387", "type": "Feature", "properties": {"village_name": "Khowang T E", "vil_lgd": 290164, "district_name": "Tinsukia", "dist_lgd": 302, "subdistrict_name": "Doom Dooma", "sdcode": 2060, "block_name": "Saikhowa", "block_lgd": 92.0, "gp_name": "KHUBANG", "state_name": "ASSAM", "state_lgd": 18, "population": 1849, "households": 366}, "geometry": {"type": "Polygon", "coordinates": [[[95.50600000000001, 27.666100000000004], [95.50551, 27.67255], [95.50744, 27.67939], [95.51710000000001, 27.67676], [95.52408000000001, 27.668470000000003], [95.52052, 27.666890000000002], [95.5122, 27.66571], [95.50600000000001, 27.666100000000004]]]}}, {"id": "388", "type": "Feature", "properties": {"village_name": "Khobang T E", "vil_lgd": 290176, "district_name": "Tinsukia", "dist_lgd": 302, "subdistrict_name": "Doom Dooma", "sdcode": 2060, "block_name": "Saikhowa", "block_lgd": 92.0, "gp_name": "KHUBANG", "state_name": "ASSAM", "state_lgd": 18, "population": 550, "households": 115}, "geometry": {"type": "Polygon", "coordinates": [[[95.53923, 27.655970000000003], [95.53062000000001, 27.66465], [95.52408000000001, 27.668470000000003], [95.51710000000001, 27.67676], [95.52245, 27.678600000000003], [95.52334, 27.682150000000004], [95.52631000000001, 27.68176], [95.52987, 27.67715], [95.53448, 27.67518], [95.53656000000001, 27.67097], [95.53894000000001, 27.662290000000002], [95.53923, 27.655970000000003]]]}}, {"id": "389", "type": "Feature", "properties": {"village_name": "Kokora Toli Gaon", "vil_lgd": 290165, "district_name": "Tinsukia", "dist_lgd": 302, "subdistrict_name": "Doom Dooma", "sdcode": 2060, "block_name": "Saikhowa", "block_lgd": 92.0, "gp_name": "TALAP", "state_name": "ASSAM", "state_lgd": 18, "population": 1904, "households": 379}, "geometry": {"type": "Polygon", "coordinates": [[[95.51903, 27.654130000000002], [95.51324000000001, 27.6565], [95.50581000000001, 27.66334], [95.50611, 27.66465], [95.50600000000001, 27.666100000000004], [95.5122, 27.66571], [95.52052, 27.666890000000002], [95.52408000000001, 27.668470000000003], [95.53062000000001, 27.66465], [95.52572, 27.662550000000003], [95.522, 27.657290000000003], [95.51903, 27.654130000000002]]]}}, {"id": "390", "type": "Feature", "properties": {"village_name": "Misimikota", "vil_lgd": 290180, "district_name": "Tinsukia", "dist_lgd": 302, "subdistrict_name": "Doom Dooma", "sdcode": 2060, "block_name": "Saikhowa", "block_lgd": 92.0, "gp_name": "GAKHIR BHETI", "state_name": "ASSAM", "state_lgd": 18, "population": 776, "households": 144}, "geometry": {"type": "Polygon", "coordinates": [[[95.51190000000001, 27.653470000000002], [95.50680000000001, 27.650990000000004], [95.49556000000001, 27.652810000000002], [95.49229000000001, 27.65558], [95.49214, 27.66268], [95.50239, 27.664790000000004], [95.50611, 27.66465], [95.50581000000001, 27.66334], [95.51324000000001, 27.6565], [95.51190000000001, 27.653470000000002]]]}}, {"id": "391", "type": "Feature", "properties": {"village_name": "Daisa Balijan", "vil_lgd": 290183, "district_name": "Tinsukia", "dist_lgd": 302, "subdistrict_name": "Doom Dooma", "sdcode": 2060, "block_name": "Saikhowa", "block_lgd": 92.0, "gp_name": "KHOBANG", "state_name": "ASSAM", "state_lgd": 18, "population": 1095, "households": 211}, "geometry": {"type": "Polygon", "coordinates": [[[95.52245, 27.653080000000003], [95.51784, 27.6461], [95.50680000000001, 27.650990000000004], [95.51190000000001, 27.653470000000002], [95.51324000000001, 27.6565], [95.51903, 27.654130000000002], [95.52245, 27.653080000000003]]]}}, {"id": "392", "type": "Feature", "properties": {"village_name": "Khowang T E", "vil_lgd": 290178, "district_name": "Tinsukia", "dist_lgd": 302, "subdistrict_name": "Doom Dooma", "sdcode": 2060, "block_name": "Saikhowa", "block_lgd": 92.0, "gp_name": "KHOBANG", "state_name": "ASSAM", "state_lgd": 18, "population": 147, "households": 28}, "geometry": {"type": "Polygon", "coordinates": [[[95.53091, 27.651100000000003], [95.52245, 27.653080000000003], [95.51903, 27.654130000000002], [95.522, 27.657290000000003], [95.52572, 27.662550000000003], [95.53062000000001, 27.66465], [95.53923, 27.655970000000003], [95.53775, 27.652810000000002], [95.53240000000001, 27.652810000000002], [95.53091, 27.651100000000003]]]}}, {"id": "393", "type": "Feature", "properties": {"village_name": "Talap", "vil_lgd": 290190, "district_name": "Tinsukia", "dist_lgd": 302, "subdistrict_name": "Doom Dooma", "sdcode": 2060, "block_name": "Saikhowa", "block_lgd": 92.0, "gp_name": "TALAP", "state_name": "ASSAM", "state_lgd": 18, "population": 1703, "households": 370}, "geometry": {"type": "Polygon", "coordinates": [[[95.54235000000001, 27.63847], [95.53998000000001, 27.643340000000002], [95.53656000000001, 27.647940000000002], [95.53775, 27.652810000000002], [95.54369000000001, 27.654000000000003], [95.54904, 27.65623], [95.55067000000001, 27.648080000000004], [95.54414000000001, 27.645180000000003], [95.54414000000001, 27.643210000000003], [95.54235000000001, 27.63847]]]}}, {"id": "394", "type": "Feature", "properties": {"village_name": "Talap T E", "vil_lgd": 290174, "district_name": "Tinsukia", "dist_lgd": 302, "subdistrict_name": "Doom Dooma", "sdcode": 2060, "block_name": "Saikhowa", "block_lgd": 92.0, "gp_name": "TALAP", "state_name": "ASSAM", "state_lgd": 18, "population": 2324, "households": 486}, "geometry": {"type": "Polygon", "coordinates": [[[95.55067000000001, 27.648080000000004], [95.54904, 27.65623], [95.54933000000001, 27.664790000000004], [95.5584, 27.665840000000003], [95.55646, 27.661630000000002], [95.55424000000001, 27.65808], [95.55543, 27.649790000000003], [95.55349000000001, 27.648860000000003], [95.55067000000001, 27.648080000000004]]]}}, {"id": "395", "type": "Feature", "properties": {"village_name": "Khobong T E", "vil_lgd": 290185, "district_name": "Tinsukia", "dist_lgd": 302, "subdistrict_name": "Doom Dooma", "sdcode": 2060, "block_name": "Saikhowa", "block_lgd": 92.0, "gp_name": "KHUBANG", "state_name": "ASSAM", "state_lgd": 18, "population": 500, "households": 111}, "geometry": {"type": "Polygon", "coordinates": [[[95.54081000000001, 27.623060000000002], [95.54066, 27.632130000000004], [95.54235000000001, 27.63847], [95.54414000000001, 27.643210000000003], [95.54414000000001, 27.645180000000003], [95.55067000000001, 27.648080000000004], [95.55349000000001, 27.648860000000003], [95.55543, 27.649790000000003], [95.55646, 27.647150000000003], [95.55646, 27.643210000000003], [95.55780000000001, 27.637420000000002], [95.55676000000001, 27.631490000000003], [95.55468, 27.627810000000004], [95.55015, 27.622930000000004], [95.54081000000001, 27.623060000000002]]]}}, {"id": "396", "type": "Feature", "properties": {"village_name": "Tipuk T E", "vil_lgd": 290187, "district_name": "Tinsukia", "dist_lgd": 302, "subdistrict_name": "Doom Dooma", "sdcode": 2060, "block_name": "Saikhowa", "block_lgd": 92.0, "gp_name": "", "state_name": "ASSAM", "state_lgd": 18, "population": 317, "households": 64}, "geometry": {"type": "Polygon", "coordinates": [[[95.54081000000001, 27.602510000000002], [95.54074000000001, 27.60376], [95.54006000000001, 27.61532], [95.54081000000001, 27.623060000000002], [95.55015, 27.622930000000004], [95.55180000000001, 27.61679], [95.55225, 27.61118], [95.54939, 27.60611], [95.54397, 27.60291], [95.54081000000001, 27.602510000000002]]]}}, {"id": "397", "type": "Feature", "properties": {"village_name": "Rangajan Gaon", "vil_lgd": 290396, "district_name": "Tinsukia", "dist_lgd": 302, "subdistrict_name": "Doom Dooma", "sdcode": 2060, "block_name": "Kakapathar", "block_lgd": 94.0, "gp_name": "RONGAJAN", "state_name": "ASSAM", "state_lgd": 18, "population": 1163, "households": 203}, "geometry": {"type": "Polygon", "coordinates": [[[95.55406, 27.61052], [95.55225, 27.61118], [95.55180000000001, 27.61679], [95.55015, 27.622930000000004], [95.55468, 27.627810000000004], [95.55765000000001, 27.61438], [95.55406, 27.61052]]]}}, {"id": "398", "type": "Feature", "properties": {"village_name": "Hahkhati Forest Village", "vil_lgd": 290486, "district_name": "Tinsukia", "dist_lgd": 302, "subdistrict_name": "Doom Dooma", "sdcode": 2060, "block_name": "Saikhowa", "block_lgd": 92.0, "gp_name": "AROHIMORIA", "state_name": "ASSAM", "state_lgd": 18, "population": 72, "households": 12}, "geometry": {"type": "Polygon", "coordinates": [[[95.69843, 27.70455], [95.69521, 27.710790000000003], [95.706, 27.710340000000002], [95.70794000000001, 27.70942], [95.70942000000001, 27.707580000000004], [95.70927, 27.70653], [95.70348000000001, 27.70416], [95.69843, 27.70455]]]}}, {"id": "399", "type": "Feature", "properties": {"village_name": "Rangajan Block", "vil_lgd": 290398, "district_name": "Tinsukia", "dist_lgd": 302, "subdistrict_name": "Doom Dooma", "sdcode": 2060, "block_name": "Kakapathar", "block_lgd": 94.0, "gp_name": "RANGAJAN", "state_name": "ASSAM", "state_lgd": 18, "population": 273, "households": 56}, "geometry": {"type": "Polygon", "coordinates": [[[95.57786, 27.61004], [95.57755, 27.60798], [95.57319000000001, 27.607580000000002], [95.56927, 27.60985], [95.56626000000001, 27.611050000000002], [95.56445000000001, 27.610650000000003], [95.55707000000001, 27.602510000000002], [95.55406, 27.61052], [95.55765000000001, 27.61438], [95.56315000000001, 27.613730000000004], [95.56657000000001, 27.616880000000002], [95.56790000000001, 27.620040000000003], [95.56998, 27.621620000000004], [95.5734, 27.625310000000002], [95.57592000000001, 27.621360000000003], [95.57592000000001, 27.613860000000003], [95.57786, 27.61004]]]}}, {"id": "400", "type": "Feature", "properties": {"village_name": "Gobani Gaon", "vil_lgd": 290400, "district_name": "Tinsukia", "dist_lgd": 302, "subdistrict_name": "Doom Dooma", "sdcode": 2060, "block_name": "Kakapathar", "block_lgd": 94.0, "gp_name": "KOOMSONG", "state_name": "ASSAM", "state_lgd": 18, "population": 2335, "households": 466}, "geometry": {"type": "Polygon", "coordinates": [[[95.60177, 27.602010000000003], [95.60103000000001, 27.5999], [95.59397000000001, 27.59784], [95.58584, 27.593840000000004], [95.58237000000001, 27.5957], [95.58237000000001, 27.60038], [95.57996000000001, 27.605050000000002], [95.57755, 27.60798], [95.57786, 27.61004], [95.59073000000001, 27.60658], [95.5951, 27.60685], [95.59836000000001, 27.608200000000004], [95.60058000000001, 27.605700000000002], [95.60177, 27.602010000000003]]]}}, {"id": "401", "type": "Feature", "properties": {"village_name": "Rangajan Bangali", "vil_lgd": 290399, "district_name": "Tinsukia", "dist_lgd": 302, "subdistrict_name": "Doom Dooma", "sdcode": 2060, "block_name": "Kakapathar", "block_lgd": 94.0, "gp_name": "RONGAJAN", "state_name": "ASSAM", "state_lgd": 18, "population": 751, "households": 139}, "geometry": {"type": "Polygon", "coordinates": [[[95.58026000000001, 27.591030000000003], [95.57108000000001, 27.600640000000002], [95.57996000000001, 27.605050000000002], [95.58237000000001, 27.60038], [95.58237000000001, 27.5957], [95.58026000000001, 27.591030000000003]]]}}, {"id": "402", "type": "Feature", "properties": {"village_name": "Na Gaon", "vil_lgd": 290397, "district_name": "Tinsukia", "dist_lgd": 302, "subdistrict_name": "Doom Dooma", "sdcode": 2060, "block_name": "Kakapathar", "block_lgd": 94.0, "gp_name": "", "state_name": "ASSAM", "state_lgd": 18, "population": 1717, "households": 348}, "geometry": {"type": "Polygon", "coordinates": [[[95.57319000000001, 27.607580000000002], [95.57755, 27.60798], [95.57996000000001, 27.605050000000002], [95.57108000000001, 27.600640000000002], [95.5643, 27.598370000000003], [95.55843, 27.594900000000003], [95.55346, 27.594640000000002], [95.55225, 27.596770000000003], [95.55707000000001, 27.602510000000002], [95.56445000000001, 27.610650000000003], [95.56626000000001, 27.611050000000002], [95.56927, 27.60985], [95.57319000000001, 27.607580000000002]]]}}, {"id": "403", "type": "Feature", "properties": {"village_name": "Athengia Gaon", "vil_lgd": 290427, "district_name": "Tinsukia", "dist_lgd": 302, "subdistrict_name": "Doom Dooma", "sdcode": 2060, "block_name": "Kakapathar", "block_lgd": 94.0, "gp_name": "RANGAJAN", "state_name": "ASSAM", "state_lgd": 18, "population": 1172, "households": 234}, "geometry": {"type": "Polygon", "coordinates": [[[95.55722, 27.587560000000003], [95.55466000000001, 27.591030000000003], [95.55346, 27.594640000000002], [95.55843, 27.594900000000003], [95.5643, 27.598370000000003], [95.57108000000001, 27.600640000000002], [95.58026000000001, 27.591030000000003], [95.57801, 27.588500000000003], [95.55722, 27.587560000000003]]]}}, {"id": "404", "type": "Feature", "properties": {"village_name": "Kumchang Te", "vil_lgd": 290405, "district_name": "Tinsukia", "dist_lgd": 302, "subdistrict_name": "Doom Dooma", "sdcode": 2060, "block_name": "Kakapathar", "block_lgd": 94.0, "gp_name": "KUMSONG", "state_name": "ASSAM", "state_lgd": 18, "population": 111, "households": 24}, "geometry": {"type": "Polygon", "coordinates": [[[95.62732000000001, 27.59635], [95.62881, 27.60162], [95.62777000000001, 27.61175], [95.63906000000001, 27.61952], [95.64292, 27.603460000000002], [95.64233, 27.601750000000003], [95.63312, 27.598190000000002], [95.62732000000001, 27.59635]]]}}, {"id": "405", "type": "Feature", "properties": {"village_name": "Bordubi T E", "vil_lgd": 290426, "district_name": "Tinsukia", "dist_lgd": 302, "subdistrict_name": "Doom Dooma", "sdcode": 2060, "block_name": "Kakapathar", "block_lgd": 94.0, "gp_name": "BORDUBI", "state_name": "ASSAM", "state_lgd": 18, "population": 275, "households": 59}, "geometry": {"type": "Polygon", "coordinates": [[[95.60385000000001, 27.589900000000004], [95.59969000000001, 27.587960000000002], [95.59593000000001, 27.581290000000003], [95.59231000000001, 27.57822], [95.57801, 27.588500000000003], [95.58026000000001, 27.591030000000003], [95.58237000000001, 27.5957], [95.58584, 27.593840000000004], [95.59397000000001, 27.59784], [95.60103000000001, 27.5999], [95.60281, 27.593190000000003], [95.60385000000001, 27.589900000000004]]]}}, {"id": "406", "type": "Feature", "properties": {"village_name": "Fatickjan Gaon", "vil_lgd": 290431, "district_name": "Tinsukia", "dist_lgd": 302, "subdistrict_name": "Doom Dooma", "sdcode": 2060, "block_name": "Kakapathar", "block_lgd": 94.0, "gp_name": "BORDUBI", "state_name": "ASSAM", "state_lgd": 18, "population": 3582, "households": 720}, "geometry": {"type": "Polygon", "coordinates": [[[95.57921, 27.56687], [95.57048, 27.57195], [95.57499000000001, 27.579290000000004], [95.57801, 27.588500000000003], [95.59231000000001, 27.57822], [95.59111000000001, 27.57702], [95.58704, 27.573680000000003], [95.57921, 27.56687]]]}}, {"id": "407", "type": "Feature", "properties": {"village_name": "Doom Dooma", "vil_lgd": 249886, "district_name": "Tinsukia", "dist_lgd": 302, "subdistrict_name": "Doom Dooma", "sdcode": 2060, "block_name": "", "block_lgd": 0.0, "gp_name": "", "state_name": "ASSAM", "state_lgd": 18, "population": 21572, "households": 4243}, "geometry": {"type": "Polygon", "coordinates": [[[95.55120000000001, 27.585690000000003], [95.55497000000001, 27.586360000000003], [95.55692, 27.58369], [95.55722, 27.579690000000003], [95.55828000000001, 27.57769], [95.56280000000001, 27.57448], [95.56611000000001, 27.573410000000003], [95.56957000000001, 27.566340000000004], [95.56927, 27.563940000000002], [95.56746000000001, 27.5634], [95.56280000000001, 27.564470000000004], [95.55632000000001, 27.562730000000002], [95.55316, 27.562870000000004], [95.5515, 27.561270000000004], [95.54805, 27.559300000000004], [95.54767000000001, 27.56114], [95.54143, 27.567200000000003], [95.53549000000001, 27.571150000000003], [95.53311000000001, 27.57158], [95.52982, 27.57475], [95.52936000000001, 27.581290000000003], [95.53072, 27.58583], [95.53991, 27.589560000000002], [95.5387, 27.5909], [95.54126000000001, 27.59183], [95.54488, 27.590770000000003], [95.54593000000001, 27.5865], [95.55120000000001, 27.585690000000003]]]}}, {"id": "408", "type": "Feature", "properties": {"village_name": "Daimukhiya Gaon", "vil_lgd": 290237, "district_name": "Tinsukia", "dist_lgd": 302, "subdistrict_name": "Doom Dooma", "sdcode": 2060, "block_name": "Hapjan", "block_lgd": 93.0, "gp_name": "DAIMUKHIYA", "state_name": "ASSAM", "state_lgd": 18, "population": 2046, "households": 417}, "geometry": {"type": "Polygon", "coordinates": [[[95.53311000000001, 27.57158], [95.52390000000001, 27.572210000000002], [95.51707, 27.569840000000003], [95.51927, 27.575020000000002], [95.51972, 27.584490000000002], [95.52018000000001, 27.586360000000003], [95.525, 27.584490000000002], [95.52936000000001, 27.581290000000003], [95.52982, 27.57475], [95.53311000000001, 27.57158]]]}}, {"id": "409", "type": "Feature", "properties": {"village_name": "Bisakupi T E", "vil_lgd": 290238, "district_name": "Tinsukia", "dist_lgd": 302, "subdistrict_name": "Doom Dooma", "sdcode": 2060, "block_name": "Hapjan", "block_lgd": 93.0, "gp_name": "", "state_name": "ASSAM", "state_lgd": 18, "population": 1584, "households": 344}, "geometry": {"type": "Polygon", "coordinates": [[[95.5138, 27.567470000000004], [95.51241, 27.571920000000002], [95.51099, 27.578750000000003], [95.50783000000001, 27.584760000000003], [95.51506, 27.58583], [95.51972, 27.584490000000002], [95.51927, 27.575020000000002], [95.51707, 27.569840000000003], [95.5138, 27.567470000000004]]]}}, {"id": "410", "type": "Feature", "properties": {"village_name": "Daimukhiya T E", "vil_lgd": 290261, "district_name": "Tinsukia", "dist_lgd": 302, "subdistrict_name": "Doom Dooma", "sdcode": 2060, "block_name": "Hapjan", "block_lgd": 93.0, "gp_name": "DOIMUKHIYA", "state_name": "ASSAM", "state_lgd": 18, "population": 844, "households": 180}, "geometry": {"type": "Polygon", "coordinates": [[[95.51241, 27.571920000000002], [95.50858000000001, 27.57421], [95.49940000000001, 27.574620000000003], [95.5009, 27.578750000000003], [95.50391, 27.581960000000002], [95.50783000000001, 27.584760000000003], [95.51099, 27.578750000000003], [95.51241, 27.571920000000002]]]}}, {"id": "411", "type": "Feature", "properties": {"village_name": "Pavajan T E", "vil_lgd": 290259, "district_name": "Tinsukia", "dist_lgd": 302, "subdistrict_name": "Doom Dooma", "sdcode": 2060, "block_name": "Hapjan", "block_lgd": 93.0, "gp_name": "DOIDAM", "state_name": "ASSAM", "state_lgd": 18, "population": 13, "households": 4}, "geometry": {"type": "Polygon", "coordinates": [[[95.48901000000001, 27.575550000000003], [95.49172, 27.58022], [95.48464000000001, 27.583560000000002], [95.48313, 27.587030000000002], [95.48780000000001, 27.59063], [95.49066, 27.59117], [95.49141, 27.5877], [95.49669, 27.58049], [95.5009, 27.578750000000003], [95.49940000000001, 27.574620000000003], [95.49503000000001, 27.575020000000002], [95.48901000000001, 27.575550000000003]]]}}, {"id": "412", "type": "Feature", "properties": {"village_name": "Dhelakhat T E", "vil_lgd": 290274, "district_name": "Tinsukia", "dist_lgd": 302, "subdistrict_name": "Doom Dooma", "sdcode": 2060, "block_name": "Hapjan", "block_lgd": 93.0, "gp_name": "BARUKURI", "state_name": "ASSAM", "state_lgd": 18, "population": 171, "households": 30}, "geometry": {"type": "Polygon", "coordinates": [[[95.48388000000001, 27.58209], [95.47636000000001, 27.58302], [95.47048000000001, 27.58209], [95.46657, 27.58489], [95.47019, 27.58564], [95.47560000000001, 27.58676], [95.48313, 27.587030000000002], [95.48464000000001, 27.583560000000002], [95.48388000000001, 27.58209]]]}}, {"id": "413", "type": "Feature", "properties": {"village_name": "Pabhajan T E", "vil_lgd": 290276, "district_name": "Tinsukia", "dist_lgd": 302, "subdistrict_name": "Doom Dooma", "sdcode": 2060, "block_name": "Hapjan", "block_lgd": 93.0, "gp_name": "DOIDAM", "state_name": "ASSAM", "state_lgd": 18, "population": 1575, "households": 297}, "geometry": {"type": "Polygon", "coordinates": [[[95.4655, 27.56858], [95.46265000000001, 27.570600000000002], [95.45315000000001, 27.57363], [95.45377, 27.575950000000002], [95.45723000000001, 27.580620000000003], [95.46428, 27.584190000000003], [95.46657, 27.58489], [95.47048000000001, 27.58209], [95.46792, 27.574880000000004], [95.47026000000001, 27.57195], [95.46703000000001, 27.570940000000004], [95.4655, 27.56858]]]}}, {"id": "414", "type": "Feature", "properties": {"village_name": "Daisajan T E", "vil_lgd": 290182, "district_name": "Tinsukia", "dist_lgd": 302, "subdistrict_name": "Doom Dooma", "sdcode": 2060, "block_name": "Saikhowa", "block_lgd": 92.0, "gp_name": "DAISA", "state_name": "ASSAM", "state_lgd": 18, "population": 67, "households": 13}, "geometry": {"type": "Polygon", "coordinates": [[[95.53656000000001, 27.647940000000002], [95.53313000000001, 27.645070000000004], [95.52997, 27.645210000000002], [95.52756000000001, 27.643610000000002], [95.52229000000001, 27.64561], [95.51792, 27.644140000000004], [95.51784, 27.6461], [95.52245, 27.653080000000003], [95.53091, 27.651100000000003], [95.53240000000001, 27.652810000000002], [95.53775, 27.652810000000002], [95.53656000000001, 27.647940000000002]]]}}, {"id": "415", "type": "Feature", "properties": {"village_name": "Tipuk M", "vil_lgd": 290188, "district_name": "Tinsukia", "dist_lgd": 302, "subdistrict_name": "Doom Dooma", "sdcode": 2060, "block_name": "Saikhowa", "block_lgd": 92.0, "gp_name": "KHOBANGROM", "state_name": "ASSAM", "state_lgd": 18, "population": 2887, "households": 536}, "geometry": {"type": "Polygon", "coordinates": [[[95.52711000000001, 27.623060000000002], [95.52936000000001, 27.6352], [95.52936000000001, 27.64214], [95.52756000000001, 27.643610000000002], [95.52997, 27.645210000000002], [95.53313000000001, 27.645070000000004], [95.53656000000001, 27.647940000000002], [95.53998000000001, 27.643340000000002], [95.54235000000001, 27.63847], [95.54066, 27.632130000000004], [95.54081000000001, 27.623060000000002], [95.53313000000001, 27.622930000000004], [95.52711000000001, 27.623060000000002]]]}}, {"id": "416", "type": "Feature", "properties": {"village_name": "Dariabheti Gaon", "vil_lgd": 290208, "district_name": "Tinsukia", "dist_lgd": 302, "subdistrict_name": "Doom Dooma", "sdcode": 2060, "block_name": "Hapjan", "block_lgd": 93.0, "gp_name": "TIPUK", "state_name": "ASSAM", "state_lgd": 18, "population": 630, "households": 125}, "geometry": {"type": "Polygon", "coordinates": [[[95.54074000000001, 27.60376], [95.53689000000001, 27.604910000000004], [95.53072, 27.609050000000003], [95.525, 27.614120000000003], [95.52528000000001, 27.616090000000003], [95.52711000000001, 27.623060000000002], [95.53313000000001, 27.622930000000004], [95.54081000000001, 27.623060000000002], [95.54006000000001, 27.61532], [95.54074000000001, 27.60376]]]}}, {"id": "417", "type": "Feature", "properties": {"village_name": "Ouguri Gaon", "vil_lgd": 290234, "district_name": "Tinsukia", "dist_lgd": 302, "subdistrict_name": "Doom Dooma", "sdcode": 2060, "block_name": "Hapjan", "block_lgd": 93.0, "gp_name": "TIPUK", "state_name": "ASSAM", "state_lgd": 18, "population": 3450, "households": 780}, "geometry": {"type": "Polygon", "coordinates": [[[95.54081000000001, 27.602510000000002], [95.54126000000001, 27.59183], [95.5387, 27.5909], [95.53554000000001, 27.5941], [95.52688, 27.59765], [95.52199, 27.59944], [95.52244, 27.604650000000003], [95.53027, 27.604110000000002], [95.53689000000001, 27.604910000000004], [95.54074000000001, 27.60376], [95.54081000000001, 27.602510000000002]]]}}, {"id": "418", "type": "Feature", "properties": {"village_name": "Bissakopi Gaon", "vil_lgd": 290235, "district_name": "Tinsukia", "dist_lgd": 302, "subdistrict_name": "Doom Dooma", "sdcode": 2060, "block_name": "Hapjan", "block_lgd": 93.0, "gp_name": "KAKOJAN", "state_name": "ASSAM", "state_lgd": 18, "population": 2368, "households": 531}, "geometry": {"type": "Polygon", "coordinates": [[[95.52018000000001, 27.590100000000003], [95.51927, 27.59664], [95.52199, 27.59944], [95.52688, 27.59765], [95.52801000000001, 27.595170000000003], [95.52711000000001, 27.591030000000003], [95.52018000000001, 27.590100000000003]]]}}, {"id": "419", "type": "Feature", "properties": {"village_name": "Bissakupi T E", "vil_lgd": 290236, "district_name": "Tinsukia", "dist_lgd": 302, "subdistrict_name": "Doom Dooma", "sdcode": 2060, "block_name": "Hapjan", "block_lgd": 93.0, "gp_name": "DAIMUKHIA", "state_name": "ASSAM", "state_lgd": 18, "population": 922, "households": 185}, "geometry": {"type": "Polygon", "coordinates": [[[95.52936000000001, 27.581290000000003], [95.525, 27.584490000000002], [95.52018000000001, 27.586360000000003], [95.52018000000001, 27.590100000000003], [95.52711000000001, 27.591030000000003], [95.52801000000001, 27.595170000000003], [95.52688, 27.59765], [95.53554000000001, 27.5941], [95.5387, 27.5909], [95.53991, 27.589560000000002], [95.53072, 27.58583], [95.52936000000001, 27.581290000000003]]]}}, {"id": "420", "type": "Feature", "properties": {"village_name": "Daimukhiya T E", "vil_lgd": 290239, "district_name": "Tinsukia", "dist_lgd": 302, "subdistrict_name": "Doom Dooma", "sdcode": 2060, "block_name": "Hapjan", "block_lgd": 93.0, "gp_name": "DAIMUKHIA", "state_name": "ASSAM", "state_lgd": 18, "population": 1480, "households": 314}, "geometry": {"type": "Polygon", "coordinates": [[[95.51972, 27.584490000000002], [95.51506, 27.58583], [95.50587, 27.589560000000002], [95.50542, 27.598370000000003], [95.51927, 27.59664], [95.52018000000001, 27.590100000000003], [95.52018000000001, 27.586360000000003], [95.51972, 27.584490000000002]]]}}, {"id": "421", "type": "Feature", "properties": {"village_name": "Daimukhiya T E", "vil_lgd": 290260, "district_name": "Tinsukia", "dist_lgd": 302, "subdistrict_name": "Doom Dooma", "sdcode": 2060, "block_name": "Hapjan", "block_lgd": 93.0, "gp_name": "DOIMUKHIA", "state_name": "ASSAM", "state_lgd": 18, "population": 692, "households": 141}, "geometry": {"type": "Polygon", "coordinates": [[[95.5009, 27.578750000000003], [95.49669, 27.58049], [95.49141, 27.5877], [95.49066, 27.59117], [95.49136000000001, 27.593110000000003], [95.49172, 27.5941], [95.49458000000001, 27.59757], [95.50226, 27.597440000000002], [95.50542, 27.598370000000003], [95.50587, 27.589560000000002], [95.51506, 27.58583], [95.50783000000001, 27.584760000000003], [95.50391, 27.581960000000002], [95.5009, 27.578750000000003]]]}}, {"id": "422", "type": "Feature", "properties": {"village_name": "Daimukhiya T E", "vil_lgd": 290240, "district_name": "Tinsukia", "dist_lgd": 302, "subdistrict_name": "Doom Dooma", "sdcode": 2060, "block_name": "Hapjan", "block_lgd": 93.0, "gp_name": "DAIMUKHIA", "state_name": "ASSAM", "state_lgd": 18, "population": 578, "households": 114}, "geometry": {"type": "Polygon", "coordinates": [[[95.51927, 27.59664], [95.50542, 27.598370000000003], [95.50813000000001, 27.60518], [95.52244, 27.604650000000003], [95.52199, 27.59944], [95.51927, 27.59664]]]}}, {"id": "423", "type": "Feature", "properties": {"village_name": "Asomiya Balijan Gaon", "vil_lgd": 290210, "district_name": "Tinsukia", "dist_lgd": 302, "subdistrict_name": "Doom Dooma", "sdcode": 2060, "block_name": "Hapjan", "block_lgd": 93.0, "gp_name": "TIPUK", "state_name": "ASSAM", "state_lgd": 18, "population": 816, "households": 181}, "geometry": {"type": "Polygon", "coordinates": [[[95.52244, 27.604650000000003], [95.50813000000001, 27.60518], [95.50994000000001, 27.607580000000002], [95.51536, 27.61118], [95.52138000000001, 27.613590000000002], [95.52528000000001, 27.616090000000003], [95.525, 27.614120000000003], [95.53072, 27.609050000000003], [95.53689000000001, 27.604910000000004], [95.53027, 27.604110000000002], [95.52244, 27.604650000000003]]]}}, {"id": "424", "type": "Feature", "properties": {"village_name": "Rupai T E", "vil_lgd": 290241, "district_name": "Tinsukia", "dist_lgd": 302, "subdistrict_name": "Doom Dooma", "sdcode": 2060, "block_name": "Hapjan", "block_lgd": 93.0, "gp_name": "DAISAJAN", "state_name": "ASSAM", "state_lgd": 18, "population": 553, "households": 107}, "geometry": {"type": "Polygon", "coordinates": [[[95.49458000000001, 27.59757], [95.49051000000001, 27.60171], [95.49533000000001, 27.60358], [95.50813000000001, 27.60518], [95.50542, 27.598370000000003], [95.50226, 27.597440000000002], [95.49458000000001, 27.59757]]]}}, {"id": "425", "type": "Feature", "properties": {"village_name": "Rupai Patta Land", "vil_lgd": 290232, "district_name": "Tinsukia", "dist_lgd": 302, "subdistrict_name": "Doom Dooma", "sdcode": 2060, "block_name": "Hapjan", "block_lgd": 93.0, "gp_name": "DAISAJAN", "state_name": "ASSAM", "state_lgd": 18, "population": 435, "households": 86}, "geometry": {"type": "Polygon", "coordinates": [[[95.50467, 27.609980000000004], [95.50813000000001, 27.60518], [95.49533000000001, 27.60358], [95.49653, 27.606910000000003], [95.49593, 27.609720000000003], [95.48931, 27.61812], [95.5009, 27.617860000000004], [95.50467, 27.609980000000004]]]}}, {"id": "426", "type": "Feature", "properties": {"village_name": "Garumoratup Gaon", "vil_lgd": 290211, "district_name": "Tinsukia", "dist_lgd": 302, "subdistrict_name": "Doom Dooma", "sdcode": 2060, "block_name": "Hapjan", "block_lgd": 93.0, "gp_name": "TIPUK", "state_name": "ASSAM", "state_lgd": 18, "population": 1057, "households": 188}, "geometry": {"type": "Polygon", "coordinates": [[[95.50813000000001, 27.60518], [95.50467, 27.609980000000004], [95.5009, 27.617860000000004], [95.50346, 27.621190000000002], [95.50903000000001, 27.623060000000002], [95.51129, 27.621190000000002], [95.5134, 27.61586], [95.5134, 27.613450000000004], [95.51536, 27.61118], [95.50994000000001, 27.607580000000002], [95.50813000000001, 27.60518]]]}}, {"id": "427", "type": "Feature", "properties": {"village_name": "Tipuk T E", "vil_lgd": 290209, "district_name": "Tinsukia", "dist_lgd": 302, "subdistrict_name": "Doom Dooma", "sdcode": 2060, "block_name": "Hapjan", "block_lgd": 93.0, "gp_name": "TIPUK", "state_name": "ASSAM", "state_lgd": 18, "population": 1973, "households": 404}, "geometry": {"type": "Polygon", "coordinates": [[[95.52711000000001, 27.623060000000002], [95.52528000000001, 27.616090000000003], [95.52138000000001, 27.613590000000002], [95.51536, 27.61118], [95.5134, 27.613450000000004], [95.5134, 27.61586], [95.51129, 27.621190000000002], [95.50903000000001, 27.623060000000002], [95.51235000000001, 27.623990000000003], [95.52126000000001, 27.62365], [95.52711000000001, 27.623060000000002]]]}}, {"id": "428", "type": "Feature", "properties": {"village_name": "Bangali Balijan", "vil_lgd": 290207, "district_name": "Tinsukia", "dist_lgd": 302, "subdistrict_name": "Doom Dooma", "sdcode": 2060, "block_name": "Hapjan", "block_lgd": 93.0, "gp_name": "TIPUK", "state_name": "ASSAM", "state_lgd": 18, "population": 905, "households": 164}, "geometry": {"type": "Polygon", "coordinates": [[[95.52126000000001, 27.62365], [95.51988000000001, 27.6292], [95.51717000000001, 27.634940000000004], [95.50979000000001, 27.642940000000003], [95.51792, 27.644140000000004], [95.52229000000001, 27.64561], [95.52756000000001, 27.643610000000002], [95.52936000000001, 27.64214], [95.52936000000001, 27.6352], [95.52711000000001, 27.623060000000002], [95.52126000000001, 27.62365]]]}}, {"id": "429", "type": "Feature", "properties": {"village_name": "Daisa Balijan", "vil_lgd": 290184, "district_name": "Tinsukia", "dist_lgd": 302, "subdistrict_name": "Doom Dooma", "sdcode": 2060, "block_name": "Saikhowa", "block_lgd": 92.0, "gp_name": "KHOBANG", "state_name": "ASSAM", "state_lgd": 18, "population": 773, "households": 164}, "geometry": {"type": "Polygon", "coordinates": [[[95.51792, 27.644140000000004], [95.50979000000001, 27.642940000000003], [95.50467, 27.642540000000004], [95.50527000000001, 27.647610000000004], [95.50680000000001, 27.650990000000004], [95.51784, 27.6461], [95.51792, 27.644140000000004]]]}}, {"id": "430", "type": "Feature", "properties": {"village_name": "Daisa Gaon", "vil_lgd": 290206, "district_name": "Tinsukia", "dist_lgd": 302, "subdistrict_name": "Doom Dooma", "sdcode": 2060, "block_name": "Hapjan", "block_lgd": 93.0, "gp_name": "TIPUK", "state_name": "ASSAM", "state_lgd": 18, "population": 2155, "households": 405}, "geometry": {"type": "Polygon", "coordinates": [[[95.50256, 27.62853], [95.49819000000001, 27.630270000000003], [95.49443000000001, 27.632130000000004], [95.49894, 27.634800000000002], [95.50165000000001, 27.639200000000002], [95.50120000000001, 27.642270000000003], [95.50467, 27.642540000000004], [95.50979000000001, 27.642940000000003], [95.51717000000001, 27.634940000000004], [95.51114000000001, 27.632800000000003], [95.50632, 27.630000000000003], [95.50256, 27.62853]]]}}, {"id": "431", "type": "Feature", "properties": {"village_name": "Rupai T E", "vil_lgd": 290258, "district_name": "Tinsukia", "dist_lgd": 302, "subdistrict_name": "Doom Dooma", "sdcode": 2060, "block_name": "Hapjan", "block_lgd": 93.0, "gp_name": "DAISAJAN", "state_name": "ASSAM", "state_lgd": 18, "population": 409, "households": 88}, "geometry": {"type": "Polygon", "coordinates": [[[95.52126000000001, 27.62365], [95.51235000000001, 27.623990000000003], [95.50903000000001, 27.623060000000002], [95.50346, 27.621190000000002], [95.50108, 27.6244], [95.49623000000001, 27.62506], [95.49819000000001, 27.630270000000003], [95.50256, 27.62853], [95.50632, 27.630000000000003], [95.51114000000001, 27.632800000000003], [95.51717000000001, 27.634940000000004], [95.51988000000001, 27.6292], [95.52126000000001, 27.62365]]]}}, {"id": "432", "type": "Feature", "properties": {"village_name": "Daisajan T E", "vil_lgd": 290204, "district_name": "Tinsukia", "dist_lgd": 302, "subdistrict_name": "Doom Dooma", "sdcode": 2060, "block_name": "Hapjan", "block_lgd": 93.0, "gp_name": "KORDOIGURI", "state_name": "ASSAM", "state_lgd": 18, "population": 490, "households": 89}, "geometry": {"type": "Polygon", "coordinates": [[[95.48644, 27.62319], [95.48072, 27.629600000000003], [95.48765, 27.632270000000002], [95.49141, 27.634130000000003], [95.49443000000001, 27.632130000000004], [95.49819000000001, 27.630270000000003], [95.49623000000001, 27.62506], [95.49141, 27.624260000000003], [95.48644, 27.62319]]]}}, {"id": "433", "type": "Feature", "properties": {"village_name": "Daisa T E", "vil_lgd": 290212, "district_name": "Tinsukia", "dist_lgd": 302, "subdistrict_name": "Doom Dooma", "sdcode": 2060, "block_name": "Hapjan", "block_lgd": 93.0, "gp_name": "KORDOIGURI", "state_name": "ASSAM", "state_lgd": 18, "population": 563, "households": 113}, "geometry": {"type": "Polygon", "coordinates": [[[95.49443000000001, 27.632130000000004], [95.49141, 27.634130000000003], [95.48599, 27.639470000000003], [95.49326, 27.641170000000002], [95.49853, 27.641170000000002], [95.50120000000001, 27.642270000000003], [95.50165000000001, 27.639200000000002], [95.49894, 27.634800000000002], [95.49443000000001, 27.632130000000004]]]}}, {"id": "434", "type": "Feature", "properties": {"village_name": "Daisa Wl P", "vil_lgd": 290181, "district_name": "Tinsukia", "dist_lgd": 302, "subdistrict_name": "Doom Dooma", "sdcode": 2060, "block_name": "Saikhowa", "block_lgd": 92.0, "gp_name": "", "state_name": "ASSAM", "state_lgd": 18, "population": 17, "households": 5}, "geometry": {"type": "Polygon", "coordinates": [[[95.50527000000001, 27.647610000000004], [95.50467, 27.642540000000004], [95.50120000000001, 27.642270000000003], [95.49428, 27.644810000000003], [95.49021, 27.64748], [95.49081000000001, 27.650940000000002], [95.49556000000001, 27.652810000000002], [95.50680000000001, 27.650990000000004], [95.50527000000001, 27.647610000000004]]]}}, {"id": "435", "type": "Feature", "properties": {"village_name": "Daisa T E", "vil_lgd": 290215, "district_name": "Tinsukia", "dist_lgd": 302, "subdistrict_name": "Doom Dooma", "sdcode": 2060, "block_name": "Hapjan", "block_lgd": 93.0, "gp_name": "DAISA", "state_name": "ASSAM", "state_lgd": 18, "population": 275, "households": 58}, "geometry": {"type": "Polygon", "coordinates": [[[95.48042000000001, 27.643210000000003], [95.46581, 27.650810000000003], [95.47349000000001, 27.651880000000002], [95.48464000000001, 27.651880000000002], [95.49021, 27.64748], [95.4881, 27.645470000000003], [95.48419000000001, 27.64441], [95.48042000000001, 27.643210000000003]]]}}, {"id": "436", "type": "Feature", "properties": {"village_name": "Daisajan T E", "vil_lgd": 290205, "district_name": "Tinsukia", "dist_lgd": 302, "subdistrict_name": "Doom Dooma", "sdcode": 2060, "block_name": "Hapjan", "block_lgd": 93.0, "gp_name": "DAISA", "state_name": "ASSAM", "state_lgd": 18, "population": 140, "households": 28}, "geometry": {"type": "Polygon", "coordinates": [[[95.48072, 27.629600000000003], [95.47771, 27.631200000000003], [95.47274, 27.630930000000003], [95.47139000000001, 27.63387], [95.47816, 27.635600000000004], [95.48599, 27.639470000000003], [95.49141, 27.634130000000003], [95.48765, 27.632270000000002], [95.48072, 27.629600000000003]]]}}, {"id": "437", "type": "Feature", "properties": {"village_name": "Daisajan T E", "vil_lgd": 290216, "district_name": "Tinsukia", "dist_lgd": 302, "subdistrict_name": "Doom Dooma", "sdcode": 2060, "block_name": "Hapjan", "block_lgd": 93.0, "gp_name": "DAISA", "state_name": "ASSAM", "state_lgd": 18, "population": 256, "households": 55}, "geometry": {"type": "Polygon", "coordinates": [[[95.47139000000001, 27.63387], [95.46717000000001, 27.637600000000003], [95.46206000000001, 27.650740000000003], [95.46069000000001, 27.653340000000004], [95.46145000000001, 27.655210000000004], [95.46325, 27.65548], [95.46506000000001, 27.653340000000004], [95.46581, 27.650810000000003], [95.48042000000001, 27.643210000000003], [95.48599, 27.639470000000003], [95.47816, 27.635600000000004], [95.47139000000001, 27.63387]]]}}, {"id": "438", "type": "Feature", "properties": {"village_name": "Misimikota", "vil_lgd": 290179, "district_name": "Tinsukia", "dist_lgd": 302, "subdistrict_name": "Doom Dooma", "sdcode": 2060, "block_name": "Saikhowa", "block_lgd": 92.0, "gp_name": "GAKHIVATI", "state_name": "ASSAM", "state_lgd": 18, "population": 889, "households": 178}, "geometry": {"type": "Polygon", "coordinates": [[[95.49214, 27.66268], [95.49229000000001, 27.65558], [95.48464000000001, 27.651880000000002], [95.48223, 27.65668], [95.47892, 27.660950000000003], [95.48323, 27.66373], [95.49214, 27.66268]]]}}, {"id": "439", "type": "Feature", "properties": {"village_name": "Badal Pathar", "vil_lgd": 290158, "district_name": "Tinsukia", "dist_lgd": 302, "subdistrict_name": "Doom Dooma", "sdcode": 2060, "block_name": "Saikhowa", "block_lgd": 92.0, "gp_name": "GAKHIYATI", "state_name": "ASSAM", "state_lgd": 18, "population": 24, "households": 12}, "geometry": {"type": "Polygon", "coordinates": [[[95.48427000000001, 27.668860000000002], [95.48323, 27.66373], [95.47892, 27.660950000000003], [95.46898, 27.668020000000002], [95.46837000000001, 27.672020000000003], [95.47268000000001, 27.67123], [95.47699000000001, 27.67189], [95.48041, 27.671360000000004], [95.48293000000001, 27.672680000000003], [95.48427000000001, 27.668860000000002]]]}}, {"id": "440", "type": "Feature", "properties": {"village_name": "Hatisal Gaon", "vil_lgd": 290202, "district_name": "Tinsukia", "dist_lgd": 302, "subdistrict_name": "Doom Dooma", "sdcode": 2060, "block_name": "Hapjan", "block_lgd": 93.0, "gp_name": "KARDOIGURI", "state_name": "ASSAM", "state_lgd": 18, "population": 352, "households": 64}, "geometry": {"type": "Polygon", "coordinates": [[[95.46898, 27.668020000000002], [95.46476000000001, 27.66588], [95.46069000000001, 27.66588], [95.45798, 27.66682], [95.45151000000001, 27.67002], [95.44940000000001, 27.66842], [95.44819000000001, 27.670420000000004], [95.45151000000001, 27.679090000000002], [95.46837000000001, 27.672020000000003], [95.46898, 27.668020000000002]]]}}, {"id": "441", "type": "Feature", "properties": {"village_name": "Katual Khuti", "vil_lgd": 290056, "district_name": "Tinsukia", "dist_lgd": 302, "subdistrict_name": "Sadiya", "sdcode": 2059, "block_name": "Sadiya", "block_lgd": 91.0, "gp_name": "", "state_name": "ASSAM", "state_lgd": 18, "population": 247, "households": 46}, "geometry": {"type": "Polygon", "coordinates": [[[95.6114, 27.8868], [95.61096, 27.887850000000004], [95.61188000000001, 27.88829], [95.61264000000001, 27.88755], [95.61177, 27.886730000000004], [95.6114, 27.8868]]]}}, {"id": "442", "type": "Feature", "properties": {"village_name": "Kumsang T E", "vil_lgd": 290387, "district_name": "Tinsukia", "dist_lgd": 302, "subdistrict_name": "Doom Dooma", "sdcode": 2060, "block_name": "Kakapathar", "block_lgd": 94.0, "gp_name": "KAKAPATHER", "state_name": "ASSAM", "state_lgd": 18, "population": 1543, "households": 303}, "geometry": {"type": "Polygon", "coordinates": [[[95.61915, 27.609650000000002], [95.62015000000001, 27.61285], [95.62723000000001, 27.615920000000003], [95.63340000000001, 27.623530000000002], [95.63895000000001, 27.62506], [95.63995000000001, 27.62254], [95.63906000000001, 27.61952], [95.62777000000001, 27.61175], [95.62376, 27.610300000000002], [95.61915, 27.609650000000002]]]}}, {"id": "443", "type": "Feature", "properties": {"village_name": "Hatisal Gaon", "vil_lgd": 290203, "district_name": "Tinsukia", "dist_lgd": 302, "subdistrict_name": "Doom Dooma", "sdcode": 2060, "block_name": "Hapjan", "block_lgd": 93.0, "gp_name": "KORDOIGURI", "state_name": "ASSAM", "state_lgd": 18, "population": 3277, "households": 594}, "geometry": {"type": "Polygon", "coordinates": [[[95.46069000000001, 27.66588], [95.46476000000001, 27.66588], [95.46898, 27.668020000000002], [95.47892, 27.660950000000003], [95.48223, 27.65668], [95.48464000000001, 27.651880000000002], [95.47349000000001, 27.651880000000002], [95.46581, 27.650810000000003], [95.46506000000001, 27.653340000000004], [95.46325, 27.65548], [95.46145000000001, 27.655210000000004], [95.46069000000001, 27.653340000000004], [95.45452, 27.66242], [95.44940000000001, 27.66842], [95.45151000000001, 27.67002], [95.45798, 27.66682], [95.46069000000001, 27.66588]]]}}, {"id": "444", "type": "Feature", "properties": {"village_name": "Kardoiguri", "vil_lgd": 290200, "district_name": "Tinsukia", "dist_lgd": 302, "subdistrict_name": "Doom Dooma", "sdcode": 2060, "block_name": "Hapjan", "block_lgd": 93.0, "gp_name": "KARDOIGURI", "state_name": "ASSAM", "state_lgd": 18, "population": 118, "households": 21}, "geometry": {"type": "Polygon", "coordinates": [[[95.43886, 27.66081], [95.44353000000001, 27.660680000000003], [95.44322000000001, 27.656550000000003], [95.44081000000001, 27.65161], [95.43856000000001, 27.648940000000003], [95.43921, 27.64628], [95.43059000000001, 27.645220000000002], [95.42718, 27.646800000000002], [95.42435, 27.64917], [95.42911000000001, 27.65351], [95.42911000000001, 27.658640000000002], [95.43015000000001, 27.66036], [95.43356000000001, 27.661140000000003], [95.43787, 27.66522], [95.43861000000001, 27.67114], [95.44144000000001, 27.676140000000004], [95.44173, 27.67838], [95.44768, 27.685090000000002], [95.45258000000001, 27.693510000000003], [95.45724000000001, 27.693700000000003], [95.46035, 27.690310000000004], [95.45605, 27.684780000000003], [95.45151000000001, 27.679090000000002], [95.44819000000001, 27.670420000000004], [95.44443000000001, 27.66935], [95.44187000000001, 27.666280000000004], [95.43886, 27.66081]]]}}, {"id": "445", "type": "Feature", "properties": {"village_name": "Kardoiguri", "vil_lgd": 290201, "district_name": "Tinsukia", "dist_lgd": 302, "subdistrict_name": "Doom Dooma", "sdcode": 2060, "block_name": "Hapjan", "block_lgd": 93.0, "gp_name": "KARDAIGURI", "state_name": "ASSAM", "state_lgd": 18, "population": 2235, "households": 380}, "geometry": {"type": "Polygon", "coordinates": [[[95.46069000000001, 27.653340000000004], [95.46206000000001, 27.650740000000003], [95.45934000000001, 27.65001], [95.45316000000001, 27.64654], [95.45, 27.642270000000003], [95.44025, 27.64299], [95.43921, 27.64628], [95.43856000000001, 27.648940000000003], [95.44081000000001, 27.65161], [95.44322000000001, 27.656550000000003], [95.44353000000001, 27.660680000000003], [95.43886, 27.66081], [95.44187000000001, 27.666280000000004], [95.44443000000001, 27.66935], [95.44819000000001, 27.670420000000004], [95.44940000000001, 27.66842], [95.45452, 27.66242], [95.46069000000001, 27.653340000000004]]]}}, {"id": "446", "type": "Feature", "properties": {"village_name": "Kardaiguri Gaon", "vil_lgd": 290217, "district_name": "Tinsukia", "dist_lgd": 302, "subdistrict_name": "Doom Dooma", "sdcode": 2060, "block_name": "Hapjan", "block_lgd": 93.0, "gp_name": "KORDOIGURI", "state_name": "ASSAM", "state_lgd": 18, "population": 530, "households": 103}, "geometry": {"type": "Polygon", "coordinates": [[[95.45979000000001, 27.63293], [95.45602000000001, 27.639070000000004], [95.45, 27.642270000000003], [95.45316000000001, 27.64654], [95.45934000000001, 27.65001], [95.46206000000001, 27.650740000000003], [95.46717000000001, 27.637600000000003], [95.45979000000001, 27.63293]]]}}, {"id": "447", "type": "Feature", "properties": {"village_name": "Kecheruguri Gaon", "vil_lgd": 290219, "district_name": "Tinsukia", "dist_lgd": 302, "subdistrict_name": "Doom Dooma", "sdcode": 2060, "block_name": "Hapjan", "block_lgd": 93.0, "gp_name": "KARDOIGURI", "state_name": "ASSAM", "state_lgd": 18, "population": 891, "households": 153}, "geometry": {"type": "Polygon", "coordinates": [[[95.43027000000001, 27.628800000000002], [95.42911000000001, 27.63022], [95.43208000000001, 27.6368], [95.43342000000001, 27.640620000000002], [95.44025, 27.64299], [95.45, 27.642270000000003], [95.44609000000001, 27.63867], [95.44157000000001, 27.629060000000003], [95.43690000000001, 27.6292], [95.43027000000001, 27.628800000000002]]]}}, {"id": "448", "type": "Feature", "properties": {"village_name": "Jakaichuk Gaon", "vil_lgd": 290220, "district_name": "Tinsukia", "dist_lgd": 302, "subdistrict_name": "Doom Dooma", "sdcode": 2060, "block_name": "Hapjan", "block_lgd": 93.0, "gp_name": "KARDOIGURI", "state_name": "ASSAM", "state_lgd": 18, "population": 736, "households": 122}, "geometry": {"type": "Polygon", "coordinates": [[[95.4488, 27.618520000000004], [95.43615000000001, 27.620530000000002], [95.43027000000001, 27.628800000000002], [95.43690000000001, 27.6292], [95.44157000000001, 27.629060000000003], [95.44955, 27.626260000000002], [95.45362, 27.622390000000003], [95.44955, 27.619860000000003], [95.4488, 27.618520000000004]]]}}, {"id": "449", "type": "Feature", "properties": {"village_name": "Kajanga Gaon", "vil_lgd": 290218, "district_name": "Tinsukia", "dist_lgd": 302, "subdistrict_name": "Doom Dooma", "sdcode": 2060, "block_name": "Hapjan", "block_lgd": 93.0, "gp_name": "AHAIMURIA", "state_name": "ASSAM", "state_lgd": 18, "population": 867, "households": 150}, "geometry": {"type": "Polygon", "coordinates": [[[95.45979000000001, 27.63293], [95.46717000000001, 27.637600000000003], [95.47139000000001, 27.63387], [95.47274, 27.630930000000003], [95.46627000000001, 27.62853], [95.46069000000001, 27.625200000000003], [95.45362, 27.622390000000003], [95.44955, 27.626260000000002], [95.44157000000001, 27.629060000000003], [95.44609000000001, 27.63867], [95.45, 27.642270000000003], [95.45602000000001, 27.639070000000004], [95.45979000000001, 27.63293]]]}}, {"id": "450", "type": "Feature", "properties": {"village_name": "Rupai T E", "vil_lgd": 290231, "district_name": "Tinsukia", "dist_lgd": 302, "subdistrict_name": "Doom Dooma", "sdcode": 2060, "block_name": "Hapjan", "block_lgd": 93.0, "gp_name": "", "state_name": "ASSAM", "state_lgd": 18, "population": 260, "households": 57}, "geometry": {"type": "Polygon", "coordinates": [[[95.48931, 27.61812], [95.47670000000001, 27.62103], [95.46675, 27.61972], [95.46069000000001, 27.625200000000003], [95.46627000000001, 27.62853], [95.47274, 27.630930000000003], [95.47771, 27.631200000000003], [95.48072, 27.629600000000003], [95.48644, 27.62319], [95.48931, 27.61812]]]}}, {"id": "451", "type": "Feature", "properties": {"village_name": "Rupai T E", "vil_lgd": 290228, "district_name": "Tinsukia", "dist_lgd": 302, "subdistrict_name": "Doom Dooma", "sdcode": 2060, "block_name": "Hapjan", "block_lgd": 93.0, "gp_name": "DAISAJAN", "state_name": "ASSAM", "state_lgd": 18, "population": 1724, "households": 353}, "geometry": {"type": "Polygon", "coordinates": [[[95.45902000000001, 27.605110000000003], [95.45873, 27.606690000000004], [95.4488, 27.618520000000004], [95.44955, 27.619860000000003], [95.45362, 27.622390000000003], [95.46069000000001, 27.625200000000003], [95.46675, 27.61972], [95.46214, 27.614320000000003], [95.46259, 27.607470000000003], [95.46051000000001, 27.605500000000003], [95.45902000000001, 27.605110000000003]]]}}, {"id": "452", "type": "Feature", "properties": {"village_name": "Kumchang Te", "vil_lgd": 290404, "district_name": "Tinsukia", "dist_lgd": 302, "subdistrict_name": "Doom Dooma", "sdcode": 2060, "block_name": "Kakapathar", "block_lgd": 94.0, "gp_name": "KUMSONG", "state_name": "ASSAM", "state_lgd": 18, "population": 275, "households": 55}, "geometry": {"type": "Polygon", "coordinates": [[[95.65614000000001, 27.60245], [95.6499, 27.603460000000002], [95.64292, 27.603460000000002], [95.63906000000001, 27.61952], [95.64871000000001, 27.617150000000002], [95.6563, 27.613120000000002], [95.65645, 27.607120000000002], [95.65614000000001, 27.60245]]]}}, {"id": "453", "type": "Feature", "properties": {"village_name": "Rupai T E", "vil_lgd": 290230, "district_name": "Tinsukia", "dist_lgd": 302, "subdistrict_name": "Doom Dooma", "sdcode": 2060, "block_name": "Hapjan", "block_lgd": 93.0, "gp_name": "DAISAJAN", "state_name": "ASSAM", "state_lgd": 18, "population": 319, "households": 60}, "geometry": {"type": "Polygon", "coordinates": [[[95.47715000000001, 27.60076], [95.47729000000001, 27.60208], [95.47358000000001, 27.606550000000002], [95.47536000000001, 27.609840000000002], [95.48487, 27.61643], [95.48931, 27.61812], [95.49593, 27.609720000000003], [95.49653, 27.606910000000003], [95.49533000000001, 27.60358], [95.49051000000001, 27.60171], [95.47715000000001, 27.60076]]]}}, {"id": "454", "type": "Feature", "properties": {"village_name": "Bor Rupai Gaon", "vil_lgd": 290229, "district_name": "Tinsukia", "dist_lgd": 302, "subdistrict_name": "Doom Dooma", "sdcode": 2060, "block_name": "Hapjan", "block_lgd": 93.0, "gp_name": "DAISAJAN", "state_name": "ASSAM", "state_lgd": 18, "population": 3128, "households": 590}, "geometry": {"type": "Polygon", "coordinates": [[[95.46541, 27.605240000000002], [95.46259, 27.607470000000003], [95.46214, 27.614320000000003], [95.46675, 27.61972], [95.47670000000001, 27.62103], [95.48931, 27.61812], [95.48487, 27.61643], [95.47536000000001, 27.609840000000002], [95.47358000000001, 27.606550000000002], [95.47120000000001, 27.604580000000002], [95.46541, 27.605240000000002]]]}}, {"id": "455", "type": "Feature", "properties": {"village_name": "Chota Rupai Gaon", "vil_lgd": 290243, "district_name": "Tinsukia", "dist_lgd": 302, "subdistrict_name": "Doom Dooma", "sdcode": 2060, "block_name": "Hapjan", "block_lgd": 93.0, "gp_name": "DAISAJAN", "state_name": "ASSAM", "state_lgd": 18, "population": 223, "households": 41}, "geometry": {"type": "Polygon", "coordinates": [[[95.47729000000001, 27.60208], [95.47715000000001, 27.60076], [95.47492000000001, 27.59615], [95.46541, 27.596680000000003], [95.46452000000001, 27.600630000000002], [95.46051000000001, 27.605500000000003], [95.46259, 27.607470000000003], [95.46541, 27.605240000000002], [95.47120000000001, 27.604580000000002], [95.47358000000001, 27.606550000000002], [95.47729000000001, 27.60208]]]}}, {"id": "456", "type": "Feature", "properties": {"village_name": "Rupai T E", "vil_lgd": 290242, "district_name": "Tinsukia", "dist_lgd": 302, "subdistrict_name": "Doom Dooma", "sdcode": 2060, "block_name": "Hapjan", "block_lgd": 93.0, "gp_name": "DAISAJAN", "state_name": "ASSAM", "state_lgd": 18, "population": 1991, "households": 395}, "geometry": {"type": "Polygon", "coordinates": [[[95.49136000000001, 27.593110000000003], [95.47492000000001, 27.59615], [95.47715000000001, 27.60076], [95.49051000000001, 27.60171], [95.49458000000001, 27.59757], [95.49172, 27.5941], [95.49136000000001, 27.593110000000003]]]}}, {"id": "457", "type": "Feature", "properties": {"village_name": "Diamuli T E", "vil_lgd": 290267, "district_name": "Tinsukia", "dist_lgd": 302, "subdistrict_name": "Doom Dooma", "sdcode": 2060, "block_name": "Hapjan", "block_lgd": 93.0, "gp_name": "BANDARKHAT", "state_name": "ASSAM", "state_lgd": 18, "population": 12, "households": 3}, "geometry": {"type": "Polygon", "coordinates": [[[95.47019, 27.58564], [95.46912, 27.59155], [95.47269000000001, 27.593390000000003], [95.47492000000001, 27.59615], [95.49136000000001, 27.593110000000003], [95.49066, 27.59117], [95.48780000000001, 27.59063], [95.48313, 27.587030000000002], [95.47560000000001, 27.58676], [95.47019, 27.58564]]]}}, {"id": "458", "type": "Feature", "properties": {"village_name": "Diamuli T E", "vil_lgd": 290257, "district_name": "Tinsukia", "dist_lgd": 302, "subdistrict_name": "Doom Dooma", "sdcode": 2060, "block_name": "Hapjan", "block_lgd": 93.0, "gp_name": "BANDARKHAT", "state_name": "ASSAM", "state_lgd": 18, "population": 705, "households": 147}, "geometry": {"type": "Polygon", "coordinates": [[[95.46428, 27.584190000000003], [95.45648000000001, 27.586630000000003], [95.45798, 27.593390000000003], [95.45769000000001, 27.595760000000002], [95.46541, 27.596680000000003], [95.47492000000001, 27.59615], [95.47269000000001, 27.593390000000003], [95.46912, 27.59155], [95.47019, 27.58564], [95.46657, 27.58489], [95.46428, 27.584190000000003]]]}}, {"id": "459", "type": "Feature", "properties": {"village_name": "Diamuli T E", "vil_lgd": 290244, "district_name": "Tinsukia", "dist_lgd": 302, "subdistrict_name": "Doom Dooma", "sdcode": 2060, "block_name": "Hapjan", "block_lgd": 93.0, "gp_name": "BANDARKHAT", "state_name": "ASSAM", "state_lgd": 18, "population": 1881, "households": 349}, "geometry": {"type": "Polygon", "coordinates": [[[95.46452000000001, 27.600630000000002], [95.46541, 27.596680000000003], [95.45769000000001, 27.595760000000002], [95.44907, 27.595360000000003], [95.45160000000001, 27.60471], [95.45472000000001, 27.60603], [95.45902000000001, 27.605110000000003], [95.46051000000001, 27.605500000000003], [95.46452000000001, 27.600630000000002]]]}}, {"id": "460", "type": "Feature", "properties": {"village_name": "Dohutia Gaon", "vil_lgd": 290245, "district_name": "Tinsukia", "dist_lgd": 302, "subdistrict_name": "Doom Dooma", "sdcode": 2060, "block_name": "Hapjan", "block_lgd": 93.0, "gp_name": "BANDARKHAT", "state_name": "ASSAM", "state_lgd": 18, "population": 483, "households": 94}, "geometry": {"type": "Polygon", "coordinates": [[[95.44075000000001, 27.595100000000002], [95.44031000000001, 27.599840000000004], [95.44268000000001, 27.602470000000004], [95.44744000000001, 27.60497], [95.45160000000001, 27.60471], [95.44907, 27.595360000000003], [95.44491000000001, 27.594710000000003], [95.44075000000001, 27.595100000000002]]]}}, {"id": "461", "type": "Feature", "properties": {"village_name": "Diamuli T E", "vil_lgd": 290256, "district_name": "Tinsukia", "dist_lgd": 302, "subdistrict_name": "Doom Dooma", "sdcode": 2060, "block_name": "Hapjan", "block_lgd": 93.0, "gp_name": "BANDARKHAT", "state_name": "ASSAM", "state_lgd": 18, "population": 1226, "households": 258}, "geometry": {"type": "Polygon", "coordinates": [[[95.45798, 27.593390000000003], [95.45648000000001, 27.586630000000003], [95.4385, 27.582400000000003], [95.43603, 27.58425], [95.43912, 27.589830000000003], [95.43867, 27.595760000000002], [95.44075000000001, 27.595100000000002], [95.44491000000001, 27.594710000000003], [95.44907, 27.595360000000003], [95.45769000000001, 27.595760000000002], [95.45798, 27.593390000000003]]]}}, {"id": "462", "type": "Feature", "properties": {"village_name": "Daimukhiya T E", "vil_lgd": 290233, "district_name": "Tinsukia", "dist_lgd": 302, "subdistrict_name": "Doom Dooma", "sdcode": 2060, "block_name": "Hapjan", "block_lgd": 93.0, "gp_name": "DOIMUKHIA", "state_name": "ASSAM", "state_lgd": 18, "population": 1177, "households": 240}, "geometry": {"type": "Polygon", "coordinates": [[[95.43603, 27.58425], [95.43362, 27.586810000000003], [95.42976, 27.589180000000002], [95.4311, 27.590490000000003], [95.42902000000001, 27.59484], [95.42872000000001, 27.599050000000002], [95.43006000000001, 27.600890000000003], [95.43585, 27.599050000000002], [95.43867, 27.595760000000002], [95.43912, 27.589830000000003], [95.43603, 27.58425]]]}}, {"id": "463", "type": "Feature", "properties": {"village_name": "Rupai T E", "vil_lgd": 290227, "district_name": "Tinsukia", "dist_lgd": 302, "subdistrict_name": "Doom Dooma", "sdcode": 2060, "block_name": "Hapjan", "block_lgd": 93.0, "gp_name": "DAISAJAN", "state_name": "ASSAM", "state_lgd": 18, "population": 102, "households": 26}, "geometry": {"type": "Polygon", "coordinates": [[[95.42519000000001, 27.581550000000004], [95.42006, 27.578860000000002], [95.41759, 27.582400000000003], [95.41877000000001, 27.583510000000004], [95.41802000000001, 27.58509], [95.42590000000001, 27.584570000000003], [95.42976, 27.589180000000002], [95.43362, 27.586810000000003], [95.43603, 27.58425], [95.42519000000001, 27.581550000000004]]]}}, {"id": "464", "type": "Feature", "properties": {"village_name": "Baghjan T E", "vil_lgd": 290270, "district_name": "Tinsukia", "dist_lgd": 302, "subdistrict_name": "Doom Dooma", "sdcode": 2060, "block_name": "Hapjan", "block_lgd": 93.0, "gp_name": "KORDAIGURI", "state_name": "ASSAM", "state_lgd": 18, "population": 1250, "households": 242}, "geometry": {"type": "Polygon", "coordinates": [[[95.41802000000001, 27.58509], [95.41877000000001, 27.583510000000004], [95.41759, 27.582400000000003], [95.40333000000001, 27.582570000000004], [95.40267000000001, 27.585200000000004], [95.40177000000001, 27.588230000000003], [95.4103, 27.587600000000002], [95.41372000000001, 27.58904], [95.41520000000001, 27.59062], [95.41609000000001, 27.588910000000002], [95.41802000000001, 27.58509]]]}}, {"id": "465", "type": "Feature", "properties": {"village_name": "Baghjan T E", "vil_lgd": 290253, "district_name": "Tinsukia", "dist_lgd": 302, "subdistrict_name": "Doom Dooma", "sdcode": 2060, "block_name": "Hapjan", "block_lgd": 93.0, "gp_name": "KORDAIGURI", "state_name": "ASSAM", "state_lgd": 18, "population": 790, "households": 152}, "geometry": {"type": "Polygon", "coordinates": [[[95.4103, 27.587600000000002], [95.40177000000001, 27.588230000000003], [95.39895000000001, 27.59165], [95.40718000000001, 27.59589], [95.41089000000001, 27.597600000000003], [95.41185, 27.59522], [95.41520000000001, 27.59062], [95.41372000000001, 27.58904], [95.4103, 27.587600000000002]]]}}, {"id": "466", "type": "Feature", "properties": {"village_name": "Baghjan T E", "vil_lgd": 290222, "district_name": "Tinsukia", "dist_lgd": 302, "subdistrict_name": "Doom Dooma", "sdcode": 2060, "block_name": "Hapjan", "block_lgd": 93.0, "gp_name": "KORDAIGURI", "state_name": "ASSAM", "state_lgd": 18, "population": 950, "households": 206}, "geometry": {"type": "Polygon", "coordinates": [[[95.39895000000001, 27.59165], [95.39021000000001, 27.59419], [95.39737000000001, 27.601160000000004], [95.40807000000001, 27.608660000000004], [95.41089000000001, 27.597600000000003], [95.40718000000001, 27.59589], [95.39895000000001, 27.59165]]]}}, {"id": "467", "type": "Feature", "properties": {"village_name": "Gatang Gaon", "vil_lgd": 290221, "district_name": "Tinsukia", "dist_lgd": 302, "subdistrict_name": "Doom Dooma", "sdcode": 2060, "block_name": "Hapjan", "block_lgd": 93.0, "gp_name": "KARDOIGURI", "state_name": "ASSAM", "state_lgd": 18, "population": 796, "households": 152}, "geometry": {"type": "Polygon", "coordinates": [[[95.41782, 27.618240000000004], [95.41574000000001, 27.62996], [95.42391, 27.629690000000004], [95.42911000000001, 27.63022], [95.43027000000001, 27.628800000000002], [95.43615000000001, 27.620530000000002], [95.42471, 27.61945], [95.41782, 27.618240000000004]]]}}, {"id": "468", "type": "Feature", "properties": {"village_name": "Baghjan T E", "vil_lgd": 290225, "district_name": "Tinsukia", "dist_lgd": 302, "subdistrict_name": "Doom Dooma", "sdcode": 2060, "block_name": "Hapjan", "block_lgd": 93.0, "gp_name": "KARDAIGURI", "state_name": "ASSAM", "state_lgd": 18, "population": 985, "households": 189}, "geometry": {"type": "Polygon", "coordinates": [[[95.42114000000001, 27.611950000000004], [95.41624, 27.613400000000002], [95.41074, 27.612610000000004], [95.40807000000001, 27.608660000000004], [95.40688, 27.613660000000003], [95.40727000000001, 27.618380000000002], [95.41782, 27.618240000000004], [95.42471, 27.61945], [95.42441000000001, 27.615900000000003], [95.42605, 27.613400000000002], [95.42114000000001, 27.611950000000004]]]}}, {"id": "469", "type": "Feature", "properties": {"village_name": "Kumchang T E", "vil_lgd": 290402, "district_name": "Tinsukia", "dist_lgd": 302, "subdistrict_name": "Doom Dooma", "sdcode": 2060, "block_name": "Kakapathar", "block_lgd": 94.0, "gp_name": "KUMSONG", "state_name": "ASSAM", "state_lgd": 18, "population": 1095, "households": 203}, "geometry": {"type": "Polygon", "coordinates": [[[95.62732000000001, 27.59635], [95.62272, 27.594240000000003], [95.62019000000001, 27.59898], [95.61871000000001, 27.59898], [95.61871000000001, 27.60096], [95.61574, 27.60714], [95.61915, 27.609650000000002], [95.62376, 27.610300000000002], [95.62777000000001, 27.61175], [95.62881, 27.60162], [95.62732000000001, 27.59635]]]}}, {"id": "470", "type": "Feature", "properties": {"village_name": "Diamuli T E", "vil_lgd": 290226, "district_name": "Tinsukia", "dist_lgd": 302, "subdistrict_name": "Doom Dooma", "sdcode": 2060, "block_name": "Hapjan", "block_lgd": 93.0, "gp_name": "BANDARKHAT", "state_name": "ASSAM", "state_lgd": 18, "population": 438, "households": 88}, "geometry": {"type": "Polygon", "coordinates": [[[95.45902000000001, 27.605110000000003], [95.45472000000001, 27.60603], [95.45160000000001, 27.60471], [95.44744000000001, 27.60497], [95.44268000000001, 27.602470000000004], [95.44031000000001, 27.599840000000004], [95.44075000000001, 27.595100000000002], [95.43867, 27.595760000000002], [95.43585, 27.599050000000002], [95.43006000000001, 27.600890000000003], [95.43035, 27.60497], [95.42902000000001, 27.609450000000002], [95.42605, 27.613400000000002], [95.42441000000001, 27.615900000000003], [95.42471, 27.61945], [95.43615000000001, 27.620530000000002], [95.4488, 27.618520000000004], [95.45873, 27.606690000000004], [95.45902000000001, 27.605110000000003]]]}}, {"id": "471", "type": "Feature", "properties": {"village_name": "Diamuli T E", "vil_lgd": 290255, "district_name": "Tinsukia", "dist_lgd": 302, "subdistrict_name": "Doom Dooma", "sdcode": 2060, "block_name": "Hapjan", "block_lgd": 93.0, "gp_name": "DOOMDOMA", "state_name": "ASSAM", "state_lgd": 18, "population": 97, "households": 22}, "geometry": {"type": "Polygon", "coordinates": [[[95.41802000000001, 27.58509], [95.41609000000001, 27.588910000000002], [95.41520000000001, 27.59062], [95.41981000000001, 27.592070000000003], [95.42902000000001, 27.59484], [95.4311, 27.590490000000003], [95.42976, 27.589180000000002], [95.42590000000001, 27.584570000000003], [95.41802000000001, 27.58509]]]}}, {"id": "472", "type": "Feature", "properties": {"village_name": "Diamuli T E", "vil_lgd": 290254, "district_name": "Tinsukia", "dist_lgd": 302, "subdistrict_name": "Doom Dooma", "sdcode": 2060, "block_name": "Hapjan", "block_lgd": 93.0, "gp_name": "BANDARKHAT", "state_name": "ASSAM", "state_lgd": 18, "population": 1423, "households": 293}, "geometry": {"type": "Polygon", "coordinates": [[[95.41520000000001, 27.59062], [95.41185, 27.59522], [95.41639, 27.596680000000003], [95.42307000000001, 27.597080000000002], [95.42902000000001, 27.59484], [95.41981000000001, 27.592070000000003], [95.41520000000001, 27.59062]]]}}, {"id": "473", "type": "Feature", "properties": {"village_name": "Diamuli T E", "vil_lgd": 290247, "district_name": "Tinsukia", "dist_lgd": 302, "subdistrict_name": "Doom Dooma", "sdcode": 2060, "block_name": "Hapjan", "block_lgd": 93.0, "gp_name": "BANDARKHAT", "state_name": "ASSAM", "state_lgd": 18, "population": 2063, "households": 398}, "geometry": {"type": "Polygon", "coordinates": [[[95.41185, 27.59522], [95.41089000000001, 27.597600000000003], [95.40807000000001, 27.608660000000004], [95.41074, 27.612610000000004], [95.41624, 27.613400000000002], [95.42114000000001, 27.611950000000004], [95.41684000000001, 27.601020000000002], [95.41639, 27.596680000000003], [95.41185, 27.59522]]]}}, {"id": "474", "type": "Feature", "properties": {"village_name": "Diamuli T E", "vil_lgd": 290269, "district_name": "Tinsukia", "dist_lgd": 302, "subdistrict_name": "Doom Dooma", "sdcode": 2060, "block_name": "Hapjan", "block_lgd": 93.0, "gp_name": "BANDARKHAT", "state_name": "ASSAM", "state_lgd": 18, "population": 0, "households": 0}, "geometry": {"type": "Polygon", "coordinates": [[[95.43375, 27.568910000000002], [95.43090000000001, 27.573130000000003], [95.43090000000001, 27.576330000000002], [95.43356000000001, 27.580370000000002], [95.4385, 27.582400000000003], [95.44288, 27.577], [95.44554000000001, 27.5711], [95.4406, 27.56959], [95.43375, 27.568910000000002]]]}}, {"id": "475", "type": "Feature", "properties": {"village_name": "Darjijan Gaon", "vil_lgd": 290198, "district_name": "Tinsukia", "dist_lgd": 302, "subdistrict_name": "Doom Dooma", "sdcode": 2060, "block_name": "Hapjan", "block_lgd": 93.0, "gp_name": "KARDOIGURI", "state_name": "ASSAM", "state_lgd": 18, "population": 0, "households": 0}, "geometry": {"type": "Polygon", "coordinates": [[[95.41574000000001, 27.62996], [95.41306, 27.635350000000003], [95.40988, 27.638820000000003], [95.41166000000001, 27.64197], [95.41529000000001, 27.639960000000002], [95.42138000000001, 27.638250000000003], [95.43208000000001, 27.6368], [95.42911000000001, 27.63022], [95.42391, 27.629690000000004], [95.41574000000001, 27.62996]]]}}, {"id": "476", "type": "Feature", "properties": {"village_name": "Kaitia Gaon", "vil_lgd": 290156, "district_name": "Tinsukia", "dist_lgd": 302, "subdistrict_name": "Doom Dooma", "sdcode": 2060, "block_name": "Saikhowa", "block_lgd": 92.0, "gp_name": "GAKHIR BHETI", "state_name": "ASSAM", "state_lgd": 18, "population": 0, "households": 0}, "geometry": {"type": "Polygon", "coordinates": [[[95.41416000000001, 27.646710000000002], [95.41962000000001, 27.661530000000003], [95.43015000000001, 27.66036], [95.42911000000001, 27.658640000000002], [95.42911000000001, 27.65351], [95.42435, 27.64917], [95.41416000000001, 27.646710000000002]]]}}, {"id": "477", "type": "Feature", "properties": {"village_name": "Kaitia Gaon", "vil_lgd": 290155, "district_name": "Tinsukia", "dist_lgd": 302, "subdistrict_name": "Doom Dooma", "sdcode": 2060, "block_name": "Saikhowa", "block_lgd": 92.0, "gp_name": "GAKHIR BHETI", "state_name": "ASSAM", "state_lgd": 18, "population": 0, "households": 0}, "geometry": {"type": "Polygon", "coordinates": [[[95.43015000000001, 27.66036], [95.41962000000001, 27.661530000000003], [95.42450000000001, 27.672610000000002], [95.42984000000001, 27.676710000000003], [95.43519, 27.682710000000004], [95.43951000000001, 27.68062], [95.44173, 27.67838], [95.44144000000001, 27.676140000000004], [95.43861000000001, 27.67114], [95.43787, 27.66522], [95.43356000000001, 27.661140000000003], [95.43015000000001, 27.66036]]]}}, {"id": "478", "type": "Feature", "properties": {"village_name": "Ajukha N C", "vil_lgd": 290116, "district_name": "Tinsukia", "dist_lgd": 302, "subdistrict_name": "Doom Dooma", "sdcode": 2060, "block_name": "Saikhowa", "block_lgd": 92.0, "gp_name": "ARHAIMURIA", "state_name": "ASSAM", "state_lgd": 18, "population": 0, "households": 0}, "geometry": {"type": "Polygon", "coordinates": [[[95.43053, 27.723850000000002], [95.42450000000001, 27.733210000000003], [95.43662, 27.737940000000002], [95.45516, 27.73889], [95.45733000000001, 27.736900000000002], [95.45926000000001, 27.73007], [95.45585000000001, 27.728620000000003], [95.44367000000001, 27.72783], [95.43639, 27.725600000000004], [95.43053, 27.723850000000002]]]}}, {"id": "479", "type": "Feature", "properties": {"village_name": "Ajukha N C", "vil_lgd": 290117, "district_name": "Tinsukia", "dist_lgd": 302, "subdistrict_name": "Doom Dooma", "sdcode": 2060, "block_name": "Saikhowa", "block_lgd": 92.0, "gp_name": "DANGARI", "state_name": "ASSAM", "state_lgd": 18, "population": 0, "households": 0}, "geometry": {"type": "Polygon", "coordinates": [[[95.43626, 27.718690000000002], [95.42806, 27.723110000000002], [95.43053, 27.723850000000002], [95.43639, 27.725600000000004], [95.44367000000001, 27.72783], [95.45585000000001, 27.728620000000003], [95.45926000000001, 27.73007], [95.46402, 27.72481], [95.46402, 27.722050000000003], [95.46313, 27.720470000000002], [95.45941, 27.719420000000003], [95.45094, 27.719020000000004], [95.43626, 27.718690000000002]]]}}, {"id": "480", "type": "Feature", "properties": {"village_name": "Balunola N C", "vil_lgd": 290088, "district_name": "Tinsukia", "dist_lgd": 302, "subdistrict_name": "Doom Dooma", "sdcode": 2060, "block_name": "Saikhowa", "block_lgd": 92.0, "gp_name": "BALUNOLA N.C", "state_name": "ASSAM", "state_lgd": 18, "population": 0, "households": 0}, "geometry": {"type": "Polygon", "coordinates": [[[95.49016, 27.742690000000003], [95.47887000000001, 27.745060000000002], [95.48095, 27.749530000000004], [95.48333000000001, 27.75137], [95.49655000000001, 27.754130000000004], [95.49863, 27.74782], [95.50175, 27.745320000000003], [95.49714, 27.743610000000004], [95.49016, 27.742690000000003]]]}}, {"id": "481", "type": "Feature", "properties": {"village_name": "Kailashpur T E", "vil_lgd": 290115, "district_name": "Tinsukia", "dist_lgd": 302, "subdistrict_name": "Doom Dooma", "sdcode": 2060, "block_name": "Saikhowa", "block_lgd": 92.0, "gp_name": "DANGAR", "state_name": "ASSAM", "state_lgd": 18, "population": 0, "households": 0}, "geometry": {"type": "Polygon", "coordinates": [[[95.46402, 27.72481], [95.45926000000001, 27.73007], [95.45733000000001, 27.736900000000002], [95.45516, 27.73889], [95.46264000000001, 27.741100000000003], [95.47491000000001, 27.733760000000004], [95.47776, 27.733130000000003], [95.4732, 27.72884], [95.4702, 27.724420000000002], [95.46402, 27.72481]]]}}, {"id": "482", "type": "Feature", "properties": {"village_name": "Borchakali N C", "vil_lgd": 290151, "district_name": "Tinsukia", "dist_lgd": 302, "subdistrict_name": "Doom Dooma", "sdcode": 2060, "block_name": "Saikhowa", "block_lgd": 92.0, "gp_name": "GAKHIR BHETI", "state_name": "ASSAM", "state_lgd": 18, "population": 0, "households": 0}, "geometry": {"type": "Polygon", "coordinates": [[[95.48546, 27.722530000000003], [95.4702, 27.724420000000002], [95.4732, 27.72884], [95.47776, 27.733130000000003], [95.48789000000001, 27.72959], [95.4886, 27.727700000000002], [95.48760000000001, 27.72341], [95.48546, 27.722530000000003]]]}}, {"id": "483", "type": "Feature", "properties": {"village_name": "Sapmari Gaon N C", "vil_lgd": 290121, "district_name": "Tinsukia", "dist_lgd": 302, "subdistrict_name": "Doom Dooma", "sdcode": 2060, "block_name": "Saikhowa", "block_lgd": 92.0, "gp_name": "", "state_name": "ASSAM", "state_lgd": 18, "population": 0, "households": 0}, "geometry": {"type": "Polygon", "coordinates": [[[95.47391, 27.715460000000004], [95.46806000000001, 27.72164], [95.4702, 27.724420000000002], [95.48546, 27.722530000000003], [95.48164000000001, 27.720720000000004], [95.47904000000001, 27.719500000000004], [95.47391, 27.715460000000004]]]}}, {"id": "484", "type": "Feature", "properties": {"village_name": "Sapmari", "vil_lgd": 290120, "district_name": "Tinsukia", "dist_lgd": 302, "subdistrict_name": "Doom Dooma", "sdcode": 2060, "block_name": "Saikhowa", "block_lgd": 92.0, "gp_name": "DANGARI", "state_name": "ASSAM", "state_lgd": 18, "population": 0, "households": 0}, "geometry": {"type": "Polygon", "coordinates": [[[95.45585000000001, 27.70876], [95.45243, 27.714160000000003], [95.45094, 27.719020000000004], [95.45941, 27.719420000000003], [95.46313, 27.720470000000002], [95.46402, 27.722050000000003], [95.46402, 27.72481], [95.4702, 27.724420000000002], [95.46806000000001, 27.72164], [95.47391, 27.715460000000004], [95.47134000000001, 27.71432], [95.45794000000001, 27.711540000000003], [95.45665000000001, 27.710410000000003], [95.45822000000001, 27.70877], [95.45585000000001, 27.70876]]]}}, {"id": "485", "type": "Feature", "properties": {"village_name": "Longpit", "vil_lgd": 290149, "district_name": "Tinsukia", "dist_lgd": 302, "subdistrict_name": "Doom Dooma", "sdcode": 2060, "block_name": "Saikhowa", "block_lgd": 92.0, "gp_name": "TALAP", "state_name": "ASSAM", "state_lgd": 18, "population": 0, "households": 0}, "geometry": {"type": "Polygon", "coordinates": [[[95.46621, 27.701950000000004], [95.46264000000001, 27.70371], [95.45822000000001, 27.70877], [95.45665000000001, 27.710410000000003], [95.45794000000001, 27.711540000000003], [95.47134000000001, 27.71432], [95.47120000000001, 27.71104], [95.46949000000001, 27.70738], [95.46621, 27.701950000000004]]]}}, {"id": "486", "type": "Feature", "properties": {"village_name": "Somua Gaon", "vil_lgd": 290147, "district_name": "Tinsukia", "dist_lgd": 302, "subdistrict_name": "Doom Dooma", "sdcode": 2060, "block_name": "Saikhowa", "block_lgd": 92.0, "gp_name": "TALAP", "state_name": "ASSAM", "state_lgd": 18, "population": 0, "households": 0}, "geometry": {"type": "Polygon", "coordinates": [[[95.47847, 27.69424], [95.47419000000001, 27.69816], [95.47605, 27.701060000000002], [95.47862, 27.705610000000004], [95.47847, 27.706870000000002], [95.47120000000001, 27.71104], [95.47134000000001, 27.71432], [95.47391, 27.715460000000004], [95.48218000000001, 27.70763], [95.48789000000001, 27.705730000000003], [95.49088, 27.703590000000002], [95.48389, 27.696900000000003], [95.47847, 27.69424]]]}}, {"id": "487", "type": "Feature", "properties": {"village_name": "Phol Bari N C", "vil_lgd": 290123, "district_name": "Tinsukia", "dist_lgd": 302, "subdistrict_name": "Doom Dooma", "sdcode": 2060, "block_name": "Saikhowa", "block_lgd": 92.0, "gp_name": "DANGAR", "state_name": "ASSAM", "state_lgd": 18, "population": 0, "households": 0}, "geometry": {"type": "Polygon", "coordinates": [[[95.49031000000001, 27.719120000000004], [95.48164000000001, 27.720720000000004], [95.48546, 27.722530000000003], [95.48760000000001, 27.72341], [95.4886, 27.727700000000002], [95.49145000000001, 27.72631], [95.4963, 27.724040000000002], [95.49701, 27.71937], [95.49031000000001, 27.719120000000004]]]}}, {"id": "488", "type": "Feature", "properties": {"village_name": "Tamuli", "vil_lgd": 290152, "district_name": "Tinsukia", "dist_lgd": 302, "subdistrict_name": "Doom Dooma", "sdcode": 2060, "block_name": "Saikhowa", "block_lgd": 92.0, "gp_name": "GAKHIR BHETI", "state_name": "ASSAM", "state_lgd": 18, "population": 0, "households": 0}, "geometry": {"type": "Polygon", "coordinates": [[[95.45258000000001, 27.693510000000003], [95.45451000000001, 27.702980000000004], [95.45585000000001, 27.70876], [95.45822000000001, 27.70877], [95.46264000000001, 27.70371], [95.46307, 27.698290000000004], [95.46136000000001, 27.693870000000004], [95.45724000000001, 27.693700000000003], [95.45258000000001, 27.693510000000003]]]}}, {"id": "489", "type": "Feature", "properties": {"village_name": "Lawpati Gaon", "vil_lgd": 290112, "district_name": "Tinsukia", "dist_lgd": 302, "subdistrict_name": "Doom Dooma", "sdcode": 2060, "block_name": "Saikhowa", "block_lgd": 92.0, "gp_name": "DANGARI", "state_name": "ASSAM", "state_lgd": 18, "population": 0, "households": 0}, "geometry": {"type": "Polygon", "coordinates": [[[95.49744000000001, 27.716590000000004], [95.49701, 27.71937], [95.4963, 27.724040000000002], [95.49858, 27.72417], [95.50657000000001, 27.72631], [95.51213000000001, 27.717730000000003], [95.49744000000001, 27.716590000000004]]]}}, {"id": "490", "type": "Feature", "properties": {"village_name": "Diamuli", "vil_lgd": 290268, "district_name": "Tinsukia", "dist_lgd": 302, "subdistrict_name": "Doom Dooma", "sdcode": 2060, "block_name": "Hapjan", "block_lgd": 93.0, "gp_name": "BANDARKHAT", "state_name": "ASSAM", "state_lgd": 18, "population": 0, "households": 0}, "geometry": {"type": "Polygon", "coordinates": [[[95.44554000000001, 27.5711], [95.44288, 27.577], [95.4385, 27.582400000000003], [95.45648000000001, 27.586630000000003], [95.46428, 27.584190000000003], [95.45723000000001, 27.580620000000003], [95.45377, 27.575950000000002], [95.45315000000001, 27.57363], [95.44554000000001, 27.5711]]]}}, {"id": "491", "type": "Feature", "properties": {"village_name": "Sumaijan T E", "vil_lgd": 290157, "district_name": "Tinsukia", "dist_lgd": 302, "subdistrict_name": "Doom Dooma", "sdcode": 2060, "block_name": "Saikhowa", "block_lgd": 92.0, "gp_name": "GAKHIR BHETI", "state_name": "ASSAM", "state_lgd": 18, "population": 0, "households": 0}, "geometry": {"type": "Polygon", "coordinates": [[[95.49021, 27.64748], [95.48464000000001, 27.651880000000002], [95.49229000000001, 27.65558], [95.49556000000001, 27.652810000000002], [95.49081000000001, 27.650940000000002], [95.49021, 27.64748]]]}}, {"id": "492", "type": "Feature", "properties": {"village_name": "Badal Pathar", "vil_lgd": 290159, "district_name": "Tinsukia", "dist_lgd": 302, "subdistrict_name": "Doom Dooma", "sdcode": 2060, "block_name": "Saikhowa", "block_lgd": 92.0, "gp_name": "GAKHIR BHETI", "state_name": "ASSAM", "state_lgd": 18, "population": 0, "households": 0}, "geometry": {"type": "Polygon", "coordinates": [[[95.47268000000001, 27.67123], [95.46837000000001, 27.672020000000003], [95.45151000000001, 27.679090000000002], [95.45605, 27.684780000000003], [95.46526000000001, 27.680840000000003], [95.46734000000001, 27.67742], [95.47149, 27.673730000000003], [95.47268000000001, 27.67123]]]}}, {"id": "493", "type": "Feature", "properties": {"village_name": "Ajukha N C", "vil_lgd": 290118, "district_name": "Tinsukia", "dist_lgd": 302, "subdistrict_name": "Doom Dooma", "sdcode": 2060, "block_name": "Saikhowa", "block_lgd": 92.0, "gp_name": "", "state_name": "ASSAM", "state_lgd": 18, "population": 131, "households": 25}, "geometry": {"type": "Polygon", "coordinates": [[[95.42806, 27.723110000000002], [95.41772, 27.724690000000002], [95.40703, 27.728790000000004], [95.39753, 27.735030000000002], [95.39810000000001, 27.73646], [95.42450000000001, 27.733210000000003], [95.43053, 27.723850000000002], [95.42806, 27.723110000000002]]]}}, {"id": "494", "type": "Feature", "properties": {"village_name": "Hallowkhowa Gaon", "vil_lgd": 290213, "district_name": "Tinsukia", "dist_lgd": 302, "subdistrict_name": "Doom Dooma", "sdcode": 2060, "block_name": "Hapjan", "block_lgd": 93.0, "gp_name": "DIASA", "state_name": "ASSAM", "state_lgd": 18, "population": 1161, "households": 242}, "geometry": {"type": "Polygon", "coordinates": [[[95.48931, 27.61812], [95.48644, 27.62319], [95.49141, 27.624260000000003], [95.49623000000001, 27.62506], [95.50108, 27.6244], [95.50346, 27.621190000000002], [95.5009, 27.617860000000004], [95.48931, 27.61812]]]}}, {"id": "495", "type": "Feature", "properties": {"village_name": "Tinga Mira Gaon Tinga", "vil_lgd": 290401, "district_name": "Tinsukia", "dist_lgd": 302, "subdistrict_name": "Doom Dooma", "sdcode": 2060, "block_name": "Kakapathar", "block_lgd": 94.0, "gp_name": "KOOMSONG", "state_name": "ASSAM", "state_lgd": 18, "population": 442, "households": 87}, "geometry": {"type": "Polygon", "coordinates": [[[95.60281, 27.593190000000003], [95.60103000000001, 27.5999], [95.60177, 27.602010000000003], [95.60058000000001, 27.605700000000002], [95.59836000000001, 27.608200000000004], [95.60609000000001, 27.608580000000003], [95.61053000000001, 27.609600000000004], [95.61024, 27.60556], [95.61262, 27.60359], [95.60727000000001, 27.60056], [95.60281, 27.593190000000003]]]}}, {"id": "496", "type": "Feature", "properties": {"village_name": "Rajagarh Gaon", "vil_lgd": 290391, "district_name": "Tinsukia", "dist_lgd": 302, "subdistrict_name": "Doom Dooma", "sdcode": 2060, "block_name": "Kakapathar", "block_lgd": 94.0, "gp_name": "RANGAJAN", "state_name": "ASSAM", "state_lgd": 18, "population": 289, "households": 53}, "geometry": {"type": "Polygon", "coordinates": [[[95.59073000000001, 27.60658], [95.57786, 27.61004], [95.58395, 27.61201], [95.58707000000001, 27.613200000000003], [95.59212000000001, 27.61557], [95.59642000000001, 27.611490000000003], [95.59836000000001, 27.608200000000004], [95.5951, 27.60685], [95.59073000000001, 27.60658]]]}}, {"id": "497", "type": "Feature", "properties": {"village_name": "Daisajan T E", "vil_lgd": 290214, "district_name": "Tinsukia", "dist_lgd": 302, "subdistrict_name": "Doom Dooma", "sdcode": 2060, "block_name": "Hapjan", "block_lgd": 93.0, "gp_name": "DAISA", "state_name": "ASSAM", "state_lgd": 18, "population": 190, "households": 42}, "geometry": {"type": "Polygon", "coordinates": [[[95.48599, 27.639470000000003], [95.48042000000001, 27.643210000000003], [95.48419000000001, 27.64441], [95.4881, 27.645470000000003], [95.49021, 27.64748], [95.49428, 27.644810000000003], [95.50120000000001, 27.642270000000003], [95.49853, 27.641170000000002], [95.49326, 27.641170000000002], [95.48599, 27.639470000000003]]]}}, {"id": "498", "type": "Feature", "properties": {"village_name": "Tangana T E Darkhast", "vil_lgd": 290754, "district_name": "Tinsukia", "dist_lgd": 302, "subdistrict_name": "Margherita", "sdcode": 2062, "block_name": "Kakapathar", "block_lgd": 94.0, "gp_name": "KAILASHPUR", "state_name": "ASSAM", "state_lgd": 18, "population": 106, "households": 19}, "geometry": {"type": "Polygon", "coordinates": [[[95.74708000000001, 27.58594], [95.74121000000001, 27.58714], [95.74332000000001, 27.591810000000002], [95.74407000000001, 27.596880000000002], [95.74761000000001, 27.604370000000003], [95.74934, 27.606890000000003], [95.75134000000001, 27.605230000000002], [95.74773, 27.598160000000004], [95.74735000000001, 27.5926], [95.74708000000001, 27.58594]]]}}, {"id": "499", "type": "Feature", "properties": {"village_name": "Kundil Chapori", "vil_lgd": 290057, "district_name": "Tinsukia", "dist_lgd": 302, "subdistrict_name": "Sadiya", "sdcode": 2059, "block_name": "Sadiya", "block_lgd": 91.0, "gp_name": "", "state_name": "ASSAM", "state_lgd": 18, "population": 206, "households": 43}, "geometry": {"type": "Polygon", "coordinates": [[[95.60844, 27.895640000000004], [95.60950000000001, 27.89617], [95.61016000000001, 27.895460000000003], [95.60917, 27.894640000000003], [95.60844, 27.895640000000004]]]}}, {"id": "500", "type": "Feature", "properties": {"village_name": "Disai Miri", "vil_lgd": 289932, "district_name": "Tinsukia", "dist_lgd": 302, "subdistrict_name": "Sadiya", "sdcode": 2059, "block_name": "Sadiya", "block_lgd": 91.0, "gp_name": "KUNDIL", "state_name": "ASSAM", "state_lgd": 18, "population": 106, "households": 23}, "geometry": {"type": "Polygon", "coordinates": [[[95.70911000000001, 27.841580000000004], [95.70064, 27.838690000000003], [95.69612000000001, 27.843310000000002], [95.69653000000001, 27.844790000000003], [95.70406000000001, 27.843950000000003], [95.70777000000001, 27.845260000000003], [95.71089, 27.846570000000003], [95.70985, 27.843950000000003], [95.70911000000001, 27.841580000000004]]]}}, {"id": "501", "type": "Feature", "properties": {"village_name": "Tangana T E Grant", "vil_lgd": 290755, "district_name": "Tinsukia", "dist_lgd": 302, "subdistrict_name": "Margherita", "sdcode": 2062, "block_name": "Kakapathar", "block_lgd": 94.0, "gp_name": "KAILASHPUR", "state_name": "ASSAM", "state_lgd": 18, "population": 353, "households": 74}, "geometry": {"type": "Polygon", "coordinates": [[[95.76180000000001, 27.60085], [95.76028000000001, 27.597990000000003], [95.76085, 27.596300000000003], [95.76313, 27.594450000000002], [95.76351000000001, 27.59091], [95.76104000000001, 27.58114], [95.75898000000001, 27.576990000000002], [95.75642, 27.581930000000003], [95.75265, 27.584600000000002], [95.74708000000001, 27.58594], [95.74735000000001, 27.5926], [95.74773, 27.598160000000004], [95.75134000000001, 27.605230000000002], [95.75647000000001, 27.604560000000003], [95.76161, 27.6049], [95.76180000000001, 27.60085]]]}}, {"id": "502", "type": "Feature", "properties": {"village_name": "Bordirak", "vil_lgd": 290748, "district_name": "Tinsukia", "dist_lgd": 302, "subdistrict_name": "Margherita", "sdcode": 2062, "block_name": "Kakapathar", "block_lgd": 94.0, "gp_name": "KAILASHPUR", "state_name": "ASSAM", "state_lgd": 18, "population": 400, "households": 83}, "geometry": {"type": "Polygon", "coordinates": [[[95.77397, 27.651090000000003], [95.77739000000001, 27.650000000000002], [95.77473, 27.6428], [95.7643, 27.643220000000003], [95.76921, 27.65322], [95.77069, 27.6564], [95.77224000000001, 27.6548], [95.77397, 27.651090000000003]]]}}, {"id": "503", "type": "Feature", "properties": {"village_name": "Romai Gabharu", "vil_lgd": 290408, "district_name": "Tinsukia", "dist_lgd": 302, "subdistrict_name": "Doom Dooma", "sdcode": 2060, "block_name": "Kakapathar", "block_lgd": 94.0, "gp_name": "KAKOPATHER", "state_name": "ASSAM", "state_lgd": 18, "population": 1021, "households": 212}, "geometry": {"type": "Polygon", "coordinates": [[[95.65555, 27.58911], [95.64411000000001, 27.581470000000003], [95.64188000000001, 27.581740000000003], [95.63475000000001, 27.580160000000003], [95.62658, 27.580420000000004], [95.62480000000001, 27.58555], [95.61841000000001, 27.59174], [95.61574, 27.589370000000002], [95.60385000000001, 27.589900000000004], [95.61128000000001, 27.59345], [95.61648000000001, 27.596090000000004], [95.61871000000001, 27.59898], [95.62019000000001, 27.59898], [95.62272, 27.594240000000003], [95.62732000000001, 27.59635], [95.63312, 27.598190000000002], [95.63594, 27.594770000000004], [95.64262000000001, 27.59214], [95.65243000000001, 27.593850000000003], [95.65675, 27.59737], [95.66187000000001, 27.595110000000002], [95.66446, 27.592530000000004], [95.65555, 27.58911]]]}}, {"id": "504", "type": "Feature", "properties": {"village_name": "Romai Gabharu", "vil_lgd": 290409, "district_name": "Tinsukia", "dist_lgd": 302, "subdistrict_name": "Doom Dooma", "sdcode": 2060, "block_name": "Kakapathar", "block_lgd": 94.0, "gp_name": "KUMSONG", "state_name": "ASSAM", "state_lgd": 18, "population": 824, "households": 168}, "geometry": {"type": "Polygon", "coordinates": [[[95.65480000000001, 27.579230000000003], [95.64411000000001, 27.581470000000003], [95.65555, 27.58911], [95.66446, 27.592530000000004], [95.66550000000001, 27.589370000000002], [95.66758, 27.586610000000004], [95.66268000000001, 27.58529], [95.65852000000001, 27.58266], [95.65480000000001, 27.579230000000003]]]}}, {"id": "505", "type": "Feature", "properties": {"village_name": "Romai Gabharu", "vil_lgd": 290410, "district_name": "Tinsukia", "dist_lgd": 302, "subdistrict_name": "Doom Dooma", "sdcode": 2060, "block_name": "Kakapathar", "block_lgd": 94.0, "gp_name": "KUMSANG", "state_name": "ASSAM", "state_lgd": 18, "population": 1849, "households": 361}, "geometry": {"type": "Polygon", "coordinates": [[[95.65480000000001, 27.579230000000003], [95.65852000000001, 27.58266], [95.66268000000001, 27.58529], [95.66758, 27.586610000000004], [95.66996, 27.58029], [95.66179000000001, 27.57963], [95.65480000000001, 27.579230000000003]]]}}, {"id": "506", "type": "Feature", "properties": {"village_name": "Bordubi T E", "vil_lgd": 290421, "district_name": "Tinsukia", "dist_lgd": 302, "subdistrict_name": "Doom Dooma", "sdcode": 2060, "block_name": "Kakapathar", "block_lgd": 94.0, "gp_name": "BORDUBI", "state_name": "ASSAM", "state_lgd": 18, "population": 1239, "households": 239}, "geometry": {"type": "Polygon", "coordinates": [[[95.62658, 27.580420000000004], [95.63475000000001, 27.580160000000003], [95.63644000000001, 27.574080000000002], [95.63644000000001, 27.57195], [95.63102, 27.56941], [95.62574000000001, 27.574620000000003], [95.61761000000001, 27.578090000000003], [95.60888000000001, 27.578350000000004], [95.61355, 27.585030000000003], [95.61574, 27.589370000000002], [95.61841000000001, 27.59174], [95.62480000000001, 27.58555], [95.62658, 27.580420000000004]]]}}, {"id": "507", "type": "Feature", "properties": {"village_name": "Gabharu Bhati Na Gaon", "vil_lgd": 290411, "district_name": "Tinsukia", "dist_lgd": 302, "subdistrict_name": "Doom Dooma", "sdcode": 2060, "block_name": "Kakapathar", "block_lgd": 94.0, "gp_name": "GABHORUBHETI", "state_name": "ASSAM", "state_lgd": 18, "population": 333, "households": 49}, "geometry": {"type": "Polygon", "coordinates": [[[95.66430000000001, 27.56914], [95.65375, 27.571410000000004], [95.65480000000001, 27.579230000000003], [95.66179000000001, 27.57963], [95.66996, 27.58029], [95.66656, 27.578090000000003], [95.66550000000001, 27.574350000000003], [95.66430000000001, 27.56914]]]}}, {"id": "508", "type": "Feature", "properties": {"village_name": "Tezi Pathar", "vil_lgd": 290326, "district_name": "Tinsukia", "dist_lgd": 302, "subdistrict_name": "Doom Dooma", "sdcode": 2060, "block_name": "Kakapathar", "block_lgd": 94.0, "gp_name": "KAKOPATHER", "state_name": "ASSAM", "state_lgd": 18, "population": 0, "households": 0}, "geometry": {"type": "Polygon", "coordinates": [[[95.63657, 27.66008], [95.63536, 27.666490000000003], [95.63403000000001, 27.668070000000004], [95.63893, 27.673070000000003], [95.64339000000001, 27.66991], [95.64500000000001, 27.659950000000002], [95.63657, 27.66008]]]}}, {"id": "509", "type": "Feature", "properties": {"village_name": "Arhai Muria Gaon", "vil_lgd": 290079, "district_name": "Tinsukia", "dist_lgd": 302, "subdistrict_name": "Doom Dooma", "sdcode": 2060, "block_name": "Saikhowa", "block_lgd": 92.0, "gp_name": "", "state_name": "ASSAM", "state_lgd": 18, "population": 900, "households": 170}, "geometry": {"type": "Polygon", "coordinates": [[[95.64784, 27.718180000000004], [95.65077000000001, 27.735280000000003], [95.65356000000001, 27.73261], [95.65386000000001, 27.72472], [95.65282, 27.720910000000003], [95.64784, 27.718180000000004]]]}}, {"id": "510", "type": "Feature", "properties": {"village_name": "Tangana T E Grant", "vil_lgd": 290758, "district_name": "Tinsukia", "dist_lgd": 302, "subdistrict_name": "Margherita", "sdcode": 2062, "block_name": "Kakapathar", "block_lgd": 94.0, "gp_name": "KAILASHPUR", "state_name": "ASSAM", "state_lgd": 18, "population": 303, "households": 59}, "geometry": {"type": "Polygon", "coordinates": [[[95.7385, 27.579], [95.73654, 27.58087], [95.73789000000001, 27.58367], [95.74121000000001, 27.58714], [95.74708000000001, 27.58594], [95.74452000000001, 27.582330000000002], [95.7403, 27.579], [95.7385, 27.579]]]}}, {"id": "511", "type": "Feature", "properties": {"village_name": "Saru Dirak", "vil_lgd": 290340, "district_name": "Tinsukia", "dist_lgd": 302, "subdistrict_name": "Doom Dooma", "sdcode": 2060, "block_name": "Kakapathar", "block_lgd": 94.0, "gp_name": "MAITHONG", "state_name": "ASSAM", "state_lgd": 18, "population": 581, "households": 107}, "geometry": {"type": "Polygon", "coordinates": [[[95.72377, 27.663680000000003], [95.72447000000001, 27.66606], [95.72686, 27.672100000000004], [95.72947, 27.67631], [95.73708, 27.674580000000002], [95.74049000000001, 27.672240000000002], [95.73351000000001, 27.66937], [95.72377, 27.663680000000003]]]}}, {"id": "512", "type": "Feature", "properties": {"village_name": "Bor Dirak", "vil_lgd": 290360, "district_name": "Tinsukia", "dist_lgd": 302, "subdistrict_name": "Doom Dooma", "sdcode": 2060, "block_name": "Kakapathar", "block_lgd": 94.0, "gp_name": "DIRAK", "state_name": "ASSAM", "state_lgd": 18, "population": 1411, "households": 273}, "geometry": {"type": "Polygon", "coordinates": [[[95.76258000000001, 27.6398], [95.75989000000001, 27.640950000000004], [95.75657000000001, 27.643890000000003], [95.75181, 27.65295], [95.75086, 27.66074], [95.75207, 27.666400000000003], [95.75842, 27.65801], [95.76398, 27.654850000000003], [95.76921, 27.65322], [95.7643, 27.643220000000003], [95.76258000000001, 27.6398]]]}}, {"id": "513", "type": "Feature", "properties": {"village_name": "Nabajyoti", "vil_lgd": 290749, "district_name": "Tinsukia", "dist_lgd": 302, "subdistrict_name": "Margherita", "sdcode": 2062, "block_name": "Kakapathar", "block_lgd": 94.0, "gp_name": "KAILASHPUR", "state_name": "ASSAM", "state_lgd": 18, "population": 627, "households": 119}, "geometry": {"type": "Polygon", "coordinates": [[[95.77950000000001, 27.649530000000002], [95.78096000000001, 27.64732], [95.78611000000001, 27.646310000000003], [95.78736, 27.644160000000003], [95.79021, 27.644740000000002], [95.79478, 27.641750000000002], [95.77473, 27.6428], [95.77739000000001, 27.650000000000002], [95.77788000000001, 27.649690000000003], [95.77950000000001, 27.649530000000002]]]}}, {"id": "514", "type": "Feature", "properties": {"village_name": "Tangana Soonjan", "vil_lgd": 290750, "district_name": "Tinsukia", "dist_lgd": 302, "subdistrict_name": "Margherita", "sdcode": 2062, "block_name": "Kakapathar", "block_lgd": 94.0, "gp_name": "KAILASHPUR", "state_name": "ASSAM", "state_lgd": 18, "population": 1277, "households": 231}, "geometry": {"type": "Polygon", "coordinates": [[[95.76018, 27.635050000000003], [95.76258000000001, 27.6398], [95.7643, 27.643220000000003], [95.77473, 27.6428], [95.77036000000001, 27.63472], [95.76018, 27.635050000000003]]]}}, {"id": "515", "type": "Feature", "properties": {"village_name": "Upar Uvon Gaon", "vil_lgd": 290374, "district_name": "Tinsukia", "dist_lgd": 302, "subdistrict_name": "Doom Dooma", "sdcode": 2060, "block_name": "Kakapathar", "block_lgd": 94.0, "gp_name": "KAKOPATHER", "state_name": "ASSAM", "state_lgd": 18, "population": 1514, "households": 291}, "geometry": {"type": "Polygon", "coordinates": [[[95.64886000000001, 27.631100000000004], [95.65674000000001, 27.644790000000004], [95.66102000000001, 27.638170000000002], [95.66774000000001, 27.635140000000003], [95.65674000000001, 27.633860000000002], [95.64886000000001, 27.631100000000004]]]}}, {"id": "516", "type": "Feature", "properties": {"village_name": "Kuli Bill Gaon", "vil_lgd": 290382, "district_name": "Tinsukia", "dist_lgd": 302, "subdistrict_name": "Doom Dooma", "sdcode": 2060, "block_name": "Kakapathar", "block_lgd": 94.0, "gp_name": "TANGANA", "state_name": "ASSAM", "state_lgd": 18, "population": 1166, "households": 224}, "geometry": {"type": "Polygon", "coordinates": [[[95.71982000000001, 27.592710000000004], [95.71115, 27.59532], [95.70905, 27.59879], [95.70066000000001, 27.60337], [95.70645, 27.60311], [95.71952, 27.59916], [95.72264000000001, 27.59718], [95.72234, 27.59429], [95.71982000000001, 27.592710000000004]]]}}, {"id": "517", "type": "Feature", "properties": {"village_name": "Powai Mukh", "vil_lgd": 290928, "district_name": "Tinsukia", "dist_lgd": 302, "subdistrict_name": "Margherita", "sdcode": 2062, "block_name": "Margherita", "block_lgd": 97.0, "gp_name": "BHITOR POWAI", "state_name": "ASSAM", "state_lgd": 18, "population": 851, "households": 171}, "geometry": {"type": "Polygon", "coordinates": [[[95.56644000000001, 27.281520000000004], [95.56636, 27.28337], [95.57035, 27.29306], [95.57088, 27.29436], [95.57735000000001, 27.292330000000003], [95.57758000000001, 27.28874], [95.57616, 27.285140000000002], [95.57259, 27.282400000000003], [95.56644000000001, 27.281520000000004]]]}}, {"id": "518", "type": "Feature", "properties": {"village_name": "Borkuruka", "vil_lgd": 290926, "district_name": "Tinsukia", "dist_lgd": 302, "subdistrict_name": "Margherita", "sdcode": 2062, "block_name": "Margherita", "block_lgd": 97.0, "gp_name": "BHITOR POWAI", "state_name": "ASSAM", "state_lgd": 18, "population": 367, "households": 77}, "geometry": {"type": "Polygon", "coordinates": [[[95.57735000000001, 27.292330000000003], [95.57088, 27.29436], [95.57587000000001, 27.302380000000003], [95.57872, 27.303230000000003], [95.58091, 27.30035], [95.58091, 27.29697], [95.57735000000001, 27.292330000000003]]]}}, {"id": "519", "type": "Feature", "properties": {"village_name": "Makum Block", "vil_lgd": 290923, "district_name": "Tinsukia", "dist_lgd": 302, "subdistrict_name": "Margherita", "sdcode": 2062, "block_name": "Margherita", "block_lgd": 97.0, "gp_name": "BHITOR POWAI", "state_name": "ASSAM", "state_lgd": 18, "population": 773, "households": 147}, "geometry": {"type": "Polygon", "coordinates": [[[95.58091, 27.30035], [95.57872, 27.303230000000003], [95.58942, 27.309980000000003], [95.59066000000001, 27.307740000000003], [95.58971000000001, 27.30394], [95.58638, 27.301620000000003], [95.58091, 27.30035]]]}}, {"id": "520", "type": "Feature", "properties": {"village_name": "Jonglo Kuruka", "vil_lgd": 290927, "district_name": "Tinsukia", "dist_lgd": 302, "subdistrict_name": "Margherita", "sdcode": 2062, "block_name": "Margherita", "block_lgd": 97.0, "gp_name": "BHITOR POWAI", "state_name": "ASSAM", "state_lgd": 18, "population": 401, "households": 76}, "geometry": {"type": "Polygon", "coordinates": [[[95.57135000000001, 27.264360000000003], [95.56826000000001, 27.27006], [95.56644000000001, 27.281520000000004], [95.57259, 27.282400000000003], [95.57616, 27.285140000000002], [95.57758000000001, 27.28874], [95.57996000000001, 27.289160000000003], [95.58139000000001, 27.282400000000003], [95.58757000000001, 27.276690000000002], [95.58015, 27.266050000000003], [95.57563, 27.26394], [95.57135000000001, 27.264360000000003]]]}}, {"id": "521", "type": "Feature", "properties": {"village_name": "Makum Block", "vil_lgd": 290917, "district_name": "Tinsukia", "dist_lgd": 302, "subdistrict_name": "Margherita", "sdcode": 2062, "block_name": "Margherita", "block_lgd": 97.0, "gp_name": "BHITOR POWAI", "state_name": "ASSAM", "state_lgd": 18, "population": 305, "households": 66}, "geometry": {"type": "Polygon", "coordinates": [[[95.58757000000001, 27.276690000000002], [95.58139000000001, 27.282400000000003], [95.57996000000001, 27.289160000000003], [95.58876000000001, 27.29106], [95.59351000000001, 27.28874], [95.59494000000001, 27.28198], [95.59137000000001, 27.28029], [95.58757000000001, 27.276690000000002]]]}}, {"id": "522", "type": "Feature", "properties": {"village_name": "Vitor Powai", "vil_lgd": 290924, "district_name": "Tinsukia", "dist_lgd": 302, "subdistrict_name": "Margherita", "sdcode": 2062, "block_name": "Margherita", "block_lgd": 97.0, "gp_name": "BHITOR POWAI", "state_name": "ASSAM", "state_lgd": 18, "population": 1052, "households": 212}, "geometry": {"type": "Polygon", "coordinates": [[[95.59494000000001, 27.28198], [95.59351000000001, 27.28874], [95.58876000000001, 27.29106], [95.57996000000001, 27.289160000000003], [95.57758000000001, 27.28874], [95.57735000000001, 27.292330000000003], [95.58091, 27.29697], [95.58091, 27.30035], [95.58638, 27.301620000000003], [95.58971000000001, 27.30394], [95.59256, 27.30289], [95.59731000000001, 27.30141], [95.60064000000001, 27.297610000000002], [95.60230000000001, 27.29444], [95.60254, 27.291690000000003], [95.59494000000001, 27.28198]]]}}, {"id": "523", "type": "Feature", "properties": {"village_name": "Powai Mukh", "vil_lgd": 290929, "district_name": "Tinsukia", "dist_lgd": 302, "subdistrict_name": "Margherita", "sdcode": 2062, "block_name": "Margherita", "block_lgd": 97.0, "gp_name": "BHITOR POWAI", "state_name": "ASSAM", "state_lgd": 18, "population": 274, "households": 50}, "geometry": {"type": "Polygon", "coordinates": [[[95.63130000000001, 27.263170000000002], [95.63458000000001, 27.256960000000003], [95.62364000000001, 27.257600000000004], [95.61461000000001, 27.262030000000003], [95.61081, 27.265410000000003], [95.58442000000001, 27.26668], [95.58015, 27.266050000000003], [95.58757000000001, 27.276690000000002], [95.59137000000001, 27.28029], [95.59494000000001, 27.28198], [95.60634, 27.282400000000003], [95.61252, 27.283240000000003], [95.61799, 27.285140000000002], [95.62274000000001, 27.28874], [95.62512000000001, 27.285140000000002], [95.62512000000001, 27.282190000000003], [95.63035, 27.280710000000003], [95.62964000000001, 27.278810000000004], [95.6294, 27.271620000000002], [95.63130000000001, 27.263170000000002]]]}}, {"id": "524", "type": "Feature", "properties": {"village_name": "Tankeswar Baruah Grant", "vil_lgd": 290921, "district_name": "Tinsukia", "dist_lgd": 302, "subdistrict_name": "Margherita", "sdcode": 2062, "block_name": "Margherita", "block_lgd": 97.0, "gp_name": "BHITOR POWAI", "state_name": "ASSAM", "state_lgd": 18, "population": 835, "households": 170}, "geometry": {"type": "Polygon", "coordinates": [[[95.60064000000001, 27.297610000000002], [95.59731000000001, 27.30141], [95.59256, 27.30289], [95.59674000000001, 27.307240000000004], [95.60245, 27.308590000000002], [95.60834000000001, 27.307910000000003], [95.61176, 27.30504], [95.60625, 27.30149], [95.60064000000001, 27.297610000000002]]]}}, {"id": "525", "type": "Feature", "properties": {"village_name": "Vitor Powai", "vil_lgd": 290925, "district_name": "Tinsukia", "dist_lgd": 302, "subdistrict_name": "Margherita", "sdcode": 2062, "block_name": "Margherita", "block_lgd": 97.0, "gp_name": "BHITOR POWAI", "state_name": "ASSAM", "state_lgd": 18, "population": 436, "households": 75}, "geometry": {"type": "Polygon", "coordinates": [[[95.61176, 27.30504], [95.60834000000001, 27.307910000000003], [95.60245, 27.308590000000002], [95.59674000000001, 27.307240000000004], [95.59256, 27.30289], [95.58971000000001, 27.30394], [95.59066000000001, 27.307740000000003], [95.58942, 27.309980000000003], [95.60582000000001, 27.313150000000004], [95.61128000000001, 27.312310000000004], [95.61770000000001, 27.308080000000004], [95.61176, 27.30504]]]}}, {"id": "526", "type": "Feature", "properties": {"village_name": "Niz Makum Gaon", "vil_lgd": 290918, "district_name": "Tinsukia", "dist_lgd": 302, "subdistrict_name": "Margherita", "sdcode": 2062, "block_name": "Margherita", "block_lgd": 97.0, "gp_name": "BHITOR POWAI", "state_name": "ASSAM", "state_lgd": 18, "population": 432, "households": 91}, "geometry": {"type": "Polygon", "coordinates": [[[95.61043000000001, 27.292880000000004], [95.60967000000001, 27.295240000000003], [95.61176, 27.30504], [95.61770000000001, 27.308080000000004], [95.61861, 27.303350000000002], [95.61576000000001, 27.29896], [95.61043000000001, 27.292880000000004]]]}}, {"id": "527", "type": "Feature", "properties": {"village_name": "Makum Block", "vil_lgd": 290920, "district_name": "Tinsukia", "dist_lgd": 302, "subdistrict_name": "Margherita", "sdcode": 2062, "block_name": "Margherita", "block_lgd": 97.0, "gp_name": "BHITOR POWAI", "state_name": "ASSAM", "state_lgd": 18, "population": 141, "households": 32}, "geometry": {"type": "Polygon", "coordinates": [[[95.59494000000001, 27.28198], [95.60254, 27.291690000000003], [95.60230000000001, 27.29444], [95.60064000000001, 27.297610000000002], [95.60625, 27.30149], [95.61176, 27.30504], [95.60967000000001, 27.295240000000003], [95.61043000000001, 27.292880000000004], [95.61516, 27.292060000000003], [95.61094000000001, 27.290450000000003], [95.60853, 27.288050000000002], [95.60634, 27.282400000000003], [95.59494000000001, 27.28198]]]}}, {"id": "528", "type": "Feature", "properties": {"village_name": "Makum Block", "vil_lgd": 290919, "district_name": "Tinsukia", "dist_lgd": 302, "subdistrict_name": "Margherita", "sdcode": 2062, "block_name": "Margherita", "block_lgd": 97.0, "gp_name": "BHITOR POWAI", "state_name": "ASSAM", "state_lgd": 18, "population": 354, "households": 74}, "geometry": {"type": "Polygon", "coordinates": [[[95.60634, 27.282400000000003], [95.60853, 27.288050000000002], [95.61094000000001, 27.290450000000003], [95.61516, 27.292060000000003], [95.62449000000001, 27.291390000000003], [95.62274000000001, 27.28874], [95.61799, 27.285140000000002], [95.61252, 27.283240000000003], [95.60634, 27.282400000000003]]]}}, {"id": "529", "type": "Feature", "properties": {"village_name": "Segunbari", "vil_lgd": 290916, "district_name": "Tinsukia", "dist_lgd": 302, "subdistrict_name": "Margherita", "sdcode": 2062, "block_name": "Margherita", "block_lgd": 97.0, "gp_name": "MAKUM PATHAR", "state_name": "ASSAM", "state_lgd": 18, "population": 107, "households": 24}, "geometry": {"type": "Polygon", "coordinates": [[[95.61516, 27.292060000000003], [95.61043000000001, 27.292880000000004], [95.61576000000001, 27.29896], [95.61861, 27.303350000000002], [95.61770000000001, 27.308080000000004], [95.62412, 27.307450000000003], [95.62178, 27.304370000000002], [95.62118000000001, 27.301700000000004], [95.62329000000001, 27.29755], [95.62705000000001, 27.293670000000002], [95.62449000000001, 27.291390000000003], [95.61516, 27.292060000000003]]]}}, {"id": "530", "type": "Feature", "properties": {"village_name": "Borbil Gaon Bogapani", "vil_lgd": 290913, "district_name": "Tinsukia", "dist_lgd": 302, "subdistrict_name": "Margherita", "sdcode": 2062, "block_name": "Margherita", "block_lgd": 97.0, "gp_name": "BARBIL", "state_name": "ASSAM", "state_lgd": 18, "population": 3903, "households": 875}, "geometry": {"type": "Polygon", "coordinates": [[[95.57283000000001, 27.33885], [95.57102, 27.34072], [95.57102, 27.346610000000002], [95.58195, 27.349000000000004], [95.58231, 27.345670000000002], [95.58397000000001, 27.342730000000003], [95.58578000000001, 27.341790000000003], [95.58578000000001, 27.339920000000003], [95.58307, 27.33725], [95.58141, 27.33725], [95.57283000000001, 27.33885]]]}}, {"id": "531", "type": "Feature", "properties": {"village_name": "Kherjan Forest Village", "vil_lgd": 291057, "district_name": "Tinsukia", "dist_lgd": 302, "subdistrict_name": "Margherita", "sdcode": 2062, "block_name": "Margherita", "block_lgd": 97.0, "gp_name": "GOLAI", "state_name": "ASSAM", "state_lgd": 18, "population": 1095, "households": 197}, "geometry": {"type": "Polygon", "coordinates": [[[95.58746000000001, 27.339930000000003], [95.58578000000001, 27.341790000000003], [95.58397000000001, 27.342730000000003], [95.58231, 27.345670000000002], [95.58195, 27.349000000000004], [95.58703000000001, 27.35011], [95.59327, 27.35301], [95.59342000000001, 27.35385], [95.59867000000001, 27.346180000000004], [95.59544000000001, 27.340770000000003], [95.58993000000001, 27.339760000000002], [95.58746000000001, 27.339930000000003]]]}}, {"id": "532", "type": "Feature", "properties": {"village_name": "Borjan Forest Village", "vil_lgd": 291053, "district_name": "Tinsukia", "dist_lgd": 302, "subdistrict_name": "Margherita", "sdcode": 2062, "block_name": "Margherita", "block_lgd": 97.0, "gp_name": "BARBIL;", "state_name": "ASSAM", "state_lgd": 18, "population": 2250, "households": 432}, "geometry": {"type": "Polygon", "coordinates": [[[95.62483, 27.337860000000003], [95.62317, 27.340600000000002], [95.61913000000001, 27.341240000000003], [95.61765000000001, 27.349400000000003], [95.62014, 27.349520000000002], [95.62433000000001, 27.3453], [95.62483, 27.337860000000003]]]}}, {"id": "533", "type": "Feature", "properties": {"village_name": "Agbandha Bangali", "vil_lgd": 290903, "district_name": "Tinsukia", "dist_lgd": 302, "subdistrict_name": "Margherita", "sdcode": 2062, "block_name": "Margherita", "block_lgd": 97.0, "gp_name": "MAKUM", "state_name": "ASSAM", "state_lgd": 18, "population": 1059, "households": 236}, "geometry": {"type": "Polygon", "coordinates": [[[95.67509000000001, 27.35517], [95.67889000000001, 27.33912], [95.67185, 27.33828], [95.64695, 27.332700000000003], [95.64428000000001, 27.33135], [95.62721, 27.327930000000002], [95.62483, 27.337860000000003], [95.62433000000001, 27.3453], [95.62014, 27.349520000000002], [95.63250000000001, 27.355510000000002], [95.63744000000001, 27.356350000000003], [95.65455000000001, 27.36277], [95.66425000000001, 27.365640000000003], [95.66957000000001, 27.36614], [95.67184, 27.360450000000004], [95.67509000000001, 27.35517]]]}}, {"id": "534", "type": "Feature", "properties": {"village_name": "Namdang Bahbari", "vil_lgd": 291041, "district_name": "Tinsukia", "dist_lgd": 302, "subdistrict_name": "Margherita", "sdcode": 2062, "block_name": "Margherita", "block_lgd": 97.0, "gp_name": "KUMAR PATTY", "state_name": "ASSAM", "state_lgd": 18, "population": 388, "households": 70}, "geometry": {"type": "Polygon", "coordinates": [[[95.84303000000001, 27.30094], [95.84125, 27.3012], [95.83861, 27.30242], [95.83828000000001, 27.30384], [95.84073000000001, 27.304800000000004], [95.84199000000001, 27.305290000000003], [95.84377, 27.304240000000004], [95.84303000000001, 27.30094]]]}}, {"id": "535", "type": "Feature", "properties": {"village_name": "Golai", "vil_lgd": 290914, "district_name": "Tinsukia", "dist_lgd": 302, "subdistrict_name": "Margherita", "sdcode": 2062, "block_name": "Margherita", "block_lgd": 97.0, "gp_name": "GOLAI", "state_name": "ASSAM", "state_lgd": 18, "population": 227, "households": 52}, "geometry": {"type": "Polygon", "coordinates": [[[95.62887, 27.321180000000002], [95.62721, 27.327930000000002], [95.64428000000001, 27.33135], [95.64695, 27.332700000000003], [95.64651, 27.32823], [95.64247, 27.32759], [95.63724, 27.324640000000002], [95.62887, 27.321180000000002]]]}}, {"id": "536", "type": "Feature", "properties": {"village_name": "Grant", "vil_lgd": 290902, "district_name": "Tinsukia", "dist_lgd": 302, "subdistrict_name": "Margherita", "sdcode": 2062, "block_name": "Margherita", "block_lgd": 97.0, "gp_name": "MAKUM", "state_name": "ASSAM", "state_lgd": 18, "population": 50, "households": 11}, "geometry": {"type": "Polygon", "coordinates": [[[95.64651, 27.32823], [95.64695, 27.332700000000003], [95.67185, 27.33828], [95.67889000000001, 27.33912], [95.67927, 27.335240000000002], [95.65645, 27.329030000000003], [95.64651, 27.32823]]]}}, {"id": "537", "type": "Feature", "properties": {"village_name": "Makum Assam T C", "vil_lgd": 290935, "district_name": "Tinsukia", "dist_lgd": 302, "subdistrict_name": "Margherita", "sdcode": 2062, "block_name": "Margherita", "block_lgd": 97.0, "gp_name": "KAMAR POTTY", "state_name": "ASSAM", "state_lgd": 18, "population": 2353, "households": 450}, "geometry": {"type": "Polygon", "coordinates": [[[95.66441, 27.242330000000003], [95.66215000000001, 27.253370000000004], [95.65763000000001, 27.256330000000002], [95.65834000000001, 27.257610000000003], [95.67413, 27.25841], [95.66934, 27.244280000000003], [95.66441, 27.242330000000003]]]}}, {"id": "538", "type": "Feature", "properties": {"village_name": "Lama Gaon", "vil_lgd": 290932, "district_name": "Tinsukia", "dist_lgd": 302, "subdistrict_name": "Margherita", "sdcode": 2062, "block_name": "Margherita", "block_lgd": 97.0, "gp_name": "KAMER PAITY", "state_name": "ASSAM", "state_lgd": 18, "population": 708, "households": 160}, "geometry": {"type": "Polygon", "coordinates": [[[95.65834000000001, 27.257610000000003], [95.65804000000001, 27.2757], [95.66443000000001, 27.277420000000003], [95.67703, 27.27887], [95.68092000000001, 27.279000000000003], [95.67765000000001, 27.275830000000003], [95.67498, 27.271480000000004], [95.67364, 27.26593], [95.67578, 27.262300000000003], [95.67413, 27.25841], [95.65834000000001, 27.257610000000003]]]}}, {"id": "539", "type": "Feature", "properties": {"village_name": "Grant Makum Tea Co", "vil_lgd": 290934, "district_name": "Tinsukia", "dist_lgd": 302, "subdistrict_name": "Margherita", "sdcode": 2062, "block_name": "Margherita", "block_lgd": 97.0, "gp_name": "KAMAR POTTY", "state_name": "ASSAM", "state_lgd": 18, "population": 2335, "households": 467}, "geometry": {"type": "Polygon", "coordinates": [[[95.64304000000001, 27.28402], [95.64645, 27.283890000000003], [95.65121, 27.285600000000002], [95.65641000000001, 27.283620000000003], [95.65804000000001, 27.2757], [95.65834000000001, 27.257610000000003], [95.65763000000001, 27.256330000000002], [95.64052000000001, 27.257600000000004], [95.63458000000001, 27.256960000000003], [95.63130000000001, 27.263170000000002], [95.6294, 27.271620000000002], [95.62964000000001, 27.278810000000004], [95.63035, 27.280710000000003], [95.63739000000001, 27.280980000000003], [95.63799, 27.287060000000004], [95.64007000000001, 27.286920000000002], [95.64304000000001, 27.28402]]]}}, {"id": "540", "type": "Feature", "properties": {"village_name": "Likhajan Grant", "vil_lgd": 290930, "district_name": "Tinsukia", "dist_lgd": 302, "subdistrict_name": "Margherita", "sdcode": 2062, "block_name": "Margherita", "block_lgd": 97.0, "gp_name": "BHITOR POWAI", "state_name": "ASSAM", "state_lgd": 18, "population": 1031, "households": 218}, "geometry": {"type": "Polygon", "coordinates": [[[95.63035, 27.280710000000003], [95.62512000000001, 27.282190000000003], [95.62512000000001, 27.285140000000002], [95.62274000000001, 27.28874], [95.62449000000001, 27.291390000000003], [95.62705000000001, 27.293670000000002], [95.63336000000001, 27.300120000000003], [95.63811000000001, 27.300760000000004], [95.63799, 27.287060000000004], [95.63739000000001, 27.280980000000003], [95.63035, 27.280710000000003]]]}}, {"id": "541", "type": "Feature", "properties": {"village_name": "Makum Block", "vil_lgd": 290922, "district_name": "Tinsukia", "dist_lgd": 302, "subdistrict_name": "Margherita", "sdcode": 2062, "block_name": "Margherita", "block_lgd": 97.0, "gp_name": "BHITOR POWAI", "state_name": "ASSAM", "state_lgd": 18, "population": 514, "households": 105}, "geometry": {"type": "Polygon", "coordinates": [[[95.62911000000001, 27.303230000000003], [95.63220000000001, 27.30365], [95.63336000000001, 27.300120000000003], [95.62705000000001, 27.293670000000002], [95.62329000000001, 27.29755], [95.62118000000001, 27.301700000000004], [95.62178, 27.304370000000002], [95.62412, 27.307450000000003], [95.62798000000001, 27.30412], [95.62911000000001, 27.303230000000003]]]}}, {"id": "542", "type": "Feature", "properties": {"village_name": "Dirak", "vil_lgd": 290931, "district_name": "Tinsukia", "dist_lgd": 302, "subdistrict_name": "Margherita", "sdcode": 2062, "block_name": "Margherita", "block_lgd": 97.0, "gp_name": "BHETOR POWAI", "state_name": "ASSAM", "state_lgd": 18, "population": 3996, "households": 827}, "geometry": {"type": "Polygon", "coordinates": [[[95.65121, 27.285600000000002], [95.64645, 27.283890000000003], [95.64304000000001, 27.28402], [95.64007000000001, 27.286920000000002], [95.63799, 27.287060000000004], [95.63811000000001, 27.300760000000004], [95.64572000000001, 27.297380000000004], [95.65119000000001, 27.29315], [95.65121, 27.285600000000002]]]}}, {"id": "543", "type": "Feature", "properties": {"village_name": "Margherita", "vil_lgd": 249892, "district_name": "Tinsukia", "dist_lgd": 302, "subdistrict_name": "Margherita", "sdcode": 2062, "block_name": "", "block_lgd": 0.0, "gp_name": "", "state_name": "ASSAM", "state_lgd": 18, "population": 26914, "households": 5990}, "geometry": {"type": "Polygon", "coordinates": [[[95.70134, 27.300340000000002], [95.69848, 27.29062], [95.69088, 27.29294], [95.68750000000001, 27.292360000000002], [95.68351000000001, 27.291680000000003], [95.66949000000001, 27.28534], [95.66735000000001, 27.290830000000003], [95.65784000000001, 27.291040000000002], [95.65356000000001, 27.29801], [95.65689, 27.2997], [95.66141, 27.301810000000003], [95.66616, 27.30329], [95.67234, 27.30329], [95.67662000000001, 27.30329], [95.68962, 27.301810000000003], [95.69516, 27.301810000000003], [95.70134, 27.300340000000002]]]}}, {"id": "544", "type": "Feature", "properties": {"village_name": "Makum Pathar", "vil_lgd": 290897, "district_name": "Tinsukia", "dist_lgd": 302, "subdistrict_name": "Margherita", "sdcode": 2062, "block_name": "Margherita", "block_lgd": 97.0, "gp_name": "MAKUM PATHER", "state_name": "ASSAM", "state_lgd": 18, "population": 1589, "households": 358}, "geometry": {"type": "Polygon", "coordinates": [[[95.65784000000001, 27.291040000000002], [95.65119000000001, 27.29315], [95.64572000000001, 27.297380000000004], [95.64263000000001, 27.305400000000002], [95.65240000000001, 27.303310000000003], [95.65689, 27.2997], [95.65356000000001, 27.29801], [95.65784000000001, 27.291040000000002]]]}}, {"id": "545", "type": "Feature", "properties": {"village_name": "Makum Pathar", "vil_lgd": 290899, "district_name": "Tinsukia", "dist_lgd": 302, "subdistrict_name": "Margherita", "sdcode": 2062, "block_name": "Margherita", "block_lgd": 97.0, "gp_name": "MAKUM PATHAR", "state_name": "ASSAM", "state_lgd": 18, "population": 1271, "households": 277}, "geometry": {"type": "Polygon", "coordinates": [[[95.64572000000001, 27.297380000000004], [95.63811000000001, 27.300760000000004], [95.63336000000001, 27.300120000000003], [95.64018, 27.311410000000002], [95.64263000000001, 27.305400000000002], [95.64572000000001, 27.297380000000004]]]}}, {"id": "546", "type": "Feature", "properties": {"village_name": "Makum Pathar", "vil_lgd": 290900, "district_name": "Tinsukia", "dist_lgd": 302, "subdistrict_name": "Margherita", "sdcode": 2062, "block_name": "Margherita", "block_lgd": 97.0, "gp_name": "MAKUM", "state_name": "ASSAM", "state_lgd": 18, "population": 1026, "households": 219}, "geometry": {"type": "Polygon", "coordinates": [[[95.64263000000001, 27.305400000000002], [95.64018, 27.311410000000002], [95.63101, 27.30956], [95.62887, 27.321180000000002], [95.63724, 27.324640000000002], [95.64247, 27.32759], [95.64651, 27.32823], [95.65645, 27.329030000000003], [95.67927, 27.335240000000002], [95.68060000000001, 27.33254], [95.67675000000001, 27.330420000000004], [95.67234, 27.328000000000003], [95.67020000000001, 27.32589], [95.66949000000001, 27.319550000000003], [95.66664, 27.317860000000003], [95.65761, 27.316450000000003], [95.65451, 27.31596], [95.65119000000001, 27.31068], [95.64263000000001, 27.305400000000002]]]}}, {"id": "547", "type": "Feature", "properties": {"village_name": "Agbandha", "vil_lgd": 290915, "district_name": "Tinsukia", "dist_lgd": 302, "subdistrict_name": "Margherita", "sdcode": 2062, "block_name": "Margherita", "block_lgd": 97.0, "gp_name": "MAKUM PATHAR", "state_name": "ASSAM", "state_lgd": 18, "population": 1003, "households": 219}, "geometry": {"type": "Polygon", "coordinates": [[[95.65689, 27.2997], [95.65240000000001, 27.303310000000003], [95.65191, 27.304990000000004], [95.65119000000001, 27.31068], [95.65451, 27.31596], [95.65761, 27.316450000000003], [95.65780000000001, 27.31398], [95.65666, 27.309420000000003], [95.65761, 27.30553], [95.66141, 27.301810000000003], [95.65689, 27.2997]]]}}, {"id": "548", "type": "Feature", "properties": {"village_name": "Mase Gaon", "vil_lgd": 290896, "district_name": "Tinsukia", "dist_lgd": 302, "subdistrict_name": "Margherita", "sdcode": 2062, "block_name": "Margherita", "block_lgd": 97.0, "gp_name": "MOKUM PATHER", "state_name": "ASSAM", "state_lgd": 18, "population": 508, "households": 105}, "geometry": {"type": "Polygon", "coordinates": [[[95.66141, 27.301810000000003], [95.65761, 27.30553], [95.66312, 27.305870000000002], [95.66673, 27.307900000000004], [95.66844, 27.310090000000002], [95.67054, 27.30908], [95.67187000000001, 27.306880000000003], [95.67234, 27.30329], [95.66616, 27.30329], [95.66141, 27.301810000000003]]]}}, {"id": "549", "type": "Feature", "properties": {"village_name": "Rajkhowa Pathar", "vil_lgd": 290895, "district_name": "Tinsukia", "dist_lgd": 302, "subdistrict_name": "Margherita", "sdcode": 2062, "block_name": "Margherita", "block_lgd": 97.0, "gp_name": "KETATONG", "state_name": "ASSAM", "state_lgd": 18, "population": 190, "households": 36}, "geometry": {"type": "Polygon", "coordinates": [[[95.65761, 27.30553], [95.65666, 27.309420000000003], [95.65780000000001, 27.31398], [95.65761, 27.316450000000003], [95.66664, 27.317860000000003], [95.66949000000001, 27.319550000000003], [95.67225, 27.31989], [95.67358, 27.31837], [95.66806000000001, 27.31229], [95.66844, 27.310090000000002], [95.66673, 27.307900000000004], [95.66312, 27.305870000000002], [95.65761, 27.30553]]]}}, {"id": "550", "type": "Feature", "properties": {"village_name": "Dibong", "vil_lgd": 290893, "district_name": "Tinsukia", "dist_lgd": 302, "subdistrict_name": "Margherita", "sdcode": 2062, "block_name": "Margherita", "block_lgd": 97.0, "gp_name": "KETATONG", "state_name": "ASSAM", "state_lgd": 18, "population": 990, "households": 215}, "geometry": {"type": "Polygon", "coordinates": [[[95.67833, 27.317190000000004], [95.68137, 27.317020000000003], [95.68175000000001, 27.31415], [95.67814000000001, 27.311780000000002], [95.67586000000001, 27.307730000000003], [95.67662000000001, 27.30329], [95.67234, 27.30329], [95.67187000000001, 27.306880000000003], [95.67054, 27.30908], [95.66844, 27.310090000000002], [95.66806000000001, 27.31229], [95.67358, 27.31837], [95.67225, 27.31989], [95.66949000000001, 27.319550000000003], [95.67020000000001, 27.32589], [95.67234, 27.328000000000003], [95.67643000000001, 27.32006], [95.67833, 27.317190000000004]]]}}, {"id": "551", "type": "Feature", "properties": {"village_name": "Alubari Gaon", "vil_lgd": 290889, "district_name": "Tinsukia", "dist_lgd": 302, "subdistrict_name": "Margherita", "sdcode": 2062, "block_name": "Margherita", "block_lgd": 97.0, "gp_name": "KATATONG", "state_name": "ASSAM", "state_lgd": 18, "population": 173, "households": 33}, "geometry": {"type": "Polygon", "coordinates": [[[95.67833, 27.317190000000004], [95.67643000000001, 27.32006], [95.67234, 27.328000000000003], [95.67675000000001, 27.330420000000004], [95.68023000000001, 27.327150000000003], [95.68137, 27.323780000000003], [95.68137, 27.317020000000003], [95.67833, 27.317190000000004]]]}}, {"id": "552", "type": "Feature", "properties": {"village_name": "Dibongbari", "vil_lgd": 290890, "district_name": "Tinsukia", "dist_lgd": 302, "subdistrict_name": "Margherita", "sdcode": 2062, "block_name": "Margherita", "block_lgd": 97.0, "gp_name": "KETATONG", "state_name": "ASSAM", "state_lgd": 18, "population": 399, "households": 75}, "geometry": {"type": "Polygon", "coordinates": [[[95.68137, 27.317020000000003], [95.68137, 27.323780000000003], [95.68023000000001, 27.327150000000003], [95.67675000000001, 27.330420000000004], [95.68060000000001, 27.33254], [95.68936000000001, 27.329690000000003], [95.68651000000001, 27.322760000000002], [95.68137, 27.317020000000003]]]}}, {"id": "553", "type": "Feature", "properties": {"village_name": "Dibong", "vil_lgd": 290891, "district_name": "Tinsukia", "dist_lgd": 302, "subdistrict_name": "Margherita", "sdcode": 2062, "block_name": "Margherita", "block_lgd": 97.0, "gp_name": "KETATONG", "state_name": "ASSAM", "state_lgd": 18, "population": 183, "households": 34}, "geometry": {"type": "Polygon", "coordinates": [[[95.68936000000001, 27.310430000000004], [95.68689, 27.312630000000002], [95.68175000000001, 27.31415], [95.68137, 27.317020000000003], [95.68651000000001, 27.322760000000002], [95.68936000000001, 27.329690000000003], [95.69487000000001, 27.32834], [95.6924, 27.322090000000003], [95.69316, 27.315500000000004], [95.69012000000001, 27.312960000000004], [95.68936000000001, 27.310430000000004]]]}}, {"id": "554", "type": "Feature", "properties": {"village_name": "Alubari Gaon", "vil_lgd": 290888, "district_name": "Tinsukia", "dist_lgd": 302, "subdistrict_name": "Margherita", "sdcode": 2062, "block_name": "Margherita", "block_lgd": 97.0, "gp_name": "INTHEM", "state_name": "ASSAM", "state_lgd": 18, "population": 939, "households": 193}, "geometry": {"type": "Polygon", "coordinates": [[[95.69316, 27.315500000000004], [95.6924, 27.322090000000003], [95.69487000000001, 27.32834], [95.69982, 27.32851], [95.6983, 27.31668], [95.69316, 27.315500000000004]]]}}, {"id": "555", "type": "Feature", "properties": {"village_name": "Alubari Gaon", "vil_lgd": 290887, "district_name": "Tinsukia", "dist_lgd": 302, "subdistrict_name": "Margherita", "sdcode": 2062, "block_name": "Margherita", "block_lgd": 97.0, "gp_name": "KATATONG", "state_name": "ASSAM", "state_lgd": 18, "population": 1145, "households": 234}, "geometry": {"type": "Polygon", "coordinates": [[[95.69944000000001, 27.333740000000002], [95.70609, 27.33442], [95.70153, 27.31651], [95.6983, 27.31668], [95.69982, 27.32851], [95.69487000000001, 27.32834], [95.68936000000001, 27.329690000000003], [95.68060000000001, 27.33254], [95.691, 27.338390000000004], [95.69373, 27.335770000000004], [95.69944000000001, 27.333740000000002]]]}}, {"id": "556", "type": "Feature", "properties": {"village_name": "Grant Makum Tea Co", "vil_lgd": 290933, "district_name": "Tinsukia", "dist_lgd": 302, "subdistrict_name": "Margherita", "sdcode": 2062, "block_name": "Margherita", "block_lgd": 97.0, "gp_name": "KAMAR POTTY", "state_name": "ASSAM", "state_lgd": 18, "population": 3333, "households": 701}, "geometry": {"type": "Polygon", "coordinates": [[[95.65804000000001, 27.2757], [95.65641000000001, 27.283620000000003], [95.65784000000001, 27.291040000000002], [95.66735000000001, 27.290830000000003], [95.66949000000001, 27.28534], [95.67111000000001, 27.282380000000003], [95.67415000000001, 27.28103], [95.67703, 27.27887], [95.66443000000001, 27.277420000000003], [95.65804000000001, 27.2757]]]}}, {"id": "557", "type": "Feature", "properties": {"village_name": "Namdang Tea Co Grant A", "vil_lgd": 290938, "district_name": "Tinsukia", "dist_lgd": 302, "subdistrict_name": "Margherita", "sdcode": 2062, "block_name": "Margherita", "block_lgd": 97.0, "gp_name": "KAMAR POTTY", "state_name": "ASSAM", "state_lgd": 18, "population": 1160, "households": 244}, "geometry": {"type": "Polygon", "coordinates": [[[95.67415000000001, 27.28103], [95.67111000000001, 27.282380000000003], [95.66949000000001, 27.28534], [95.68351000000001, 27.291680000000003], [95.68750000000001, 27.292360000000002], [95.68137, 27.28677], [95.67947000000001, 27.28339], [95.67415000000001, 27.28103]]]}}, {"id": "558", "type": "Feature", "properties": {"village_name": "Makum Assam Tea Co Darkhast", "vil_lgd": 290937, "district_name": "Tinsukia", "dist_lgd": 302, "subdistrict_name": "Margherita", "sdcode": 2062, "block_name": "Margherita", "block_lgd": 97.0, "gp_name": "KAMAR POTTY", "state_name": "ASSAM", "state_lgd": 18, "population": 443, "households": 94}, "geometry": {"type": "Polygon", "coordinates": [[[95.67703, 27.27887], [95.67415000000001, 27.28103], [95.67947000000001, 27.28339], [95.68137, 27.28677], [95.68750000000001, 27.292360000000002], [95.69088, 27.29294], [95.68651000000001, 27.28356], [95.68092000000001, 27.279000000000003], [95.67703, 27.27887]]]}}, {"id": "559", "type": "Feature", "properties": {"village_name": "Namdang Tea Co Kabula Darkhast", "vil_lgd": 290936, "district_name": "Tinsukia", "dist_lgd": 302, "subdistrict_name": "Margherita", "sdcode": 2062, "block_name": "Margherita", "block_lgd": 97.0, "gp_name": "KAMAR POTTY", "state_name": "ASSAM", "state_lgd": 18, "population": 803, "households": 169}, "geometry": {"type": "Polygon", "coordinates": [[[95.67578, 27.262300000000003], [95.67364, 27.26593], [95.67498, 27.271480000000004], [95.67765000000001, 27.275830000000003], [95.68092000000001, 27.279000000000003], [95.68651000000001, 27.28356], [95.69088, 27.29294], [95.69848, 27.29062], [95.69487000000001, 27.282380000000003], [95.69145, 27.27934], [95.68955000000001, 27.275450000000003], [95.68841, 27.270380000000003], [95.68376, 27.26497], [95.67578, 27.262300000000003]]]}}, {"id": "560", "type": "Feature", "properties": {"village_name": "Namdang Tea Co Grant B", "vil_lgd": 290939, "district_name": "Tinsukia", "dist_lgd": 302, "subdistrict_name": "Margherita", "sdcode": 2062, "block_name": "Margherita", "block_lgd": 97.0, "gp_name": "KAMAR POTTY", "state_name": "ASSAM", "state_lgd": 18, "population": 2117, "households": 458}, "geometry": {"type": "MultiPolygon", "coordinates": [[[[95.68376, 27.26497], [95.68841, 27.270380000000003], [95.68955000000001, 27.275450000000003], [95.69145, 27.27934], [95.69487000000001, 27.282380000000003], [95.69848, 27.29062], [95.70343000000001, 27.28796], [95.70919, 27.27878], [95.71358000000001, 27.272340000000003], [95.68858, 27.266050000000003], [95.68376, 27.26497]]], [[[95.65641000000001, 27.283620000000003], [95.65121, 27.285600000000002], [95.65119000000001, 27.29315], [95.65784000000001, 27.291040000000002], [95.65641000000001, 27.283620000000003]]]]}}, {"id": "561", "type": "Feature", "properties": {"village_name": "Nakong Pathar", "vil_lgd": 290892, "district_name": "Tinsukia", "dist_lgd": 302, "subdistrict_name": "Margherita", "sdcode": 2062, "block_name": "Margherita", "block_lgd": 97.0, "gp_name": "KATATONG", "state_name": "ASSAM", "state_lgd": 18, "population": 636, "households": 124}, "geometry": {"type": "Polygon", "coordinates": [[[95.67662000000001, 27.30329], [95.67586000000001, 27.307730000000003], [95.67814000000001, 27.311780000000002], [95.68175000000001, 27.31415], [95.68689, 27.312630000000002], [95.68936000000001, 27.310430000000004], [95.69621000000001, 27.308400000000002], [95.69625, 27.30665], [95.69429000000001, 27.30451], [95.68962, 27.301810000000003], [95.67662000000001, 27.30329]]]}}, {"id": "562", "type": "Feature", "properties": {"village_name": "Makum Pathar", "vil_lgd": 290898, "district_name": "Tinsukia", "dist_lgd": 302, "subdistrict_name": "Margherita", "sdcode": 2062, "block_name": "Margherita", "block_lgd": 97.0, "gp_name": "MAKUM PATHAR", "state_name": "ASSAM", "state_lgd": 18, "population": 2542, "households": 596}, "geometry": {"type": "Polygon", "coordinates": [[[95.70694, 27.310270000000003], [95.71055000000001, 27.310800000000004], [95.70844000000001, 27.30599], [95.70134, 27.300340000000002], [95.69516, 27.301810000000003], [95.68962, 27.301810000000003], [95.69429000000001, 27.30451], [95.69625, 27.30665], [95.69621000000001, 27.308400000000002], [95.68936000000001, 27.310430000000004], [95.69012000000001, 27.312960000000004], [95.69316, 27.315500000000004], [95.6983, 27.31668], [95.70153, 27.31651], [95.70468000000001, 27.311740000000004], [95.70694, 27.310270000000003]]]}}, {"id": "563", "type": "Feature", "properties": {"village_name": "Margherita Kumar Potty", "vil_lgd": 290951, "district_name": "Tinsukia", "dist_lgd": 302, "subdistrict_name": "Margherita", "sdcode": 2062, "block_name": "Margherita", "block_lgd": 97.0, "gp_name": "KUMAR POTTY", "state_name": "ASSAM", "state_lgd": 18, "population": 232, "households": 47}, "geometry": {"type": "Polygon", "coordinates": [[[95.71281, 27.297020000000003], [95.70965000000001, 27.29876], [95.70134, 27.300340000000002], [95.70844000000001, 27.30599], [95.71055000000001, 27.310800000000004], [95.71432, 27.310000000000002], [95.71718000000001, 27.308390000000003], [95.71808000000001, 27.305320000000002], [95.71718000000001, 27.301840000000002], [95.71281, 27.297020000000003]]]}}, {"id": "564", "type": "Feature", "properties": {"village_name": "Namdang Coalliory N C", "vil_lgd": 290944, "district_name": "Tinsukia", "dist_lgd": 302, "subdistrict_name": "Margherita", "sdcode": 2062, "block_name": "Margherita", "block_lgd": 97.0, "gp_name": "BARGOLAI", "state_name": "ASSAM", "state_lgd": 18, "population": 428, "households": 103}, "geometry": {"type": "Polygon", "coordinates": [[[95.72909000000001, 27.271130000000003], [95.72653000000001, 27.27287], [95.72382, 27.276220000000002], [95.72531000000001, 27.280960000000004], [95.72954000000001, 27.282110000000003], [95.73421, 27.278760000000002], [95.73406000000001, 27.272740000000002], [95.73195000000001, 27.272340000000003], [95.72909000000001, 27.271130000000003]]]}}, {"id": "565", "type": "Feature", "properties": {"village_name": "Namdang Coal Grant", "vil_lgd": 290945, "district_name": "Tinsukia", "dist_lgd": 302, "subdistrict_name": "Margherita", "sdcode": 2062, "block_name": "Margherita", "block_lgd": 97.0, "gp_name": "BARGOLAI", "state_name": "ASSAM", "state_lgd": 18, "population": 628, "households": 131}, "geometry": {"type": "Polygon", "coordinates": [[[95.72954000000001, 27.282110000000003], [95.72531000000001, 27.280960000000004], [95.72200000000001, 27.280420000000003], [95.71989, 27.28149], [95.71898, 27.28337], [95.71944, 27.286050000000003], [95.72501000000001, 27.285780000000003], [95.72819000000001, 27.287730000000003], [95.72819000000001, 27.285590000000003], [95.72954000000001, 27.282110000000003]]]}}, {"id": "566", "type": "Feature", "properties": {"village_name": "Borgolai Gaon", "vil_lgd": 290946, "district_name": "Tinsukia", "dist_lgd": 302, "subdistrict_name": "Margherita", "sdcode": 2062, "block_name": "Margherita", "block_lgd": 97.0, "gp_name": "BARGOLAI", "state_name": "ASSAM", "state_lgd": 18, "population": 648, "households": 166}, "geometry": {"type": "Polygon", "coordinates": [[[95.71944, 27.286050000000003], [95.71778, 27.28845], [95.72019, 27.291130000000003], [95.7241, 27.291670000000003], [95.72924, 27.29081], [95.72819000000001, 27.287730000000003], [95.72501000000001, 27.285780000000003], [95.71944, 27.286050000000003]]]}}, {"id": "567", "type": "Feature", "properties": {"village_name": "Namdang Tea Cogrant C", "vil_lgd": 290940, "district_name": "Tinsukia", "dist_lgd": 302, "subdistrict_name": "Margherita", "sdcode": 2062, "block_name": "Margherita", "block_lgd": 97.0, "gp_name": "KAMAR POTTY", "state_name": "ASSAM", "state_lgd": 18, "population": 811, "households": 155}, "geometry": {"type": "Polygon", "coordinates": [[[95.70919, 27.27878], [95.70343000000001, 27.28796], [95.69848, 27.29062], [95.70134, 27.300340000000002], [95.70965000000001, 27.29876], [95.70935000000001, 27.29474], [95.70754000000001, 27.290460000000003], [95.71206000000001, 27.287250000000004], [95.71311000000001, 27.284570000000002], [95.71206000000001, 27.28123], [95.70919, 27.27878]]]}}, {"id": "568", "type": "Feature", "properties": {"village_name": "Namdang Tea Co F", "vil_lgd": 290941, "district_name": "Tinsukia", "dist_lgd": 302, "subdistrict_name": "Margherita", "sdcode": 2062, "block_name": "Margherita", "block_lgd": 97.0, "gp_name": "KAMARPOTTY", "state_name": "ASSAM", "state_lgd": 18, "population": 1264, "households": 274}, "geometry": {"type": "Polygon", "coordinates": [[[95.71206000000001, 27.287250000000004], [95.70754000000001, 27.290460000000003], [95.70935000000001, 27.29474], [95.70965000000001, 27.29876], [95.71281, 27.297020000000003], [95.71823, 27.292740000000002], [95.71522, 27.289790000000004], [95.71206000000001, 27.287250000000004]]]}}, {"id": "569", "type": "Feature", "properties": {"village_name": "Borgolai Telkhat", "vil_lgd": 290943, "district_name": "Tinsukia", "dist_lgd": 302, "subdistrict_name": "Margherita", "sdcode": 2062, "block_name": "Margherita", "block_lgd": 97.0, "gp_name": "BORGOLAI", "state_name": "ASSAM", "state_lgd": 18, "population": 503, "households": 116}, "geometry": {"type": "Polygon", "coordinates": [[[95.72200000000001, 27.280420000000003], [95.72531000000001, 27.280960000000004], [95.72382, 27.276220000000002], [95.72126, 27.275820000000003], [95.71358000000001, 27.272340000000003], [95.70919, 27.27878], [95.71206000000001, 27.28123], [95.71898, 27.28337], [95.71989, 27.28149], [95.72200000000001, 27.280420000000003]]]}}, {"id": "570", "type": "Feature", "properties": {"village_name": "Namdan Golai", "vil_lgd": 290942, "district_name": "Tinsukia", "dist_lgd": 302, "subdistrict_name": "Margherita", "sdcode": 2062, "block_name": "Margherita", "block_lgd": 97.0, "gp_name": "BORGULAI", "state_name": "ASSAM", "state_lgd": 18, "population": 758, "households": 162}, "geometry": {"type": "Polygon", "coordinates": [[[95.71206000000001, 27.28123], [95.71311000000001, 27.284570000000002], [95.71206000000001, 27.287250000000004], [95.71522, 27.289790000000004], [95.71823, 27.292740000000002], [95.72019, 27.291130000000003], [95.71778, 27.28845], [95.71944, 27.286050000000003], [95.71898, 27.28337], [95.71206000000001, 27.28123]]]}}, {"id": "571", "type": "Feature", "properties": {"village_name": "Lagum Gaon", "vil_lgd": 290950, "district_name": "Tinsukia", "dist_lgd": 302, "subdistrict_name": "Margherita", "sdcode": 2062, "block_name": "Margherita", "block_lgd": 97.0, "gp_name": "MAKUM PATHER", "state_name": "ASSAM", "state_lgd": 18, "population": 1415, "households": 309}, "geometry": {"type": "Polygon", "coordinates": [[[95.7305, 27.301520000000004], [95.73963, 27.300670000000004], [95.73858000000001, 27.297770000000003], [95.73421, 27.295620000000003], [95.72924, 27.29081], [95.7241, 27.291670000000003], [95.72019, 27.291130000000003], [95.71823, 27.292740000000002], [95.71281, 27.297020000000003], [95.71718000000001, 27.301840000000002], [95.71808000000001, 27.305320000000002], [95.72327000000001, 27.30676], [95.72403000000001, 27.30338], [95.72670000000001, 27.302190000000003], [95.7305, 27.301520000000004]]]}}, {"id": "572", "type": "Feature", "properties": {"village_name": "Borgolai Gaon", "vil_lgd": 290953, "district_name": "Tinsukia", "dist_lgd": 302, "subdistrict_name": "Margherita", "sdcode": 2062, "block_name": "Margherita", "block_lgd": 97.0, "gp_name": "BORGOLAI", "state_name": "ASSAM", "state_lgd": 18, "population": 2960, "households": 616}, "geometry": {"type": "Polygon", "coordinates": [[[95.7305, 27.301520000000004], [95.72670000000001, 27.302190000000003], [95.72403000000001, 27.30338], [95.72327000000001, 27.30676], [95.72498, 27.313180000000003], [95.72498, 27.32027], [95.72689000000001, 27.322640000000003], [95.73620000000001, 27.323310000000003], [95.73753, 27.321450000000002], [95.73886, 27.31689], [95.73506, 27.315880000000003], [95.73297000000001, 27.313010000000002], [95.73202, 27.30929], [95.73316000000001, 27.305400000000002], [95.7305, 27.301520000000004]]]}}, {"id": "573", "type": "Feature", "properties": {"village_name": "Fakial Gaon", "vil_lgd": 290883, "district_name": "Tinsukia", "dist_lgd": 302, "subdistrict_name": "Margherita", "sdcode": 2062, "block_name": "Margherita", "block_lgd": 97.0, "gp_name": "KATATONG", "state_name": "ASSAM", "state_lgd": 18, "population": 504, "households": 102}, "geometry": {"type": "Polygon", "coordinates": [[[95.69944000000001, 27.333740000000002], [95.69373, 27.335770000000004], [95.691, 27.338390000000004], [95.69695, 27.342360000000003], [95.70038000000001, 27.344700000000003], [95.70369000000001, 27.341890000000003], [95.70806, 27.340880000000002], [95.71015000000001, 27.33547], [95.70609, 27.33442], [95.69944000000001, 27.333740000000002]]]}}, {"id": "574", "type": "Feature", "properties": {"village_name": "Pithaguti Bari Gaon", "vil_lgd": 290881, "district_name": "Tinsukia", "dist_lgd": 302, "subdistrict_name": "Margherita", "sdcode": 2062, "block_name": "Margherita", "block_lgd": 97.0, "gp_name": "KATATONG", "state_name": "ASSAM", "state_lgd": 18, "population": 136, "households": 31}, "geometry": {"type": "Polygon", "coordinates": [[[95.70186000000001, 27.346600000000002], [95.70684000000001, 27.352970000000003], [95.71064000000001, 27.35534], [95.71121000000001, 27.358710000000002], [95.71643, 27.3576], [95.71053, 27.346960000000003], [95.7061, 27.34709], [95.70186000000001, 27.346600000000002]]]}}, {"id": "575", "type": "Feature", "properties": {"village_name": "Bapu Pathar", "vil_lgd": 290879, "district_name": "Tinsukia", "dist_lgd": 302, "subdistrict_name": "Margherita", "sdcode": 2062, "block_name": "Margherita", "block_lgd": 97.0, "gp_name": "KATATONG", "state_name": "ASSAM", "state_lgd": 18, "population": 207, "households": 40}, "geometry": {"type": "Polygon", "coordinates": [[[95.71182, 27.341450000000002], [95.71167000000001, 27.343560000000004], [95.71021, 27.344970000000004], [95.71053, 27.346960000000003], [95.71643, 27.3576], [95.71928000000001, 27.35405], [95.72213, 27.345950000000002], [95.72133000000001, 27.343030000000002], [95.71613, 27.34277], [95.71405000000001, 27.341710000000003], [95.71182, 27.341450000000002]]]}}, {"id": "576", "type": "Feature", "properties": {"village_name": "Ubon Gaon", "vil_lgd": 290880, "district_name": "Tinsukia", "dist_lgd": 302, "subdistrict_name": "Margherita", "sdcode": 2062, "block_name": "Margherita", "block_lgd": 97.0, "gp_name": "KATATONG", "state_name": "ASSAM", "state_lgd": 18, "population": 79, "households": 16}, "geometry": {"type": "Polygon", "coordinates": [[[95.71182, 27.341450000000002], [95.71405000000001, 27.341710000000003], [95.71613, 27.34277], [95.72133000000001, 27.343030000000002], [95.72059, 27.34052], [95.71465, 27.339340000000004], [95.71257000000001, 27.335510000000003], [95.71015000000001, 27.33547], [95.70806, 27.340880000000002], [95.70996000000001, 27.343410000000002], [95.71021, 27.344970000000004], [95.71167000000001, 27.343560000000004], [95.71182, 27.341450000000002]]]}}, {"id": "577", "type": "Feature", "properties": {"village_name": "Rath Gaon Duba", "vil_lgd": 290885, "district_name": "Tinsukia", "dist_lgd": 302, "subdistrict_name": "Margherita", "sdcode": 2062, "block_name": "Margherita", "block_lgd": 97.0, "gp_name": "KATATONG", "state_name": "ASSAM", "state_lgd": 18, "population": 216, "households": 45}, "geometry": {"type": "Polygon", "coordinates": [[[95.70694, 27.310270000000003], [95.70468000000001, 27.311740000000004], [95.70153, 27.31651], [95.70609, 27.33442], [95.71015000000001, 27.33547], [95.71257000000001, 27.335510000000003], [95.71405000000001, 27.332340000000002], [95.7145, 27.32785], [95.71331, 27.32231], [95.71361, 27.318220000000004], [95.71509, 27.31426], [95.71055000000001, 27.310800000000004], [95.70694, 27.310270000000003]]]}}, {"id": "578", "type": "Feature", "properties": {"village_name": "Ledo Tikak N C", "vil_lgd": 290948, "district_name": "Tinsukia", "dist_lgd": 302, "subdistrict_name": "Margherita", "sdcode": 2062, "block_name": "Margherita", "block_lgd": 97.0, "gp_name": "SAMUKHJAN", "state_name": "ASSAM", "state_lgd": 18, "population": 519, "households": 113}, "geometry": {"type": "Polygon", "coordinates": [[[95.71808000000001, 27.305320000000002], [95.71718000000001, 27.308390000000003], [95.71432, 27.310000000000002], [95.71055000000001, 27.310800000000004], [95.71509, 27.31426], [95.72074, 27.317560000000004], [95.72498, 27.32027], [95.72498, 27.313180000000003], [95.72327000000001, 27.30676], [95.71808000000001, 27.305320000000002]]]}}, {"id": "579", "type": "Feature", "properties": {"village_name": "Dibong Fakial", "vil_lgd": 290886, "district_name": "Tinsukia", "dist_lgd": 302, "subdistrict_name": "Margherita", "sdcode": 2062, "block_name": "Margherita", "block_lgd": 97.0, "gp_name": "KATATONG", "state_name": "ASSAM", "state_lgd": 18, "population": 929, "households": 198}, "geometry": {"type": "Polygon", "coordinates": [[[95.71509, 27.31426], [95.71361, 27.318220000000004], [95.71331, 27.32231], [95.7145, 27.32785], [95.71405000000001, 27.332340000000002], [95.71257000000001, 27.335510000000003], [95.72148000000001, 27.332340000000002], [95.72252, 27.3301], [95.72282000000001, 27.324820000000003], [95.72074, 27.317560000000004], [95.71509, 27.31426]]]}}, {"id": "580", "type": "Feature", "properties": {"village_name": "Fakial Gaon", "vil_lgd": 290884, "district_name": "Tinsukia", "dist_lgd": 302, "subdistrict_name": "Margherita", "sdcode": 2062, "block_name": "Margherita", "block_lgd": 97.0, "gp_name": "KATATONG", "state_name": "ASSAM", "state_lgd": 18, "population": 96, "households": 20}, "geometry": {"type": "Polygon", "coordinates": [[[95.72148000000001, 27.332340000000002], [95.71257000000001, 27.335510000000003], [95.71465, 27.339340000000004], [95.72059, 27.34052], [95.72029, 27.336560000000002], [95.72148000000001, 27.332340000000002]]]}}, {"id": "581", "type": "Feature", "properties": {"village_name": "Ledo Bangali Gaon", "vil_lgd": 290954, "district_name": "Tinsukia", "dist_lgd": 302, "subdistrict_name": "Margherita", "sdcode": 2062, "block_name": "Margherita", "block_lgd": 97.0, "gp_name": "LEDO", "state_name": "ASSAM", "state_lgd": 18, "population": 395, "households": 83}, "geometry": {"type": "Polygon", "coordinates": [[[95.72074, 27.317560000000004], [95.72282000000001, 27.324820000000003], [95.72252, 27.3301], [95.72148000000001, 27.332340000000002], [95.73797, 27.327720000000003], [95.73620000000001, 27.323310000000003], [95.72689000000001, 27.322640000000003], [95.72498, 27.32027], [95.72074, 27.317560000000004]]]}}, {"id": "582", "type": "Feature", "properties": {"village_name": "Namdan Gaon", "vil_lgd": 290952, "district_name": "Tinsukia", "dist_lgd": 302, "subdistrict_name": "Margherita", "sdcode": 2062, "block_name": "Margherita", "block_lgd": 97.0, "gp_name": "BARGOLAI", "state_name": "ASSAM", "state_lgd": 18, "population": 643, "households": 125}, "geometry": {"type": "Polygon", "coordinates": [[[95.73886, 27.31689], [95.73753, 27.321450000000002], [95.73620000000001, 27.323310000000003], [95.73797, 27.327720000000003], [95.74168, 27.327460000000002], [95.74643, 27.32654], [95.74926, 27.324690000000004], [95.75015, 27.32205], [95.74926, 27.319010000000002], [95.74465000000001, 27.31743], [95.73886, 27.31689]]]}}, {"id": "583", "type": "Feature", "properties": {"village_name": "Molong Gaon", "vil_lgd": 290956, "district_name": "Tinsukia", "dist_lgd": 302, "subdistrict_name": "Margherita", "sdcode": 2062, "block_name": "Margherita", "block_lgd": 97.0, "gp_name": "SAMUKHJAN", "state_name": "ASSAM", "state_lgd": 18, "population": 266, "households": 45}, "geometry": {"type": "Polygon", "coordinates": [[[95.72497000000001, 27.349490000000003], [95.72683, 27.34382], [95.73529, 27.331950000000003], [95.74168, 27.327460000000002], [95.73797, 27.327720000000003], [95.72148000000001, 27.332340000000002], [95.72029, 27.336560000000002], [95.72059, 27.34052], [95.72133000000001, 27.343030000000002], [95.72213, 27.345950000000002], [95.71928000000001, 27.35405], [95.71643, 27.3576], [95.71940000000001, 27.358600000000003], [95.72326000000001, 27.355040000000002], [95.72497000000001, 27.349490000000003]]]}}, {"id": "584", "type": "Feature", "properties": {"village_name": "Molong Gaon", "vil_lgd": 290955, "district_name": "Tinsukia", "dist_lgd": 302, "subdistrict_name": "Margherita", "sdcode": 2062, "block_name": "Margherita", "block_lgd": 97.0, "gp_name": "SUMUKHJAN", "state_name": "ASSAM", "state_lgd": 18, "population": 213, "households": 39}, "geometry": {"type": "Polygon", "coordinates": [[[95.74087, 27.343680000000003], [95.74325, 27.334310000000002], [95.74168, 27.327460000000002], [95.73529, 27.331950000000003], [95.72683, 27.34382], [95.72497000000001, 27.349490000000003], [95.72810000000001, 27.34896], [95.73478000000001, 27.349880000000002], [95.7385, 27.347510000000003], [95.74087, 27.343680000000003]]]}}, {"id": "585", "type": "Feature", "properties": {"village_name": "Molong Bangali Gaon", "vil_lgd": 290957, "district_name": "Tinsukia", "dist_lgd": 302, "subdistrict_name": "Margherita", "sdcode": 2062, "block_name": "Margherita", "block_lgd": 97.0, "gp_name": "SAMUKHJAN", "state_name": "ASSAM", "state_lgd": 18, "population": 358, "households": 68}, "geometry": {"type": "Polygon", "coordinates": [[[95.74932000000001, 27.308110000000003], [95.73316000000001, 27.305400000000002], [95.73202, 27.30929], [95.73297000000001, 27.313010000000002], [95.73506, 27.315880000000003], [95.73886, 27.31689], [95.74465000000001, 27.31743], [95.74926, 27.319010000000002], [95.75855000000001, 27.314390000000003], [95.75201000000001, 27.310820000000003], [95.74932000000001, 27.308110000000003]]]}}, {"id": "586", "type": "Feature", "properties": {"village_name": "Lekha Pani Gaon", "vil_lgd": 291015, "district_name": "Tinsukia", "dist_lgd": 302, "subdistrict_name": "Margherita", "sdcode": 2062, "block_name": "Margherita", "block_lgd": 97.0, "gp_name": "LEKHAPANI", "state_name": "ASSAM", "state_lgd": 18, "population": 1990, "households": 305}, "geometry": {"type": "Polygon", "coordinates": [[[95.82596000000001, 27.31079], [95.82436000000001, 27.314390000000003], [95.82094000000001, 27.31782], [95.83342, 27.323230000000002], [95.83888, 27.32466], [95.83903000000001, 27.31998], [95.83789, 27.31857], [95.83481, 27.314760000000003], [95.82809, 27.311970000000002], [95.82773, 27.31182], [95.82596000000001, 27.31079]]]}}, {"id": "587", "type": "Feature", "properties": {"village_name": "Wara Gaon", "vil_lgd": 291032, "district_name": "Tinsukia", "dist_lgd": 302, "subdistrict_name": "Margherita", "sdcode": 2062, "block_name": "Margherita", "block_lgd": 97.0, "gp_name": "JAGEN", "state_name": "ASSAM", "state_lgd": 18, "population": 276, "households": 57}, "geometry": {"type": "Polygon", "coordinates": [[[95.82436000000001, 27.314390000000003], [95.82596000000001, 27.31079], [95.80650000000001, 27.301910000000003], [95.80104000000001, 27.31201], [95.80148000000001, 27.313990000000004], [95.80935000000001, 27.318350000000002], [95.81218000000001, 27.316370000000003], [95.81649, 27.316760000000002], [95.82094000000001, 27.31782], [95.82436000000001, 27.314390000000003]]]}}, {"id": "588", "type": "Feature", "properties": {"village_name": "Molong Pathar", "vil_lgd": 291033, "district_name": "Tinsukia", "dist_lgd": 302, "subdistrict_name": "Margherita", "sdcode": 2062, "block_name": "Margherita", "block_lgd": 97.0, "gp_name": "LEDO", "state_name": "ASSAM", "state_lgd": 18, "population": 194, "households": 47}, "geometry": {"type": "Polygon", "coordinates": [[[95.80650000000001, 27.301910000000003], [95.78707000000001, 27.296030000000002], [95.78306, 27.301190000000002], [95.78885000000001, 27.302770000000002], [95.79108000000001, 27.30488], [95.79153000000001, 27.308970000000002], [95.79465, 27.31069], [95.79836, 27.310160000000003], [95.80104000000001, 27.31201], [95.80650000000001, 27.301910000000003]]]}}, {"id": "589", "type": "Feature", "properties": {"village_name": "Tirap Grant", "vil_lgd": 291035, "district_name": "Tinsukia", "dist_lgd": 302, "subdistrict_name": "Margherita", "sdcode": 2062, "block_name": "Margherita", "block_lgd": 97.0, "gp_name": "LEDO", "state_name": "ASSAM", "state_lgd": 18, "population": 1020, "households": 215}, "geometry": {"type": "Polygon", "coordinates": [[[95.77292000000001, 27.290270000000003], [95.7685, 27.299730000000004], [95.77697, 27.299870000000002], [95.78306, 27.301190000000002], [95.78707000000001, 27.296030000000002], [95.77969, 27.29134], [95.77292000000001, 27.290270000000003]]]}}, {"id": "590", "type": "Feature", "properties": {"village_name": "Molong Pathar", "vil_lgd": 291036, "district_name": "Tinsukia", "dist_lgd": 302, "subdistrict_name": "Margherita", "sdcode": 2062, "block_name": "Margherita", "block_lgd": 97.0, "gp_name": "LEDO", "state_name": "ASSAM", "state_lgd": 18, "population": 267, "households": 49}, "geometry": {"type": "Polygon", "coordinates": [[[95.75951, 27.285190000000004], [95.75811, 27.287460000000003], [95.75558000000001, 27.289440000000003], [95.75142000000001, 27.290100000000002], [95.75796000000001, 27.29406], [95.76553000000001, 27.2996], [95.7685, 27.299730000000004], [95.77292000000001, 27.290270000000003], [95.76418000000001, 27.288000000000004], [95.75951, 27.285190000000004]]]}}, {"id": "591", "type": "Feature", "properties": {"village_name": "Malu Gaon", "vil_lgd": 291037, "district_name": "Tinsukia", "dist_lgd": 302, "subdistrict_name": "Margherita", "sdcode": 2062, "block_name": "Margherita", "block_lgd": 97.0, "gp_name": "LEDO", "state_name": "ASSAM", "state_lgd": 18, "population": 47, "households": 8}, "geometry": {"type": "Polygon", "coordinates": [[[95.74822, 27.279700000000002], [95.74521000000001, 27.281440000000003], [95.74234000000001, 27.28733], [95.74503000000001, 27.28799], [95.75142000000001, 27.290100000000002], [95.75558000000001, 27.289440000000003], [95.75811, 27.287460000000003], [95.75951, 27.285190000000004], [95.75319, 27.279700000000002], [95.74822, 27.279700000000002]]]}}, {"id": "592", "type": "Feature", "properties": {"village_name": "Malu Gaon", "vil_lgd": 291038, "district_name": "Tinsukia", "dist_lgd": 302, "subdistrict_name": "Margherita", "sdcode": 2062, "block_name": "Margherita", "block_lgd": 97.0, "gp_name": "KATETONG", "state_name": "ASSAM", "state_lgd": 18, "population": 317, "households": 55}, "geometry": {"type": "Polygon", "coordinates": [[[95.81218000000001, 27.316370000000003], [95.80935000000001, 27.318350000000002], [95.82332000000001, 27.325470000000003], [95.82956, 27.326790000000003], [95.83297, 27.326400000000003], [95.83342, 27.323230000000002], [95.82094000000001, 27.31782], [95.81649, 27.316760000000002], [95.81218000000001, 27.316370000000003]]]}}, {"id": "593", "type": "Feature", "properties": {"village_name": "Baghmora Gaon", "vil_lgd": 290872, "district_name": "Tinsukia", "dist_lgd": 302, "subdistrict_name": "Margherita", "sdcode": 2062, "block_name": "Margherita", "block_lgd": 97.0, "gp_name": "KATATONG", "state_name": "ASSAM", "state_lgd": 18, "population": 298, "households": 53}, "geometry": {"type": "Polygon", "coordinates": [[[95.73514, 27.35338], [95.73478000000001, 27.349880000000002], [95.72810000000001, 27.34896], [95.72497000000001, 27.349490000000003], [95.72326000000001, 27.355040000000002], [95.7278, 27.354770000000002], [95.72866, 27.357830000000003], [95.73167000000001, 27.35873], [95.73438, 27.358330000000002], [95.73514, 27.35338]]]}}, {"id": "594", "type": "Feature", "properties": {"village_name": "Manmawmukh", "vil_lgd": 290873, "district_name": "Tinsukia", "dist_lgd": 302, "subdistrict_name": "Margherita", "sdcode": 2062, "block_name": "Margherita", "block_lgd": 97.0, "gp_name": "KATATONG", "state_name": "ASSAM", "state_lgd": 18, "population": 154, "households": 24}, "geometry": {"type": "Polygon", "coordinates": [[[95.74402, 27.351910000000004], [95.74209, 27.349490000000003], [95.7385, 27.347510000000003], [95.73478000000001, 27.349880000000002], [95.73514, 27.35338], [95.73438, 27.358330000000002], [95.73845000000001, 27.356990000000003], [95.74402, 27.351910000000004]]]}}, {"id": "595", "type": "Feature", "properties": {"village_name": "Ledo Namdang Gaon", "vil_lgd": 290968, "district_name": "Tinsukia", "dist_lgd": 302, "subdistrict_name": "Margherita", "sdcode": 2062, "block_name": "Margherita", "block_lgd": 97.0, "gp_name": "LEDO", "state_name": "ASSAM", "state_lgd": 18, "population": 279, "households": 46}, "geometry": {"type": "Polygon", "coordinates": [[[95.74325, 27.334310000000002], [95.74087, 27.343680000000003], [95.74643, 27.347630000000002], [95.7502, 27.35218], [95.75667000000001, 27.34683], [95.75029, 27.340380000000003], [95.74869000000001, 27.338800000000003], [95.74325, 27.334310000000002]]]}}, {"id": "596", "type": "Feature", "properties": {"village_name": "Manmaw Gaon", "vil_lgd": 290969, "district_name": "Tinsukia", "dist_lgd": 302, "subdistrict_name": "Margherita", "sdcode": 2062, "block_name": "Margherita", "block_lgd": 97.0, "gp_name": "IUTHEM", "state_name": "ASSAM", "state_lgd": 18, "population": 1063, "households": 188}, "geometry": {"type": "Polygon", "coordinates": [[[95.75667000000001, 27.34683], [95.7502, 27.35218], [95.7514, 27.354850000000003], [95.75592, 27.358060000000002], [95.75983000000001, 27.359260000000003], [95.76315000000001, 27.358190000000004], [95.7633, 27.355520000000002], [95.76435000000001, 27.354180000000003], [95.76104000000001, 27.351770000000002], [95.75667000000001, 27.34683]]]}}, {"id": "597", "type": "Feature", "properties": {"village_name": "Bisa Gaon", "vil_lgd": 290971, "district_name": "Tinsukia", "dist_lgd": 302, "subdistrict_name": "Margherita", "sdcode": 2062, "block_name": "Margherita", "block_lgd": 97.0, "gp_name": "KUMSAI", "state_name": "ASSAM", "state_lgd": 18, "population": 529, "households": 101}, "geometry": {"type": "Polygon", "coordinates": [[[95.76917, 27.336260000000003], [95.76616000000001, 27.338530000000002], [95.75893, 27.337190000000003], [95.75622000000001, 27.338530000000002], [95.75029, 27.340380000000003], [95.75667000000001, 27.34683], [95.76104000000001, 27.351770000000002], [95.76435000000001, 27.354180000000003], [95.77655000000001, 27.352040000000002], [95.78077, 27.34843], [95.77866, 27.34589], [95.7767, 27.34054], [95.76917, 27.336260000000003]]]}}, {"id": "598", "type": "Feature", "properties": {"village_name": "Ledo Coal Para", "vil_lgd": 290961, "district_name": "Tinsukia", "dist_lgd": 302, "subdistrict_name": "Margherita", "sdcode": 2062, "block_name": "Margherita", "block_lgd": 97.0, "gp_name": "LEDO", "state_name": "ASSAM", "state_lgd": 18, "population": 2148, "households": 470}, "geometry": {"type": "Polygon", "coordinates": [[[95.75306, 27.32074], [95.75015, 27.32205], [95.74926, 27.324690000000004], [95.74643, 27.32654], [95.74168, 27.327460000000002], [95.74325, 27.334310000000002], [95.74869000000001, 27.338800000000003], [95.75029, 27.340380000000003], [95.75622000000001, 27.338530000000002], [95.75516, 27.336260000000003], [95.75516, 27.33104], [95.75652000000001, 27.32703], [95.75501000000001, 27.325290000000003], [95.75456000000001, 27.32288], [95.75306, 27.32074]]]}}, {"id": "599", "type": "Feature", "properties": {"village_name": "Samukjan", "vil_lgd": 290960, "district_name": "Tinsukia", "dist_lgd": 302, "subdistrict_name": "Margherita", "sdcode": 2062, "block_name": "Margherita", "block_lgd": 97.0, "gp_name": "SAMUKHJAN", "state_name": "ASSAM", "state_lgd": 18, "population": 2129, "households": 467}, "geometry": {"type": "Polygon", "coordinates": [[[95.77143000000001, 27.332240000000002], [95.77158000000001, 27.325960000000002], [95.76013, 27.327700000000004], [95.75652000000001, 27.32703], [95.75516, 27.33104], [95.75516, 27.336260000000003], [95.75622000000001, 27.338530000000002], [95.75893, 27.337190000000003], [95.76616000000001, 27.338530000000002], [95.76917, 27.336260000000003], [95.77143000000001, 27.332240000000002]]]}}, {"id": "600", "type": "Feature", "properties": {"village_name": "Bishnupur Bargohain", "vil_lgd": 289936, "district_name": "Tinsukia", "dist_lgd": 302, "subdistrict_name": "Sadiya", "sdcode": 2059, "block_name": "Sadiya", "block_lgd": 91.0, "gp_name": "RAJGARH", "state_name": "ASSAM", "state_lgd": 18, "population": 451, "households": 92}, "geometry": {"type": "Polygon", "coordinates": [[[95.71564000000001, 27.85367], [95.71423000000001, 27.85854], [95.71453000000001, 27.862350000000003], [95.72196000000001, 27.863400000000002], [95.73147, 27.86839], [95.73733000000001, 27.87665], [95.74223, 27.86877], [95.73162, 27.86288], [95.72500000000001, 27.857740000000003], [95.72337, 27.857080000000003], [95.71564000000001, 27.85367]]]}}, {"id": "601", "type": "Feature", "properties": {"village_name": "Amrit Gaon", "vil_lgd": 290972, "district_name": "Tinsukia", "dist_lgd": 302, "subdistrict_name": "Margherita", "sdcode": 2062, "block_name": "Margherita", "block_lgd": 97.0, "gp_name": "KUMSAI", "state_name": "ASSAM", "state_lgd": 18, "population": 745, "households": 140}, "geometry": {"type": "Polygon", "coordinates": [[[95.77143000000001, 27.332240000000002], [95.76917, 27.336260000000003], [95.7767, 27.34054], [95.77866, 27.34589], [95.78077, 27.34843], [95.78423000000001, 27.34963], [95.78649000000001, 27.34683], [95.78739, 27.342010000000002], [95.78182000000001, 27.335720000000002], [95.77625, 27.33545], [95.77218, 27.334120000000002], [95.77143000000001, 27.332240000000002]]]}}, {"id": "602", "type": "Feature", "properties": {"village_name": "Molong Bangali Gaon", "vil_lgd": 290958, "district_name": "Tinsukia", "dist_lgd": 302, "subdistrict_name": "Margherita", "sdcode": 2062, "block_name": "Margherita", "block_lgd": 97.0, "gp_name": "SAMUKHJAN", "state_name": "ASSAM", "state_lgd": 18, "population": 1060, "households": 211}, "geometry": {"type": "Polygon", "coordinates": [[[95.77263, 27.309630000000002], [95.77685000000001, 27.308960000000003], [95.79153000000001, 27.308970000000002], [95.79108000000001, 27.30488], [95.78885000000001, 27.302770000000002], [95.78306, 27.301190000000002], [95.77697, 27.299870000000002], [95.7685, 27.299730000000004], [95.76553000000001, 27.2996], [95.76797, 27.30281], [95.76902000000001, 27.30589], [95.76827, 27.308960000000003], [95.76315000000001, 27.310840000000002], [95.75577000000001, 27.308290000000003], [95.74951, 27.304730000000003], [95.74932000000001, 27.308110000000003], [95.75201000000001, 27.310820000000003], [95.75855000000001, 27.314390000000003], [95.76480000000001, 27.317130000000002], [95.76706, 27.314320000000002], [95.77263, 27.309630000000002]]]}}, {"id": "603", "type": "Feature", "properties": {"village_name": "Ledo Gaon", "vil_lgd": 290959, "district_name": "Tinsukia", "dist_lgd": 302, "subdistrict_name": "Margherita", "sdcode": 2062, "block_name": "Margherita", "block_lgd": 97.0, "gp_name": "LEDO", "state_name": "ASSAM", "state_lgd": 18, "population": 848, "households": 193}, "geometry": {"type": "Polygon", "coordinates": [[[95.76480000000001, 27.317130000000002], [95.75855000000001, 27.314390000000003], [95.74926, 27.319010000000002], [95.75015, 27.32205], [95.75306, 27.32074], [95.75456000000001, 27.32288], [95.75501000000001, 27.325290000000003], [95.75652000000001, 27.32703], [95.76013, 27.327700000000004], [95.76194000000001, 27.322740000000003], [95.76480000000001, 27.317130000000002]]]}}, {"id": "604", "type": "Feature", "properties": {"village_name": "Chipe Gaon", "vil_lgd": 290962, "district_name": "Tinsukia", "dist_lgd": 302, "subdistrict_name": "Margherita", "sdcode": 2062, "block_name": "Margherita", "block_lgd": 97.0, "gp_name": "LEDO", "state_name": "ASSAM", "state_lgd": 18, "population": 771, "households": 159}, "geometry": {"type": "Polygon", "coordinates": [[[95.78739, 27.326220000000003], [95.79477000000001, 27.325960000000002], [95.79357, 27.31539], [95.79465, 27.31069], [95.79153000000001, 27.308970000000002], [95.77685000000001, 27.308960000000003], [95.77263, 27.309630000000002], [95.76706, 27.314320000000002], [95.76480000000001, 27.317130000000002], [95.76194000000001, 27.322740000000003], [95.76013, 27.327700000000004], [95.77158000000001, 27.325960000000002], [95.77143000000001, 27.332240000000002], [95.77218, 27.334120000000002], [95.77625, 27.33545], [95.78182000000001, 27.335720000000002], [95.78212, 27.329970000000003], [95.78363, 27.327430000000003], [95.78739, 27.326220000000003]]]}}, {"id": "605", "type": "Feature", "properties": {"village_name": "Ledo Tea Co", "vil_lgd": 290963, "district_name": "Tinsukia", "dist_lgd": 302, "subdistrict_name": "Margherita", "sdcode": 2062, "block_name": "Margherita", "block_lgd": 97.0, "gp_name": "LEDO", "state_name": "ASSAM", "state_lgd": 18, "population": 3513, "households": 708}, "geometry": {"type": "Polygon", "coordinates": [[[95.79836, 27.310160000000003], [95.79465, 27.31069], [95.79357, 27.31539], [95.79477000000001, 27.325960000000002], [95.80456000000001, 27.3289], [95.80637, 27.326220000000003], [95.80817, 27.325020000000002], [95.80935000000001, 27.318350000000002], [95.80148000000001, 27.313990000000004], [95.80104000000001, 27.31201], [95.79836, 27.310160000000003]]]}}, {"id": "606", "type": "Feature", "properties": {"village_name": "Bisa Gaon", "vil_lgd": 290973, "district_name": "Tinsukia", "dist_lgd": 302, "subdistrict_name": "Margherita", "sdcode": 2062, "block_name": "Margherita", "block_lgd": 97.0, "gp_name": "KUMSAI", "state_name": "ASSAM", "state_lgd": 18, "population": 274, "households": 59}, "geometry": {"type": "Polygon", "coordinates": [[[95.78739, 27.326220000000003], [95.78363, 27.327430000000003], [95.78212, 27.329970000000003], [95.78182000000001, 27.335720000000002], [95.78739, 27.342010000000002], [95.79462000000001, 27.344150000000003], [95.79974000000001, 27.338530000000002], [95.8014, 27.337860000000003], [95.80501000000001, 27.33519], [95.80531, 27.330640000000002], [95.80456000000001, 27.3289], [95.79477000000001, 27.325960000000002], [95.78739, 27.326220000000003]]]}}, {"id": "607", "type": "Feature", "properties": {"village_name": "Manmaw Ulup Gaon", "vil_lgd": 290862, "district_name": "Tinsukia", "dist_lgd": 302, "subdistrict_name": "Margherita", "sdcode": 2062, "block_name": "Margherita", "block_lgd": 97.0, "gp_name": "INTHEM", "state_name": "ASSAM", "state_lgd": 18, "population": 303, "households": 55}, "geometry": {"type": "Polygon", "coordinates": [[[95.79462000000001, 27.344150000000003], [95.79507000000001, 27.348830000000003], [95.79673000000001, 27.35244], [95.79914000000001, 27.35525], [95.80275, 27.355120000000003], [95.80335000000001, 27.351370000000003], [95.79914000000001, 27.34616], [95.79462000000001, 27.344150000000003]]]}}, {"id": "608", "type": "Feature", "properties": {"village_name": "Kamba Gaon", "vil_lgd": 290974, "district_name": "Tinsukia", "dist_lgd": 302, "subdistrict_name": "Margherita", "sdcode": 2062, "block_name": "Margherita", "block_lgd": 97.0, "gp_name": "LEDO", "state_name": "ASSAM", "state_lgd": 18, "population": 1288, "households": 266}, "geometry": {"type": "Polygon", "coordinates": [[[95.8014, 27.337860000000003], [95.79974000000001, 27.338530000000002], [95.79462000000001, 27.344150000000003], [95.79914000000001, 27.34616], [95.80335000000001, 27.351370000000003], [95.80275, 27.355120000000003], [95.80607, 27.356050000000003], [95.80817, 27.357660000000003], [95.80998000000001, 27.354450000000003], [95.81028, 27.352710000000002], [95.80938, 27.349500000000003], [95.80546000000001, 27.34174], [95.8014, 27.337860000000003]]]}}, {"id": "609", "type": "Feature", "properties": {"village_name": "Hawai Pathar", "vil_lgd": 290977, "district_name": "Tinsukia", "dist_lgd": 302, "subdistrict_name": "Margherita", "sdcode": 2062, "block_name": "Margherita", "block_lgd": 97.0, "gp_name": "KUMSAI", "state_name": "ASSAM", "state_lgd": 18, "population": 102, "households": 20}, "geometry": {"type": "Polygon", "coordinates": [[[95.80501000000001, 27.33519], [95.8014, 27.337860000000003], [95.80546000000001, 27.34174], [95.80938, 27.349500000000003], [95.81149, 27.347230000000003], [95.81360000000001, 27.341610000000003], [95.81254000000001, 27.337190000000003], [95.80847000000001, 27.33639], [95.80501000000001, 27.33519]]]}}, {"id": "610", "type": "Feature", "properties": {"village_name": "Lekhapani Nepali", "vil_lgd": 290965, "district_name": "Tinsukia", "dist_lgd": 302, "subdistrict_name": "Margherita", "sdcode": 2062, "block_name": "Margherita", "block_lgd": 97.0, "gp_name": "LEKHAPANI", "state_name": "ASSAM", "state_lgd": 18, "population": 937, "households": 189}, "geometry": {"type": "Polygon", "coordinates": [[[95.8276, 27.333450000000003], [95.83065, 27.333370000000002], [95.82956, 27.326790000000003], [95.82332000000001, 27.325470000000003], [95.80935000000001, 27.318350000000002], [95.80817, 27.325020000000002], [95.80637, 27.326220000000003], [95.80456000000001, 27.3289], [95.80531, 27.330640000000002], [95.80501000000001, 27.33519], [95.80847000000001, 27.33639], [95.81254000000001, 27.337190000000003], [95.81826000000001, 27.337590000000002], [95.82429, 27.337460000000004], [95.82429, 27.334920000000004], [95.8276, 27.333450000000003]]]}}, {"id": "611", "type": "Feature", "properties": {"village_name": "Hawai Pathar", "vil_lgd": 290980, "district_name": "Tinsukia", "dist_lgd": 302, "subdistrict_name": "Margherita", "sdcode": 2062, "block_name": "Margherita", "block_lgd": 97.0, "gp_name": "KUMSAI", "state_name": "ASSAM", "state_lgd": 18, "population": 334, "households": 68}, "geometry": {"type": "Polygon", "coordinates": [[[95.81254000000001, 27.337190000000003], [95.81360000000001, 27.341610000000003], [95.81149, 27.347230000000003], [95.80938, 27.349500000000003], [95.81028, 27.352710000000002], [95.80998000000001, 27.354450000000003], [95.81691000000001, 27.354450000000003], [95.82022, 27.353650000000002], [95.82278000000001, 27.352040000000002], [95.82338000000001, 27.348160000000004], [95.82609000000001, 27.340000000000003], [95.82429, 27.337460000000004], [95.81826000000001, 27.337590000000002], [95.81254000000001, 27.337190000000003]]]}}, {"id": "612", "type": "Feature", "properties": {"village_name": "Saliki N C", "vil_lgd": 290966, "district_name": "Tinsukia", "dist_lgd": 302, "subdistrict_name": "Margherita", "sdcode": 2062, "block_name": "Margherita", "block_lgd": 97.0, "gp_name": "LEDO", "state_name": "ASSAM", "state_lgd": 18, "population": 1196, "households": 251}, "geometry": {"type": "Polygon", "coordinates": [[[95.8276, 27.333450000000003], [95.82429, 27.334920000000004], [95.82429, 27.337460000000004], [95.82609000000001, 27.340000000000003], [95.82338000000001, 27.348160000000004], [95.83332000000001, 27.343480000000003], [95.83769000000001, 27.337190000000003], [95.83799, 27.33385], [95.83065, 27.333370000000002], [95.8276, 27.333450000000003]]]}}, {"id": "613", "type": "Feature", "properties": {"village_name": "Assam Rly Wla", "vil_lgd": 290967, "district_name": "Tinsukia", "dist_lgd": 302, "subdistrict_name": "Margherita", "sdcode": 2062, "block_name": "Margherita", "block_lgd": 97.0, "gp_name": "LEKHAPANI", "state_name": "ASSAM", "state_lgd": 18, "population": 76, "households": 18}, "geometry": {"type": "Polygon", "coordinates": [[[95.83769000000001, 27.337190000000003], [95.83332000000001, 27.343480000000003], [95.83377, 27.348830000000003], [95.83724000000001, 27.35244], [95.84085, 27.352710000000002], [95.84718000000001, 27.3503], [95.84673000000001, 27.342540000000003], [95.84477000000001, 27.339330000000004], [95.84251, 27.338130000000003], [95.83769000000001, 27.337190000000003]]]}}, {"id": "614", "type": "Feature", "properties": {"village_name": "Ubon Pathar", "vil_lgd": 290874, "district_name": "Tinsukia", "dist_lgd": 302, "subdistrict_name": "Margherita", "sdcode": 2062, "block_name": "Margherita", "block_lgd": 97.0, "gp_name": "KATATONG", "state_name": "ASSAM", "state_lgd": 18, "population": 246, "households": 50}, "geometry": {"type": "Polygon", "coordinates": [[[95.74087, 27.343680000000003], [95.7385, 27.347510000000003], [95.74209, 27.349490000000003], [95.74402, 27.351910000000004], [95.74583000000001, 27.355120000000003], [95.7514, 27.354850000000003], [95.7502, 27.35218], [95.74643, 27.347630000000002], [95.74087, 27.343680000000003]]]}}, {"id": "615", "type": "Feature", "properties": {"village_name": "Nakong Pathar", "vil_lgd": 290882, "district_name": "Tinsukia", "dist_lgd": 302, "subdistrict_name": "Margherita", "sdcode": 2062, "block_name": "Margherita", "block_lgd": 97.0, "gp_name": "KATATONG", "state_name": "ASSAM", "state_lgd": 18, "population": 268, "households": 51}, "geometry": {"type": "Polygon", "coordinates": [[[95.70806, 27.340880000000002], [95.70369000000001, 27.341890000000003], [95.70038000000001, 27.344700000000003], [95.70186000000001, 27.346600000000002], [95.7061, 27.34709], [95.71053, 27.346960000000003], [95.71021, 27.344970000000004], [95.70996000000001, 27.343410000000002], [95.70806, 27.340880000000002]]]}}, {"id": "616", "type": "Feature", "properties": {"village_name": "Dihing T E", "vil_lgd": 290901, "district_name": "Tinsukia", "dist_lgd": 302, "subdistrict_name": "Margherita", "sdcode": 2062, "block_name": "Margherita", "block_lgd": 97.0, "gp_name": "MAKUM", "state_name": "ASSAM", "state_lgd": 18, "population": 4916, "households": 1016}, "geometry": {"type": "Polygon", "coordinates": [[[95.63336000000001, 27.300120000000003], [95.63220000000001, 27.30365], [95.63101, 27.30956], [95.64018, 27.311410000000002], [95.63336000000001, 27.300120000000003]]]}}, {"id": "617", "type": "Feature", "properties": {"village_name": "Borgolai Electric Line", "vil_lgd": 290947, "district_name": "Tinsukia", "dist_lgd": 302, "subdistrict_name": "Margherita", "sdcode": 2062, "block_name": "Margherita", "block_lgd": 97.0, "gp_name": "BORGOLAI", "state_name": "ASSAM", "state_lgd": 18, "population": 192, "households": 43}, "geometry": {"type": "Polygon", "coordinates": [[[95.73344, 27.285410000000002], [95.73372, 27.286630000000002], [95.73633000000001, 27.286630000000002], [95.73729, 27.285470000000004], [95.73633000000001, 27.283360000000002], [95.73344, 27.285410000000002]]]}}, {"id": "618", "type": "Feature", "properties": {"village_name": "Taklong Nepali", "vil_lgd": 290978, "district_name": "Tinsukia", "dist_lgd": 302, "subdistrict_name": "Margherita", "sdcode": 2062, "block_name": "Margherita", "block_lgd": 97.0, "gp_name": "KUMSAI", "state_name": "ASSAM", "state_lgd": 18, "population": 391, "households": 73}, "geometry": {"type": "Polygon", "coordinates": [[[95.83332000000001, 27.343480000000003], [95.82338000000001, 27.348160000000004], [95.82278000000001, 27.352040000000002], [95.82896000000001, 27.35151], [95.83377, 27.348830000000003], [95.83332000000001, 27.343480000000003]]]}}, {"id": "619", "type": "Feature", "properties": {"village_name": "Chiboo Gaon", "vil_lgd": 291040, "district_name": "Tinsukia", "dist_lgd": 302, "subdistrict_name": "Margherita", "sdcode": 2062, "block_name": "Margherita", "block_lgd": 97.0, "gp_name": "KATATONG", "state_name": "ASSAM", "state_lgd": 18, "population": 12, "households": 2}, "geometry": {"type": "Polygon", "coordinates": [[[95.83342, 27.323230000000002], [95.83297, 27.326400000000003], [95.83842000000001, 27.32908], [95.83888, 27.32466], [95.83342, 27.323230000000002]]]}}, {"id": "620", "type": "Feature", "properties": {"village_name": "Ningda Gaon", "vil_lgd": 291039, "district_name": "Tinsukia", "dist_lgd": 302, "subdistrict_name": "Margherita", "sdcode": 2062, "block_name": "Margherita", "block_lgd": 97.0, "gp_name": "KATATONG", "state_name": "ASSAM", "state_lgd": 18, "population": 74, "households": 15}, "geometry": {"type": "Polygon", "coordinates": [[[95.83297, 27.326400000000003], [95.82956, 27.326790000000003], [95.83065, 27.333370000000002], [95.83799, 27.33385], [95.83963000000001, 27.33095], [95.83842000000001, 27.32908], [95.83297, 27.326400000000003]]]}}, {"id": "621", "type": "Feature", "properties": {"village_name": "Rajkhowa Gaon", "vil_lgd": 290894, "district_name": "Tinsukia", "dist_lgd": 302, "subdistrict_name": "Margherita", "sdcode": 2062, "block_name": "Margherita", "block_lgd": 97.0, "gp_name": "KETATONG", "state_name": "ASSAM", "state_lgd": 18, "population": 696, "households": 155}, "geometry": {"type": "Polygon", "coordinates": [[[95.65240000000001, 27.303310000000003], [95.64263000000001, 27.305400000000002], [95.65119000000001, 27.31068], [95.65191, 27.304990000000004], [95.65240000000001, 27.303310000000003]]]}}, {"id": "622", "type": "Feature", "properties": {"village_name": "Molong Pathar", "vil_lgd": 291034, "district_name": "Tinsukia", "dist_lgd": 302, "subdistrict_name": "Margherita", "sdcode": 2062, "block_name": "Margherita", "block_lgd": 97.0, "gp_name": "LEDO", "state_name": "ASSAM", "state_lgd": 18, "population": 218, "households": 39}, "geometry": {"type": "Polygon", "coordinates": [[[95.84269, 27.309490000000004], [95.84226000000001, 27.30674], [95.84073000000001, 27.304800000000004], [95.83852, 27.3043], [95.83192000000001, 27.305100000000003], [95.82919000000001, 27.3077], [95.82809, 27.311970000000002], [95.83481, 27.314760000000003], [95.83789, 27.31857], [95.84023, 27.31671], [95.84269, 27.309490000000004]]]}}, {"id": "623", "type": "Feature", "properties": {"village_name": "Powai T E", "vil_lgd": 290904, "district_name": "Tinsukia", "dist_lgd": 302, "subdistrict_name": "Margherita", "sdcode": 2062, "block_name": "Margherita", "block_lgd": 97.0, "gp_name": "POWAI", "state_name": "ASSAM", "state_lgd": 18, "population": 9101, "households": 1789}, "geometry": {"type": "Polygon", "coordinates": [[[95.691, 27.338390000000004], [95.68060000000001, 27.33254], [95.67927, 27.335240000000002], [95.67889000000001, 27.33912], [95.67509000000001, 27.35517], [95.67184, 27.360450000000004], [95.67356000000001, 27.36314], [95.67593000000001, 27.36407], [95.68962, 27.362800000000004], [95.69695, 27.342360000000003], [95.691, 27.338390000000004]]]}}, {"id": "624", "type": "Feature", "properties": {"village_name": "Upper Dhing Reserved Forest", "vil_lgd": 999999, "district_name": "Tinsukia", "dist_lgd": 302, "subdistrict_name": "Margherita", "sdcode": 2062, "block_name": "", "block_lgd": null, "gp_name": "", "state_name": "ASSAM", "state_lgd": 18, "population": 0, "households": 0}, "geometry": {"type": "Polygon", "coordinates": [[[95.61765000000001, 27.349400000000003], [95.61913000000001, 27.341240000000003], [95.62317, 27.340600000000002], [95.62483, 27.337860000000003], [95.62721, 27.327930000000002], [95.62887, 27.321180000000002], [95.63101, 27.30956], [95.63220000000001, 27.30365], [95.62911000000001, 27.303230000000003], [95.62798000000001, 27.30412], [95.62412, 27.307450000000003], [95.61770000000001, 27.308080000000004], [95.61128000000001, 27.312310000000004], [95.60582000000001, 27.313150000000004], [95.58942, 27.309980000000003], [95.57872, 27.303230000000003], [95.57587000000001, 27.302380000000003], [95.57088, 27.29436], [95.57035, 27.29306], [95.56323, 27.29455], [95.55966000000001, 27.293590000000002], [95.54896000000001, 27.277120000000004], [95.54255, 27.2692], [95.53569, 27.263430000000003], [95.53410000000001, 27.26451], [95.53264000000001, 27.261470000000003], [95.53162, 27.26105], [95.52982, 27.261820000000004], [95.53086, 27.26321], [95.53022000000001, 27.26441], [95.52789000000001, 27.263080000000002], [95.52541000000001, 27.263700000000004], [95.52197000000001, 27.259970000000003], [95.51820000000001, 27.25756], [95.51504000000001, 27.25794], [95.51183, 27.26169], [95.50917000000001, 27.262040000000002], [95.50725000000001, 27.259000000000004], [95.50672, 27.253500000000003], [95.50379000000001, 27.248530000000002], [95.49963000000001, 27.246180000000003], [95.49209, 27.245540000000002], [95.48472000000001, 27.24144], [95.48232, 27.24414], [95.48276000000001, 27.25176], [95.48196, 27.252840000000003], [95.47991, 27.253500000000003], [95.47405, 27.252730000000003], [95.47053000000001, 27.253230000000002], [95.46967000000001, 27.254710000000003], [95.47127, 27.259520000000002], [95.47128000000001, 27.262300000000003], [95.46971, 27.263730000000002], [95.46708000000001, 27.26376], [95.4641, 27.26153], [95.45347000000001, 27.24874], [95.45366000000001, 27.245320000000003], [95.45629000000001, 27.24201], [95.45672, 27.239710000000002], [95.45362, 27.231540000000003], [95.45102000000001, 27.2314], [95.44795, 27.23459], [95.44768, 27.24546], [95.44641000000001, 27.24838], [95.44012000000001, 27.255000000000003], [95.44067000000001, 27.260600000000004], [95.44269000000001, 27.26301], [95.44430000000001, 27.262240000000002], [95.44879, 27.266050000000003], [95.45133000000001, 27.264570000000003], [95.45421, 27.26546], [95.46057, 27.27044], [95.45877, 27.27429], [95.45604, 27.277020000000004], [95.45451000000001, 27.28114], [95.45592, 27.287190000000002], [95.45022, 27.28846], [95.44542000000001, 27.294230000000002], [95.46009000000001, 27.304890000000004], [95.46581, 27.310830000000003], [95.46787, 27.31417], [95.46805, 27.315800000000003], [95.46655000000001, 27.31771], [95.46511000000001, 27.322640000000003], [95.46124, 27.324130000000004], [95.45277, 27.33922], [95.45673000000001, 27.344050000000003], [95.46709000000001, 27.341920000000002], [95.47131, 27.34392], [95.46947, 27.348070000000003], [95.46701, 27.364210000000003], [95.46859, 27.365000000000002], [95.47258000000001, 27.363960000000002], [95.47411000000001, 27.365070000000003], [95.47993000000001, 27.36427], [95.48404000000001, 27.36371], [95.49018000000001, 27.356440000000003], [95.50028, 27.34879], [95.51335, 27.341140000000003], [95.52553, 27.339820000000003], [95.55138000000001, 27.342720000000003], [95.57102, 27.346610000000002], [95.57102, 27.34072], [95.57283000000001, 27.33885], [95.58141, 27.33725], [95.58307, 27.33725], [95.58578000000001, 27.339920000000003], [95.58578000000001, 27.341790000000003], [95.58746000000001, 27.339930000000003], [95.58993000000001, 27.339760000000002], [95.59544000000001, 27.340770000000003], [95.59867000000001, 27.346180000000004], [95.59342000000001, 27.35385], [95.59475, 27.36119], [95.59297000000001, 27.367790000000003], [95.59655000000001, 27.369950000000003], [95.60415, 27.369950000000003], [95.61461000000001, 27.36868], [95.61765000000001, 27.349400000000003]]]}}, {"id": "625", "type": "Feature", "properties": {"village_name": "Buraburi Deori", "vil_lgd": 290027, "district_name": "Tinsukia", "dist_lgd": 302, "subdistrict_name": "Sadiya", "sdcode": 2059, "block_name": "Sadiya", "block_lgd": 91.0, "gp_name": "BURABURI", "state_name": "ASSAM", "state_lgd": 18, "population": 229, "households": 45}, "geometry": {"type": "Polygon", "coordinates": [[[95.72040000000001, 27.839090000000002], [95.72025000000001, 27.837380000000003], [95.72277000000001, 27.83593], [95.72262, 27.83423], [95.70926000000001, 27.83725], [95.70643000000001, 27.836850000000002], [95.70420000000001, 27.835150000000002], [95.70064, 27.838690000000003], [95.70911000000001, 27.841580000000004], [95.71267, 27.840400000000002], [95.71817000000001, 27.843680000000003], [95.72218000000001, 27.84053], [95.72040000000001, 27.839090000000002]]]}}, {"id": "626", "type": "Feature", "properties": {"village_name": "Dirak Reserved Forest", "vil_lgd": 999999, "district_name": "Tinsukia", "dist_lgd": 302, "subdistrict_name": "Margherita", "sdcode": 2062, "block_name": "", "block_lgd": null, "gp_name": "", "state_name": "ASSAM", "state_lgd": 18, "population": 0, "households": 0}, "geometry": {"type": "Polygon", "coordinates": [[[95.56636, 27.28337], [95.56644000000001, 27.281520000000004], [95.56826000000001, 27.27006], [95.57135000000001, 27.264360000000003], [95.57563, 27.26394], [95.58015, 27.266050000000003], [95.58442000000001, 27.26668], [95.61081, 27.265410000000003], [95.61461000000001, 27.262030000000003], [95.62364000000001, 27.257600000000004], [95.63458000000001, 27.256960000000003], [95.64052000000001, 27.257600000000004], [95.65763000000001, 27.256330000000002], [95.66215000000001, 27.253370000000004], [95.66441, 27.242330000000003], [95.63163, 27.2295], [95.62937000000001, 27.23129], [95.61891000000001, 27.23243], [95.61757000000001, 27.230900000000002], [95.61579, 27.231640000000002], [95.61161000000001, 27.22989], [95.61062000000001, 27.227600000000002], [95.60836, 27.227570000000004], [95.60369000000001, 27.224200000000003], [95.60087000000001, 27.224190000000004], [95.59896, 27.222910000000002], [95.58747000000001, 27.222980000000003], [95.58454, 27.224890000000002], [95.58298, 27.228510000000004], [95.58046, 27.22781], [95.57874000000001, 27.22953], [95.57826000000001, 27.232070000000004], [95.57456, 27.234360000000002], [95.57466000000001, 27.23588], [95.57725, 27.23797], [95.57520000000001, 27.239780000000003], [95.57535000000001, 27.24283], [95.57425, 27.24396], [95.56809000000001, 27.244460000000004], [95.56700000000001, 27.245220000000003], [95.56418000000001, 27.24471], [95.55808, 27.248980000000003], [95.55354000000001, 27.24886], [95.55098000000001, 27.250500000000002], [95.55223000000001, 27.25233], [95.55195, 27.25315], [95.54819, 27.254040000000003], [95.54824, 27.257610000000003], [95.54671, 27.258080000000003], [95.54499000000001, 27.259990000000002], [95.54337000000001, 27.25906], [95.54154000000001, 27.259140000000002], [95.53697000000001, 27.262500000000003], [95.53525, 27.261580000000002], [95.53484, 27.26206], [95.53569, 27.263430000000003], [95.54255, 27.2692], [95.54896000000001, 27.277120000000004], [95.55966000000001, 27.293590000000002], [95.56323, 27.29455], [95.57035, 27.29306], [95.56636, 27.28337]]]}}, {"id": "627", "type": "Feature", "properties": {"village_name": "Lido Tikok CT", "vil_lgd": 291065, "district_name": "Tinsukia", "dist_lgd": 302, "subdistrict_name": "Margherita", "sdcode": 2062, "block_name": "", "block_lgd": null, "gp_name": "", "state_name": "ASSAM", "state_lgd": 18, "population": 5091, "households": 1096}, "geometry": {"type": "Polygon", "coordinates": [[[95.75142000000001, 27.290100000000002], [95.74464, 27.295530000000003], [95.73858000000001, 27.297770000000003], [95.73963, 27.300670000000004], [95.74704000000001, 27.303210000000004], [95.74951, 27.304730000000003], [95.75577000000001, 27.308290000000003], [95.76315000000001, 27.310840000000002], [95.76827, 27.308960000000003], [95.76902000000001, 27.30589], [95.76797, 27.30281], [95.76553000000001, 27.2996], [95.75796000000001, 27.29406], [95.75142000000001, 27.290100000000002]]]}}, {"id": "628", "type": "Feature", "properties": {"village_name": "Lido Town CT", "vil_lgd": 291064, "district_name": "Tinsukia", "dist_lgd": 302, "subdistrict_name": "Margherita", "sdcode": 2062, "block_name": "", "block_lgd": null, "gp_name": "", "state_name": "ASSAM", "state_lgd": 18, "population": 11717, "households": 2594}, "geometry": {"type": "Polygon", "coordinates": [[[95.74234000000001, 27.28733], [95.73858000000001, 27.297770000000003], [95.74464, 27.295530000000003], [95.75142000000001, 27.290100000000002], [95.74503000000001, 27.28799], [95.74234000000001, 27.28733]]]}}, {"id": "629", "type": "Feature", "properties": {"village_name": "Borgolai Grant No Ii CT", "vil_lgd": 291063, "district_name": "Tinsukia", "dist_lgd": 302, "subdistrict_name": "Margherita", "sdcode": 2062, "block_name": "", "block_lgd": null, "gp_name": "", "state_name": "ASSAM", "state_lgd": 18, "population": 5241, "households": 1191}, "geometry": {"type": "Polygon", "coordinates": [[[95.72954000000001, 27.282110000000003], [95.72819000000001, 27.285590000000003], [95.72819000000001, 27.287730000000003], [95.72924, 27.29081], [95.73144, 27.29014], [95.73372, 27.286630000000002], [95.73344, 27.285410000000002], [95.72954000000001, 27.282110000000003]]]}}, {"id": "630", "type": "Feature", "properties": {"village_name": "Balijan Forest Gaon", "vil_lgd": 291056, "district_name": "Tinsukia", "dist_lgd": 302, "subdistrict_name": "Margherita", "sdcode": 2062, "block_name": "Margherita", "block_lgd": 97.0, "gp_name": "BAREBIL", "state_name": "ASSAM", "state_lgd": 18, "population": 4368, "households": 933}, "geometry": {"type": "Polygon", "coordinates": [[[95.92009, 27.32195], [95.91831, 27.325120000000002], [95.92009, 27.327650000000002], [95.9248, 27.326510000000003], [95.92637, 27.32448], [95.92580000000001, 27.32195], [95.92009, 27.32195]]]}}, {"id": "631", "type": "Feature", "properties": {"village_name": "Wla", "vil_lgd": 291024, "district_name": "Tinsukia", "dist_lgd": 302, "subdistrict_name": "Margherita", "sdcode": 2062, "block_name": "Margherita", "block_lgd": 97.0, "gp_name": "LEDO", "state_name": "ASSAM", "state_lgd": 18, "population": 795, "households": 198}, "geometry": {"type": "Polygon", "coordinates": [[[95.87423000000001, 27.326130000000003], [95.87360000000001, 27.3274], [95.87360000000001, 27.329430000000002], [95.87531000000001, 27.33095], [95.87902000000001, 27.331580000000002], [95.88145, 27.33031], [95.88145, 27.327900000000003], [95.87917, 27.326130000000003], [95.87617, 27.326130000000003], [95.87423000000001, 27.326130000000003]]]}}, {"id": "632", "type": "Feature", "properties": {"village_name": "Tipang Coal Grant", "vil_lgd": 291025, "district_name": "Tinsukia", "dist_lgd": 302, "subdistrict_name": "Margherita", "sdcode": 2062, "block_name": "Margherita", "block_lgd": 97.0, "gp_name": "LEKHAPANI", "state_name": "ASSAM", "state_lgd": 18, "population": 1037, "households": 287}, "geometry": {"type": "Polygon", "coordinates": [[[95.87484, 27.33208], [95.87269, 27.334490000000002], [95.87403, 27.336270000000003], [95.87646000000001, 27.333730000000003], [95.87484, 27.33208]]]}}, {"id": "633", "type": "Feature", "properties": {"village_name": "Tipangpani Ward", "vil_lgd": 291023, "district_name": "Tinsukia", "dist_lgd": 302, "subdistrict_name": "Margherita", "sdcode": 2062, "block_name": "Margherita", "block_lgd": 97.0, "gp_name": "LEKHAPANI", "state_name": "ASSAM", "state_lgd": 18, "population": 1103, "households": 289}, "geometry": {"type": "Polygon", "coordinates": [[[95.88996, 27.307360000000003], [95.88506000000001, 27.30985], [95.88520000000001, 27.312910000000002], [95.88817, 27.314490000000003], [95.89204000000001, 27.312640000000002], [95.89382, 27.308950000000003], [95.88996, 27.307360000000003]]]}}, {"id": "634", "type": "Feature", "properties": {"village_name": "Lalpathar Gaon", "vil_lgd": 291017, "district_name": "Tinsukia", "dist_lgd": 302, "subdistrict_name": "Margherita", "sdcode": 2062, "block_name": "Margherita", "block_lgd": 97.0, "gp_name": "LEKHAPANI", "state_name": "ASSAM", "state_lgd": 18, "population": 1558, "households": 366}, "geometry": {"type": "Polygon", "coordinates": [[[95.86354000000001, 27.313260000000003], [95.86117, 27.31511], [95.86146000000001, 27.318410000000004], [95.86488000000001, 27.318540000000002], [95.8683, 27.31603], [95.86666000000001, 27.313000000000002], [95.86354000000001, 27.313260000000003]]]}}, {"id": "635", "type": "Feature", "properties": {"village_name": "Wla", "vil_lgd": 290964, "district_name": "Tinsukia", "dist_lgd": 302, "subdistrict_name": "Margherita", "sdcode": 2062, "block_name": "Margherita", "block_lgd": 97.0, "gp_name": "LEDO", "state_name": "ASSAM", "state_lgd": 18, "population": 37, "households": 9}, "geometry": {"type": "Polygon", "coordinates": [[[95.85017, 27.305320000000002], [95.84809000000001, 27.306770000000004], [95.84809000000001, 27.308220000000002], [95.84972, 27.3106], [95.85225000000001, 27.310070000000003], [95.85373000000001, 27.3077], [95.85017, 27.305320000000002]]]}}, {"id": "636", "type": "Feature", "properties": {"village_name": "Nim Gaon", "vil_lgd": 290988, "district_name": "Tinsukia", "dist_lgd": 302, "subdistrict_name": "Margherita", "sdcode": 2062, "block_name": "Margherita", "block_lgd": 97.0, "gp_name": "KUMSAI", "state_name": "ASSAM", "state_lgd": 18, "population": 807, "households": 155}, "geometry": {"type": "Polygon", "coordinates": [[[95.85727000000001, 27.339070000000003], [95.85817, 27.33479], [95.85576, 27.32879], [95.84595, 27.33021], [95.83963000000001, 27.33095], [95.83799, 27.33385], [95.83769000000001, 27.337190000000003], [95.84251, 27.338130000000003], [95.84477000000001, 27.339330000000004], [95.84673000000001, 27.342540000000003], [95.85501000000001, 27.34214], [95.85727000000001, 27.339070000000003]]]}}, {"id": "637", "type": "Feature", "properties": {"village_name": "Nim Gaon", "vil_lgd": 290989, "district_name": "Tinsukia", "dist_lgd": 302, "subdistrict_name": "Margherita", "sdcode": 2062, "block_name": "Margherita", "block_lgd": 97.0, "gp_name": "KUMSAI", "state_name": "ASSAM", "state_lgd": 18, "population": 1217, "households": 235}, "geometry": {"type": "Polygon", "coordinates": [[[95.86269000000001, 27.328110000000002], [95.86146000000001, 27.328270000000003], [95.85576, 27.32879], [95.85817, 27.33479], [95.85727000000001, 27.339070000000003], [95.85501000000001, 27.34214], [95.85817, 27.344680000000004], [95.86043000000001, 27.343210000000003], [95.86642, 27.336700000000004], [95.86643000000001, 27.331480000000003], [95.86226, 27.331770000000002], [95.86126, 27.330250000000003], [95.86269000000001, 27.328110000000002]]]}}, {"id": "638", "type": "Feature", "properties": {"village_name": "Tinisuti", "vil_lgd": 290983, "district_name": "Tinsukia", "dist_lgd": 302, "subdistrict_name": "Margherita", "sdcode": 2062, "block_name": "Margherita", "block_lgd": 97.0, "gp_name": "LEKHAPANI", "state_name": "ASSAM", "state_lgd": 18, "population": 1153, "households": 240}, "geometry": {"type": "Polygon", "coordinates": [[[95.85817, 27.352710000000002], [95.86344000000001, 27.347900000000003], [95.85817, 27.344680000000004], [95.85501000000001, 27.34214], [95.84673000000001, 27.342540000000003], [95.84718000000001, 27.3503], [95.85064000000001, 27.352710000000002], [95.85365, 27.353510000000004], [95.85817, 27.352710000000002]]]}}, {"id": "639", "type": "Feature", "properties": {"village_name": "Lalpahar Pathar Gaon", "vil_lgd": 291020, "district_name": "Tinsukia", "dist_lgd": 302, "subdistrict_name": "Margherita", "sdcode": 2062, "block_name": "Margherita", "block_lgd": 97.0, "gp_name": "LEKHAPANI", "state_name": "ASSAM", "state_lgd": 18, "population": 842, "households": 182}, "geometry": {"type": "Polygon", "coordinates": [[[95.86642, 27.336700000000004], [95.86043000000001, 27.343210000000003], [95.85817, 27.344680000000004], [95.86344000000001, 27.347900000000003], [95.86796000000001, 27.352310000000003], [95.87112, 27.35244], [95.88075, 27.351930000000003], [95.88300000000001, 27.351950000000002], [95.87758000000001, 27.350610000000003], [95.86794, 27.34232], [95.86729000000001, 27.339920000000003], [95.86642, 27.336700000000004]]]}}, {"id": "640", "type": "Feature", "properties": {"village_name": "Hemza Gaon", "vil_lgd": 291031, "district_name": "Tinsukia", "dist_lgd": 302, "subdistrict_name": "Margherita", "sdcode": 2062, "block_name": "Margherita", "block_lgd": 97.0, "gp_name": "LEKHAPANI", "state_name": "ASSAM", "state_lgd": 18, "population": 47, "households": 15}, "geometry": {"type": "Polygon", "coordinates": [[[95.93621, 27.34437], [95.93293000000001, 27.34513], [95.9325, 27.347160000000002], [95.93407, 27.34906], [95.93692000000001, 27.348170000000003], [95.93763000000001, 27.34615], [95.93621, 27.34437]]]}}, {"id": "641", "type": "Feature", "properties": {"village_name": "Inthong", "vil_lgd": 291044, "district_name": "Tinsukia", "dist_lgd": 302, "subdistrict_name": "Margherita", "sdcode": 2062, "block_name": "Margherita", "block_lgd": 97.0, "gp_name": "KATALONG", "state_name": "ASSAM", "state_lgd": 18, "population": 136, "households": 26}, "geometry": {"type": "Polygon", "coordinates": [[[95.87181000000001, 27.337770000000003], [95.86969, 27.338680000000004], [95.86940000000001, 27.33978], [95.87166, 27.34165], [95.87287, 27.33911], [95.87181000000001, 27.337770000000003]]]}}, {"id": "642", "type": "Feature", "properties": {"village_name": "Tipangpani Stn Side", "vil_lgd": 291022, "district_name": "Tinsukia", "dist_lgd": 302, "subdistrict_name": "Margherita", "sdcode": 2062, "block_name": "Margherita", "block_lgd": 97.0, "gp_name": "LEKHAPANI", "state_name": "ASSAM", "state_lgd": 18, "population": 371, "households": 82}, "geometry": {"type": "Polygon", "coordinates": [[[95.86764000000001, 27.32747], [95.86269000000001, 27.328110000000002], [95.86126, 27.330250000000003], [95.86226, 27.331770000000002], [95.86643000000001, 27.331480000000003], [95.86719000000001, 27.329880000000003], [95.86764000000001, 27.32747]]]}}, {"id": "643", "type": "Feature", "properties": {"village_name": "Paharpur N C", "vil_lgd": 291021, "district_name": "Tinsukia", "dist_lgd": 302, "subdistrict_name": "Margherita", "sdcode": 2062, "block_name": "Margherita", "block_lgd": 97.0, "gp_name": "LEKHAPANI", "state_name": "ASSAM", "state_lgd": 18, "population": 924, "households": 199}, "geometry": {"type": "Polygon", "coordinates": [[[95.86845000000001, 27.318900000000003], [95.86146000000001, 27.328270000000003], [95.86269000000001, 27.328110000000002], [95.86764000000001, 27.32747], [95.87214, 27.326590000000003], [95.87566000000001, 27.32278], [95.87672, 27.320800000000002], [95.87294000000001, 27.319480000000002], [95.86845000000001, 27.318900000000003]]]}}, {"id": "644", "type": "Feature", "properties": {"village_name": "Golai Aoc Block Gaon", "vil_lgd": 291043, "district_name": "Tinsukia", "dist_lgd": 302, "subdistrict_name": "Margherita", "sdcode": 2062, "block_name": "Margherita", "block_lgd": 97.0, "gp_name": "GOLAI", "state_name": "ASSAM", "state_lgd": 18, "population": 288, "households": 53}, "geometry": {"type": "Polygon", "coordinates": [[[95.83789, 27.31857], [95.83903000000001, 27.31998], [95.83888, 27.32466], [95.83842000000001, 27.32908], [95.83963000000001, 27.33095], [95.84595, 27.33021], [95.84636, 27.325270000000003], [95.85061, 27.317500000000003], [95.83789, 27.31857]]]}}, {"id": "645", "type": "Feature", "properties": {"village_name": "Tirap Gaon", "vil_lgd": 291016, "district_name": "Tinsukia", "dist_lgd": 302, "subdistrict_name": "Margherita", "sdcode": 2062, "block_name": "Margherita", "block_lgd": 97.0, "gp_name": "LEKHAPANI", "state_name": "ASSAM", "state_lgd": 18, "population": 761, "households": 146}, "geometry": {"type": "Polygon", "coordinates": [[[95.85001000000001, 27.314870000000003], [95.84177000000001, 27.315870000000004], [95.84023, 27.31671], [95.83789, 27.31857], [95.85061, 27.317500000000003], [95.85001000000001, 27.314870000000003]]]}}, {"id": "646", "type": "Feature", "properties": {"village_name": "Hollong Guti Forest Village", "vil_lgd": 291051, "district_name": "Tinsukia", "dist_lgd": 302, "subdistrict_name": "Margherita", "sdcode": 2062, "block_name": "Kakapathar", "block_lgd": 94.0, "gp_name": "BURI DIHING", "state_name": "ASSAM", "state_lgd": 18, "population": 443, "households": 80}, "geometry": {"type": "Polygon", "coordinates": [[[95.85001000000001, 27.314870000000003], [95.85061, 27.317500000000003], [95.85874000000001, 27.317290000000003], [95.85874000000001, 27.313810000000004], [95.85001000000001, 27.314870000000003]]]}}, {"id": "647", "type": "Feature", "properties": {"village_name": "Lajum Gaon", "vil_lgd": 290484, "district_name": "Tinsukia", "dist_lgd": 302, "subdistrict_name": "Doom Dooma", "sdcode": 2060, "block_name": "Kakapathar", "block_lgd": 94.0, "gp_name": "KAKOPATHER", "state_name": "ASSAM", "state_lgd": 18, "population": 414, "households": 78}, "geometry": {"type": "Polygon", "coordinates": [[[95.61991, 27.715680000000003], [95.63239, 27.71647], [95.63611, 27.714760000000002], [95.63551000000001, 27.70503], [95.63343, 27.70766], [95.62972, 27.70924], [95.62289000000001, 27.708050000000004], [95.6165, 27.706080000000004], [95.61189, 27.706210000000002], [95.61011, 27.70727], [95.60877, 27.710420000000003], [95.60788000000001, 27.713050000000003], [95.60773, 27.718840000000004], [95.61397000000001, 27.720290000000002], [95.61442000000001, 27.7191], [95.61516, 27.71713], [95.61991, 27.715680000000003]]]}}, {"id": "648", "type": "Feature", "properties": {"village_name": "Simaluguri", "vil_lgd": 290751, "district_name": "Tinsukia", "dist_lgd": 302, "subdistrict_name": "Margherita", "sdcode": 2062, "block_name": "Kakapathar", "block_lgd": 94.0, "gp_name": "KAILASHPUR", "state_name": "ASSAM", "state_lgd": 18, "population": 1186, "households": 246}, "geometry": {"type": "Polygon", "coordinates": [[[95.79095000000001, 27.637100000000004], [95.78829, 27.634800000000002], [95.78823000000001, 27.63126], [95.78920000000001, 27.629880000000004], [95.78944000000001, 27.626400000000004], [95.78752000000001, 27.62555], [95.78144, 27.625110000000003], [95.77957, 27.62564], [95.77836, 27.622290000000003], [95.7753, 27.621740000000003], [95.77625, 27.631680000000003], [95.77340000000001, 27.631680000000003], [95.77169, 27.632530000000003], [95.77036000000001, 27.63472], [95.77473, 27.6428], [95.79478, 27.641750000000002], [95.79575000000001, 27.641720000000003], [95.79549, 27.639100000000003], [95.79095000000001, 27.637100000000004]]]}}, {"id": "649", "type": "Feature", "properties": {"village_name": "Uttar Bishrampur", "vil_lgd": 290752, "district_name": "Tinsukia", "dist_lgd": 302, "subdistrict_name": "Margherita", "sdcode": 2062, "block_name": "Kakapathar", "block_lgd": 94.0, "gp_name": "KAILASHPUR", "state_name": "ASSAM", "state_lgd": 18, "population": 1128, "households": 196}, "geometry": {"type": "Polygon", "coordinates": [[[95.77340000000001, 27.631680000000003], [95.77625, 27.631680000000003], [95.7753, 27.621740000000003], [95.76047000000001, 27.61821], [95.75085000000001, 27.61343], [95.75265, 27.61757], [95.75642, 27.623700000000003], [95.75984000000001, 27.634020000000003], [95.76018, 27.635050000000003], [95.77036000000001, 27.63472], [95.77169, 27.632530000000003], [95.77340000000001, 27.631680000000003]]]}}, {"id": "650", "type": "Feature", "properties": {"village_name": "Dakhin Bishrampur", "vil_lgd": 290753, "district_name": "Tinsukia", "dist_lgd": 302, "subdistrict_name": "Margherita", "sdcode": 2062, "block_name": "Kakapathar", "block_lgd": 94.0, "gp_name": "KAILASHPUR", "state_name": "ASSAM", "state_lgd": 18, "population": 1126, "households": 217}, "geometry": {"type": "Polygon", "coordinates": [[[95.77929, 27.610120000000002], [95.77625, 27.604390000000002], [95.76161, 27.6049], [95.75647000000001, 27.604560000000003], [95.75134000000001, 27.605230000000002], [95.74934, 27.606890000000003], [95.75023, 27.610750000000003], [95.75085000000001, 27.61343], [95.76047000000001, 27.61821], [95.7753, 27.621740000000003], [95.77836, 27.622290000000003], [95.77847000000001, 27.61887], [95.78003000000001, 27.61662], [95.77929, 27.610120000000002]]]}}, {"id": "651", "type": "Feature", "properties": {"village_name": "Tipang Pani Natun Gaon", "vil_lgd": 291018, "district_name": "Tinsukia", "dist_lgd": 302, "subdistrict_name": "Margherita", "sdcode": 2062, "block_name": "Margherita", "block_lgd": 97.0, "gp_name": "LEKHAPANI", "state_name": "ASSAM", "state_lgd": 18, "population": 861, "households": 223}, "geometry": {"type": "Polygon", "coordinates": [[[95.89493, 27.353550000000002], [95.90102, 27.353050000000003], [95.90740000000001, 27.352890000000002], [95.90047000000001, 27.35115], [95.88300000000001, 27.351950000000002], [95.88075, 27.351930000000003], [95.8777, 27.355760000000004], [95.88001000000001, 27.360070000000004], [95.88143000000001, 27.3625], [95.88923000000001, 27.360310000000002], [95.89018, 27.35507], [95.89493, 27.353550000000002]]]}}, {"id": "652", "type": "Feature", "properties": {"village_name": "Rampur", "vil_lgd": 291001, "district_name": "Tinsukia", "dist_lgd": 302, "subdistrict_name": "Margherita", "sdcode": 2062, "block_name": "Margherita", "block_lgd": 97.0, "gp_name": "JAGEN", "state_name": "ASSAM", "state_lgd": 18, "population": 584, "households": 119}, "geometry": {"type": "Polygon", "coordinates": [[[95.90165, 27.394060000000003], [95.90007000000001, 27.397260000000003], [95.90098, 27.39853], [95.90403, 27.398450000000004], [95.90498000000001, 27.39693], [95.90431000000001, 27.394820000000003], [95.90165, 27.394060000000003]]]}}, {"id": "653", "type": "Feature", "properties": {"village_name": "Jagun Forest Village", "vil_lgd": 291054, "district_name": "Tinsukia", "dist_lgd": 302, "subdistrict_name": "Margherita", "sdcode": 2062, "block_name": "Margherita", "block_lgd": 97.0, "gp_name": "JAGEN", "state_name": "ASSAM", "state_lgd": 18, "population": 319, "households": 67}, "geometry": {"type": "Polygon", "coordinates": [[[95.92599000000001, 27.417360000000002], [95.92391, 27.420340000000003], [95.92504000000001, 27.421740000000003], [95.92789, 27.421570000000003], [95.92913000000001, 27.419040000000003], [95.92846, 27.41778], [95.92599000000001, 27.417360000000002]]]}}, {"id": "654", "type": "Feature", "properties": {"village_name": "Tokow Pathar Sema Gaon N C", "vil_lgd": 291012, "district_name": "Tinsukia", "dist_lgd": 302, "subdistrict_name": "Margherita", "sdcode": 2062, "block_name": "Margherita", "block_lgd": 97.0, "gp_name": "JAGEN", "state_name": "ASSAM", "state_lgd": 18, "population": 787, "households": 158}, "geometry": {"type": "Polygon", "coordinates": [[[95.90964000000001, 27.405710000000003], [95.90887000000001, 27.408040000000003], [95.90983000000001, 27.40951], [95.91192000000001, 27.40959], [95.91325, 27.409080000000003], [95.91401, 27.407570000000003], [95.91401, 27.40605], [95.91315, 27.405540000000002], [95.90964000000001, 27.405710000000003]]]}}, {"id": "655", "type": "Feature", "properties": {"village_name": "Namphoi Forest Village", "vil_lgd": 291055, "district_name": "Tinsukia", "dist_lgd": 302, "subdistrict_name": "Margherita", "sdcode": 2062, "block_name": "Margherita", "block_lgd": 97.0, "gp_name": "JAGEN", "state_name": "ASSAM", "state_lgd": 18, "population": 4152, "households": 832}, "geometry": {"type": "Polygon", "coordinates": [[[95.96972000000001, 27.378950000000003], [95.96740000000001, 27.381220000000003], [95.96787, 27.384140000000002], [95.97215000000001, 27.384140000000002], [95.974, 27.38174], [95.97343000000001, 27.37946], [95.96972000000001, 27.378950000000003]]]}}, {"id": "656", "type": "Feature", "properties": {"village_name": "Parbatipur N C", "vil_lgd": 291013, "district_name": "Tinsukia", "dist_lgd": 302, "subdistrict_name": "Margherita", "sdcode": 2062, "block_name": "Margherita", "block_lgd": 97.0, "gp_name": "JAGEN", "state_name": "ASSAM", "state_lgd": 18, "population": 689, "households": 150}, "geometry": {"type": "Polygon", "coordinates": [[[95.99781, 27.36895], [95.99534000000001, 27.37356], [95.99539000000001, 27.375780000000002], [96.00209000000001, 27.375780000000002], [96.00380000000001, 27.373120000000004], [96.00295000000001, 27.370210000000004], [95.99781, 27.36895]]]}}, {"id": "657", "type": "Feature", "properties": {"village_name": "Famang N C", "vil_lgd": 291030, "district_name": "Tinsukia", "dist_lgd": 302, "subdistrict_name": "Margherita", "sdcode": 2062, "block_name": "Margherita", "block_lgd": 97.0, "gp_name": "JAGEN", "state_name": "ASSAM", "state_lgd": 18, "population": 407, "households": 95}, "geometry": {"type": "Polygon", "coordinates": [[[95.98427000000001, 27.362740000000002], [95.98156, 27.364390000000004], [95.98141000000001, 27.36531], [95.98270000000001, 27.367430000000002], [95.98655000000001, 27.367300000000004], [95.98826000000001, 27.36578], [95.98740000000001, 27.363370000000003], [95.98427000000001, 27.362740000000002]]]}}, {"id": "658", "type": "Feature", "properties": {"village_name": "Jyotish Nagar", "vil_lgd": 289994, "district_name": "Tinsukia", "dist_lgd": 302, "subdistrict_name": "Sadiya", "sdcode": 2059, "block_name": "Sadiya", "block_lgd": 91.0, "gp_name": "BORJHIYA", "state_name": "ASSAM", "state_lgd": 18, "population": 457, "households": 95}, "geometry": {"type": "Polygon", "coordinates": [[[95.76155000000001, 27.924820000000004], [95.75946, 27.928680000000004], [95.75866, 27.931150000000002], [95.75815000000001, 27.934580000000004], [95.75851, 27.937210000000004], [95.75494, 27.940880000000003], [95.77610000000001, 27.941720000000004], [95.77681000000001, 27.935530000000004], [95.77629, 27.929190000000002], [95.76992000000001, 27.92734], [95.76155000000001, 27.924820000000004]]]}}, {"id": "659", "type": "Feature", "properties": {"village_name": "Santipur", "vil_lgd": 289956, "district_name": "Tinsukia", "dist_lgd": 302, "subdistrict_name": "Sadiya", "sdcode": 2059, "block_name": "Sadiya", "block_lgd": 91.0, "gp_name": "SHANTIPUR", "state_name": "ASSAM", "state_lgd": 18, "population": 264, "households": 53}, "geometry": {"type": "Polygon", "coordinates": [[[95.73797, 27.92751], [95.73735, 27.931540000000002], [95.74841, 27.933320000000002], [95.75815000000001, 27.934580000000004], [95.75866, 27.931150000000002], [95.74577000000001, 27.928770000000004], [95.73797, 27.92751]]]}}, {"id": "660", "type": "Feature", "properties": {"village_name": "Bishnupur N C", "vil_lgd": 291008, "district_name": "Tinsukia", "dist_lgd": 302, "subdistrict_name": "Margherita", "sdcode": 2062, "block_name": "Margherita", "block_lgd": 97.0, "gp_name": "JAGEN", "state_name": "ASSAM", "state_lgd": 18, "population": 643, "households": 156}, "geometry": {"type": "Polygon", "coordinates": [[[95.95107, 27.37683], [95.94053000000001, 27.379230000000003], [95.94004000000001, 27.38117], [95.94434000000001, 27.382630000000002], [95.94405, 27.384410000000003], [95.94004000000001, 27.38895], [95.94985000000001, 27.38763], [95.95208000000001, 27.385920000000002], [95.95237, 27.383010000000002], [95.95107, 27.37683]]]}}, {"id": "661", "type": "Feature", "properties": {"village_name": "Santipur", "vil_lgd": 289954, "district_name": "Tinsukia", "dist_lgd": 302, "subdistrict_name": "Sadiya", "sdcode": 2059, "block_name": "Sadiya", "block_lgd": 91.0, "gp_name": "SHANTIPUR", "state_name": "ASSAM", "state_lgd": 18, "population": 6191, "households": 1176}, "geometry": {"type": "Polygon", "coordinates": [[[95.75062000000001, 27.925910000000002], [95.74900000000001, 27.926920000000003], [95.74548000000001, 27.92658], [95.73902000000001, 27.92339], [95.73797, 27.92751], [95.74577000000001, 27.928770000000004], [95.75866, 27.931150000000002], [95.75946, 27.928680000000004], [95.75062000000001, 27.925910000000002]]]}}, {"id": "662", "type": "Feature", "properties": {"village_name": "Kailashpur", "vil_lgd": 290757, "district_name": "Tinsukia", "dist_lgd": 302, "subdistrict_name": "Margherita", "sdcode": 2062, "block_name": "Kakapathar", "block_lgd": 94.0, "gp_name": "KAILASHPUR", "state_name": "ASSAM", "state_lgd": 18, "population": 1276, "households": 252}, "geometry": {"type": "Polygon", "coordinates": [[[95.78522000000001, 27.615540000000003], [95.79034000000001, 27.611690000000003], [95.78949000000001, 27.603450000000002], [95.79064000000001, 27.599650000000004], [95.79279000000001, 27.597790000000003], [95.79127000000001, 27.59175], [95.77473, 27.593770000000003], [95.77625, 27.604390000000002], [95.77929, 27.610120000000002], [95.78003000000001, 27.61662], [95.7806, 27.61623], [95.78522000000001, 27.615540000000003]]]}}, {"id": "663", "type": "Feature", "properties": {"village_name": "Tangana Na Gaon", "vil_lgd": 290756, "district_name": "Tinsukia", "dist_lgd": 302, "subdistrict_name": "Margherita", "sdcode": 2062, "block_name": "Kakapathar", "block_lgd": 94.0, "gp_name": "KAILASHPUR", "state_name": "ASSAM", "state_lgd": 18, "population": 690, "households": 130}, "geometry": {"type": "Polygon", "coordinates": [[[95.76313, 27.594450000000002], [95.76085, 27.596300000000003], [95.76028000000001, 27.597990000000003], [95.76180000000001, 27.60085], [95.76161, 27.6049], [95.77625, 27.604390000000002], [95.77473, 27.593770000000003], [95.76313, 27.594450000000002]]]}}, {"id": "664", "type": "Feature", "properties": {"village_name": "Abor Gaon N C", "vil_lgd": 291011, "district_name": "Tinsukia", "dist_lgd": 302, "subdistrict_name": "Margherita", "sdcode": 2062, "block_name": "Margherita", "block_lgd": 97.0, "gp_name": "JAGEN", "state_name": "ASSAM", "state_lgd": 18, "population": 524, "households": 96}, "geometry": {"type": "Polygon", "coordinates": [[[95.95107, 27.37683], [95.95237, 27.383010000000002], [95.95208000000001, 27.385920000000002], [95.94985000000001, 27.38763], [95.95, 27.390670000000004], [95.96477, 27.390200000000004], [95.96778, 27.389000000000003], [95.96778, 27.386720000000004], [95.96402, 27.384320000000002], [95.96266000000001, 27.38004], [95.95664000000001, 27.377760000000002], [95.95107, 27.37683]]]}}, {"id": "665", "type": "Feature", "properties": {"village_name": "Lakla Pathar N C", "vil_lgd": 291010, "district_name": "Tinsukia", "dist_lgd": 302, "subdistrict_name": "Margherita", "sdcode": 2062, "block_name": "Margherita", "block_lgd": 97.0, "gp_name": "JAGEN", "state_name": "ASSAM", "state_lgd": 18, "population": 1394, "households": 272}, "geometry": {"type": "Polygon", "coordinates": [[[95.95, 27.390670000000004], [95.94985000000001, 27.38763], [95.94004000000001, 27.38895], [95.93663000000001, 27.388550000000002], [95.93291, 27.38961], [95.93480000000001, 27.392740000000003], [95.95, 27.390670000000004]]]}}, {"id": "666", "type": "Feature", "properties": {"village_name": "Bishnupur N C", "vil_lgd": 291009, "district_name": "Tinsukia", "dist_lgd": 302, "subdistrict_name": "Margherita", "sdcode": 2062, "block_name": "Margherita", "block_lgd": 97.0, "gp_name": "JAGEN", "state_name": "ASSAM", "state_lgd": 18, "population": 850, "households": 183}, "geometry": {"type": "Polygon", "coordinates": [[[95.93291, 27.38961], [95.92147000000001, 27.392770000000002], [95.91835, 27.39291], [95.91925, 27.398310000000002], [95.91808, 27.400420000000004], [95.92291, 27.404510000000002], [95.93045000000001, 27.401670000000003], [95.93435000000001, 27.396880000000003], [95.93480000000001, 27.392740000000003], [95.93291, 27.38961]]]}}, {"id": "667", "type": "Feature", "properties": {"village_name": "Borjhiya", "vil_lgd": 289958, "district_name": "Tinsukia", "dist_lgd": 302, "subdistrict_name": "Sadiya", "sdcode": 2059, "block_name": "Sadiya", "block_lgd": 91.0, "gp_name": "BORJHIA", "state_name": "ASSAM", "state_lgd": 18, "population": 324, "households": 69}, "geometry": {"type": "Polygon", "coordinates": [[[95.73987000000001, 27.91936], [95.73902000000001, 27.92339], [95.74548000000001, 27.92658], [95.74900000000001, 27.926920000000003], [95.75062000000001, 27.925910000000002], [95.75176, 27.923470000000002], [95.7471, 27.923140000000004], [95.7433, 27.921370000000003], [95.73987000000001, 27.91936]]]}}, {"id": "668", "type": "Feature", "properties": {"village_name": "Dopani Borgaon", "vil_lgd": 289939, "district_name": "Tinsukia", "dist_lgd": 302, "subdistrict_name": "Sadiya", "sdcode": 2059, "block_name": "Sadiya", "block_lgd": 91.0, "gp_name": "RAJGAR", "state_name": "ASSAM", "state_lgd": 18, "population": 1043, "households": 232}, "geometry": {"type": "Polygon", "coordinates": [[[95.70473000000001, 27.857360000000003], [95.70099, 27.858330000000002], [95.70289000000001, 27.860850000000003], [95.70337, 27.86316], [95.70063, 27.86474], [95.69921000000001, 27.867890000000003], [95.69643, 27.870770000000004], [95.70356000000001, 27.873040000000003], [95.71439000000001, 27.874050000000004], [95.71839000000001, 27.86682], [95.71617, 27.865640000000003], [95.71453000000001, 27.862350000000003], [95.70636, 27.861700000000003], [95.70473000000001, 27.857360000000003]]]}}, {"id": "669", "type": "Feature", "properties": {"village_name": "Katha Adarsha N C", "vil_lgd": 291006, "district_name": "Tinsukia", "dist_lgd": 302, "subdistrict_name": "Margherita", "sdcode": 2062, "block_name": "Margherita", "block_lgd": 97.0, "gp_name": "JAGEN", "state_name": "ASSAM", "state_lgd": 18, "population": 618, "households": 96}, "geometry": {"type": "Polygon", "coordinates": [[[95.93291, 27.382880000000004], [95.94004000000001, 27.38117], [95.94053000000001, 27.379230000000003], [95.93360000000001, 27.375090000000004], [95.92110000000001, 27.371480000000002], [95.91390000000001, 27.371800000000004], [95.90959000000001, 27.37338], [95.90588000000001, 27.37629], [95.90409000000001, 27.379720000000002], [95.91078, 27.386440000000004], [95.92474000000001, 27.384600000000002], [95.93291, 27.382880000000004]]]}}, {"id": "670", "type": "Feature", "properties": {"village_name": "Parbatipur Gaon", "vil_lgd": 291007, "district_name": "Tinsukia", "dist_lgd": 302, "subdistrict_name": "Margherita", "sdcode": 2062, "block_name": "Margherita", "block_lgd": 97.0, "gp_name": "JAGEN", "state_name": "ASSAM", "state_lgd": 18, "population": 4406, "households": 928}, "geometry": {"type": "Polygon", "coordinates": [[[95.93663000000001, 27.388550000000002], [95.94004000000001, 27.38895], [95.93960000000001, 27.387500000000003], [95.93291, 27.382880000000004], [95.92474000000001, 27.384600000000002], [95.91078, 27.386440000000004], [95.91642, 27.390800000000002], [95.91835, 27.39291], [95.92147000000001, 27.392770000000002], [95.93291, 27.38961], [95.93663000000001, 27.388550000000002]]]}}, {"id": "671", "type": "Feature", "properties": {"village_name": "Bhereka N C", "vil_lgd": 290119, "district_name": "Tinsukia", "dist_lgd": 302, "subdistrict_name": "Doom Dooma", "sdcode": 2060, "block_name": "Saikhowa", "block_lgd": 92.0, "gp_name": "TALAP", "state_name": "ASSAM", "state_lgd": 18, "population": 0, "households": 0}, "geometry": {"type": "Polygon", "coordinates": [[[95.44304000000001, 27.701020000000003], [95.44197000000001, 27.71017], [95.43626, 27.718690000000002], [95.45094, 27.719020000000004], [95.45243, 27.714160000000003], [95.45585000000001, 27.70876], [95.45451000000001, 27.702980000000004], [95.44872000000001, 27.702450000000002], [95.44304000000001, 27.701020000000003]]]}}, {"id": "672", "type": "Feature", "properties": {"village_name": "Mancha Pathar", "vil_lgd": 291000, "district_name": "Tinsukia", "dist_lgd": 302, "subdistrict_name": "Margherita", "sdcode": 2062, "block_name": "Margherita", "block_lgd": 97.0, "gp_name": "JAGEN", "state_name": "ASSAM", "state_lgd": 18, "population": 293, "households": 60}, "geometry": {"type": "Polygon", "coordinates": [[[95.91078, 27.386440000000004], [95.90425, 27.386820000000004], [95.90064000000001, 27.38614], [95.89866, 27.390330000000002], [95.90318, 27.393140000000002], [95.90634000000001, 27.39047], [95.91808, 27.400420000000004], [95.91925, 27.398310000000002], [95.91835, 27.39291], [95.91642, 27.390800000000002], [95.91078, 27.386440000000004]]]}}, {"id": "673", "type": "Feature", "properties": {"village_name": "Gosala Abor Miri", "vil_lgd": 289930, "district_name": "Tinsukia", "dist_lgd": 302, "subdistrict_name": "Sadiya", "sdcode": 2059, "block_name": "Sadiya", "block_lgd": 91.0, "gp_name": "KUNDIL", "state_name": "ASSAM", "state_lgd": 18, "population": 287, "households": 61}, "geometry": {"type": "Polygon", "coordinates": [[[95.68876, 27.853270000000002], [95.68649, 27.856230000000004], [95.69350000000001, 27.857490000000002], [95.70099, 27.858330000000002], [95.70473000000001, 27.857360000000003], [95.70569, 27.85537], [95.70420000000001, 27.854450000000003], [95.69321000000001, 27.85367], [95.68876, 27.853270000000002]]]}}, {"id": "674", "type": "Feature", "properties": {"village_name": "Lawpani", "vil_lgd": 290068, "district_name": "Tinsukia", "dist_lgd": 302, "subdistrict_name": "Doom Dooma", "sdcode": 2060, "block_name": "Saikhowa", "block_lgd": 92.0, "gp_name": "", "state_name": "ASSAM", "state_lgd": 18, "population": 309, "households": 56}, "geometry": {"type": "Polygon", "coordinates": [[[95.68599, 27.757310000000004], [95.67927, 27.758860000000002], [95.67407000000001, 27.7586], [95.67109, 27.756890000000002], [95.66857, 27.753470000000004], [95.66084000000001, 27.758460000000003], [95.66008000000001, 27.77456], [95.66991, 27.773920000000004], [95.67488, 27.77091], [95.68520000000001, 27.758390000000002], [95.68599, 27.757310000000004]]]}}, {"id": "675", "type": "Feature", "properties": {"village_name": "Bor Dirak", "vil_lgd": 290361, "district_name": "Tinsukia", "dist_lgd": 302, "subdistrict_name": "Doom Dooma", "sdcode": 2060, "block_name": "Kakapathar", "block_lgd": 94.0, "gp_name": "DIRAK", "state_name": "ASSAM", "state_lgd": 18, "population": 397, "households": 76}, "geometry": {"type": "Polygon", "coordinates": [[[95.75265, 27.61757], [95.75131, 27.62048], [95.74641000000001, 27.62535], [95.74002, 27.633770000000002], [95.74064000000001, 27.636480000000002], [95.75129000000001, 27.639010000000003], [95.75566, 27.635810000000003], [95.75984000000001, 27.634020000000003], [95.75642, 27.623700000000003], [95.75265, 27.61757]]]}}, {"id": "676", "type": "Feature", "properties": {"village_name": "Chandrapur", "vil_lgd": 289938, "district_name": "Tinsukia", "dist_lgd": 302, "subdistrict_name": "Sadiya", "sdcode": 2059, "block_name": "Sadiya", "block_lgd": 91.0, "gp_name": "RAJGARH", "state_name": "ASSAM", "state_lgd": 18, "population": 597, "households": 109}, "geometry": {"type": "Polygon", "coordinates": [[[95.71564000000001, 27.85367], [95.71148000000001, 27.853140000000003], [95.70881000000001, 27.855110000000003], [95.70569, 27.85537], [95.70473000000001, 27.857360000000003], [95.70636, 27.861700000000003], [95.71453000000001, 27.862350000000003], [95.71423000000001, 27.85854], [95.71564000000001, 27.85367]]]}}, {"id": "677", "type": "Feature", "properties": {"village_name": "Soon Jan", "vil_lgd": 290362, "district_name": "Tinsukia", "dist_lgd": 302, "subdistrict_name": "Doom Dooma", "sdcode": 2060, "block_name": "Kakapathar", "block_lgd": 94.0, "gp_name": "DIRAK", "state_name": "ASSAM", "state_lgd": 18, "population": 154, "households": 26}, "geometry": {"type": "Polygon", "coordinates": [[[95.75023, 27.610750000000003], [95.73779, 27.628770000000003], [95.73363, 27.631410000000002], [95.7369, 27.632330000000003], [95.74002, 27.633770000000002], [95.74641000000001, 27.62535], [95.75131, 27.62048], [95.75265, 27.61757], [95.75085000000001, 27.61343], [95.75023, 27.610750000000003]]]}}, {"id": "678", "type": "Feature", "properties": {"village_name": "Jengani Gaon", "vil_lgd": 290379, "district_name": "Tinsukia", "dist_lgd": 302, "subdistrict_name": "Doom Dooma", "sdcode": 2060, "block_name": "Kakapathar", "block_lgd": 94.0, "gp_name": "DIRAK", "state_name": "ASSAM", "state_lgd": 18, "population": 595, "households": 94}, "geometry": {"type": "Polygon", "coordinates": [[[95.74761000000001, 27.604370000000003], [95.74507000000001, 27.60666], [95.73616000000001, 27.61061], [95.72606, 27.612060000000003], [95.72636000000001, 27.61877], [95.7265, 27.623900000000003], [95.72532000000001, 27.627460000000003], [95.72621000000001, 27.628770000000003], [95.73363, 27.631410000000002], [95.73779, 27.628770000000003], [95.75023, 27.610750000000003], [95.74934, 27.606890000000003], [95.74761000000001, 27.604370000000003]]]}}, {"id": "679", "type": "Feature", "properties": {"village_name": "Na Gaon", "vil_lgd": 290564, "district_name": "Tinsukia", "dist_lgd": 302, "subdistrict_name": "Tinsukia", "sdcode": 2061, "block_name": "Guijan", "block_lgd": 95.0, "gp_name": "PANITOL", "state_name": "ASSAM", "state_lgd": 18, "population": 2735, "households": 558}, "geometry": {"type": "Polygon", "coordinates": [[[95.28837000000001, 27.480110000000003], [95.28114000000001, 27.481450000000002], [95.27859000000001, 27.48495], [95.26775, 27.49088], [95.2676, 27.499570000000002], [95.29359000000001, 27.489300000000004], [95.29611000000001, 27.486140000000002], [95.29234000000001, 27.480570000000004], [95.28837000000001, 27.480110000000003]]]}}, {"id": "680", "type": "Feature", "properties": {"village_name": "Kachamari Gaon", "vil_lgd": 290653, "district_name": "Tinsukia", "dist_lgd": 302, "subdistrict_name": "Tinsukia", "sdcode": 2061, "block_name": "Itakhuli", "block_lgd": 96.0, "gp_name": "KASHOMARI", "state_name": "ASSAM", "state_lgd": 18, "population": 1420, "households": 281}, "geometry": {"type": "Polygon", "coordinates": [[[95.38551000000001, 27.403330000000004], [95.3819, 27.411430000000003], [95.37658, 27.416660000000004], [95.38152000000001, 27.421730000000004], [95.38665, 27.424760000000003], [95.38932000000001, 27.427300000000002], [95.39616000000001, 27.427130000000002], [95.40015000000001, 27.42274], [95.4013, 27.419700000000002], [95.4013, 27.41683], [95.4013, 27.414640000000002], [95.39920000000001, 27.411260000000002], [95.38761000000001, 27.4035], [95.38551000000001, 27.403330000000004]]]}}, {"id": "681", "type": "Feature", "properties": {"village_name": "Mohakali Te", "vil_lgd": 290650, "district_name": "Tinsukia", "dist_lgd": 302, "subdistrict_name": "Tinsukia", "sdcode": 2061, "block_name": "Itakhuli", "block_lgd": 96.0, "gp_name": "LANKASHI", "state_name": "ASSAM", "state_lgd": 18, "population": 940, "households": 190}, "geometry": {"type": "Polygon", "coordinates": [[[95.37201, 27.416330000000002], [95.37658, 27.416660000000004], [95.3819, 27.411430000000003], [95.38551000000001, 27.403330000000004], [95.38761000000001, 27.4035], [95.38799, 27.39928], [95.39247, 27.390570000000004], [95.38627000000001, 27.390990000000002], [95.38165000000001, 27.38716], [95.37834000000001, 27.38981], [95.37701000000001, 27.38981], [95.37538, 27.38887], [95.37326, 27.384510000000002], [95.36146000000001, 27.38305], [95.36137000000001, 27.41936], [95.36821, 27.417170000000002], [95.37201, 27.416330000000002]]]}}, {"id": "682", "type": "Feature", "properties": {"village_name": "Tinsukia", "vil_lgd": 249888, "district_name": "Tinsukia", "dist_lgd": 302, "subdistrict_name": "Tinsukia", "sdcode": 2061, "block_name": "", "block_lgd": 0.0, "gp_name": "", "state_name": "ASSAM", "state_lgd": 18, "population": 116322, "households": 25845}, "geometry": {"type": "Polygon", "coordinates": [[[95.38553, 27.49191], [95.39061000000001, 27.488390000000003], [95.39125000000001, 27.488170000000004], [95.39562000000001, 27.48616], [95.39668, 27.48363], [95.39637, 27.481350000000003], [95.38403000000001, 27.480420000000002], [95.38101, 27.47614], [95.36641, 27.47387], [95.35496, 27.472800000000003], [95.34924000000001, 27.470530000000004], [95.34577, 27.47013], [95.34623, 27.47294], [95.34758000000001, 27.47387], [95.34803000000001, 27.478420000000003], [95.34577, 27.483890000000002], [95.35210000000001, 27.488970000000002], [95.35234000000001, 27.490350000000003], [95.3524, 27.492910000000002], [95.3524, 27.493650000000002], [95.35649000000001, 27.49874], [95.35752000000001, 27.499660000000002], [95.36023, 27.500590000000003], [95.36175000000001, 27.49988], [95.36279, 27.499390000000002], [95.36595000000001, 27.49698], [95.36867000000001, 27.496050000000004], [95.37198000000001, 27.496450000000003], [95.37424000000001, 27.500860000000003], [95.37635, 27.502060000000004], [95.37875000000001, 27.502060000000004], [95.38101, 27.498590000000004], [95.38192000000001, 27.49632], [95.38553, 27.49191]]]}}, {"id": "683", "type": "Feature", "properties": {"village_name": "Chandmari Gaon", "vil_lgd": 290529, "district_name": "Tinsukia", "dist_lgd": 302, "subdistrict_name": "Tinsukia", "sdcode": 2061, "block_name": "Guijan", "block_lgd": 95.0, "gp_name": "BORGURI", "state_name": "ASSAM", "state_lgd": 18, "population": 615, "households": 125}, "geometry": {"type": "Polygon", "coordinates": [[[95.38809, 27.495110000000004], [95.38101, 27.498590000000004], [95.37875000000001, 27.502060000000004], [95.37785000000001, 27.5074], [95.38902, 27.509770000000003], [95.39259000000001, 27.505820000000003], [95.39496000000001, 27.504500000000004], [95.39811, 27.504], [95.40328000000001, 27.503190000000004], [95.39984000000001, 27.49912], [95.39547, 27.496180000000003], [95.38809, 27.495110000000004]]]}}, {"id": "684", "type": "Feature", "properties": {"village_name": "Kakaratoli Gaon", "vil_lgd": 290535, "district_name": "Tinsukia", "dist_lgd": 302, "subdistrict_name": "Tinsukia", "sdcode": 2061, "block_name": "Guijan", "block_lgd": 95.0, "gp_name": "BORGURI", "state_name": "ASSAM", "state_lgd": 18, "population": 2028, "households": 470}, "geometry": {"type": "Polygon", "coordinates": [[[95.36867000000001, 27.496050000000004], [95.36595000000001, 27.49698], [95.36279, 27.499390000000002], [95.36671000000001, 27.50166], [95.36927000000001, 27.50353], [95.36972, 27.506200000000003], [95.37785000000001, 27.5074], [95.37875000000001, 27.502060000000004], [95.37635, 27.502060000000004], [95.37424000000001, 27.500860000000003], [95.37198000000001, 27.496450000000003], [95.36867000000001, 27.496050000000004]]]}}, {"id": "685", "type": "Feature", "properties": {"village_name": "Katchujan Te", "vil_lgd": 290533, "district_name": "Tinsukia", "dist_lgd": 302, "subdistrict_name": "Tinsukia", "sdcode": 2061, "block_name": "Guijan", "block_lgd": 95.0, "gp_name": "BORGURI", "state_name": "ASSAM", "state_lgd": 18, "population": 2968, "households": 595}, "geometry": {"type": "Polygon", "coordinates": [[[95.36279, 27.499390000000002], [95.36175000000001, 27.49988], [95.36631000000001, 27.50299], [95.36503, 27.514750000000003], [95.37686000000001, 27.516900000000003], [95.37785000000001, 27.5074], [95.36972, 27.506200000000003], [95.36927000000001, 27.50353], [95.36671000000001, 27.50166], [95.36279, 27.499390000000002]]]}}, {"id": "686", "type": "Feature", "properties": {"village_name": "Chikajan Gaon", "vil_lgd": 290527, "district_name": "Tinsukia", "dist_lgd": 302, "subdistrict_name": "Tinsukia", "sdcode": 2061, "block_name": "Guijan", "block_lgd": 95.0, "gp_name": "BORGURI", "state_name": "ASSAM", "state_lgd": 18, "population": 436, "households": 93}, "geometry": {"type": "Polygon", "coordinates": [[[95.37785000000001, 27.5074], [95.37686000000001, 27.516900000000003], [95.37729, 27.520950000000003], [95.38263, 27.522470000000002], [95.38377000000001, 27.524870000000004], [95.38334, 27.527520000000003], [95.38177, 27.52879], [95.38819000000001, 27.529040000000002], [95.39051, 27.527690000000003], [95.39051, 27.524910000000002], [95.39000000000001, 27.516350000000003], [95.38902, 27.509770000000003], [95.37785000000001, 27.5074]]]}}, {"id": "687", "type": "Feature", "properties": {"village_name": "Gelapukhuri Gaon", "vil_lgd": 290536, "district_name": "Tinsukia", "dist_lgd": 302, "subdistrict_name": "Tinsukia", "sdcode": 2061, "block_name": "Guijan", "block_lgd": 95.0, "gp_name": "BORGURI", "state_name": "ASSAM", "state_lgd": 18, "population": 2811, "households": 593}, "geometry": {"type": "Polygon", "coordinates": [[[95.37686000000001, 27.516900000000003], [95.36503, 27.514750000000003], [95.36417, 27.518290000000004], [95.35556000000001, 27.516980000000004], [95.3545, 27.519230000000004], [95.35117000000001, 27.522350000000003], [95.34744, 27.523860000000003], [95.34811, 27.52474], [95.35853, 27.524240000000002], [95.36466000000001, 27.52398], [95.36829, 27.52474], [95.37279000000001, 27.526510000000002], [95.37393, 27.528160000000003], [95.38177, 27.52879], [95.38334, 27.527520000000003], [95.38377000000001, 27.524870000000004], [95.38263, 27.522470000000002], [95.37729, 27.520950000000003], [95.37686000000001, 27.516900000000003]]]}}, {"id": "688", "type": "Feature", "properties": {"village_name": "Lezaihula Gaon", "vil_lgd": 290538, "district_name": "Tinsukia", "dist_lgd": 302, "subdistrict_name": "Tinsukia", "sdcode": 2061, "block_name": "Guijan", "block_lgd": 95.0, "gp_name": "BOZALTOLI G.P.", "state_name": "ASSAM", "state_lgd": 18, "population": 748, "households": 183}, "geometry": {"type": "Polygon", "coordinates": [[[95.33172, 27.502360000000003], [95.33200000000001, 27.50691], [95.33514000000001, 27.511840000000003], [95.34198, 27.514750000000003], [95.35005000000001, 27.516140000000004], [95.35476000000001, 27.51096], [95.35519000000001, 27.509310000000003], [95.35239000000001, 27.50691], [95.34893000000001, 27.50543], [95.33885000000001, 27.50223], [95.33520000000001, 27.502290000000002], [95.33172, 27.502360000000003]]]}}, {"id": "689", "type": "Feature", "properties": {"village_name": "Nakhrai Gaon", "vil_lgd": 290540, "district_name": "Tinsukia", "dist_lgd": 302, "subdistrict_name": "Tinsukia", "sdcode": 2061, "block_name": "Guijan", "block_lgd": 95.0, "gp_name": "BOZAL TOLI G.P.", "state_name": "ASSAM", "state_lgd": 18, "population": 1091, "households": 231}, "geometry": {"type": "Polygon", "coordinates": [[[95.3186, 27.505010000000002], [95.31503000000001, 27.505770000000002], [95.31261, 27.507790000000004], [95.31446000000001, 27.510450000000002], [95.32045000000001, 27.512980000000002], [95.32729, 27.512980000000002], [95.34155000000001, 27.516900000000003], [95.34198, 27.514750000000003], [95.33514000000001, 27.511840000000003], [95.33200000000001, 27.50691], [95.32149000000001, 27.505580000000002], [95.3186, 27.505010000000002]]]}}, {"id": "690", "type": "Feature", "properties": {"village_name": "Nakhrai Bongali Gaon", "vil_lgd": 290539, "district_name": "Tinsukia", "dist_lgd": 302, "subdistrict_name": "Tinsukia", "sdcode": 2061, "block_name": "Guijan", "block_lgd": 95.0, "gp_name": "BAZAL TOLI", "state_name": "ASSAM", "state_lgd": 18, "population": 268, "households": 54}, "geometry": {"type": "Polygon", "coordinates": [[[95.331, 27.499570000000002], [95.32872, 27.50147], [95.32202000000001, 27.501600000000003], [95.32149000000001, 27.505580000000002], [95.33200000000001, 27.50691], [95.33172, 27.502360000000003], [95.331, 27.499570000000002]]]}}, {"id": "691", "type": "Feature", "properties": {"village_name": "Dihingia Gaon", "vil_lgd": 290556, "district_name": "Tinsukia", "dist_lgd": 302, "subdistrict_name": "Tinsukia", "sdcode": 2061, "block_name": "Guijan", "block_lgd": 95.0, "gp_name": "BAJALTOLI G.P.", "state_name": "ASSAM", "state_lgd": 18, "population": 646, "households": 131}, "geometry": {"type": "Polygon", "coordinates": [[[95.31988000000001, 27.485780000000002], [95.31617000000001, 27.492240000000002], [95.31974000000001, 27.496920000000003], [95.32202000000001, 27.501600000000003], [95.32872, 27.50147], [95.331, 27.499570000000002], [95.33371000000001, 27.497300000000003], [95.33428, 27.49527], [95.32373000000001, 27.485780000000002], [95.31988000000001, 27.485780000000002]]]}}, {"id": "692", "type": "Feature", "properties": {"village_name": "Kaptanchuk Gaon", "vil_lgd": 290558, "district_name": "Tinsukia", "dist_lgd": 302, "subdistrict_name": "Tinsukia", "sdcode": 2061, "block_name": "Guijan", "block_lgd": 95.0, "gp_name": "DIMORUGURI", "state_name": "ASSAM", "state_lgd": 18, "population": 2090, "households": 469}, "geometry": {"type": "Polygon", "coordinates": [[[95.31503000000001, 27.470100000000002], [95.31075000000001, 27.4706], [95.31104, 27.472880000000004], [95.30861, 27.479960000000002], [95.31175, 27.479840000000003], [95.32002000000001, 27.479840000000003], [95.33528000000001, 27.480980000000002], [95.33500000000001, 27.478070000000002], [95.33214000000001, 27.47351], [95.32573000000001, 27.472500000000004], [95.32002000000001, 27.4706], [95.31503000000001, 27.470100000000002]]]}}, {"id": "693", "type": "Feature", "properties": {"village_name": "Gotong Bongali Gaon", "vil_lgd": 290494, "district_name": "Tinsukia", "dist_lgd": 302, "subdistrict_name": "Tinsukia", "sdcode": 2061, "block_name": "Guijan", "block_lgd": 95.0, "gp_name": "GOTONG", "state_name": "ASSAM", "state_lgd": 18, "population": 124, "households": 25}, "geometry": {"type": "Polygon", "coordinates": [[[95.38188000000001, 27.56004], [95.38339, 27.563380000000002], [95.38399000000001, 27.567380000000004], [95.38308, 27.57194], [95.39348000000001, 27.572730000000004], [95.40001000000001, 27.572730000000004], [95.40328000000001, 27.573790000000002], [95.40206, 27.56258], [95.39995, 27.56031], [95.38188000000001, 27.56004]]]}}, {"id": "694", "type": "Feature", "properties": {"village_name": "Dhelakhat Gaon", "vil_lgd": 290496, "district_name": "Tinsukia", "dist_lgd": 302, "subdistrict_name": "Tinsukia", "sdcode": 2061, "block_name": "Guijan", "block_lgd": 95.0, "gp_name": "GOTANG", "state_name": "ASSAM", "state_lgd": 18, "population": 928, "households": 177}, "geometry": {"type": "Polygon", "coordinates": [[[95.39182000000001, 27.54962], [95.38128, 27.557900000000004], [95.38188000000001, 27.56004], [95.39995, 27.56031], [95.39634000000001, 27.555770000000003], [95.39182000000001, 27.54962]]]}}, {"id": "695", "type": "Feature", "properties": {"village_name": "Dhakual Gaon", "vil_lgd": 290497, "district_name": "Tinsukia", "dist_lgd": 302, "subdistrict_name": "Tinsukia", "sdcode": 2061, "block_name": "Guijan", "block_lgd": 95.0, "gp_name": "GOTONG", "state_name": "ASSAM", "state_lgd": 18, "population": 520, "households": 114}, "geometry": {"type": "Polygon", "coordinates": [[[95.38143000000001, 27.542150000000003], [95.37978000000001, 27.54322], [95.37857000000001, 27.54802], [95.37947000000001, 27.554160000000003], [95.38128, 27.557900000000004], [95.39182000000001, 27.54962], [95.39107000000001, 27.54201], [95.38533000000001, 27.541240000000002], [95.38143000000001, 27.542150000000003]]]}}, {"id": "696", "type": "Feature", "properties": {"village_name": "Chandmari Nepali Gaon", "vil_lgd": 290526, "district_name": "Tinsukia", "dist_lgd": 302, "subdistrict_name": "Tinsukia", "sdcode": 2061, "block_name": "Guijan", "block_lgd": 95.0, "gp_name": "BORGURI", "state_name": "ASSAM", "state_lgd": 18, "population": 1478, "households": 309}, "geometry": {"type": "Polygon", "coordinates": [[[95.39051, 27.527690000000003], [95.38819000000001, 27.529040000000002], [95.39017000000001, 27.533600000000003], [95.39017000000001, 27.53601], [95.39793, 27.532700000000002], [95.39680000000001, 27.53205], [95.39377, 27.530320000000003], [95.39051, 27.527690000000003]]]}}, {"id": "697", "type": "Feature", "properties": {"village_name": "Gelapukhuri T E", "vil_lgd": 290523, "district_name": "Tinsukia", "dist_lgd": 302, "subdistrict_name": "Tinsukia", "sdcode": 2061, "block_name": "Guijan", "block_lgd": 95.0, "gp_name": "BORGURI", "state_name": "ASSAM", "state_lgd": 18, "population": 1685, "households": 345}, "geometry": {"type": "Polygon", "coordinates": [[[95.38533000000001, 27.541240000000002], [95.38550000000001, 27.538410000000002], [95.37932, 27.531060000000004], [95.37375, 27.53133], [95.37631, 27.536410000000004], [95.38143000000001, 27.542150000000003], [95.38533000000001, 27.541240000000002]]]}}, {"id": "698", "type": "Feature", "properties": {"village_name": "Gelapukhuri Te", "vil_lgd": 290522, "district_name": "Tinsukia", "dist_lgd": 302, "subdistrict_name": "Tinsukia", "sdcode": 2061, "block_name": "Guijan", "block_lgd": 95.0, "gp_name": "BORGURI", "state_name": "ASSAM", "state_lgd": 18, "population": 1193, "households": 250}, "geometry": {"type": "Polygon", "coordinates": [[[95.38819000000001, 27.529040000000002], [95.38177, 27.52879], [95.37393, 27.528160000000003], [95.37279000000001, 27.526510000000002], [95.36829, 27.52474], [95.36592, 27.52973], [95.37375, 27.53133], [95.37932, 27.531060000000004], [95.38550000000001, 27.538410000000002], [95.39017000000001, 27.53601], [95.39017000000001, 27.533600000000003], [95.38819000000001, 27.529040000000002]]]}}, {"id": "699", "type": "Feature", "properties": {"village_name": "Gelapukhuri T E", "vil_lgd": 290521, "district_name": "Tinsukia", "dist_lgd": 302, "subdistrict_name": "Tinsukia", "sdcode": 2061, "block_name": "Guijan", "block_lgd": 95.0, "gp_name": "BORGURI", "state_name": "ASSAM", "state_lgd": 18, "population": 357, "households": 77}, "geometry": {"type": "Polygon", "coordinates": [[[95.35853, 27.524240000000002], [95.35869000000001, 27.53], [95.36155000000001, 27.529860000000003], [95.36592, 27.52973], [95.36829, 27.52474], [95.36466000000001, 27.52398], [95.35853, 27.524240000000002]]]}}, {"id": "700", "type": "Feature", "properties": {"village_name": "Hahsara T E", "vil_lgd": 290735, "district_name": "Tinsukia", "dist_lgd": 302, "subdistrict_name": "Tinsukia", "sdcode": 2061, "block_name": "Hapjan", "block_lgd": 93.0, "gp_name": "HANSURA G.P.", "state_name": "ASSAM", "state_lgd": 18, "population": 467, "households": 102}, "geometry": {"type": "Polygon", "coordinates": [[[95.36637, 27.547890000000002], [95.37857000000001, 27.54802], [95.37978000000001, 27.54322], [95.37179, 27.54295], [95.35990000000001, 27.540810000000004], [95.36005, 27.544150000000002], [95.35734000000001, 27.551090000000002], [95.36200000000001, 27.55149], [95.36622000000001, 27.554430000000004], [95.36607000000001, 27.551090000000002], [95.36637, 27.547890000000002]]]}}, {"id": "701", "type": "Feature", "properties": {"village_name": "Fs Rangagara Te Natungaon", "vil_lgd": 290493, "district_name": "Tinsukia", "dist_lgd": 302, "subdistrict_name": "Tinsukia", "sdcode": 2061, "block_name": "Guijan", "block_lgd": 95.0, "gp_name": "GOTONG", "state_name": "ASSAM", "state_lgd": 18, "population": 1348, "households": 258}, "geometry": {"type": "MultiPolygon", "coordinates": [[[[95.36637, 27.547890000000002], [95.36607000000001, 27.551090000000002], [95.36622000000001, 27.554430000000004], [95.36562, 27.558300000000003], [95.36306, 27.561370000000004], [95.36185, 27.566580000000002], [95.36261, 27.57072], [95.36532000000001, 27.572450000000003], [95.36911, 27.573000000000004], [95.38308, 27.57194], [95.38399000000001, 27.567380000000004], [95.38339, 27.563380000000002], [95.38188000000001, 27.56004], [95.38128, 27.557900000000004], [95.37947000000001, 27.554160000000003], [95.37857000000001, 27.54802], [95.36637, 27.547890000000002]]], [[[95.33088000000001, 27.56978], [95.33029, 27.584850000000003], [95.33371000000001, 27.584760000000003], [95.33816, 27.583450000000003], [95.34054, 27.580420000000004], [95.33881000000001, 27.579130000000003], [95.33836000000001, 27.577130000000004], [95.33504, 27.57176], [95.33088000000001, 27.56978]]]]}}, {"id": "702", "type": "Feature", "properties": {"village_name": "Wathoi Habi", "vil_lgd": 290492, "district_name": "Tinsukia", "dist_lgd": 302, "subdistrict_name": "Tinsukia", "sdcode": 2061, "block_name": "Guijan", "block_lgd": 95.0, "gp_name": "GUIJAN", "state_name": "ASSAM", "state_lgd": 18, "population": 486, "households": 91}, "geometry": {"type": "Polygon", "coordinates": [[[95.35254, 27.565360000000002], [95.35071, 27.57072], [95.34499000000001, 27.573660000000004], [95.34544000000001, 27.57552], [95.34996000000001, 27.578590000000002], [95.35372000000001, 27.5802], [95.35723, 27.580370000000002], [95.36080000000001, 27.57747], [95.36911, 27.573000000000004], [95.36532000000001, 27.572450000000003], [95.36261, 27.57072], [95.36185, 27.566580000000002], [95.35254, 27.565360000000002]]]}}, {"id": "703", "type": "Feature", "properties": {"village_name": "Wathoi Gaon", "vil_lgd": 290501, "district_name": "Tinsukia", "dist_lgd": 302, "subdistrict_name": "Tinsukia", "sdcode": 2061, "block_name": "Guijan", "block_lgd": 95.0, "gp_name": "GOTONG", "state_name": "ASSAM", "state_lgd": 18, "population": 322, "households": 63}, "geometry": {"type": "Polygon", "coordinates": [[[95.34243000000001, 27.564040000000002], [95.34062, 27.567650000000004], [95.34183, 27.57045], [95.34499000000001, 27.573660000000004], [95.35071, 27.57072], [95.35254, 27.565360000000002], [95.34243000000001, 27.564040000000002]]]}}, {"id": "704", "type": "Feature", "properties": {"village_name": "Limbuguri T E", "vil_lgd": 290500, "district_name": "Tinsukia", "dist_lgd": 302, "subdistrict_name": "Tinsukia", "sdcode": 2061, "block_name": "Guijan", "block_lgd": 95.0, "gp_name": "GULJAN", "state_name": "ASSAM", "state_lgd": 18, "population": 636, "households": 125}, "geometry": {"type": "Polygon", "coordinates": [[[95.35734000000001, 27.551090000000002], [95.34981, 27.554570000000002], [95.34137000000001, 27.556300000000004], [95.34258000000001, 27.560710000000004], [95.34243000000001, 27.564040000000002], [95.35254, 27.565360000000002], [95.36185, 27.566580000000002], [95.36306, 27.561370000000004], [95.36562, 27.558300000000003], [95.36622000000001, 27.554430000000004], [95.36200000000001, 27.55149], [95.35734000000001, 27.551090000000002]]]}}, {"id": "705", "type": "Feature", "properties": {"village_name": "Limbuguri T E Darkhasta", "vil_lgd": 290517, "district_name": "Tinsukia", "dist_lgd": 302, "subdistrict_name": "Tinsukia", "sdcode": 2061, "block_name": "Guijan", "block_lgd": 95.0, "gp_name": "GUIJAN", "state_name": "ASSAM", "state_lgd": 18, "population": 329, "households": 69}, "geometry": {"type": "Polygon", "coordinates": [[[95.35312, 27.54041], [95.34996000000001, 27.548820000000003], [95.34981, 27.554570000000002], [95.35734000000001, 27.551090000000002], [95.36005, 27.544150000000002], [95.35990000000001, 27.540810000000004], [95.35613000000001, 27.540280000000003], [95.35312, 27.54041]]]}}, {"id": "706", "type": "Feature", "properties": {"village_name": "Hugrijangt", "vil_lgd": 290640, "district_name": "Tinsukia", "dist_lgd": 302, "subdistrict_name": "Tinsukia", "sdcode": 2061, "block_name": "Itakhuli", "block_lgd": 96.0, "gp_name": "BORDUBI KONWARI PATHAR", "state_name": "ASSAM", "state_lgd": 18, "population": 147, "households": 33}, "geometry": {"type": "Polygon", "coordinates": [[[95.33170000000001, 27.39063], [95.32270000000001, 27.390210000000003], [95.32171000000001, 27.38803], [95.3203, 27.387500000000003], [95.31518000000001, 27.389380000000003], [95.31366000000001, 27.389270000000003], [95.31366000000001, 27.38867], [95.31267000000001, 27.389380000000003], [95.30904000000001, 27.389260000000004], [95.30864000000001, 27.39026], [95.31156000000001, 27.396240000000002], [95.31697000000001, 27.39532], [95.32224000000001, 27.396520000000002], [95.33080000000001, 27.39976], [95.33681000000001, 27.396300000000004], [95.33170000000001, 27.39063]]]}}, {"id": "707", "type": "Feature", "properties": {"village_name": "Konwari Pathar Block", "vil_lgd": 290649, "district_name": "Tinsukia", "dist_lgd": 302, "subdistrict_name": "Tinsukia", "sdcode": 2061, "block_name": "Itakhuli", "block_lgd": 96.0, "gp_name": "BORDUBI KONWARI", "state_name": "ASSAM", "state_lgd": 18, "population": 267, "households": 56}, "geometry": {"type": "Polygon", "coordinates": [[[95.33681000000001, 27.396300000000004], [95.33080000000001, 27.39976], [95.32616, 27.401320000000002], [95.32933000000001, 27.405330000000003], [95.33279, 27.408140000000003], [95.34406000000001, 27.40181], [95.33874, 27.39843], [95.33681000000001, 27.396300000000004]]]}}, {"id": "708", "type": "Feature", "properties": {"village_name": "Konwari Pathar Gaon", "vil_lgd": 290647, "district_name": "Tinsukia", "dist_lgd": 302, "subdistrict_name": "Tinsukia", "sdcode": 2061, "block_name": "Itakhuli", "block_lgd": 96.0, "gp_name": "BORDUBI", "state_name": "ASSAM", "state_lgd": 18, "population": 1343, "households": 297}, "geometry": {"type": "Polygon", "coordinates": [[[95.34482000000001, 27.40941], [95.34806, 27.40924], [95.34425, 27.40417], [95.34406000000001, 27.40181], [95.33279, 27.408140000000003], [95.32466000000001, 27.412150000000004], [95.33128, 27.419230000000002], [95.33384000000001, 27.422980000000003], [95.33746000000001, 27.419230000000002], [95.34228, 27.417900000000003], [95.34586, 27.41541], [95.34482000000001, 27.414130000000004], [95.34482000000001, 27.40941]]]}}, {"id": "709", "type": "Feature", "properties": {"village_name": "Hugrijan T E", "vil_lgd": 290638, "district_name": "Tinsukia", "dist_lgd": 302, "subdistrict_name": "Tinsukia", "sdcode": 2061, "block_name": "Itakhuli", "block_lgd": 96.0, "gp_name": "BORDUBI KONWARI PATHAR", "state_name": "ASSAM", "state_lgd": 18, "population": 2570, "households": 554}, "geometry": {"type": "Polygon", "coordinates": [[[95.30809, 27.39945], [95.31291, 27.400380000000002], [95.31156000000001, 27.396240000000002], [95.30864000000001, 27.39026], [95.30606, 27.391740000000002], [95.30639000000001, 27.392680000000002], [95.30494, 27.39309], [95.30520000000001, 27.396690000000003], [95.30336000000001, 27.39704], [95.30170000000001, 27.399160000000002], [95.29629000000001, 27.40152], [95.29681000000001, 27.407590000000003], [95.29552000000001, 27.415010000000002], [95.30463, 27.40079], [95.30809, 27.39945]]]}}, {"id": "710", "type": "Feature", "properties": {"village_name": "Hugrijan Gaon", "vil_lgd": 290639, "district_name": "Tinsukia", "dist_lgd": 302, "subdistrict_name": "Tinsukia", "sdcode": 2061, "block_name": "Itakhuli", "block_lgd": 96.0, "gp_name": "BORDUBI KONWARI PATHAR", "state_name": "ASSAM", "state_lgd": 18, "population": 343, "households": 66}, "geometry": {"type": "Polygon", "coordinates": [[[95.31291, 27.400380000000002], [95.31336, 27.406000000000002], [95.31577000000001, 27.40988], [95.31894000000001, 27.40988], [95.3186, 27.40079], [95.31291, 27.400380000000002]]]}}, {"id": "711", "type": "Feature", "properties": {"village_name": "Bordubi Gaon", "vil_lgd": 290643, "district_name": "Tinsukia", "dist_lgd": 302, "subdistrict_name": "Tinsukia", "sdcode": 2061, "block_name": "Itakhuli", "block_lgd": 96.0, "gp_name": "BORDUBI KONWARI PATHAR", "state_name": "ASSAM", "state_lgd": 18, "population": 1795, "households": 335}, "geometry": {"type": "Polygon", "coordinates": [[[95.3186, 27.40079], [95.31894000000001, 27.40988], [95.32119, 27.413750000000004], [95.32466000000001, 27.412150000000004], [95.33279, 27.408140000000003], [95.32933000000001, 27.405330000000003], [95.32616, 27.401320000000002], [95.3186, 27.40079]]]}}, {"id": "712", "type": "Feature", "properties": {"village_name": "Bordubi Rev Town", "vil_lgd": 290642, "district_name": "Tinsukia", "dist_lgd": 302, "subdistrict_name": "Tinsukia", "sdcode": 2061, "block_name": "Itakhuli", "block_lgd": 96.0, "gp_name": "BORDUBI KONWARI PATHAR", "state_name": "ASSAM", "state_lgd": 18, "population": 2005, "households": 405}, "geometry": {"type": "Polygon", "coordinates": [[[95.30794, 27.410010000000003], [95.30704000000001, 27.411350000000002], [95.30779000000001, 27.414150000000003], [95.31141000000001, 27.416960000000003], [95.31427000000001, 27.417230000000004], [95.32119, 27.413750000000004], [95.31894000000001, 27.40988], [95.31577000000001, 27.40988], [95.31035000000001, 27.410140000000002], [95.30794, 27.410010000000003]]]}}, {"id": "713", "type": "Feature", "properties": {"village_name": "Borbheta Bongali Gaon", "vil_lgd": 290635, "district_name": "Tinsukia", "dist_lgd": 302, "subdistrict_name": "Tinsukia", "sdcode": 2061, "block_name": "Itakhuli", "block_lgd": 96.0, "gp_name": "BAPUJI", "state_name": "ASSAM", "state_lgd": 18, "population": 962, "households": 196}, "geometry": {"type": "Polygon", "coordinates": [[[95.31397000000001, 27.418830000000003], [95.31141000000001, 27.416960000000003], [95.30779000000001, 27.414150000000003], [95.30704000000001, 27.411350000000002], [95.30794, 27.410010000000003], [95.31035000000001, 27.410140000000002], [95.31577000000001, 27.40988], [95.31336, 27.406000000000002], [95.31291, 27.400380000000002], [95.30809, 27.39945], [95.30463, 27.40079], [95.29552000000001, 27.415010000000002], [95.29312, 27.41531], [95.29227, 27.41466], [95.29341000000001, 27.414330000000003], [95.29279000000001, 27.41326], [95.29102, 27.41335], [95.29037000000001, 27.41221], [95.28934000000001, 27.41279], [95.28958, 27.410930000000004], [95.28793, 27.410660000000004], [95.28787000000001, 27.411550000000002], [95.28668, 27.410850000000003], [95.28580000000001, 27.413490000000003], [95.284, 27.41496], [95.28852, 27.41522], [95.29348, 27.416960000000003], [95.29635, 27.420040000000004], [95.30011, 27.42592], [95.30678, 27.427730000000004], [95.30854000000001, 27.427920000000004], [95.31547, 27.42939], [95.31653000000001, 27.42779], [95.31397000000001, 27.418830000000003]]]}}, {"id": "714", "type": "Feature", "properties": {"village_name": "Mohkhuli Gaon", "vil_lgd": 290636, "district_name": "Tinsukia", "dist_lgd": 302, "subdistrict_name": "Tinsukia", "sdcode": 2061, "block_name": "Itakhuli", "block_lgd": 96.0, "gp_name": "BAPUJI", "state_name": "ASSAM", "state_lgd": 18, "population": 1959, "households": 409}, "geometry": {"type": "Polygon", "coordinates": [[[95.31397000000001, 27.418830000000003], [95.31653000000001, 27.42779], [95.32044, 27.42685], [95.31999, 27.420440000000003], [95.31397000000001, 27.418830000000003]]]}}, {"id": "715", "type": "Feature", "properties": {"village_name": "Bishphutia Gaon", "vil_lgd": 290646, "district_name": "Tinsukia", "dist_lgd": 302, "subdistrict_name": "Tinsukia", "sdcode": 2061, "block_name": "Itakhuli", "block_lgd": 96.0, "gp_name": "BORDUBI", "state_name": "ASSAM", "state_lgd": 18, "population": 976, "households": 198}, "geometry": {"type": "Polygon", "coordinates": [[[95.32466000000001, 27.412150000000004], [95.32119, 27.413750000000004], [95.31427000000001, 27.417230000000004], [95.31141000000001, 27.416960000000003], [95.31397000000001, 27.418830000000003], [95.31999, 27.420440000000003], [95.32044, 27.42685], [95.32466000000001, 27.427660000000003], [95.32963000000001, 27.42846], [95.33369, 27.431400000000004], [95.33821, 27.431130000000003], [95.33722, 27.429000000000002], [95.33384000000001, 27.422980000000003], [95.33128, 27.419230000000002], [95.32466000000001, 27.412150000000004]]]}}, {"id": "716", "type": "Feature", "properties": {"village_name": "Borjan Gaon", "vil_lgd": 290648, "district_name": "Tinsukia", "dist_lgd": 302, "subdistrict_name": "Tinsukia", "sdcode": 2061, "block_name": "Itakhuli", "block_lgd": 96.0, "gp_name": "BAPUJI", "state_name": "ASSAM", "state_lgd": 18, "population": 1785, "households": 339}, "geometry": {"type": "Polygon", "coordinates": [[[95.34586, 27.41541], [95.34228, 27.417900000000003], [95.33746000000001, 27.419230000000002], [95.33384000000001, 27.422980000000003], [95.33722, 27.429000000000002], [95.34167000000001, 27.42913], [95.35222, 27.43006], [95.35448000000001, 27.43193], [95.35613000000001, 27.43193], [95.35604000000001, 27.428310000000003], [95.35205, 27.4219], [95.34729, 27.417170000000002], [95.34586, 27.41541]]]}}, {"id": "717", "type": "Feature", "properties": {"village_name": "Mohakali Te", "vil_lgd": 290652, "district_name": "Tinsukia", "dist_lgd": 302, "subdistrict_name": "Tinsukia", "sdcode": 2061, "block_name": "Itakhuli", "block_lgd": 96.0, "gp_name": "BAPUJI", "state_name": "ASSAM", "state_lgd": 18, "population": 4792, "households": 969}, "geometry": {"type": "Polygon", "coordinates": [[[95.40342000000001, 27.433670000000003], [95.40206, 27.425120000000003], [95.40015000000001, 27.42274], [95.39616000000001, 27.427130000000002], [95.38932000000001, 27.427300000000002], [95.38665, 27.424760000000003], [95.38152000000001, 27.421730000000004], [95.37658, 27.416660000000004], [95.37201, 27.416330000000002], [95.36821, 27.417170000000002], [95.36137000000001, 27.41936], [95.36289000000001, 27.424930000000003], [95.36667000000001, 27.42913], [95.37134, 27.434870000000004], [95.37134, 27.43795], [95.38128, 27.438480000000002], [95.38606000000001, 27.43748], [95.39393000000001, 27.435540000000003], [95.40011000000001, 27.435940000000002], [95.40206, 27.43795], [95.40267000000001, 27.436080000000004], [95.40342000000001, 27.433670000000003]]]}}, {"id": "718", "type": "Feature", "properties": {"village_name": "Borbheta Te", "vil_lgd": 290631, "district_name": "Tinsukia", "dist_lgd": 302, "subdistrict_name": "Tinsukia", "sdcode": 2061, "block_name": "Itakhuli", "block_lgd": 96.0, "gp_name": "BAPUJI", "state_name": "ASSAM", "state_lgd": 18, "population": 537, "households": 94}, "geometry": {"type": "Polygon", "coordinates": [[[95.36289000000001, 27.424930000000003], [95.36175000000001, 27.428480000000004], [95.36185, 27.438620000000004], [95.36381, 27.438620000000004], [95.36758, 27.443030000000004], [95.37134, 27.43795], [95.37134, 27.434870000000004], [95.36667000000001, 27.42913], [95.36289000000001, 27.424930000000003]]]}}, {"id": "719", "type": "Feature", "properties": {"village_name": "Chototingrai Te", "vil_lgd": 290632, "district_name": "Tinsukia", "dist_lgd": 302, "subdistrict_name": "Tinsukia", "sdcode": 2061, "block_name": "Itakhuli", "block_lgd": 96.0, "gp_name": "BAPUJI", "state_name": "ASSAM", "state_lgd": 18, "population": 515, "households": 51}, "geometry": {"type": "Polygon", "coordinates": [[[95.36175000000001, 27.428480000000004], [95.36003000000001, 27.429150000000003], [95.35604000000001, 27.428310000000003], [95.35613000000001, 27.43193], [95.35448000000001, 27.43193], [95.35056, 27.4338], [95.35764, 27.439680000000003], [95.36185, 27.438620000000004], [95.36175000000001, 27.428480000000004]]]}}, {"id": "720", "type": "Feature", "properties": {"village_name": "Kehang Te Darkhast", "vil_lgd": 290637, "district_name": "Tinsukia", "dist_lgd": 302, "subdistrict_name": "Tinsukia", "sdcode": 2061, "block_name": "Itakhuli", "block_lgd": 96.0, "gp_name": "ITAKHULI", "state_name": "ASSAM", "state_lgd": 18, "population": 1204, "households": 244}, "geometry": {"type": "Polygon", "coordinates": [[[95.32044, 27.42685], [95.31653000000001, 27.42779], [95.31547, 27.42939], [95.31773000000001, 27.431130000000003], [95.31939000000001, 27.432070000000003], [95.32526000000001, 27.436740000000004], [95.32797000000001, 27.43568], [95.33369, 27.431400000000004], [95.32963000000001, 27.42846], [95.32466000000001, 27.427660000000003], [95.32044, 27.42685]]]}}, {"id": "721", "type": "Feature", "properties": {"village_name": "Dewhal Te", "vil_lgd": 290585, "district_name": "Tinsukia", "dist_lgd": 302, "subdistrict_name": "Tinsukia", "sdcode": 2061, "block_name": "Itakhuli", "block_lgd": 96.0, "gp_name": "LAIPULI", "state_name": "ASSAM", "state_lgd": 18, "population": 477, "households": 97}, "geometry": {"type": "Polygon", "coordinates": [[[95.29348, 27.416960000000003], [95.29258, 27.423240000000003], [95.29303, 27.427120000000002], [95.29424, 27.428590000000003], [95.30553, 27.434070000000002], [95.30678, 27.427730000000004], [95.30011, 27.42592], [95.29635, 27.420040000000004], [95.29348, 27.416960000000003]]]}}, {"id": "722", "type": "Feature", "properties": {"village_name": "Dewhal Te", "vil_lgd": 290587, "district_name": "Tinsukia", "dist_lgd": 302, "subdistrict_name": "Tinsukia", "sdcode": 2061, "block_name": "Itakhuli", "block_lgd": 96.0, "gp_name": "", "state_name": "ASSAM", "state_lgd": 18, "population": 579, "households": 113}, "geometry": {"type": "Polygon", "coordinates": [[[95.30678, 27.427730000000004], [95.30553, 27.434070000000002], [95.30930000000001, 27.43755], [95.31427000000001, 27.436210000000003], [95.31773000000001, 27.431130000000003], [95.31547, 27.42939], [95.30854000000001, 27.427920000000004], [95.30678, 27.427730000000004]]]}}, {"id": "723", "type": "Feature", "properties": {"village_name": "Keheng T E", "vil_lgd": 290590, "district_name": "Tinsukia", "dist_lgd": 302, "subdistrict_name": "Tinsukia", "sdcode": 2061, "block_name": "Itakhuli", "block_lgd": 96.0, "gp_name": "ITAKHULI", "state_name": "ASSAM", "state_lgd": 18, "population": 1601, "households": 318}, "geometry": {"type": "Polygon", "coordinates": [[[95.31773000000001, 27.431130000000003], [95.31427000000001, 27.436210000000003], [95.30930000000001, 27.43755], [95.31005, 27.439680000000003], [95.31005, 27.441150000000004], [95.31366000000001, 27.441560000000003], [95.32044, 27.44356], [95.32812000000001, 27.443160000000002], [95.32526000000001, 27.436740000000004], [95.31939000000001, 27.432070000000003], [95.31773000000001, 27.431130000000003]]]}}, {"id": "724", "type": "Feature", "properties": {"village_name": "Keheng T E", "vil_lgd": 290591, "district_name": "Tinsukia", "dist_lgd": 302, "subdistrict_name": "Tinsukia", "sdcode": 2061, "block_name": "Itakhuli", "block_lgd": 96.0, "gp_name": "ITAKHULI", "state_name": "ASSAM", "state_lgd": 18, "population": 644, "households": 144}, "geometry": {"type": "Polygon", "coordinates": [[[95.31005, 27.441150000000004], [95.31141000000001, 27.44583], [95.31517000000001, 27.447300000000002], [95.32134, 27.4477], [95.32857000000001, 27.45051], [95.33038, 27.45211], [95.32827, 27.447170000000003], [95.32812000000001, 27.443160000000002], [95.32044, 27.44356], [95.31366000000001, 27.441560000000003], [95.31005, 27.441150000000004]]]}}, {"id": "725", "type": "Feature", "properties": {"village_name": "Hilikhaguri Goan", "vil_lgd": 290578, "district_name": "Tinsukia", "dist_lgd": 302, "subdistrict_name": "Tinsukia", "sdcode": 2061, "block_name": "Itakhuli", "block_lgd": 96.0, "gp_name": "LAIPULI", "state_name": "ASSAM", "state_lgd": 18, "population": 1186, "households": 249}, "geometry": {"type": "Polygon", "coordinates": [[[95.31141000000001, 27.44583], [95.31065000000001, 27.449440000000003], [95.31577000000001, 27.45145], [95.32631, 27.452250000000003], [95.33038, 27.45211], [95.32857000000001, 27.45051], [95.32134, 27.4477], [95.31517000000001, 27.447300000000002], [95.31141000000001, 27.44583]]]}}, {"id": "726", "type": "Feature", "properties": {"village_name": "Itakhuli T E", "vil_lgd": 290593, "district_name": "Tinsukia", "dist_lgd": 302, "subdistrict_name": "Tinsukia", "sdcode": 2061, "block_name": "Itakhuli", "block_lgd": 96.0, "gp_name": "ITAKHULI", "state_name": "ASSAM", "state_lgd": 18, "population": 1837, "households": 354}, "geometry": {"type": "Polygon", "coordinates": [[[95.32812000000001, 27.443160000000002], [95.32827, 27.447170000000003], [95.33038, 27.45211], [95.34107, 27.45332], [95.34845000000001, 27.453180000000003], [95.35056, 27.449980000000004], [95.34529, 27.44423], [95.33460000000001, 27.443690000000004], [95.32812000000001, 27.443160000000002]]]}}, {"id": "727", "type": "Feature", "properties": {"village_name": "Tingrai Habi Gaon", "vil_lgd": 290597, "district_name": "Tinsukia", "dist_lgd": 302, "subdistrict_name": "Tinsukia", "sdcode": 2061, "block_name": "Itakhuli", "block_lgd": 96.0, "gp_name": "RANGPURIA", "state_name": "ASSAM", "state_lgd": 18, "population": 5171, "households": 1094}, "geometry": {"type": "Polygon", "coordinates": [[[95.35960000000001, 27.462270000000004], [95.35568, 27.462670000000003], [95.34920000000001, 27.465080000000004], [95.35496, 27.472800000000003], [95.36641, 27.47387], [95.36030000000001, 27.46348], [95.35960000000001, 27.462270000000004]]]}}, {"id": "728", "type": "Feature", "properties": {"village_name": "Monkhoshi Te", "vil_lgd": 290651, "district_name": "Tinsukia", "dist_lgd": 302, "subdistrict_name": "Tinsukia", "sdcode": 2061, "block_name": "Itakhuli", "block_lgd": 96.0, "gp_name": "LANKASHI", "state_name": "ASSAM", "state_lgd": 18, "population": 748, "households": 134}, "geometry": {"type": "Polygon", "coordinates": [[[95.36030000000001, 27.46348], [95.36641, 27.47387], [95.38101, 27.47614], [95.38192000000001, 27.473340000000004], [95.38158000000001, 27.471490000000003], [95.37526000000001, 27.47002], [95.37526000000001, 27.46534], [95.36416000000001, 27.464650000000002], [95.36030000000001, 27.46348]]]}}, {"id": "729", "type": "Feature", "properties": {"village_name": "Bhimpara Gaon", "vil_lgd": 290603, "district_name": "Tinsukia", "dist_lgd": 302, "subdistrict_name": "Tinsukia", "sdcode": 2061, "block_name": "Itakhuli", "block_lgd": 96.0, "gp_name": "PARGPURIA", "state_name": "ASSAM", "state_lgd": 18, "population": 688, "households": 127}, "geometry": {"type": "Polygon", "coordinates": [[[95.40327, 27.467080000000003], [95.39935000000001, 27.467480000000002], [95.39284, 27.469540000000002], [95.38761000000001, 27.46805], [95.38158000000001, 27.471490000000003], [95.38192000000001, 27.473340000000004], [95.39472, 27.473340000000004], [95.40044, 27.473470000000002], [95.40327, 27.467080000000003]]]}}, {"id": "730", "type": "Feature", "properties": {"village_name": "Khetopathar Gaon", "vil_lgd": 290630, "district_name": "Tinsukia", "dist_lgd": 302, "subdistrict_name": "Tinsukia", "sdcode": 2061, "block_name": "Itakhuli", "block_lgd": 96.0, "gp_name": "BAPUJI", "state_name": "ASSAM", "state_lgd": 18, "population": 896, "households": 181}, "geometry": {"type": "Polygon", "coordinates": [[[95.38606000000001, 27.43748], [95.38128, 27.438480000000002], [95.37134, 27.43795], [95.36758, 27.443030000000004], [95.36637, 27.4461], [95.37014, 27.44583], [95.37543000000001, 27.445570000000004], [95.37962, 27.445570000000004], [95.38369, 27.446900000000003], [95.38606000000001, 27.43748]]]}}, {"id": "731", "type": "Feature", "properties": {"village_name": "Khetojan", "vil_lgd": 290628, "district_name": "Tinsukia", "dist_lgd": 302, "subdistrict_name": "Tinsukia", "sdcode": 2061, "block_name": "Itakhuli", "block_lgd": 96.0, "gp_name": "KASHAMARI", "state_name": "ASSAM", "state_lgd": 18, "population": 936, "households": 159}, "geometry": {"type": "Polygon", "coordinates": [[[95.39995, 27.44677], [95.39785, 27.444360000000003], [95.39288, 27.443430000000003], [95.38851000000001, 27.44423], [95.38369, 27.446900000000003], [95.38731000000001, 27.45013], [95.38850000000001, 27.453950000000003], [95.39028, 27.4525], [95.39474000000001, 27.453030000000002], [95.39801000000001, 27.454610000000002], [95.39831000000001, 27.452630000000003], [95.39995, 27.44677]]]}}, {"id": "732", "type": "Feature", "properties": {"village_name": "Luhari Bongali Gaon", "vil_lgd": 290607, "district_name": "Tinsukia", "dist_lgd": 302, "subdistrict_name": "Tinsukia", "sdcode": 2061, "block_name": "Itakhuli", "block_lgd": 96.0, "gp_name": "RANGPUTRA G.P.", "state_name": "ASSAM", "state_lgd": 18, "population": 1162, "households": 232}, "geometry": {"type": "Polygon", "coordinates": [[[95.39028, 27.4525], [95.38850000000001, 27.453950000000003], [95.39044000000001, 27.45867], [95.39718, 27.45904], [95.39801000000001, 27.454610000000002], [95.39474000000001, 27.453030000000002], [95.39028, 27.4525]]]}}, {"id": "733", "type": "Feature", "properties": {"village_name": "Itakhuli Te", "vil_lgd": 290598, "district_name": "Tinsukia", "dist_lgd": 302, "subdistrict_name": "Tinsukia", "sdcode": 2061, "block_name": "Itakhuli", "block_lgd": 96.0, "gp_name": "RANGPURIA", "state_name": "ASSAM", "state_lgd": 18, "population": 374, "households": 88}, "geometry": {"type": "Polygon", "coordinates": [[[95.37543000000001, 27.455930000000002], [95.37528, 27.45698], [95.37255, 27.459730000000004], [95.37526000000001, 27.46534], [95.37526000000001, 27.47002], [95.38158000000001, 27.471490000000003], [95.38761000000001, 27.46805], [95.39212, 27.465480000000003], [95.39044000000001, 27.45867], [95.37989, 27.456460000000003], [95.37543000000001, 27.455930000000002]]]}}, {"id": "734", "type": "Feature", "properties": {"village_name": "Patia Pathar Gaon", "vil_lgd": 290601, "district_name": "Tinsukia", "dist_lgd": 302, "subdistrict_name": "Tinsukia", "sdcode": 2061, "block_name": "Itakhuli", "block_lgd": 96.0, "gp_name": "RANGPURIA G.P.", "state_name": "ASSAM", "state_lgd": 18, "population": 458, "households": 81}, "geometry": {"type": "Polygon", "coordinates": [[[95.37543000000001, 27.445570000000004], [95.37543000000001, 27.455930000000002], [95.37989, 27.456460000000003], [95.39044000000001, 27.45867], [95.38850000000001, 27.453950000000003], [95.38731000000001, 27.45013], [95.38369, 27.446900000000003], [95.37962, 27.445570000000004], [95.37543000000001, 27.445570000000004]]]}}, {"id": "735", "type": "Feature", "properties": {"village_name": "Hebeda Bongali Gaon", "vil_lgd": 290608, "district_name": "Tinsukia", "dist_lgd": 302, "subdistrict_name": "Tinsukia", "sdcode": 2061, "block_name": "Itakhuli", "block_lgd": 96.0, "gp_name": "TENGAPANI G.P.", "state_name": "ASSAM", "state_lgd": 18, "population": 382, "households": 56}, "geometry": {"type": "Polygon", "coordinates": [[[95.36637, 27.4461], [95.36414, 27.44657], [95.36978, 27.453030000000002], [95.36993000000001, 27.45698], [95.37119000000001, 27.459730000000004], [95.37255, 27.459730000000004], [95.37528, 27.45698], [95.37543000000001, 27.455930000000002], [95.37543000000001, 27.445570000000004], [95.37014, 27.44583], [95.36637, 27.4461]]]}}, {"id": "736", "type": "Feature", "properties": {"village_name": "Hebeda Te", "vil_lgd": 290609, "district_name": "Tinsukia", "dist_lgd": 302, "subdistrict_name": "Tinsukia", "sdcode": 2061, "block_name": "Itakhuli", "block_lgd": 96.0, "gp_name": "TENGAPANI G.P.", "state_name": "ASSAM", "state_lgd": 18, "population": 505, "households": 89}, "geometry": {"type": "Polygon", "coordinates": [[[95.35652, 27.446640000000002], [95.36414, 27.44657], [95.36637, 27.4461], [95.36758, 27.443030000000004], [95.36381, 27.438620000000004], [95.36185, 27.438620000000004], [95.35764, 27.439680000000003], [95.35488000000001, 27.441760000000002], [95.34995, 27.44224], [95.34529, 27.44423], [95.35056, 27.449980000000004], [95.35652, 27.446640000000002]]]}}, {"id": "737", "type": "Feature", "properties": {"village_name": "Dhekiajuri Bongali Gaon", "vil_lgd": 290599, "district_name": "Tinsukia", "dist_lgd": 302, "subdistrict_name": "Tinsukia", "sdcode": 2061, "block_name": "Itakhuli", "block_lgd": 96.0, "gp_name": "RANGPURIA", "state_name": "ASSAM", "state_lgd": 18, "population": 3387, "households": 732}, "geometry": {"type": "Polygon", "coordinates": [[[95.35652, 27.446640000000002], [95.35056, 27.449980000000004], [95.3528, 27.452830000000002], [95.35934, 27.454810000000002], [95.36420000000001, 27.461470000000002], [95.37119000000001, 27.459730000000004], [95.36993000000001, 27.45698], [95.36978, 27.453030000000002], [95.36414, 27.44657], [95.35652, 27.446640000000002]]]}}, {"id": "738", "type": "Feature", "properties": {"village_name": "Itakhuli T E", "vil_lgd": 290594, "district_name": "Tinsukia", "dist_lgd": 302, "subdistrict_name": "Tinsukia", "sdcode": 2061, "block_name": "Itakhuli", "block_lgd": 96.0, "gp_name": "ITAKHULI", "state_name": "ASSAM", "state_lgd": 18, "population": 388, "households": 83}, "geometry": {"type": "Polygon", "coordinates": [[[95.33369, 27.431400000000004], [95.32797000000001, 27.43568], [95.32526000000001, 27.436740000000004], [95.32812000000001, 27.443160000000002], [95.33460000000001, 27.443690000000004], [95.34529, 27.44423], [95.34345, 27.438200000000002], [95.34181000000001, 27.43701], [95.33821, 27.431130000000003], [95.33369, 27.431400000000004]]]}}, {"id": "739", "type": "Feature", "properties": {"village_name": "Limbuguri T E", "vil_lgd": 290499, "district_name": "Tinsukia", "dist_lgd": 302, "subdistrict_name": "Tinsukia", "sdcode": 2061, "block_name": "Guijan", "block_lgd": 95.0, "gp_name": "GUIJAN", "state_name": "ASSAM", "state_lgd": 18, "population": 0, "households": 0}, "geometry": {"type": "Polygon", "coordinates": [[[95.35869000000001, 27.53], [95.35628000000001, 27.535200000000003], [95.35613000000001, 27.540280000000003], [95.35990000000001, 27.540810000000004], [95.37179, 27.54295], [95.37978000000001, 27.54322], [95.38143000000001, 27.542150000000003], [95.37631, 27.536410000000004], [95.37375, 27.53133], [95.36592, 27.52973], [95.36155000000001, 27.529860000000003], [95.35869000000001, 27.53]]]}}, {"id": "740", "type": "Feature", "properties": {"village_name": "Borbheta Kuhiyar Bari", "vil_lgd": 290634, "district_name": "Tinsukia", "dist_lgd": 302, "subdistrict_name": "Tinsukia", "sdcode": 2061, "block_name": "Itakhuli", "block_lgd": 96.0, "gp_name": "BAPUJI", "state_name": "ASSAM", "state_lgd": 18, "population": 344, "households": 67}, "geometry": {"type": "Polygon", "coordinates": [[[95.33722, 27.429000000000002], [95.33821, 27.431130000000003], [95.34181000000001, 27.43701], [95.34345, 27.438200000000002], [95.35056, 27.4338], [95.35448000000001, 27.43193], [95.35222, 27.43006], [95.34167000000001, 27.42913], [95.33722, 27.429000000000002]]]}}, {"id": "741", "type": "Feature", "properties": {"village_name": "Kakajan Gaon", "vil_lgd": 290645, "district_name": "Tinsukia", "dist_lgd": 302, "subdistrict_name": "Tinsukia", "sdcode": 2061, "block_name": "Itakhuli", "block_lgd": 96.0, "gp_name": "", "state_name": "ASSAM", "state_lgd": 18, "population": 2509, "households": 570}, "geometry": {"type": "Polygon", "coordinates": [[[95.35056, 27.449980000000004], [95.34845000000001, 27.453180000000003], [95.34408, 27.4628], [95.34920000000001, 27.465080000000004], [95.35568, 27.462670000000003], [95.35960000000001, 27.462270000000004], [95.36420000000001, 27.461470000000002], [95.35934, 27.454810000000002], [95.3528, 27.452830000000002], [95.35056, 27.449980000000004]]]}}, {"id": "742", "type": "Feature", "properties": {"village_name": "Dewhal Te", "vil_lgd": 290584, "district_name": "Tinsukia", "dist_lgd": 302, "subdistrict_name": "Tinsukia", "sdcode": 2061, "block_name": "Itakhuli", "block_lgd": 96.0, "gp_name": "LAIPULI", "state_name": "ASSAM", "state_lgd": 18, "population": 1368, "households": 277}, "geometry": {"type": "Polygon", "coordinates": [[[95.27467000000001, 27.411590000000004], [95.27152000000001, 27.41204], [95.26906000000001, 27.409620000000004], [95.26761, 27.41036], [95.26792, 27.408250000000002], [95.26633000000001, 27.407960000000003], [95.26748, 27.40697], [95.26434, 27.405980000000003], [95.26280000000001, 27.40689], [95.26157, 27.40576], [95.26067, 27.406830000000003], [95.25736, 27.40716], [95.25693000000001, 27.407700000000002], [95.25839, 27.408690000000004], [95.25814000000001, 27.40921], [95.26006000000001, 27.41944], [95.27316, 27.423450000000003], [95.27346000000001, 27.417440000000003], [95.27467000000001, 27.411590000000004]]]}}, {"id": "743", "type": "Feature", "properties": {"village_name": "Maut Ghat Gaon", "vil_lgd": 290583, "district_name": "Tinsukia", "dist_lgd": 302, "subdistrict_name": "Tinsukia", "sdcode": 2061, "block_name": "Itakhuli", "block_lgd": 96.0, "gp_name": "LAIPULI", "state_name": "ASSAM", "state_lgd": 18, "population": 834, "households": 174}, "geometry": {"type": "Polygon", "coordinates": [[[95.25814000000001, 27.40921], [95.25647000000001, 27.409060000000004], [95.25529, 27.40764], [95.25589000000001, 27.406850000000002], [95.25316000000001, 27.407690000000002], [95.25452000000001, 27.406150000000004], [95.25300000000001, 27.40501], [95.25377, 27.403550000000003], [95.25211, 27.403630000000003], [95.25213000000001, 27.405020000000004], [95.25074000000001, 27.40555], [95.24967000000001, 27.40434], [95.24833000000001, 27.404510000000002], [95.24371000000001, 27.41542], [95.24417000000001, 27.422250000000002], [95.25238, 27.422120000000003], [95.25930000000001, 27.423050000000003], [95.26006000000001, 27.41944], [95.25814000000001, 27.40921]]]}}, {"id": "744", "type": "Feature", "properties": {"village_name": "Matie Khana Gaon", "vil_lgd": 290582, "district_name": "Tinsukia", "dist_lgd": 302, "subdistrict_name": "Tinsukia", "sdcode": 2061, "block_name": "Itakhuli", "block_lgd": 96.0, "gp_name": "LAIPULI", "state_name": "ASSAM", "state_lgd": 18, "population": 2245, "households": 458}, "geometry": {"type": "Polygon", "coordinates": [[[95.25554000000001, 27.44029], [95.26186000000001, 27.441100000000002], [95.26578, 27.440960000000004], [95.26985, 27.43842], [95.27286000000001, 27.43775], [95.27286000000001, 27.43361], [95.27316, 27.423450000000003], [95.26006000000001, 27.41944], [95.25930000000001, 27.423050000000003], [95.25238, 27.422120000000003], [95.24417000000001, 27.422250000000002], [95.24503000000001, 27.42584], [95.24681000000001, 27.42901], [95.25174000000001, 27.434300000000004], [95.23979000000001, 27.43503], [95.22881000000001, 27.437530000000002], [95.23762, 27.444570000000002], [95.24123, 27.445510000000002], [95.2459, 27.4447], [95.25554000000001, 27.44029]]]}}, {"id": "745", "type": "Feature", "properties": {"village_name": "Balijan Gaon", "vil_lgd": 290570, "district_name": "Tinsukia", "dist_lgd": 302, "subdistrict_name": "Tinsukia", "sdcode": 2061, "block_name": "Guijan", "block_lgd": 95.0, "gp_name": "", "state_name": "ASSAM", "state_lgd": 18, "population": 1958, "households": 408}, "geometry": {"type": "Polygon", "coordinates": [[[95.24334, 27.465950000000003], [95.24229000000001, 27.45914], [95.24711, 27.455930000000002], [95.25162, 27.455260000000003], [95.26186000000001, 27.4554], [95.26367, 27.45446], [95.26186000000001, 27.441100000000002], [95.25554000000001, 27.44029], [95.2459, 27.4447], [95.24123, 27.445510000000002], [95.23762, 27.444570000000002], [95.22881000000001, 27.437530000000002], [95.22278000000001, 27.440440000000002], [95.22004000000001, 27.443160000000002], [95.21978000000001, 27.45475], [95.21715, 27.459450000000004], [95.22358000000001, 27.467560000000002], [95.2258, 27.474400000000003], [95.23792, 27.47277], [95.245, 27.468890000000002], [95.24334, 27.465950000000003]]]}}, {"id": "746", "type": "Feature", "properties": {"village_name": "Gandhiya Naharani Gaon", "vil_lgd": 290569, "district_name": "Tinsukia", "dist_lgd": 302, "subdistrict_name": "Tinsukia", "sdcode": 2061, "block_name": "Guijan", "block_lgd": 95.0, "gp_name": "BORFUAHULLA", "state_name": "ASSAM", "state_lgd": 18, "population": 1591, "households": 327}, "geometry": {"type": "Polygon", "coordinates": [[[95.245, 27.468890000000002], [95.23792, 27.47277], [95.2258, 27.474400000000003], [95.22756000000001, 27.486310000000003], [95.25177000000001, 27.485860000000002], [95.24756000000001, 27.479450000000003], [95.245, 27.468890000000002]]]}}, {"id": "747", "type": "Feature", "properties": {"village_name": "Panitola Te", "vil_lgd": 290568, "district_name": "Tinsukia", "dist_lgd": 302, "subdistrict_name": "Tinsukia", "sdcode": 2061, "block_name": "Guijan", "block_lgd": 95.0, "gp_name": "PANITOLA", "state_name": "ASSAM", "state_lgd": 18, "population": 1752, "households": 377}, "geometry": {"type": "Polygon", "coordinates": [[[95.25177000000001, 27.485860000000002], [95.22756000000001, 27.486310000000003], [95.22807, 27.49378], [95.24786, 27.49294], [95.25584, 27.49388], [95.25373, 27.488400000000002], [95.25177000000001, 27.485860000000002]]]}}, {"id": "748", "type": "Feature", "properties": {"village_name": "Kajikhowa Gaon", "vil_lgd": 290567, "district_name": "Tinsukia", "dist_lgd": 302, "subdistrict_name": "Tinsukia", "sdcode": 2061, "block_name": "Guijan", "block_lgd": 95.0, "gp_name": "BHEOULLA", "state_name": "ASSAM", "state_lgd": 18, "population": 306, "households": 77}, "geometry": {"type": "Polygon", "coordinates": [[[95.25584, 27.49388], [95.24786, 27.49294], [95.22807, 27.49378], [95.22901, 27.49886], [95.25407000000001, 27.506560000000004], [95.2573, 27.506960000000003], [95.25674000000001, 27.50109], [95.25584, 27.49388]]]}}, {"id": "749", "type": "Feature", "properties": {"village_name": "Deohal Te", "vil_lgd": 290586, "district_name": "Tinsukia", "dist_lgd": 302, "subdistrict_name": "Tinsukia", "sdcode": 2061, "block_name": "Itakhuli", "block_lgd": 96.0, "gp_name": "LAIPULI", "state_name": "ASSAM", "state_lgd": 18, "population": 2142, "households": 443}, "geometry": {"type": "Polygon", "coordinates": [[[95.29303, 27.427120000000002], [95.29258, 27.423240000000003], [95.29348, 27.416960000000003], [95.28852, 27.41522], [95.284, 27.41496], [95.28580000000001, 27.413490000000003], [95.28668, 27.410850000000003], [95.28514000000001, 27.41157], [95.28409, 27.410590000000003], [95.28364, 27.41137], [95.28277000000001, 27.410750000000004], [95.28321000000001, 27.409440000000004], [95.28201000000001, 27.41015], [95.27811000000001, 27.40885], [95.27807000000001, 27.40961], [95.27608000000001, 27.409360000000003], [95.27608000000001, 27.412490000000002], [95.27467000000001, 27.411590000000004], [95.27346000000001, 27.417440000000003], [95.27316, 27.423450000000003], [95.27286000000001, 27.43361], [95.28054, 27.432810000000003], [95.28536000000001, 27.433080000000004], [95.29319000000001, 27.435620000000004], [95.29424, 27.428590000000003], [95.29303, 27.427120000000002]]]}}, {"id": "750", "type": "Feature", "properties": {"village_name": "Dewhal T E", "vil_lgd": 290589, "district_name": "Tinsukia", "dist_lgd": 302, "subdistrict_name": "Tinsukia", "sdcode": 2061, "block_name": "Itakhuli", "block_lgd": 96.0, "gp_name": "", "state_name": "ASSAM", "state_lgd": 18, "population": 1069, "households": 235}, "geometry": {"type": "Polygon", "coordinates": [[[95.27286000000001, 27.43361], [95.27286000000001, 27.43775], [95.28144, 27.43936], [95.29183, 27.43963], [95.29319000000001, 27.435620000000004], [95.28536000000001, 27.433080000000004], [95.28054, 27.432810000000003], [95.27286000000001, 27.43361]]]}}, {"id": "751", "type": "Feature", "properties": {"village_name": "Dhoria Raitak Gaon", "vil_lgd": 290581, "district_name": "Tinsukia", "dist_lgd": 302, "subdistrict_name": "Tinsukia", "sdcode": 2061, "block_name": "Itakhuli", "block_lgd": 96.0, "gp_name": "LAIPULI", "state_name": "ASSAM", "state_lgd": 18, "population": 2073, "households": 418}, "geometry": {"type": "Polygon", "coordinates": [[[95.29063000000001, 27.449520000000003], [95.29163000000001, 27.441090000000003], [95.29183, 27.43963], [95.28144, 27.43936], [95.27286000000001, 27.43775], [95.26985, 27.43842], [95.26578, 27.440960000000004], [95.26186000000001, 27.441100000000002], [95.26367, 27.45446], [95.2663, 27.45397], [95.27918000000001, 27.453120000000002], [95.2843, 27.45379], [95.28957000000001, 27.45446], [95.29063000000001, 27.449520000000003]]]}}, {"id": "752", "type": "Feature", "properties": {"village_name": "Baruahula Gaon", "vil_lgd": 290571, "district_name": "Tinsukia", "dist_lgd": 302, "subdistrict_name": "Tinsukia", "sdcode": 2061, "block_name": "Guijan", "block_lgd": 95.0, "gp_name": "BONIAHULLA", "state_name": "ASSAM", "state_lgd": 18, "population": 1891, "households": 383}, "geometry": {"type": "Polygon", "coordinates": [[[95.26277, 27.467820000000003], [95.26744000000001, 27.46769], [95.2663, 27.45397], [95.26367, 27.45446], [95.26186000000001, 27.4554], [95.25162, 27.455260000000003], [95.24711, 27.455930000000002], [95.24229000000001, 27.45914], [95.24334, 27.465950000000003], [95.245, 27.468890000000002], [95.25027000000001, 27.46836], [95.25298000000001, 27.47023], [95.25644000000001, 27.469430000000003], [95.26277, 27.467820000000003]]]}}, {"id": "753", "type": "Feature", "properties": {"village_name": "Ketanghabi Gaon", "vil_lgd": 290676, "district_name": "Tinsukia", "dist_lgd": 302, "subdistrict_name": "Tinsukia", "sdcode": 2061, "block_name": "Itakhuli", "block_lgd": 96.0, "gp_name": "BONIAHULA", "state_name": "ASSAM", "state_lgd": 18, "population": 108, "households": 24}, "geometry": {"type": "Polygon", "coordinates": [[[95.28129000000001, 27.46488], [95.28189, 27.462750000000003], [95.28039000000001, 27.458340000000003], [95.28114000000001, 27.456460000000003], [95.2843, 27.45379], [95.27918000000001, 27.453120000000002], [95.2663, 27.45397], [95.26744000000001, 27.46769], [95.27075, 27.467560000000002], [95.27753000000001, 27.465280000000003], [95.28129000000001, 27.46488]]]}}, {"id": "754", "type": "Feature", "properties": {"village_name": "Panimodi Habi Gaon", "vil_lgd": 290573, "district_name": "Tinsukia", "dist_lgd": 302, "subdistrict_name": "Tinsukia", "sdcode": 2061, "block_name": "Guijan", "block_lgd": 95.0, "gp_name": "BONIAHULLA", "state_name": "ASSAM", "state_lgd": 18, "population": 130, "households": 29}, "geometry": {"type": "Polygon", "coordinates": [[[95.26352000000001, 27.47905], [95.26744000000001, 27.478780000000004], [95.27301000000001, 27.475310000000004], [95.27542000000001, 27.4721], [95.28024, 27.470360000000003], [95.28144, 27.46742], [95.28129000000001, 27.46488], [95.27753000000001, 27.465280000000003], [95.27075, 27.467560000000002], [95.26744000000001, 27.46769], [95.26277, 27.467820000000003], [95.25644000000001, 27.469430000000003], [95.25298000000001, 27.47023], [95.25945, 27.480380000000004], [95.26352000000001, 27.47905]]]}}, {"id": "755", "type": "Feature", "properties": {"village_name": "Betioni Gaon", "vil_lgd": 290572, "district_name": "Tinsukia", "dist_lgd": 302, "subdistrict_name": "Tinsukia", "sdcode": 2061, "block_name": "Guijan", "block_lgd": 95.0, "gp_name": "BHARHULLA", "state_name": "ASSAM", "state_lgd": 18, "population": 476, "households": 98}, "geometry": {"type": "Polygon", "coordinates": [[[95.245, 27.468890000000002], [95.24756000000001, 27.479450000000003], [95.25177000000001, 27.485860000000002], [95.25373, 27.488400000000002], [95.26021, 27.485730000000004], [95.26051000000001, 27.48412], [95.25945, 27.480380000000004], [95.25298000000001, 27.47023], [95.25027000000001, 27.46836], [95.245, 27.468890000000002]]]}}, {"id": "756", "type": "Feature", "properties": {"village_name": "Gaharipam Gaon", "vil_lgd": 290563, "district_name": "Tinsukia", "dist_lgd": 302, "subdistrict_name": "Tinsukia", "sdcode": 2061, "block_name": "Guijan", "block_lgd": 95.0, "gp_name": "DIMORUGURI", "state_name": "ASSAM", "state_lgd": 18, "population": 1498, "households": 303}, "geometry": {"type": "Polygon", "coordinates": [[[95.29499000000001, 27.46168], [95.29319000000001, 27.460610000000003], [95.28656000000001, 27.463810000000002], [95.28129000000001, 27.46488], [95.28144, 27.46742], [95.28024, 27.470360000000003], [95.28054, 27.475310000000004], [95.28114000000001, 27.481450000000002], [95.28837000000001, 27.480110000000003], [95.28822000000001, 27.473430000000004], [95.28912000000001, 27.471030000000003], [95.29228, 27.46862], [95.29499000000001, 27.464620000000004], [95.29499000000001, 27.46168]]]}}, {"id": "757", "type": "Feature", "properties": {"village_name": "Kharikatia Gaon", "vil_lgd": 290580, "district_name": "Tinsukia", "dist_lgd": 302, "subdistrict_name": "Tinsukia", "sdcode": 2061, "block_name": "Itakhuli", "block_lgd": 96.0, "gp_name": "LAIPULI", "state_name": "ASSAM", "state_lgd": 18, "population": 424, "households": 93}, "geometry": {"type": "Polygon", "coordinates": [[[95.29469, 27.44056], [95.29163000000001, 27.441090000000003], [95.29063000000001, 27.449520000000003], [95.29439, 27.449920000000002], [95.29876, 27.449520000000003], [95.29891, 27.443640000000002], [95.29755, 27.441630000000004], [95.29469, 27.44056]]]}}, {"id": "758", "type": "Feature", "properties": {"village_name": "Dewhal T E", "vil_lgd": 290588, "district_name": "Tinsukia", "dist_lgd": 302, "subdistrict_name": "Tinsukia", "sdcode": 2061, "block_name": "Itakhuli", "block_lgd": 96.0, "gp_name": "", "state_name": "ASSAM", "state_lgd": 18, "population": 513, "households": 126}, "geometry": {"type": "Polygon", "coordinates": [[[95.30930000000001, 27.43755], [95.30553, 27.434070000000002], [95.29424, 27.428590000000003], [95.29319000000001, 27.435620000000004], [95.29183, 27.43963], [95.29163000000001, 27.441090000000003], [95.29469, 27.44056], [95.29755, 27.441630000000004], [95.30207000000001, 27.44243], [95.31141000000001, 27.44583], [95.31005, 27.441150000000004], [95.31005, 27.439680000000003], [95.30930000000001, 27.43755]]]}}, {"id": "759", "type": "Feature", "properties": {"village_name": "Bambari Gaon", "vil_lgd": 290579, "district_name": "Tinsukia", "dist_lgd": 302, "subdistrict_name": "Tinsukia", "sdcode": 2061, "block_name": "Itakhuli", "block_lgd": 96.0, "gp_name": "LAIPULI", "state_name": "ASSAM", "state_lgd": 18, "population": 390, "households": 88}, "geometry": {"type": "Polygon", "coordinates": [[[95.29755, 27.441630000000004], [95.29891, 27.443640000000002], [95.29876, 27.449520000000003], [95.31020000000001, 27.450850000000003], [95.31065000000001, 27.449440000000003], [95.31141000000001, 27.44583], [95.30207000000001, 27.44243], [95.29755, 27.441630000000004]]]}}, {"id": "760", "type": "Feature", "properties": {"village_name": "Dhariya Gaon", "vil_lgd": 290576, "district_name": "Tinsukia", "dist_lgd": 302, "subdistrict_name": "Tinsukia", "sdcode": 2061, "block_name": "Guijan", "block_lgd": 95.0, "gp_name": "BOMAHULLA", "state_name": "ASSAM", "state_lgd": 18, "population": 592, "households": 124}, "geometry": {"type": "Polygon", "coordinates": [[[95.29063000000001, 27.449520000000003], [95.28957000000001, 27.45446], [95.29304, 27.455800000000004], [95.30915, 27.4582], [95.31020000000001, 27.450850000000003], [95.29876, 27.449520000000003], [95.29439, 27.449920000000002], [95.29063000000001, 27.449520000000003]]]}}, {"id": "761", "type": "Feature", "properties": {"village_name": "Kukurekhowa Gaon", "vil_lgd": 290560, "district_name": "Tinsukia", "dist_lgd": 302, "subdistrict_name": "Tinsukia", "sdcode": 2061, "block_name": "Guijan", "block_lgd": 95.0, "gp_name": "DIMORUGURI", "state_name": "ASSAM", "state_lgd": 18, "population": 513, "households": 102}, "geometry": {"type": "Polygon", "coordinates": [[[95.30915, 27.4582], [95.29304, 27.455800000000004], [95.28957000000001, 27.45446], [95.2843, 27.45379], [95.28114000000001, 27.456460000000003], [95.28039000000001, 27.458340000000003], [95.28189, 27.462750000000003], [95.28129000000001, 27.46488], [95.28656000000001, 27.463810000000002], [95.29319000000001, 27.460610000000003], [95.29499000000001, 27.46168], [95.29499000000001, 27.464620000000004], [95.29966, 27.464750000000002], [95.30252, 27.468890000000002], [95.30554000000001, 27.47023], [95.30885, 27.470360000000003], [95.30964, 27.462740000000004], [95.30915, 27.4582]]]}}, {"id": "762", "type": "Feature", "properties": {"village_name": "Jhinga Gaon", "vil_lgd": 290596, "district_name": "Tinsukia", "dist_lgd": 302, "subdistrict_name": "Tinsukia", "sdcode": 2061, "block_name": "Itakhuli", "block_lgd": 96.0, "gp_name": "ITAKHOLI", "state_name": "ASSAM", "state_lgd": 18, "population": 1370, "households": 290}, "geometry": {"type": "Polygon", "coordinates": [[[95.34920000000001, 27.465080000000004], [95.34408, 27.4628], [95.34845000000001, 27.453180000000003], [95.34107, 27.45332], [95.33038, 27.45211], [95.33144000000001, 27.458340000000003], [95.33279, 27.461280000000002], [95.33520000000001, 27.46301], [95.33806000000001, 27.466220000000003], [95.34017000000001, 27.468090000000004], [95.34469000000001, 27.46796], [95.34577, 27.47013], [95.34924000000001, 27.470530000000004], [95.35496, 27.472800000000003], [95.34920000000001, 27.465080000000004]]]}}, {"id": "763", "type": "Feature", "properties": {"village_name": "Kadomoni Gaon", "vil_lgd": 290575, "district_name": "Tinsukia", "dist_lgd": 302, "subdistrict_name": "Tinsukia", "sdcode": 2061, "block_name": "Guijan", "block_lgd": 95.0, "gp_name": "DIMORE GURI", "state_name": "ASSAM", "state_lgd": 18, "population": 2138, "households": 449}, "geometry": {"type": "Polygon", "coordinates": [[[95.33520000000001, 27.46301], [95.33084000000001, 27.46769], [95.33249, 27.471560000000004], [95.33581000000001, 27.472500000000004], [95.33882000000001, 27.47143], [95.34017000000001, 27.468090000000004], [95.33806000000001, 27.466220000000003], [95.33520000000001, 27.46301]]]}}, {"id": "764", "type": "Feature", "properties": {"village_name": "Luhari Nepali Gaon", "vil_lgd": 290606, "district_name": "Tinsukia", "dist_lgd": 302, "subdistrict_name": "Tinsukia", "sdcode": 2061, "block_name": "Itakhuli", "block_lgd": 96.0, "gp_name": "RANGPURIA", "state_name": "ASSAM", "state_lgd": 18, "population": 1050, "households": 201}, "geometry": {"type": "MultiPolygon", "coordinates": [[[[95.34577, 27.47013], [95.34469000000001, 27.46796], [95.34017000000001, 27.468090000000004], [95.33882000000001, 27.47143], [95.33581000000001, 27.472500000000004], [95.33249, 27.471560000000004], [95.33084000000001, 27.46769], [95.33520000000001, 27.46301], [95.33279, 27.461280000000002], [95.32572, 27.459670000000003], [95.32587000000001, 27.464750000000002], [95.32573000000001, 27.472500000000004], [95.33214000000001, 27.47351], [95.33500000000001, 27.478070000000002], [95.33528000000001, 27.480980000000002], [95.33785, 27.48148], [95.34577, 27.483890000000002], [95.34803000000001, 27.478420000000003], [95.34758000000001, 27.47387], [95.34623, 27.47294], [95.34577, 27.47013]]], [[[95.40628000000001, 27.46347], [95.40402, 27.46374], [95.40327, 27.467080000000003], [95.40044, 27.473470000000002], [95.40546, 27.474580000000003], [95.40571000000001, 27.47294], [95.40872, 27.469060000000002], [95.41083, 27.46759], [95.41053000000001, 27.46599], [95.40628000000001, 27.46347]]]]}}, {"id": "765", "type": "Feature", "properties": {"village_name": "Dahutia Gaon", "vil_lgd": 290577, "district_name": "Tinsukia", "dist_lgd": 302, "subdistrict_name": "Tinsukia", "sdcode": 2061, "block_name": "Itakhuli", "block_lgd": 96.0, "gp_name": "LAIPULI", "state_name": "ASSAM", "state_lgd": 18, "population": 279, "households": 60}, "geometry": {"type": "Polygon", "coordinates": [[[95.31065000000001, 27.449440000000003], [95.31020000000001, 27.450850000000003], [95.30915, 27.4582], [95.31517000000001, 27.4586], [95.32572, 27.459670000000003], [95.32631, 27.452250000000003], [95.31577000000001, 27.45145], [95.31065000000001, 27.449440000000003]]]}}, {"id": "766", "type": "Feature", "properties": {"village_name": "Changmai Gaon", "vil_lgd": 290574, "district_name": "Tinsukia", "dist_lgd": 302, "subdistrict_name": "Tinsukia", "sdcode": 2061, "block_name": "Guijan", "block_lgd": 95.0, "gp_name": "DIMORUGURI", "state_name": "ASSAM", "state_lgd": 18, "population": 310, "households": 72}, "geometry": {"type": "Polygon", "coordinates": [[[95.30915, 27.4582], [95.30964, 27.462740000000004], [95.32587000000001, 27.464750000000002], [95.32572, 27.459670000000003], [95.31517000000001, 27.4586], [95.30915, 27.4582]]]}}, {"id": "767", "type": "Feature", "properties": {"village_name": "Dhekiajuri Gaon", "vil_lgd": 290559, "district_name": "Tinsukia", "dist_lgd": 302, "subdistrict_name": "Tinsukia", "sdcode": 2061, "block_name": "Guijan", "block_lgd": 95.0, "gp_name": "DIMORUGURI", "state_name": "ASSAM", "state_lgd": 18, "population": 373, "households": 83}, "geometry": {"type": "Polygon", "coordinates": [[[95.32587000000001, 27.464750000000002], [95.30964, 27.462740000000004], [95.30885, 27.470360000000003], [95.31075000000001, 27.4706], [95.31503000000001, 27.470100000000002], [95.32002000000001, 27.4706], [95.32573000000001, 27.472500000000004], [95.32587000000001, 27.464750000000002]]]}}, {"id": "768", "type": "Feature", "properties": {"village_name": "Panitola Gaon", "vil_lgd": 290565, "district_name": "Tinsukia", "dist_lgd": 302, "subdistrict_name": "Tinsukia", "sdcode": 2061, "block_name": "Guijan", "block_lgd": 95.0, "gp_name": "PANITOL", "state_name": "ASSAM", "state_lgd": 18, "population": 1778, "households": 326}, "geometry": {"type": "Polygon", "coordinates": [[[95.28024, 27.470360000000003], [95.27542000000001, 27.4721], [95.27301000000001, 27.475310000000004], [95.26744000000001, 27.478780000000004], [95.26775, 27.49088], [95.27859000000001, 27.48495], [95.28114000000001, 27.481450000000002], [95.28054, 27.475310000000004], [95.28024, 27.470360000000003]]]}}, {"id": "769", "type": "Feature", "properties": {"village_name": "Balijan Gaon", "vil_lgd": 290491, "district_name": "Tinsukia", "dist_lgd": 302, "subdistrict_name": "Tinsukia", "sdcode": 2061, "block_name": "Guijan", "block_lgd": 95.0, "gp_name": "", "state_name": "ASSAM", "state_lgd": 18, "population": 120, "households": 25}, "geometry": {"type": "Polygon", "coordinates": [[[95.34062, 27.567650000000004], [95.33712000000001, 27.568990000000003], [95.32910000000001, 27.567940000000004], [95.33088000000001, 27.56978], [95.33504, 27.57176], [95.33836000000001, 27.577130000000004], [95.34544000000001, 27.57552], [95.34499000000001, 27.573660000000004], [95.34183, 27.57045], [95.34062, 27.567650000000004]]]}}, {"id": "770", "type": "Feature", "properties": {"village_name": "Rangagarah T E", "vil_lgd": 290503, "district_name": "Tinsukia", "dist_lgd": 302, "subdistrict_name": "Tinsukia", "sdcode": 2061, "block_name": "Guijan", "block_lgd": 95.0, "gp_name": "KHAMTI GOHALI", "state_name": "ASSAM", "state_lgd": 18, "population": 2378, "households": 476}, "geometry": {"type": "Polygon", "coordinates": [[[95.30384000000001, 27.563990000000004], [95.30384000000001, 27.5682], [95.30919, 27.56978], [95.31736000000001, 27.570570000000004], [95.32212000000001, 27.573870000000003], [95.32613, 27.57795], [95.33029, 27.584850000000003], [95.33088000000001, 27.56978], [95.32910000000001, 27.567940000000004], [95.31276000000001, 27.566360000000003], [95.30384000000001, 27.563990000000004]]]}}, {"id": "771", "type": "Feature", "properties": {"village_name": "Guijan Gaon", "vil_lgd": 290502, "district_name": "Tinsukia", "dist_lgd": 302, "subdistrict_name": "Tinsukia", "sdcode": 2061, "block_name": "Guijan", "block_lgd": 95.0, "gp_name": "GUIJAN", "state_name": "ASSAM", "state_lgd": 18, "population": 7378, "households": 1447}, "geometry": {"type": "Polygon", "coordinates": [[[95.32984, 27.55187], [95.32910000000001, 27.55648], [95.32910000000001, 27.567940000000004], [95.33712000000001, 27.568990000000003], [95.34062, 27.567650000000004], [95.34243000000001, 27.564040000000002], [95.34258000000001, 27.560710000000004], [95.34137000000001, 27.556300000000004], [95.33816, 27.55451], [95.32984, 27.55187]]]}}, {"id": "772", "type": "Feature", "properties": {"village_name": "Nalani T E", "vil_lgd": 290514, "district_name": "Tinsukia", "dist_lgd": 302, "subdistrict_name": "Tinsukia", "sdcode": 2061, "block_name": "Guijan", "block_lgd": 95.0, "gp_name": "GUIJAN", "state_name": "ASSAM", "state_lgd": 18, "population": 505, "households": 107}, "geometry": {"type": "Polygon", "coordinates": [[[95.33043, 27.544760000000004], [95.32984, 27.55187], [95.33816, 27.55451], [95.34137000000001, 27.556300000000004], [95.34276000000001, 27.548710000000003], [95.33489, 27.547400000000003], [95.33043, 27.544760000000004]]]}}, {"id": "773", "type": "Feature", "properties": {"village_name": "Nalanihula Gaon", "vil_lgd": 290515, "district_name": "Tinsukia", "dist_lgd": 302, "subdistrict_name": "Tinsukia", "sdcode": 2061, "block_name": "Guijan", "block_lgd": 95.0, "gp_name": "GUIJAN", "state_name": "ASSAM", "state_lgd": 18, "population": 753, "households": 140}, "geometry": {"type": "Polygon", "coordinates": [[[95.33222, 27.53883], [95.33086, 27.543350000000004], [95.33043, 27.544760000000004], [95.33489, 27.547400000000003], [95.34276000000001, 27.548710000000003], [95.34484, 27.54502], [95.33994000000001, 27.54305], [95.33222, 27.53883]]]}}, {"id": "774", "type": "Feature", "properties": {"village_name": "Bozaltoli T E", "vil_lgd": 290518, "district_name": "Tinsukia", "dist_lgd": 302, "subdistrict_name": "Tinsukia", "sdcode": 2061, "block_name": "Guijan", "block_lgd": 95.0, "gp_name": "BAJAL TOLI", "state_name": "ASSAM", "state_lgd": 18, "population": 744, "households": 147}, "geometry": {"type": "Polygon", "coordinates": [[[95.334, 27.533830000000002], [95.33346, 27.53534], [95.33222, 27.53883], [95.33994000000001, 27.54305], [95.34484, 27.54502], [95.34782000000001, 27.539620000000003], [95.34009, 27.53646], [95.334, 27.533830000000002]]]}}, {"id": "775", "type": "Feature", "properties": {"village_name": "Limbuguri T E", "vil_lgd": 290516, "district_name": "Tinsukia", "dist_lgd": 302, "subdistrict_name": "Tinsukia", "sdcode": 2061, "block_name": "Guijan", "block_lgd": 95.0, "gp_name": "GUIJAN", "state_name": "ASSAM", "state_lgd": 18, "population": 891, "households": 162}, "geometry": {"type": "Polygon", "coordinates": [[[95.35108000000001, 27.539230000000003], [95.34782000000001, 27.539620000000003], [95.34484, 27.54502], [95.34276000000001, 27.548710000000003], [95.34137000000001, 27.556300000000004], [95.34981, 27.554570000000002], [95.34996000000001, 27.548820000000003], [95.35312, 27.54041], [95.35108000000001, 27.539230000000003]]]}}, {"id": "776", "type": "Feature", "properties": {"village_name": "Balupara Gaon", "vil_lgd": 290519, "district_name": "Tinsukia", "dist_lgd": 302, "subdistrict_name": "Tinsukia", "sdcode": 2061, "block_name": "Guijan", "block_lgd": 95.0, "gp_name": "GUIJAN", "state_name": "ASSAM", "state_lgd": 18, "population": 136, "households": 27}, "geometry": {"type": "Polygon", "coordinates": [[[95.35628000000001, 27.535200000000003], [95.35869000000001, 27.53], [95.34499000000001, 27.530400000000004], [95.33549000000001, 27.528430000000004], [95.334, 27.533830000000002], [95.34009, 27.53646], [95.34782000000001, 27.539620000000003], [95.35108000000001, 27.539230000000003], [95.35312, 27.54041], [95.35613000000001, 27.540280000000003], [95.35628000000001, 27.535200000000003]]]}}, {"id": "777", "type": "Feature", "properties": {"village_name": "Balupara Gaon", "vil_lgd": 290520, "district_name": "Tinsukia", "dist_lgd": 302, "subdistrict_name": "Tinsukia", "sdcode": 2061, "block_name": "Guijan", "block_lgd": 95.0, "gp_name": "BOZALTOLI G.P.", "state_name": "ASSAM", "state_lgd": 18, "population": 1428, "households": 312}, "geometry": {"type": "Polygon", "coordinates": [[[95.34155000000001, 27.516900000000003], [95.33801000000001, 27.521710000000002], [95.33549000000001, 27.528430000000004], [95.34499000000001, 27.530400000000004], [95.35869000000001, 27.53], [95.35853, 27.524240000000002], [95.34811, 27.52474], [95.34744, 27.523860000000003], [95.34598000000001, 27.521960000000004], [95.34155000000001, 27.516900000000003]]]}}, {"id": "778", "type": "Feature", "properties": {"village_name": "Nalani T E", "vil_lgd": 290504, "district_name": "Tinsukia", "dist_lgd": 302, "subdistrict_name": "Tinsukia", "sdcode": 2061, "block_name": "Guijan", "block_lgd": 95.0, "gp_name": "KHAMTIGUHALI", "state_name": "ASSAM", "state_lgd": 18, "population": 1596, "households": 320}, "geometry": {"type": "Polygon", "coordinates": [[[95.30578000000001, 27.553060000000002], [95.3037, 27.56004], [95.30384000000001, 27.563990000000004], [95.31276000000001, 27.566360000000003], [95.32910000000001, 27.567940000000004], [95.32910000000001, 27.55648], [95.32405000000001, 27.55648], [95.31023, 27.55477], [95.30578000000001, 27.553060000000002]]]}}, {"id": "779", "type": "Feature", "properties": {"village_name": "Nalani T E", "vil_lgd": 290512, "district_name": "Tinsukia", "dist_lgd": 302, "subdistrict_name": "Tinsukia", "sdcode": 2061, "block_name": "Guijan", "block_lgd": 95.0, "gp_name": "KHAMTI GOHALI", "state_name": "ASSAM", "state_lgd": 18, "population": 549, "households": 110}, "geometry": {"type": "Polygon", "coordinates": [[[95.30934, 27.54173], [95.30741, 27.544890000000002], [95.30741, 27.54792], [95.30578000000001, 27.553060000000002], [95.31023, 27.55477], [95.32405000000001, 27.55648], [95.32182, 27.548980000000004], [95.32182, 27.542920000000002], [95.31216, 27.543180000000003], [95.30934, 27.54173]]]}}, {"id": "780", "type": "Feature", "properties": {"village_name": "Bazaltoli Gaon", "vil_lgd": 290513, "district_name": "Tinsukia", "dist_lgd": 302, "subdistrict_name": "Tinsukia", "sdcode": 2061, "block_name": "Guijan", "block_lgd": 95.0, "gp_name": "BOZALTOLI G.P.", "state_name": "ASSAM", "state_lgd": 18, "population": 1062, "households": 210}, "geometry": {"type": "Polygon", "coordinates": [[[95.32182, 27.542920000000002], [95.32182, 27.548980000000004], [95.32405000000001, 27.55648], [95.32910000000001, 27.55648], [95.32984, 27.55187], [95.33043, 27.544760000000004], [95.33086, 27.543350000000004], [95.32182, 27.542920000000002]]]}}, {"id": "781", "type": "Feature", "properties": {"village_name": "Padumani Gaon", "vil_lgd": 290543, "district_name": "Tinsukia", "dist_lgd": 302, "subdistrict_name": "Tinsukia", "sdcode": 2061, "block_name": "Guijan", "block_lgd": 95.0, "gp_name": "BOZALTOLI G.P.", "state_name": "ASSAM", "state_lgd": 18, "population": 767, "households": 172}, "geometry": {"type": "Polygon", "coordinates": [[[95.33549000000001, 27.528430000000004], [95.32984, 27.52869], [95.31838, 27.52766], [95.3083, 27.526190000000003], [95.308, 27.529220000000002], [95.30904000000001, 27.533430000000003], [95.31395, 27.532770000000003], [95.32360000000001, 27.53449], [95.33346, 27.53534], [95.334, 27.533830000000002], [95.33549000000001, 27.528430000000004]]]}}, {"id": "782", "type": "Feature", "properties": {"village_name": "Nokhroy Te", "vil_lgd": 290542, "district_name": "Tinsukia", "dist_lgd": 302, "subdistrict_name": "Tinsukia", "sdcode": 2061, "block_name": "Guijan", "block_lgd": 95.0, "gp_name": "", "state_name": "ASSAM", "state_lgd": 18, "population": 406, "households": 82}, "geometry": {"type": "Polygon", "coordinates": [[[95.31291, 27.519340000000003], [95.308, 27.521970000000003], [95.3083, 27.526190000000003], [95.31838, 27.52766], [95.32197000000001, 27.522900000000003], [95.32182, 27.520000000000003], [95.31291, 27.519340000000003]]]}}, {"id": "783", "type": "Feature", "properties": {"village_name": "Nakhrai Dhekeri Gaon", "vil_lgd": 290541, "district_name": "Tinsukia", "dist_lgd": 302, "subdistrict_name": "Tinsukia", "sdcode": 2061, "block_name": "Guijan", "block_lgd": 95.0, "gp_name": "BOZALTOLI G.P.", "state_name": "ASSAM", "state_lgd": 18, "population": 184, "households": 42}, "geometry": {"type": "Polygon", "coordinates": [[[95.31261, 27.507790000000004], [95.31068, 27.509850000000004], [95.31291, 27.519340000000003], [95.32182, 27.520000000000003], [95.32197000000001, 27.522900000000003], [95.31838, 27.52766], [95.32984, 27.52869], [95.33549000000001, 27.528430000000004], [95.33801000000001, 27.521710000000002], [95.34155000000001, 27.516900000000003], [95.32729, 27.512980000000002], [95.32045000000001, 27.512980000000002], [95.31446000000001, 27.510450000000002], [95.31261, 27.507790000000004]]]}}, {"id": "784", "type": "Feature", "properties": {"village_name": "Okanimuriya Bongali Gaon", "vil_lgd": 290555, "district_name": "Tinsukia", "dist_lgd": 302, "subdistrict_name": "Tinsukia", "sdcode": 2061, "block_name": "Guijan", "block_lgd": 95.0, "gp_name": "BAJALTOLI", "state_name": "ASSAM", "state_lgd": 18, "population": 793, "households": 173}, "geometry": {"type": "Polygon", "coordinates": [[[95.31974000000001, 27.496920000000003], [95.31617000000001, 27.492240000000002], [95.31335000000001, 27.490610000000004], [95.30994000000001, 27.490610000000004], [95.30756000000001, 27.49285], [95.30563000000001, 27.494170000000004], [95.3083, 27.500370000000004], [95.31409000000001, 27.499710000000004], [95.32202000000001, 27.501600000000003], [95.31974000000001, 27.496920000000003]]]}}, {"id": "785", "type": "Feature", "properties": {"village_name": "Nokhroy T E", "vil_lgd": 290545, "district_name": "Tinsukia", "dist_lgd": 302, "subdistrict_name": "Tinsukia", "sdcode": 2061, "block_name": "Guijan", "block_lgd": 95.0, "gp_name": "BASALTALI", "state_name": "ASSAM", "state_lgd": 18, "population": 2757, "households": 556}, "geometry": {"type": "Polygon", "coordinates": [[[95.3186, 27.505010000000002], [95.32149000000001, 27.505580000000002], [95.32202000000001, 27.501600000000003], [95.31409000000001, 27.499710000000004], [95.3083, 27.500370000000004], [95.30340000000001, 27.50261], [95.30072000000001, 27.505110000000002], [95.30251000000001, 27.520260000000004], [95.308, 27.521970000000003], [95.31291, 27.519340000000003], [95.31068, 27.509850000000004], [95.31261, 27.507790000000004], [95.31503000000001, 27.505770000000002], [95.3186, 27.505010000000002]]]}}, {"id": "786", "type": "Feature", "properties": {"village_name": "Nunpuria Bongali Gaon", "vil_lgd": 290553, "district_name": "Tinsukia", "dist_lgd": 302, "subdistrict_name": "Tinsukia", "sdcode": 2061, "block_name": "Guijan", "block_lgd": 95.0, "gp_name": "DEMOAGURI G.P.", "state_name": "ASSAM", "state_lgd": 18, "population": 2325, "households": 479}, "geometry": {"type": "Polygon", "coordinates": [[[95.29983000000001, 27.49378], [95.29196, 27.49575], [95.29166000000001, 27.50063], [95.29062, 27.505770000000002], [95.29151, 27.512220000000003], [95.293, 27.51565], [95.29671, 27.51657], [95.30251000000001, 27.520260000000004], [95.30072000000001, 27.505110000000002], [95.30340000000001, 27.50261], [95.3083, 27.500370000000004], [95.30563000000001, 27.494170000000004], [95.29983000000001, 27.49378]]]}}, {"id": "787", "type": "Feature", "properties": {"village_name": "Panitola Te", "vil_lgd": 290552, "district_name": "Tinsukia", "dist_lgd": 302, "subdistrict_name": "Tinsukia", "sdcode": 2061, "block_name": "Guijan", "block_lgd": 95.0, "gp_name": "PANITOLA", "state_name": "ASSAM", "state_lgd": 18, "population": 961, "households": 201}, "geometry": {"type": "Polygon", "coordinates": [[[95.29196, 27.49575], [95.2826, 27.501020000000004], [95.27770000000001, 27.502340000000004], [95.27428, 27.504450000000002], [95.27295000000001, 27.507220000000004], [95.27295000000001, 27.51038], [95.27592000000001, 27.514200000000002], [95.28156000000001, 27.514200000000002], [95.293, 27.51565], [95.29151, 27.512220000000003], [95.29062, 27.505770000000002], [95.29166000000001, 27.50063], [95.29196, 27.49575]]]}}, {"id": "788", "type": "Feature", "properties": {"village_name": "Dimoruguri", "vil_lgd": 290561, "district_name": "Tinsukia", "dist_lgd": 302, "subdistrict_name": "Tinsukia", "sdcode": 2061, "block_name": "Guijan", "block_lgd": 95.0, "gp_name": "DIMORUGURI", "state_name": "ASSAM", "state_lgd": 18, "population": 1842, "households": 368}, "geometry": {"type": "Polygon", "coordinates": [[[95.31104, 27.472880000000004], [95.31075000000001, 27.4706], [95.30885, 27.470360000000003], [95.30554000000001, 27.47023], [95.30252, 27.468890000000002], [95.29966, 27.464750000000002], [95.29499000000001, 27.464620000000004], [95.29228, 27.46862], [95.28912000000001, 27.471030000000003], [95.28822000000001, 27.473430000000004], [95.28837000000001, 27.480110000000003], [95.29234000000001, 27.480570000000004], [95.29883000000001, 27.480100000000004], [95.3037, 27.47915], [95.30861, 27.479960000000002], [95.31104, 27.472880000000004]]]}}, {"id": "789", "type": "Feature", "properties": {"village_name": "Dinjan", "vil_lgd": 290507, "district_name": "Tinsukia", "dist_lgd": 302, "subdistrict_name": "Tinsukia", "sdcode": 2061, "block_name": "Guijan", "block_lgd": 95.0, "gp_name": "KHAMTI GOHALI", "state_name": "ASSAM", "state_lgd": 18, "population": 1438, "households": 290}, "geometry": {"type": "Polygon", "coordinates": [[[95.28169000000001, 27.56968], [95.28189, 27.568740000000002], [95.28401000000001, 27.56772], [95.28620000000001, 27.568700000000003], [95.28716000000001, 27.560370000000002], [95.28002000000001, 27.55524], [95.27672000000001, 27.561200000000003], [95.27239, 27.56604], [95.27403000000001, 27.57148], [95.2732, 27.574440000000003], [95.27493000000001, 27.574050000000003], [95.27698000000001, 27.57006], [95.27943, 27.569490000000002], [95.28169000000001, 27.56968]]]}}, {"id": "790", "type": "Feature", "properties": {"village_name": "Dinjan", "vil_lgd": 290509, "district_name": "Tinsukia", "dist_lgd": 302, "subdistrict_name": "Tinsukia", "sdcode": 2061, "block_name": "Guijan", "block_lgd": 95.0, "gp_name": "KHAMTIGOHALI", "state_name": "ASSAM", "state_lgd": 18, "population": 260, "households": 59}, "geometry": {"type": "Polygon", "coordinates": [[[95.28706000000001, 27.543440000000004], [95.28257, 27.54745], [95.28120000000001, 27.550620000000002], [95.28136, 27.552360000000004], [95.2878, 27.55477], [95.29255, 27.549770000000002], [95.29404000000001, 27.546740000000003], [95.28706000000001, 27.543440000000004]]]}}, {"id": "791", "type": "Feature", "properties": {"village_name": "Khamti Gohali T E", "vil_lgd": 290505, "district_name": "Tinsukia", "dist_lgd": 302, "subdistrict_name": "Tinsukia", "sdcode": 2061, "block_name": "Guijan", "block_lgd": 95.0, "gp_name": "KHAMTI GOHALI", "state_name": "ASSAM", "state_lgd": 18, "population": 2212, "households": 452}, "geometry": {"type": "Polygon", "coordinates": [[[95.29404000000001, 27.546740000000003], [95.29255, 27.549770000000002], [95.2878, 27.55477], [95.29389, 27.557540000000003], [95.29790000000001, 27.560830000000003], [95.30384000000001, 27.563990000000004], [95.3037, 27.56004], [95.30578000000001, 27.553060000000002], [95.30191, 27.551610000000004], [95.29820000000001, 27.548710000000003], [95.29404000000001, 27.546740000000003]]]}}, {"id": "792", "type": "Feature", "properties": {"village_name": "Panitola T E", "vil_lgd": 290508, "district_name": "Tinsukia", "dist_lgd": 302, "subdistrict_name": "Tinsukia", "sdcode": 2061, "block_name": "Guijan", "block_lgd": 95.0, "gp_name": "PANITOLA", "state_name": "ASSAM", "state_lgd": 18, "population": 1149, "households": 241}, "geometry": {"type": "Polygon", "coordinates": [[[95.28257, 27.54745], [95.28706000000001, 27.543440000000004], [95.28156000000001, 27.542130000000004], [95.27340000000001, 27.540810000000004], [95.26608, 27.53967], [95.26463000000001, 27.54106], [95.26571000000001, 27.545080000000002], [95.27422000000001, 27.550420000000003], [95.27644000000001, 27.54999], [95.28096000000001, 27.546960000000002], [95.28257, 27.54745]]]}}, {"id": "793", "type": "Feature", "properties": {"village_name": "Baghbari Gaon", "vil_lgd": 290551, "district_name": "Tinsukia", "dist_lgd": 302, "subdistrict_name": "Tinsukia", "sdcode": 2061, "block_name": "Guijan", "block_lgd": 95.0, "gp_name": "PANITOLA", "state_name": "ASSAM", "state_lgd": 18, "population": 912, "households": 183}, "geometry": {"type": "Polygon", "coordinates": [[[95.26501, 27.52249], [95.26562000000001, 27.523320000000002], [95.26948, 27.52436], [95.27213, 27.526930000000004], [95.27091000000001, 27.528560000000002], [95.26475, 27.53177], [95.26474, 27.53355], [95.26661000000001, 27.53797], [95.26608, 27.53967], [95.27340000000001, 27.540810000000004], [95.27369, 27.528160000000003], [95.27295000000001, 27.52184], [95.26501, 27.52249]]]}}, {"id": "794", "type": "Feature", "properties": {"village_name": "Panitola T E", "vil_lgd": 290550, "district_name": "Tinsukia", "dist_lgd": 302, "subdistrict_name": "Tinsukia", "sdcode": 2061, "block_name": "Guijan", "block_lgd": 95.0, "gp_name": "PANITOLA G.P.", "state_name": "ASSAM", "state_lgd": 18, "population": 2608, "households": 542}, "geometry": {"type": "Polygon", "coordinates": [[[95.27295000000001, 27.52184], [95.27369, 27.528160000000003], [95.27340000000001, 27.540810000000004], [95.28156000000001, 27.542130000000004], [95.28201000000001, 27.53752], [95.28171, 27.532380000000003], [95.27993000000001, 27.523030000000002], [95.27859000000001, 27.521580000000004], [95.27295000000001, 27.52184]]]}}, {"id": "795", "type": "Feature", "properties": {"village_name": "Nalani T E", "vil_lgd": 290511, "district_name": "Tinsukia", "dist_lgd": 302, "subdistrict_name": "Tinsukia", "sdcode": 2061, "block_name": "Guijan", "block_lgd": 95.0, "gp_name": "", "state_name": "ASSAM", "state_lgd": 18, "population": 1165, "households": 257}, "geometry": {"type": "Polygon", "coordinates": [[[95.30028, 27.535800000000002], [95.30072000000001, 27.54015], [95.29820000000001, 27.548710000000003], [95.30191, 27.551610000000004], [95.30578000000001, 27.553060000000002], [95.30741, 27.54792], [95.30741, 27.544890000000002], [95.30934, 27.54173], [95.30815000000001, 27.53818], [95.30028, 27.535800000000002]]]}}, {"id": "796", "type": "Feature", "properties": {"village_name": "Nalani T E", "vil_lgd": 290510, "district_name": "Tinsukia", "dist_lgd": 302, "subdistrict_name": "Tinsukia", "sdcode": 2061, "block_name": "Guijan", "block_lgd": 95.0, "gp_name": "KHAMLI GOHALI", "state_name": "ASSAM", "state_lgd": 18, "population": 253, "households": 57}, "geometry": {"type": "Polygon", "coordinates": [[[95.29538000000001, 27.53515], [95.28810000000001, 27.540810000000004], [95.28706000000001, 27.543440000000004], [95.29404000000001, 27.546740000000003], [95.29820000000001, 27.548710000000003], [95.30072000000001, 27.54015], [95.30028, 27.535800000000002], [95.29538000000001, 27.53515]]]}}, {"id": "797", "type": "Feature", "properties": {"village_name": "Nokhroy T E", "vil_lgd": 290544, "district_name": "Tinsukia", "dist_lgd": 302, "subdistrict_name": "Tinsukia", "sdcode": 2061, "block_name": "Guijan", "block_lgd": 95.0, "gp_name": "", "state_name": "ASSAM", "state_lgd": 18, "population": 392, "households": 87}, "geometry": {"type": "Polygon", "coordinates": [[[95.30251000000001, 27.520260000000004], [95.30117000000001, 27.524870000000004], [95.29818, 27.529370000000004], [95.29625000000001, 27.533220000000004], [95.29538000000001, 27.53515], [95.30028, 27.535800000000002], [95.30815000000001, 27.53818], [95.30904000000001, 27.533430000000003], [95.308, 27.529220000000002], [95.3083, 27.526190000000003], [95.308, 27.521970000000003], [95.30251000000001, 27.520260000000004]]]}}, {"id": "798", "type": "Feature", "properties": {"village_name": "Dinjan Chapori", "vil_lgd": 290549, "district_name": "Tinsukia", "dist_lgd": 302, "subdistrict_name": "Tinsukia", "sdcode": 2061, "block_name": "Guijan", "block_lgd": 95.0, "gp_name": "PANITOLA", "state_name": "ASSAM", "state_lgd": 18, "population": 414, "households": 81}, "geometry": {"type": "Polygon", "coordinates": [[[95.29625000000001, 27.533220000000004], [95.28988000000001, 27.534090000000003], [95.28201000000001, 27.53752], [95.28156000000001, 27.542130000000004], [95.28706000000001, 27.543440000000004], [95.28810000000001, 27.540810000000004], [95.29538000000001, 27.53515], [95.29625000000001, 27.533220000000004]]]}}, {"id": "799", "type": "Feature", "properties": {"village_name": "Dinjan", "vil_lgd": 290548, "district_name": "Tinsukia", "dist_lgd": 302, "subdistrict_name": "Tinsukia", "sdcode": 2061, "block_name": "Guijan", "block_lgd": 95.0, "gp_name": "PANITOLA", "state_name": "ASSAM", "state_lgd": 18, "population": 2208, "households": 464}, "geometry": {"type": "Polygon", "coordinates": [[[95.29241, 27.528950000000002], [95.2878, 27.530540000000002], [95.28171, 27.532380000000003], [95.28201000000001, 27.53752], [95.28988000000001, 27.534090000000003], [95.29625000000001, 27.533220000000004], [95.29818, 27.529370000000004], [95.29241, 27.528950000000002]]]}}, {"id": "800", "type": "Feature", "properties": {"village_name": "Dinjan", "vil_lgd": 290547, "district_name": "Tinsukia", "dist_lgd": 302, "subdistrict_name": "Tinsukia", "sdcode": 2061, "block_name": "Guijan", "block_lgd": 95.0, "gp_name": "PANITOLA", "state_name": "ASSAM", "state_lgd": 18, "population": 1985, "households": 431}, "geometry": {"type": "Polygon", "coordinates": [[[95.29241, 27.528950000000002], [95.29818, 27.529370000000004], [95.30117000000001, 27.524870000000004], [95.29062, 27.52342], [95.27993000000001, 27.523030000000002], [95.28171, 27.532380000000003], [95.2878, 27.530540000000002], [95.29241, 27.528950000000002]]]}}, {"id": "801", "type": "Feature", "properties": {"village_name": "Panitola Te", "vil_lgd": 290546, "district_name": "Tinsukia", "dist_lgd": 302, "subdistrict_name": "Tinsukia", "sdcode": 2061, "block_name": "Guijan", "block_lgd": 95.0, "gp_name": "PANITOLA", "state_name": "ASSAM", "state_lgd": 18, "population": 1495, "households": 329}, "geometry": {"type": "Polygon", "coordinates": [[[95.27592000000001, 27.514200000000002], [95.27859000000001, 27.521580000000004], [95.27993000000001, 27.523030000000002], [95.29062, 27.52342], [95.30117000000001, 27.524870000000004], [95.30251000000001, 27.520260000000004], [95.29671, 27.51657], [95.293, 27.51565], [95.28156000000001, 27.514200000000002], [95.27592000000001, 27.514200000000002]]]}}, {"id": "802", "type": "Feature", "properties": {"village_name": "Okanimaria Kachari Gaon", "vil_lgd": 290557, "district_name": "Tinsukia", "dist_lgd": 302, "subdistrict_name": "Tinsukia", "sdcode": 2061, "block_name": "Guijan", "block_lgd": 95.0, "gp_name": "DEMOUGURI", "state_name": "ASSAM", "state_lgd": 18, "population": 1006, "households": 209}, "geometry": {"type": "Polygon", "coordinates": [[[95.30994000000001, 27.490610000000004], [95.31335000000001, 27.490610000000004], [95.31617000000001, 27.492240000000002], [95.31988000000001, 27.485780000000002], [95.31175, 27.479840000000003], [95.30861, 27.479960000000002], [95.3037, 27.47915], [95.29883000000001, 27.480100000000004], [95.30176, 27.48429], [95.30563000000001, 27.494170000000004], [95.30756000000001, 27.49285], [95.30994000000001, 27.490610000000004]]]}}, {"id": "803", "type": "Feature", "properties": {"village_name": "Nunpuriya Kaibartta Gaon", "vil_lgd": 290554, "district_name": "Tinsukia", "dist_lgd": 302, "subdistrict_name": "Tinsukia", "sdcode": 2061, "block_name": "Guijan", "block_lgd": 95.0, "gp_name": "", "state_name": "ASSAM", "state_lgd": 18, "population": 2230, "households": 468}, "geometry": {"type": "Polygon", "coordinates": [[[95.29883000000001, 27.480100000000004], [95.29234000000001, 27.480570000000004], [95.29611000000001, 27.486140000000002], [95.29983000000001, 27.49378], [95.30563000000001, 27.494170000000004], [95.30176, 27.48429], [95.29883000000001, 27.480100000000004]]]}}, {"id": "804", "type": "Feature", "properties": {"village_name": "Jugipathar Gaon", "vil_lgd": 290562, "district_name": "Tinsukia", "dist_lgd": 302, "subdistrict_name": "Tinsukia", "sdcode": 2061, "block_name": "Guijan", "block_lgd": 95.0, "gp_name": "DIMORUGURI", "state_name": "ASSAM", "state_lgd": 18, "population": 766, "households": 173}, "geometry": {"type": "Polygon", "coordinates": [[[95.27295000000001, 27.51038], [95.27295000000001, 27.507220000000004], [95.27428, 27.504450000000002], [95.27770000000001, 27.502340000000004], [95.2826, 27.501020000000004], [95.29196, 27.49575], [95.29983000000001, 27.49378], [95.29611000000001, 27.486140000000002], [95.29359000000001, 27.489300000000004], [95.2676, 27.499570000000002], [95.25674000000001, 27.50109], [95.2573, 27.506960000000003], [95.26471000000001, 27.508360000000003], [95.26659000000001, 27.509580000000003], [95.26501, 27.52249], [95.27295000000001, 27.52184], [95.27859000000001, 27.521580000000004], [95.27592000000001, 27.514200000000002], [95.27295000000001, 27.51038]]]}}, {"id": "805", "type": "Feature", "properties": {"village_name": "Panitola Town", "vil_lgd": 290566, "district_name": "Tinsukia", "dist_lgd": 302, "subdistrict_name": "Tinsukia", "sdcode": 2061, "block_name": "Guijan", "block_lgd": 95.0, "gp_name": "PANITOL", "state_name": "ASSAM", "state_lgd": 18, "population": 1809, "households": 372}, "geometry": {"type": "Polygon", "coordinates": [[[95.26352000000001, 27.47905], [95.25945, 27.480380000000004], [95.26051000000001, 27.48412], [95.26021, 27.485730000000004], [95.25373, 27.488400000000002], [95.25584, 27.49388], [95.25674000000001, 27.50109], [95.2676, 27.499570000000002], [95.26775, 27.49088], [95.26744000000001, 27.478780000000004], [95.26352000000001, 27.47905]]]}}, {"id": "806", "type": "Feature", "properties": {"village_name": "Hatigarh Gaon", "vil_lgd": 290317, "district_name": "Tinsukia", "dist_lgd": 302, "subdistrict_name": "Doom Dooma", "sdcode": 2060, "block_name": "Hapjan", "block_lgd": 93.0, "gp_name": "", "state_name": "ASSAM", "state_lgd": 18, "population": 333, "households": 66}, "geometry": {"type": "Polygon", "coordinates": [[[95.39811, 27.504], [95.39496000000001, 27.504500000000004], [95.39259000000001, 27.505820000000003], [95.38902, 27.509770000000003], [95.39000000000001, 27.516350000000003], [95.39325000000001, 27.515810000000002], [95.39648000000001, 27.51058], [95.39811, 27.504]]]}}, {"id": "807", "type": "Feature", "properties": {"village_name": "Gorangjan", "vil_lgd": 290487, "district_name": "Tinsukia", "dist_lgd": 302, "subdistrict_name": "Tinsukia", "sdcode": 2061, "block_name": "Guijan", "block_lgd": 95.0, "gp_name": "", "state_name": "ASSAM", "state_lgd": 18, "population": 0, "households": 0}, "geometry": {"type": "Polygon", "coordinates": [[[95.30384000000001, 27.5682], [95.30384000000001, 27.563990000000004], [95.29790000000001, 27.560830000000003], [95.29389, 27.557540000000003], [95.2878, 27.55477], [95.28716000000001, 27.560370000000002], [95.28620000000001, 27.568700000000003], [95.28813000000001, 27.57062], [95.28713, 27.57317], [95.28914, 27.5742], [95.29003, 27.576860000000003], [95.29129, 27.577], [95.29406, 27.575570000000003], [95.29547000000001, 27.576800000000002], [95.29595, 27.57947], [95.29778, 27.579610000000002], [95.30384000000001, 27.5682]]]}}, {"id": "808", "type": "Feature", "properties": {"village_name": "Khamtigohali T E", "vil_lgd": 290506, "district_name": "Tinsukia", "dist_lgd": 302, "subdistrict_name": "Tinsukia", "sdcode": 2061, "block_name": "Guijan", "block_lgd": 95.0, "gp_name": "KHAMTI GOHALI", "state_name": "ASSAM", "state_lgd": 18, "population": 947, "households": 202}, "geometry": {"type": "Polygon", "coordinates": [[[95.28136, 27.552360000000004], [95.28002000000001, 27.55524], [95.28716000000001, 27.560370000000002], [95.2878, 27.55477], [95.28136, 27.552360000000004]]]}}, {"id": "809", "type": "Feature", "properties": {"village_name": "Gelapukhuri T E", "vil_lgd": 290524, "district_name": "Tinsukia", "dist_lgd": 302, "subdistrict_name": "Tinsukia", "sdcode": 2061, "block_name": "Guijan", "block_lgd": 95.0, "gp_name": "BORGURI", "state_name": "ASSAM", "state_lgd": 18, "population": 410, "households": 86}, "geometry": {"type": "Polygon", "coordinates": [[[95.39017000000001, 27.53601], [95.38550000000001, 27.538410000000002], [95.38533000000001, 27.541240000000002], [95.39107000000001, 27.54201], [95.39077, 27.540010000000002], [95.39017000000001, 27.53601]]]}}, {"id": "810", "type": "Feature", "properties": {"village_name": "Morankari Gaon", "vil_lgd": 290592, "district_name": "Tinsukia", "dist_lgd": 302, "subdistrict_name": "Tinsukia", "sdcode": 2061, "block_name": "Itakhuli", "block_lgd": 96.0, "gp_name": "DIMORUGURI", "state_name": "ASSAM", "state_lgd": 18, "population": 927, "households": 185}, "geometry": {"type": "Polygon", "coordinates": [[[95.32631, 27.452250000000003], [95.32572, 27.459670000000003], [95.33279, 27.461280000000002], [95.33144000000001, 27.458340000000003], [95.33038, 27.45211], [95.32631, 27.452250000000003]]]}}, {"id": "811", "type": "Feature", "properties": {"village_name": "Itakhuli T E", "vil_lgd": 290595, "district_name": "Tinsukia", "dist_lgd": 302, "subdistrict_name": "Tinsukia", "sdcode": 2061, "block_name": "Itakhuli", "block_lgd": 96.0, "gp_name": "ITAKHULI", "state_name": "ASSAM", "state_lgd": 18, "population": 480, "households": 108}, "geometry": {"type": "Polygon", "coordinates": [[[95.34995, 27.44224], [95.35488000000001, 27.441760000000002], [95.35764, 27.439680000000003], [95.35056, 27.4338], [95.34345, 27.438200000000002], [95.34529, 27.44423], [95.34995, 27.44224]]]}}, {"id": "812", "type": "Feature", "properties": {"village_name": "Narsing Gaon", "vil_lgd": 290602, "district_name": "Tinsukia", "dist_lgd": 302, "subdistrict_name": "Tinsukia", "sdcode": 2061, "block_name": "Itakhuli", "block_lgd": 96.0, "gp_name": "RANGPURIA G.P.", "state_name": "ASSAM", "state_lgd": 18, "population": 768, "households": 169}, "geometry": {"type": "Polygon", "coordinates": [[[95.39044000000001, 27.45867], [95.39212, 27.465480000000003], [95.39559000000001, 27.46655], [95.3979, 27.46712], [95.39718, 27.45904], [95.39044000000001, 27.45867]]]}}, {"id": "813", "type": "Feature", "properties": {"village_name": "Khetojan", "vil_lgd": 290629, "district_name": "Tinsukia", "dist_lgd": 302, "subdistrict_name": "Tinsukia", "sdcode": 2061, "block_name": "Itakhuli", "block_lgd": 96.0, "gp_name": "KASHAMARI", "state_name": "ASSAM", "state_lgd": 18, "population": 67, "households": 11}, "geometry": {"type": "Polygon", "coordinates": [[[95.39288, 27.443430000000003], [95.39785, 27.444360000000003], [95.40146000000001, 27.438620000000004], [95.40206, 27.43795], [95.40011000000001, 27.435940000000002], [95.39393000000001, 27.435540000000003], [95.38606000000001, 27.43748], [95.38369, 27.446900000000003], [95.38851000000001, 27.44423], [95.39288, 27.443430000000003]]]}}, {"id": "814", "type": "Feature", "properties": {"village_name": "Sawtal Basti", "vil_lgd": 290641, "district_name": "Tinsukia", "dist_lgd": 302, "subdistrict_name": "Tinsukia", "sdcode": 2061, "block_name": "Itakhuli", "block_lgd": 96.0, "gp_name": "CHAOTAL BASTI", "state_name": "ASSAM", "state_lgd": 18, "population": 200, "households": 39}, "geometry": {"type": "Polygon", "coordinates": [[[95.31697000000001, 27.39532], [95.31156000000001, 27.396240000000002], [95.31291, 27.400380000000002], [95.3186, 27.40079], [95.32616, 27.401320000000002], [95.33080000000001, 27.39976], [95.32224000000001, 27.396520000000002], [95.31697000000001, 27.39532]]]}}, {"id": "815", "type": "Feature", "properties": {"village_name": "Chototingrai Te", "vil_lgd": 290633, "district_name": "Tinsukia", "dist_lgd": 302, "subdistrict_name": "Tinsukia", "sdcode": 2061, "block_name": "Itakhuli", "block_lgd": 96.0, "gp_name": "HAKHOLI", "state_name": "ASSAM", "state_lgd": 18, "population": 585, "households": 97}, "geometry": {"type": "Polygon", "coordinates": [[[95.37119000000001, 27.459730000000004], [95.36420000000001, 27.461470000000002], [95.35960000000001, 27.462270000000004], [95.36030000000001, 27.46348], [95.36416000000001, 27.464650000000002], [95.37526000000001, 27.46534], [95.37255, 27.459730000000004], [95.37119000000001, 27.459730000000004]]]}}, {"id": "816", "type": "Feature", "properties": {"village_name": "Kachujan Gaon CT", "vil_lgd": 290742, "district_name": "Tinsukia", "dist_lgd": 302, "subdistrict_name": "Tinsukia", "sdcode": 2061, "block_name": "", "block_lgd": null, "gp_name": "", "state_name": "ASSAM", "state_lgd": 18, "population": 3246, "households": 789}, "geometry": {"type": "Polygon", "coordinates": [[[95.36175000000001, 27.49988], [95.36023, 27.500590000000003], [95.36374, 27.504630000000002], [95.36388000000001, 27.506400000000003], [95.3606, 27.508300000000002], [95.35519000000001, 27.509310000000003], [95.35476000000001, 27.51096], [95.35005000000001, 27.516140000000004], [95.35556000000001, 27.516980000000004], [95.36417, 27.518290000000004], [95.36503, 27.514750000000003], [95.36631000000001, 27.50299], [95.36175000000001, 27.49988]]]}}, {"id": "817", "type": "Feature", "properties": {"village_name": "Bahbari Gaon CT", "vil_lgd": 290741, "district_name": "Tinsukia", "dist_lgd": 302, "subdistrict_name": "Tinsukia", "sdcode": 2061, "block_name": "", "block_lgd": null, "gp_name": "", "state_name": "ASSAM", "state_lgd": 18, "population": 6821, "households": 1601}, "geometry": {"type": "Polygon", "coordinates": [[[95.31175, 27.479840000000003], [95.31988000000001, 27.485780000000002], [95.32373000000001, 27.485780000000002], [95.33428, 27.49527], [95.33671000000001, 27.492110000000004], [95.33773000000001, 27.4887], [95.33842000000001, 27.486420000000003], [95.33785, 27.48148], [95.33528000000001, 27.480980000000002], [95.32002000000001, 27.479840000000003], [95.31175, 27.479840000000003]]]}}, {"id": "818", "type": "Feature", "properties": {"village_name": "Tinsukia Town OG", "vil_lgd": 290747, "district_name": "Tinsukia", "dist_lgd": 302, "subdistrict_name": "Tinsukia", "sdcode": 2061, "block_name": "", "block_lgd": null, "gp_name": "", "state_name": "ASSAM", "state_lgd": 18, "population": 0, "households": 0}, "geometry": {"type": "Polygon", "coordinates": [[[95.38192000000001, 27.473340000000004], [95.38101, 27.47614], [95.38403000000001, 27.480420000000002], [95.39637, 27.481350000000003], [95.40059000000001, 27.47989], [95.40511000000001, 27.476950000000002], [95.40546, 27.474580000000003], [95.40044, 27.473470000000002], [95.39472, 27.473340000000004], [95.38192000000001, 27.473340000000004]]]}}, {"id": "819", "type": "Feature", "properties": {"village_name": "Bajatoli Gaon OG", "vil_lgd": 290745, "district_name": "Tinsukia", "dist_lgd": 302, "subdistrict_name": "Tinsukia", "sdcode": 2061, "block_name": "", "block_lgd": null, "gp_name": "", "state_name": "ASSAM", "state_lgd": 18, "population": 0, "households": 0}, "geometry": {"type": "Polygon", "coordinates": [[[95.33773000000001, 27.4887], [95.33671000000001, 27.492110000000004], [95.33428, 27.49527], [95.33371000000001, 27.497300000000003], [95.331, 27.499570000000002], [95.33172, 27.502360000000003], [95.33520000000001, 27.502290000000002], [95.33671000000001, 27.499990000000004], [95.34099, 27.49714], [95.3524, 27.492910000000002], [95.35234000000001, 27.490350000000003], [95.34301, 27.490080000000003], [95.33773000000001, 27.4887]]]}}, {"id": "820", "type": "Feature", "properties": {"village_name": "Reserved Forest", "vil_lgd": 999999, "district_name": "Tinsukia", "dist_lgd": 302, "subdistrict_name": "Tinsukia", "sdcode": 2061, "block_name": "", "block_lgd": null, "gp_name": "", "state_name": "ASSAM", "state_lgd": 18, "population": 0, "households": 0}, "geometry": {"type": "Polygon", "coordinates": [[[95.31395, 27.532770000000003], [95.30904000000001, 27.533430000000003], [95.30815000000001, 27.53818], [95.30934, 27.54173], [95.31216, 27.543180000000003], [95.32182, 27.542920000000002], [95.33086, 27.543350000000004], [95.33222, 27.53883], [95.33346, 27.53534], [95.32360000000001, 27.53449], [95.31395, 27.532770000000003]]]}}, {"id": "821", "type": "Feature", "properties": {"village_name": "Disaojan Gaon", "vil_lgd": 290316, "district_name": "Tinsukia", "dist_lgd": 302, "subdistrict_name": "Doom Dooma", "sdcode": 2060, "block_name": "Hapjan", "block_lgd": 93.0, "gp_name": "BARKURI", "state_name": "ASSAM", "state_lgd": 18, "population": 256, "households": 50}, "geometry": {"type": "Polygon", "coordinates": [[[95.39325000000001, 27.515810000000002], [95.39000000000001, 27.516350000000003], [95.39051, 27.524910000000002], [95.39420000000001, 27.524410000000003], [95.39591000000001, 27.523390000000003], [95.39629000000001, 27.520020000000002], [95.39553000000001, 27.518500000000003], [95.39325000000001, 27.515810000000002]]]}}, {"id": "822", "type": "Feature", "properties": {"village_name": "Pagla Basti", "vil_lgd": 290670, "district_name": "Tinsukia", "dist_lgd": 302, "subdistrict_name": "Tinsukia", "sdcode": 2061, "block_name": "Itakhuli", "block_lgd": 96.0, "gp_name": "BAPUJI", "state_name": "ASSAM", "state_lgd": 18, "population": 152, "households": 30}, "geometry": {"type": "Polygon", "coordinates": [[[95.36289000000001, 27.424930000000003], [95.36137000000001, 27.41936], [95.36146000000001, 27.38305], [95.35914000000001, 27.383090000000003], [95.35340000000001, 27.38604], [95.34993000000001, 27.390040000000003], [95.34808000000001, 27.394050000000004], [95.33659, 27.390870000000003], [95.33170000000001, 27.39063], [95.33681000000001, 27.396300000000004], [95.33874, 27.39843], [95.34406000000001, 27.40181], [95.34425, 27.40417], [95.34806, 27.40924], [95.34482000000001, 27.40941], [95.34482000000001, 27.414130000000004], [95.34586, 27.41541], [95.34729, 27.417170000000002], [95.35205, 27.4219], [95.35604000000001, 27.428310000000003], [95.36003000000001, 27.429150000000003], [95.36175000000001, 27.428480000000004], [95.36289000000001, 27.424930000000003]]]}}, {"id": "823", "type": "Feature", "properties": {"village_name": "Pakhorijan Gaon", "vil_lgd": 290604, "district_name": "Tinsukia", "dist_lgd": 302, "subdistrict_name": "Tinsukia", "sdcode": 2061, "block_name": "Itakhuli", "block_lgd": 96.0, "gp_name": "RANGPURIA G.P.", "state_name": "ASSAM", "state_lgd": 18, "population": 2120, "households": 421}, "geometry": {"type": "Polygon", "coordinates": [[[95.39212, 27.465480000000003], [95.38761000000001, 27.46805], [95.39284, 27.469540000000002], [95.39935000000001, 27.467480000000002], [95.3979, 27.46712], [95.39559000000001, 27.46655], [95.39212, 27.465480000000003]]]}}, {"id": "824", "type": "Feature", "properties": {"village_name": "Jariguri Gaon", "vil_lgd": 290537, "district_name": "Tinsukia", "dist_lgd": 302, "subdistrict_name": "Tinsukia", "sdcode": 2061, "block_name": "Guijan", "block_lgd": 95.0, "gp_name": "BORIGURI G.P.", "state_name": "ASSAM", "state_lgd": 18, "population": 1349, "households": 237}, "geometry": {"type": "Polygon", "coordinates": [[[95.34198, 27.514750000000003], [95.34155000000001, 27.516900000000003], [95.34598000000001, 27.521960000000004], [95.34744, 27.523860000000003], [95.35117000000001, 27.522350000000003], [95.3545, 27.519230000000004], [95.35556000000001, 27.516980000000004], [95.35005000000001, 27.516140000000004], [95.34198, 27.514750000000003]]]}}, {"id": "825", "type": "Feature", "properties": {"village_name": "Tangana Bangali", "vil_lgd": 290380, "district_name": "Tinsukia", "dist_lgd": 302, "subdistrict_name": "Doom Dooma", "sdcode": 2060, "block_name": "Kakapathar", "block_lgd": 94.0, "gp_name": "TANGANA", "state_name": "ASSAM", "state_lgd": 18, "population": 1176, "households": 249}, "geometry": {"type": "Polygon", "coordinates": [[[95.72546000000001, 27.606], [95.72086, 27.60771], [95.71031, 27.611140000000002], [95.70838, 27.613640000000004], [95.71908, 27.613640000000004], [95.72606, 27.612060000000003], [95.73616000000001, 27.61061], [95.74507000000001, 27.60666], [95.73586, 27.607190000000003], [95.72546000000001, 27.606]]]}}, {"id": "826", "type": "Feature", "properties": {"village_name": "Kengia N C", "vil_lgd": 291027, "district_name": "Tinsukia", "dist_lgd": 302, "subdistrict_name": "Margherita", "sdcode": 2062, "block_name": "Margherita", "block_lgd": 97.0, "gp_name": "LEKHA PANI", "state_name": "ASSAM", "state_lgd": 18, "population": 514, "households": 125}, "geometry": {"type": "Polygon", "coordinates": [[[95.89493, 27.353550000000002], [95.89018, 27.35507], [95.88923000000001, 27.360310000000002], [95.88961, 27.36166], [95.90235000000001, 27.364700000000003], [95.90939, 27.364700000000003], [95.91357, 27.36305], [95.91071000000001, 27.3565], [95.90740000000001, 27.352890000000002], [95.90102, 27.353050000000003], [95.89493, 27.353550000000002]]]}}, {"id": "827", "type": "Feature", "properties": {"village_name": "Erasuti N C", "vil_lgd": 290489, "district_name": "Tinsukia", "dist_lgd": 302, "subdistrict_name": "Tinsukia", "sdcode": 2061, "block_name": "Guijan", "block_lgd": 95.0, "gp_name": "GUIJAN", "state_name": "ASSAM", "state_lgd": 18, "population": 175, "households": 36}, "geometry": {"type": "Polygon", "coordinates": [[[95.34544000000001, 27.57552], [95.33836000000001, 27.577130000000004], [95.33881000000001, 27.579130000000003], [95.34054, 27.580420000000004], [95.34604, 27.581740000000003], [95.35515000000001, 27.587220000000002], [95.35545, 27.582480000000004], [95.35723, 27.580370000000002], [95.35372000000001, 27.5802], [95.34996000000001, 27.578590000000002], [95.34544000000001, 27.57552]]]}}, {"id": "828", "type": "Feature", "properties": {"village_name": "Baghjan N C", "vil_lgd": 290251, "district_name": "Tinsukia", "dist_lgd": 302, "subdistrict_name": "Doom Dooma", "sdcode": 2060, "block_name": "Hapjan", "block_lgd": 93.0, "gp_name": "BAGHJAN", "state_name": "ASSAM", "state_lgd": 18, "population": 146, "households": 25}, "geometry": {"type": "Polygon", "coordinates": [[[95.38640000000001, 27.584760000000003], [95.3961, 27.58442], [95.40086000000001, 27.582400000000003], [95.39800000000001, 27.57919], [95.39348000000001, 27.572730000000004], [95.38308, 27.57194], [95.36911, 27.573000000000004], [95.36080000000001, 27.57747], [95.35723, 27.580370000000002], [95.35545, 27.582480000000004], [95.35515000000001, 27.587220000000002], [95.34604, 27.581740000000003], [95.34214000000001, 27.587010000000003], [95.34590000000001, 27.588300000000004], [95.35028000000001, 27.59099], [95.36074, 27.593860000000003], [95.37975, 27.58594], [95.38640000000001, 27.584760000000003]]]}}, {"id": "829", "type": "Feature", "properties": {"village_name": "Dighaltarang Gaon", "vil_lgd": 290250, "district_name": "Tinsukia", "dist_lgd": 302, "subdistrict_name": "Doom Dooma", "sdcode": 2060, "block_name": "Hapjan", "block_lgd": 93.0, "gp_name": "BAGHJAN", "state_name": "ASSAM", "state_lgd": 18, "population": 1113, "households": 207}, "geometry": {"type": "Polygon", "coordinates": [[[95.34214000000001, 27.587010000000003], [95.34036, 27.5908], [95.34785000000001, 27.595540000000003], [95.35961, 27.599960000000003], [95.36995, 27.60723], [95.37565000000001, 27.612910000000003], [95.37851, 27.617020000000004], [95.3807, 27.615090000000002], [95.37899, 27.611210000000003], [95.37842, 27.60734], [95.38146, 27.605150000000002], [95.38222, 27.60312], [95.37443, 27.601440000000004], [95.36074, 27.593860000000003], [95.35028000000001, 27.59099], [95.34590000000001, 27.588300000000004], [95.34214000000001, 27.587010000000003]]]}}, {"id": "830", "type": "Feature", "properties": {"village_name": "Baghjan Gaon", "vil_lgd": 290252, "district_name": "Tinsukia", "dist_lgd": 302, "subdistrict_name": "Doom Dooma", "sdcode": 2060, "block_name": "Hapjan", "block_lgd": 93.0, "gp_name": "BAGHJAN", "state_name": "ASSAM", "state_lgd": 18, "population": 4488, "households": 872}, "geometry": {"type": "Polygon", "coordinates": [[[95.40333000000001, 27.582570000000004], [95.40086000000001, 27.582400000000003], [95.3961, 27.58442], [95.38640000000001, 27.584760000000003], [95.37975, 27.58594], [95.36074, 27.593860000000003], [95.37443, 27.601440000000004], [95.38222, 27.60312], [95.39021000000001, 27.59419], [95.39895000000001, 27.59165], [95.40177000000001, 27.588230000000003], [95.40267000000001, 27.585200000000004], [95.40333000000001, 27.582570000000004]]]}}, {"id": "831", "type": "Feature", "properties": {"village_name": "Dighal Tarang T E", "vil_lgd": 290223, "district_name": "Tinsukia", "dist_lgd": 302, "subdistrict_name": "Doom Dooma", "sdcode": 2060, "block_name": "Hapjan", "block_lgd": 93.0, "gp_name": "BAGHJAN", "state_name": "ASSAM", "state_lgd": 18, "population": 459, "households": 79}, "geometry": {"type": "Polygon", "coordinates": [[[95.40712, 27.62272], [95.40727000000001, 27.618380000000002], [95.40073000000001, 27.61522], [95.37899, 27.611210000000003], [95.3807, 27.615090000000002], [95.37851, 27.617020000000004], [95.38278000000001, 27.619550000000004], [95.39384000000001, 27.623020000000004], [95.39562000000001, 27.625230000000002], [95.39969, 27.623770000000004], [95.40222000000001, 27.624560000000002], [95.40371, 27.626400000000004], [95.40578000000001, 27.62667], [95.40712, 27.62272]]]}}, {"id": "832", "type": "Feature", "properties": {"village_name": "Dighaltarang T E", "vil_lgd": 290249, "district_name": "Tinsukia", "dist_lgd": 302, "subdistrict_name": "Doom Dooma", "sdcode": 2060, "block_name": "Hapjan", "block_lgd": 93.0, "gp_name": "BAGHJAN", "state_name": "ASSAM", "state_lgd": 18, "population": 3468, "households": 681}, "geometry": {"type": "Polygon", "coordinates": [[[95.39021000000001, 27.59419], [95.38222, 27.60312], [95.38146, 27.605150000000002], [95.38742, 27.60734], [95.39559000000001, 27.603920000000002], [95.39737000000001, 27.601160000000004], [95.39021000000001, 27.59419]]]}}, {"id": "833", "type": "Feature", "properties": {"village_name": "Baghjan T E", "vil_lgd": 290248, "district_name": "Tinsukia", "dist_lgd": 302, "subdistrict_name": "Doom Dooma", "sdcode": 2060, "block_name": "Hapjan", "block_lgd": 93.0, "gp_name": "KORDAIGURI", "state_name": "ASSAM", "state_lgd": 18, "population": 823, "households": 171}, "geometry": {"type": "Polygon", "coordinates": [[[95.39737000000001, 27.601160000000004], [95.39559000000001, 27.603920000000002], [95.38742, 27.60734], [95.38146, 27.605150000000002], [95.37842, 27.60734], [95.37899, 27.611210000000003], [95.40073000000001, 27.61522], [95.40727000000001, 27.618380000000002], [95.40688, 27.613660000000003], [95.40807000000001, 27.608660000000004], [95.39737000000001, 27.601160000000004]]]}}, {"id": "834", "type": "Feature", "properties": {"village_name": "Gorangjan", "vil_lgd": 290488, "district_name": "Tinsukia", "dist_lgd": 302, "subdistrict_name": "Tinsukia", "sdcode": 2061, "block_name": "Guijan", "block_lgd": 95.0, "gp_name": "", "state_name": "ASSAM", "state_lgd": 18, "population": 0, "households": 0}, "geometry": {"type": "Polygon", "coordinates": [[[95.32613, 27.57795], [95.32212000000001, 27.573870000000003], [95.31736000000001, 27.570570000000004], [95.30919, 27.56978], [95.30384000000001, 27.5682], [95.29778, 27.579610000000002], [95.30027000000001, 27.57994], [95.29916000000001, 27.583230000000004], [95.30032000000001, 27.584940000000003], [95.30193000000001, 27.58463], [95.30204, 27.583740000000002], [95.30460000000001, 27.582050000000002], [95.31825, 27.587110000000003], [95.33029, 27.584850000000003], [95.32613, 27.57795]]]}}, {"id": "835", "type": "Feature", "properties": {"village_name": "Erasuti Gaon", "vil_lgd": 290490, "district_name": "Tinsukia", "dist_lgd": 302, "subdistrict_name": "Tinsukia", "sdcode": 2061, "block_name": "Guijan", "block_lgd": 95.0, "gp_name": "GUIJAN", "state_name": "ASSAM", "state_lgd": 18, "population": 316, "households": 77}, "geometry": {"type": "Polygon", "coordinates": [[[95.34054, 27.580420000000004], [95.33816, 27.583450000000003], [95.34036, 27.5908], [95.34214000000001, 27.587010000000003], [95.34604, 27.581740000000003], [95.34054, 27.580420000000004]]]}}, {"id": "836", "type": "Feature", "properties": {"village_name": "Lahari Kachari Gaon OG", "vil_lgd": 290743, "district_name": "Tinsukia", "dist_lgd": 302, "subdistrict_name": "Tinsukia", "sdcode": 2061, "block_name": "", "block_lgd": null, "gp_name": "", "state_name": "ASSAM", "state_lgd": 18, "population": 0, "households": 0}, "geometry": {"type": "Polygon", "coordinates": [[[95.35649000000001, 27.49874], [95.35311, 27.501040000000003], [95.34893000000001, 27.50543], [95.35239000000001, 27.50691], [95.35519000000001, 27.509310000000003], [95.3606, 27.508300000000002], [95.36388000000001, 27.506400000000003], [95.36374, 27.504630000000002], [95.36023, 27.500590000000003], [95.35752000000001, 27.499660000000002], [95.35649000000001, 27.49874]]]}}, {"id": "837", "type": "Feature", "properties": {"village_name": "Hengaluguri Gaon OG", "vil_lgd": 290744, "district_name": "Tinsukia", "dist_lgd": 302, "subdistrict_name": "Tinsukia", "sdcode": 2061, "block_name": "", "block_lgd": null, "gp_name": "", "state_name": "ASSAM", "state_lgd": 18, "population": 0, "households": 0}, "geometry": {"type": "Polygon", "coordinates": [[[95.3524, 27.492910000000002], [95.34099, 27.49714], [95.33671000000001, 27.499990000000004], [95.33520000000001, 27.502290000000002], [95.33885000000001, 27.50223], [95.34893000000001, 27.50543], [95.35311, 27.501040000000003], [95.35649000000001, 27.49874], [95.3524, 27.493650000000002], [95.3524, 27.492910000000002]]]}}, {"id": "838", "type": "Feature", "properties": {"village_name": "Hijuguri Gaon OG", "vil_lgd": 290746, "district_name": "Tinsukia", "dist_lgd": 302, "subdistrict_name": "Tinsukia", "sdcode": 2061, "block_name": "", "block_lgd": null, "gp_name": "", "state_name": "ASSAM", "state_lgd": 18, "population": 0, "households": 0}, "geometry": {"type": "Polygon", "coordinates": [[[95.33785, 27.48148], [95.33842000000001, 27.486420000000003], [95.33773000000001, 27.4887], [95.34301, 27.490080000000003], [95.35234000000001, 27.490350000000003], [95.35210000000001, 27.488970000000002], [95.34577, 27.483890000000002], [95.33785, 27.48148]]]}}, {"id": "839", "type": "Feature", "properties": {"village_name": "Dibru Reserved Forest", "vil_lgd": 999999, "district_name": "Tinsukia", "dist_lgd": 302, "subdistrict_name": "Tinsukia", "sdcode": 2061, "block_name": "", "block_lgd": null, "gp_name": "", "state_name": "ASSAM", "state_lgd": 18, "population": 0, "households": 0}, "geometry": {"type": "Polygon", "coordinates": [[[95.43626, 27.718690000000002], [95.44197000000001, 27.71017], [95.44304000000001, 27.701020000000003], [95.44161000000001, 27.696600000000004], [95.44090000000001, 27.68934], [95.43519, 27.682710000000004], [95.42984000000001, 27.676710000000003], [95.42450000000001, 27.672610000000002], [95.41962000000001, 27.661530000000003], [95.41416000000001, 27.646710000000002], [95.41166000000001, 27.64197], [95.40988, 27.638820000000003], [95.40489000000001, 27.63313], [95.39562000000001, 27.625230000000002], [95.39384000000001, 27.623020000000004], [95.38278000000001, 27.619550000000004], [95.37851, 27.617020000000004], [95.37565000000001, 27.612910000000003], [95.36995, 27.60723], [95.35961, 27.599960000000003], [95.34785000000001, 27.595540000000003], [95.34036, 27.5908], [95.33816, 27.583450000000003], [95.33371000000001, 27.584760000000003], [95.33029, 27.584850000000003], [95.31825, 27.587110000000003], [95.31647000000001, 27.592240000000004], [95.31670000000001, 27.59643], [95.31315000000001, 27.600080000000002], [95.3105, 27.60725], [95.30873000000001, 27.60967], [95.30792000000001, 27.615460000000002], [95.28913000000001, 27.663800000000002], [95.28594000000001, 27.666590000000003], [95.27642, 27.678330000000003], [95.27231, 27.681050000000003], [95.26973000000001, 27.681420000000003], [95.27236, 27.6854], [95.2737, 27.689320000000002], [95.28252, 27.69527], [95.28960000000001, 27.6978], [95.29808000000001, 27.69714], [95.30529000000001, 27.6992], [95.33171, 27.699600000000004], [95.34657000000001, 27.701340000000002], [95.36094000000001, 27.707410000000003], [95.3636, 27.709310000000002], [95.36694000000001, 27.713680000000004], [95.38124, 27.723380000000002], [95.39483000000001, 27.73139], [95.39753, 27.735030000000002], [95.40703, 27.728790000000004], [95.41772, 27.724690000000002], [95.42806, 27.723110000000002], [95.43626, 27.718690000000002]]]}}, {"id": "840", "type": "Feature", "properties": {"village_name": "Tangana T E", "vil_lgd": 290381, "district_name": "Tinsukia", "dist_lgd": 302, "subdistrict_name": "Doom Dooma", "sdcode": 2060, "block_name": "Kakapathar", "block_lgd": 94.0, "gp_name": "TANGANA", "state_name": "ASSAM", "state_lgd": 18, "population": 5098, "households": 1015}, "geometry": {"type": "Polygon", "coordinates": [[[95.72546000000001, 27.606], [95.73586, 27.607190000000003], [95.74507000000001, 27.60666], [95.74761000000001, 27.604370000000003], [95.74407000000001, 27.596880000000002], [95.74332000000001, 27.591810000000002], [95.74121000000001, 27.58714], [95.73789000000001, 27.58367], [95.73654, 27.58087], [95.73051000000001, 27.572820000000004], [95.72502000000001, 27.571240000000003], [95.72026000000001, 27.589940000000002], [95.71982000000001, 27.592710000000004], [95.72234, 27.59429], [95.72264000000001, 27.59718], [95.71952, 27.59916], [95.70645, 27.60311], [95.70066000000001, 27.60337], [95.70348000000001, 27.608770000000003], [95.70511, 27.614160000000002], [95.70838, 27.613640000000004], [95.71031, 27.611140000000002], [95.72086, 27.60771], [95.72546000000001, 27.606]]]}}, {"id": "841", "type": "Feature", "properties": {"village_name": "Duarmara Tea Co", "vil_lgd": 290819, "district_name": "Tinsukia", "dist_lgd": 302, "subdistrict_name": "Margherita", "sdcode": 2062, "block_name": "Kakapathar", "block_lgd": 94.0, "gp_name": "DUARMARA", "state_name": "ASSAM", "state_lgd": 18, "population": 1273, "households": 279}, "geometry": {"type": "Polygon", "coordinates": [[[95.69532000000001, 27.491400000000002], [95.68524000000001, 27.491730000000004], [95.67307000000001, 27.493080000000003], [95.66927000000001, 27.494100000000003], [95.65507000000001, 27.49489], [95.65507000000001, 27.502370000000003], [95.66614000000001, 27.501790000000003], [95.67735, 27.499630000000003], [95.68626, 27.49489], [95.69636000000001, 27.49331], [95.69532000000001, 27.491400000000002]]]}}, {"id": "842", "type": "Feature", "properties": {"village_name": "Duarmara Tea Co", "vil_lgd": 290820, "district_name": "Tinsukia", "dist_lgd": 302, "subdistrict_name": "Margherita", "sdcode": 2062, "block_name": "Kakapathar", "block_lgd": 94.0, "gp_name": "DUARMARA", "state_name": "ASSAM", "state_lgd": 18, "population": 1062, "households": 225}, "geometry": {"type": "Polygon", "coordinates": [[[95.65536, 27.487250000000003], [95.65507000000001, 27.49489], [95.66927000000001, 27.494100000000003], [95.67307000000001, 27.493080000000003], [95.67307000000001, 27.48701], [95.65536, 27.487250000000003]]]}}, {"id": "843", "type": "Feature", "properties": {"village_name": "Duarmara Tea Co", "vil_lgd": 290821, "district_name": "Tinsukia", "dist_lgd": 302, "subdistrict_name": "Margherita", "sdcode": 2062, "block_name": "Kakapathar", "block_lgd": 94.0, "gp_name": "DUARMARA", "state_name": "ASSAM", "state_lgd": 18, "population": 182, "households": 34}, "geometry": {"type": "Polygon", "coordinates": [[[95.65477000000001, 27.469060000000002], [95.65566000000001, 27.470900000000004], [95.65596000000001, 27.47697], [95.65536, 27.487250000000003], [95.67307000000001, 27.48701], [95.67250000000001, 27.48178], [95.67307000000001, 27.47959], [95.67592, 27.478410000000004], [95.67497, 27.47352], [95.6628, 27.469970000000004], [95.65477000000001, 27.469060000000002]]]}}, {"id": "844", "type": "Feature", "properties": {"village_name": "Duarmara Tea Co", "vil_lgd": 290818, "district_name": "Tinsukia", "dist_lgd": 302, "subdistrict_name": "Margherita", "sdcode": 2062, "block_name": "Kakapathar", "block_lgd": 94.0, "gp_name": "DUARMARA", "state_name": "ASSAM", "state_lgd": 18, "population": 175, "households": 47}, "geometry": {"type": "Polygon", "coordinates": [[[95.67592, 27.478410000000004], [95.67307000000001, 27.47959], [95.67250000000001, 27.48178], [95.67307000000001, 27.48701], [95.67307000000001, 27.493080000000003], [95.68524000000001, 27.491730000000004], [95.68429, 27.485490000000002], [95.68505, 27.48026], [95.68372000000001, 27.477400000000003], [95.67592, 27.478410000000004]]]}}, {"id": "845", "type": "Feature", "properties": {"village_name": "Duarmara Tea Co", "vil_lgd": 290817, "district_name": "Tinsukia", "dist_lgd": 302, "subdistrict_name": "Margherita", "sdcode": 2062, "block_name": "Kakapathar", "block_lgd": 94.0, "gp_name": "DUARMARA", "state_name": "ASSAM", "state_lgd": 18, "population": 881, "households": 193}, "geometry": {"type": "Polygon", "coordinates": [[[95.69399000000001, 27.476210000000002], [95.68923000000001, 27.476720000000004], [95.68372000000001, 27.477400000000003], [95.68505, 27.48026], [95.68429, 27.485490000000002], [95.68524000000001, 27.491730000000004], [95.69532000000001, 27.491400000000002], [95.69551000000001, 27.484820000000003], [95.69399000000001, 27.476210000000002]]]}}, {"id": "846", "type": "Feature", "properties": {"village_name": "Balijan N C", "vil_lgd": 290825, "district_name": "Tinsukia", "dist_lgd": 302, "subdistrict_name": "Margherita", "sdcode": 2062, "block_name": "Kakapathar", "block_lgd": 94.0, "gp_name": "LEKHA PANI", "state_name": "ASSAM", "state_lgd": 18, "population": 568, "households": 111}, "geometry": {"type": "Polygon", "coordinates": [[[95.69152000000001, 27.46845], [95.68752, 27.467440000000003], [95.67731, 27.466970000000003], [95.67687000000001, 27.46694], [95.67659, 27.472440000000002], [95.68215000000001, 27.47004], [95.68557000000001, 27.469910000000002], [95.68814, 27.471680000000003], [95.68923000000001, 27.476720000000004], [95.69399000000001, 27.476210000000002], [95.69399000000001, 27.47183], [95.69152000000001, 27.46845]]]}}, {"id": "847", "type": "Feature", "properties": {"village_name": "Balijan", "vil_lgd": 290824, "district_name": "Tinsukia", "dist_lgd": 302, "subdistrict_name": "Margherita", "sdcode": 2062, "block_name": "Kakapathar", "block_lgd": 94.0, "gp_name": "DUARMARA", "state_name": "ASSAM", "state_lgd": 18, "population": 582, "households": 118}, "geometry": {"type": "Polygon", "coordinates": [[[95.68372000000001, 27.477400000000003], [95.68923000000001, 27.476720000000004], [95.68814, 27.471680000000003], [95.68557000000001, 27.469910000000002], [95.68215000000001, 27.47004], [95.67659, 27.472440000000002], [95.67497, 27.47352], [95.67592, 27.478410000000004], [95.68372000000001, 27.477400000000003]]]}}, {"id": "848", "type": "Feature", "properties": {"village_name": "Bebejia", "vil_lgd": 290822, "district_name": "Tinsukia", "dist_lgd": 302, "subdistrict_name": "Margherita", "sdcode": 2062, "block_name": "Kakapathar", "block_lgd": 94.0, "gp_name": "DUARMARA", "state_name": "ASSAM", "state_lgd": 18, "population": 389, "households": 84}, "geometry": {"type": "Polygon", "coordinates": [[[95.66632000000001, 27.461940000000002], [95.65328000000001, 27.46458], [95.65477000000001, 27.469060000000002], [95.6628, 27.469970000000004], [95.67497, 27.47352], [95.67659, 27.472440000000002], [95.67687000000001, 27.46694], [95.67359, 27.466880000000003], [95.66903, 27.465480000000003], [95.66632000000001, 27.461940000000002]]]}}, {"id": "849", "type": "Feature", "properties": {"village_name": "Bebejia N C", "vil_lgd": 290823, "district_name": "Tinsukia", "dist_lgd": 302, "subdistrict_name": "Margherita", "sdcode": 2062, "block_name": "Kakapathar", "block_lgd": 94.0, "gp_name": "DUARMARA", "state_name": "ASSAM", "state_lgd": 18, "population": 287, "households": 57}, "geometry": {"type": "Polygon", "coordinates": [[[95.67203, 27.46017], [95.66632000000001, 27.461940000000002], [95.66903, 27.465480000000003], [95.67359, 27.466880000000003], [95.67687000000001, 27.46694], [95.67731, 27.466970000000003], [95.67602000000001, 27.46055], [95.67203, 27.46017]]]}}, {"id": "850", "type": "Feature", "properties": {"village_name": "Nalani Gaon", "vil_lgd": 290815, "district_name": "Tinsukia", "dist_lgd": 302, "subdistrict_name": "Margherita", "sdcode": 2062, "block_name": "Kakapathar", "block_lgd": 94.0, "gp_name": "DUARMARA", "state_name": "ASSAM", "state_lgd": 18, "population": 761, "households": 156}, "geometry": {"type": "Polygon", "coordinates": [[[95.71738, 27.491930000000004], [95.72051, 27.49256], [95.71994000000001, 27.48851], [95.72493000000001, 27.483580000000003], [95.71609000000001, 27.482440000000004], [95.71424, 27.47586], [95.71039, 27.473460000000003], [95.70511, 27.473460000000003], [95.69727, 27.466880000000003], [95.67602000000001, 27.46055], [95.67731, 27.466970000000003], [95.68752, 27.467440000000003], [95.69152000000001, 27.46845], [95.69399000000001, 27.47183], [95.69399000000001, 27.476210000000002], [95.69551000000001, 27.484820000000003], [95.69532000000001, 27.491400000000002], [95.69636000000001, 27.49331], [95.70201, 27.494360000000004], [95.70498, 27.498050000000003], [95.71139000000001, 27.494080000000004], [95.71738, 27.491930000000004]]]}}, {"id": "851", "type": "Feature", "properties": {"village_name": "Nalani Gaon N C", "vil_lgd": 290826, "district_name": "Tinsukia", "dist_lgd": 302, "subdistrict_name": "Margherita", "sdcode": 2062, "block_name": "Kakapathar", "block_lgd": 94.0, "gp_name": "DHARMARA", "state_name": "ASSAM", "state_lgd": 18, "population": 380, "households": 65}, "geometry": {"type": "Polygon", "coordinates": [[[95.70269, 27.46506], [95.69727, 27.466880000000003], [95.70511, 27.473460000000003], [95.71039, 27.473460000000003], [95.71296000000001, 27.470450000000003], [95.7103, 27.465560000000004], [95.70269, 27.46506]]]}}, {"id": "852", "type": "Feature", "properties": {"village_name": "Phapolajan", "vil_lgd": 290835, "district_name": "Tinsukia", "dist_lgd": 302, "subdistrict_name": "Margherita", "sdcode": 2062, "block_name": "Margherita", "block_lgd": 97.0, "gp_name": "BORMAJAN", "state_name": "ASSAM", "state_lgd": 18, "population": 626, "households": 136}, "geometry": {"type": "Polygon", "coordinates": [[[95.71296000000001, 27.470450000000003], [95.71039, 27.473460000000003], [95.71424, 27.47586], [95.71609000000001, 27.482440000000004], [95.72493000000001, 27.483580000000003], [95.73027, 27.48429], [95.73426, 27.474330000000002], [95.72703000000001, 27.472820000000002], [95.72000000000001, 27.470290000000002], [95.71296000000001, 27.470450000000003]]]}}, {"id": "853", "type": "Feature", "properties": {"village_name": "Golai Gaon", "vil_lgd": 290908, "district_name": "Tinsukia", "dist_lgd": 302, "subdistrict_name": "Margherita", "sdcode": 2062, "block_name": "Margherita", "block_lgd": 97.0, "gp_name": "GOLAI", "state_name": "ASSAM", "state_lgd": 18, "population": 3996, "households": 896}, "geometry": {"type": "Polygon", "coordinates": [[[95.61461000000001, 27.36868], [95.60415, 27.369950000000003], [95.59655000000001, 27.369950000000003], [95.59297000000001, 27.367790000000003], [95.58762, 27.377810000000004], [95.59466, 27.380250000000004], [95.59923, 27.384140000000002], [95.60113000000001, 27.3838], [95.60208, 27.38042], [95.60512000000001, 27.380090000000003], [95.61216, 27.374850000000002], [95.61461000000001, 27.36868]]]}}, {"id": "854", "type": "Feature", "properties": {"village_name": "Borbil Gaon", "vil_lgd": 290911, "district_name": "Tinsukia", "dist_lgd": 302, "subdistrict_name": "Margherita", "sdcode": 2062, "block_name": "Margherita", "block_lgd": 97.0, "gp_name": "BARBIL", "state_name": "ASSAM", "state_lgd": 18, "population": 2329, "households": 549}, "geometry": {"type": "Polygon", "coordinates": [[[95.58317000000001, 27.385730000000002], [95.57871, 27.393120000000003], [95.57931, 27.397070000000003], [95.59297000000001, 27.40314], [95.60248000000001, 27.409200000000002], [95.60303, 27.40001], [95.60588000000001, 27.39646], [95.59447, 27.392070000000004], [95.58317000000001, 27.385730000000002]]]}}, {"id": "855", "type": "Feature", "properties": {"village_name": "Borbil Gaon", "vil_lgd": 290912, "district_name": "Tinsukia", "dist_lgd": 302, "subdistrict_name": "Margherita", "sdcode": 2062, "block_name": "Margherita", "block_lgd": 97.0, "gp_name": "BARBIL", "state_name": "ASSAM", "state_lgd": 18, "population": 3177, "households": 696}, "geometry": {"type": "Polygon", "coordinates": [[[95.60113000000001, 27.3838], [95.59923, 27.384140000000002], [95.59466, 27.380250000000004], [95.58762, 27.377810000000004], [95.58525, 27.37966], [95.58317000000001, 27.385730000000002], [95.59447, 27.392070000000004], [95.60588000000001, 27.39646], [95.60854, 27.39157], [95.60436000000001, 27.389200000000002], [95.60113000000001, 27.3838]]]}}, {"id": "856", "type": "Feature", "properties": {"village_name": "Bapapung", "vil_lgd": 290910, "district_name": "Tinsukia", "dist_lgd": 302, "subdistrict_name": "Margherita", "sdcode": 2062, "block_name": "Margherita", "block_lgd": 97.0, "gp_name": "GOLAI", "state_name": "ASSAM", "state_lgd": 18, "population": 528, "households": 105}, "geometry": {"type": "Polygon", "coordinates": [[[95.60854, 27.39157], [95.60588000000001, 27.39646], [95.60303, 27.40001], [95.60248000000001, 27.409200000000002], [95.60753000000001, 27.410000000000004], [95.61146000000001, 27.41101], [95.61791000000001, 27.398010000000003], [95.61444, 27.395960000000002], [95.60854, 27.39157]]]}}, {"id": "857", "type": "Feature", "properties": {"village_name": "Makum Killa Forest Village", "vil_lgd": 291061, "district_name": "Tinsukia", "dist_lgd": 302, "subdistrict_name": "Margherita", "sdcode": 2062, "block_name": "Margherita", "block_lgd": 97.0, "gp_name": "", "state_name": "ASSAM", "state_lgd": 18, "population": 486, "households": 98}, "geometry": {"type": "Polygon", "coordinates": [[[95.61791000000001, 27.398010000000003], [95.61146000000001, 27.41101], [95.62179, 27.413690000000003], [95.62984, 27.405070000000002], [95.61791000000001, 27.398010000000003]]]}}, {"id": "858", "type": "Feature", "properties": {"village_name": "Digboi", "vil_lgd": 249890, "district_name": "Tinsukia", "dist_lgd": 302, "subdistrict_name": "Margherita", "sdcode": 2062, "block_name": "", "block_lgd": 0.0, "gp_name": "", "state_name": "ASSAM", "state_lgd": 18, "population": 21736, "households": 4643}, "geometry": {"type": "Polygon", "coordinates": [[[95.60208, 27.38042], [95.60113000000001, 27.3838], [95.60436000000001, 27.389200000000002], [95.60854, 27.39157], [95.61444, 27.395960000000002], [95.61791000000001, 27.398010000000003], [95.62984, 27.405070000000002], [95.63802000000001, 27.408620000000003], [95.64161000000001, 27.40752], [95.64200000000001, 27.40464], [95.64543, 27.402710000000003], [95.64448, 27.399330000000003], [95.64068, 27.39579], [95.63478, 27.394270000000002], [95.62813000000001, 27.394270000000002], [95.61273000000001, 27.385830000000002], [95.60208, 27.38042]]]}}, {"id": "859", "type": "Feature", "properties": {"village_name": "A O C Block Ndpt", "vil_lgd": 290909, "district_name": "Tinsukia", "dist_lgd": 302, "subdistrict_name": "Margherita", "sdcode": 2062, "block_name": "Margherita", "block_lgd": 97.0, "gp_name": "BARBIL", "state_name": "ASSAM", "state_lgd": 18, "population": 678, "households": 165}, "geometry": {"type": "Polygon", "coordinates": [[[95.64842, 27.401980000000002], [95.64543, 27.402710000000003], [95.64200000000001, 27.40464], [95.64161000000001, 27.40752], [95.65266000000001, 27.403050000000004], [95.64842, 27.401980000000002]]]}}, {"id": "860", "type": "Feature", "properties": {"village_name": "Golai Gaon", "vil_lgd": 290906, "district_name": "Tinsukia", "dist_lgd": 302, "subdistrict_name": "Margherita", "sdcode": 2062, "block_name": "Margherita", "block_lgd": 97.0, "gp_name": "GOLAI", "state_name": "ASSAM", "state_lgd": 18, "population": 743, "households": 160}, "geometry": {"type": "Polygon", "coordinates": [[[95.63250000000001, 27.355510000000002], [95.63307, 27.36614], [95.64590000000001, 27.36701], [95.64828000000001, 27.367160000000002], [95.65189000000001, 27.365810000000003], [95.65455000000001, 27.36277], [95.63744000000001, 27.356350000000003], [95.63250000000001, 27.355510000000002]]]}}, {"id": "861", "type": "Feature", "properties": {"village_name": "Golai Gaon", "vil_lgd": 290905, "district_name": "Tinsukia", "dist_lgd": 302, "subdistrict_name": "Margherita", "sdcode": 2062, "block_name": "Margherita", "block_lgd": 97.0, "gp_name": "GOLAI", "state_name": "ASSAM", "state_lgd": 18, "population": 1014, "households": 223}, "geometry": {"type": "Polygon", "coordinates": [[[95.65455000000001, 27.36277], [95.65189000000001, 27.365810000000003], [95.64828000000001, 27.367160000000002], [95.64590000000001, 27.36701], [95.65151, 27.372220000000002], [95.65759000000001, 27.374920000000003], [95.65912, 27.371550000000003], [95.66102000000001, 27.369690000000002], [95.66501000000001, 27.368340000000003], [95.66425000000001, 27.365640000000003], [95.65455000000001, 27.36277]]]}}, {"id": "862", "type": "Feature", "properties": {"village_name": "Powai Forest Village", "vil_lgd": 291052, "district_name": "Tinsukia", "dist_lgd": 302, "subdistrict_name": "Margherita", "sdcode": 2062, "block_name": "Margherita", "block_lgd": 97.0, "gp_name": "POWAI", "state_name": "ASSAM", "state_lgd": 18, "population": 1723, "households": 319}, "geometry": {"type": "Polygon", "coordinates": [[[95.66425000000001, 27.365640000000003], [95.66501000000001, 27.368340000000003], [95.66102000000001, 27.369690000000002], [95.65912, 27.371550000000003], [95.65759000000001, 27.374920000000003], [95.66273000000001, 27.376780000000004], [95.66634, 27.37543], [95.66957000000001, 27.36614], [95.66425000000001, 27.365640000000003]]]}}, {"id": "863", "type": "Feature", "properties": {"village_name": "Duarmara Gaon", "vil_lgd": 290816, "district_name": "Tinsukia", "dist_lgd": 302, "subdistrict_name": "Margherita", "sdcode": 2062, "block_name": "Kakapathar", "block_lgd": 94.0, "gp_name": "DUARMARA", "state_name": "ASSAM", "state_lgd": 18, "population": 284, "households": 57}, "geometry": {"type": "Polygon", "coordinates": [[[95.71738, 27.491930000000004], [95.71139000000001, 27.494080000000004], [95.70498, 27.498050000000003], [95.70795000000001, 27.502530000000004], [95.71177, 27.502250000000004], [95.71861000000001, 27.507120000000004], [95.7241, 27.506990000000002], [95.71861000000001, 27.500140000000002], [95.71816000000001, 27.498030000000004], [95.72051, 27.49256], [95.71738, 27.491930000000004]]]}}, {"id": "864", "type": "Feature", "properties": {"village_name": "Duwarmara Pathar", "vil_lgd": 290790, "district_name": "Tinsukia", "dist_lgd": 302, "subdistrict_name": "Margherita", "sdcode": 2062, "block_name": "Kakapathar", "block_lgd": 94.0, "gp_name": "BIJULI BAM", "state_name": "ASSAM", "state_lgd": 18, "population": 577, "households": 118}, "geometry": {"type": "Polygon", "coordinates": [[[95.72051, 27.49256], [95.71816000000001, 27.498030000000004], [95.71861000000001, 27.500140000000002], [95.7241, 27.506990000000002], [95.72796000000001, 27.504880000000004], [95.73019000000001, 27.502380000000002], [95.73138, 27.495790000000003], [95.73049, 27.493810000000003], [95.72767, 27.492630000000002], [95.72051, 27.49256]]]}}, {"id": "865", "type": "Feature", "properties": {"village_name": "Duwarmara Gaon", "vil_lgd": 290791, "district_name": "Tinsukia", "dist_lgd": 302, "subdistrict_name": "Margherita", "sdcode": 2062, "block_name": "Kakapathar", "block_lgd": 94.0, "gp_name": "BIJULI BAM", "state_name": "ASSAM", "state_lgd": 18, "population": 413, "households": 92}, "geometry": {"type": "Polygon", "coordinates": [[[95.72493000000001, 27.483580000000003], [95.71994000000001, 27.48851], [95.72051, 27.49256], [95.72767, 27.492630000000002], [95.73049, 27.493810000000003], [95.73138, 27.495790000000003], [95.73019000000001, 27.502380000000002], [95.74044, 27.501720000000002], [95.74371000000001, 27.502380000000002], [95.74148000000001, 27.494210000000002], [95.73807000000001, 27.490260000000003], [95.7296, 27.486960000000003], [95.73027, 27.48429], [95.72493000000001, 27.483580000000003]]]}}, {"id": "866", "type": "Feature", "properties": {"village_name": "Phillobari T E Co Darkhast", "vil_lgd": 290780, "district_name": "Tinsukia", "dist_lgd": 302, "subdistrict_name": "Margherita", "sdcode": 2062, "block_name": "Kakapathar", "block_lgd": 94.0, "gp_name": "BIJULI BAM", "state_name": "ASSAM", "state_lgd": 18, "population": 1302, "households": 270}, "geometry": {"type": "Polygon", "coordinates": [[[95.74995000000001, 27.53545], [95.73389, 27.53685], [95.73469000000001, 27.53863], [95.73372, 27.54023], [95.72681000000001, 27.551700000000004], [95.72607, 27.552850000000003], [95.73291, 27.556540000000002], [95.74004000000001, 27.558120000000002], [95.74000000000001, 27.55468], [95.74163000000001, 27.548090000000002], [95.74668000000001, 27.54098], [95.74995000000001, 27.53545]]]}}, {"id": "867", "type": "Feature", "properties": {"village_name": "Mailapung", "vil_lgd": 290782, "district_name": "Tinsukia", "dist_lgd": 302, "subdistrict_name": "Margherita", "sdcode": 2062, "block_name": "Kakapathar", "block_lgd": 94.0, "gp_name": "BIJULI BAM", "state_name": "ASSAM", "state_lgd": 18, "population": 991, "households": 201}, "geometry": {"type": "Polygon", "coordinates": [[[95.73955000000001, 27.5224], [95.73628000000001, 27.523200000000003], [95.73495000000001, 27.524780000000003], [95.7348, 27.52794], [95.73792, 27.530310000000004], [95.74609000000001, 27.529650000000004], [95.73955000000001, 27.5224]]]}}, {"id": "868", "type": "Feature", "properties": {"village_name": "Philobari T E", "vil_lgd": 290781, "district_name": "Tinsukia", "dist_lgd": 302, "subdistrict_name": "Margherita", "sdcode": 2062, "block_name": "Kakapathar", "block_lgd": 94.0, "gp_name": "BIJULI BAM", "state_name": "ASSAM", "state_lgd": 18, "population": 3698, "households": 718}, "geometry": {"type": "Polygon", "coordinates": [[[95.7501, 27.529780000000002], [95.74609000000001, 27.529650000000004], [95.73792, 27.530310000000004], [95.7348, 27.52794], [95.73495000000001, 27.524780000000003], [95.73628000000001, 27.523200000000003], [95.73955000000001, 27.5224], [95.74074, 27.51819], [95.73985, 27.507520000000003], [95.73792, 27.50541], [95.73019000000001, 27.502380000000002], [95.72796000000001, 27.504880000000004], [95.7241, 27.506990000000002], [95.71861000000001, 27.507120000000004], [95.71177, 27.502250000000004], [95.70795000000001, 27.502530000000004], [95.71865000000001, 27.515970000000003], [95.73187000000001, 27.53348], [95.73389, 27.53685], [95.74995000000001, 27.53545], [95.7501, 27.529780000000002]]]}}, {"id": "869", "type": "Feature", "properties": {"village_name": "Phillobari T E Darkhast", "vil_lgd": 290779, "district_name": "Tinsukia", "dist_lgd": 302, "subdistrict_name": "Margherita", "sdcode": 2062, "block_name": "Kakapathar", "block_lgd": 94.0, "gp_name": "BIJULI BAM", "state_name": "ASSAM", "state_lgd": 18, "population": 424, "households": 88}, "geometry": {"type": "Polygon", "coordinates": [[[95.74995000000001, 27.53545], [95.74668000000001, 27.54098], [95.74163000000001, 27.548090000000002], [95.74000000000001, 27.55468], [95.74004000000001, 27.558120000000002], [95.74984, 27.559700000000003], [95.75158, 27.558100000000003], [95.75352000000001, 27.55336], [95.75337, 27.55007], [95.75663, 27.543090000000003], [95.75812, 27.537950000000002], [95.75708, 27.53571], [95.75500000000001, 27.535580000000003], [95.74995000000001, 27.53545]]]}}, {"id": "870", "type": "Feature", "properties": {"village_name": "Namhollong Gaon", "vil_lgd": 290763, "district_name": "Tinsukia", "dist_lgd": 302, "subdistrict_name": "Margherita", "sdcode": 2062, "block_name": "Kakapathar", "block_lgd": 94.0, "gp_name": "KAILASHPUR", "state_name": "ASSAM", "state_lgd": 18, "population": 464, "households": 87}, "geometry": {"type": "Polygon", "coordinates": [[[95.77397, 27.57945], [95.77739000000001, 27.57928], [95.77796000000001, 27.57541], [95.76921, 27.567310000000003], [95.76446000000001, 27.56782], [95.77036000000001, 27.58097], [95.77397, 27.57945]]]}}, {"id": "871", "type": "Feature", "properties": {"village_name": "Dighali Pathar", "vil_lgd": 290765, "district_name": "Tinsukia", "dist_lgd": 302, "subdistrict_name": "Margherita", "sdcode": 2062, "block_name": "Kakapathar", "block_lgd": 94.0, "gp_name": "KAILASHPUR", "state_name": "ASSAM", "state_lgd": 18, "population": 963, "households": 177}, "geometry": {"type": "Polygon", "coordinates": [[[95.80002, 27.570850000000004], [95.81009, 27.570020000000003], [95.80857, 27.569000000000003], [95.80439000000001, 27.561580000000003], [95.79507000000001, 27.558380000000003], [95.78424000000001, 27.563270000000003], [95.78081, 27.566300000000002], [95.77796000000001, 27.57541], [95.77739000000001, 27.57928], [95.77891000000001, 27.58198], [95.7907, 27.580800000000004], [95.79298000000001, 27.579790000000003], [95.79298000000001, 27.57625], [95.79469, 27.573050000000002], [95.80002, 27.570850000000004]]]}}, {"id": "872", "type": "Feature", "properties": {"village_name": "Madarkhat Gaon", "vil_lgd": 290760, "district_name": "Tinsukia", "dist_lgd": 302, "subdistrict_name": "Margherita", "sdcode": 2062, "block_name": "Kakapathar", "block_lgd": 94.0, "gp_name": "KAILASHPUR", "state_name": "ASSAM", "state_lgd": 18, "population": 436, "households": 83}, "geometry": {"type": "Polygon", "coordinates": [[[95.76864, 27.562260000000002], [95.76921, 27.567310000000003], [95.77796000000001, 27.57541], [95.78081, 27.566300000000002], [95.78062000000001, 27.56276], [95.76864, 27.562260000000002]]]}}, {"id": "873", "type": "Feature", "properties": {"village_name": "Hollong Guti Bari N C", "vil_lgd": 290768, "district_name": "Tinsukia", "dist_lgd": 302, "subdistrict_name": "Margherita", "sdcode": 2062, "block_name": "Kakapathar", "block_lgd": 94.0, "gp_name": "BURIDIHING", "state_name": "ASSAM", "state_lgd": 18, "population": 405, "households": 72}, "geometry": {"type": "Polygon", "coordinates": [[[95.76864, 27.562260000000002], [95.78062000000001, 27.56276], [95.77625, 27.5572], [95.77568000000001, 27.553490000000004], [95.77663000000001, 27.54961], [95.77606, 27.5454], [95.76465, 27.54894], [95.76161, 27.550790000000003], [95.76085, 27.558040000000002], [95.75933, 27.560910000000003], [95.75686, 27.56125], [95.74984, 27.559700000000003], [95.75816, 27.567870000000003], [95.76446000000001, 27.56782], [95.76921, 27.567310000000003], [95.76864, 27.562260000000002]]]}}, {"id": "874", "type": "Feature", "properties": {"village_name": "Borhollong", "vil_lgd": 290769, "district_name": "Tinsukia", "dist_lgd": 302, "subdistrict_name": "Margherita", "sdcode": 2062, "block_name": "Kakapathar", "block_lgd": 94.0, "gp_name": "BURIDIHING", "state_name": "ASSAM", "state_lgd": 18, "population": 2015, "households": 354}, "geometry": {"type": "Polygon", "coordinates": [[[95.78614, 27.541690000000003], [95.78062000000001, 27.542700000000004], [95.77606, 27.5454], [95.77663000000001, 27.54961], [95.77568000000001, 27.553490000000004], [95.77625, 27.5572], [95.78062000000001, 27.56276], [95.78081, 27.566300000000002], [95.78424000000001, 27.563270000000003], [95.79507000000001, 27.558380000000003], [95.79831, 27.5545], [95.7985, 27.544050000000002], [95.79203000000001, 27.541520000000002], [95.78614, 27.541690000000003]]]}}, {"id": "875", "type": "Feature", "properties": {"village_name": "Tal Pathar", "vil_lgd": 290770, "district_name": "Tinsukia", "dist_lgd": 302, "subdistrict_name": "Margherita", "sdcode": 2062, "block_name": "Kakapathar", "block_lgd": 94.0, "gp_name": "PURANI PUKHURI", "state_name": "ASSAM", "state_lgd": 18, "population": 1772, "households": 319}, "geometry": {"type": "Polygon", "coordinates": [[[95.82361, 27.574220000000004], [95.82486, 27.57165], [95.82771000000001, 27.568980000000003], [95.83030000000001, 27.56332], [95.83222, 27.56227], [95.83329, 27.560070000000003], [95.83599000000001, 27.559260000000002], [95.83762, 27.55984], [95.83615, 27.554170000000003], [95.83500000000001, 27.552480000000003], [95.82131000000001, 27.55552], [95.81637, 27.558380000000003], [95.81409000000001, 27.55956], [95.80781, 27.560070000000003], [95.80439000000001, 27.561580000000003], [95.80857, 27.569000000000003], [95.81009, 27.570020000000003], [95.81573, 27.57383], [95.81759000000001, 27.573710000000002], [95.81845000000001, 27.574980000000004], [95.82023000000001, 27.57459], [95.82361, 27.574220000000004]]]}}, {"id": "876", "type": "Feature", "properties": {"village_name": "Doom Dooma Forest Village", "vil_lgd": 291049, "district_name": "Tinsukia", "dist_lgd": 302, "subdistrict_name": "Margherita", "sdcode": 2062, "block_name": "Kakapathar", "block_lgd": 94.0, "gp_name": "", "state_name": "ASSAM", "state_lgd": 18, "population": 1463, "households": 268}, "geometry": {"type": "Polygon", "coordinates": [[[95.80781, 27.560070000000003], [95.81409000000001, 27.55956], [95.81637, 27.558380000000003], [95.81314, 27.548430000000003], [95.81371000000001, 27.54473], [95.81314, 27.5422], [95.80876, 27.544390000000003], [95.80154, 27.545230000000004], [95.7985, 27.544050000000002], [95.79831, 27.5545], [95.79507000000001, 27.558380000000003], [95.80439000000001, 27.561580000000003], [95.80781, 27.560070000000003]]]}}, {"id": "877", "type": "Feature", "properties": {"village_name": "Phillobari Na Gaon Forest Village", "vil_lgd": 291050, "district_name": "Tinsukia", "dist_lgd": 302, "subdistrict_name": "Margherita", "sdcode": 2062, "block_name": "Kakapathar", "block_lgd": 94.0, "gp_name": "BIJULI BAM", "state_name": "ASSAM", "state_lgd": 18, "population": 1102, "households": 218}, "geometry": {"type": "Polygon", "coordinates": [[[95.82112000000001, 27.534100000000002], [95.81580000000001, 27.53798], [95.81314, 27.5422], [95.81371000000001, 27.54473], [95.81314, 27.548430000000003], [95.81637, 27.558380000000003], [95.82131000000001, 27.55552], [95.83500000000001, 27.552480000000003], [95.83462, 27.549450000000004], [95.83158, 27.547760000000004], [95.82683, 27.54287], [95.82360000000001, 27.535960000000003], [95.82112000000001, 27.534100000000002]]]}}, {"id": "878", "type": "Feature", "properties": {"village_name": "Mahong Gaon", "vil_lgd": 290771, "district_name": "Tinsukia", "dist_lgd": 302, "subdistrict_name": "Margherita", "sdcode": 2062, "block_name": "Kakapathar", "block_lgd": 94.0, "gp_name": "PURANI PUKHURI", "state_name": "ASSAM", "state_lgd": 18, "population": 2330, "households": 400}, "geometry": {"type": "Polygon", "coordinates": [[[95.85174, 27.538990000000002], [95.84965000000001, 27.535280000000004], [95.8447, 27.531240000000004], [95.84242, 27.526010000000003], [95.84223000000001, 27.519270000000002], [95.82873000000001, 27.523650000000004], [95.82645000000001, 27.525840000000002], [95.82112000000001, 27.534100000000002], [95.82360000000001, 27.535960000000003], [95.82683, 27.54287], [95.83158, 27.547760000000004], [95.83462, 27.549450000000004], [95.83500000000001, 27.552480000000003], [95.83615, 27.554170000000003], [95.83762, 27.55984], [95.84048000000001, 27.560940000000002], [95.84122, 27.562030000000004], [95.8529, 27.55279], [95.85515000000001, 27.54878], [95.85174, 27.538990000000002]]]}}, {"id": "879", "type": "Feature", "properties": {"village_name": "Hollong Guti Buri N C", "vil_lgd": 290778, "district_name": "Tinsukia", "dist_lgd": 302, "subdistrict_name": "Margherita", "sdcode": 2062, "block_name": "Kakapathar", "block_lgd": 94.0, "gp_name": "BURI DIHING", "state_name": "ASSAM", "state_lgd": 18, "population": 839, "households": 138}, "geometry": {"type": "Polygon", "coordinates": [[[95.76712, 27.539160000000003], [95.76541, 27.54051], [95.76465, 27.54894], [95.77606, 27.5454], [95.7753, 27.541690000000003], [95.7715, 27.539330000000003], [95.76712, 27.539160000000003]]]}}, {"id": "880", "type": "Feature", "properties": {"village_name": "Borhollong", "vil_lgd": 290777, "district_name": "Tinsukia", "dist_lgd": 302, "subdistrict_name": "Margherita", "sdcode": 2062, "block_name": "Kakapathar", "block_lgd": 94.0, "gp_name": "BURI DIHING", "state_name": "ASSAM", "state_lgd": 18, "population": 425, "households": 72}, "geometry": {"type": "Polygon", "coordinates": [[[95.77359000000001, 27.53377], [95.76902000000001, 27.53461], [95.7715, 27.539330000000003], [95.7753, 27.541690000000003], [95.77606, 27.5454], [95.78062000000001, 27.542700000000004], [95.78614, 27.541690000000003], [95.78462, 27.535960000000003], [95.78157, 27.535120000000003], [95.77359000000001, 27.53377]]]}}, {"id": "881", "type": "Feature", "properties": {"village_name": "Hollong Guri", "vil_lgd": 290784, "district_name": "Tinsukia", "dist_lgd": 302, "subdistrict_name": "Margherita", "sdcode": 2062, "block_name": "Kakapathar", "block_lgd": 94.0, "gp_name": "BIJULI BAM", "state_name": "ASSAM", "state_lgd": 18, "population": 287, "households": 52}, "geometry": {"type": "Polygon", "coordinates": [[[95.76712, 27.539160000000003], [95.7715, 27.539330000000003], [95.76902000000001, 27.53461], [95.76902000000001, 27.531240000000004], [95.76750000000001, 27.527530000000002], [95.76066, 27.52719], [95.75762, 27.527870000000004], [95.75914, 27.531570000000002], [95.75708, 27.53571], [95.75812, 27.537950000000002], [95.75663, 27.543090000000003], [95.75337, 27.55007], [95.75352000000001, 27.55336], [95.75158, 27.558100000000003], [95.74984, 27.559700000000003], [95.75686, 27.56125], [95.75933, 27.560910000000003], [95.76085, 27.558040000000002], [95.76161, 27.550790000000003], [95.76465, 27.54894], [95.76541, 27.54051], [95.76712, 27.539160000000003]]]}}, {"id": "882", "type": "Feature", "properties": {"village_name": "Hollong Na Gaon", "vil_lgd": 290785, "district_name": "Tinsukia", "dist_lgd": 302, "subdistrict_name": "Margherita", "sdcode": 2062, "block_name": "Kakapathar", "block_lgd": 94.0, "gp_name": "BURIDIHING", "state_name": "ASSAM", "state_lgd": 18, "population": 956, "households": 175}, "geometry": {"type": "Polygon", "coordinates": [[[95.78309, 27.528540000000003], [95.76750000000001, 27.527530000000002], [95.76902000000001, 27.531240000000004], [95.76902000000001, 27.53461], [95.77359000000001, 27.53377], [95.78157, 27.535120000000003], [95.78462, 27.535960000000003], [95.78500000000001, 27.534100000000002], [95.78309, 27.528540000000003]]]}}, {"id": "883", "type": "Feature", "properties": {"village_name": "Hollong Pathar", "vil_lgd": 290786, "district_name": "Tinsukia", "dist_lgd": 302, "subdistrict_name": "Margherita", "sdcode": 2062, "block_name": "Kakapathar", "block_lgd": 94.0, "gp_name": "BURIDIHING", "state_name": "ASSAM", "state_lgd": 18, "population": 445, "households": 83}, "geometry": {"type": "Polygon", "coordinates": [[[95.80363000000001, 27.52567], [95.80192000000001, 27.520950000000003], [95.79888000000001, 27.521120000000003], [95.79526000000001, 27.52382], [95.79355000000001, 27.526180000000004], [95.78823000000001, 27.528710000000004], [95.78309, 27.528540000000003], [95.78500000000001, 27.534100000000002], [95.7869, 27.535960000000003], [95.79032000000001, 27.535790000000002], [95.80135000000001, 27.530730000000002], [95.80363000000001, 27.52567]]]}}, {"id": "884", "type": "Feature", "properties": {"village_name": "Borhollong Pathar", "vil_lgd": 290775, "district_name": "Tinsukia", "dist_lgd": 302, "subdistrict_name": "Margherita", "sdcode": 2062, "block_name": "Kakapathar", "block_lgd": 94.0, "gp_name": "BURI DIHING", "state_name": "ASSAM", "state_lgd": 18, "population": 547, "households": 102}, "geometry": {"type": "Polygon", "coordinates": [[[95.80363000000001, 27.52567], [95.80135000000001, 27.530730000000002], [95.79032000000001, 27.535790000000002], [95.7907, 27.538990000000002], [95.7981, 27.537950000000002], [95.80656, 27.533250000000002], [95.80895000000001, 27.531240000000004], [95.8101, 27.52905], [95.80876, 27.527700000000003], [95.80857, 27.525840000000002], [95.80363000000001, 27.52567]]]}}, {"id": "885", "type": "Feature", "properties": {"village_name": "Borhollong", "vil_lgd": 290776, "district_name": "Tinsukia", "dist_lgd": 302, "subdistrict_name": "Margherita", "sdcode": 2062, "block_name": "Kakapathar", "block_lgd": 94.0, "gp_name": "BURI DIHING", "state_name": "ASSAM", "state_lgd": 18, "population": 220, "households": 37}, "geometry": {"type": "Polygon", "coordinates": [[[95.85136000000001, 27.51741], [95.85934, 27.517070000000004], [95.85915000000001, 27.508640000000003], [95.85782, 27.4997], [95.85193000000001, 27.50071], [95.84318, 27.503750000000004], [95.84242, 27.505940000000002], [95.83843, 27.507120000000004], [95.82588000000001, 27.508300000000002], [95.82112000000001, 27.51151], [95.81903000000001, 27.514540000000004], [95.82150000000001, 27.51657], [95.82131000000001, 27.518420000000003], [95.82873000000001, 27.523650000000004], [95.84223000000001, 27.519270000000002], [95.85136000000001, 27.51741]]]}}, {"id": "886", "type": "Feature", "properties": {"village_name": "Ratani Block N C", "vil_lgd": 290774, "district_name": "Tinsukia", "dist_lgd": 302, "subdistrict_name": "Margherita", "sdcode": 2062, "block_name": "Kakapathar", "block_lgd": 94.0, "gp_name": "BURIDIHING", "state_name": "ASSAM", "state_lgd": 18, "population": 1053, "households": 180}, "geometry": {"type": "Polygon", "coordinates": [[[95.81903000000001, 27.514540000000004], [95.81481000000001, 27.51885], [95.80857, 27.52135], [95.80857, 27.525840000000002], [95.80876, 27.527700000000003], [95.8101, 27.52905], [95.81504000000001, 27.528540000000003], [95.81789, 27.525170000000003], [95.82131000000001, 27.518420000000003], [95.82150000000001, 27.51657], [95.81903000000001, 27.514540000000004]]]}}, {"id": "887", "type": "Feature", "properties": {"village_name": "Ratani Pathar", "vil_lgd": 290798, "district_name": "Tinsukia", "dist_lgd": 302, "subdistrict_name": "Margherita", "sdcode": 2062, "block_name": "Kakapathar", "block_lgd": 94.0, "gp_name": "MARGHERITA", "state_name": "ASSAM", "state_lgd": 18, "population": 421, "households": 74}, "geometry": {"type": "Polygon", "coordinates": [[[95.80798000000001, 27.51094], [95.80575, 27.515690000000003], [95.80159, 27.518060000000002], [95.80192000000001, 27.520950000000003], [95.80363000000001, 27.52567], [95.80857, 27.525840000000002], [95.80857, 27.52135], [95.81481000000001, 27.51885], [95.81903000000001, 27.514540000000004], [95.81333000000001, 27.51134], [95.80798000000001, 27.51094]]]}}, {"id": "888", "type": "Feature", "properties": {"village_name": "Boka Pathar N C", "vil_lgd": 290796, "district_name": "Tinsukia", "dist_lgd": 302, "subdistrict_name": "Margherita", "sdcode": 2062, "block_name": "Kakapathar", "block_lgd": 94.0, "gp_name": "BUIRIDIHING", "state_name": "ASSAM", "state_lgd": 18, "population": 188, "households": 36}, "geometry": {"type": "Polygon", "coordinates": [[[95.80575, 27.515690000000003], [95.80798000000001, 27.51094], [95.78406000000001, 27.51226], [95.78109, 27.51648], [95.78288, 27.519510000000004], [95.79179, 27.51753], [95.80159, 27.518060000000002], [95.80575, 27.515690000000003]]]}}, {"id": "889", "type": "Feature", "properties": {"village_name": "Chikarajan", "vil_lgd": 290783, "district_name": "Tinsukia", "dist_lgd": 302, "subdistrict_name": "Margherita", "sdcode": 2062, "block_name": "Kakapathar", "block_lgd": 94.0, "gp_name": "BIJULI BAM", "state_name": "ASSAM", "state_lgd": 18, "population": 559, "households": 98}, "geometry": {"type": "Polygon", "coordinates": [[[95.74975, 27.519510000000004], [95.74292000000001, 27.52043], [95.74074, 27.51819], [95.73955000000001, 27.5224], [95.74609000000001, 27.529650000000004], [95.7501, 27.529780000000002], [95.74995000000001, 27.53545], [95.75500000000001, 27.535580000000003], [95.75708, 27.53571], [95.75914, 27.531570000000002], [95.75762, 27.527870000000004], [95.75287, 27.526220000000002], [95.74990000000001, 27.523590000000002], [95.75019, 27.52175], [95.74975, 27.519510000000004]]]}}, {"id": "890", "type": "Feature", "properties": {"village_name": "Natun Maithong", "vil_lgd": 290789, "district_name": "Tinsukia", "dist_lgd": 302, "subdistrict_name": "Margherita", "sdcode": 2062, "block_name": "Kakapathar", "block_lgd": 94.0, "gp_name": "BIJULI BAM", "state_name": "ASSAM", "state_lgd": 18, "population": 2120, "households": 409}, "geometry": {"type": "Polygon", "coordinates": [[[95.74975, 27.519510000000004], [95.75019, 27.52175], [95.74990000000001, 27.523590000000002], [95.75287, 27.526220000000002], [95.75762, 27.527870000000004], [95.76066, 27.52719], [95.76238000000001, 27.518980000000003], [95.74975, 27.519510000000004]]]}}, {"id": "891", "type": "Feature", "properties": {"village_name": "Hollong Na Gaon", "vil_lgd": 290788, "district_name": "Tinsukia", "dist_lgd": 302, "subdistrict_name": "Margherita", "sdcode": 2062, "block_name": "Kakapathar", "block_lgd": 94.0, "gp_name": "BURIDIHING", "state_name": "ASSAM", "state_lgd": 18, "population": 392, "households": 75}, "geometry": {"type": "Polygon", "coordinates": [[[95.76238000000001, 27.518980000000003], [95.76066, 27.52719], [95.76750000000001, 27.527530000000002], [95.78309, 27.528540000000003], [95.77797000000001, 27.51885], [95.77604000000001, 27.518720000000002], [95.76238000000001, 27.518980000000003]]]}}, {"id": "892", "type": "Feature", "properties": {"village_name": "Boka Pathar", "vil_lgd": 290787, "district_name": "Tinsukia", "dist_lgd": 302, "subdistrict_name": "Margherita", "sdcode": 2062, "block_name": "Kakapathar", "block_lgd": 94.0, "gp_name": "BURIDIHING", "state_name": "ASSAM", "state_lgd": 18, "population": 460, "households": 79}, "geometry": {"type": "Polygon", "coordinates": [[[95.79888000000001, 27.521120000000003], [95.80192000000001, 27.520950000000003], [95.80159, 27.518060000000002], [95.79179, 27.51753], [95.78288, 27.519510000000004], [95.78109, 27.51648], [95.77560000000001, 27.51648], [95.77604000000001, 27.518720000000002], [95.77797000000001, 27.51885], [95.78309, 27.528540000000003], [95.78823000000001, 27.528710000000004], [95.79355000000001, 27.526180000000004], [95.79526000000001, 27.52382], [95.79888000000001, 27.521120000000003]]]}}, {"id": "893", "type": "Feature", "properties": {"village_name": "Raidangani N C", "vil_lgd": 290797, "district_name": "Tinsukia", "dist_lgd": 302, "subdistrict_name": "Margherita", "sdcode": 2062, "block_name": "Kakapathar", "block_lgd": 94.0, "gp_name": "PURANI PUKHURI", "state_name": "ASSAM", "state_lgd": 18, "population": 191, "households": 28}, "geometry": {"type": "Polygon", "coordinates": [[[95.81195000000001, 27.505060000000004], [95.80924, 27.504170000000002], [95.8071, 27.504680000000004], [95.79969000000001, 27.507080000000002], [95.79612, 27.507460000000002], [95.79113000000001, 27.50683], [95.78813000000001, 27.505180000000003], [95.78728000000001, 27.508720000000004], [95.78406000000001, 27.51226], [95.80798000000001, 27.51094], [95.81333000000001, 27.51134], [95.81903000000001, 27.514540000000004], [95.82112000000001, 27.51151], [95.81951000000001, 27.509100000000004], [95.81551, 27.50683], [95.81195000000001, 27.505060000000004]]]}}, {"id": "894", "type": "Feature", "properties": {"village_name": "Tarani Pathar", "vil_lgd": 290795, "district_name": "Tinsukia", "dist_lgd": 302, "subdistrict_name": "Margherita", "sdcode": 2062, "block_name": "Kakapathar", "block_lgd": 94.0, "gp_name": "BURIDIHING", "state_name": "ASSAM", "state_lgd": 18, "population": 356, "households": 62}, "geometry": {"type": "Polygon", "coordinates": [[[95.78728000000001, 27.508720000000004], [95.78813000000001, 27.505180000000003], [95.78771, 27.503690000000002], [95.78599000000001, 27.500880000000002], [95.78200000000001, 27.500880000000002], [95.77951, 27.50784], [95.77473, 27.51049], [95.77560000000001, 27.51648], [95.78109, 27.51648], [95.78406000000001, 27.51226], [95.78728000000001, 27.508720000000004]]]}}, {"id": "895", "type": "Feature", "properties": {"village_name": "Kathal Guri", "vil_lgd": 290812, "district_name": "Tinsukia", "dist_lgd": 302, "subdistrict_name": "Margherita", "sdcode": 2062, "block_name": "Kakapathar", "block_lgd": 94.0, "gp_name": "PURANI PUKHURI", "state_name": "ASSAM", "state_lgd": 18, "population": 863, "households": 156}, "geometry": {"type": "Polygon", "coordinates": [[[95.79954000000001, 27.492910000000002], [95.79698, 27.49076], [95.78657000000001, 27.489240000000002], [95.78484, 27.493650000000002], [95.78885000000001, 27.49536], [95.78638000000001, 27.499070000000003], [95.78313000000001, 27.49801], [95.78200000000001, 27.500880000000002], [95.78599000000001, 27.500880000000002], [95.78771, 27.503690000000002], [95.79127000000001, 27.504800000000003], [95.79541, 27.504550000000002], [95.80125000000001, 27.5024], [95.80354000000001, 27.50025], [95.79954000000001, 27.492910000000002]]]}}, {"id": "896", "type": "Feature", "properties": {"village_name": "Ritu Kathal Guri", "vil_lgd": 290811, "district_name": "Tinsukia", "dist_lgd": 302, "subdistrict_name": "Margherita", "sdcode": 2062, "block_name": "Kakapathar", "block_lgd": 94.0, "gp_name": "BURIDIHINA", "state_name": "ASSAM", "state_lgd": 18, "population": 427, "households": 83}, "geometry": {"type": "Polygon", "coordinates": [[[95.80924, 27.504170000000002], [95.81195000000001, 27.505060000000004], [95.81388000000001, 27.502150000000004], [95.81237, 27.49886], [95.80739000000001, 27.49886], [95.80354000000001, 27.50025], [95.80125000000001, 27.5024], [95.79541, 27.504550000000002], [95.79127000000001, 27.504800000000003], [95.78771, 27.503690000000002], [95.78813000000001, 27.505180000000003], [95.79113000000001, 27.50683], [95.79612, 27.507460000000002], [95.79969000000001, 27.507080000000002], [95.8071, 27.504680000000004], [95.80924, 27.504170000000002]]]}}, {"id": "897", "type": "Feature", "properties": {"village_name": "Ritu Kathal Guri", "vil_lgd": 290810, "district_name": "Tinsukia", "dist_lgd": 302, "subdistrict_name": "Margherita", "sdcode": 2062, "block_name": "Kakapathar", "block_lgd": 94.0, "gp_name": "PURANI  PUKHURI", "state_name": "ASSAM", "state_lgd": 18, "population": 1401, "households": 260}, "geometry": {"type": "Polygon", "coordinates": [[[95.80739000000001, 27.49886], [95.81237, 27.49886], [95.81437000000001, 27.49886], [95.81723000000001, 27.49886], [95.81617000000001, 27.496730000000003], [95.81409000000001, 27.490380000000002], [95.81452, 27.486710000000002], [95.81708, 27.484440000000003], [95.81865, 27.480890000000002], [95.81908000000001, 27.477480000000003], [95.80496000000001, 27.483300000000003], [95.79954000000001, 27.484180000000002], [95.79954000000001, 27.492910000000002], [95.80354000000001, 27.50025], [95.80739000000001, 27.49886]]]}}, {"id": "898", "type": "Feature", "properties": {"village_name": "Tarani Ban Gaon", "vil_lgd": 290792, "district_name": "Tinsukia", "dist_lgd": 302, "subdistrict_name": "Margherita", "sdcode": 2062, "block_name": "Kakapathar", "block_lgd": 94.0, "gp_name": "", "state_name": "ASSAM", "state_lgd": 18, "population": 934, "households": 165}, "geometry": {"type": "Polygon", "coordinates": [[[95.76303000000001, 27.50101], [95.75819000000001, 27.504040000000003], [95.75277000000001, 27.51479], [95.75961000000001, 27.516060000000003], [95.77560000000001, 27.51648], [95.77473, 27.51049], [95.76788, 27.505560000000003], [95.76303000000001, 27.50101]]]}}, {"id": "899", "type": "Feature", "properties": {"village_name": "Hahkhata Rahbari Gaon", "vil_lgd": 290793, "district_name": "Tinsukia", "dist_lgd": 302, "subdistrict_name": "Margherita", "sdcode": 2062, "block_name": "Kakapathar", "block_lgd": 94.0, "gp_name": "BIJULIBAN", "state_name": "ASSAM", "state_lgd": 18, "population": 474, "households": 88}, "geometry": {"type": "Polygon", "coordinates": [[[95.77560000000001, 27.51648], [95.75961000000001, 27.516060000000003], [95.75277000000001, 27.51479], [95.74749000000001, 27.51669], [95.74371000000001, 27.502380000000002], [95.74044, 27.501720000000002], [95.73019000000001, 27.502380000000002], [95.73792, 27.50541], [95.73985, 27.507520000000003], [95.74074, 27.51819], [95.74292000000001, 27.52043], [95.74975, 27.519510000000004], [95.76238000000001, 27.518980000000003], [95.77604000000001, 27.518720000000002], [95.77560000000001, 27.51648]]]}}, {"id": "900", "type": "Feature", "properties": {"village_name": "Tarani Gaon", "vil_lgd": 290794, "district_name": "Tinsukia", "dist_lgd": 302, "subdistrict_name": "Margherita", "sdcode": 2062, "block_name": "Kakapathar", "block_lgd": 94.0, "gp_name": "BURIDIHING", "state_name": "ASSAM", "state_lgd": 18, "population": 512, "households": 86}, "geometry": {"type": "Polygon", "coordinates": [[[95.77430000000001, 27.500000000000004], [95.76817000000001, 27.497470000000003], [95.76532, 27.49886], [95.76303000000001, 27.50101], [95.76788, 27.505560000000003], [95.77473, 27.51049], [95.77951, 27.50784], [95.78200000000001, 27.500880000000002], [95.77430000000001, 27.500000000000004]]]}}, {"id": "901", "type": "Feature", "properties": {"village_name": "Mihali Ritu", "vil_lgd": 290801, "district_name": "Tinsukia", "dist_lgd": 302, "subdistrict_name": "Margherita", "sdcode": 2062, "block_name": "Kakapathar", "block_lgd": 94.0, "gp_name": "PURANI PUKHURI", "state_name": "ASSAM", "state_lgd": 18, "population": 514, "households": 94}, "geometry": {"type": "Polygon", "coordinates": [[[95.81617000000001, 27.496730000000003], [95.81723000000001, 27.49886], [95.82588000000001, 27.508300000000002], [95.83843, 27.507120000000004], [95.84242, 27.505940000000002], [95.83978, 27.502290000000002], [95.83521, 27.50195], [95.83008000000001, 27.499930000000003], [95.82989, 27.497400000000003], [95.82304, 27.49706], [95.81617000000001, 27.496730000000003]]]}}, {"id": "902", "type": "Feature", "properties": {"village_name": "Naya Kuju", "vil_lgd": 290827, "district_name": "Tinsukia", "dist_lgd": 302, "subdistrict_name": "Margherita", "sdcode": 2062, "block_name": "Kakapathar", "block_lgd": 94.0, "gp_name": "PURANI PUKHURI", "state_name": "ASSAM", "state_lgd": 18, "population": 606, "households": 149}, "geometry": {"type": "Polygon", "coordinates": [[[95.83331000000001, 27.481540000000003], [95.84396000000001, 27.481370000000002], [95.84073000000001, 27.477660000000004], [95.83635000000001, 27.475130000000004], [95.83084000000001, 27.473440000000004], [95.81908000000001, 27.477480000000003], [95.81865, 27.480890000000002], [95.81708, 27.484440000000003], [95.81943000000001, 27.48627], [95.82418000000001, 27.486770000000003], [95.82799000000001, 27.483900000000002], [95.83331000000001, 27.481540000000003]]]}}, {"id": "903", "type": "Feature", "properties": {"village_name": "Naya Kuju", "vil_lgd": 290808, "district_name": "Tinsukia", "dist_lgd": 302, "subdistrict_name": "Margherita", "sdcode": 2062, "block_name": "Kakapathar", "block_lgd": 94.0, "gp_name": "PURANI PUKHURI", "state_name": "ASSAM", "state_lgd": 18, "population": 530, "households": 105}, "geometry": {"type": "Polygon", "coordinates": [[[95.83331000000001, 27.481540000000003], [95.82799000000001, 27.483900000000002], [95.82418000000001, 27.486770000000003], [95.82628000000001, 27.48863], [95.83122, 27.488960000000002], [95.83882000000001, 27.4888], [95.84263000000001, 27.488960000000002], [95.84624000000001, 27.488120000000002], [95.84643000000001, 27.483900000000002], [95.84396000000001, 27.481370000000002], [95.83331000000001, 27.481540000000003]]]}}, {"id": "904", "type": "Feature", "properties": {"village_name": "Kuju Gaon", "vil_lgd": 290803, "district_name": "Tinsukia", "dist_lgd": 302, "subdistrict_name": "Margherita", "sdcode": 2062, "block_name": "Kakapathar", "block_lgd": 94.0, "gp_name": "PURANI PHUKAN", "state_name": "ASSAM", "state_lgd": 18, "population": 161, "households": 36}, "geometry": {"type": "Polygon", "coordinates": [[[95.83882000000001, 27.4888], [95.84092000000001, 27.493520000000004], [95.84187000000001, 27.498240000000003], [95.84111000000001, 27.50026], [95.84358, 27.500770000000003], [95.84605, 27.499760000000002], [95.84605, 27.497400000000003], [95.84263000000001, 27.488960000000002], [95.83882000000001, 27.4888]]]}}, {"id": "905", "type": "Feature", "properties": {"village_name": "Naya Kuju", "vil_lgd": 290809, "district_name": "Tinsukia", "dist_lgd": 302, "subdistrict_name": "Margherita", "sdcode": 2062, "block_name": "Kakapathar", "block_lgd": 94.0, "gp_name": "PURANI PUKHURI", "state_name": "ASSAM", "state_lgd": 18, "population": 340, "households": 65}, "geometry": {"type": "Polygon", "coordinates": [[[95.83122, 27.488960000000002], [95.8297, 27.493350000000003], [95.82989, 27.497400000000003], [95.83597, 27.49773], [95.84111000000001, 27.50026], [95.84187000000001, 27.498240000000003], [95.84092000000001, 27.493520000000004], [95.83882000000001, 27.4888], [95.83122, 27.488960000000002]]]}}, {"id": "906", "type": "Feature", "properties": {"village_name": "Rituban Gaon", "vil_lgd": 290799, "district_name": "Tinsukia", "dist_lgd": 302, "subdistrict_name": "Margherita", "sdcode": 2062, "block_name": "Kakapathar", "block_lgd": 94.0, "gp_name": "PURANI PUKHURI", "state_name": "ASSAM", "state_lgd": 18, "population": 805, "households": 157}, "geometry": {"type": "Polygon", "coordinates": [[[95.81708, 27.484440000000003], [95.81452, 27.486710000000002], [95.81409000000001, 27.490380000000002], [95.81617000000001, 27.496730000000003], [95.82304, 27.49706], [95.82989, 27.497400000000003], [95.8297, 27.493350000000003], [95.83122, 27.488960000000002], [95.82628000000001, 27.48863], [95.82418000000001, 27.486770000000003], [95.81943000000001, 27.48627], [95.81708, 27.484440000000003]]]}}, {"id": "907", "type": "Feature", "properties": {"village_name": "Tongana T E", "vil_lgd": 290383, "district_name": "Tinsukia", "dist_lgd": 302, "subdistrict_name": "Doom Dooma", "sdcode": 2060, "block_name": "Kakapathar", "block_lgd": 94.0, "gp_name": "TANGANA", "state_name": "ASSAM", "state_lgd": 18, "population": 621, "households": 123}, "geometry": {"type": "Polygon", "coordinates": [[[95.72502000000001, 27.571240000000003], [95.721, 27.572450000000003], [95.7172, 27.574810000000003], [95.71435000000001, 27.577840000000002], [95.70085, 27.58273], [95.69476, 27.59014], [95.69305000000001, 27.593850000000003], [95.69191000000001, 27.601100000000002], [95.70066000000001, 27.60337], [95.70905, 27.59879], [95.71115, 27.59532], [95.71982000000001, 27.592710000000004], [95.72026000000001, 27.589940000000002], [95.72502000000001, 27.571240000000003]]]}}, {"id": "908", "type": "Feature", "properties": {"village_name": "Duarmara Gaon", "vil_lgd": 290814, "district_name": "Tinsukia", "dist_lgd": 302, "subdistrict_name": "Margherita", "sdcode": 2062, "block_name": "Kakapathar", "block_lgd": 94.0, "gp_name": "DHARMARA", "state_name": "ASSAM", "state_lgd": 18, "population": 400, "households": 81}, "geometry": {"type": "Polygon", "coordinates": [[[95.76817000000001, 27.497470000000003], [95.77430000000001, 27.500000000000004], [95.78200000000001, 27.500880000000002], [95.78313000000001, 27.49801], [95.78484, 27.493650000000002], [95.78657000000001, 27.489240000000002], [95.78266, 27.485780000000002], [95.77835, 27.479720000000004], [95.77405, 27.476290000000002], [95.7599, 27.475740000000002], [95.74732, 27.475720000000003], [95.73426, 27.474330000000002], [95.73027, 27.48429], [95.7296, 27.486960000000003], [95.73807000000001, 27.490260000000003], [95.74148000000001, 27.494210000000002], [95.74371000000001, 27.502380000000002], [95.74749000000001, 27.51669], [95.75277000000001, 27.51479], [95.75819000000001, 27.504040000000003], [95.76303000000001, 27.50101], [95.76532, 27.49886], [95.76817000000001, 27.497470000000003]]]}}, {"id": "909", "type": "Feature", "properties": {"village_name": "Dibrujan", "vil_lgd": 290834, "district_name": "Tinsukia", "dist_lgd": 302, "subdistrict_name": "Margherita", "sdcode": 2062, "block_name": "Margherita", "block_lgd": 97.0, "gp_name": "BORMAJAN", "state_name": "ASSAM", "state_lgd": 18, "population": 625, "households": 129}, "geometry": {"type": "Polygon", "coordinates": [[[95.74567, 27.467460000000003], [95.73403, 27.4659], [95.72852, 27.46995], [95.72000000000001, 27.470290000000002], [95.72703000000001, 27.472820000000002], [95.73426, 27.474330000000002], [95.74732, 27.475720000000003], [95.74567, 27.467460000000003]]]}}, {"id": "910", "type": "Feature", "properties": {"village_name": "Pengeri Garh N C", "vil_lgd": 290842, "district_name": "Tinsukia", "dist_lgd": 302, "subdistrict_name": "Margherita", "sdcode": 2062, "block_name": "Margherita", "block_lgd": 97.0, "gp_name": "BRAHMAJAN", "state_name": "ASSAM", "state_lgd": 18, "population": 100, "households": 24}, "geometry": {"type": "Polygon", "coordinates": [[[95.75057000000001, 27.432990000000004], [95.74810000000001, 27.435360000000003], [95.74183000000001, 27.445140000000002], [95.73593000000001, 27.457120000000003], [95.73403, 27.4659], [95.73795000000001, 27.462580000000003], [95.74062, 27.455730000000003], [95.74552000000001, 27.450190000000003], [95.74686000000001, 27.444660000000002], [95.74983, 27.43991], [95.75087, 27.436220000000002], [95.75057000000001, 27.432990000000004]]]}}, {"id": "911", "type": "Feature", "properties": {"village_name": "Pengerigarh Grant", "vil_lgd": 290836, "district_name": "Tinsukia", "dist_lgd": 302, "subdistrict_name": "Margherita", "sdcode": 2062, "block_name": "Margherita", "block_lgd": 97.0, "gp_name": "BRAHMAJAN", "state_name": "ASSAM", "state_lgd": 18, "population": 2790, "households": 560}, "geometry": {"type": "Polygon", "coordinates": [[[95.78296, 27.459950000000003], [95.77717000000001, 27.455070000000003], [95.76840000000001, 27.45362], [95.75875, 27.455730000000003], [95.74062, 27.455730000000003], [95.73795000000001, 27.462580000000003], [95.73403, 27.4659], [95.74567, 27.467460000000003], [95.76157, 27.465880000000002], [95.76721, 27.463110000000004], [95.77004000000001, 27.464430000000004], [95.77509, 27.46825], [95.77672000000001, 27.46759], [95.78296, 27.459950000000003]]]}}, {"id": "912", "type": "Feature", "properties": {"village_name": "Dibrujan", "vil_lgd": 290833, "district_name": "Tinsukia", "dist_lgd": 302, "subdistrict_name": "Margherita", "sdcode": 2062, "block_name": "Margherita", "block_lgd": 97.0, "gp_name": "BORMAJAN", "state_name": "ASSAM", "state_lgd": 18, "population": 860, "households": 168}, "geometry": {"type": "Polygon", "coordinates": [[[95.76721, 27.463110000000004], [95.76157, 27.465880000000002], [95.74567, 27.467460000000003], [95.74732, 27.475720000000003], [95.7599, 27.475740000000002], [95.76365000000001, 27.47049], [95.76721, 27.463110000000004]]]}}, {"id": "913", "type": "Feature", "properties": {"village_name": "Dibrujan", "vil_lgd": 290832, "district_name": "Tinsukia", "dist_lgd": 302, "subdistrict_name": "Margherita", "sdcode": 2062, "block_name": "Margherita", "block_lgd": 97.0, "gp_name": "BRAHMAJAN", "state_name": "ASSAM", "state_lgd": 18, "population": 495, "households": 95}, "geometry": {"type": "Polygon", "coordinates": [[[95.76721, 27.463110000000004], [95.76365000000001, 27.47049], [95.7599, 27.475740000000002], [95.77405, 27.476290000000002], [95.77613000000001, 27.47379], [95.77509, 27.46825], [95.77004000000001, 27.464430000000004], [95.76721, 27.463110000000004]]]}}, {"id": "914", "type": "Feature", "properties": {"village_name": "Dibrujan", "vil_lgd": 290831, "district_name": "Tinsukia", "dist_lgd": 302, "subdistrict_name": "Margherita", "sdcode": 2062, "block_name": "Margherita", "block_lgd": 97.0, "gp_name": "BROMAJAN", "state_name": "ASSAM", "state_lgd": 18, "population": 215, "households": 43}, "geometry": {"type": "Polygon", "coordinates": [[[95.77672000000001, 27.46759], [95.77509, 27.46825], [95.77613000000001, 27.47379], [95.77405, 27.476290000000002], [95.77835, 27.479720000000004], [95.78207, 27.477610000000002], [95.78088000000001, 27.47445], [95.77821, 27.47313], [95.77821, 27.469700000000003], [95.77672000000001, 27.46759]]]}}, {"id": "915", "type": "Feature", "properties": {"village_name": "Pengerigarh Grant", "vil_lgd": 290839, "district_name": "Tinsukia", "dist_lgd": 302, "subdistrict_name": "Margherita", "sdcode": 2062, "block_name": "Margherita", "block_lgd": 97.0, "gp_name": "BRAHMAJAN", "state_name": "ASSAM", "state_lgd": 18, "population": 4378, "households": 917}, "geometry": {"type": "Polygon", "coordinates": [[[95.78548, 27.44967], [95.78355, 27.446500000000004], [95.77598, 27.443070000000002], [95.76335, 27.441100000000002], [95.75756000000001, 27.438060000000004], [95.75057000000001, 27.432990000000004], [95.75087, 27.436220000000002], [95.74983, 27.43991], [95.74686000000001, 27.444660000000002], [95.74552000000001, 27.450190000000003], [95.74062, 27.455730000000003], [95.75875, 27.455730000000003], [95.76840000000001, 27.45362], [95.77717000000001, 27.455070000000003], [95.78296, 27.459950000000003], [95.78385, 27.455070000000003], [95.78548, 27.44967]]]}}, {"id": "916", "type": "Feature", "properties": {"village_name": "Dibrujan", "vil_lgd": 290830, "district_name": "Tinsukia", "dist_lgd": 302, "subdistrict_name": "Margherita", "sdcode": 2062, "block_name": "Margherita", "block_lgd": 97.0, "gp_name": "PURANI PUKHURI", "state_name": "ASSAM", "state_lgd": 18, "population": 654, "households": 128}, "geometry": {"type": "Polygon", "coordinates": [[[95.78207, 27.477610000000002], [95.77835, 27.479720000000004], [95.78266, 27.485780000000002], [95.78657000000001, 27.489240000000002], [95.79698, 27.49076], [95.79954000000001, 27.492910000000002], [95.79954000000001, 27.484180000000002], [95.79098, 27.481170000000002], [95.78207, 27.477610000000002]]]}}, {"id": "917", "type": "Feature", "properties": {"village_name": "Ambikapur N C", "vil_lgd": 290838, "district_name": "Tinsukia", "dist_lgd": 302, "subdistrict_name": "Margherita", "sdcode": 2062, "block_name": "Margherita", "block_lgd": 97.0, "gp_name": "BRAHMAJAN", "state_name": "ASSAM", "state_lgd": 18, "population": 396, "households": 82}, "geometry": {"type": "Polygon", "coordinates": [[[95.80168, 27.466800000000003], [95.79365000000001, 27.46983], [95.78504000000001, 27.47089], [95.77821, 27.47313], [95.78623, 27.47418], [95.79009, 27.475900000000003], [95.79603, 27.476290000000002], [95.79811000000001, 27.474050000000002], [95.80168, 27.466800000000003]]]}}, {"id": "918", "type": "Feature", "properties": {"village_name": "Ambikapur", "vil_lgd": 290837, "district_name": "Tinsukia", "dist_lgd": 302, "subdistrict_name": "Margherita", "sdcode": 2062, "block_name": "Margherita", "block_lgd": 97.0, "gp_name": "BRAHMAJAN", "state_name": "ASSAM", "state_lgd": 18, "population": 1551, "households": 361}, "geometry": {"type": "Polygon", "coordinates": [[[95.78296, 27.459950000000003], [95.77672000000001, 27.46759], [95.77821, 27.469700000000003], [95.77821, 27.47313], [95.78504000000001, 27.47089], [95.79365000000001, 27.46983], [95.80168, 27.466800000000003], [95.80123, 27.463900000000002], [95.78935000000001, 27.461920000000003], [95.78296, 27.459950000000003]]]}}, {"id": "919", "type": "Feature", "properties": {"village_name": "Brahmajan", "vil_lgd": 290840, "district_name": "Tinsukia", "dist_lgd": 302, "subdistrict_name": "Margherita", "sdcode": 2062, "block_name": "Margherita", "block_lgd": 97.0, "gp_name": "BRAHMAJAN", "state_name": "ASSAM", "state_lgd": 18, "population": 2698, "households": 577}, "geometry": {"type": "Polygon", "coordinates": [[[95.78459000000001, 27.439510000000002], [95.77598, 27.443070000000002], [95.78355, 27.446500000000004], [95.78548, 27.44967], [95.78385, 27.455070000000003], [95.78296, 27.459950000000003], [95.78935000000001, 27.461920000000003], [95.80123, 27.463900000000002], [95.799, 27.45982], [95.79098, 27.451120000000003], [95.79143, 27.44703], [95.79009, 27.442410000000002], [95.78652000000001, 27.440700000000003], [95.78459000000001, 27.439510000000002]]]}}, {"id": "920", "type": "Feature", "properties": {"village_name": "Tekeri Block", "vil_lgd": 290846, "district_name": "Tinsukia", "dist_lgd": 302, "subdistrict_name": "Margherita", "sdcode": 2062, "block_name": "Margherita", "block_lgd": 97.0, "gp_name": "INTHEM", "state_name": "ASSAM", "state_lgd": 18, "population": 206, "households": 37}, "geometry": {"type": "Polygon", "coordinates": [[[95.82574000000001, 27.426730000000003], [95.82232, 27.42725], [95.81579, 27.431340000000002], [95.81831000000001, 27.434500000000003], [95.82010000000001, 27.439510000000002], [95.82604, 27.439650000000004], [95.82574000000001, 27.426730000000003]]]}}, {"id": "921", "type": "Feature", "properties": {"village_name": "Kachijan", "vil_lgd": 290384, "district_name": "Tinsukia", "dist_lgd": 302, "subdistrict_name": "Doom Dooma", "sdcode": 2060, "block_name": "Kakapathar", "block_lgd": 94.0, "gp_name": "TONGONA", "state_name": "ASSAM", "state_lgd": 18, "population": 1941, "households": 365}, "geometry": {"type": "Polygon", "coordinates": [[[95.69191000000001, 27.601100000000002], [95.68126000000001, 27.60396], [95.67632, 27.606820000000003], [95.67708, 27.60986], [95.67917000000001, 27.612890000000004], [95.68164, 27.614240000000002], [95.68602000000001, 27.615080000000003], [95.68621, 27.616600000000002], [95.69115000000001, 27.63041], [95.69362000000001, 27.628890000000002], [95.69666000000001, 27.621650000000002], [95.70104, 27.617610000000003], [95.70511, 27.614160000000002], [95.70348000000001, 27.608770000000003], [95.70066000000001, 27.60337], [95.69191000000001, 27.601100000000002]]]}}, {"id": "922", "type": "Feature", "properties": {"village_name": "Tekeri Block", "vil_lgd": 290847, "district_name": "Tinsukia", "dist_lgd": 302, "subdistrict_name": "Margherita", "sdcode": 2062, "block_name": "Margherita", "block_lgd": 97.0, "gp_name": "INTHEM", "state_name": "ASSAM", "state_lgd": 18, "population": 1045, "households": 177}, "geometry": {"type": "Polygon", "coordinates": [[[95.84668, 27.438190000000002], [95.84729, 27.436190000000003], [95.84564, 27.43389], [95.84486000000001, 27.433830000000004], [95.84530000000001, 27.431990000000003], [95.84314, 27.43024], [95.84227000000001, 27.426800000000004], [95.84348000000001, 27.423080000000002], [95.8472, 27.419130000000003], [95.84357000000001, 27.4171], [95.84134, 27.420130000000004], [95.83718, 27.423170000000002], [95.82574000000001, 27.426730000000003], [95.82604, 27.439650000000004], [95.83183000000001, 27.435560000000002], [95.83599000000001, 27.4353], [95.84312000000001, 27.439650000000004], [95.8455, 27.443730000000002], [95.84751000000001, 27.438830000000003], [95.84668, 27.438190000000002]]]}}, {"id": "923", "type": "Feature", "properties": {"village_name": "Tokopathar", "vil_lgd": 290841, "district_name": "Tinsukia", "dist_lgd": 302, "subdistrict_name": "Margherita", "sdcode": 2062, "block_name": "Margherita", "block_lgd": 97.0, "gp_name": "INTHEM", "state_name": "ASSAM", "state_lgd": 18, "population": 2632, "households": 559}, "geometry": {"type": "Polygon", "coordinates": [[[95.81579, 27.431340000000002], [95.80936000000001, 27.429460000000002], [95.80579, 27.424190000000003], [95.80178000000001, 27.42762], [95.79168000000001, 27.432890000000004], [95.78797, 27.437510000000003], [95.78559000000001, 27.435660000000002], [95.78459000000001, 27.439510000000002], [95.78652000000001, 27.440700000000003], [95.79009, 27.442410000000002], [95.79143, 27.44703], [95.79603, 27.446900000000003], [95.80792000000001, 27.452040000000004], [95.81029000000001, 27.451770000000003], [95.81178000000001, 27.448480000000004], [95.82010000000001, 27.439510000000002], [95.81831000000001, 27.434500000000003], [95.81579, 27.431340000000002]]]}}, {"id": "924", "type": "Feature", "properties": {"village_name": "Tekeri Block N C", "vil_lgd": 290848, "district_name": "Tinsukia", "dist_lgd": 302, "subdistrict_name": "Margherita", "sdcode": 2062, "block_name": "Margherita", "block_lgd": 97.0, "gp_name": "INTHEM", "state_name": "ASSAM", "state_lgd": 18, "population": 127, "households": 26}, "geometry": {"type": "Polygon", "coordinates": [[[95.83718, 27.423170000000002], [95.84134, 27.420130000000004], [95.84357000000001, 27.4171], [95.8472, 27.419130000000003], [95.85002000000001, 27.417810000000003], [95.85296000000001, 27.41111], [95.85502000000001, 27.41054], [95.85318000000001, 27.408500000000004], [95.84753, 27.4052], [95.84045, 27.404190000000003], [95.82689, 27.4052], [95.82139000000001, 27.406520000000004], [95.81782000000001, 27.40612], [95.81233, 27.40322], [95.81054, 27.40678], [95.80846000000001, 27.415090000000003], [95.80401, 27.41681], [95.80579, 27.424190000000003], [95.80936000000001, 27.429460000000002], [95.81579, 27.431340000000002], [95.82232, 27.42725], [95.82574000000001, 27.426730000000003], [95.83718, 27.423170000000002]]]}}, {"id": "925", "type": "Feature", "properties": {"village_name": "Toko Pathar", "vil_lgd": 290845, "district_name": "Tinsukia", "dist_lgd": 302, "subdistrict_name": "Margherita", "sdcode": 2062, "block_name": "Margherita", "block_lgd": 97.0, "gp_name": "INTHEM", "state_name": "ASSAM", "state_lgd": 18, "population": 1618, "households": 335}, "geometry": {"type": "Polygon", "coordinates": [[[95.79168000000001, 27.417990000000003], [95.78351, 27.424590000000002], [95.77727, 27.427360000000004], [95.77445, 27.4296], [95.78574, 27.432630000000003], [95.78559000000001, 27.435660000000002], [95.78797, 27.437510000000003], [95.79168000000001, 27.432890000000004], [95.80178000000001, 27.42762], [95.80579, 27.424190000000003], [95.80401, 27.41681], [95.79168000000001, 27.417990000000003]]]}}, {"id": "926", "type": "Feature", "properties": {"village_name": "Khatangpani T E Grant", "vil_lgd": 290843, "district_name": "Tinsukia", "dist_lgd": 302, "subdistrict_name": "Margherita", "sdcode": 2062, "block_name": "Margherita", "block_lgd": 97.0, "gp_name": "BRAHMAJAN", "state_name": "ASSAM", "state_lgd": 18, "population": 1727, "households": 350}, "geometry": {"type": "Polygon", "coordinates": [[[95.76445000000001, 27.425910000000002], [95.75057000000001, 27.432990000000004], [95.75756000000001, 27.438060000000004], [95.76335, 27.441100000000002], [95.77598, 27.443070000000002], [95.78459000000001, 27.439510000000002], [95.78559000000001, 27.435660000000002], [95.78574, 27.432630000000003], [95.77445, 27.4296], [95.76791000000001, 27.427090000000003], [95.76445000000001, 27.425910000000002]]]}}, {"id": "927", "type": "Feature", "properties": {"village_name": "Khatangpani Gaon", "vil_lgd": 290844, "district_name": "Tinsukia", "dist_lgd": 302, "subdistrict_name": "Margherita", "sdcode": 2062, "block_name": "Margherita", "block_lgd": 97.0, "gp_name": "INTHEM", "state_name": "ASSAM", "state_lgd": 18, "population": 1484, "households": 309}, "geometry": {"type": "Polygon", "coordinates": [[[95.76807000000001, 27.413580000000003], [95.76693, 27.423040000000004], [95.76445000000001, 27.425910000000002], [95.76791000000001, 27.427090000000003], [95.77445, 27.4296], [95.77727, 27.427360000000004], [95.78351, 27.424590000000002], [95.77623000000001, 27.421160000000004], [95.77430000000001, 27.417600000000004], [95.7746, 27.415360000000003], [95.76807000000001, 27.413580000000003]]]}}, {"id": "928", "type": "Feature", "properties": {"village_name": "Mugong Gaon", "vil_lgd": 290850, "district_name": "Tinsukia", "dist_lgd": 302, "subdistrict_name": "Margherita", "sdcode": 2062, "block_name": "Margherita", "block_lgd": 97.0, "gp_name": "INTHEM", "state_name": "ASSAM", "state_lgd": 18, "population": 1570, "households": 311}, "geometry": {"type": "Polygon", "coordinates": [[[95.79123000000001, 27.41391], [95.78975000000001, 27.41166], [95.78618, 27.409950000000002], [95.78499000000001, 27.413770000000003], [95.78336, 27.414830000000002], [95.77638, 27.414830000000002], [95.7746, 27.415360000000003], [95.77430000000001, 27.417600000000004], [95.77623000000001, 27.421160000000004], [95.78351, 27.424590000000002], [95.79168000000001, 27.417990000000003], [95.79123000000001, 27.41391]]]}}, {"id": "929", "type": "Feature", "properties": {"village_name": "Tekeri Gaon Block", "vil_lgd": 290849, "district_name": "Tinsukia", "dist_lgd": 302, "subdistrict_name": "Margherita", "sdcode": 2062, "block_name": "Margherita", "block_lgd": 97.0, "gp_name": "INTHEM", "state_name": "ASSAM", "state_lgd": 18, "population": 1667, "households": 316}, "geometry": {"type": "Polygon", "coordinates": [[[95.80846000000001, 27.415090000000003], [95.81054, 27.40678], [95.81233, 27.40322], [95.80199, 27.396340000000002], [95.7997, 27.394650000000002], [95.79718000000001, 27.400060000000003], [95.79257000000001, 27.40388], [95.78811, 27.406260000000003], [95.78618, 27.409950000000002], [95.78975000000001, 27.41166], [95.79123000000001, 27.41391], [95.79168000000001, 27.417990000000003], [95.80401, 27.41681], [95.80846000000001, 27.415090000000003]]]}}, {"id": "930", "type": "Feature", "properties": {"village_name": "Mugong Gaon", "vil_lgd": 290851, "district_name": "Tinsukia", "dist_lgd": 302, "subdistrict_name": "Margherita", "sdcode": 2062, "block_name": "Margherita", "block_lgd": 97.0, "gp_name": "INTHEM", "state_name": "ASSAM", "state_lgd": 18, "population": 884, "households": 176}, "geometry": {"type": "Polygon", "coordinates": [[[95.79525000000001, 27.392480000000003], [95.78787000000001, 27.39609], [95.78501000000001, 27.399030000000003], [95.78380000000001, 27.402510000000003], [95.78064, 27.40358], [95.77702000000001, 27.406920000000003], [95.77567, 27.40999], [95.77638, 27.414830000000002], [95.78336, 27.414830000000002], [95.78499000000001, 27.413770000000003], [95.78618, 27.409950000000002], [95.78811, 27.406260000000003], [95.79257000000001, 27.40388], [95.79718000000001, 27.400060000000003], [95.7997, 27.394650000000002], [95.79856000000001, 27.39261], [95.79525000000001, 27.392480000000003]]]}}, {"id": "931", "type": "Feature", "properties": {"village_name": "Mugong Pathar Gaon", "vil_lgd": 290852, "district_name": "Tinsukia", "dist_lgd": 302, "subdistrict_name": "Margherita", "sdcode": 2062, "block_name": "Margherita", "block_lgd": 97.0, "gp_name": "INTHEM", "state_name": "ASSAM", "state_lgd": 18, "population": 61, "households": 14}, "geometry": {"type": "Polygon", "coordinates": [[[95.77943, 27.394750000000002], [95.76995000000001, 27.395960000000002], [95.76452, 27.395290000000003], [95.76350000000001, 27.399070000000002], [95.76445000000001, 27.40126], [95.76750000000001, 27.40295], [95.76864, 27.406830000000003], [95.76807000000001, 27.413580000000003], [95.7746, 27.415360000000003], [95.77638, 27.414830000000002], [95.77567, 27.40999], [95.77702000000001, 27.406920000000003], [95.78064, 27.40358], [95.78380000000001, 27.402510000000003], [95.77928000000001, 27.40023], [95.77883000000001, 27.397830000000003], [95.77943, 27.394750000000002]]]}}, {"id": "932", "type": "Feature", "properties": {"village_name": "Naga Pathar N C", "vil_lgd": 290854, "district_name": "Tinsukia", "dist_lgd": 302, "subdistrict_name": "Margherita", "sdcode": 2062, "block_name": "Margherita", "block_lgd": 97.0, "gp_name": "INTHEM", "state_name": "ASSAM", "state_lgd": 18, "population": 532, "households": 107}, "geometry": {"type": "Polygon", "coordinates": [[[95.77281, 27.3775], [95.77145, 27.38125], [95.76452, 27.395290000000003], [95.76995000000001, 27.395960000000002], [95.77943, 27.394750000000002], [95.78184, 27.391140000000004], [95.78019, 27.385260000000002], [95.77702000000001, 27.382590000000004], [95.77281, 27.3775]]]}}, {"id": "933", "type": "Feature", "properties": {"village_name": "Bapu Pathar", "vil_lgd": 290878, "district_name": "Tinsukia", "dist_lgd": 302, "subdistrict_name": "Margherita", "sdcode": 2062, "block_name": "Margherita", "block_lgd": 97.0, "gp_name": "KATATONG", "state_name": "ASSAM", "state_lgd": 18, "population": 107, "households": 18}, "geometry": {"type": "Polygon", "coordinates": [[[95.71643, 27.3576], [95.71121000000001, 27.358710000000002], [95.71179000000001, 27.36614], [95.71692, 27.37189], [95.71821000000001, 27.370610000000003], [95.7188, 27.36757], [95.72475000000001, 27.36427], [95.72252, 27.360580000000002], [95.71940000000001, 27.358600000000003], [95.71643, 27.3576]]]}}, {"id": "934", "type": "Feature", "properties": {"village_name": "Khaman Pathar", "vil_lgd": 290877, "district_name": "Tinsukia", "dist_lgd": 302, "subdistrict_name": "Margherita", "sdcode": 2062, "block_name": "Margherita", "block_lgd": 97.0, "gp_name": "KATATONG", "state_name": "ASSAM", "state_lgd": 18, "population": 319, "households": 61}, "geometry": {"type": "Polygon", "coordinates": [[[95.72475000000001, 27.36427], [95.7188, 27.36757], [95.71821000000001, 27.370610000000003], [95.71692, 27.37189], [95.71996000000001, 27.375090000000004], [95.72319, 27.37543], [95.72965, 27.371530000000003], [95.72995, 27.368890000000004], [95.72846000000001, 27.36493], [95.72475000000001, 27.36427]]]}}, {"id": "935", "type": "Feature", "properties": {"village_name": "Khaman Pathar", "vil_lgd": 290876, "district_name": "Tinsukia", "dist_lgd": 302, "subdistrict_name": "Margherita", "sdcode": 2062, "block_name": "Margherita", "block_lgd": 97.0, "gp_name": "KATATONG", "state_name": "ASSAM", "state_lgd": 18, "population": 279, "households": 50}, "geometry": {"type": "Polygon", "coordinates": [[[95.72965, 27.371530000000003], [95.72319, 27.37543], [95.72795, 27.37864], [95.73307000000001, 27.378980000000002], [95.73440000000001, 27.376540000000002], [95.73381, 27.374560000000002], [95.72965, 27.371530000000003]]]}}, {"id": "936", "type": "Feature", "properties": {"village_name": "Ubon Pathar", "vil_lgd": 290875, "district_name": "Tinsukia", "dist_lgd": 302, "subdistrict_name": "Margherita", "sdcode": 2062, "block_name": "Margherita", "block_lgd": 97.0, "gp_name": "KATATONG", "state_name": "ASSAM", "state_lgd": 18, "population": 369, "households": 73}, "geometry": {"type": "Polygon", "coordinates": [[[95.74191, 27.37403], [95.7382, 27.375870000000003], [95.73381, 27.374560000000002], [95.73440000000001, 27.376540000000002], [95.73307000000001, 27.378980000000002], [95.74221000000001, 27.3805], [95.74414, 27.378380000000003], [95.74399000000001, 27.37627], [95.74191, 27.37403]]]}}, {"id": "937", "type": "Feature", "properties": {"village_name": "Pangna Gaon", "vil_lgd": 290871, "district_name": "Tinsukia", "dist_lgd": 302, "subdistrict_name": "Margherita", "sdcode": 2062, "block_name": "Margherita", "block_lgd": 97.0, "gp_name": "KATATONG", "state_name": "ASSAM", "state_lgd": 18, "population": 584, "households": 104}, "geometry": {"type": "Polygon", "coordinates": [[[95.72326000000001, 27.355040000000002], [95.71940000000001, 27.358600000000003], [95.72252, 27.360580000000002], [95.72475000000001, 27.36427], [95.72846000000001, 27.36493], [95.72988000000001, 27.36229], [95.72866, 27.357830000000003], [95.7278, 27.354770000000002], [95.72326000000001, 27.355040000000002]]]}}, {"id": "938", "type": "Feature", "properties": {"village_name": "Manmaw Maichang N C", "vil_lgd": 290861, "district_name": "Tinsukia", "dist_lgd": 302, "subdistrict_name": "Margherita", "sdcode": 2062, "block_name": "Margherita", "block_lgd": 97.0, "gp_name": "INTHEM", "state_name": "ASSAM", "state_lgd": 18, "population": 286, "households": 59}, "geometry": {"type": "Polygon", "coordinates": [[[95.74462000000001, 27.370900000000002], [95.74206000000001, 27.371570000000002], [95.74191, 27.37403], [95.74399000000001, 27.37627], [95.74414, 27.378380000000003], [95.74221000000001, 27.3805], [95.75229, 27.384380000000004], [95.75215000000001, 27.3824], [95.7502, 27.379320000000003], [95.74598, 27.375580000000003], [95.74462000000001, 27.37357], [95.74462000000001, 27.370900000000002]]]}}, {"id": "939", "type": "Feature", "properties": {"village_name": "Manmaw Kuhiar Bari", "vil_lgd": 290869, "district_name": "Tinsukia", "dist_lgd": 302, "subdistrict_name": "Margherita", "sdcode": 2062, "block_name": "Margherita", "block_lgd": 97.0, "gp_name": "INTHEM", "state_name": "ASSAM", "state_lgd": 18, "population": 308, "households": 62}, "geometry": {"type": "Polygon", "coordinates": [[[95.75875, 27.38219], [95.76217000000001, 27.38202], [95.75441000000001, 27.37732], [95.75411000000001, 27.375580000000003], [95.75245000000001, 27.374240000000004], [95.74598, 27.375580000000003], [95.7502, 27.379320000000003], [95.75215000000001, 27.3824], [95.75229, 27.384380000000004], [95.75533000000001, 27.3837], [95.75875, 27.38219]]]}}, {"id": "940", "type": "Feature", "properties": {"village_name": "Mugong Ritu Pathar N C", "vil_lgd": 290853, "district_name": "Tinsukia", "dist_lgd": 302, "subdistrict_name": "Margherita", "sdcode": 2062, "block_name": "Margherita", "block_lgd": 97.0, "gp_name": "INTHEM", "state_name": "ASSAM", "state_lgd": 18, "population": 625, "households": 129}, "geometry": {"type": "Polygon", "coordinates": [[[95.76217000000001, 27.38202], [95.76274000000001, 27.38455], [95.75989000000001, 27.385730000000002], [95.75742000000001, 27.388430000000003], [95.75818000000001, 27.39316], [95.76065000000001, 27.395020000000002], [95.76350000000001, 27.399070000000002], [95.76452, 27.395290000000003], [95.77145, 27.38125], [95.76217000000001, 27.38202]]]}}, {"id": "941", "type": "Feature", "properties": {"village_name": "Tokow Pathar", "vil_lgd": 290857, "district_name": "Tinsukia", "dist_lgd": 302, "subdistrict_name": "Margherita", "sdcode": 2062, "block_name": "Margherita", "block_lgd": 97.0, "gp_name": "INTHEM", "state_name": "ASSAM", "state_lgd": 18, "population": 144, "households": 28}, "geometry": {"type": "Polygon", "coordinates": [[[95.77519000000001, 27.373310000000004], [95.76721, 27.374380000000002], [95.76315000000001, 27.374640000000003], [95.76134, 27.377190000000002], [95.76217000000001, 27.38202], [95.77145, 27.38125], [95.77281, 27.3775], [95.77519000000001, 27.373310000000004]]]}}, {"id": "942", "type": "Feature", "properties": {"village_name": "Long Tikhak", "vil_lgd": 290860, "district_name": "Tinsukia", "dist_lgd": 302, "subdistrict_name": "Margherita", "sdcode": 2062, "block_name": "Margherita", "block_lgd": 97.0, "gp_name": "INTHEM", "state_name": "ASSAM", "state_lgd": 18, "population": 324, "households": 60}, "geometry": {"type": "Polygon", "coordinates": [[[95.76315000000001, 27.374640000000003], [95.75772, 27.375310000000002], [95.75245000000001, 27.374240000000004], [95.75411000000001, 27.375580000000003], [95.75441000000001, 27.37732], [95.76217000000001, 27.38202], [95.76134, 27.377190000000002], [95.76315000000001, 27.374640000000003]]]}}, {"id": "943", "type": "Feature", "properties": {"village_name": "Long Gaon", "vil_lgd": 290867, "district_name": "Tinsukia", "dist_lgd": 302, "subdistrict_name": "Margherita", "sdcode": 2062, "block_name": "Margherita", "block_lgd": 97.0, "gp_name": "INTHEN", "state_name": "ASSAM", "state_lgd": 18, "population": 136, "households": 26}, "geometry": {"type": "Polygon", "coordinates": [[[95.77519000000001, 27.373310000000004], [95.77881000000001, 27.365280000000002], [95.77685000000001, 27.365280000000002], [95.77143000000001, 27.36127], [95.76706, 27.36408], [95.76525000000001, 27.36435], [95.76254, 27.362340000000003], [95.76089, 27.36475], [95.75953000000001, 27.36729], [95.76089, 27.37103], [95.76721, 27.374380000000002], [95.77519000000001, 27.373310000000004]]]}}, {"id": "944", "type": "Feature", "properties": {"village_name": "Ulup Pathar", "vil_lgd": 290865, "district_name": "Tinsukia", "dist_lgd": 302, "subdistrict_name": "Margherita", "sdcode": 2062, "block_name": "Margherita", "block_lgd": 97.0, "gp_name": "INTHEM", "state_name": "ASSAM", "state_lgd": 18, "population": 503, "households": 86}, "geometry": {"type": "Polygon", "coordinates": [[[95.76315000000001, 27.358190000000004], [95.75983000000001, 27.359260000000003], [95.75592, 27.358060000000002], [95.7514, 27.354850000000003], [95.74583000000001, 27.355120000000003], [95.74568000000001, 27.363280000000003], [95.75306, 27.363280000000003], [95.76089, 27.36475], [95.76254, 27.362340000000003], [95.76315000000001, 27.358190000000004]]]}}, {"id": "945", "type": "Feature", "properties": {"village_name": "Manmaw Gaon", "vil_lgd": 290864, "district_name": "Tinsukia", "dist_lgd": 302, "subdistrict_name": "Margherita", "sdcode": 2062, "block_name": "Margherita", "block_lgd": 97.0, "gp_name": "INTHEM", "state_name": "ASSAM", "state_lgd": 18, "population": 228, "households": 45}, "geometry": {"type": "Polygon", "coordinates": [[[95.76089, 27.37103], [95.75953000000001, 27.36729], [95.76089, 27.36475], [95.75306, 27.363280000000003], [95.74568000000001, 27.363280000000003], [95.74568000000001, 27.36662], [95.74462000000001, 27.370900000000002], [95.74462000000001, 27.37357], [95.74598, 27.375580000000003], [95.75245000000001, 27.374240000000004], [95.75772, 27.375310000000002], [95.76315000000001, 27.374640000000003], [95.76721, 27.374380000000002], [95.76089, 27.37103]]]}}, {"id": "946", "type": "Feature", "properties": {"village_name": "Pani Gaon", "vil_lgd": 290866, "district_name": "Tinsukia", "dist_lgd": 302, "subdistrict_name": "Margherita", "sdcode": 2062, "block_name": "Margherita", "block_lgd": 97.0, "gp_name": "INTHEM", "state_name": "ASSAM", "state_lgd": 18, "population": 277, "households": 45}, "geometry": {"type": "Polygon", "coordinates": [[[95.73709000000001, 27.359260000000003], [95.73649, 27.360870000000002], [95.73679000000001, 27.36568], [95.73935, 27.369030000000002], [95.74206000000001, 27.371570000000002], [95.74462000000001, 27.370900000000002], [95.74568000000001, 27.36662], [95.73935, 27.361], [95.73709000000001, 27.359260000000003]]]}}, {"id": "947", "type": "Feature", "properties": {"village_name": "Manmaw Nanglai Gaon", "vil_lgd": 290870, "district_name": "Tinsukia", "dist_lgd": 302, "subdistrict_name": "Margherita", "sdcode": 2062, "block_name": "Margherita", "block_lgd": 97.0, "gp_name": "ENTHEM", "state_name": "ASSAM", "state_lgd": 18, "population": 206, "households": 45}, "geometry": {"type": "Polygon", "coordinates": [[[95.73438, 27.358330000000002], [95.73167000000001, 27.35873], [95.72866, 27.357830000000003], [95.72988000000001, 27.36229], [95.72846000000001, 27.36493], [95.72995, 27.368890000000004], [95.72965, 27.371530000000003], [95.73381, 27.374560000000002], [95.7382, 27.375870000000003], [95.74191, 27.37403], [95.74206000000001, 27.371570000000002], [95.73935, 27.369030000000002], [95.73514, 27.367160000000002], [95.73333000000001, 27.364480000000004], [95.73438, 27.358330000000002]]]}}, {"id": "948", "type": "Feature", "properties": {"village_name": "Manmaw Pathar", "vil_lgd": 290868, "district_name": "Tinsukia", "dist_lgd": 302, "subdistrict_name": "Margherita", "sdcode": 2062, "block_name": "Margherita", "block_lgd": 97.0, "gp_name": "INTHEM", "state_name": "ASSAM", "state_lgd": 18, "population": 441, "households": 86}, "geometry": {"type": "Polygon", "coordinates": [[[95.73709000000001, 27.359260000000003], [95.73935, 27.361], [95.74568000000001, 27.36662], [95.74568000000001, 27.363280000000003], [95.74583000000001, 27.355120000000003], [95.74402, 27.351910000000004], [95.73845000000001, 27.356990000000003], [95.73438, 27.358330000000002], [95.73333000000001, 27.364480000000004], [95.73514, 27.367160000000002], [95.73935, 27.369030000000002], [95.73679000000001, 27.36568], [95.73649, 27.360870000000002], [95.73709000000001, 27.359260000000003]]]}}, {"id": "949", "type": "Feature", "properties": {"village_name": "Hawai Pathar", "vil_lgd": 290976, "district_name": "Tinsukia", "dist_lgd": 302, "subdistrict_name": "Margherita", "sdcode": 2062, "block_name": "Margherita", "block_lgd": 97.0, "gp_name": "KUMSAI", "state_name": "ASSAM", "state_lgd": 18, "population": 834, "households": 151}, "geometry": {"type": "Polygon", "coordinates": [[[95.78077, 27.34843], [95.77655000000001, 27.352040000000002], [95.76435000000001, 27.354180000000003], [95.76804000000001, 27.35676], [95.77143000000001, 27.36127], [95.77685000000001, 27.365280000000002], [95.77881000000001, 27.365280000000002], [95.78333, 27.365550000000002], [95.78694, 27.364210000000003], [95.78694, 27.355120000000003], [95.78423000000001, 27.34963], [95.78077, 27.34843]]]}}, {"id": "950", "type": "Feature", "properties": {"village_name": "Mulong Gaon", "vil_lgd": 290975, "district_name": "Tinsukia", "dist_lgd": 302, "subdistrict_name": "Margherita", "sdcode": 2062, "block_name": "Margherita", "block_lgd": 97.0, "gp_name": "KUMSAI", "state_name": "ASSAM", "state_lgd": 18, "population": 330, "households": 65}, "geometry": {"type": "Polygon", "coordinates": [[[95.78739, 27.342010000000002], [95.78649000000001, 27.34683], [95.78423000000001, 27.34963], [95.78694, 27.355120000000003], [95.78694, 27.364210000000003], [95.79191, 27.365150000000003], [95.79492, 27.366750000000003], [95.79869000000001, 27.3713], [95.80034, 27.361], [95.79914000000001, 27.35525], [95.79673000000001, 27.35244], [95.79507000000001, 27.348830000000003], [95.79462000000001, 27.344150000000003], [95.78739, 27.342010000000002]]]}}, {"id": "951", "type": "Feature", "properties": {"village_name": "Enthem Naga Pathar", "vil_lgd": 290855, "district_name": "Tinsukia", "dist_lgd": 302, "subdistrict_name": "Margherita", "sdcode": 2062, "block_name": "Margherita", "block_lgd": 97.0, "gp_name": "INTHEM", "state_name": "ASSAM", "state_lgd": 18, "population": 917, "households": 176}, "geometry": {"type": "Polygon", "coordinates": [[[95.78287, 27.383470000000003], [95.78019, 27.385260000000002], [95.78184, 27.391140000000004], [95.77943, 27.394750000000002], [95.77883000000001, 27.397830000000003], [95.77928000000001, 27.40023], [95.78380000000001, 27.402510000000003], [95.78501000000001, 27.399030000000003], [95.78787000000001, 27.39609], [95.79525000000001, 27.392480000000003], [95.79101000000001, 27.385610000000003], [95.78754, 27.38454], [95.78287, 27.383470000000003]]]}}, {"id": "952", "type": "Feature", "properties": {"village_name": "Enthem Gaon", "vil_lgd": 290856, "district_name": "Tinsukia", "dist_lgd": 302, "subdistrict_name": "Margherita", "sdcode": 2062, "block_name": "Margherita", "block_lgd": 97.0, "gp_name": "INTHEM", "state_name": "ASSAM", "state_lgd": 18, "population": 385, "households": 72}, "geometry": {"type": "Polygon", "coordinates": [[[95.77519000000001, 27.373310000000004], [95.77281, 27.3775], [95.77702000000001, 27.382590000000004], [95.78019, 27.385260000000002], [95.78287, 27.383470000000003], [95.78287, 27.379990000000003], [95.78107000000001, 27.375850000000003], [95.77519000000001, 27.373310000000004]]]}}, {"id": "953", "type": "Feature", "properties": {"village_name": "Tinisuti", "vil_lgd": 290981, "district_name": "Tinsukia", "dist_lgd": 302, "subdistrict_name": "Margherita", "sdcode": 2062, "block_name": "Margherita", "block_lgd": 97.0, "gp_name": "LEKHAPANI", "state_name": "ASSAM", "state_lgd": 18, "population": 945, "households": 192}, "geometry": {"type": "Polygon", "coordinates": [[[95.82689, 27.4052], [95.84045, 27.404190000000003], [95.83836000000001, 27.39289], [95.82459000000001, 27.39617], [95.8157, 27.39684], [95.80637, 27.390960000000003], [95.80199, 27.396340000000002], [95.81233, 27.40322], [95.81782000000001, 27.40612], [95.82139000000001, 27.406520000000004], [95.82689, 27.4052]]]}}, {"id": "954", "type": "Feature", "properties": {"village_name": "Hahchara Pathar", "vil_lgd": 290858, "district_name": "Tinsukia", "dist_lgd": 302, "subdistrict_name": "Margherita", "sdcode": 2062, "block_name": "Margherita", "block_lgd": 97.0, "gp_name": "INTHEM", "state_name": "ASSAM", "state_lgd": 18, "population": 34, "households": 6}, "geometry": {"type": "Polygon", "coordinates": [[[95.78694, 27.364210000000003], [95.78333, 27.365550000000002], [95.77881000000001, 27.365280000000002], [95.77519000000001, 27.373310000000004], [95.78107000000001, 27.375850000000003], [95.78287, 27.379990000000003], [95.78287, 27.383470000000003], [95.78754, 27.38454], [95.79101000000001, 27.385610000000003], [95.79525000000001, 27.392480000000003], [95.79856000000001, 27.39261], [95.7997, 27.394650000000002], [95.80199, 27.396340000000002], [95.80637, 27.390960000000003], [95.80366000000001, 27.389490000000002], [95.79748000000001, 27.385740000000002], [95.79748000000001, 27.3836], [95.79899, 27.379990000000003], [95.8011, 27.378120000000003], [95.79839000000001, 27.37545], [95.79869000000001, 27.3713], [95.79492, 27.366750000000003], [95.79191, 27.365150000000003], [95.78694, 27.364210000000003]]]}}, {"id": "955", "type": "Feature", "properties": {"village_name": "Taklong Nepali", "vil_lgd": 290979, "district_name": "Tinsukia", "dist_lgd": 302, "subdistrict_name": "Margherita", "sdcode": 2062, "block_name": "Margherita", "block_lgd": 97.0, "gp_name": "KUMSAI", "state_name": "ASSAM", "state_lgd": 18, "population": 829, "households": 155}, "geometry": {"type": "Polygon", "coordinates": [[[95.81013, 27.366090000000003], [95.81585000000001, 27.367020000000004], [95.81450000000001, 27.365150000000003], [95.81164000000001, 27.363010000000003], [95.80817, 27.357660000000003], [95.80188000000001, 27.361130000000003], [95.80034, 27.361], [95.79869000000001, 27.3713], [95.79839000000001, 27.37545], [95.8011, 27.378120000000003], [95.80366000000001, 27.377190000000002], [95.80576, 27.375310000000002], [95.80757000000001, 27.370900000000002], [95.80697, 27.368360000000003], [95.80757000000001, 27.366490000000002], [95.81013, 27.366090000000003]]]}}, {"id": "956", "type": "Feature", "properties": {"village_name": "Panchung", "vil_lgd": 290985, "district_name": "Tinsukia", "dist_lgd": 302, "subdistrict_name": "Margherita", "sdcode": 2062, "block_name": "Margherita", "block_lgd": 97.0, "gp_name": "KUMSAI", "state_name": "ASSAM", "state_lgd": 18, "population": 232, "households": 43}, "geometry": {"type": "Polygon", "coordinates": [[[95.83167, 27.384140000000002], [95.82534000000001, 27.381330000000002], [95.816, 27.37638], [95.81269, 27.375980000000002], [95.80878000000001, 27.377190000000002], [95.80366000000001, 27.377190000000002], [95.8011, 27.378120000000003], [95.79899, 27.379990000000003], [95.79748000000001, 27.3836], [95.79748000000001, 27.385740000000002], [95.80366000000001, 27.389490000000002], [95.80667000000001, 27.38735], [95.81119000000001, 27.386280000000003], [95.83076000000001, 27.387480000000004], [95.83167, 27.384140000000002]]]}}, {"id": "957", "type": "Feature", "properties": {"village_name": "Nim Gaon N C", "vil_lgd": 290987, "district_name": "Tinsukia", "dist_lgd": 302, "subdistrict_name": "Margherita", "sdcode": 2062, "block_name": "Margherita", "block_lgd": 97.0, "gp_name": "KUMSAI", "state_name": "ASSAM", "state_lgd": 18, "population": 202, "households": 36}, "geometry": {"type": "Polygon", "coordinates": [[[95.80637, 27.390960000000003], [95.8157, 27.39684], [95.82459000000001, 27.39617], [95.82218, 27.391630000000003], [95.81616000000001, 27.390290000000004], [95.80637, 27.390960000000003]]]}}, {"id": "958", "type": "Feature", "properties": {"village_name": "Panchung Navajuti", "vil_lgd": 290986, "district_name": "Tinsukia", "dist_lgd": 302, "subdistrict_name": "Margherita", "sdcode": 2062, "block_name": "Margherita", "block_lgd": 97.0, "gp_name": "KUMSAI", "state_name": "ASSAM", "state_lgd": 18, "population": 361, "households": 70}, "geometry": {"type": "Polygon", "coordinates": [[[95.83076000000001, 27.387480000000004], [95.81119000000001, 27.386280000000003], [95.80667000000001, 27.38735], [95.80366000000001, 27.389490000000002], [95.80637, 27.390960000000003], [95.81616000000001, 27.390290000000004], [95.82218, 27.391630000000003], [95.82459000000001, 27.39617], [95.83836000000001, 27.39289], [95.84193, 27.390860000000004], [95.83483000000001, 27.38802], [95.83076000000001, 27.387480000000004]]]}}, {"id": "959", "type": "Feature", "properties": {"village_name": "Hasak", "vil_lgd": 290991, "district_name": "Tinsukia", "dist_lgd": 302, "subdistrict_name": "Margherita", "sdcode": 2062, "block_name": "Margherita", "block_lgd": 97.0, "gp_name": "KUMSAI", "state_name": "ASSAM", "state_lgd": 18, "population": 723, "households": 155}, "geometry": {"type": "Polygon", "coordinates": [[[95.84838, 27.376250000000002], [95.84251, 27.37799], [95.83814000000001, 27.377720000000004], [95.83347, 27.375850000000003], [95.82971, 27.373170000000002], [95.82715, 27.376120000000004], [95.82790000000001, 27.378390000000003], [95.82534000000001, 27.381330000000002], [95.83167, 27.384140000000002], [95.83076000000001, 27.387480000000004], [95.83483000000001, 27.38802], [95.84193, 27.390860000000004], [95.84535000000001, 27.387690000000003], [95.84929000000001, 27.383070000000004], [95.85049000000001, 27.379990000000003], [95.84959, 27.377450000000003], [95.84838, 27.376250000000002]]]}}, {"id": "960", "type": "Feature", "properties": {"village_name": "Kharang Kong", "vil_lgd": 290990, "district_name": "Tinsukia", "dist_lgd": 302, "subdistrict_name": "Margherita", "sdcode": 2062, "block_name": "Margherita", "block_lgd": 97.0, "gp_name": "KUMSAI", "state_name": "ASSAM", "state_lgd": 18, "population": 657, "households": 139}, "geometry": {"type": "Polygon", "coordinates": [[[95.82188000000001, 27.363280000000003], [95.81450000000001, 27.365150000000003], [95.81585000000001, 27.367020000000004], [95.81819, 27.368470000000002], [95.81833, 27.372030000000002], [95.816, 27.37638], [95.82534000000001, 27.381330000000002], [95.82790000000001, 27.378390000000003], [95.82715, 27.376120000000004], [95.82971, 27.373170000000002], [95.83106000000001, 27.370770000000004], [95.83061000000001, 27.36595], [95.83152000000001, 27.363950000000003], [95.82700000000001, 27.363280000000003], [95.82188000000001, 27.363280000000003]]]}}, {"id": "961", "type": "Feature", "properties": {"village_name": "Longtong", "vil_lgd": 290992, "district_name": "Tinsukia", "dist_lgd": 302, "subdistrict_name": "Margherita", "sdcode": 2062, "block_name": "Margherita", "block_lgd": 97.0, "gp_name": "LEKHAPANI", "state_name": "ASSAM", "state_lgd": 18, "population": 1739, "households": 364}, "geometry": {"type": "Polygon", "coordinates": [[[95.83152000000001, 27.363950000000003], [95.83061000000001, 27.36595], [95.83106000000001, 27.370770000000004], [95.82971, 27.373170000000002], [95.83347, 27.375850000000003], [95.83814000000001, 27.377720000000004], [95.84251, 27.37799], [95.84838, 27.376250000000002], [95.84898000000001, 27.370900000000002], [95.85124, 27.36314], [95.84025000000001, 27.363410000000002], [95.83152000000001, 27.363950000000003]]]}}, {"id": "962", "type": "Feature", "properties": {"village_name": "Longtong", "vil_lgd": 290993, "district_name": "Tinsukia", "dist_lgd": 302, "subdistrict_name": "Margherita", "sdcode": 2062, "block_name": "Margherita", "block_lgd": 97.0, "gp_name": "LEKHAPANI", "state_name": "ASSAM", "state_lgd": 18, "population": 920, "households": 200}, "geometry": {"type": "Polygon", "coordinates": [[[95.83377, 27.35873], [95.83438000000001, 27.352310000000003], [95.83377, 27.348830000000003], [95.82896000000001, 27.35151], [95.82278000000001, 27.352040000000002], [95.82022, 27.353650000000002], [95.81691000000001, 27.354450000000003], [95.80998000000001, 27.354450000000003], [95.80817, 27.357660000000003], [95.81164000000001, 27.363010000000003], [95.81450000000001, 27.365150000000003], [95.82188000000001, 27.363280000000003], [95.82700000000001, 27.363280000000003], [95.83152000000001, 27.363950000000003], [95.83377, 27.35873]]]}}, {"id": "963", "type": "Feature", "properties": {"village_name": "Bogapani T E Appln Block", "vil_lgd": 290732, "district_name": "Tinsukia", "dist_lgd": 302, "subdistrict_name": "Tinsukia", "sdcode": 2061, "block_name": "Hapjan", "block_lgd": 93.0, "gp_name": "TINGRAI", "state_name": "ASSAM", "state_lgd": 18, "population": 2849, "households": 551}, "geometry": {"type": "Polygon", "coordinates": [[[95.62308, 27.458920000000003], [95.58783000000001, 27.453030000000002], [95.58535, 27.454210000000003], [95.58307, 27.458090000000002], [95.59030000000001, 27.46028], [95.61235, 27.46214], [95.62151000000001, 27.464910000000003], [95.62239000000001, 27.463260000000002], [95.62308, 27.458920000000003]]]}}, {"id": "964", "type": "Feature", "properties": {"village_name": "Bogapani T E Appln Block", "vil_lgd": 290731, "district_name": "Tinsukia", "dist_lgd": 302, "subdistrict_name": "Tinsukia", "sdcode": 2061, "block_name": "Hapjan", "block_lgd": 93.0, "gp_name": "TINGRAI", "state_name": "ASSAM", "state_lgd": 18, "population": 2427, "households": 446}, "geometry": {"type": "Polygon", "coordinates": [[[95.58307, 27.458090000000002], [95.58231, 27.460790000000003], [95.60209, 27.468040000000002], [95.61121000000001, 27.470070000000003], [95.61600000000001, 27.472610000000003], [95.61868000000001, 27.470240000000004], [95.62151000000001, 27.464910000000003], [95.61235, 27.46214], [95.59030000000001, 27.46028], [95.58307, 27.458090000000002]]]}}, {"id": "965", "type": "Feature", "properties": {"village_name": "Hullunghabi T E", "vil_lgd": 290729, "district_name": "Tinsukia", "dist_lgd": 302, "subdistrict_name": "Tinsukia", "sdcode": 2061, "block_name": "Hapjan", "block_lgd": 93.0, "gp_name": "TINGRAI", "state_name": "ASSAM", "state_lgd": 18, "population": 1593, "households": 333}, "geometry": {"type": "Polygon", "coordinates": [[[95.60209, 27.468040000000002], [95.58231, 27.460790000000003], [95.58231, 27.473270000000003], [95.59296, 27.472430000000003], [95.60205, 27.476360000000003], [95.60338, 27.472240000000003], [95.60209, 27.468040000000002]]]}}, {"id": "966", "type": "Feature", "properties": {"village_name": "Obhatajan T E", "vil_lgd": 290728, "district_name": "Tinsukia", "dist_lgd": 302, "subdistrict_name": "Tinsukia", "sdcode": 2061, "block_name": "Hapjan", "block_lgd": 93.0, "gp_name": "TINGRAI", "state_name": "ASSAM", "state_lgd": 18, "population": 1006, "households": 190}, "geometry": {"type": "Polygon", "coordinates": [[[95.58231, 27.473270000000003], [95.58231, 27.47631], [95.59372, 27.47934], [95.60888000000001, 27.48899], [95.61066000000001, 27.481050000000003], [95.60205, 27.476360000000003], [95.59296, 27.472430000000003], [95.58231, 27.473270000000003]]]}}, {"id": "967", "type": "Feature", "properties": {"village_name": "Obhatajan Gaon", "vil_lgd": 290727, "district_name": "Tinsukia", "dist_lgd": 302, "subdistrict_name": "Tinsukia", "sdcode": 2061, "block_name": "Hapjan", "block_lgd": 93.0, "gp_name": "", "state_name": "ASSAM", "state_lgd": 18, "population": 570, "households": 111}, "geometry": {"type": "Polygon", "coordinates": [[[95.58231, 27.47631], [95.57889, 27.484070000000003], [95.57965, 27.489800000000002], [95.59828, 27.491830000000004], [95.60828000000001, 27.493430000000004], [95.60888000000001, 27.48899], [95.59372, 27.47934], [95.58231, 27.47631]]]}}, {"id": "968", "type": "Feature", "properties": {"village_name": "Naziratng Gaon", "vil_lgd": 290725, "district_name": "Tinsukia", "dist_lgd": 302, "subdistrict_name": "Tinsukia", "sdcode": 2061, "block_name": "Hapjan", "block_lgd": 93.0, "gp_name": "TINGRAI", "state_name": "ASSAM", "state_lgd": 18, "population": 847, "households": 158}, "geometry": {"type": "Polygon", "coordinates": [[[95.59828, 27.491830000000004], [95.59505000000001, 27.501610000000003], [95.59486000000001, 27.508190000000003], [95.59699, 27.51162], [95.60471000000001, 27.50898], [95.60828000000001, 27.501600000000003], [95.60828000000001, 27.49717], [95.60828000000001, 27.493430000000004], [95.59828, 27.491830000000004]]]}}, {"id": "969", "type": "Feature", "properties": {"village_name": "Bogapani T E Darkhasta", "vil_lgd": 290726, "district_name": "Tinsukia", "dist_lgd": 302, "subdistrict_name": "Tinsukia", "sdcode": 2061, "block_name": "Hapjan", "block_lgd": 93.0, "gp_name": "TINGRAI", "state_name": "ASSAM", "state_lgd": 18, "population": 947, "households": 181}, "geometry": {"type": "Polygon", "coordinates": [[[95.57965, 27.489800000000002], [95.57718000000001, 27.497560000000004], [95.57756, 27.499750000000002], [95.58516, 27.499920000000003], [95.59201, 27.503460000000004], [95.59486000000001, 27.508190000000003], [95.59505000000001, 27.501610000000003], [95.59828, 27.491830000000004], [95.57965, 27.489800000000002]]]}}, {"id": "970", "type": "Feature", "properties": {"village_name": "Nazirating Gaon", "vil_lgd": 290711, "district_name": "Tinsukia", "dist_lgd": 302, "subdistrict_name": "Tinsukia", "sdcode": 2061, "block_name": "Hapjan", "block_lgd": 93.0, "gp_name": "TINGRAI", "state_name": "ASSAM", "state_lgd": 18, "population": 1493, "households": 281}, "geometry": {"type": "Polygon", "coordinates": [[[95.57756, 27.499750000000002], [95.57395000000001, 27.50954], [95.57052, 27.514260000000004], [95.57927000000001, 27.51358], [95.58576000000001, 27.51462], [95.58719, 27.512940000000004], [95.59699, 27.51162], [95.59486000000001, 27.508190000000003], [95.59201, 27.503460000000004], [95.58516, 27.499920000000003], [95.57756, 27.499750000000002]]]}}, {"id": "971", "type": "Feature", "properties": {"village_name": "Samdang T E", "vil_lgd": 290710, "district_name": "Tinsukia", "dist_lgd": 302, "subdistrict_name": "Tinsukia", "sdcode": 2061, "block_name": "Hapjan", "block_lgd": 93.0, "gp_name": "SAMDANG", "state_name": "ASSAM", "state_lgd": 18, "population": 1102, "households": 229}, "geometry": {"type": "Polygon", "coordinates": [[[95.57052, 27.514260000000004], [95.56748, 27.518140000000002], [95.57071, 27.522180000000002], [95.57441000000001, 27.524790000000003], [95.57586, 27.523590000000002], [95.58201000000001, 27.518490000000003], [95.58576000000001, 27.51462], [95.57927000000001, 27.51358], [95.57052, 27.514260000000004]]]}}, {"id": "972", "type": "Feature", "properties": {"village_name": "Laika Forest Vill Laika Gaon", "vil_lgd": 290737, "district_name": "Tinsukia", "dist_lgd": 302, "subdistrict_name": "Tinsukia", "sdcode": 2061, "block_name": "Guijan", "block_lgd": 95.0, "gp_name": "GUIJAN", "state_name": "ASSAM", "state_lgd": 18, "population": 2669, "households": 406}, "geometry": {"type": "Polygon", "coordinates": [[[95.56748, 27.518140000000002], [95.56235000000001, 27.52438], [95.56826000000001, 27.52914], [95.57025, 27.528480000000002], [95.57441000000001, 27.524790000000003], [95.57071, 27.522180000000002], [95.56748, 27.518140000000002]]]}}, {"id": "973", "type": "Feature", "properties": {"village_name": "Samdang T E", "vil_lgd": 290702, "district_name": "Tinsukia", "dist_lgd": 302, "subdistrict_name": "Tinsukia", "sdcode": 2061, "block_name": "Hapjan", "block_lgd": 93.0, "gp_name": "SAMDANG", "state_name": "ASSAM", "state_lgd": 18, "population": 2523, "households": 544}, "geometry": {"type": "Polygon", "coordinates": [[[95.55493000000001, 27.529600000000002], [95.54675, 27.537020000000002], [95.54105000000001, 27.54275], [95.54827, 27.54718], [95.54827, 27.5435], [95.55124, 27.53796], [95.55629, 27.532700000000002], [95.55493000000001, 27.529600000000002]]]}}, {"id": "974", "type": "Feature", "properties": {"village_name": "Doomdooma Pathar Gaon", "vil_lgd": 290699, "district_name": "Tinsukia", "dist_lgd": 302, "subdistrict_name": "Tinsukia", "sdcode": 2061, "block_name": "Hapjan", "block_lgd": 93.0, "gp_name": "HANSARA", "state_name": "ASSAM", "state_lgd": 18, "population": 2128, "households": 445}, "geometry": {"type": "Polygon", "coordinates": [[[95.5382, 27.552030000000002], [95.52964000000001, 27.558770000000003], [95.53382, 27.56248], [95.5382, 27.564840000000004], [95.54143, 27.567200000000003], [95.54767000000001, 27.56114], [95.54333000000001, 27.555570000000003], [95.5382, 27.552030000000002]]]}}, {"id": "975", "type": "Feature", "properties": {"village_name": "Hahsara T E", "vil_lgd": 290698, "district_name": "Tinsukia", "dist_lgd": 302, "subdistrict_name": "Tinsukia", "sdcode": 2061, "block_name": "Hapjan", "block_lgd": 93.0, "gp_name": "HANSARA", "state_name": "ASSAM", "state_lgd": 18, "population": 1709, "households": 339}, "geometry": {"type": "Polygon", "coordinates": [[[95.53382, 27.56248], [95.52242000000001, 27.56669], [95.51707, 27.569840000000003], [95.52390000000001, 27.572210000000002], [95.53311000000001, 27.57158], [95.53549000000001, 27.571150000000003], [95.54143, 27.567200000000003], [95.5382, 27.564840000000004], [95.53382, 27.56248]]]}}, {"id": "976", "type": "Feature", "properties": {"village_name": "Hahsara T E", "vil_lgd": 290697, "district_name": "Tinsukia", "dist_lgd": 302, "subdistrict_name": "Tinsukia", "sdcode": 2061, "block_name": "Hapjan", "block_lgd": 93.0, "gp_name": "HANSARA", "state_name": "ASSAM", "state_lgd": 18, "population": 1210, "households": 234}, "geometry": {"type": "Polygon", "coordinates": [[[95.51558000000001, 27.557190000000002], [95.51261000000001, 27.56378], [95.5138, 27.567470000000004], [95.51707, 27.569840000000003], [95.52242000000001, 27.56669], [95.53382, 27.56248], [95.52964000000001, 27.558770000000003], [95.52032000000001, 27.557930000000002], [95.51558000000001, 27.557190000000002]]]}}, {"id": "977", "type": "Feature", "properties": {"village_name": "Hahsara T E", "vil_lgd": 290696, "district_name": "Tinsukia", "dist_lgd": 302, "subdistrict_name": "Tinsukia", "sdcode": 2061, "block_name": "Hapjan", "block_lgd": 93.0, "gp_name": "HANSORA", "state_name": "ASSAM", "state_lgd": 18, "population": 1349, "households": 310}, "geometry": {"type": "Polygon", "coordinates": [[[95.53382, 27.54747], [95.52451, 27.552030000000002], [95.51707, 27.55298], [95.51558000000001, 27.557190000000002], [95.52032000000001, 27.557930000000002], [95.52964000000001, 27.558770000000003], [95.5382, 27.552030000000002], [95.53554000000001, 27.550510000000003], [95.53382, 27.54747]]]}}, {"id": "978", "type": "Feature", "properties": {"village_name": "Mulan Pathar Gaon", "vil_lgd": 290695, "district_name": "Tinsukia", "dist_lgd": 302, "subdistrict_name": "Tinsukia", "sdcode": 2061, "block_name": "Hapjan", "block_lgd": 93.0, "gp_name": "HANCHORA", "state_name": "ASSAM", "state_lgd": 18, "population": 514, "households": 118}, "geometry": {"type": "Polygon", "coordinates": [[[95.51371, 27.537650000000003], [95.51205, 27.540450000000003], [95.51083000000001, 27.545600000000004], [95.51707, 27.55298], [95.52451, 27.552030000000002], [95.53382, 27.54747], [95.53088000000001, 27.544590000000003], [95.52787000000001, 27.542370000000002], [95.52214000000001, 27.54005], [95.51838000000001, 27.539920000000002], [95.51371, 27.537650000000003]]]}}, {"id": "979", "type": "Feature", "properties": {"village_name": "Borhapjan Gaon", "vil_lgd": 290693, "district_name": "Tinsukia", "dist_lgd": 302, "subdistrict_name": "Tinsukia", "sdcode": 2061, "block_name": "Hapjan", "block_lgd": 93.0, "gp_name": "", "state_name": "ASSAM", "state_lgd": 18, "population": 1755, "households": 337}, "geometry": {"type": "Polygon", "coordinates": [[[95.51943000000001, 27.52897], [95.51536, 27.533640000000002], [95.51371, 27.537650000000003], [95.51838000000001, 27.539920000000002], [95.52214000000001, 27.54005], [95.52787000000001, 27.542370000000002], [95.52801000000001, 27.53591], [95.52937000000001, 27.530970000000003], [95.51943000000001, 27.52897]]]}}, {"id": "980", "type": "Feature", "properties": {"village_name": "Kecheruguri Gaon", "vil_lgd": 290692, "district_name": "Tinsukia", "dist_lgd": 302, "subdistrict_name": "Tinsukia", "sdcode": 2061, "block_name": "Hapjan", "block_lgd": 93.0, "gp_name": "HAHCHORA", "state_name": "ASSAM", "state_lgd": 18, "population": 1628, "households": 316}, "geometry": {"type": "Polygon", "coordinates": [[[95.52937000000001, 27.530970000000003], [95.52801000000001, 27.53591], [95.52787000000001, 27.542370000000002], [95.53088000000001, 27.544590000000003], [95.53494, 27.541390000000003], [95.53630000000001, 27.538980000000002], [95.53615, 27.536050000000003], [95.53359, 27.53177], [95.52937000000001, 27.530970000000003]]]}}, {"id": "981", "type": "Feature", "properties": {"village_name": "Mamorani Forest Village", "vil_lgd": 290738, "district_name": "Tinsukia", "dist_lgd": 302, "subdistrict_name": "Tinsukia", "sdcode": 2061, "block_name": "Hapjan", "block_lgd": 93.0, "gp_name": "TINGARI", "state_name": "ASSAM", "state_lgd": 18, "population": 481, "households": 83}, "geometry": {"type": "Polygon", "coordinates": [[[95.53585000000001, 27.522430000000004], [95.5357, 27.528170000000003], [95.53359, 27.53177], [95.53630000000001, 27.53244], [95.54675, 27.537020000000002], [95.55493000000001, 27.529600000000002], [95.55347, 27.527770000000004], [95.54051000000001, 27.524960000000004], [95.53585000000001, 27.522430000000004]]]}}, {"id": "982", "type": "Feature", "properties": {"village_name": "Raidang T E", "vil_lgd": 290701, "district_name": "Tinsukia", "dist_lgd": 302, "subdistrict_name": "Tinsukia", "sdcode": 2061, "block_name": "Hapjan", "block_lgd": 93.0, "gp_name": "HANSARA", "state_name": "ASSAM", "state_lgd": 18, "population": 2065, "households": 460}, "geometry": {"type": "Polygon", "coordinates": [[[95.53359, 27.53177], [95.53615, 27.536050000000003], [95.53630000000001, 27.538980000000002], [95.53494, 27.541390000000003], [95.53088000000001, 27.544590000000003], [95.53382, 27.54747], [95.53554000000001, 27.550510000000003], [95.53706000000001, 27.547140000000002], [95.54105000000001, 27.54275], [95.54675, 27.537020000000002], [95.53630000000001, 27.53244], [95.53359, 27.53177]]]}}, {"id": "983", "type": "Feature", "properties": {"village_name": "Samdang T E", "vil_lgd": 290706, "district_name": "Tinsukia", "dist_lgd": 302, "subdistrict_name": "Tinsukia", "sdcode": 2061, "block_name": "Hapjan", "block_lgd": 93.0, "gp_name": "SAMDANG", "state_name": "ASSAM", "state_lgd": 18, "population": 1144, "households": 231}, "geometry": {"type": "Polygon", "coordinates": [[[95.53795000000001, 27.512410000000003], [95.53554000000001, 27.514010000000003], [95.53585000000001, 27.522430000000004], [95.54051000000001, 27.524960000000004], [95.55347, 27.527770000000004], [95.55452000000001, 27.525630000000003], [95.55226, 27.519750000000002], [95.5494, 27.515880000000003], [95.54609, 27.513080000000002], [95.54262000000001, 27.511740000000003], [95.53795000000001, 27.512410000000003]]]}}, {"id": "984", "type": "Feature", "properties": {"village_name": "Samdang T E", "vil_lgd": 290707, "district_name": "Tinsukia", "dist_lgd": 302, "subdistrict_name": "Tinsukia", "sdcode": 2061, "block_name": "Hapjan", "block_lgd": 93.0, "gp_name": "SAMDANG", "state_name": "ASSAM", "state_lgd": 18, "population": 978, "households": 188}, "geometry": {"type": "Polygon", "coordinates": [[[95.54609, 27.513080000000002], [95.5494, 27.515880000000003], [95.55226, 27.519750000000002], [95.56371000000001, 27.51855], [95.56190000000001, 27.513740000000002], [95.54609, 27.513080000000002]]]}}, {"id": "985", "type": "Feature", "properties": {"village_name": "Samdang T E", "vil_lgd": 290705, "district_name": "Tinsukia", "dist_lgd": 302, "subdistrict_name": "Tinsukia", "sdcode": 2061, "block_name": "Hapjan", "block_lgd": 93.0, "gp_name": "SAMDANG", "state_name": "ASSAM", "state_lgd": 18, "population": 2263, "households": 470}, "geometry": {"type": "Polygon", "coordinates": [[[95.56371000000001, 27.51855], [95.55226, 27.519750000000002], [95.55452000000001, 27.525630000000003], [95.55347, 27.527770000000004], [95.55493000000001, 27.529600000000002], [95.56235000000001, 27.52438], [95.56371000000001, 27.51855]]]}}, {"id": "986", "type": "Feature", "properties": {"village_name": "Raidang T E", "vil_lgd": 290704, "district_name": "Tinsukia", "dist_lgd": 302, "subdistrict_name": "Tinsukia", "sdcode": 2061, "block_name": "Hapjan", "block_lgd": 93.0, "gp_name": "SAMDANG", "state_name": "ASSAM", "state_lgd": 18, "population": 2198, "households": 424}, "geometry": {"type": "Polygon", "coordinates": [[[95.53314, 27.513340000000003], [95.53088000000001, 27.52082], [95.52937000000001, 27.530970000000003], [95.53359, 27.53177], [95.5357, 27.528170000000003], [95.53585000000001, 27.522430000000004], [95.53554000000001, 27.514010000000003], [95.53314, 27.513340000000003]]]}}, {"id": "987", "type": "Feature", "properties": {"village_name": "Pabhajan T E", "vil_lgd": 290691, "district_name": "Tinsukia", "dist_lgd": 302, "subdistrict_name": "Tinsukia", "sdcode": 2061, "block_name": "Hapjan", "block_lgd": 93.0, "gp_name": "BORHAPJAN", "state_name": "ASSAM", "state_lgd": 18, "population": 497, "households": 102}, "geometry": {"type": "Polygon", "coordinates": [[[95.52636000000001, 27.51067], [95.52560000000001, 27.51368], [95.52364000000001, 27.5194], [95.52154, 27.5255], [95.51943000000001, 27.52897], [95.52937000000001, 27.530970000000003], [95.53088000000001, 27.52082], [95.53314, 27.513340000000003], [95.52636000000001, 27.51067]]]}}, {"id": "988", "type": "Feature", "properties": {"village_name": "Assomiya Gaon", "vil_lgd": 290724, "district_name": "Tinsukia", "dist_lgd": 302, "subdistrict_name": "Tinsukia", "sdcode": 2061, "block_name": "Hapjan", "block_lgd": 93.0, "gp_name": "TINGRAI", "state_name": "ASSAM", "state_lgd": 18, "population": 3588, "households": 731}, "geometry": {"type": "Polygon", "coordinates": [[[95.56054, 27.474600000000002], [95.56009, 27.48663], [95.57214, 27.491970000000002], [95.57515000000001, 27.49611], [95.57718000000001, 27.497560000000004], [95.57965, 27.489800000000002], [95.57889, 27.484070000000003], [95.58231, 27.47631], [95.5759, 27.475], [95.56054, 27.474600000000002]]]}}, {"id": "989", "type": "Feature", "properties": {"village_name": "Tokowani Gaon", "vil_lgd": 290723, "district_name": "Tinsukia", "dist_lgd": 302, "subdistrict_name": "Tinsukia", "sdcode": 2061, "block_name": "Hapjan", "block_lgd": 93.0, "gp_name": "PANIKHOWA G.P.", "state_name": "ASSAM", "state_lgd": 18, "population": 2022, "households": 382}, "geometry": {"type": "Polygon", "coordinates": [[[95.57718000000001, 27.497560000000004], [95.57515000000001, 27.49611], [95.57214, 27.491970000000002], [95.56009, 27.48663], [95.55919, 27.48823], [95.55347, 27.488770000000002], [95.5497, 27.49331], [95.54955000000001, 27.494510000000002], [95.55934, 27.50025], [95.57214, 27.49932], [95.57756, 27.499750000000002], [95.57718000000001, 27.497560000000004]]]}}, {"id": "990", "type": "Feature", "properties": {"village_name": "Assomiya Gaon", "vil_lgd": 290712, "district_name": "Tinsukia", "dist_lgd": 302, "subdistrict_name": "Tinsukia", "sdcode": 2061, "block_name": "Hapjan", "block_lgd": 93.0, "gp_name": "TINGRAI", "state_name": "ASSAM", "state_lgd": 18, "population": 1540, "households": 289}, "geometry": {"type": "Polygon", "coordinates": [[[95.55934, 27.50025], [95.55934, 27.502390000000002], [95.55949000000001, 27.506670000000003], [95.56160000000001, 27.50653], [95.57078000000001, 27.50934], [95.57395000000001, 27.50954], [95.57756, 27.499750000000002], [95.57214, 27.49932], [95.55934, 27.50025]]]}}, {"id": "991", "type": "Feature", "properties": {"village_name": "Tokowani Gaon", "vil_lgd": 290709, "district_name": "Tinsukia", "dist_lgd": 302, "subdistrict_name": "Tinsukia", "sdcode": 2061, "block_name": "Hapjan", "block_lgd": 93.0, "gp_name": "TINGRAI", "state_name": "ASSAM", "state_lgd": 18, "population": 675, "households": 123}, "geometry": {"type": "Polygon", "coordinates": [[[95.55949000000001, 27.506670000000003], [95.56115000000001, 27.51094], [95.56190000000001, 27.513740000000002], [95.56371000000001, 27.51855], [95.56235000000001, 27.52438], [95.56748, 27.518140000000002], [95.57052, 27.514260000000004], [95.57395000000001, 27.50954], [95.57078000000001, 27.50934], [95.56160000000001, 27.50653], [95.55949000000001, 27.506670000000003]]]}}, {"id": "992", "type": "Feature", "properties": {"village_name": "Limbuguri T E", "vil_lgd": 290734, "district_name": "Tinsukia", "dist_lgd": 302, "subdistrict_name": "Tinsukia", "sdcode": 2061, "block_name": "Hapjan", "block_lgd": 93.0, "gp_name": "GOTONG", "state_name": "ASSAM", "state_lgd": 18, "population": 1113, "households": 221}, "geometry": {"type": "Polygon", "coordinates": [[[95.60248000000001, 27.409200000000002], [95.60690000000001, 27.42526], [95.60576, 27.43353], [95.60164, 27.440080000000002], [95.61371000000001, 27.442690000000002], [95.62248000000001, 27.44554], [95.62635, 27.448940000000004], [95.6316, 27.437420000000003], [95.63189000000001, 27.428980000000003], [95.63041000000001, 27.41975], [95.62179, 27.413690000000003], [95.61146000000001, 27.41101], [95.60753000000001, 27.410000000000004], [95.60248000000001, 27.409200000000002]]]}}, {"id": "993", "type": "Feature", "properties": {"village_name": "Bogapani T E Block", "vil_lgd": 290733, "district_name": "Tinsukia", "dist_lgd": 302, "subdistrict_name": "Tinsukia", "sdcode": 2061, "block_name": "Hapjan", "block_lgd": 93.0, "gp_name": "TINGRAI", "state_name": "ASSAM", "state_lgd": 18, "population": 877, "households": 180}, "geometry": {"type": "Polygon", "coordinates": [[[95.62635, 27.448940000000004], [95.62248000000001, 27.44554], [95.61371000000001, 27.442690000000002], [95.60164, 27.440080000000002], [95.59644, 27.444830000000003], [95.5858, 27.45125], [95.58535, 27.454210000000003], [95.58783000000001, 27.453030000000002], [95.62308, 27.458920000000003], [95.62357, 27.45588], [95.62635, 27.448940000000004]]]}}, {"id": "994", "type": "Feature", "properties": {"village_name": "Assomiya Pathar Gaon", "vil_lgd": 290718, "district_name": "Tinsukia", "dist_lgd": 302, "subdistrict_name": "Tinsukia", "sdcode": 2061, "block_name": "Hapjan", "block_lgd": 93.0, "gp_name": "TINGARI", "state_name": "ASSAM", "state_lgd": 18, "population": 459, "households": 104}, "geometry": {"type": "Polygon", "coordinates": [[[95.55587000000001, 27.47407], [95.56054, 27.474600000000002], [95.55979, 27.470190000000002], [95.55497000000001, 27.46498], [95.55043, 27.45766], [95.54339, 27.46036], [95.53199000000001, 27.46272], [95.52982, 27.464050000000004], [95.53720000000001, 27.475], [95.53856, 27.47754], [95.54217000000001, 27.476070000000004], [95.55587000000001, 27.47407]]]}}, {"id": "995", "type": "Feature", "properties": {"village_name": "Sukanpukhuri Gaon", "vil_lgd": 290722, "district_name": "Tinsukia", "dist_lgd": 302, "subdistrict_name": "Tinsukia", "sdcode": 2061, "block_name": "Hapjan", "block_lgd": 93.0, "gp_name": "PANIKHOWA", "state_name": "ASSAM", "state_lgd": 18, "population": 1500, "households": 292}, "geometry": {"type": "Polygon", "coordinates": [[[95.55919, 27.48823], [95.56009, 27.48663], [95.56054, 27.474600000000002], [95.55587000000001, 27.47407], [95.54217000000001, 27.476070000000004], [95.53856, 27.47754], [95.54307000000001, 27.483150000000002], [95.54955000000001, 27.494510000000002], [95.5497, 27.49331], [95.55347, 27.488770000000002], [95.55919, 27.48823]]]}}, {"id": "996", "type": "Feature", "properties": {"village_name": "Samdang T E", "vil_lgd": 290708, "district_name": "Tinsukia", "dist_lgd": 302, "subdistrict_name": "Tinsukia", "sdcode": 2061, "block_name": "Hapjan", "block_lgd": 93.0, "gp_name": "SANDANG", "state_name": "ASSAM", "state_lgd": 18, "population": 655, "households": 127}, "geometry": {"type": "Polygon", "coordinates": [[[95.55949000000001, 27.506670000000003], [95.55934, 27.502390000000002], [95.55091, 27.50052], [95.55075000000001, 27.507600000000004], [95.54865000000001, 27.508270000000003], [95.54338000000001, 27.507600000000004], [95.54262000000001, 27.511740000000003], [95.54609, 27.513080000000002], [95.56190000000001, 27.513740000000002], [95.56115000000001, 27.51094], [95.55949000000001, 27.506670000000003]]]}}, {"id": "997", "type": "Feature", "properties": {"village_name": "Panikhowa Gaon", "vil_lgd": 290713, "district_name": "Tinsukia", "dist_lgd": 302, "subdistrict_name": "Tinsukia", "sdcode": 2061, "block_name": "Hapjan", "block_lgd": 93.0, "gp_name": "PANIKHOWA", "state_name": "ASSAM", "state_lgd": 18, "population": 982, "households": 185}, "geometry": {"type": "Polygon", "coordinates": [[[95.54248000000001, 27.499470000000002], [95.54338000000001, 27.507600000000004], [95.54865000000001, 27.508270000000003], [95.55075000000001, 27.507600000000004], [95.55091, 27.50052], [95.54724, 27.499470000000002], [95.54248000000001, 27.499470000000002]]]}}, {"id": "998", "type": "Feature", "properties": {"village_name": "Raidang Bongali Gaon", "vil_lgd": 290715, "district_name": "Tinsukia", "dist_lgd": 302, "subdistrict_name": "Tinsukia", "sdcode": 2061, "block_name": "Hapjan", "block_lgd": 93.0, "gp_name": "PANIKHOWA", "state_name": "ASSAM", "state_lgd": 18, "population": 296, "households": 59}, "geometry": {"type": "Polygon", "coordinates": [[[95.53944000000001, 27.489860000000004], [95.54248000000001, 27.499470000000002], [95.54724, 27.499470000000002], [95.55091, 27.50052], [95.55934, 27.502390000000002], [95.55934, 27.50025], [95.54955000000001, 27.494510000000002], [95.53944000000001, 27.489860000000004]]]}}, {"id": "999", "type": "Feature", "properties": {"village_name": "Raidang Gaon", "vil_lgd": 290689, "district_name": "Tinsukia", "dist_lgd": 302, "subdistrict_name": "Tinsukia", "sdcode": 2061, "block_name": "Hapjan", "block_lgd": 93.0, "gp_name": "PANI KHOWA", "state_name": "ASSAM", "state_lgd": 18, "population": 963, "households": 164}, "geometry": {"type": "Polygon", "coordinates": [[[95.54262000000001, 27.511740000000003], [95.54338000000001, 27.507600000000004], [95.54248000000001, 27.499470000000002], [95.52784000000001, 27.499470000000002], [95.52765000000001, 27.50521], [95.52636000000001, 27.51067], [95.53314, 27.513340000000003], [95.53554000000001, 27.514010000000003], [95.53795000000001, 27.512410000000003], [95.54262000000001, 27.511740000000003]]]}}, {"id": "1000", "type": "Feature", "properties": {"village_name": "Raidang Pathar Gaon", "vil_lgd": 290714, "district_name": "Tinsukia", "dist_lgd": 302, "subdistrict_name": "Tinsukia", "sdcode": 2061, "block_name": "Hapjan", "block_lgd": 93.0, "gp_name": "PANI KHOWA G.P.", "state_name": "ASSAM", "state_lgd": 18, "population": 40, "households": 6}, "geometry": {"type": "Polygon", "coordinates": [[[95.52480000000001, 27.48682], [95.52784000000001, 27.499470000000002], [95.54248000000001, 27.499470000000002], [95.53944000000001, 27.489860000000004], [95.53317000000001, 27.488000000000003], [95.52480000000001, 27.48682]]]}}, {"id": "1001", "type": "Feature", "properties": {"village_name": "Panikhowa Bongali Gaon", "vil_lgd": 290716, "district_name": "Tinsukia", "dist_lgd": 302, "subdistrict_name": "Tinsukia", "sdcode": 2061, "block_name": "Hapjan", "block_lgd": 93.0, "gp_name": "PANIKHOWA", "state_name": "ASSAM", "state_lgd": 18, "population": 89, "households": 19}, "geometry": {"type": "Polygon", "coordinates": [[[95.53856, 27.47754], [95.52765000000001, 27.482770000000002], [95.52214000000001, 27.48328], [95.52214000000001, 27.48682], [95.52480000000001, 27.48682], [95.53317000000001, 27.488000000000003], [95.53944000000001, 27.489860000000004], [95.54955000000001, 27.494510000000002], [95.54307000000001, 27.483150000000002], [95.53856, 27.47754]]]}}, {"id": "1002", "type": "Feature", "properties": {"village_name": "Tingrai Gaon", "vil_lgd": 290717, "district_name": "Tinsukia", "dist_lgd": 302, "subdistrict_name": "Tinsukia", "sdcode": 2061, "block_name": "Hapjan", "block_lgd": 93.0, "gp_name": "", "state_name": "ASSAM", "state_lgd": 18, "population": 983, "households": 204}, "geometry": {"type": "Polygon", "coordinates": [[[95.52982, 27.464050000000004], [95.52537000000001, 27.46506], [95.51719000000001, 27.468100000000003], [95.51967, 27.47248], [95.52157000000001, 27.477040000000002], [95.52214000000001, 27.48328], [95.52765000000001, 27.482770000000002], [95.53856, 27.47754], [95.53720000000001, 27.475], [95.52982, 27.464050000000004]]]}}, {"id": "1003", "type": "Feature", "properties": {"village_name": "Betoni Gaon", "vil_lgd": 290688, "district_name": "Tinsukia", "dist_lgd": 302, "subdistrict_name": "Tinsukia", "sdcode": 2061, "block_name": "Hapjan", "block_lgd": 93.0, "gp_name": "BORHAPJAN", "state_name": "ASSAM", "state_lgd": 18, "population": 569, "households": 101}, "geometry": {"type": "Polygon", "coordinates": [[[95.51719000000001, 27.468100000000003], [95.51491000000001, 27.468600000000002], [95.51605, 27.47417], [95.51548000000001, 27.485640000000004], [95.52214000000001, 27.48682], [95.52214000000001, 27.48328], [95.52157000000001, 27.477040000000002], [95.51967, 27.47248], [95.51719000000001, 27.468100000000003]]]}}, {"id": "1004", "type": "Feature", "properties": {"village_name": "Bortarani Gaon", "vil_lgd": 290687, "district_name": "Tinsukia", "dist_lgd": 302, "subdistrict_name": "Tinsukia", "sdcode": 2061, "block_name": "Hapjan", "block_lgd": 93.0, "gp_name": "BORHAPJAN", "state_name": "ASSAM", "state_lgd": 18, "population": 1145, "households": 227}, "geometry": {"type": "Polygon", "coordinates": [[[95.51491000000001, 27.468600000000002], [95.50769000000001, 27.470460000000003], [95.50255000000001, 27.471470000000004], [95.50331000000001, 27.479400000000002], [95.50807, 27.480750000000004], [95.51548000000001, 27.485640000000004], [95.51605, 27.47417], [95.51491000000001, 27.468600000000002]]]}}, {"id": "1005", "type": "Feature", "properties": {"village_name": "Gupanari Habi Gaon", "vil_lgd": 290686, "district_name": "Tinsukia", "dist_lgd": 302, "subdistrict_name": "Tinsukia", "sdcode": 2061, "block_name": "Hapjan", "block_lgd": 93.0, "gp_name": "BARHAJAN", "state_name": "ASSAM", "state_lgd": 18, "population": 611, "households": 113}, "geometry": {"type": "Polygon", "coordinates": [[[95.50617000000001, 27.49509], [95.50331000000001, 27.479400000000002], [95.50255000000001, 27.471470000000004], [95.49381000000001, 27.473160000000004], [95.4997, 27.496270000000003], [95.50617000000001, 27.49509]]]}}, {"id": "1006", "type": "Feature", "properties": {"village_name": "Bongali Balijan Gaon", "vil_lgd": 290685, "district_name": "Tinsukia", "dist_lgd": 302, "subdistrict_name": "Tinsukia", "sdcode": 2061, "block_name": "Hapjan", "block_lgd": 93.0, "gp_name": "BOR HAP JAN", "state_name": "ASSAM", "state_lgd": 18, "population": 1332, "households": 250}, "geometry": {"type": "Polygon", "coordinates": [[[95.48544000000001, 27.47434], [95.48145000000001, 27.476360000000003], [95.48183, 27.480750000000004], [95.48335, 27.482940000000003], [95.48563000000001, 27.493910000000003], [95.48696000000001, 27.496440000000003], [95.4997, 27.496270000000003], [95.49381000000001, 27.473160000000004], [95.48544000000001, 27.47434]]]}}, {"id": "1007", "type": "Feature", "properties": {"village_name": "Chotohapjan Gaon", "vil_lgd": 290682, "district_name": "Tinsukia", "dist_lgd": 302, "subdistrict_name": "Tinsukia", "sdcode": 2061, "block_name": "Hapjan", "block_lgd": 93.0, "gp_name": "MAKUM", "state_name": "ASSAM", "state_lgd": 18, "population": 288, "households": 62}, "geometry": {"type": "Polygon", "coordinates": [[[95.48696000000001, 27.496440000000003], [95.48335, 27.498630000000002], [95.4805, 27.498630000000002], [95.47612000000001, 27.496100000000002], [95.47384000000001, 27.50251], [95.48392000000001, 27.504700000000003], [95.48734, 27.504360000000002], [95.48753, 27.502000000000002], [95.48696000000001, 27.496440000000003]]]}}, {"id": "1008", "type": "Feature", "properties": {"village_name": "Chutahapjan Gaon", "vil_lgd": 290683, "district_name": "Tinsukia", "dist_lgd": 302, "subdistrict_name": "Tinsukia", "sdcode": 2061, "block_name": "Hapjan", "block_lgd": 93.0, "gp_name": "MAKUM", "state_name": "ASSAM", "state_lgd": 18, "population": 1918, "households": 407}, "geometry": {"type": "Polygon", "coordinates": [[[95.45635000000001, 27.494410000000002], [95.4526, 27.4966], [95.45587, 27.500290000000003], [95.45795000000001, 27.50345], [95.45943000000001, 27.5074], [95.45943000000001, 27.51162], [95.46053, 27.513700000000004], [95.46359000000001, 27.522420000000004], [95.46686000000001, 27.52427], [95.47102000000001, 27.52532], [95.47637, 27.52558], [95.48439, 27.527430000000003], [95.48662, 27.528840000000002], [95.48855, 27.530060000000002], [95.49063000000001, 27.532700000000002], [95.49533000000001, 27.528650000000003], [95.48620000000001, 27.523080000000004], [95.47612000000001, 27.512290000000004], [95.46966, 27.50672], [95.46319000000001, 27.4993], [95.45635000000001, 27.494410000000002]]]}}, {"id": "1009", "type": "Feature", "properties": {"village_name": "Chengelijan Gaon", "vil_lgd": 290694, "district_name": "Tinsukia", "dist_lgd": 302, "subdistrict_name": "Tinsukia", "sdcode": 2061, "block_name": "Hapjan", "block_lgd": 93.0, "gp_name": "HANCHORA", "state_name": "ASSAM", "state_lgd": 18, "population": 1695, "households": 283}, "geometry": {"type": "Polygon", "coordinates": [[[95.49533000000001, 27.528650000000003], [95.49063000000001, 27.532700000000002], [95.49241, 27.535860000000003], [95.50015, 27.542080000000002], [95.50192000000001, 27.5435], [95.50667000000001, 27.54455], [95.51083000000001, 27.545600000000004], [95.51205, 27.540450000000003], [95.51371, 27.537650000000003], [95.50236000000001, 27.533030000000004], [95.49533000000001, 27.528650000000003]]]}}, {"id": "1010", "type": "Feature", "properties": {"village_name": "Chotohapjan T E", "vil_lgd": 290678, "district_name": "Tinsukia", "dist_lgd": 302, "subdistrict_name": "Tinsukia", "sdcode": 2061, "block_name": "Hapjan", "block_lgd": 93.0, "gp_name": "TENGAPANI", "state_name": "ASSAM", "state_lgd": 18, "population": 192, "households": 42}, "geometry": {"type": "Polygon", "coordinates": [[[95.45844000000001, 27.481930000000002], [95.4514, 27.48328], [95.44220000000001, 27.48421], [95.44220000000001, 27.486580000000004], [95.44487000000001, 27.489480000000004], [95.45022, 27.49264], [95.4526, 27.4966], [95.45635000000001, 27.494410000000002], [95.45844000000001, 27.491880000000002], [95.45825, 27.489520000000002], [95.45844000000001, 27.481930000000002]]]}}, {"id": "1011", "type": "Feature", "properties": {"village_name": "Chotohapjan", "vil_lgd": 290679, "district_name": "Tinsukia", "dist_lgd": 302, "subdistrict_name": "Tinsukia", "sdcode": 2061, "block_name": "Hapjan", "block_lgd": 93.0, "gp_name": "TENGAPANI", "state_name": "ASSAM", "state_lgd": 18, "population": 2236, "households": 465}, "geometry": {"type": "Polygon", "coordinates": [[[95.47327000000001, 27.478720000000003], [95.46814, 27.47754], [95.46662, 27.4799], [95.46414000000001, 27.48176], [95.45844000000001, 27.481930000000002], [95.45825, 27.489520000000002], [95.45844000000001, 27.491880000000002], [95.45635000000001, 27.494410000000002], [95.46319000000001, 27.4993], [95.46966, 27.50672], [95.47137000000001, 27.50571], [95.47384000000001, 27.50251], [95.47612000000001, 27.496100000000002], [95.47422, 27.494580000000003], [95.47213, 27.48834], [95.47327000000001, 27.478720000000003]]]}}, {"id": "1012", "type": "Feature", "properties": {"village_name": "Chotohapjan Pattaland", "vil_lgd": 290680, "district_name": "Tinsukia", "dist_lgd": 302, "subdistrict_name": "Tinsukia", "sdcode": 2061, "block_name": "Hapjan", "block_lgd": 93.0, "gp_name": "TENGAPANI", "state_name": "ASSAM", "state_lgd": 18, "population": 206, "households": 45}, "geometry": {"type": "Polygon", "coordinates": [[[95.47707000000001, 27.478050000000003], [95.47327000000001, 27.478720000000003], [95.47213, 27.48834], [95.47422, 27.494580000000003], [95.47612000000001, 27.496100000000002], [95.47726, 27.486310000000003], [95.47707000000001, 27.478050000000003]]]}}, {"id": "1013", "type": "Feature", "properties": {"village_name": "Assomiya Balijan Gaon", "vil_lgd": 290681, "district_name": "Tinsukia", "dist_lgd": 302, "subdistrict_name": "Tinsukia", "sdcode": 2061, "block_name": "Hapjan", "block_lgd": 93.0, "gp_name": "BORHAPJAN", "state_name": "ASSAM", "state_lgd": 18, "population": 778, "households": 159}, "geometry": {"type": "Polygon", "coordinates": [[[95.48145000000001, 27.476360000000003], [95.47707000000001, 27.478050000000003], [95.47726, 27.486310000000003], [95.47612000000001, 27.496100000000002], [95.4805, 27.498630000000002], [95.48335, 27.498630000000002], [95.48696000000001, 27.496440000000003], [95.48563000000001, 27.493910000000003], [95.48335, 27.482940000000003], [95.48183, 27.480750000000004], [95.48145000000001, 27.476360000000003]]]}}, {"id": "1014", "type": "Feature", "properties": {"village_name": "Owguri Gaon", "vil_lgd": 290721, "district_name": "Tinsukia", "dist_lgd": 302, "subdistrict_name": "Tinsukia", "sdcode": 2061, "block_name": "Hapjan", "block_lgd": 93.0, "gp_name": "TINGRAI", "state_name": "ASSAM", "state_lgd": 18, "population": 1337, "households": 240}, "geometry": {"type": "Polygon", "coordinates": [[[95.52457000000001, 27.443150000000003], [95.51734, 27.442300000000003], [95.50384000000001, 27.443310000000004], [95.49738, 27.4418], [95.49015000000001, 27.438080000000003], [95.48483, 27.43673], [95.48122000000001, 27.438250000000004], [95.47361000000001, 27.449220000000004], [95.47498, 27.451060000000002], [95.48240000000001, 27.451390000000004], [95.47878000000001, 27.455440000000003], [95.48164000000001, 27.458140000000004], [95.48411, 27.45848], [95.48696000000001, 27.453080000000003], [95.49171000000001, 27.45156], [95.50826, 27.451390000000004], [95.51453000000001, 27.452070000000003], [95.51967, 27.45409], [95.52328000000001, 27.45662], [95.52537000000001, 27.46506], [95.52982, 27.464050000000004], [95.53199000000001, 27.46272], [95.52628000000001, 27.448880000000003], [95.52457000000001, 27.443150000000003]]]}}, {"id": "1015", "type": "Feature", "properties": {"village_name": "Mamorani Gaon", "vil_lgd": 290719, "district_name": "Tinsukia", "dist_lgd": 302, "subdistrict_name": "Tinsukia", "sdcode": 2061, "block_name": "Hapjan", "block_lgd": 93.0, "gp_name": "TINGRAI", "state_name": "ASSAM", "state_lgd": 18, "population": 2129, "households": 382}, "geometry": {"type": "Polygon", "coordinates": [[[95.49381000000001, 27.473160000000004], [95.50255000000001, 27.471470000000004], [95.50769000000001, 27.470460000000003], [95.50712000000001, 27.467250000000003], [95.49780000000001, 27.456960000000002], [95.49286000000001, 27.45679], [95.48411, 27.45848], [95.48164000000001, 27.468940000000003], [95.48145000000001, 27.476360000000003], [95.48544000000001, 27.47434], [95.49381000000001, 27.473160000000004]]]}}, {"id": "1016", "type": "Feature", "properties": {"village_name": "Uppar Mamorani Gaon", "vil_lgd": 290720, "district_name": "Tinsukia", "dist_lgd": 302, "subdistrict_name": "Tinsukia", "sdcode": 2061, "block_name": "Hapjan", "block_lgd": 93.0, "gp_name": "TINGRAI", "state_name": "ASSAM", "state_lgd": 18, "population": 1376, "households": 245}, "geometry": {"type": "Polygon", "coordinates": [[[95.51967, 27.45409], [95.51453000000001, 27.452070000000003], [95.50826, 27.451390000000004], [95.49171000000001, 27.45156], [95.48696000000001, 27.453080000000003], [95.48411, 27.45848], [95.49286000000001, 27.45679], [95.49780000000001, 27.456960000000002], [95.50712000000001, 27.467250000000003], [95.50769000000001, 27.470460000000003], [95.51491000000001, 27.468600000000002], [95.51719000000001, 27.468100000000003], [95.52537000000001, 27.46506], [95.52328000000001, 27.45662], [95.51967, 27.45409]]]}}, {"id": "1017", "type": "Feature", "properties": {"village_name": "Anandabag T E", "vil_lgd": 290677, "district_name": "Tinsukia", "dist_lgd": 302, "subdistrict_name": "Tinsukia", "sdcode": 2061, "block_name": "Hapjan", "block_lgd": 93.0, "gp_name": "TINGRAI", "state_name": "ASSAM", "state_lgd": 18, "population": 1508, "households": 284}, "geometry": {"type": "Polygon", "coordinates": [[[95.47878000000001, 27.455440000000003], [95.47165000000001, 27.46121], [95.47165000000001, 27.468470000000003], [95.46994000000001, 27.473530000000004], [95.46814, 27.47754], [95.47327000000001, 27.478720000000003], [95.47707000000001, 27.478050000000003], [95.48145000000001, 27.476360000000003], [95.48164000000001, 27.468940000000003], [95.48411, 27.45848], [95.48164000000001, 27.458140000000004], [95.47878000000001, 27.455440000000003]]]}}, {"id": "1018", "type": "Feature", "properties": {"village_name": "Itakhuli T E", "vil_lgd": 290675, "district_name": "Tinsukia", "dist_lgd": 302, "subdistrict_name": "Tinsukia", "sdcode": 2061, "block_name": "Itakhuli", "block_lgd": 96.0, "gp_name": "TENGAPANI", "state_name": "ASSAM", "state_lgd": 18, "population": 40, "households": 7}, "geometry": {"type": "Polygon", "coordinates": [[[95.47361000000001, 27.449220000000004], [95.46785000000001, 27.452270000000002], [95.46271, 27.45295], [95.46785000000001, 27.45615], [95.46879000000001, 27.457410000000003], [95.47165000000001, 27.46121], [95.47878000000001, 27.455440000000003], [95.48240000000001, 27.451390000000004], [95.47498, 27.451060000000002], [95.47361000000001, 27.449220000000004]]]}}, {"id": "1019", "type": "Feature", "properties": {"village_name": "Tengapani Te", "vil_lgd": 290612, "district_name": "Tinsukia", "dist_lgd": 302, "subdistrict_name": "Tinsukia", "sdcode": 2061, "block_name": "Itakhuli", "block_lgd": 96.0, "gp_name": "TINGAPANI  G.P.", "state_name": "ASSAM", "state_lgd": 18, "population": 390, "households": 83}, "geometry": {"type": "Polygon", "coordinates": [[[95.45695, 27.457510000000003], [95.46271, 27.45295], [95.45853000000001, 27.445520000000002], [95.45644000000001, 27.448390000000003], [95.45073000000001, 27.45042], [95.44990000000001, 27.452050000000003], [95.45175, 27.4552], [95.45115000000001, 27.45747], [95.44829000000001, 27.45868], [95.44446, 27.457160000000002], [95.43856000000001, 27.460880000000003], [95.43830000000001, 27.467620000000004], [95.43723000000001, 27.47707], [95.44161000000001, 27.477750000000004], [95.44446, 27.47707], [95.44636000000001, 27.47471], [95.44598, 27.468130000000002], [95.45016000000001, 27.46223], [95.45695, 27.457510000000003]]]}}, {"id": "1020", "type": "Feature", "properties": {"village_name": "Tingrai Bongali Gaon", "vil_lgd": 290616, "district_name": "Tinsukia", "dist_lgd": 302, "subdistrict_name": "Tinsukia", "sdcode": 2061, "block_name": "Itakhuli", "block_lgd": 96.0, "gp_name": "TENGAPANI", "state_name": "ASSAM", "state_lgd": 18, "population": 1082, "households": 209}, "geometry": {"type": "Polygon", "coordinates": [[[95.47165000000001, 27.46121], [95.46233000000001, 27.466780000000004], [95.46233000000001, 27.47218], [95.46480000000001, 27.473360000000003], [95.46994000000001, 27.473530000000004], [95.47165000000001, 27.468470000000003], [95.47165000000001, 27.46121]]]}}, {"id": "1021", "type": "Feature", "properties": {"village_name": "Kuju Pathar Gaon", "vil_lgd": 290802, "district_name": "Tinsukia", "dist_lgd": 302, "subdistrict_name": "Margherita", "sdcode": 2062, "block_name": "Kakapathar", "block_lgd": 94.0, "gp_name": "PURANI PUKHURI", "state_name": "ASSAM", "state_lgd": 18, "population": 120, "households": 22}, "geometry": {"type": "Polygon", "coordinates": [[[95.82989, 27.497400000000003], [95.83008000000001, 27.499930000000003], [95.83521, 27.50195], [95.83978, 27.502290000000002], [95.84242, 27.505940000000002], [95.84318, 27.503750000000004], [95.84358, 27.500770000000003], [95.84111000000001, 27.50026], [95.83597, 27.49773], [95.82989, 27.497400000000003]]]}}, {"id": "1022", "type": "Feature", "properties": {"village_name": "Tingrai Gaon", "vil_lgd": 290615, "district_name": "Tinsukia", "dist_lgd": 302, "subdistrict_name": "Tinsukia", "sdcode": 2061, "block_name": "Itakhuli", "block_lgd": 96.0, "gp_name": "", "state_name": "ASSAM", "state_lgd": 18, "population": 995, "households": 204}, "geometry": {"type": "Polygon", "coordinates": [[[95.46233000000001, 27.466780000000004], [95.45454000000001, 27.46796], [95.45397000000001, 27.474200000000003], [95.46062, 27.47387], [95.46233000000001, 27.47218], [95.46233000000001, 27.466780000000004]]]}}, {"id": "1023", "type": "Feature", "properties": {"village_name": "Makum Jn Bongali Gaon", "vil_lgd": 290614, "district_name": "Tinsukia", "dist_lgd": 302, "subdistrict_name": "Tinsukia", "sdcode": 2061, "block_name": "Itakhuli", "block_lgd": 96.0, "gp_name": "MAKUM JN BONGALI", "state_name": "ASSAM", "state_lgd": 18, "population": 1083, "households": 225}, "geometry": {"type": "Polygon", "coordinates": [[[95.45844000000001, 27.481930000000002], [95.46414000000001, 27.48176], [95.46662, 27.4799], [95.46814, 27.47754], [95.46994000000001, 27.473530000000004], [95.46480000000001, 27.473360000000003], [95.46233000000001, 27.47218], [95.46062, 27.47387], [95.45397000000001, 27.474200000000003], [95.45454000000001, 27.46796], [95.46233000000001, 27.466780000000004], [95.47165000000001, 27.46121], [95.46879000000001, 27.457410000000003], [95.46485000000001, 27.45961], [95.46064000000001, 27.459480000000003], [95.45695, 27.457510000000003], [95.45016000000001, 27.46223], [95.44598, 27.468130000000002], [95.44636000000001, 27.47471], [95.44446, 27.47707], [95.44161000000001, 27.477750000000004], [95.43723000000001, 27.47707], [95.43621, 27.48018], [95.44131, 27.48131], [95.44220000000001, 27.48421], [95.4514, 27.48328], [95.45844000000001, 27.481930000000002]]]}}, {"id": "1024", "type": "Feature", "properties": {"village_name": "Langkachi T E", "vil_lgd": 290674, "district_name": "Tinsukia", "dist_lgd": 302, "subdistrict_name": "Tinsukia", "sdcode": 2061, "block_name": "Itakhuli", "block_lgd": 96.0, "gp_name": "TENGAPANI", "state_name": "ASSAM", "state_lgd": 18, "population": 1091, "households": 217}, "geometry": {"type": "Polygon", "coordinates": [[[95.45682000000001, 27.427970000000002], [95.45473000000001, 27.431520000000003], [95.45301, 27.439280000000004], [95.45853000000001, 27.445520000000002], [95.46271, 27.45295], [95.46785000000001, 27.452270000000002], [95.47361000000001, 27.449220000000004], [95.46677000000001, 27.446520000000003], [95.46486, 27.442300000000003], [95.46582000000001, 27.430320000000002], [95.4591, 27.427970000000002], [95.45682000000001, 27.427970000000002]]]}}, {"id": "1025", "type": "Feature", "properties": {"village_name": "Tengapani Gaon", "vil_lgd": 290620, "district_name": "Tinsukia", "dist_lgd": 302, "subdistrict_name": "Tinsukia", "sdcode": 2061, "block_name": "Itakhuli", "block_lgd": 96.0, "gp_name": "TENGAPANI", "state_name": "ASSAM", "state_lgd": 18, "population": 1999, "households": 383}, "geometry": {"type": "Polygon", "coordinates": [[[95.44902, 27.45379], [95.44990000000001, 27.452050000000003], [95.45073000000001, 27.45042], [95.45644000000001, 27.448390000000003], [95.45853000000001, 27.445520000000002], [95.45301, 27.439280000000004], [95.44123, 27.44299], [95.43875000000001, 27.45126], [95.43799000000001, 27.456830000000004], [95.43856000000001, 27.460880000000003], [95.44446, 27.457160000000002], [95.44902, 27.45379]]]}}, {"id": "1026", "type": "Feature", "properties": {"village_name": "Bozaloni T E", "vil_lgd": 290666, "district_name": "Tinsukia", "dist_lgd": 302, "subdistrict_name": "Tinsukia", "sdcode": 2061, "block_name": "Itakhuli", "block_lgd": 96.0, "gp_name": "LANKASHI", "state_name": "ASSAM", "state_lgd": 18, "population": 2502, "households": 484}, "geometry": {"type": "Polygon", "coordinates": [[[95.44560000000001, 27.38493], [95.44541000000001, 27.386110000000002], [95.44465000000001, 27.396580000000004], [95.44275, 27.39945], [95.44294000000001, 27.406540000000003], [95.43894, 27.408730000000002], [95.45320000000001, 27.41025], [95.45701000000001, 27.40924], [95.46005000000001, 27.408900000000003], [95.46347, 27.398940000000003], [95.46461000000001, 27.39168], [95.4667, 27.385600000000004], [95.44560000000001, 27.38493]]]}}, {"id": "1027", "type": "Feature", "properties": {"village_name": "Samdang T E", "vil_lgd": 290703, "district_name": "Tinsukia", "dist_lgd": 302, "subdistrict_name": "Tinsukia", "sdcode": 2061, "block_name": "Hapjan", "block_lgd": 93.0, "gp_name": "SAMDANG", "state_name": "ASSAM", "state_lgd": 18, "population": 591, "households": 134}, "geometry": {"type": "Polygon", "coordinates": [[[95.56235000000001, 27.52438], [95.55493000000001, 27.529600000000002], [95.55629, 27.532700000000002], [95.56583, 27.529950000000003], [95.56826000000001, 27.52914], [95.56235000000001, 27.52438]]]}}, {"id": "1028", "type": "Feature", "properties": {"village_name": "Bozaloni T E", "vil_lgd": 290664, "district_name": "Tinsukia", "dist_lgd": 302, "subdistrict_name": "Tinsukia", "sdcode": 2061, "block_name": "Itakhuli", "block_lgd": 96.0, "gp_name": "LANKASHI", "state_name": "ASSAM", "state_lgd": 18, "population": 1814, "households": 355}, "geometry": {"type": "Polygon", "coordinates": [[[95.44824000000001, 27.371570000000002], [95.44691, 27.36698], [95.44242000000001, 27.36398], [95.43781000000001, 27.364870000000003], [95.43609000000001, 27.36569], [95.42824, 27.37477], [95.42557000000001, 27.375950000000003], [95.42491000000001, 27.377720000000004], [95.42161, 27.379900000000003], [95.42582, 27.383750000000003], [95.43685, 27.382730000000002], [95.44560000000001, 27.38493], [95.45019, 27.37245], [95.44824000000001, 27.371570000000002]]]}}, {"id": "1029", "type": "Feature", "properties": {"village_name": "Bozaloni T E", "vil_lgd": 290665, "district_name": "Tinsukia", "dist_lgd": 302, "subdistrict_name": "Tinsukia", "sdcode": 2061, "block_name": "Itakhuli", "block_lgd": 96.0, "gp_name": "LANKASHI", "state_name": "ASSAM", "state_lgd": 18, "population": 680, "households": 141}, "geometry": {"type": "Polygon", "coordinates": [[[95.46753000000001, 27.378500000000003], [95.47342, 27.371910000000003], [95.47684000000001, 27.366680000000002], [95.47993000000001, 27.36427], [95.47411000000001, 27.365070000000003], [95.47258000000001, 27.363960000000002], [95.46859, 27.365000000000002], [95.47381000000001, 27.366850000000003], [95.47361000000001, 27.36738], [95.45879000000001, 27.372690000000002], [95.45545000000001, 27.375180000000004], [95.45388000000001, 27.375000000000004], [95.45019, 27.37245], [95.44560000000001, 27.38493], [95.4667, 27.385600000000004], [95.46791, 27.382720000000003], [95.46753000000001, 27.378500000000003]]]}}, {"id": "1030", "type": "Feature", "properties": {"village_name": "Dhulijan Gaon", "vil_lgd": 290669, "district_name": "Tinsukia", "dist_lgd": 302, "subdistrict_name": "Tinsukia", "sdcode": 2061, "block_name": "Itakhuli", "block_lgd": 96.0, "gp_name": "HANKASHI", "state_name": "ASSAM", "state_lgd": 18, "population": 657, "households": 136}, "geometry": {"type": "Polygon", "coordinates": [[[95.45701000000001, 27.40924], [95.45320000000001, 27.41025], [95.45206, 27.415650000000003], [95.45244000000001, 27.42038], [95.45549000000001, 27.42527], [95.4591, 27.424260000000004], [95.46100000000001, 27.41852], [95.46461000000001, 27.414980000000003], [95.46157000000001, 27.41278], [95.45701000000001, 27.40924]]]}}, {"id": "1031", "type": "Feature", "properties": {"village_name": "Bozaloni T E", "vil_lgd": 290667, "district_name": "Tinsukia", "dist_lgd": 302, "subdistrict_name": "Tinsukia", "sdcode": 2061, "block_name": "Itakhuli", "block_lgd": 96.0, "gp_name": "LANKASHI", "state_name": "ASSAM", "state_lgd": 18, "population": 1605, "households": 324}, "geometry": {"type": "Polygon", "coordinates": [[[95.46791, 27.382720000000003], [95.4667, 27.385600000000004], [95.46461000000001, 27.39168], [95.46347, 27.398940000000003], [95.46005000000001, 27.408900000000003], [95.45701000000001, 27.40924], [95.46157000000001, 27.41278], [95.46461000000001, 27.414980000000003], [95.46861000000001, 27.416490000000003], [95.47165000000001, 27.42038], [95.47165000000001, 27.423750000000002], [95.46943, 27.42762], [95.47494, 27.427450000000004], [95.47741, 27.42509], [95.47951, 27.42019], [95.47627000000001, 27.415300000000002], [95.47285000000001, 27.412260000000003], [95.47380000000001, 27.405340000000002], [95.47285000000001, 27.39842], [95.47513000000001, 27.39403], [95.47342, 27.39082], [95.47247, 27.385250000000003], [95.46791, 27.382720000000003]]]}}, {"id": "1032", "type": "Feature", "properties": {"village_name": "Rajgarh T E", "vil_lgd": 290671, "district_name": "Tinsukia", "dist_lgd": 302, "subdistrict_name": "Tinsukia", "sdcode": 2061, "block_name": "Itakhuli", "block_lgd": 96.0, "gp_name": "LANGKUCHI", "state_name": "ASSAM", "state_lgd": 18, "population": 142, "households": 29}, "geometry": {"type": "Polygon", "coordinates": [[[95.46461000000001, 27.414980000000003], [95.46100000000001, 27.41852], [95.4591, 27.424260000000004], [95.46043, 27.42612], [95.46480000000001, 27.4246], [95.47165000000001, 27.423750000000002], [95.47165000000001, 27.42038], [95.46861000000001, 27.416490000000003], [95.46461000000001, 27.414980000000003]]]}}, {"id": "1033", "type": "Feature", "properties": {"village_name": "Bokajan Gaon", "vil_lgd": 290672, "district_name": "Tinsukia", "dist_lgd": 302, "subdistrict_name": "Tinsukia", "sdcode": 2061, "block_name": "Itakhuli", "block_lgd": 96.0, "gp_name": "LANGKASI", "state_name": "ASSAM", "state_lgd": 18, "population": 345, "households": 74}, "geometry": {"type": "Polygon", "coordinates": [[[95.47165000000001, 27.423750000000002], [95.46480000000001, 27.4246], [95.46043, 27.42612], [95.4591, 27.424260000000004], [95.45549000000001, 27.42527], [95.45682000000001, 27.427970000000002], [95.4591, 27.427970000000002], [95.46582000000001, 27.430320000000002], [95.46943, 27.42762], [95.47165000000001, 27.423750000000002]]]}}, {"id": "1034", "type": "Feature", "properties": {"village_name": "Itakhuli Khetobari", "vil_lgd": 290673, "district_name": "Tinsukia", "dist_lgd": 302, "subdistrict_name": "Tinsukia", "sdcode": 2061, "block_name": "Itakhuli", "block_lgd": 96.0, "gp_name": "LANGKACHI", "state_name": "ASSAM", "state_lgd": 18, "population": 442, "households": 96}, "geometry": {"type": "Polygon", "coordinates": [[[95.44275, 27.426790000000004], [95.44199, 27.427300000000002], [95.44332000000001, 27.429830000000003], [95.44427, 27.434890000000003], [95.44256000000001, 27.43945], [95.44066000000001, 27.44113], [95.44123, 27.44299], [95.45301, 27.439280000000004], [95.45473000000001, 27.431520000000003], [95.45682000000001, 27.427970000000002], [95.45549000000001, 27.42527], [95.44275, 27.426790000000004]]]}}, {"id": "1035", "type": "Feature", "properties": {"village_name": "Raigarh T E", "vil_lgd": 290668, "district_name": "Tinsukia", "dist_lgd": 302, "subdistrict_name": "Tinsukia", "sdcode": 2061, "block_name": "Itakhuli", "block_lgd": 96.0, "gp_name": "LANKASHI", "state_name": "ASSAM", "state_lgd": 18, "population": 623, "households": 156}, "geometry": {"type": "Polygon", "coordinates": [[[95.45549000000001, 27.42527], [95.45244000000001, 27.42038], [95.45206, 27.415650000000003], [95.45320000000001, 27.41025], [95.43894, 27.408730000000002], [95.4397, 27.415480000000002], [95.43457000000001, 27.420550000000002], [95.43286, 27.423250000000003], [95.44199, 27.427300000000002], [95.44275, 27.426790000000004], [95.45549000000001, 27.42527]]]}}, {"id": "1036", "type": "Feature", "properties": {"village_name": "Holloguri Gaon", "vil_lgd": 290659, "district_name": "Tinsukia", "dist_lgd": 302, "subdistrict_name": "Tinsukia", "sdcode": 2061, "block_name": "Itakhuli", "block_lgd": 96.0, "gp_name": "LANKASHI", "state_name": "ASSAM", "state_lgd": 18, "population": 210, "households": 41}, "geometry": {"type": "Polygon", "coordinates": [[[95.44560000000001, 27.38493], [95.43856000000001, 27.392360000000004], [95.43343, 27.395730000000004], [95.43172000000001, 27.399610000000003], [95.42658, 27.40603], [95.42183000000001, 27.40755], [95.42337, 27.407650000000004], [95.43894, 27.408730000000002], [95.44294000000001, 27.406540000000003], [95.44275, 27.39945], [95.44465000000001, 27.396580000000004], [95.44541000000001, 27.386110000000002], [95.44560000000001, 27.38493]]]}}, {"id": "1037", "type": "Feature", "properties": {"village_name": "Langkachi Gaon", "vil_lgd": 290662, "district_name": "Tinsukia", "dist_lgd": 302, "subdistrict_name": "Tinsukia", "sdcode": 2061, "block_name": "Itakhuli", "block_lgd": 96.0, "gp_name": "LANKASHI", "state_name": "ASSAM", "state_lgd": 18, "population": 555, "households": 113}, "geometry": {"type": "Polygon", "coordinates": [[[95.41623000000001, 27.382910000000003], [95.41152000000001, 27.38716], [95.40445000000001, 27.387600000000003], [95.40491, 27.393200000000004], [95.41099000000001, 27.393200000000004], [95.41594, 27.39523], [95.41765000000001, 27.393030000000003], [95.41841000000001, 27.388980000000004], [95.41623000000001, 27.382910000000003]]]}}, {"id": "1038", "type": "Feature", "properties": {"village_name": "Langkachi Gutibari", "vil_lgd": 290661, "district_name": "Tinsukia", "dist_lgd": 302, "subdistrict_name": "Tinsukia", "sdcode": 2061, "block_name": "Itakhuli", "block_lgd": 96.0, "gp_name": "LANKASHI", "state_name": "ASSAM", "state_lgd": 18, "population": 1048, "households": 216}, "geometry": {"type": "Polygon", "coordinates": [[[95.43856000000001, 27.392360000000004], [95.44560000000001, 27.38493], [95.43685, 27.382730000000002], [95.42582, 27.383750000000003], [95.42225, 27.38528], [95.41841000000001, 27.388980000000004], [95.41765000000001, 27.393030000000003], [95.41594, 27.39523], [95.41727, 27.397250000000003], [95.42544000000001, 27.39438], [95.43058, 27.394720000000003], [95.43343, 27.395730000000004], [95.43856000000001, 27.392360000000004]]]}}, {"id": "1039", "type": "Feature", "properties": {"village_name": "Simoluguri Chuck", "vil_lgd": 290660, "district_name": "Tinsukia", "dist_lgd": 302, "subdistrict_name": "Tinsukia", "sdcode": 2061, "block_name": "Itakhuli", "block_lgd": 96.0, "gp_name": "LANKASHI", "state_name": "ASSAM", "state_lgd": 18, "population": 656, "households": 132}, "geometry": {"type": "Polygon", "coordinates": [[[95.42544000000001, 27.39438], [95.41727, 27.397250000000003], [95.41822, 27.401640000000004], [95.41784000000001, 27.406370000000003], [95.41935000000001, 27.406820000000003], [95.42183000000001, 27.40755], [95.42658, 27.40603], [95.43172000000001, 27.399610000000003], [95.43343, 27.395730000000004], [95.43058, 27.394720000000003], [95.42544000000001, 27.39438]]]}}, {"id": "1040", "type": "Feature", "properties": {"village_name": "Simaluguri Gaon", "vil_lgd": 290655, "district_name": "Tinsukia", "dist_lgd": 302, "subdistrict_name": "Tinsukia", "sdcode": 2061, "block_name": "Itakhuli", "block_lgd": 96.0, "gp_name": "LANKASHI", "state_name": "ASSAM", "state_lgd": 18, "population": 329, "households": 70}, "geometry": {"type": "Polygon", "coordinates": [[[95.41822, 27.401640000000004], [95.41727, 27.397250000000003], [95.41594, 27.39523], [95.41099000000001, 27.393200000000004], [95.40491, 27.393200000000004], [95.40605000000001, 27.401300000000003], [95.40852000000001, 27.406200000000002], [95.41365, 27.405690000000003], [95.41784000000001, 27.406370000000003], [95.41822, 27.401640000000004]]]}}, {"id": "1041", "type": "Feature", "properties": {"village_name": "Hahsar", "vil_lgd": 290700, "district_name": "Tinsukia", "dist_lgd": 302, "subdistrict_name": "Tinsukia", "sdcode": 2061, "block_name": "Hapjan", "block_lgd": 93.0, "gp_name": "HANSARA", "state_name": "ASSAM", "state_lgd": 18, "population": 2873, "households": 601}, "geometry": {"type": "Polygon", "coordinates": [[[95.54105000000001, 27.54275], [95.53706000000001, 27.547140000000002], [95.53554000000001, 27.550510000000003], [95.5382, 27.552030000000002], [95.54333000000001, 27.555570000000003], [95.54767000000001, 27.56114], [95.54805, 27.559300000000004], [95.54866000000001, 27.55261], [95.54827, 27.54718], [95.54105000000001, 27.54275]]]}}, {"id": "1042", "type": "Feature", "properties": {"village_name": "Hokani Pathar Gaon", "vil_lgd": 290654, "district_name": "Tinsukia", "dist_lgd": 302, "subdistrict_name": "Tinsukia", "sdcode": 2061, "block_name": "Itakhuli", "block_lgd": 96.0, "gp_name": "LANKASHI", "state_name": "ASSAM", "state_lgd": 18, "population": 794, "households": 157}, "geometry": {"type": "Polygon", "coordinates": [[[95.40445000000001, 27.387600000000003], [95.39247, 27.390570000000004], [95.38799, 27.39928], [95.38761000000001, 27.4035], [95.39920000000001, 27.411260000000002], [95.4013, 27.414640000000002], [95.4013, 27.41683], [95.40529000000001, 27.417340000000003], [95.40681000000001, 27.41852], [95.40852000000001, 27.406200000000002], [95.40605000000001, 27.401300000000003], [95.40491, 27.393200000000004], [95.40445000000001, 27.387600000000003]]]}}, {"id": "1043", "type": "Feature", "properties": {"village_name": "Sukanigaon", "vil_lgd": 290657, "district_name": "Tinsukia", "dist_lgd": 302, "subdistrict_name": "Tinsukia", "sdcode": 2061, "block_name": "Itakhuli", "block_lgd": 96.0, "gp_name": "LANKASHI", "state_name": "ASSAM", "state_lgd": 18, "population": 600, "households": 123}, "geometry": {"type": "Polygon", "coordinates": [[[95.41365, 27.405690000000003], [95.40852000000001, 27.406200000000002], [95.40681000000001, 27.41852], [95.40917, 27.419480000000004], [95.41339, 27.415740000000003], [95.42002000000001, 27.41306], [95.41935000000001, 27.406820000000003], [95.41784000000001, 27.406370000000003], [95.41365, 27.405690000000003]]]}}, {"id": "1044", "type": "Feature", "properties": {"village_name": "Kharia Gaon", "vil_lgd": 290622, "district_name": "Tinsukia", "dist_lgd": 302, "subdistrict_name": "Tinsukia", "sdcode": 2061, "block_name": "Itakhuli", "block_lgd": 96.0, "gp_name": "KASHOMARI", "state_name": "ASSAM", "state_lgd": 18, "population": 653, "households": 124}, "geometry": {"type": "Polygon", "coordinates": [[[95.42002000000001, 27.41306], [95.41339, 27.415740000000003], [95.40917, 27.419480000000004], [95.41460000000001, 27.426830000000002], [95.41806000000001, 27.426560000000002], [95.42198, 27.418540000000004], [95.42002000000001, 27.41306]]]}}, {"id": "1045", "type": "Feature", "properties": {"village_name": "Dhulijan Habi Gaon", "vil_lgd": 290658, "district_name": "Tinsukia", "dist_lgd": 302, "subdistrict_name": "Tinsukia", "sdcode": 2061, "block_name": "Itakhuli", "block_lgd": 96.0, "gp_name": "LANKASHI", "state_name": "ASSAM", "state_lgd": 18, "population": 1226, "households": 263}, "geometry": {"type": "Polygon", "coordinates": [[[95.42337, 27.407650000000004], [95.43026, 27.42189], [95.43286, 27.423250000000003], [95.43457000000001, 27.420550000000002], [95.4397, 27.415480000000002], [95.43894, 27.408730000000002], [95.42337, 27.407650000000004]]]}}, {"id": "1046", "type": "Feature", "properties": {"village_name": "Bahadur Te", "vil_lgd": 290656, "district_name": "Tinsukia", "dist_lgd": 302, "subdistrict_name": "Tinsukia", "sdcode": 2061, "block_name": "Itakhuli", "block_lgd": 96.0, "gp_name": "KASHOMARI", "state_name": "ASSAM", "state_lgd": 18, "population": 1694, "households": 341}, "geometry": {"type": "Polygon", "coordinates": [[[95.41935000000001, 27.406820000000003], [95.42002000000001, 27.41306], [95.42198, 27.418540000000004], [95.4277, 27.420550000000002], [95.43026, 27.42189], [95.42337, 27.407650000000004], [95.42183000000001, 27.40755], [95.41935000000001, 27.406820000000003]]]}}, {"id": "1047", "type": "Feature", "properties": {"village_name": "Rajgarh Te", "vil_lgd": 290621, "district_name": "Tinsukia", "dist_lgd": 302, "subdistrict_name": "Tinsukia", "sdcode": 2061, "block_name": "Itakhuli", "block_lgd": 96.0, "gp_name": "TENGPANI", "state_name": "ASSAM", "state_lgd": 18, "population": 3734, "households": 763}, "geometry": {"type": "Polygon", "coordinates": [[[95.42198, 27.418540000000004], [95.41806000000001, 27.426560000000002], [95.42619, 27.429370000000002], [95.42981, 27.433650000000004], [95.43176000000001, 27.437520000000003], [95.43824000000001, 27.439130000000002], [95.44066000000001, 27.44113], [95.44256000000001, 27.43945], [95.44427, 27.434890000000003], [95.44332000000001, 27.429830000000003], [95.44199, 27.427300000000002], [95.43286, 27.423250000000003], [95.43026, 27.42189], [95.4277, 27.420550000000002], [95.42198, 27.418540000000004]]]}}, {"id": "1048", "type": "Feature", "properties": {"village_name": "Tengapani Te", "vil_lgd": 290613, "district_name": "Tinsukia", "dist_lgd": 302, "subdistrict_name": "Tinsukia", "sdcode": 2061, "block_name": "Itakhuli", "block_lgd": 96.0, "gp_name": "TENGAPANI", "state_name": "ASSAM", "state_lgd": 18, "population": 1943, "households": 361}, "geometry": {"type": "Polygon", "coordinates": [[[95.42378000000001, 27.43766], [95.42017000000001, 27.440870000000004], [95.41957000000001, 27.44929], [95.42107000000001, 27.466920000000002], [95.43071, 27.466790000000003], [95.43830000000001, 27.467620000000004], [95.43856000000001, 27.460880000000003], [95.43799000000001, 27.456830000000004], [95.43875000000001, 27.45126], [95.44123, 27.44299], [95.44066000000001, 27.44113], [95.43824000000001, 27.439130000000002], [95.43176000000001, 27.437520000000003], [95.42378000000001, 27.43766]]]}}, {"id": "1049", "type": "Feature", "properties": {"village_name": "Hebeda Te", "vil_lgd": 290611, "district_name": "Tinsukia", "dist_lgd": 302, "subdistrict_name": "Tinsukia", "sdcode": 2061, "block_name": "Itakhuli", "block_lgd": 96.0, "gp_name": "TANGAPANI", "state_name": "ASSAM", "state_lgd": 18, "population": 471, "households": 93}, "geometry": {"type": "Polygon", "coordinates": [[[95.43071, 27.466790000000003], [95.43071, 27.469730000000002], [95.42951000000001, 27.472400000000004], [95.42695, 27.47361], [95.42981, 27.478150000000003], [95.42853000000001, 27.479730000000004], [95.43418000000001, 27.479730000000004], [95.43621, 27.48018], [95.43723000000001, 27.47707], [95.43830000000001, 27.467620000000004], [95.43071, 27.466790000000003]]]}}, {"id": "1050", "type": "Feature", "properties": {"village_name": "Hukanpukhuri Te", "vil_lgd": 290610, "district_name": "Tinsukia", "dist_lgd": 302, "subdistrict_name": "Tinsukia", "sdcode": 2061, "block_name": "Itakhuli", "block_lgd": 96.0, "gp_name": "RANGPURIA", "state_name": "ASSAM", "state_lgd": 18, "population": 1796, "households": 334}, "geometry": {"type": "Polygon", "coordinates": [[[95.41053000000001, 27.46599], [95.41083, 27.46759], [95.40872, 27.469060000000002], [95.40571000000001, 27.47294], [95.40546, 27.474580000000003], [95.40511000000001, 27.476950000000002], [95.41143000000001, 27.47801], [95.41957000000001, 27.477880000000003], [95.42318, 27.476950000000002], [95.42695, 27.47361], [95.42951000000001, 27.472400000000004], [95.43071, 27.469730000000002], [95.43071, 27.466790000000003], [95.42107000000001, 27.466920000000002], [95.41686000000001, 27.466120000000004], [95.41053000000001, 27.46599]]]}}, {"id": "1051", "type": "Feature", "properties": {"village_name": "Hukanpukhuri Gaon", "vil_lgd": 290532, "district_name": "Tinsukia", "dist_lgd": 302, "subdistrict_name": "Tinsukia", "sdcode": 2061, "block_name": "Guijan", "block_lgd": 95.0, "gp_name": "BORGURI", "state_name": "ASSAM", "state_lgd": 18, "population": 3887, "households": 772}, "geometry": {"type": "Polygon", "coordinates": [[[95.42695, 27.47361], [95.42318, 27.476950000000002], [95.41957000000001, 27.477880000000003], [95.41143000000001, 27.47801], [95.40511000000001, 27.476950000000002], [95.40059000000001, 27.47989], [95.39637, 27.481350000000003], [95.39668, 27.48363], [95.39562000000001, 27.48616], [95.39125000000001, 27.488170000000004], [95.40074000000001, 27.488840000000003], [95.40248000000001, 27.48872], [95.40857000000001, 27.488300000000002], [95.42022000000001, 27.489220000000003], [95.42081, 27.482100000000003], [95.42853000000001, 27.479730000000004], [95.42981, 27.478150000000003], [95.42695, 27.47361]]]}}, {"id": "1052", "type": "Feature", "properties": {"village_name": "Parbatia Gaon", "vil_lgd": 290534, "district_name": "Tinsukia", "dist_lgd": 302, "subdistrict_name": "Tinsukia", "sdcode": 2061, "block_name": "Guijan", "block_lgd": 95.0, "gp_name": "", "state_name": "ASSAM", "state_lgd": 18, "population": 160, "households": 34}, "geometry": {"type": "Polygon", "coordinates": [[[95.40857000000001, 27.488300000000002], [95.40248000000001, 27.48872], [95.3999, 27.49116], [95.39500000000001, 27.492210000000004], [95.39277000000001, 27.491030000000002], [95.39061000000001, 27.488390000000003], [95.38553, 27.49191], [95.38192000000001, 27.49632], [95.38101, 27.498590000000004], [95.38809, 27.495110000000004], [95.39547, 27.496180000000003], [95.40225000000001, 27.49725], [95.41066000000001, 27.497360000000004], [95.41053000000001, 27.495110000000004], [95.40857000000001, 27.488300000000002]]]}}, {"id": "1053", "type": "Feature", "properties": {"village_name": "Hukanpukhuri T E Pattaland", "vil_lgd": 290531, "district_name": "Tinsukia", "dist_lgd": 302, "subdistrict_name": "Tinsukia", "sdcode": 2061, "block_name": "Guijan", "block_lgd": 95.0, "gp_name": "BORGURI", "state_name": "ASSAM", "state_lgd": 18, "population": 1415, "households": 299}, "geometry": {"type": "Polygon", "coordinates": [[[95.40857000000001, 27.488300000000002], [95.41053000000001, 27.495110000000004], [95.41066000000001, 27.497360000000004], [95.41487000000001, 27.497650000000004], [95.41932000000001, 27.492120000000003], [95.42022000000001, 27.489220000000003], [95.40857000000001, 27.488300000000002]]]}}, {"id": "1054", "type": "Feature", "properties": {"village_name": "Chandmari Bongali Gaon", "vil_lgd": 290530, "district_name": "Tinsukia", "dist_lgd": 302, "subdistrict_name": "Tinsukia", "sdcode": 2061, "block_name": "Guijan", "block_lgd": 95.0, "gp_name": "BORGURI", "state_name": "ASSAM", "state_lgd": 18, "population": 593, "households": 104}, "geometry": {"type": "Polygon", "coordinates": [[[95.39547, 27.496180000000003], [95.39984000000001, 27.49912], [95.40328000000001, 27.503190000000004], [95.40561000000001, 27.502150000000004], [95.4116, 27.500290000000003], [95.41487000000001, 27.497650000000004], [95.41066000000001, 27.497360000000004], [95.40225000000001, 27.49725], [95.39547, 27.496180000000003]]]}}, {"id": "1055", "type": "Feature", "properties": {"village_name": "Dhalakhat Bagan Gaon", "vil_lgd": 290495, "district_name": "Tinsukia", "dist_lgd": 302, "subdistrict_name": "Tinsukia", "sdcode": 2061, "block_name": "Guijan", "block_lgd": 95.0, "gp_name": "GOTONG", "state_name": "ASSAM", "state_lgd": 18, "population": 1698, "households": 341}, "geometry": {"type": "Polygon", "coordinates": [[[95.39995, 27.56031], [95.40206, 27.56258], [95.40328000000001, 27.573790000000002], [95.41041000000001, 27.573000000000004], [95.41279, 27.57036], [95.41342, 27.568260000000002], [95.41398000000001, 27.56641], [95.41309000000001, 27.564040000000002], [95.40595, 27.55983], [95.39995, 27.56031]]]}}, {"id": "1056", "type": "Feature", "properties": {"village_name": "Gotong Gaon", "vil_lgd": 290498, "district_name": "Tinsukia", "dist_lgd": 302, "subdistrict_name": "Tinsukia", "sdcode": 2061, "block_name": "Guijan", "block_lgd": 95.0, "gp_name": "", "state_name": "ASSAM", "state_lgd": 18, "population": 1730, "households": 330}, "geometry": {"type": "Polygon", "coordinates": [[[95.39107000000001, 27.54201], [95.39182000000001, 27.54962], [95.39634000000001, 27.555770000000003], [95.39995, 27.56031], [95.40595, 27.55983], [95.40583000000001, 27.558120000000002], [95.40544000000001, 27.552760000000003], [95.40511000000001, 27.548140000000004], [95.40388, 27.544880000000003], [95.40295, 27.54285], [95.39107000000001, 27.54201]]]}}, {"id": "1057", "type": "Feature", "properties": {"village_name": "Bherjan Gaon", "vil_lgd": 290525, "district_name": "Tinsukia", "dist_lgd": 302, "subdistrict_name": "Tinsukia", "sdcode": 2061, "block_name": "Guijan", "block_lgd": 95.0, "gp_name": "BORGURI", "state_name": "ASSAM", "state_lgd": 18, "population": 119, "households": 29}, "geometry": {"type": "Polygon", "coordinates": [[[95.39793, 27.532700000000002], [95.39017000000001, 27.53601], [95.39077, 27.540010000000002], [95.39107000000001, 27.54201], [95.40295, 27.54285], [95.40180000000001, 27.54034], [95.39793, 27.532700000000002]]]}}, {"id": "1058", "type": "Feature", "properties": {"village_name": "Jengoni Gaon", "vil_lgd": 290623, "district_name": "Tinsukia", "dist_lgd": 302, "subdistrict_name": "Tinsukia", "sdcode": 2061, "block_name": "Itakhuli", "block_lgd": 96.0, "gp_name": "KASHOMARI", "state_name": "ASSAM", "state_lgd": 18, "population": 1458, "households": 287}, "geometry": {"type": "Polygon", "coordinates": [[[95.43176000000001, 27.437520000000003], [95.42981, 27.433650000000004], [95.42619, 27.429370000000002], [95.41806000000001, 27.426560000000002], [95.41460000000001, 27.426830000000002], [95.41607, 27.435010000000002], [95.41245, 27.438350000000003], [95.41607, 27.438620000000004], [95.42017000000001, 27.440870000000004], [95.42378000000001, 27.43766], [95.43176000000001, 27.437520000000003]]]}}, {"id": "1059", "type": "Feature", "properties": {"village_name": "Hebeda Gaon", "vil_lgd": 290625, "district_name": "Tinsukia", "dist_lgd": 302, "subdistrict_name": "Tinsukia", "sdcode": 2061, "block_name": "Itakhuli", "block_lgd": 96.0, "gp_name": "KASHAMARI", "state_name": "ASSAM", "state_lgd": 18, "population": 704, "households": 140}, "geometry": {"type": "Polygon", "coordinates": [[[95.41245, 27.438350000000003], [95.40673000000001, 27.442890000000002], [95.40779, 27.44329], [95.41607, 27.44891], [95.41957000000001, 27.44929], [95.42017000000001, 27.440870000000004], [95.41607, 27.438620000000004], [95.41245, 27.438350000000003]]]}}, {"id": "1060", "type": "Feature", "properties": {"village_name": "Hebeda Gaon", "vil_lgd": 290624, "district_name": "Tinsukia", "dist_lgd": 302, "subdistrict_name": "Tinsukia", "sdcode": 2061, "block_name": "Itakhuli", "block_lgd": 96.0, "gp_name": "KASHAMARI", "state_name": "ASSAM", "state_lgd": 18, "population": 1362, "households": 255}, "geometry": {"type": "Polygon", "coordinates": [[[95.41607, 27.435010000000002], [95.40884000000001, 27.436210000000003], [95.40342000000001, 27.433670000000003], [95.40267000000001, 27.436080000000004], [95.40206, 27.43795], [95.40146000000001, 27.438620000000004], [95.40282, 27.440620000000003], [95.40673000000001, 27.442890000000002], [95.41245, 27.438350000000003], [95.41607, 27.435010000000002]]]}}, {"id": "1061", "type": "Feature", "properties": {"village_name": "Monkhushi T E", "vil_lgd": 290644, "district_name": "Tinsukia", "dist_lgd": 302, "subdistrict_name": "Tinsukia", "sdcode": 2061, "block_name": "Itakhuli", "block_lgd": 96.0, "gp_name": "", "state_name": "ASSAM", "state_lgd": 18, "population": 2140, "households": 433}, "geometry": {"type": "Polygon", "coordinates": [[[95.4013, 27.41683], [95.4013, 27.419700000000002], [95.40015000000001, 27.42274], [95.40206, 27.425120000000003], [95.40342000000001, 27.433670000000003], [95.40884000000001, 27.436210000000003], [95.41607, 27.435010000000002], [95.41460000000001, 27.426830000000002], [95.40917, 27.419480000000004], [95.40681000000001, 27.41852], [95.40529000000001, 27.417340000000003], [95.4013, 27.41683]]]}}, {"id": "1062", "type": "Feature", "properties": {"village_name": "Tingrai Hebeda", "vil_lgd": 290619, "district_name": "Tinsukia", "dist_lgd": 302, "subdistrict_name": "Tinsukia", "sdcode": 2061, "block_name": "Itakhuli", "block_lgd": 96.0, "gp_name": "TENGAPANI", "state_name": "ASSAM", "state_lgd": 18, "population": 343, "households": 64}, "geometry": {"type": "Polygon", "coordinates": [[[95.41607, 27.44891], [95.41336000000001, 27.451980000000002], [95.41260000000001, 27.456390000000003], [95.41686000000001, 27.466120000000004], [95.42107000000001, 27.466920000000002], [95.41957000000001, 27.44929], [95.41607, 27.44891]]]}}, {"id": "1063", "type": "Feature", "properties": {"village_name": "Hebeda Gaon", "vil_lgd": 290626, "district_name": "Tinsukia", "dist_lgd": 302, "subdistrict_name": "Tinsukia", "sdcode": 2061, "block_name": "Itakhuli", "block_lgd": 96.0, "gp_name": "TENGAPANI", "state_name": "ASSAM", "state_lgd": 18, "population": 116, "households": 20}, "geometry": {"type": "Polygon", "coordinates": [[[95.40673000000001, 27.442890000000002], [95.40718000000001, 27.448100000000004], [95.40779, 27.450110000000002], [95.41260000000001, 27.456390000000003], [95.41336000000001, 27.451980000000002], [95.41607, 27.44891], [95.40779, 27.44329], [95.40673000000001, 27.442890000000002]]]}}, {"id": "1064", "type": "Feature", "properties": {"village_name": "Patia Pathar Gaon", "vil_lgd": 290600, "district_name": "Tinsukia", "dist_lgd": 302, "subdistrict_name": "Tinsukia", "sdcode": 2061, "block_name": "Itakhuli", "block_lgd": 96.0, "gp_name": "RANGPURIA G.P.", "state_name": "ASSAM", "state_lgd": 18, "population": 2804, "households": 572}, "geometry": {"type": "Polygon", "coordinates": [[[95.40718000000001, 27.448100000000004], [95.40327, 27.448510000000002], [95.40568, 27.456120000000002], [95.40628000000001, 27.46347], [95.41053000000001, 27.46599], [95.41686000000001, 27.466120000000004], [95.41260000000001, 27.456390000000003], [95.40779, 27.450110000000002], [95.40718000000001, 27.448100000000004]]]}}, {"id": "1065", "type": "Feature", "properties": {"village_name": "Tingrai Bongali Gaon", "vil_lgd": 290627, "district_name": "Tinsukia", "dist_lgd": 302, "subdistrict_name": "Tinsukia", "sdcode": 2061, "block_name": "Itakhuli", "block_lgd": 96.0, "gp_name": "", "state_name": "ASSAM", "state_lgd": 18, "population": 3691, "households": 818}, "geometry": {"type": "Polygon", "coordinates": [[[95.40146000000001, 27.438620000000004], [95.39785, 27.444360000000003], [95.39995, 27.44677], [95.40327, 27.448510000000002], [95.40718000000001, 27.448100000000004], [95.40673000000001, 27.442890000000002], [95.40282, 27.440620000000003], [95.40146000000001, 27.438620000000004]]]}}, {"id": "1066", "type": "Feature", "properties": {"village_name": "Chototingrai", "vil_lgd": 290605, "district_name": "Tinsukia", "dist_lgd": 302, "subdistrict_name": "Tinsukia", "sdcode": 2061, "block_name": "Itakhuli", "block_lgd": 96.0, "gp_name": "RANGPURIA G.P.", "state_name": "ASSAM", "state_lgd": 18, "population": 1107, "households": 213}, "geometry": {"type": "Polygon", "coordinates": [[[95.39995, 27.44677], [95.39831000000001, 27.452630000000003], [95.39801000000001, 27.454610000000002], [95.39718, 27.45904], [95.3979, 27.46712], [95.39935000000001, 27.467480000000002], [95.40327, 27.467080000000003], [95.40402, 27.46374], [95.40628000000001, 27.46347], [95.40568, 27.456120000000002], [95.40327, 27.448510000000002], [95.39995, 27.44677]]]}}, {"id": "1067", "type": "Feature", "properties": {"village_name": "Jangu Khowa Gaon", "vil_lgd": 290304, "district_name": "Tinsukia", "dist_lgd": 302, "subdistrict_name": "Doom Dooma", "sdcode": 2060, "block_name": "Hapjan", "block_lgd": 93.0, "gp_name": "BARKURI", "state_name": "ASSAM", "state_lgd": 18, "population": 775, "households": 148}, "geometry": {"type": "Polygon", "coordinates": [[[95.39591000000001, 27.523390000000003], [95.39420000000001, 27.524410000000003], [95.39051, 27.524910000000002], [95.39051, 27.527690000000003], [95.39377, 27.530320000000003], [95.39680000000001, 27.53205], [95.40009, 27.52879], [95.39591000000001, 27.523390000000003]]]}}, {"id": "1068", "type": "Feature", "properties": {"village_name": "Tarajan Gaon", "vil_lgd": 290318, "district_name": "Tinsukia", "dist_lgd": 302, "subdistrict_name": "Doom Dooma", "sdcode": 2060, "block_name": "Hapjan", "block_lgd": 93.0, "gp_name": "BARKURI", "state_name": "ASSAM", "state_lgd": 18, "population": 423, "households": 80}, "geometry": {"type": "Polygon", "coordinates": [[[95.40009, 27.52879], [95.39680000000001, 27.53205], [95.39793, 27.532700000000002], [95.40180000000001, 27.54034], [95.40566000000001, 27.53901], [95.40485000000001, 27.536550000000002], [95.40333000000001, 27.533170000000002], [95.40009, 27.52879]]]}}, {"id": "1069", "type": "Feature", "properties": {"village_name": "Purani Matapung", "vil_lgd": 290288, "district_name": "Tinsukia", "dist_lgd": 302, "subdistrict_name": "Doom Dooma", "sdcode": 2060, "block_name": "Hapjan", "block_lgd": 93.0, "gp_name": "BORUKURI", "state_name": "ASSAM", "state_lgd": 18, "population": 1398, "households": 262}, "geometry": {"type": "Polygon", "coordinates": [[[95.40926, 27.547710000000002], [95.40511000000001, 27.548140000000004], [95.40544000000001, 27.552760000000003], [95.41055000000001, 27.552220000000002], [95.40955000000001, 27.548280000000002], [95.40926, 27.547710000000002]]]}}, {"id": "1070", "type": "Feature", "properties": {"village_name": "Purani Matapung", "vil_lgd": 290287, "district_name": "Tinsukia", "dist_lgd": 302, "subdistrict_name": "Doom Dooma", "sdcode": 2060, "block_name": "Hapjan", "block_lgd": 93.0, "gp_name": "BARUKORI", "state_name": "ASSAM", "state_lgd": 18, "population": 41, "households": 9}, "geometry": {"type": "Polygon", "coordinates": [[[95.41055000000001, 27.552220000000002], [95.40544000000001, 27.552760000000003], [95.40583000000001, 27.558120000000002], [95.4115, 27.55695], [95.41055000000001, 27.552220000000002]]]}}, {"id": "1071", "type": "Feature", "properties": {"village_name": "Purani Matapung", "vil_lgd": 290286, "district_name": "Tinsukia", "dist_lgd": 302, "subdistrict_name": "Doom Dooma", "sdcode": 2060, "block_name": "Hapjan", "block_lgd": 93.0, "gp_name": "BARUKURI", "state_name": "ASSAM", "state_lgd": 18, "population": 155, "households": 29}, "geometry": {"type": "Polygon", "coordinates": [[[95.4115, 27.55695], [95.40583000000001, 27.558120000000002], [95.40595, 27.55983], [95.41309000000001, 27.564040000000002], [95.41645000000001, 27.56284], [95.41531, 27.5588], [95.4115, 27.55695]]]}}, {"id": "1072", "type": "Feature", "properties": {"village_name": "Purani Matapung", "vil_lgd": 290285, "district_name": "Tinsukia", "dist_lgd": 302, "subdistrict_name": "Doom Dooma", "sdcode": 2060, "block_name": "Hapjan", "block_lgd": 93.0, "gp_name": "BORGAKURI", "state_name": "ASSAM", "state_lgd": 18, "population": 46, "households": 8}, "geometry": {"type": "Polygon", "coordinates": [[[95.41645000000001, 27.56284], [95.41309000000001, 27.564040000000002], [95.41398000000001, 27.56641], [95.41342, 27.568260000000002], [95.41607, 27.56959], [95.41607, 27.56689], [95.41645000000001, 27.56284]]]}}, {"id": "1073", "type": "Feature", "properties": {"village_name": "Lesengka Bangali Gaon", "vil_lgd": 290319, "district_name": "Tinsukia", "dist_lgd": 302, "subdistrict_name": "Doom Dooma", "sdcode": 2060, "block_name": "Hapjan", "block_lgd": 93.0, "gp_name": "HAPJAN", "state_name": "ASSAM", "state_lgd": 18, "population": 1891, "households": 385}, "geometry": {"type": "Polygon", "coordinates": [[[95.42367, 27.504680000000004], [95.40941000000001, 27.506700000000002], [95.40656000000001, 27.506020000000003], [95.40561000000001, 27.502150000000004], [95.40328000000001, 27.503190000000004], [95.39811, 27.504], [95.39648000000001, 27.51058], [95.40352000000001, 27.51058], [95.40998, 27.511930000000003], [95.42405000000001, 27.508720000000004], [95.42367, 27.504680000000004]]]}}, {"id": "1074", "type": "Feature", "properties": {"village_name": "Betjan T E", "vil_lgd": 290314, "district_name": "Tinsukia", "dist_lgd": 302, "subdistrict_name": "Doom Dooma", "sdcode": 2060, "block_name": "Hapjan", "block_lgd": 93.0, "gp_name": "HAPJAN", "state_name": "ASSAM", "state_lgd": 18, "population": 584, "households": 112}, "geometry": {"type": "Polygon", "coordinates": [[[95.39648000000001, 27.51058], [95.39325000000001, 27.515810000000002], [95.39553000000001, 27.518500000000003], [95.39629000000001, 27.520020000000002], [95.40808000000001, 27.5207], [95.41036000000001, 27.515970000000003], [95.40998, 27.511930000000003], [95.40352000000001, 27.51058], [95.39648000000001, 27.51058]]]}}, {"id": "1075", "type": "Feature", "properties": {"village_name": "Lesenka Gaon", "vil_lgd": 290315, "district_name": "Tinsukia", "dist_lgd": 302, "subdistrict_name": "Doom Dooma", "sdcode": 2060, "block_name": "Hapjan", "block_lgd": 93.0, "gp_name": "BARKURI", "state_name": "ASSAM", "state_lgd": 18, "population": 681, "households": 129}, "geometry": {"type": "Polygon", "coordinates": [[[95.39629000000001, 27.520020000000002], [95.39591000000001, 27.523390000000003], [95.40009, 27.52879], [95.40447, 27.525250000000003], [95.40789000000001, 27.523390000000003], [95.40808000000001, 27.5207], [95.39629000000001, 27.520020000000002]]]}}, {"id": "1076", "type": "Feature", "properties": {"village_name": "Denka Gaon", "vil_lgd": 290305, "district_name": "Tinsukia", "dist_lgd": 302, "subdistrict_name": "Doom Dooma", "sdcode": 2060, "block_name": "Hapjan", "block_lgd": 93.0, "gp_name": "BARIKURI", "state_name": "ASSAM", "state_lgd": 18, "population": 693, "households": 134}, "geometry": {"type": "Polygon", "coordinates": [[[95.40447, 27.525250000000003], [95.40009, 27.52879], [95.40333000000001, 27.533170000000002], [95.40485000000001, 27.536550000000002], [95.40922, 27.535370000000004], [95.41131000000001, 27.528450000000003], [95.40656000000001, 27.527780000000003], [95.40447, 27.525250000000003]]]}}, {"id": "1077", "type": "Feature", "properties": {"village_name": "Borgaon", "vil_lgd": 290303, "district_name": "Tinsukia", "dist_lgd": 302, "subdistrict_name": "Doom Dooma", "sdcode": 2060, "block_name": "Hapjan", "block_lgd": 93.0, "gp_name": "HAPJAN", "state_name": "ASSAM", "state_lgd": 18, "population": 947, "households": 182}, "geometry": {"type": "Polygon", "coordinates": [[[95.40922, 27.535370000000004], [95.40485000000001, 27.536550000000002], [95.40566000000001, 27.53901], [95.40713000000001, 27.543460000000003], [95.41074, 27.54278], [95.40922, 27.535370000000004]]]}}, {"id": "1078", "type": "Feature", "properties": {"village_name": "Hatibat Gaon", "vil_lgd": 290291, "district_name": "Tinsukia", "dist_lgd": 302, "subdistrict_name": "Doom Dooma", "sdcode": 2060, "block_name": "Hapjan", "block_lgd": 93.0, "gp_name": "BORKHUTI", "state_name": "ASSAM", "state_lgd": 18, "population": 499, "households": 90}, "geometry": {"type": "Polygon", "coordinates": [[[95.41074, 27.54278], [95.40713000000001, 27.543460000000003], [95.40926, 27.547710000000002], [95.40955000000001, 27.548280000000002], [95.41055000000001, 27.552220000000002], [95.41455, 27.548520000000003], [95.41169000000001, 27.544300000000003], [95.41074, 27.54278]]]}}, {"id": "1079", "type": "Feature", "properties": {"village_name": "Dighal Sako Gaon", "vil_lgd": 290292, "district_name": "Tinsukia", "dist_lgd": 302, "subdistrict_name": "Doom Dooma", "sdcode": 2060, "block_name": "Hapjan", "block_lgd": 93.0, "gp_name": "HAPJAN", "state_name": "ASSAM", "state_lgd": 18, "population": 481, "households": 99}, "geometry": {"type": "Polygon", "coordinates": [[[95.41683, 27.535700000000002], [95.41493000000001, 27.540930000000003], [95.41169000000001, 27.544300000000003], [95.41455, 27.548520000000003], [95.41759, 27.554420000000004], [95.42672, 27.55121], [95.42041, 27.544780000000003], [95.41778000000001, 27.539070000000002], [95.41683, 27.535700000000002]]]}}, {"id": "1080", "type": "Feature", "properties": {"village_name": "Bebejia Gaon", "vil_lgd": 290284, "district_name": "Tinsukia", "dist_lgd": 302, "subdistrict_name": "Doom Dooma", "sdcode": 2060, "block_name": "Hapjan", "block_lgd": 93.0, "gp_name": "HATIJAN", "state_name": "ASSAM", "state_lgd": 18, "population": 592, "households": 123}, "geometry": {"type": "Polygon", "coordinates": [[[95.43090000000001, 27.550030000000003], [95.42881000000001, 27.549360000000004], [95.42672, 27.55121], [95.41759, 27.554420000000004], [95.41455, 27.548520000000003], [95.41055000000001, 27.552220000000002], [95.4115, 27.55695], [95.41531, 27.5588], [95.41645000000001, 27.56284], [95.41607, 27.56689], [95.41607, 27.56959], [95.42557000000001, 27.56959], [95.43071, 27.554080000000003], [95.43090000000001, 27.550030000000003]]]}}, {"id": "1081", "type": "Feature", "properties": {"village_name": "Makum Junction Gaon", "vil_lgd": 290320, "district_name": "Tinsukia", "dist_lgd": 302, "subdistrict_name": "Doom Dooma", "sdcode": 2060, "block_name": "Hapjan", "block_lgd": 93.0, "gp_name": "HAPJAN", "state_name": "ASSAM", "state_lgd": 18, "population": 1276, "households": 281}, "geometry": {"type": "Polygon", "coordinates": [[[95.42022000000001, 27.489220000000003], [95.41932000000001, 27.492120000000003], [95.41487000000001, 27.497650000000004], [95.4116, 27.500290000000003], [95.40561000000001, 27.502150000000004], [95.40656000000001, 27.506020000000003], [95.40941000000001, 27.506700000000002], [95.42367, 27.504680000000004], [95.42748, 27.501130000000003], [95.43147, 27.49489], [95.42405000000001, 27.49304], [95.42022000000001, 27.489220000000003]]]}}, {"id": "1082", "type": "Feature", "properties": {"village_name": "Makum", "vil_lgd": 249887, "district_name": "Tinsukia", "dist_lgd": 302, "subdistrict_name": "Doom Dooma", "sdcode": 2060, "block_name": "", "block_lgd": 0.0, "gp_name": "", "state_name": "ASSAM", "state_lgd": 18, "population": 16923, "households": 3494}, "geometry": {"type": "Polygon", "coordinates": [[[95.42853000000001, 27.479730000000004], [95.42081, 27.482100000000003], [95.42022000000001, 27.489220000000003], [95.42405000000001, 27.49304], [95.43147, 27.49489], [95.44079, 27.49489], [95.45022, 27.49264], [95.44487000000001, 27.489480000000004], [95.44220000000001, 27.486580000000004], [95.44220000000001, 27.48421], [95.44131, 27.48131], [95.43621, 27.48018], [95.43418000000001, 27.479730000000004], [95.42853000000001, 27.479730000000004]]]}}, {"id": "1083", "type": "Feature", "properties": {"village_name": "Forest Vill Lakhipathar CT", "vil_lgd": 290740, "district_name": "Tinsukia", "dist_lgd": 302, "subdistrict_name": "Tinsukia", "sdcode": 2061, "block_name": "", "block_lgd": null, "gp_name": "", "state_name": "ASSAM", "state_lgd": 18, "population": 6129, "households": 1271}, "geometry": {"type": "Polygon", "coordinates": [[[95.56837, 27.427920000000004], [95.56492, 27.42697], [95.56076, 27.42876], [95.55969, 27.430450000000004], [95.55033, 27.43242], [95.55005000000001, 27.435440000000003], [95.55223000000001, 27.4368], [95.56623, 27.435090000000002], [95.56837, 27.434140000000003], [95.56908000000001, 27.43108], [95.56837, 27.427920000000004]]]}}, {"id": "1084", "type": "Feature", "properties": {"village_name": "Bishnupur", "vil_lgd": 289937, "district_name": "Tinsukia", "dist_lgd": 302, "subdistrict_name": "Sadiya", "sdcode": 2059, "block_name": "Sadiya", "block_lgd": 91.0, "gp_name": "RAJGARH", "state_name": "ASSAM", "state_lgd": 18, "population": 25, "households": 5}, "geometry": {"type": "Polygon", "coordinates": [[[95.71453000000001, 27.862350000000003], [95.71617, 27.865640000000003], [95.71839000000001, 27.86682], [95.72181, 27.868920000000003], [95.7305, 27.876780000000004], [95.73733000000001, 27.87665], [95.73147, 27.86839], [95.72196000000001, 27.863400000000002], [95.71453000000001, 27.862350000000003]]]}}, {"id": "1085", "type": "Feature", "properties": {"village_name": "Namphai Nc", "vil_lgd": 291047, "district_name": "Tinsukia", "dist_lgd": 302, "subdistrict_name": "Margherita", "sdcode": 2062, "block_name": "Margherita", "block_lgd": 97.0, "gp_name": "JAGEN", "state_name": "ASSAM", "state_lgd": 18, "population": 826, "households": 150}, "geometry": {"type": "Polygon", "coordinates": [[[95.80656, 27.533250000000002], [95.7981, 27.537950000000002], [95.7985, 27.544050000000002], [95.80154, 27.545230000000004], [95.80876, 27.544390000000003], [95.81314, 27.5422], [95.80656, 27.533250000000002]]]}}, {"id": "1086", "type": "Feature", "properties": {"village_name": "Betjan Gaon", "vil_lgd": 290312, "district_name": "Tinsukia", "dist_lgd": 302, "subdistrict_name": "Doom Dooma", "sdcode": 2060, "block_name": "Hapjan", "block_lgd": 93.0, "gp_name": "HAPJAN", "state_name": "ASSAM", "state_lgd": 18, "population": 773, "households": 153}, "geometry": {"type": "Polygon", "coordinates": [[[95.43869000000001, 27.506870000000003], [95.44079, 27.49489], [95.43147, 27.49489], [95.42748, 27.501130000000003], [95.42367, 27.504680000000004], [95.42405000000001, 27.508720000000004], [95.42538, 27.51226], [95.43052, 27.512940000000004], [95.43337000000001, 27.512430000000002], [95.43584000000001, 27.512600000000003], [95.43869000000001, 27.506870000000003]]]}}, {"id": "1087", "type": "Feature", "properties": {"village_name": "Tenga Pani N C", "vil_lgd": 290073, "district_name": "Tinsukia", "dist_lgd": 302, "subdistrict_name": "Doom Dooma", "sdcode": 2060, "block_name": "Saikhowa", "block_lgd": 92.0, "gp_name": "HAHKHATI", "state_name": "ASSAM", "state_lgd": 18, "population": 3106, "households": 586}, "geometry": {"type": "Polygon", "coordinates": [[[95.77825000000001, 27.74151], [95.78055, 27.73692], [95.77938, 27.733710000000002], [95.76557000000001, 27.726390000000002], [95.75904000000001, 27.727040000000002], [95.75415000000001, 27.725700000000003], [95.75249000000001, 27.724230000000002], [95.75226, 27.720920000000003], [95.75409, 27.718490000000003], [95.74064000000001, 27.713140000000003], [95.72305000000001, 27.71167], [95.71811000000001, 27.733600000000003], [95.72953000000001, 27.735400000000002], [95.73416, 27.73908], [95.74036000000001, 27.739860000000004], [95.75785, 27.749290000000002], [95.77588, 27.753590000000003], [95.77708000000001, 27.74679], [95.77825000000001, 27.74151]]]}}, {"id": "1088", "type": "Feature", "properties": {"village_name": "Dirakmukh N C", "vil_lgd": 290074, "district_name": "Tinsukia", "dist_lgd": 302, "subdistrict_name": "Doom Dooma", "sdcode": 2060, "block_name": "Saikhowa", "block_lgd": 92.0, "gp_name": "ARHAIMURIA", "state_name": "ASSAM", "state_lgd": 18, "population": 1032, "households": 198}, "geometry": {"type": "Polygon", "coordinates": [[[95.76240000000001, 27.715010000000003], [95.76394, 27.715410000000002], [95.76528, 27.714540000000003], [95.76249000000001, 27.713050000000003], [95.76417000000001, 27.711060000000003], [95.76282, 27.710200000000004], [95.7629, 27.709010000000003], [95.76571000000001, 27.70634], [95.76617, 27.703850000000003], [95.76802, 27.70219], [95.76658, 27.700370000000003], [95.76455000000001, 27.699700000000004], [95.76570000000001, 27.697560000000003], [95.76404000000001, 27.694150000000004], [95.73317, 27.692300000000003], [95.72828000000001, 27.69168], [95.72139000000001, 27.68747], [95.71711, 27.688100000000002], [95.72187000000001, 27.699040000000004], [95.724, 27.705990000000003], [95.72305000000001, 27.71167], [95.74064000000001, 27.713140000000003], [95.75409, 27.718490000000003], [95.75616000000001, 27.71777], [95.76240000000001, 27.715010000000003]]]}}, {"id": "1089", "type": "Feature", "properties": {"village_name": "Chuta Dirak Gaon Dirak", "vil_lgd": 290338, "district_name": "Tinsukia", "dist_lgd": 302, "subdistrict_name": "Doom Dooma", "sdcode": 2060, "block_name": "Kakapathar", "block_lgd": 94.0, "gp_name": "MAITHONG", "state_name": "ASSAM", "state_lgd": 18, "population": 522, "households": 106}, "geometry": {"type": "Polygon", "coordinates": [[[95.72923, 27.681150000000002], [95.72496000000001, 27.684520000000003], [95.72139000000001, 27.68747], [95.72828000000001, 27.69168], [95.73317, 27.692300000000003], [95.73327, 27.687890000000003], [95.72923, 27.681150000000002]]]}}, {"id": "1090", "type": "Feature", "properties": {"village_name": "Sumoni Gaon", "vil_lgd": 290341, "district_name": "Tinsukia", "dist_lgd": 302, "subdistrict_name": "Doom Dooma", "sdcode": 2060, "block_name": "Kakapathar", "block_lgd": 94.0, "gp_name": "DIRAK", "state_name": "ASSAM", "state_lgd": 18, "population": 843, "households": 165}, "geometry": {"type": "Polygon", "coordinates": [[[95.78301, 27.68464], [95.78511, 27.685090000000002], [95.78648000000001, 27.683670000000003], [95.78637, 27.68157], [95.78815, 27.681810000000002], [95.79046000000001, 27.680030000000002], [95.78795000000001, 27.67949], [95.78637, 27.67819], [95.77906, 27.677280000000003], [95.77831, 27.675800000000002], [95.77525000000001, 27.674360000000004], [95.77339, 27.67188], [95.77372000000001, 27.670040000000004], [95.77198000000001, 27.66402], [95.77295000000001, 27.662060000000004], [95.77245, 27.660290000000003], [95.77057, 27.658510000000003], [95.77069, 27.6564], [95.76921, 27.65322], [95.76398, 27.654850000000003], [95.75842, 27.65801], [95.75207, 27.666400000000003], [95.75253000000001, 27.66853], [95.75134000000001, 27.67547], [95.77332000000001, 27.684870000000004], [95.77558, 27.686670000000003], [95.77721000000001, 27.68654], [95.77745, 27.687530000000002], [95.78322000000001, 27.686770000000003], [95.78301, 27.68464]]]}}, {"id": "1091", "type": "Feature", "properties": {"village_name": "Amguri Gaon", "vil_lgd": 290342, "district_name": "Tinsukia", "dist_lgd": 302, "subdistrict_name": "Doom Dooma", "sdcode": 2060, "block_name": "Kakapathar", "block_lgd": 94.0, "gp_name": "HAPJAN", "state_name": "ASSAM", "state_lgd": 18, "population": 1177, "households": 244}, "geometry": {"type": "Polygon", "coordinates": [[[95.73152, 27.65265], [95.72581000000001, 27.65501], [95.72377, 27.663680000000003], [95.73351000000001, 27.66937], [95.74049000000001, 27.672240000000002], [95.74682000000001, 27.674840000000003], [95.75134000000001, 27.67547], [95.75253000000001, 27.66853], [95.75207, 27.666400000000003], [95.75086, 27.66074], [95.75181, 27.65295], [95.73437000000001, 27.65265], [95.73152, 27.65265]]]}}, {"id": "1092", "type": "Feature", "properties": {"village_name": "Bor Dirak", "vil_lgd": 290359, "district_name": "Tinsukia", "dist_lgd": 302, "subdistrict_name": "Doom Dooma", "sdcode": 2060, "block_name": "Kakapathar", "block_lgd": 94.0, "gp_name": "DIRAK", "state_name": "ASSAM", "state_lgd": 18, "population": 399, "households": 77}, "geometry": {"type": "Polygon", "coordinates": [[[95.76018, 27.635050000000003], [95.75984000000001, 27.634020000000003], [95.75566, 27.635810000000003], [95.75129000000001, 27.639010000000003], [95.74064000000001, 27.636480000000002], [95.74064000000001, 27.638], [95.72771, 27.642550000000004], [95.73437000000001, 27.65265], [95.75181, 27.65295], [95.75657000000001, 27.643890000000003], [95.75989000000001, 27.640950000000004], [95.76258000000001, 27.6398], [95.76018, 27.635050000000003]]]}}, {"id": "1093", "type": "Feature", "properties": {"village_name": "Upar Sisini N C", "vil_lgd": 290069, "district_name": "Tinsukia", "dist_lgd": 302, "subdistrict_name": "Doom Dooma", "sdcode": 2060, "block_name": "Saikhowa", "block_lgd": 92.0, "gp_name": "", "state_name": "ASSAM", "state_lgd": 18, "population": 1101, "households": 196}, "geometry": {"type": "Polygon", "coordinates": [[[95.65096000000001, 27.77644], [95.66008000000001, 27.77456], [95.66084000000001, 27.758460000000003], [95.63544, 27.760310000000004], [95.62638000000001, 27.76556], [95.6246, 27.768320000000003], [95.61881000000001, 27.770560000000003], [95.61821, 27.780150000000003], [95.62029000000001, 27.7816], [95.62727000000001, 27.78055], [95.63752000000001, 27.78094], [95.64410000000001, 27.78272], [95.64867000000001, 27.7785], [95.65096000000001, 27.77644]]]}}, {"id": "1094", "type": "Feature", "properties": {"village_name": "Lawpani N C", "vil_lgd": 290071, "district_name": "Tinsukia", "dist_lgd": 302, "subdistrict_name": "Doom Dooma", "sdcode": 2060, "block_name": "Saikhowa", "block_lgd": 92.0, "gp_name": "HAHKATI", "state_name": "ASSAM", "state_lgd": 18, "population": 781, "households": 146}, "geometry": {"type": "Polygon", "coordinates": [[[95.63425000000001, 27.749530000000004], [95.61985000000001, 27.753210000000003], [95.61687, 27.7557], [95.61999, 27.76228], [95.61955, 27.76556], [95.61881000000001, 27.770560000000003], [95.6246, 27.768320000000003], [95.62638000000001, 27.76556], [95.63544, 27.760310000000004], [95.63693, 27.755440000000004], [95.63633, 27.7511], [95.63425000000001, 27.749530000000004]]]}}, {"id": "1095", "type": "Feature", "properties": {"village_name": "Kariajan", "vil_lgd": 290829, "district_name": "Tinsukia", "dist_lgd": 302, "subdistrict_name": "Margherita", "sdcode": 2062, "block_name": "Kakapathar", "block_lgd": 94.0, "gp_name": "PURANI PUKHURI", "state_name": "ASSAM", "state_lgd": 18, "population": 1323, "households": 276}, "geometry": {"type": "Polygon", "coordinates": [[[95.86834, 27.46514], [95.86564000000001, 27.465500000000002], [95.86297, 27.46468], [95.85931000000001, 27.46158], [95.85603, 27.46074], [95.85603, 27.459300000000002], [95.85332000000001, 27.45691], [95.85417000000001, 27.451610000000002], [95.8567, 27.44732], [95.85675, 27.444930000000003], [95.85576, 27.443400000000004], [95.84947000000001, 27.44161], [95.84751000000001, 27.438830000000003], [95.8455, 27.443730000000002], [95.84565, 27.446500000000004], [95.84193, 27.45586], [95.83882000000001, 27.470910000000003], [95.84415000000001, 27.469730000000002], [95.85841, 27.473440000000004], [95.87142000000001, 27.474990000000002], [95.87171000000001, 27.47078], [95.87084, 27.467060000000004], [95.86834, 27.46514]]]}}, {"id": "1096", "type": "Feature", "properties": {"village_name": "Lekhapani Nadi Kash", "vil_lgd": 290982, "district_name": "Tinsukia", "dist_lgd": 302, "subdistrict_name": "Margherita", "sdcode": 2062, "block_name": "Margherita", "block_lgd": 97.0, "gp_name": "LEKHAPANI", "state_name": "ASSAM", "state_lgd": 18, "population": 206, "households": 38}, "geometry": {"type": "Polygon", "coordinates": [[[95.86488000000001, 27.405170000000002], [95.85932000000001, 27.401750000000003], [95.85447, 27.400990000000004], [95.84948000000001, 27.39833], [95.84535000000001, 27.387690000000003], [95.84193, 27.390860000000004], [95.83836000000001, 27.39289], [95.84045, 27.404190000000003], [95.84753, 27.4052], [95.85318000000001, 27.408500000000004], [95.85502000000001, 27.41054], [95.85774, 27.409710000000004], [95.85963000000001, 27.407950000000003], [95.86187000000001, 27.408910000000002], [95.86250000000001, 27.409450000000003], [95.86244, 27.41156], [95.8598, 27.41373], [95.86588, 27.41428], [95.86874, 27.41074], [95.86745, 27.408330000000003], [95.86488000000001, 27.405170000000002]]]}}, {"id": "1097", "type": "Feature", "properties": {"village_name": "Jagun", "vil_lgd": 291002, "district_name": "Tinsukia", "dist_lgd": 302, "subdistrict_name": "Margherita", "sdcode": 2062, "block_name": "Margherita", "block_lgd": 97.0, "gp_name": "JAGEN", "state_name": "ASSAM", "state_lgd": 18, "population": 3139, "households": 691}, "geometry": {"type": "Polygon", "coordinates": [[[95.88475000000001, 27.423450000000003], [95.88394000000001, 27.41992], [95.88480000000001, 27.416120000000003], [95.88395000000001, 27.41402], [95.88084, 27.414070000000002], [95.88202000000001, 27.42124], [95.88300000000001, 27.424660000000003], [95.88271, 27.42808], [95.87872, 27.428970000000003], [95.8743, 27.424540000000004], [95.86944000000001, 27.421360000000004], [95.86838, 27.4249], [95.87088000000001, 27.426350000000003], [95.87183, 27.429360000000003], [95.87567000000001, 27.434790000000003], [95.87875000000001, 27.436120000000003], [95.88416000000001, 27.434780000000003], [95.88494000000001, 27.43212], [95.88448000000001, 27.42855], [95.88475000000001, 27.423450000000003]]]}}, {"id": "1098", "type": "Feature", "properties": {"village_name": "Kathasema N C", "vil_lgd": 291005, "district_name": "Tinsukia", "dist_lgd": 302, "subdistrict_name": "Margherita", "sdcode": 2062, "block_name": "Margherita", "block_lgd": 97.0, "gp_name": "JAGEN", "state_name": "ASSAM", "state_lgd": 18, "population": 1373, "households": 268}, "geometry": {"type": "Polygon", "coordinates": [[[95.87158000000001, 27.4142], [95.86588, 27.41428], [95.8598, 27.41373], [95.85772000000001, 27.414800000000003], [95.85641000000001, 27.416860000000003], [95.85714, 27.419880000000003], [95.85915000000001, 27.421590000000002], [95.86369, 27.422790000000003], [95.86469000000001, 27.42444], [95.86838, 27.4249], [95.86944000000001, 27.421360000000004], [95.87158000000001, 27.4142]]]}}, {"id": "1099", "type": "Feature", "properties": {"village_name": "Chandrapur N C", "vil_lgd": 291003, "district_name": "Tinsukia", "dist_lgd": 302, "subdistrict_name": "Margherita", "sdcode": 2062, "block_name": "Margherita", "block_lgd": 97.0, "gp_name": "JAGEN", "state_name": "ASSAM", "state_lgd": 18, "population": 336, "households": 74}, "geometry": {"type": "Polygon", "coordinates": [[[95.87158000000001, 27.4142], [95.86944000000001, 27.421360000000004], [95.8743, 27.424540000000004], [95.87872, 27.428970000000003], [95.88271, 27.42808], [95.88300000000001, 27.424660000000003], [95.88202000000001, 27.42124], [95.87158000000001, 27.4142]]]}}, {"id": "1100", "type": "Feature", "properties": {"village_name": "Kakharani Nagar N C", "vil_lgd": 291004, "district_name": "Tinsukia", "dist_lgd": 302, "subdistrict_name": "Margherita", "sdcode": 2062, "block_name": "Margherita", "block_lgd": 97.0, "gp_name": "JAGEN", "state_name": "ASSAM", "state_lgd": 18, "population": 181, "households": 38}, "geometry": {"type": "Polygon", "coordinates": [[[95.87158000000001, 27.4142], [95.88202000000001, 27.42124], [95.88084, 27.414070000000002], [95.87158000000001, 27.4142]]]}}, {"id": "1101", "type": "Feature", "properties": {"village_name": "Kumsonoi R F", "vil_lgd": 999999, "district_name": "Tinsukia", "dist_lgd": 302, "subdistrict_name": "Doom Dooma", "sdcode": 2060, "block_name": "", "block_lgd": null, "gp_name": "", "state_name": "ASSAM", "state_lgd": 18, "population": 0, "households": 0}, "geometry": {"type": "Polygon", "coordinates": [[[95.70512000000001, 27.73731], [95.71443000000001, 27.733330000000002], [95.71811000000001, 27.733600000000003], [95.72305000000001, 27.71167], [95.724, 27.705990000000003], [95.72187000000001, 27.699040000000004], [95.71711, 27.688100000000002], [95.71551000000001, 27.68851], [95.70675000000001, 27.68719], [95.70303000000001, 27.68785], [95.70184, 27.69074], [95.70184, 27.698240000000002], [95.69991, 27.701], [95.69843, 27.70455], [95.70348000000001, 27.70416], [95.70927, 27.70653], [95.70942000000001, 27.707580000000004], [95.70794000000001, 27.70942], [95.706, 27.710340000000002], [95.69521, 27.710790000000003], [95.68862000000001, 27.72415], [95.68342000000001, 27.7298], [95.67733000000001, 27.741640000000004], [95.67347000000001, 27.745710000000003], [95.66857, 27.753470000000004], [95.67109, 27.756890000000002], [95.67407000000001, 27.7586], [95.67927, 27.758860000000002], [95.68599, 27.757310000000004], [95.70512000000001, 27.73731]]]}}, {"id": "1102", "type": "Feature", "properties": {"village_name": "Doom Dooma R F", "vil_lgd": 999999, "district_name": "Tinsukia", "dist_lgd": 302, "subdistrict_name": "Doom Dooma", "sdcode": 2060, "block_name": "", "block_lgd": null, "gp_name": "", "state_name": "ASSAM", "state_lgd": 18, "population": 0, "households": 0}, "geometry": {"type": "Polygon", "coordinates": [[[95.72502000000001, 27.571240000000003], [95.73051000000001, 27.572820000000004], [95.73654, 27.58087], [95.7385, 27.579], [95.7403, 27.579], [95.74452000000001, 27.582330000000002], [95.74708000000001, 27.58594], [95.75265, 27.584600000000002], [95.75642, 27.581930000000003], [95.75898000000001, 27.576990000000002], [95.75816, 27.567870000000003], [95.74984, 27.559700000000003], [95.74004000000001, 27.558120000000002], [95.73291, 27.556540000000002], [95.72607, 27.552850000000003], [95.72681000000001, 27.551700000000004], [95.72453, 27.551790000000004], [95.72152000000001, 27.55392], [95.71565000000001, 27.55739], [95.68824000000001, 27.568880000000004], [95.68192, 27.57542], [95.67634000000001, 27.579150000000002], [95.66996, 27.58029], [95.66758, 27.586610000000004], [95.66550000000001, 27.589370000000002], [95.66446, 27.592530000000004], [95.66187000000001, 27.595110000000002], [95.66398000000001, 27.603910000000003], [95.66458, 27.609250000000003], [95.66759, 27.612320000000004], [95.67286000000001, 27.610190000000003], [95.67632, 27.606820000000003], [95.68126000000001, 27.60396], [95.69191000000001, 27.601100000000002], [95.69305000000001, 27.593850000000003], [95.69476, 27.59014], [95.70085, 27.58273], [95.71435000000001, 27.577840000000002], [95.7172, 27.574810000000003], [95.721, 27.572450000000003], [95.72502000000001, 27.571240000000003]]]}}, {"id": "1103", "type": "Feature", "properties": {"village_name": "Rampur", "vil_lgd": 290999, "district_name": "Tinsukia", "dist_lgd": 302, "subdistrict_name": "Margherita", "sdcode": 2062, "block_name": "Margherita", "block_lgd": 97.0, "gp_name": "LEKHAPANI", "state_name": "ASSAM", "state_lgd": 18, "population": 400, "households": 76}, "geometry": {"type": "Polygon", "coordinates": [[[95.89094000000001, 27.369090000000003], [95.88619000000001, 27.373140000000003], [95.89303000000001, 27.378880000000002], [95.89665000000001, 27.37449], [95.89094000000001, 27.369090000000003]]]}}, {"id": "1104", "type": "Feature", "properties": {"village_name": "Rampur", "vil_lgd": 290998, "district_name": "Tinsukia", "dist_lgd": 302, "subdistrict_name": "Margherita", "sdcode": 2062, "block_name": "Margherita", "block_lgd": 97.0, "gp_name": "JAGEN", "state_name": "ASSAM", "state_lgd": 18, "population": 3021, "households": 613}, "geometry": {"type": "Polygon", "coordinates": [[[95.88429000000001, 27.36436], [95.87896, 27.369600000000002], [95.88619000000001, 27.373140000000003], [95.89094000000001, 27.369090000000003], [95.88429000000001, 27.36436]]]}}, {"id": "1105", "type": "Feature", "properties": {"village_name": "Balijan N C", "vil_lgd": 291026, "district_name": "Tinsukia", "dist_lgd": 302, "subdistrict_name": "Margherita", "sdcode": 2062, "block_name": "Margherita", "block_lgd": 97.0, "gp_name": "LEKHAPANI", "state_name": "ASSAM", "state_lgd": 18, "population": 974, "households": 188}, "geometry": {"type": "Polygon", "coordinates": [[[95.88923000000001, 27.360310000000002], [95.88143000000001, 27.3625], [95.88429000000001, 27.36436], [95.89094000000001, 27.369090000000003], [95.89665000000001, 27.37449], [95.90235000000001, 27.364700000000003], [95.88961, 27.36166], [95.88923000000001, 27.360310000000002]]]}}, {"id": "1106", "type": "Feature", "properties": {"village_name": "Katha Gaon", "vil_lgd": 290997, "district_name": "Tinsukia", "dist_lgd": 302, "subdistrict_name": "Margherita", "sdcode": 2062, "block_name": "Margherita", "block_lgd": 97.0, "gp_name": "KUMSAI", "state_name": "ASSAM", "state_lgd": 18, "population": 1036, "households": 207}, "geometry": {"type": "Polygon", "coordinates": [[[95.90064000000001, 27.38614], [95.90425, 27.386820000000004], [95.91078, 27.386440000000004], [95.90409000000001, 27.379720000000002], [95.89665000000001, 27.37449], [95.89303000000001, 27.378880000000002], [95.88619000000001, 27.373140000000003], [95.87896, 27.369600000000002], [95.88429000000001, 27.36436], [95.88143000000001, 27.3625], [95.87649, 27.364870000000003], [95.87535000000001, 27.37027], [95.87763000000001, 27.378040000000002], [95.87763000000001, 27.381580000000003], [95.87592000000001, 27.38512], [95.89158, 27.395410000000002], [95.89866, 27.390330000000002], [95.90064000000001, 27.38614]]]}}, {"id": "1107", "type": "Feature", "properties": {"village_name": "Mahong Gaon", "vil_lgd": 290772, "district_name": "Tinsukia", "dist_lgd": 302, "subdistrict_name": "Margherita", "sdcode": 2062, "block_name": "Kakapathar", "block_lgd": 94.0, "gp_name": "PURANI PUKHURI", "state_name": "ASSAM", "state_lgd": 18, "population": 2625, "households": 476}, "geometry": {"type": "Polygon", "coordinates": [[[95.87580000000001, 27.546480000000003], [95.87694, 27.54295], [95.87698, 27.52596], [95.87847000000001, 27.5192], [95.87752, 27.517300000000002], [95.85934, 27.517070000000004], [95.85136000000001, 27.51741], [95.84223000000001, 27.519270000000002], [95.84242, 27.526010000000003], [95.8447, 27.531240000000004], [95.84965000000001, 27.535280000000004], [95.85174, 27.538990000000002], [95.85515000000001, 27.54878], [95.86087, 27.543080000000003], [95.86263000000001, 27.545350000000003], [95.86672, 27.54493], [95.87091000000001, 27.545420000000004], [95.87348000000001, 27.546950000000002], [95.87472000000001, 27.54641], [95.87580000000001, 27.546480000000003]]]}}, {"id": "1108", "type": "Feature", "properties": {"village_name": "Madhavpur N C", "vil_lgd": 290773, "district_name": "Tinsukia", "dist_lgd": 302, "subdistrict_name": "Margherita", "sdcode": 2062, "block_name": "Kakapathar", "block_lgd": 94.0, "gp_name": "PURANI PUKHURI", "state_name": "ASSAM", "state_lgd": 18, "population": 3732, "households": 723}, "geometry": {"type": "Polygon", "coordinates": [[[95.85782, 27.4997], [95.85915000000001, 27.508640000000003], [95.85934, 27.517070000000004], [95.87752, 27.517300000000002], [95.87742, 27.515430000000002], [95.87587, 27.512470000000004], [95.87615000000001, 27.511350000000004], [95.87880000000001, 27.504890000000003], [95.88337000000001, 27.50193], [95.88423, 27.50045], [95.85782, 27.4997]]]}}, {"id": "1109", "type": "Feature", "properties": {"village_name": "Kariajan N C", "vil_lgd": 290806, "district_name": "Tinsukia", "dist_lgd": 302, "subdistrict_name": "Margherita", "sdcode": 2062, "block_name": "Kakapathar", "block_lgd": 94.0, "gp_name": "PURANIPUKHURI", "state_name": "ASSAM", "state_lgd": 18, "population": 218, "households": 44}, "geometry": {"type": "Polygon", "coordinates": [[[95.85841, 27.473440000000004], [95.85822, 27.48053], [95.85841, 27.48373], [95.86849000000001, 27.487610000000004], [95.87294000000001, 27.49078], [95.87282, 27.48401], [95.87389, 27.481160000000003], [95.87142000000001, 27.474990000000002], [95.85841, 27.473440000000004]]]}}, {"id": "1110", "type": "Feature", "properties": {"village_name": "Kana Pathar", "vil_lgd": 290805, "district_name": "Tinsukia", "dist_lgd": 302, "subdistrict_name": "Margherita", "sdcode": 2062, "block_name": "Kakapathar", "block_lgd": 94.0, "gp_name": "PURANI PUKHURI", "state_name": "ASSAM", "state_lgd": 18, "population": 2529, "households": 449}, "geometry": {"type": "Polygon", "coordinates": [[[95.88467000000001, 27.496240000000004], [95.88275, 27.49705], [95.87920000000001, 27.4967], [95.8743, 27.493250000000003], [95.87294000000001, 27.49078], [95.86849000000001, 27.487610000000004], [95.85841, 27.48373], [95.85233000000001, 27.486100000000004], [95.84871000000001, 27.48964], [95.85575000000001, 27.49537], [95.85782, 27.4997], [95.88423, 27.50045], [95.88654000000001, 27.49811], [95.88668000000001, 27.49689], [95.88467000000001, 27.496240000000004]]]}}, {"id": "1111", "type": "Feature", "properties": {"village_name": "Kana Pathar", "vil_lgd": 290807, "district_name": "Tinsukia", "dist_lgd": 302, "subdistrict_name": "Margherita", "sdcode": 2062, "block_name": "Kakapathar", "block_lgd": 94.0, "gp_name": "PURANI PUKHURI", "state_name": "ASSAM", "state_lgd": 18, "population": 439, "households": 84}, "geometry": {"type": "Polygon", "coordinates": [[[95.85822, 27.48053], [95.85271, 27.481540000000003], [95.84396000000001, 27.481370000000002], [95.84643000000001, 27.483900000000002], [95.84624000000001, 27.488120000000002], [95.84871000000001, 27.48964], [95.85233000000001, 27.486100000000004], [95.85841, 27.48373], [95.85822, 27.48053]]]}}, {"id": "1112", "type": "Feature", "properties": {"village_name": "Kana Pathar", "vil_lgd": 290828, "district_name": "Tinsukia", "dist_lgd": 302, "subdistrict_name": "Margherita", "sdcode": 2062, "block_name": "Kakapathar", "block_lgd": 94.0, "gp_name": "PURANI PUKHURI", "state_name": "ASSAM", "state_lgd": 18, "population": 714, "households": 155}, "geometry": {"type": "Polygon", "coordinates": [[[95.84415000000001, 27.469730000000002], [95.83882000000001, 27.470910000000003], [95.83084000000001, 27.473440000000004], [95.83635000000001, 27.475130000000004], [95.84073000000001, 27.477660000000004], [95.84396000000001, 27.481370000000002], [95.85271, 27.481540000000003], [95.85822, 27.48053], [95.85841, 27.473440000000004], [95.84415000000001, 27.469730000000002]]]}}, {"id": "1113", "type": "Feature", "properties": {"village_name": "Champet Bodo", "vil_lgd": 289897, "district_name": "Tinsukia", "dist_lgd": 302, "subdistrict_name": "Sadiya", "sdcode": 2059, "block_name": "Sadiya", "block_lgd": 91.0, "gp_name": "AMORPUR", "state_name": "ASSAM", "state_lgd": 18, "population": 98, "households": 15}, "geometry": {"type": "Polygon", "coordinates": [[[95.58974, 27.905630000000002], [95.58808, 27.903840000000002], [95.58558000000001, 27.90846], [95.58463, 27.914450000000002], [95.58499, 27.917710000000003], [95.58914000000001, 27.919390000000003], [95.59093000000001, 27.923170000000002], [95.59117, 27.927680000000002], [95.58531, 27.936510000000002], [95.58754, 27.938010000000002], [95.59098, 27.944190000000003], [95.5938, 27.94676], [95.60795, 27.932750000000002], [95.61058000000001, 27.926370000000002], [95.60988, 27.918120000000002], [95.59915000000001, 27.909530000000004], [95.59707, 27.905580000000004], [95.58974, 27.905630000000002]]]}}, {"id": "1114", "type": "Feature", "properties": {"village_name": "Gahpur", "vil_lgd": 289896, "district_name": "Tinsukia", "dist_lgd": 302, "subdistrict_name": "Sadiya", "sdcode": 2059, "block_name": "Sadiya", "block_lgd": 91.0, "gp_name": "AMORPUR", "state_name": "ASSAM", "state_lgd": 18, "population": 150, "households": 20}, "geometry": {"type": "Polygon", "coordinates": [[[95.58531, 27.936510000000002], [95.59117, 27.927680000000002], [95.59093000000001, 27.923170000000002], [95.58914000000001, 27.919390000000003], [95.58499, 27.917710000000003], [95.57845, 27.919490000000003], [95.57560000000001, 27.923270000000002], [95.56459000000001, 27.927290000000003], [95.56643000000001, 27.933040000000002], [95.56862000000001, 27.935920000000003], [95.57193000000001, 27.938520000000004], [95.57688, 27.939650000000004], [95.58371000000001, 27.936930000000004], [95.58531, 27.936510000000002]]]}}, {"id": "1115", "type": "Feature", "properties": {"village_name": "Napun", "vil_lgd": 289893, "district_name": "Tinsukia", "dist_lgd": 302, "subdistrict_name": "Sadiya", "sdcode": 2059, "block_name": "Sadiya", "block_lgd": 91.0, "gp_name": "AMORPUR", "state_name": "ASSAM", "state_lgd": 18, "population": 926, "households": 142}, "geometry": {"type": "Polygon", "coordinates": [[[95.57655000000001, 27.917080000000002], [95.57227, 27.914450000000002], [95.56692000000001, 27.909200000000002], [95.56027, 27.906150000000004], [95.5567, 27.90689], [95.55468, 27.90857], [95.55175000000001, 27.91297], [95.56351000000001, 27.919240000000002], [95.56454000000001, 27.92282], [95.56459000000001, 27.927290000000003], [95.57560000000001, 27.923270000000002], [95.57845, 27.919490000000003], [95.57655000000001, 27.917080000000002]]]}}, {"id": "1116", "type": "Feature", "properties": {"village_name": "Ghahpur", "vil_lgd": 289894, "district_name": "Tinsukia", "dist_lgd": 302, "subdistrict_name": "Sadiya", "sdcode": 2059, "block_name": "Sadiya", "block_lgd": 91.0, "gp_name": "AMORPUR", "state_name": "ASSAM", "state_lgd": 18, "population": 906, "households": 135}, "geometry": {"type": "Polygon", "coordinates": [[[95.56977, 27.89439], [95.56110000000001, 27.898590000000002], [95.56027, 27.906150000000004], [95.56692000000001, 27.909200000000002], [95.57227, 27.914450000000002], [95.57655000000001, 27.917080000000002], [95.57845, 27.919490000000003], [95.58499, 27.917710000000003], [95.58463, 27.914450000000002], [95.58558000000001, 27.90846], [95.58808, 27.903840000000002], [95.58724000000001, 27.89985], [95.58819000000001, 27.89786], [95.58641, 27.897330000000004], [95.57524000000001, 27.894710000000003], [95.56977, 27.89439]]]}}, {"id": "1117", "type": "Feature", "properties": {"village_name": "Bishnupur Pohukhowa", "vil_lgd": 289934, "district_name": "Tinsukia", "dist_lgd": 302, "subdistrict_name": "Sadiya", "sdcode": 2059, "block_name": "Sadiya", "block_lgd": 91.0, "gp_name": "RAJGARH", "state_name": "ASSAM", "state_lgd": 18, "population": 258, "households": 56}, "geometry": {"type": "Polygon", "coordinates": [[[95.72218000000001, 27.84053], [95.71817000000001, 27.843680000000003], [95.71267, 27.840400000000002], [95.70911000000001, 27.841580000000004], [95.70985, 27.843950000000003], [95.71089, 27.846570000000003], [95.71416, 27.847230000000003], [95.71950000000001, 27.847890000000003], [95.72173000000001, 27.850250000000003], [95.72916000000001, 27.852750000000004], [95.73065000000001, 27.849200000000003], [95.73228, 27.847890000000003], [95.73035, 27.844600000000003], [95.72218000000001, 27.84053]]]}}, {"id": "1118", "type": "Feature", "properties": {"village_name": "Purana Repot", "vil_lgd": 289887, "district_name": "Tinsukia", "dist_lgd": 302, "subdistrict_name": "Sadiya", "sdcode": 2059, "block_name": "Sadiya", "block_lgd": 91.0, "gp_name": "AMORPUR", "state_name": "ASSAM", "state_lgd": 18, "population": 327, "households": 57}, "geometry": {"type": "Polygon", "coordinates": [[[95.55685000000001, 27.838540000000002], [95.55607, 27.835240000000002], [95.55323000000001, 27.833800000000004], [95.54675, 27.83489], [95.53953000000001, 27.83714], [95.52218, 27.836930000000002], [95.51885000000001, 27.840930000000004], [95.51862000000001, 27.846180000000004], [95.52355000000001, 27.848270000000003], [95.53709, 27.84953], [95.53983000000001, 27.848170000000003], [95.55113000000001, 27.85], [95.55273000000001, 27.84702], [95.55685000000001, 27.838540000000002]]]}}, {"id": "1119", "type": "Feature", "properties": {"village_name": "Chillling", "vil_lgd": 289889, "district_name": "Tinsukia", "dist_lgd": 302, "subdistrict_name": "Sadiya", "sdcode": 2059, "block_name": "Sadiya", "block_lgd": 91.0, "gp_name": "AMORPUR", "state_name": "ASSAM", "state_lgd": 18, "population": 714, "households": 111}, "geometry": {"type": "Polygon", "coordinates": [[[95.51862000000001, 27.846180000000004], [95.51814, 27.850800000000003], [95.52194, 27.859840000000002], [95.52146, 27.861060000000002], [95.52759, 27.861410000000003], [95.53792000000001, 27.86351], [95.53947000000001, 27.849850000000004], [95.53709, 27.84953], [95.52355000000001, 27.848270000000003], [95.51862000000001, 27.846180000000004]]]}}, {"id": "1120", "type": "Feature", "properties": {"village_name": "Chilling Lachan", "vil_lgd": 289888, "district_name": "Tinsukia", "dist_lgd": 302, "subdistrict_name": "Sadiya", "sdcode": 2059, "block_name": "Sadiya", "block_lgd": 91.0, "gp_name": "AMORPUR", "state_name": "ASSAM", "state_lgd": 18, "population": 519, "households": 84}, "geometry": {"type": "Polygon", "coordinates": [[[95.55102000000001, 27.855240000000002], [95.55113000000001, 27.85], [95.53983000000001, 27.848170000000003], [95.53709, 27.84953], [95.53947000000001, 27.849850000000004], [95.53792000000001, 27.86351], [95.54399000000001, 27.865190000000002], [95.55575, 27.864240000000002], [95.56129000000001, 27.861700000000003], [95.55102000000001, 27.855240000000002]]]}}, {"id": "1121", "type": "Feature", "properties": {"village_name": "Karmi", "vil_lgd": 289901, "district_name": "Tinsukia", "dist_lgd": 302, "subdistrict_name": "Sadiya", "sdcode": 2059, "block_name": "Sadiya", "block_lgd": 91.0, "gp_name": "AMORPUR", "state_name": "ASSAM", "state_lgd": 18, "population": 118, "households": 21}, "geometry": {"type": "Polygon", "coordinates": [[[95.56330000000001, 27.863180000000003], [95.56129000000001, 27.861700000000003], [95.55575, 27.864240000000002], [95.56241000000001, 27.874010000000002], [95.57025, 27.873070000000002], [95.57405000000001, 27.870340000000002], [95.57334, 27.867600000000003], [95.57482, 27.8638], [95.56330000000001, 27.863180000000003]]]}}, {"id": "1122", "type": "Feature", "properties": {"village_name": "Lakhimpuriya", "vil_lgd": 289976, "district_name": "Tinsukia", "dist_lgd": 302, "subdistrict_name": "Sadiya", "sdcode": 2059, "block_name": "Sadiya", "block_lgd": 91.0, "gp_name": "NA SADIYA", "state_name": "ASSAM", "state_lgd": 18, "population": 206, "households": 47}, "geometry": {"type": "Polygon", "coordinates": [[[95.73228, 27.843550000000004], [95.73436000000001, 27.843550000000004], [95.73495000000001, 27.842370000000003], [95.73332, 27.837120000000002], [95.72545000000001, 27.832390000000004], [95.72262, 27.83423], [95.72277000000001, 27.83593], [95.72025000000001, 27.837380000000003], [95.72040000000001, 27.839090000000002], [95.72218000000001, 27.84053], [95.73035, 27.844600000000003], [95.73228, 27.843550000000004]]]}}, {"id": "1123", "type": "Feature", "properties": {"village_name": "Charah Gaon", "vil_lgd": 289902, "district_name": "Tinsukia", "dist_lgd": 302, "subdistrict_name": "Sadiya", "sdcode": 2059, "block_name": "Sadiya", "block_lgd": 91.0, "gp_name": "AMORPUR", "state_name": "ASSAM", "state_lgd": 18, "population": 661, "households": 81}, "geometry": {"type": "Polygon", "coordinates": [[[95.59884000000001, 27.869760000000003], [95.59567000000001, 27.864950000000004], [95.59081, 27.859830000000002], [95.57957, 27.862840000000002], [95.58213, 27.869180000000004], [95.58689000000001, 27.87422], [95.59592, 27.876220000000004], [95.5985, 27.875420000000002], [95.59884000000001, 27.869760000000003]]]}}, {"id": "1124", "type": "Feature", "properties": {"village_name": "Arapatang", "vil_lgd": 289900, "district_name": "Tinsukia", "dist_lgd": 302, "subdistrict_name": "Sadiya", "sdcode": 2059, "block_name": "Sadiya", "block_lgd": 91.0, "gp_name": "AMORPUR", "state_name": "ASSAM", "state_lgd": 18, "population": 16, "households": 1}, "geometry": {"type": "Polygon", "coordinates": [[[95.58689000000001, 27.87422], [95.58213, 27.869180000000004], [95.57957, 27.862840000000002], [95.57482, 27.8638], [95.57334, 27.867600000000003], [95.57405000000001, 27.870340000000002], [95.57025, 27.873070000000002], [95.56241000000001, 27.874010000000002], [95.56454000000001, 27.87874], [95.56704, 27.87769], [95.56942000000001, 27.87874], [95.58558000000001, 27.87601], [95.58689000000001, 27.87422]]]}}, {"id": "1125", "type": "Feature", "properties": {"village_name": "Amarpur", "vil_lgd": 289899, "district_name": "Tinsukia", "dist_lgd": 302, "subdistrict_name": "Sadiya", "sdcode": 2059, "block_name": "Sadiya", "block_lgd": 91.0, "gp_name": "AMORPUR", "state_name": "ASSAM", "state_lgd": 18, "population": 929, "households": 138}, "geometry": {"type": "Polygon", "coordinates": [[[95.5985, 27.875420000000002], [95.59592, 27.876220000000004], [95.58689000000001, 27.87422], [95.58558000000001, 27.87601], [95.56942000000001, 27.87874], [95.56704, 27.87769], [95.56454000000001, 27.87874], [95.56193, 27.88473], [95.56312000000001, 27.88641], [95.56621000000001, 27.886830000000003], [95.5687, 27.8883], [95.57203000000001, 27.885990000000003], [95.57964000000001, 27.885150000000003], [95.58879, 27.885990000000003], [95.59259, 27.885990000000003], [95.60058000000001, 27.88013], [95.5985, 27.875420000000002]]]}}, {"id": "1126", "type": "Feature", "properties": {"village_name": "Chilling Ming Mang", "vil_lgd": 289892, "district_name": "Tinsukia", "dist_lgd": 302, "subdistrict_name": "Sadiya", "sdcode": 2059, "block_name": "Sadiya", "block_lgd": 91.0, "gp_name": "AMORPUR", "state_name": "ASSAM", "state_lgd": 18, "population": 2851, "households": 450}, "geometry": {"type": "Polygon", "coordinates": [[[95.55860000000001, 27.88473], [95.55587000000001, 27.886300000000002], [95.55254000000001, 27.892080000000004], [95.56110000000001, 27.898590000000002], [95.56977, 27.89439], [95.57096000000001, 27.892500000000002], [95.5687, 27.8883], [95.56621000000001, 27.886830000000003], [95.56312000000001, 27.88641], [95.56193, 27.88473], [95.55860000000001, 27.88473]]]}}, {"id": "1127", "type": "Feature", "properties": {"village_name": "Teliabari", "vil_lgd": 289895, "district_name": "Tinsukia", "dist_lgd": 302, "subdistrict_name": "Sadiya", "sdcode": 2059, "block_name": "Sadiya", "block_lgd": 91.0, "gp_name": "AMORPUR", "state_name": "ASSAM", "state_lgd": 18, "population": 873, "households": 132}, "geometry": {"type": "Polygon", "coordinates": [[[95.57964000000001, 27.885150000000003], [95.57203000000001, 27.885990000000003], [95.5687, 27.8883], [95.57096000000001, 27.892500000000002], [95.56977, 27.89439], [95.57524000000001, 27.894710000000003], [95.58641, 27.897330000000004], [95.58819000000001, 27.893340000000002], [95.59093000000001, 27.890500000000003], [95.59069000000001, 27.887770000000003], [95.59259, 27.885990000000003], [95.58879, 27.885990000000003], [95.57964000000001, 27.885150000000003]]]}}, {"id": "1128", "type": "Feature", "properties": {"village_name": "Ghurmara Chapori", "vil_lgd": 289920, "district_name": "Tinsukia", "dist_lgd": 302, "subdistrict_name": "Sadiya", "sdcode": 2059, "block_name": "Sadiya", "block_lgd": 91.0, "gp_name": "AMORPUR", "state_name": "ASSAM", "state_lgd": 18, "population": 725, "households": 124}, "geometry": {"type": "Polygon", "coordinates": [[[95.65547000000001, 27.84551], [95.65286, 27.843310000000002], [95.64906, 27.842450000000003], [95.64981, 27.84531], [95.64975000000001, 27.855970000000003], [95.65571000000001, 27.855700000000002], [95.65928000000001, 27.8515], [95.65547000000001, 27.84551]]]}}, {"id": "1129", "type": "Feature", "properties": {"village_name": "Etsum", "vil_lgd": 289898, "district_name": "Tinsukia", "dist_lgd": 302, "subdistrict_name": "Sadiya", "sdcode": 2059, "block_name": "Sadiya", "block_lgd": 91.0, "gp_name": "AMORPUR", "state_name": "ASSAM", "state_lgd": 18, "population": 890, "households": 130}, "geometry": {"type": "Polygon", "coordinates": [[[95.60058000000001, 27.88013], [95.59259, 27.885990000000003], [95.59069000000001, 27.887770000000003], [95.59093000000001, 27.890500000000003], [95.58819000000001, 27.893340000000002], [95.58641, 27.897330000000004], [95.58819000000001, 27.89786], [95.58724000000001, 27.89985], [95.58808, 27.903840000000002], [95.58974, 27.905630000000002], [95.59707, 27.905580000000004], [95.59827000000001, 27.89929], [95.60342000000001, 27.8868], [95.60069000000001, 27.8804], [95.60058000000001, 27.88013]]]}}, {"id": "1130", "type": "Feature", "properties": {"village_name": "Churki Chapari", "vil_lgd": 289886, "district_name": "Tinsukia", "dist_lgd": 302, "subdistrict_name": "Sadiya", "sdcode": 2059, "block_name": "Sadiya", "block_lgd": 91.0, "gp_name": "KUNDIL", "state_name": "ASSAM", "state_lgd": 18, "population": 38, "households": 28}, "geometry": {"type": "Polygon", "coordinates": [[[95.52194, 27.859840000000002], [95.51814, 27.850800000000003], [95.51862000000001, 27.846180000000004], [95.51885000000001, 27.840930000000004], [95.52218, 27.836930000000002], [95.53953000000001, 27.83714], [95.54675, 27.83489], [95.54614000000001, 27.827150000000003], [95.54492, 27.823480000000004], [95.54326, 27.82121], [95.53844000000001, 27.82055], [95.53317000000001, 27.82215], [95.53167, 27.82494], [95.52820000000001, 27.82814], [95.51209000000001, 27.828270000000003], [95.50953000000001, 27.82974], [95.50727, 27.831470000000003], [95.50592, 27.839060000000003], [95.50381, 27.844120000000004], [95.49989000000001, 27.845720000000004], [95.49492000000001, 27.84532], [95.48119000000001, 27.83967], [95.48277, 27.8484], [95.4852, 27.85328], [95.48709000000001, 27.855230000000002], [95.49634, 27.85826], [95.50827000000001, 27.858570000000004], [95.51523, 27.85957], [95.51443, 27.87665], [95.51467000000001, 27.87948], [95.51589000000001, 27.879900000000003], [95.52146, 27.861060000000002], [95.52194, 27.859840000000002]]]}}, {"id": "1131", "type": "Feature", "properties": {"village_name": "Mile", "vil_lgd": 290040, "district_name": "Tinsukia", "dist_lgd": 302, "subdistrict_name": "Sadiya", "sdcode": 2059, "block_name": "Sadiya", "block_lgd": 91.0, "gp_name": "", "state_name": "ASSAM", "state_lgd": 18, "population": 209, "households": 43}, "geometry": {"type": "Polygon", "coordinates": [[[95.53159000000001, 27.804720000000003], [95.53240000000001, 27.805570000000003], [95.53335000000001, 27.804830000000003], [95.53241000000001, 27.80401], [95.53159000000001, 27.804720000000003]]]}}, {"id": "1132", "type": "Feature", "properties": {"village_name": "Mile", "vil_lgd": 290041, "district_name": "Tinsukia", "dist_lgd": 302, "subdistrict_name": "Sadiya", "sdcode": 2059, "block_name": "Sadiya", "block_lgd": 91.0, "gp_name": "", "state_name": "ASSAM", "state_lgd": 18, "population": 180, "households": 39}, "geometry": {"type": "Polygon", "coordinates": [[[95.54147, 27.808030000000002], [95.54247000000001, 27.808770000000003], [95.54324000000001, 27.808030000000002], [95.54234000000001, 27.80721], [95.54147, 27.808030000000002]]]}}, {"id": "1133", "type": "Feature", "properties": {"village_name": "Majkachari", "vil_lgd": 290042, "district_name": "Tinsukia", "dist_lgd": 302, "subdistrict_name": "Sadiya", "sdcode": 2059, "block_name": "Sadiya", "block_lgd": 91.0, "gp_name": "", "state_name": "ASSAM", "state_lgd": 18, "population": 728, "households": 138}, "geometry": {"type": "Polygon", "coordinates": [[[95.55439000000001, 27.814320000000002], [95.55383, 27.81509], [95.55478000000001, 27.815830000000002], [95.55560000000001, 27.814970000000002], [95.55478000000001, 27.814270000000004], [95.55439000000001, 27.814320000000002]]]}}, {"id": "1134", "type": "Feature", "properties": {"village_name": "Bairagi Chapari", "vil_lgd": 289885, "district_name": "Tinsukia", "dist_lgd": 302, "subdistrict_name": "Sadiya", "sdcode": 2059, "block_name": "Sadiya", "block_lgd": 91.0, "gp_name": "KUNDIL", "state_name": "ASSAM", "state_lgd": 18, "population": 45, "households": 19}, "geometry": {"type": "Polygon", "coordinates": [[[95.51209000000001, 27.828270000000003], [95.52820000000001, 27.82814], [95.53167, 27.82494], [95.53317000000001, 27.82215], [95.53844000000001, 27.82055], [95.54326, 27.82121], [95.54492, 27.823480000000004], [95.54614000000001, 27.827150000000003], [95.54907000000001, 27.82797], [95.55074, 27.827440000000003], [95.54861000000001, 27.819000000000003], [95.54612, 27.815920000000002], [95.54357, 27.814790000000002], [95.51719000000001, 27.812770000000004], [95.50250000000001, 27.8087], [95.49515000000001, 27.803680000000004], [95.49205, 27.79857], [95.48958, 27.79632], [95.48667, 27.795520000000003], [95.48148, 27.79605], [95.47464000000001, 27.79867], [95.4693, 27.80177], [95.46905000000001, 27.799090000000003], [95.47238, 27.79716], [95.48213000000001, 27.7938], [95.47744, 27.788190000000004], [95.47516, 27.786830000000002], [95.47449, 27.78656], [95.46400000000001, 27.786410000000004], [95.45506, 27.78759], [95.44784000000001, 27.789780000000004], [95.43865000000001, 27.794380000000004], [95.45653, 27.799760000000003], [95.45982000000001, 27.80141], [95.46269000000001, 27.80404], [95.47093000000001, 27.817580000000003], [95.47377, 27.824980000000004], [95.47321000000001, 27.82673], [95.47361000000001, 27.830040000000004], [95.47779000000001, 27.8332], [95.48119000000001, 27.83967], [95.49492000000001, 27.84532], [95.49989000000001, 27.845720000000004], [95.50381, 27.844120000000004], [95.50592, 27.839060000000003], [95.50727, 27.831470000000003], [95.50953000000001, 27.82974], [95.51209000000001, 27.828270000000003]]]}}, {"id": "1135", "type": "Feature", "properties": {"village_name": "Purana Sadiya", "vil_lgd": 289921, "district_name": "Tinsukia", "dist_lgd": 302, "subdistrict_name": "Sadiya", "sdcode": 2059, "block_name": "Sadiya", "block_lgd": 91.0, "gp_name": "KUNDIL", "state_name": "ASSAM", "state_lgd": 18, "population": 661, "households": 121}, "geometry": {"type": "Polygon", "coordinates": [[[95.70420000000001, 27.835150000000002], [95.70287, 27.83396], [95.70376, 27.830550000000002], [95.70495000000001, 27.829230000000003], [95.70376, 27.827920000000002], [95.70138000000001, 27.82871], [95.69767, 27.833700000000004], [95.69544, 27.835010000000004], [95.68994, 27.83357], [95.68712000000001, 27.83199], [95.68102, 27.822830000000003], [95.66701, 27.82514], [95.64984000000001, 27.82287], [95.64055, 27.824340000000003], [95.63845, 27.825400000000002], [95.63748000000001, 27.828200000000002], [95.63809, 27.8333], [95.64257, 27.83742], [95.64838, 27.840790000000002], [95.64906, 27.842450000000003], [95.65286, 27.843310000000002], [95.66344000000001, 27.843200000000003], [95.66795, 27.841620000000002], [95.66950000000001, 27.831120000000002], [95.67104, 27.829220000000003], [95.67484, 27.827230000000004], [95.67805000000001, 27.83038], [95.68411, 27.834270000000004], [95.68602000000001, 27.837000000000003], [95.69612000000001, 27.843310000000002], [95.70064, 27.838690000000003], [95.70420000000001, 27.835150000000002]]]}}, {"id": "1136", "type": "Feature", "properties": {"village_name": "Muluk Chapori", "vil_lgd": 289923, "district_name": "Tinsukia", "dist_lgd": 302, "subdistrict_name": "Sadiya", "sdcode": 2059, "block_name": "Sadiya", "block_lgd": 91.0, "gp_name": "KUNDIL", "state_name": "ASSAM", "state_lgd": 18, "population": 301, "households": 58}, "geometry": {"type": "Polygon", "coordinates": [[[95.66795, 27.841620000000002], [95.66344000000001, 27.843200000000003], [95.66688, 27.84625], [95.67104, 27.847510000000003], [95.67519000000001, 27.847610000000003], [95.67710000000001, 27.843310000000002], [95.66795, 27.841620000000002]]]}}, {"id": "1137", "type": "Feature", "properties": {"village_name": "Muluk Pathar", "vil_lgd": 289924, "district_name": "Tinsukia", "dist_lgd": 302, "subdistrict_name": "Sadiya", "sdcode": 2059, "block_name": "Sadiya", "block_lgd": 91.0, "gp_name": "KUNDIL", "state_name": "ASSAM", "state_lgd": 18, "population": 200, "households": 42}, "geometry": {"type": "Polygon", "coordinates": [[[95.68007000000001, 27.84268], [95.67710000000001, 27.843310000000002], [95.67519000000001, 27.847610000000003], [95.68126000000001, 27.848560000000003], [95.68328000000001, 27.847400000000004], [95.68007000000001, 27.84268]]]}}, {"id": "1138", "type": "Feature", "properties": {"village_name": "Muluk Chapori", "vil_lgd": 289925, "district_name": "Tinsukia", "dist_lgd": 302, "subdistrict_name": "Sadiya", "sdcode": 2059, "block_name": "Sadiya", "block_lgd": 91.0, "gp_name": "KUNDIL", "state_name": "ASSAM", "state_lgd": 18, "population": 503, "households": 100}, "geometry": {"type": "Polygon", "coordinates": [[[95.69279, 27.84352], [95.69612000000001, 27.843310000000002], [95.68602000000001, 27.837000000000003], [95.68316, 27.840360000000004], [95.68007000000001, 27.839940000000002], [95.66950000000001, 27.831120000000002], [95.66795, 27.841620000000002], [95.67710000000001, 27.843310000000002], [95.68007000000001, 27.84268], [95.68328000000001, 27.847400000000004], [95.68554, 27.847720000000002], [95.68863, 27.84824], [95.68982000000001, 27.847610000000003], [95.69101, 27.8453], [95.69279, 27.84352]]]}}, {"id": "1139", "type": "Feature", "properties": {"village_name": "Kundil", "vil_lgd": 289926, "district_name": "Tinsukia", "dist_lgd": 302, "subdistrict_name": "Sadiya", "sdcode": 2059, "block_name": "Sadiya", "block_lgd": 91.0, "gp_name": "KUNDIL", "state_name": "ASSAM", "state_lgd": 18, "population": 226, "households": 42}, "geometry": {"type": "Polygon", "coordinates": [[[95.67484, 27.827230000000004], [95.67104, 27.829220000000003], [95.66950000000001, 27.831120000000002], [95.68007000000001, 27.839940000000002], [95.68316, 27.840360000000004], [95.68602000000001, 27.837000000000003], [95.68411, 27.834270000000004], [95.67805000000001, 27.83038], [95.67484, 27.827230000000004]]]}}, {"id": "1140", "type": "Feature", "properties": {"village_name": "Lakhimpuria Nepali", "vil_lgd": 289977, "district_name": "Tinsukia", "dist_lgd": 302, "subdistrict_name": "Sadiya", "sdcode": 2059, "block_name": "Sadiya", "block_lgd": 91.0, "gp_name": "NA SADIYA", "state_name": "ASSAM", "state_lgd": 18, "population": 458, "households": 84}, "geometry": {"type": "Polygon", "coordinates": [[[95.72545000000001, 27.832390000000004], [95.73005, 27.825560000000003], [95.72812, 27.823590000000003], [95.72708, 27.820300000000003], [95.72717, 27.81445], [95.71091000000001, 27.81574], [95.70451000000001, 27.81952], [95.68102, 27.822830000000003], [95.68712000000001, 27.83199], [95.68994, 27.83357], [95.69544, 27.835010000000004], [95.69767, 27.833700000000004], [95.70138000000001, 27.82871], [95.70376, 27.827920000000002], [95.70495000000001, 27.829230000000003], [95.70376, 27.830550000000002], [95.70287, 27.83396], [95.70420000000001, 27.835150000000002], [95.70643000000001, 27.836850000000002], [95.70926000000001, 27.83725], [95.72262, 27.83423], [95.72545000000001, 27.832390000000004]]]}}, {"id": "1141", "type": "Feature", "properties": {"village_name": "Karmi", "vil_lgd": 289903, "district_name": "Tinsukia", "dist_lgd": 302, "subdistrict_name": "Sadiya", "sdcode": 2059, "block_name": "Sadiya", "block_lgd": 91.0, "gp_name": "AMORPUR", "state_name": "ASSAM", "state_lgd": 18, "population": 242, "households": 36}, "geometry": {"type": "Polygon", "coordinates": [[[95.61863000000001, 27.85046], [95.61854000000001, 27.85123], [95.61856, 27.852310000000003], [95.62252000000001, 27.85387], [95.62504000000001, 27.85236], [95.62358, 27.849200000000003], [95.62076, 27.849190000000004], [95.61863000000001, 27.85046]]]}}, {"id": "1142", "type": "Feature", "properties": {"village_name": "Pachim Block Bananchal", "vil_lgd": 289904, "district_name": "Tinsukia", "dist_lgd": 302, "subdistrict_name": "Sadiya", "sdcode": 2059, "block_name": "Sadiya", "block_lgd": 91.0, "gp_name": "AMORPUR", "state_name": "ASSAM", "state_lgd": 18, "population": 63, "households": 13}, "geometry": {"type": "Polygon", "coordinates": [[[95.62456, 27.86568], [95.62462000000001, 27.866460000000004], [95.62732000000001, 27.867890000000003], [95.62985, 27.865640000000003], [95.62652000000001, 27.863920000000004], [95.62456, 27.86568]]]}}, {"id": "1143", "type": "Feature", "properties": {"village_name": "Bojal Gaon", "vil_lgd": 289922, "district_name": "Tinsukia", "dist_lgd": 302, "subdistrict_name": "Sadiya", "sdcode": 2059, "block_name": "Sadiya", "block_lgd": 91.0, "gp_name": "KUNDIL", "state_name": "ASSAM", "state_lgd": 18, "population": 462, "households": 96}, "geometry": {"type": "Polygon", "coordinates": [[[95.67519000000001, 27.847610000000003], [95.67104, 27.847510000000003], [95.66688, 27.84625], [95.66344000000001, 27.843200000000003], [95.65286, 27.843310000000002], [95.65547000000001, 27.84551], [95.65928000000001, 27.8515], [95.67235000000001, 27.852130000000002], [95.68316, 27.853500000000004], [95.68162000000001, 27.851290000000002], [95.68126000000001, 27.848560000000003], [95.67519000000001, 27.847610000000003]]]}}, {"id": "1144", "type": "Feature", "properties": {"village_name": "Borbil Pathar", "vil_lgd": 289918, "district_name": "Tinsukia", "dist_lgd": 302, "subdistrict_name": "Sadiya", "sdcode": 2059, "block_name": "Sadiya", "block_lgd": 91.0, "gp_name": "RAJGARH", "state_name": "ASSAM", "state_lgd": 18, "population": 83, "households": 19}, "geometry": {"type": "Polygon", "coordinates": [[[95.65928000000001, 27.8515], [95.65571000000001, 27.855700000000002], [95.65512000000001, 27.859280000000002], [95.65821000000001, 27.862530000000003], [95.65880000000001, 27.864950000000004], [95.66593, 27.86632], [95.66665, 27.868100000000002], [95.67199000000001, 27.861480000000004], [95.68435000000001, 27.85686], [95.68649, 27.856230000000004], [95.68316, 27.853500000000004], [95.67235000000001, 27.852130000000002], [95.65928000000001, 27.8515]]]}}, {"id": "1145", "type": "Feature", "properties": {"village_name": "Jhia Gaon", "vil_lgd": 289919, "district_name": "Tinsukia", "dist_lgd": 302, "subdistrict_name": "Sadiya", "sdcode": 2059, "block_name": "Sadiya", "block_lgd": 91.0, "gp_name": "KUNDIL", "state_name": "ASSAM", "state_lgd": 18, "population": 432, "households": 77}, "geometry": {"type": "Polygon", "coordinates": [[[95.66605000000001, 27.89056], [95.66291000000001, 27.890310000000003], [95.66063000000001, 27.888540000000003], [95.65992000000001, 27.885270000000002], [95.65849000000001, 27.87544], [95.66077000000001, 27.87367], [95.66634, 27.87367], [95.66593, 27.8701], [95.66665, 27.868100000000002], [95.66593, 27.86632], [95.65880000000001, 27.864950000000004], [95.65821000000001, 27.862530000000003], [95.65512000000001, 27.859280000000002], [95.65571000000001, 27.855700000000002], [95.64975000000001, 27.855970000000003], [95.6375, 27.87824], [95.64205000000001, 27.88716], [95.64744, 27.890300000000003], [95.65247000000001, 27.89213], [95.65523, 27.897170000000003], [95.66220000000001, 27.898750000000003], [95.66534000000001, 27.89825], [95.66876, 27.89636], [95.67033, 27.893590000000003], [95.66605000000001, 27.89056]]]}}, {"id": "1146", "type": "Feature", "properties": {"village_name": "Dikrang Gaon", "vil_lgd": 289912, "district_name": "Tinsukia", "dist_lgd": 302, "subdistrict_name": "Sadiya", "sdcode": 2059, "block_name": "Sadiya", "block_lgd": 91.0, "gp_name": "KUNDIL", "state_name": "ASSAM", "state_lgd": 18, "population": 950, "households": 189}, "geometry": {"type": "Polygon", "coordinates": [[[95.67646, 27.890810000000002], [95.67917000000001, 27.891700000000004], [95.68488, 27.891700000000004], [95.6893, 27.890690000000003], [95.68987000000001, 27.88174], [95.68744000000001, 27.87657], [95.68231, 27.875180000000004], [95.67532000000001, 27.87468], [95.66634, 27.87367], [95.66077000000001, 27.87367], [95.65849000000001, 27.87544], [95.65992000000001, 27.885270000000002], [95.66063000000001, 27.888540000000003], [95.66291000000001, 27.890310000000003], [95.66605000000001, 27.89056], [95.67033, 27.893590000000003], [95.67161, 27.89233], [95.67646, 27.890810000000002]]]}}, {"id": "1147", "type": "Feature", "properties": {"village_name": "Torani", "vil_lgd": 289913, "district_name": "Tinsukia", "dist_lgd": 302, "subdistrict_name": "Sadiya", "sdcode": 2059, "block_name": "Sadiya", "block_lgd": 91.0, "gp_name": "BURABURI", "state_name": "ASSAM", "state_lgd": 18, "population": 737, "households": 130}, "geometry": {"type": "Polygon", "coordinates": [[[95.6893, 27.890690000000003], [95.68488, 27.891700000000004], [95.67917000000001, 27.891700000000004], [95.67746000000001, 27.893960000000003], [95.67746000000001, 27.89636], [95.68459000000001, 27.900520000000004], [95.69514000000001, 27.902790000000003], [95.69443000000001, 27.89485], [95.69229000000001, 27.892070000000004], [95.6893, 27.890690000000003]]]}}, {"id": "1148", "type": "Feature", "properties": {"village_name": "Dopani Gaon", "vil_lgd": 289940, "district_name": "Tinsukia", "dist_lgd": 302, "subdistrict_name": "Sadiya", "sdcode": 2059, "block_name": "Sadiya", "block_lgd": 91.0, "gp_name": "RAJGARH", "state_name": "ASSAM", "state_lgd": 18, "population": 521, "households": 109}, "geometry": {"type": "Polygon", "coordinates": [[[95.70669000000001, 27.90405], [95.70612000000001, 27.901780000000002], [95.70812000000001, 27.896110000000004], [95.7094, 27.892200000000003], [95.71026, 27.883750000000003], [95.71197000000001, 27.88275], [95.71625, 27.877580000000002], [95.71439000000001, 27.874050000000004], [95.70356000000001, 27.873040000000003], [95.69643, 27.870770000000004], [95.69543, 27.87329], [95.68744000000001, 27.87657], [95.68987000000001, 27.88174], [95.6893, 27.890690000000003], [95.69229000000001, 27.892070000000004], [95.69443000000001, 27.89485], [95.69514000000001, 27.902790000000003], [95.69300000000001, 27.90594], [95.69457000000001, 27.91073], [95.69643, 27.91299], [95.69885000000001, 27.914130000000004], [95.70156000000001, 27.914130000000004], [95.70356000000001, 27.912490000000002], [95.70883, 27.91186], [95.70983000000001, 27.90846], [95.70669000000001, 27.90405]], [[95.70173000000001, 27.90463], [95.70301, 27.905640000000002], [95.70230000000001, 27.907660000000003], [95.69859000000001, 27.908040000000003], [95.69847000000001, 27.90501], [95.70173000000001, 27.90463]]]}}, {"id": "1149", "type": "Feature", "properties": {"village_name": "Borbil Pathar Masaki", "vil_lgd": 289917, "district_name": "Tinsukia", "dist_lgd": 302, "subdistrict_name": "Sadiya", "sdcode": 2059, "block_name": "Sadiya", "block_lgd": 91.0, "gp_name": "RAJGARH", "state_name": "ASSAM", "state_lgd": 18, "population": 400, "households": 77}, "geometry": {"type": "Polygon", "coordinates": [[[95.68435000000001, 27.85686], [95.67199000000001, 27.861480000000004], [95.66665, 27.868100000000002], [95.66593, 27.8701], [95.66634, 27.87367], [95.67532000000001, 27.87468], [95.67496000000001, 27.870520000000003], [95.679, 27.86464], [95.68055000000001, 27.861800000000002], [95.68293000000001, 27.859700000000004], [95.68435000000001, 27.85686]]]}}, {"id": "1150", "type": "Feature", "properties": {"village_name": "Kukuramora Bananchal", "vil_lgd": 290017, "district_name": "Tinsukia", "dist_lgd": 302, "subdistrict_name": "Sadiya", "sdcode": 2059, "block_name": "Sadiya", "block_lgd": 91.0, "gp_name": "HOLLOW GAON", "state_name": "ASSAM", "state_lgd": 18, "population": 38, "households": 9}, "geometry": {"type": "Polygon", "coordinates": [[[95.85075, 27.85237], [95.85447, 27.849090000000004], [95.85759, 27.841600000000003], [95.85684, 27.84042], [95.85179000000001, 27.84042], [95.84659, 27.84213], [95.84451000000001, 27.84344], [95.84124000000001, 27.84108], [95.84243000000001, 27.835160000000002], [95.84028, 27.832960000000003], [95.82318000000001, 27.83021], [95.82084, 27.827060000000003], [95.82060000000001, 27.830040000000004], [95.82253000000001, 27.831750000000003], [95.82297000000001, 27.833720000000003], [95.82654000000001, 27.836610000000004], [95.82743, 27.84081], [95.82357, 27.84383], [95.81896, 27.843180000000004], [95.81688000000001, 27.8441], [95.82164, 27.848300000000002], [95.82446, 27.85132], [95.831, 27.850400000000004], [95.83307, 27.85132], [95.83397000000001, 27.853420000000003], [95.83367000000001, 27.85631], [95.83233000000001, 27.858410000000003], [95.83070000000001, 27.86117], [95.83278000000001, 27.863400000000002], [95.83605000000001, 27.863400000000002], [95.84095, 27.86183], [95.84540000000001, 27.86025], [95.84921000000001, 27.855040000000002], [95.85075, 27.85237]]]}}, {"id": "1151", "type": "Feature", "properties": {"village_name": "Bil Gaon", "vil_lgd": 289984, "district_name": "Tinsukia", "dist_lgd": 302, "subdistrict_name": "Sadiya", "sdcode": 2059, "block_name": "Sadiya", "block_lgd": 91.0, "gp_name": "NA SADIYA", "state_name": "ASSAM", "state_lgd": 18, "population": 215, "households": 42}, "geometry": {"type": "Polygon", "coordinates": [[[95.84689, 27.866290000000003], [95.85046000000001, 27.866550000000004], [95.85447, 27.86879], [95.85714, 27.865370000000002], [95.85744000000001, 27.86117], [95.85565000000001, 27.858940000000004], [95.84921000000001, 27.855040000000002], [95.84540000000001, 27.86025], [95.84095, 27.86183], [95.83605000000001, 27.863400000000002], [95.83278000000001, 27.863400000000002], [95.83070000000001, 27.86117], [95.82594, 27.8655], [95.82134, 27.867340000000002], [95.81376, 27.864720000000002], [95.80678, 27.86025], [95.80544, 27.85854], [95.80990000000001, 27.856440000000003], [95.80990000000001, 27.855520000000002], [95.80396, 27.854080000000003], [95.79995000000001, 27.84935], [95.79787, 27.847510000000003], [95.79104000000001, 27.847910000000002], [95.78970000000001, 27.85066], [95.79178, 27.8529], [95.79193000000001, 27.855000000000004], [95.79356000000001, 27.85986], [95.79831, 27.861430000000002], [95.80678, 27.862750000000002], [95.8096, 27.86485], [95.8096, 27.86747], [95.81465000000001, 27.868520000000004], [95.82788000000001, 27.87102], [95.83917000000001, 27.87036], [95.84258000000001, 27.869840000000003], [95.84689, 27.866290000000003]]]}}, {"id": "1152", "type": "Feature", "properties": {"village_name": "Changchap", "vil_lgd": 290011, "district_name": "Tinsukia", "dist_lgd": 302, "subdistrict_name": "Sadiya", "sdcode": 2059, "block_name": "Sadiya", "block_lgd": 91.0, "gp_name": "HOLLOW GAON", "state_name": "ASSAM", "state_lgd": 18, "population": 391, "households": 74}, "geometry": {"type": "Polygon", "coordinates": [[[95.82238000000001, 27.892550000000004], [95.82654000000001, 27.893870000000003], [95.82832, 27.89308], [95.82773, 27.890580000000003], [95.82431000000001, 27.886910000000004], [95.82565000000001, 27.8852], [95.82784000000001, 27.884220000000003], [95.82713000000001, 27.87667], [95.82788000000001, 27.87102], [95.81465000000001, 27.868520000000004], [95.81748, 27.876400000000004], [95.81956000000001, 27.879690000000004], [95.81822000000001, 27.883630000000004], [95.81659, 27.885460000000002], [95.81428000000001, 27.8865], [95.81725, 27.889910000000004], [95.82141000000001, 27.900150000000004], [95.82312, 27.89833], [95.82060000000001, 27.894920000000003], [95.82060000000001, 27.893340000000002], [95.82238000000001, 27.892550000000004]]]}}, {"id": "1153", "type": "Feature", "properties": {"village_name": "Na Chaki Gaon", "vil_lgd": 290010, "district_name": "Tinsukia", "dist_lgd": 302, "subdistrict_name": "Sadiya", "sdcode": 2059, "block_name": "Sadiya", "block_lgd": 91.0, "gp_name": "AMBIKAPUR", "state_name": "ASSAM", "state_lgd": 18, "population": 754, "households": 134}, "geometry": {"type": "Polygon", "coordinates": [[[95.83917000000001, 27.87036], [95.82788000000001, 27.87102], [95.82713000000001, 27.87667], [95.82784000000001, 27.884220000000003], [95.83233000000001, 27.884410000000003], [95.84021000000001, 27.881790000000002], [95.84154000000001, 27.879690000000004], [95.84228, 27.87627], [95.84422, 27.874570000000002], [95.84110000000001, 27.873120000000004], [95.83917000000001, 27.87036]]]}}, {"id": "1154", "type": "Feature", "properties": {"village_name": "Lakhyapur", "vil_lgd": 289952, "district_name": "Tinsukia", "dist_lgd": 302, "subdistrict_name": "Sadiya", "sdcode": 2059, "block_name": "Sadiya", "block_lgd": 91.0, "gp_name": "BURABURI", "state_name": "ASSAM", "state_lgd": 18, "population": 538, "households": 93}, "geometry": {"type": "Polygon", "coordinates": [[[95.73336, 27.9523], [95.72609000000001, 27.952430000000003], [95.72423, 27.94752], [95.72195, 27.944370000000003], [95.72210000000001, 27.941850000000002], [95.72138000000001, 27.938950000000002], [95.71668000000001, 27.937060000000002], [95.71069000000001, 27.938950000000002], [95.70655000000001, 27.93605], [95.70641, 27.934540000000002], [95.71012, 27.930010000000003], [95.70969000000001, 27.928870000000003], [95.70627, 27.92686], [95.70384000000001, 27.9232], [95.70413, 27.918540000000004], [95.70156000000001, 27.914130000000004], [95.69885000000001, 27.914130000000004], [95.69842000000001, 27.91589], [95.69571, 27.92106], [95.69315, 27.923330000000004], [95.68972000000001, 27.929380000000002], [95.69172, 27.930640000000004], [95.69402000000001, 27.939870000000003], [95.7021, 27.941340000000004], [95.70805000000001, 27.944070000000004], [95.71019000000001, 27.947010000000002], [95.71132000000001, 27.962950000000003], [95.75222000000001, 27.966130000000003], [95.75276000000001, 27.964270000000003], [95.75176, 27.960870000000003], [95.74834000000001, 27.953190000000003], [95.73336, 27.9523]]]}}, {"id": "1155", "type": "Feature", "properties": {"village_name": "Uttar Block", "vil_lgd": 289905, "district_name": "Tinsukia", "dist_lgd": 302, "subdistrict_name": "Sadiya", "sdcode": 2059, "block_name": "Sadiya", "block_lgd": 91.0, "gp_name": "AMORPUR", "state_name": "ASSAM", "state_lgd": 18, "population": 24, "households": 5}, "geometry": {"type": "Polygon", "coordinates": [[[95.67626000000001, 27.939850000000003], [95.67332, 27.940040000000003], [95.66412000000001, 27.93833], [95.65467000000001, 27.93833], [95.64147000000001, 27.939660000000003], [95.63728, 27.942390000000003], [95.63604000000001, 27.947830000000003], [95.63782, 27.95006], [95.64214000000001, 27.953120000000002], [95.64306, 27.957580000000004], [95.71132000000001, 27.962950000000003], [95.71019000000001, 27.947010000000002], [95.70805000000001, 27.944070000000004], [95.7021, 27.941340000000004], [95.69402000000001, 27.939870000000003], [95.67626000000001, 27.939850000000003]]]}}, {"id": "1156", "type": "Feature", "properties": {"village_name": "Taribari", "vil_lgd": 289906, "district_name": "Tinsukia", "dist_lgd": 302, "subdistrict_name": "Sadiya", "sdcode": 2059, "block_name": "Sadiya", "block_lgd": 91.0, "gp_name": "BURABURI", "state_name": "ASSAM", "state_lgd": 18, "population": 639, "households": 102}, "geometry": {"type": "Polygon", "coordinates": [[[95.68972000000001, 27.929380000000002], [95.68616, 27.92912], [95.68202000000001, 27.92648], [95.67589000000001, 27.929630000000003], [95.66987, 27.930600000000002], [95.67626000000001, 27.939850000000003], [95.69402000000001, 27.939870000000003], [95.69172, 27.930640000000004], [95.68972000000001, 27.929380000000002]]]}}, {"id": "1157", "type": "Feature", "properties": {"village_name": "Bhobanegar Deori", "vil_lgd": 289908, "district_name": "Tinsukia", "dist_lgd": 302, "subdistrict_name": "Sadiya", "sdcode": 2059, "block_name": "Sadiya", "block_lgd": 91.0, "gp_name": "RAG GAR", "state_name": "ASSAM", "state_lgd": 18, "population": 612, "households": 110}, "geometry": {"type": "Polygon", "coordinates": [[[95.67817000000001, 27.917780000000004], [95.67789, 27.915770000000002], [95.67418, 27.91287], [95.66990000000001, 27.911610000000003], [95.66314000000001, 27.911040000000003], [95.66421000000001, 27.91542], [95.66762000000001, 27.9189], [95.66756000000001, 27.926000000000002], [95.67504000000001, 27.922700000000003], [95.67817000000001, 27.917780000000004]]]}}, {"id": "1158", "type": "Feature", "properties": {"village_name": "Dora Gaon", "vil_lgd": 289907, "district_name": "Tinsukia", "dist_lgd": 302, "subdistrict_name": "Sadiya", "sdcode": 2059, "block_name": "Sadiya", "block_lgd": 91.0, "gp_name": "BURABURI", "state_name": "ASSAM", "state_lgd": 18, "population": 515, "households": 85}, "geometry": {"type": "Polygon", "coordinates": [[[95.67988000000001, 27.917030000000004], [95.67817000000001, 27.917780000000004], [95.67504000000001, 27.922700000000003], [95.68202000000001, 27.92648], [95.68616, 27.92912], [95.68972000000001, 27.929380000000002], [95.69315, 27.923330000000004], [95.68359000000001, 27.919420000000002], [95.67988000000001, 27.917030000000004]]]}}, {"id": "1159", "type": "Feature", "properties": {"village_name": "Khristian Gohain", "vil_lgd": 289911, "district_name": "Tinsukia", "dist_lgd": 302, "subdistrict_name": "Sadiya", "sdcode": 2059, "block_name": "Sadiya", "block_lgd": 91.0, "gp_name": "RAJGARH", "state_name": "ASSAM", "state_lgd": 18, "population": 546, "households": 105}, "geometry": {"type": "Polygon", "coordinates": [[[95.67489, 27.90367], [95.67746000000001, 27.89636], [95.67746000000001, 27.893960000000003], [95.67917000000001, 27.891700000000004], [95.67646, 27.890810000000002], [95.67161, 27.89233], [95.67033, 27.893590000000003], [95.66876, 27.89636], [95.66534000000001, 27.89825], [95.66220000000001, 27.898750000000003], [95.65523, 27.897170000000003], [95.65834000000001, 27.900340000000003], [95.66260000000001, 27.902730000000002], [95.66314000000001, 27.911040000000003], [95.66990000000001, 27.911610000000003], [95.67418, 27.91287], [95.67489, 27.910100000000003], [95.67489, 27.90367]]]}}, {"id": "1160", "type": "Feature", "properties": {"village_name": "Batoni Tarani", "vil_lgd": 289953, "district_name": "Tinsukia", "dist_lgd": 302, "subdistrict_name": "Sadiya", "sdcode": 2059, "block_name": "Sadiya", "block_lgd": 91.0, "gp_name": "NA GAON", "state_name": "ASSAM", "state_lgd": 18, "population": 181, "households": 35}, "geometry": {"type": "Polygon", "coordinates": [[[95.72210000000001, 27.941850000000002], [95.72195, 27.944370000000003], [95.72423, 27.94752], [95.72609000000001, 27.952430000000003], [95.73336, 27.9523], [95.73474, 27.943820000000002], [95.72583, 27.941930000000003], [95.72210000000001, 27.941850000000002]]]}}, {"id": "1161", "type": "Feature", "properties": {"village_name": "Santipur", "vil_lgd": 289955, "district_name": "Tinsukia", "dist_lgd": 302, "subdistrict_name": "Sadiya", "sdcode": 2059, "block_name": "Sadiya", "block_lgd": 91.0, "gp_name": "SHANTIPUR", "state_name": "ASSAM", "state_lgd": 18, "population": 417, "households": 83}, "geometry": {"type": "Polygon", "coordinates": [[[95.73735, 27.931540000000002], [95.73605, 27.936580000000003], [95.73474, 27.943820000000002], [95.73336, 27.9523], [95.74834000000001, 27.953190000000003], [95.74995000000001, 27.946240000000003], [95.75494, 27.940880000000003], [95.75851, 27.937210000000004], [95.75815000000001, 27.934580000000004], [95.74841, 27.933320000000002], [95.73735, 27.931540000000002]]]}}, {"id": "1162", "type": "Feature", "properties": {"village_name": "Padum Pukhuri", "vil_lgd": 289995, "district_name": "Tinsukia", "dist_lgd": 302, "subdistrict_name": "Sadiya", "sdcode": 2059, "block_name": "Sadiya", "block_lgd": 91.0, "gp_name": "BORJHIYA", "state_name": "ASSAM", "state_lgd": 18, "population": 1379, "households": 267}, "geometry": {"type": "Polygon", "coordinates": [[[95.77610000000001, 27.941720000000004], [95.75494, 27.940880000000003], [95.74995000000001, 27.946240000000003], [95.74834000000001, 27.953190000000003], [95.75176, 27.960870000000003], [95.75276000000001, 27.964270000000003], [95.75222000000001, 27.966130000000003], [95.76909, 27.967470000000002], [95.7698, 27.9582], [95.77717000000001, 27.94844], [95.77776000000001, 27.943510000000003], [95.77610000000001, 27.941720000000004]]]}}, {"id": "1163", "type": "Feature", "properties": {"village_name": "Lakhimijan", "vil_lgd": 289996, "district_name": "Tinsukia", "dist_lgd": 302, "subdistrict_name": "Sadiya", "sdcode": 2059, "block_name": "Sadiya", "block_lgd": 91.0, "gp_name": "BORJHIYA", "state_name": "ASSAM", "state_lgd": 18, "population": 558, "households": 110}, "geometry": {"type": "Polygon", "coordinates": [[[95.77776000000001, 27.943510000000003], [95.77717000000001, 27.94844], [95.7698, 27.9582], [95.76909, 27.967470000000002], [95.78748, 27.968700000000002], [95.78596, 27.96104], [95.78774000000001, 27.95663], [95.79143, 27.95212], [95.79784000000001, 27.949600000000004], [95.77776000000001, 27.943510000000003]]]}}, {"id": "1164", "type": "Feature", "properties": {"village_name": "Bokapathar", "vil_lgd": 289997, "district_name": "Tinsukia", "dist_lgd": 302, "subdistrict_name": "Sadiya", "sdcode": 2059, "block_name": "Sadiya", "block_lgd": 91.0, "gp_name": "BORJHIYA", "state_name": "ASSAM", "state_lgd": 18, "population": 192, "households": 31}, "geometry": {"type": "Polygon", "coordinates": [[[95.77681000000001, 27.935530000000004], [95.77610000000001, 27.941720000000004], [95.77776000000001, 27.943510000000003], [95.79784000000001, 27.949600000000004], [95.80260000000001, 27.945190000000004], [95.80343, 27.9433], [95.79511000000001, 27.941620000000004], [95.78905, 27.93794], [95.7856, 27.936790000000002], [95.77681000000001, 27.935530000000004]]]}}, {"id": "1165", "type": "Feature", "properties": {"village_name": "Kapou Pathar", "vil_lgd": 289992, "district_name": "Tinsukia", "dist_lgd": 302, "subdistrict_name": "Sadiya", "sdcode": 2059, "block_name": "Sadiya", "block_lgd": 91.0, "gp_name": "BORJHIYA", "state_name": "ASSAM", "state_lgd": 18, "population": 579, "households": 120}, "geometry": {"type": "Polygon", "coordinates": [[[95.78817000000001, 27.916330000000002], [95.78427, 27.916750000000004], [95.78018, 27.92415], [95.77629, 27.929190000000002], [95.77681000000001, 27.935530000000004], [95.7856, 27.936790000000002], [95.78905, 27.93794], [95.79511000000001, 27.941620000000004], [95.80343, 27.9433], [95.80386000000001, 27.940360000000002], [95.80262, 27.935990000000004], [95.79464, 27.9249], [95.79464, 27.920700000000004], [95.79226000000001, 27.918850000000003], [95.78817000000001, 27.916330000000002]]]}}, {"id": "1166", "type": "Feature", "properties": {"village_name": "Kapawpathar Deori", "vil_lgd": 289998, "district_name": "Tinsukia", "dist_lgd": 302, "subdistrict_name": "Sadiya", "sdcode": 2059, "block_name": "Sadiya", "block_lgd": 91.0, "gp_name": "BORJHIYA", "state_name": "ASSAM", "state_lgd": 18, "population": 607, "households": 101}, "geometry": {"type": "Polygon", "coordinates": [[[95.86457000000001, 27.964540000000003], [95.85953, 27.954010000000004], [95.85788000000001, 27.953030000000002], [95.8516, 27.952360000000002], [95.84687000000001, 27.94919], [95.84421, 27.941550000000003], [95.84266000000001, 27.93399], [95.83875, 27.928510000000003], [95.83567000000001, 27.928900000000002], [95.83359, 27.931790000000003], [95.82676000000001, 27.93192], [95.82275000000001, 27.927850000000003], [95.8174, 27.926540000000003], [95.80967000000001, 27.92601], [95.80314000000001, 27.923650000000002], [95.79735000000001, 27.922860000000004], [95.79464, 27.920700000000004], [95.79464, 27.9249], [95.80262, 27.935990000000004], [95.80386000000001, 27.940360000000002], [95.80343, 27.9433], [95.80260000000001, 27.945190000000004], [95.79784000000001, 27.949600000000004], [95.79143, 27.95212], [95.78774000000001, 27.95663], [95.78596, 27.96104], [95.78748, 27.968700000000002], [95.82388, 27.971470000000004], [95.86513000000001, 27.96892], [95.86457000000001, 27.964540000000003]]]}}, {"id": "1167", "type": "Feature", "properties": {"village_name": "Barpather", "vil_lgd": 289944, "district_name": "Tinsukia", "dist_lgd": 302, "subdistrict_name": "Sadiya", "sdcode": 2059, "block_name": "Sadiya", "block_lgd": 91.0, "gp_name": "BURA BURI", "state_name": "ASSAM", "state_lgd": 18, "population": 251, "households": 48}, "geometry": {"type": "Polygon", "coordinates": [[[95.69847000000001, 27.90501], [95.69859000000001, 27.908040000000003], [95.70230000000001, 27.907660000000003], [95.70301, 27.905640000000002], [95.70173000000001, 27.90463], [95.69847000000001, 27.90501]]]}}, {"id": "1168", "type": "Feature", "properties": {"village_name": "Santipur", "vil_lgd": 289957, "district_name": "Tinsukia", "dist_lgd": 302, "subdistrict_name": "Sadiya", "sdcode": 2059, "block_name": "Sadiya", "block_lgd": 91.0, "gp_name": "SHANTIPUR", "state_name": "ASSAM", "state_lgd": 18, "population": 306, "households": 55}, "geometry": {"type": "Polygon", "coordinates": [[[95.75176, 27.923470000000002], [95.75062000000001, 27.925910000000002], [95.75946, 27.928680000000004], [95.76155000000001, 27.924820000000004], [95.75176, 27.923470000000002]]]}}, {"id": "1169", "type": "Feature", "properties": {"village_name": "Bhabani Gar Deori", "vil_lgd": 290026, "district_name": "Tinsukia", "dist_lgd": 302, "subdistrict_name": "Sadiya", "sdcode": 2059, "block_name": "Sadiya", "block_lgd": 91.0, "gp_name": "", "state_name": "ASSAM", "state_lgd": 18, "population": 386, "households": 69}, "geometry": {"type": "Polygon", "coordinates": [[[95.67504000000001, 27.922700000000003], [95.66756000000001, 27.926000000000002], [95.66987, 27.930600000000002], [95.67589000000001, 27.929630000000003], [95.68202000000001, 27.92648], [95.67504000000001, 27.922700000000003]]]}}, {"id": "1170", "type": "Feature", "properties": {"village_name": "Takajan Gaon Tokajan Deori", "vil_lgd": 289999, "district_name": "Tinsukia", "dist_lgd": 302, "subdistrict_name": "Sadiya", "sdcode": 2059, "block_name": "Sadiya", "block_lgd": 91.0, "gp_name": "AMBIKAPUR", "state_name": "ASSAM", "state_lgd": 18, "population": 1435, "households": 226}, "geometry": {"type": "Polygon", "coordinates": [[[95.84399, 27.911700000000003], [95.82854, 27.91512], [95.82750000000001, 27.922200000000004], [95.82943, 27.924830000000004], [95.83567000000001, 27.928900000000002], [95.83875, 27.928510000000003], [95.84711000000001, 27.927590000000002], [95.85528000000001, 27.9247], [95.8584, 27.918270000000003], [95.86003000000001, 27.916690000000003], [95.85929, 27.915250000000004], [95.84949, 27.91288], [95.84399, 27.911700000000003]]]}}, {"id": "1171", "type": "Feature", "properties": {"village_name": "Sonowal Gaon", "vil_lgd": 290037, "district_name": "Tinsukia", "dist_lgd": 302, "subdistrict_name": "Sadiya", "sdcode": 2059, "block_name": "Sadiya", "block_lgd": 91.0, "gp_name": "AMBIKAPUR", "state_name": "ASSAM", "state_lgd": 18, "population": 518, "households": 103}, "geometry": {"type": "Polygon", "coordinates": [[[95.85179000000001, 27.84042], [95.85684, 27.84042], [95.85937000000001, 27.838580000000004], [95.86004000000001, 27.835720000000002], [95.85048, 27.83377], [95.84028, 27.832960000000003], [95.84243000000001, 27.835160000000002], [95.84124000000001, 27.84108], [95.84451000000001, 27.84344], [95.84659, 27.84213], [95.85179000000001, 27.84042]]]}}, {"id": "1172", "type": "Feature", "properties": {"village_name": "Tinkopani Reserved Forest", "vil_lgd": 999999, "district_name": "Tinsukia", "dist_lgd": 302, "subdistrict_name": "Margherita", "sdcode": 2062, "block_name": "", "block_lgd": null, "gp_name": "", "state_name": "ASSAM", "state_lgd": 18, "population": 0, "households": 0}, "geometry": {"type": "Polygon", "coordinates": [[[95.94745, 27.432990000000004], [95.94772, 27.431340000000002], [95.94477, 27.427260000000004], [95.94688000000001, 27.42516], [95.95113, 27.42397], [95.95387000000001, 27.42022], [95.95485000000001, 27.419610000000002], [95.95509000000001, 27.42265], [95.95725, 27.42723], [95.96036000000001, 27.42902], [95.96260000000001, 27.428350000000002], [95.96320000000001, 27.427210000000002], [95.96213, 27.423830000000002], [95.96179000000001, 27.418010000000002], [95.96233000000001, 27.417240000000003], [95.96465, 27.418110000000002], [95.96555000000001, 27.41908], [95.96483, 27.42274], [95.96522, 27.42649], [95.96693, 27.427860000000003], [95.96884000000001, 27.42808], [95.97042, 27.42629], [95.96962, 27.4235], [95.97076000000001, 27.422490000000003], [95.97408000000001, 27.42169], [95.97539, 27.419390000000003], [95.97515000000001, 27.417460000000002], [95.97078, 27.41683], [95.96995000000001, 27.415940000000003], [95.97022000000001, 27.414910000000003], [95.97405, 27.41137], [95.98069000000001, 27.412200000000002], [95.97848, 27.409000000000002], [95.97210000000001, 27.40705], [95.95946, 27.40773], [95.93793000000001, 27.407320000000002], [95.93450000000001, 27.40539], [95.93045000000001, 27.401670000000003], [95.92291, 27.404510000000002], [95.91808, 27.400420000000004], [95.90634000000001, 27.39047], [95.90318, 27.393140000000002], [95.89866, 27.390330000000002], [95.89158, 27.395410000000002], [95.87592000000001, 27.38512], [95.86794, 27.390600000000003], [95.85932000000001, 27.401750000000003], [95.86488000000001, 27.405170000000002], [95.86745, 27.408330000000003], [95.86874, 27.41074], [95.86588, 27.41428], [95.87158000000001, 27.4142], [95.88084, 27.414070000000002], [95.88395000000001, 27.41402], [95.88655000000001, 27.412720000000004], [95.88819000000001, 27.409930000000003], [95.88757000000001, 27.406150000000004], [95.88403000000001, 27.402500000000003], [95.88577000000001, 27.398170000000004], [95.89027, 27.400650000000002], [95.89250000000001, 27.40303], [95.89524, 27.408490000000004], [95.89906, 27.41362], [95.90001000000001, 27.422020000000003], [95.90499000000001, 27.429240000000004], [95.90667, 27.433290000000003], [95.90960000000001, 27.43539], [95.91322000000001, 27.435800000000004], [95.91823000000001, 27.434720000000002], [95.92879, 27.438550000000003], [95.93444000000001, 27.435640000000003], [95.93594, 27.43561], [95.93864, 27.437210000000004], [95.94131, 27.43729], [95.94560000000001, 27.435240000000004], [95.94745, 27.432990000000004]], [[95.92599000000001, 27.417360000000002], [95.92846, 27.41778], [95.92913000000001, 27.419040000000003], [95.92789, 27.421570000000003], [95.92504000000001, 27.421740000000003], [95.92391, 27.420340000000003], [95.92599000000001, 27.417360000000002]], [[95.91315, 27.405540000000002], [95.91401, 27.40605], [95.91401, 27.407570000000003], [95.91325, 27.409080000000003], [95.91192000000001, 27.40959], [95.90983000000001, 27.40951], [95.90887000000001, 27.408040000000003], [95.90964000000001, 27.405710000000003], [95.91315, 27.405540000000002]], [[95.90165, 27.394060000000003], [95.90431000000001, 27.394820000000003], [95.90498000000001, 27.39693], [95.90403, 27.398450000000004], [95.90098, 27.39853], [95.90007000000001, 27.397260000000003], [95.90165, 27.394060000000003]]]}}, {"id": "1173", "type": "Feature", "properties": {"village_name": "Lonn River", "vil_lgd": 999999, "district_name": "Tinsukia", "dist_lgd": 302, "subdistrict_name": "Sadiya", "sdcode": 2059, "block_name": "", "block_lgd": null, "gp_name": "", "state_name": "ASSAM", "state_lgd": 18, "population": 0, "households": 0}, "geometry": {"type": "Polygon", "coordinates": [[[95.65467000000001, 27.93833], [95.66412000000001, 27.93833], [95.67332, 27.940040000000003], [95.67626000000001, 27.939850000000003], [95.66987, 27.930600000000002], [95.66756000000001, 27.926000000000002], [95.66762000000001, 27.9189], [95.66421000000001, 27.91542], [95.66314000000001, 27.911040000000003], [95.66260000000001, 27.902730000000002], [95.65834000000001, 27.900340000000003], [95.65523, 27.897170000000003], [95.65247000000001, 27.89213], [95.64744, 27.890300000000003], [95.64205000000001, 27.88716], [95.6375, 27.87824], [95.64975000000001, 27.855970000000003], [95.64981, 27.84531], [95.64906, 27.842450000000003], [95.64838, 27.840790000000002], [95.64257, 27.83742], [95.63809, 27.8333], [95.63748000000001, 27.828200000000002], [95.63845, 27.825400000000002], [95.64055, 27.824340000000003], [95.64984000000001, 27.82287], [95.66701, 27.82514], [95.68102, 27.822830000000003], [95.70451000000001, 27.81952], [95.71091000000001, 27.81574], [95.72717, 27.81445], [95.74893, 27.81059], [95.75142000000001, 27.805290000000003], [95.74805, 27.801270000000002], [95.74560000000001, 27.796650000000003], [95.74081000000001, 27.794610000000002], [95.73813000000001, 27.79107], [95.73875000000001, 27.785570000000003], [95.7416, 27.779510000000002], [95.74587000000001, 27.77596], [95.75890000000001, 27.768760000000004], [95.76577, 27.768620000000002], [95.77009000000001, 27.771960000000004], [95.78248, 27.77898], [95.80028, 27.802650000000003], [95.80560000000001, 27.805550000000004], [95.80852, 27.808500000000002], [95.81171, 27.81595], [95.81536000000001, 27.820600000000002], [95.81907000000001, 27.82355], [95.82084, 27.827060000000003], [95.82318000000001, 27.83021], [95.84028, 27.832960000000003], [95.85048, 27.83377], [95.86004000000001, 27.835720000000002], [95.86581000000001, 27.837830000000004], [95.88022000000001, 27.842810000000004], [95.87039000000001, 27.832690000000003], [95.85977000000001, 27.830240000000003], [95.85429, 27.829980000000003], [95.83778000000001, 27.823990000000002], [95.83796000000001, 27.81013], [95.82659000000001, 27.80871], [95.81677, 27.80279], [95.81088000000001, 27.79642], [95.80965, 27.78928], [95.80494, 27.786080000000002], [95.80386000000001, 27.78449], [95.80227000000001, 27.777320000000003], [95.80018000000001, 27.773550000000004], [95.79446, 27.76912], [95.78680000000001, 27.759600000000002], [95.78241000000001, 27.75643], [95.77588, 27.753590000000003], [95.75785, 27.749290000000002], [95.74036000000001, 27.739860000000004], [95.73416, 27.73908], [95.72953000000001, 27.735400000000002], [95.71811000000001, 27.733600000000003], [95.71443000000001, 27.733330000000002], [95.70512000000001, 27.73731], [95.68599, 27.757310000000004], [95.68520000000001, 27.758390000000002], [95.67488, 27.77091], [95.66991, 27.773920000000004], [95.66008000000001, 27.77456], [95.65096000000001, 27.77644], [95.64867000000001, 27.7785], [95.64410000000001, 27.78272], [95.63961, 27.785310000000003], [95.63008, 27.78712], [95.60668000000001, 27.786830000000002], [95.5942, 27.78412], [95.58792000000001, 27.780610000000003], [95.58455000000001, 27.773970000000002], [95.58147000000001, 27.772840000000002], [95.57646000000001, 27.771720000000002], [95.56564, 27.77043], [95.55134000000001, 27.76791], [95.53872000000001, 27.766060000000003], [95.52080000000001, 27.768870000000003], [95.51724, 27.77043], [95.5143, 27.773930000000004], [95.49626, 27.787080000000003], [95.48359, 27.78902], [95.47516, 27.786830000000002], [95.47744, 27.788190000000004], [95.48213000000001, 27.7938], [95.47238, 27.79716], [95.46905000000001, 27.799090000000003], [95.4693, 27.80177], [95.47464000000001, 27.79867], [95.48148, 27.79605], [95.48667, 27.795520000000003], [95.48958, 27.79632], [95.49205, 27.79857], [95.49515000000001, 27.803680000000004], [95.50250000000001, 27.8087], [95.51719000000001, 27.812770000000004], [95.54357, 27.814790000000002], [95.54612, 27.815920000000002], [95.54861000000001, 27.819000000000003], [95.55074, 27.827440000000003], [95.54907000000001, 27.82797], [95.54614000000001, 27.827150000000003], [95.54675, 27.83489], [95.55323000000001, 27.833800000000004], [95.55607, 27.835240000000002], [95.55685000000001, 27.838540000000002], [95.55273000000001, 27.84702], [95.55113000000001, 27.85], [95.55102000000001, 27.855240000000002], [95.56129000000001, 27.861700000000003], [95.56330000000001, 27.863180000000003], [95.57482, 27.8638], [95.57957, 27.862840000000002], [95.59081, 27.859830000000002], [95.59567000000001, 27.864950000000004], [95.59884000000001, 27.869760000000003], [95.5985, 27.875420000000002], [95.60058000000001, 27.88013], [95.60069000000001, 27.8804], [95.60342000000001, 27.8868], [95.59827000000001, 27.89929], [95.59707, 27.905580000000004], [95.59915000000001, 27.909530000000004], [95.60988, 27.918120000000002], [95.61058000000001, 27.926370000000002], [95.60795, 27.932750000000002], [95.5938, 27.94676], [95.60537000000001, 27.95463], [95.64306, 27.957580000000004], [95.64214000000001, 27.953120000000002], [95.63782, 27.95006], [95.63604000000001, 27.947830000000003], [95.63728, 27.942390000000003], [95.64147000000001, 27.939660000000003], [95.65467000000001, 27.93833]], [[95.61016000000001, 27.895460000000003], [95.60950000000001, 27.89617], [95.60844, 27.895640000000004], [95.60917, 27.894640000000003], [95.61016000000001, 27.895460000000003]], [[95.61177, 27.886730000000004], [95.61264000000001, 27.88755], [95.61188000000001, 27.88829], [95.61096, 27.887850000000004], [95.6114, 27.8868], [95.61177, 27.886730000000004]], [[95.61025000000001, 27.877650000000003], [95.61112000000001, 27.878470000000004], [95.6105, 27.87918], [95.60944, 27.878770000000003], [95.60987, 27.877720000000004], [95.61025000000001, 27.877650000000003]], [[95.60637000000001, 27.87141], [95.60560000000001, 27.87215], [95.6046, 27.87141], [95.60547000000001, 27.870590000000004], [95.60637000000001, 27.87141]], [[95.62985, 27.865640000000003], [95.62732000000001, 27.867890000000003], [95.62462000000001, 27.866460000000004], [95.62456, 27.86568], [95.62652000000001, 27.863920000000004], [95.62985, 27.865640000000003]], [[95.60265000000001, 27.858320000000003], [95.60346000000001, 27.85884], [95.60312, 27.859750000000002], [95.60205, 27.85969], [95.60198000000001, 27.858570000000004], [95.60265000000001, 27.858320000000003]], [[95.61863000000001, 27.85046], [95.62076, 27.849190000000004], [95.62358, 27.849200000000003], [95.62504000000001, 27.85236], [95.62252000000001, 27.85387], [95.61856, 27.852310000000003], [95.61854000000001, 27.85123], [95.61863000000001, 27.85046]], [[95.58655, 27.853720000000003], [95.58668, 27.852610000000002], [95.58801000000001, 27.852850000000004], [95.58760000000001, 27.853930000000002], [95.58655, 27.853720000000003]], [[95.57423000000001, 27.855680000000003], [95.57342000000001, 27.854820000000004], [95.57463000000001, 27.854170000000003], [95.5751, 27.855240000000002], [95.57423000000001, 27.855680000000003]], [[95.56196000000001, 27.85328], [95.56283, 27.854100000000003], [95.56221000000001, 27.85481], [95.56114000000001, 27.854400000000002], [95.56158, 27.853350000000002], [95.56196000000001, 27.85328]], [[95.59909, 27.84925], [95.5999, 27.849950000000003], [95.59942000000001, 27.850720000000003], [95.59843000000001, 27.850610000000003], [95.59819, 27.849760000000003], [95.59909, 27.84925]], [[95.57399000000001, 27.84521], [95.57480000000001, 27.845910000000003], [95.57399000000001, 27.846770000000003], [95.57304, 27.846030000000003], [95.57359000000001, 27.845260000000003], [95.57399000000001, 27.84521]], [[95.58607, 27.837470000000003], [95.58692, 27.83799], [95.58658000000001, 27.838910000000002], [95.58521, 27.838300000000004], [95.58607, 27.837470000000003]], [[95.56668, 27.839850000000002], [95.56662000000001, 27.83873], [95.56797, 27.838800000000003], [95.56767, 27.83996], [95.56668, 27.839850000000002]], [[95.57461, 27.832440000000002], [95.57546, 27.831930000000003], [95.57624000000001, 27.833050000000004], [95.57495, 27.833360000000003], [95.57461, 27.832440000000002]], [[95.56391, 27.833470000000002], [95.56474000000001, 27.832770000000004], [95.56568000000001, 27.83359], [95.56473000000001, 27.83433], [95.56391, 27.833470000000002]], [[95.56125, 27.82336], [95.56206, 27.824060000000003], [95.56125, 27.824910000000003], [95.56030000000001, 27.824170000000002], [95.56085, 27.823410000000003], [95.56125, 27.82336]], [[95.73468000000001, 27.80038], [95.73428000000001, 27.802940000000003], [95.73024000000001, 27.80299], [95.7295, 27.801270000000002], [95.73108, 27.79916], [95.73468000000001, 27.80038]], [[95.55478000000001, 27.814270000000004], [95.55560000000001, 27.814970000000002], [95.55478000000001, 27.815830000000002], [95.55383, 27.81509], [95.55439000000001, 27.814320000000002], [95.55478000000001, 27.814270000000004]], [[95.54324000000001, 27.808030000000002], [95.54247000000001, 27.808770000000003], [95.54147, 27.808030000000002], [95.54234000000001, 27.80721], [95.54324000000001, 27.808030000000002]], [[95.53335000000001, 27.804830000000003], [95.53240000000001, 27.805570000000003], [95.53159000000001, 27.804720000000003], [95.53241000000001, 27.80401], [95.53335000000001, 27.804830000000003]], [[95.81454000000001, 27.80779], [95.81219, 27.807070000000003], [95.81221000000001, 27.805590000000002], [95.81517000000001, 27.805090000000003], [95.81454000000001, 27.80779]], [[95.83448000000001, 27.82869], [95.83393000000001, 27.827360000000002], [95.83478000000001, 27.826620000000002], [95.83707000000001, 27.82654], [95.83726000000001, 27.82869], [95.83448000000001, 27.82869]], [[95.85675, 27.83293], [95.85737, 27.831940000000003], [95.85877, 27.83246], [95.85749000000001, 27.833630000000003], [95.85675, 27.83293]]]}}, {"id": "1174", "type": "Feature", "properties": {"village_name": "Chapakhowa Town CT", "vil_lgd": 290058, "district_name": "Tinsukia", "dist_lgd": 302, "subdistrict_name": "Sadiya", "sdcode": 2059, "block_name": "", "block_lgd": null, "gp_name": "", "state_name": "ASSAM", "state_lgd": 18, "population": 10305, "households": 2269}, "geometry": {"type": "Polygon", "coordinates": [[[95.77387, 27.910390000000003], [95.77625, 27.910650000000004], [95.77848, 27.909730000000003], [95.77892000000001, 27.908680000000004], [95.78873, 27.905140000000003], [95.78769000000001, 27.902120000000004], [95.78516, 27.899890000000003], [95.78546000000001, 27.89674], [95.78546000000001, 27.891090000000002], [95.78398000000001, 27.889650000000003], [95.77759, 27.889780000000002], [95.77462000000001, 27.89516], [95.77209, 27.89542], [95.76258000000001, 27.893850000000004], [95.75798, 27.889120000000002], [95.75590000000001, 27.888990000000003], [95.74639, 27.904480000000003], [95.74312, 27.910650000000004], [95.74019000000001, 27.91834], [95.73987000000001, 27.91936], [95.7433, 27.921370000000003], [95.7471, 27.923140000000004], [95.75176, 27.923470000000002], [95.76155000000001, 27.924820000000004], [95.76511, 27.91853], [95.77075, 27.912360000000003], [95.77387, 27.910390000000003]]]}}, {"id": "1175", "type": "Feature", "properties": {"village_name": "Bodo Gaon", "vil_lgd": 290034, "district_name": "Tinsukia", "dist_lgd": 302, "subdistrict_name": "Sadiya", "sdcode": 2059, "block_name": "Sadiya", "block_lgd": 91.0, "gp_name": "AMBIKAPUR", "state_name": "ASSAM", "state_lgd": 18, "population": 377, "households": 63}, "geometry": {"type": "Polygon", "coordinates": [[[95.92582, 27.947260000000004], [95.92179, 27.942140000000002], [95.90852000000001, 27.93101], [95.90189000000001, 27.92546], [95.89596, 27.921740000000003], [95.89027, 27.92603], [95.88328000000001, 27.929570000000002], [95.87838, 27.92826], [95.87036, 27.923140000000004], [95.86739000000001, 27.918550000000003], [95.86472, 27.916580000000003], [95.86003000000001, 27.916690000000003], [95.8584, 27.918270000000003], [95.85528000000001, 27.9247], [95.84711000000001, 27.927590000000002], [95.83875, 27.928510000000003], [95.84266000000001, 27.93399], [95.84421, 27.941550000000003], [95.84687000000001, 27.94919], [95.8516, 27.952360000000002], [95.85788000000001, 27.953030000000002], [95.85953, 27.954010000000004], [95.86457000000001, 27.964540000000003], [95.86513000000001, 27.96892], [95.92867000000001, 27.96498], [95.92868000000001, 27.964350000000003], [95.92582, 27.947260000000004]]]}}, {"id": "1176", "type": "Feature", "properties": {"village_name": "Sunpura Gaon", "vil_lgd": 290021, "district_name": "Tinsukia", "dist_lgd": 302, "subdistrict_name": "Sadiya", "sdcode": 2059, "block_name": "Sadiya", "block_lgd": 91.0, "gp_name": "SUNPURA", "state_name": "ASSAM", "state_lgd": 18, "population": 913, "households": 162}, "geometry": {"type": "Polygon", "coordinates": [[[95.88061, 27.84738], [95.88253, 27.844900000000003], [95.88022000000001, 27.842810000000004], [95.86581000000001, 27.837830000000004], [95.86784, 27.84502], [95.86784, 27.849480000000003], [95.86501000000001, 27.85198], [95.86264000000001, 27.853820000000002], [95.86472, 27.855130000000003], [95.87675, 27.853160000000003], [95.87927, 27.851450000000003], [95.88061, 27.84738]]]}}, {"id": "1177", "type": "Feature", "properties": {"village_name": "Borgoya Deori Gaon", "vil_lgd": 290018, "district_name": "Tinsukia", "dist_lgd": 302, "subdistrict_name": "Sadiya", "sdcode": 2059, "block_name": "Sadiya", "block_lgd": 91.0, "gp_name": "SUNPURA", "state_name": "ASSAM", "state_lgd": 18, "population": 486, "households": 91}, "geometry": {"type": "Polygon", "coordinates": [[[95.85684, 27.84042], [95.85759, 27.841600000000003], [95.85447, 27.849090000000004], [95.85075, 27.85237], [95.84921000000001, 27.855040000000002], [95.85877, 27.85762], [95.86234, 27.85959], [95.86382, 27.8592], [95.86338, 27.857100000000003], [95.86472, 27.855130000000003], [95.86264000000001, 27.853820000000002], [95.86501000000001, 27.85198], [95.86115000000001, 27.847120000000004], [95.85952, 27.841600000000003], [95.85684, 27.84042]]]}}, {"id": "1178", "type": "Feature", "properties": {"village_name": "Saru Dhania", "vil_lgd": 290019, "district_name": "Tinsukia", "dist_lgd": 302, "subdistrict_name": "Sadiya", "sdcode": 2059, "block_name": "Sadiya", "block_lgd": 91.0, "gp_name": "SUNPURA", "state_name": "ASSAM", "state_lgd": 18, "population": 438, "households": 77}, "geometry": {"type": "Polygon", "coordinates": [[[95.86382, 27.8592], [95.86234, 27.85959], [95.85877, 27.85762], [95.84921000000001, 27.855040000000002], [95.85565000000001, 27.858940000000004], [95.85744000000001, 27.86117], [95.85714, 27.865370000000002], [95.85447, 27.86879], [95.86323, 27.870890000000003], [95.86962000000001, 27.87168], [95.87214, 27.868520000000004], [95.87318, 27.86577], [95.87244000000001, 27.862750000000002], [95.86754, 27.86025], [95.86382, 27.8592]]]}}, {"id": "1179", "type": "Feature", "properties": {"village_name": "Natun Balijan", "vil_lgd": 290020, "district_name": "Tinsukia", "dist_lgd": 302, "subdistrict_name": "Sadiya", "sdcode": 2059, "block_name": "Sadiya", "block_lgd": 91.0, "gp_name": "SUNPURA", "state_name": "ASSAM", "state_lgd": 18, "population": 2153, "households": 378}, "geometry": {"type": "Polygon", "coordinates": [[[95.89574, 27.858680000000003], [95.89534, 27.857370000000003], [95.89025000000001, 27.859990000000003], [95.89114000000001, 27.85685], [95.88845, 27.85657], [95.88573000000001, 27.849500000000003], [95.88253, 27.844900000000003], [95.88061, 27.84738], [95.87927, 27.851450000000003], [95.87660000000001, 27.85526], [95.87497, 27.85959], [95.87794000000001, 27.861040000000003], [95.88239, 27.86183], [95.89459000000001, 27.861690000000003], [95.89491000000001, 27.860200000000003], [95.89574, 27.858680000000003]]]}}, {"id": "1180", "type": "Feature", "properties": {"village_name": "Naptiya Ahom", "vil_lgd": 290004, "district_name": "Tinsukia", "dist_lgd": 302, "subdistrict_name": "Sadiya", "sdcode": 2059, "block_name": "Sadiya", "block_lgd": 91.0, "gp_name": "SUNPURA", "state_name": "ASSAM", "state_lgd": 18, "population": 2097, "households": 350}, "geometry": {"type": "Polygon", "coordinates": [[[95.91680000000001, 27.885], [95.92005, 27.88491], [95.92532000000001, 27.881990000000002], [95.91944000000001, 27.8806], [95.91723, 27.8836], [95.91555000000001, 27.883760000000002], [95.91573000000001, 27.881880000000002], [95.91702000000001, 27.880460000000003], [95.91514000000001, 27.87843], [95.91454, 27.875760000000003], [95.91012, 27.872410000000002], [95.9107, 27.87019], [95.90793000000001, 27.870960000000004], [95.90729, 27.870440000000002], [95.90859, 27.868710000000004], [95.90658, 27.866000000000003], [95.90335, 27.868910000000003], [95.90169, 27.868470000000002], [95.90146000000001, 27.866480000000003], [95.90492, 27.86212], [95.89590000000001, 27.862270000000002], [95.89459000000001, 27.861690000000003], [95.88239, 27.86183], [95.87794000000001, 27.861040000000003], [95.87497, 27.85959], [95.87660000000001, 27.85526], [95.87927, 27.851450000000003], [95.87675, 27.853160000000003], [95.86472, 27.855130000000003], [95.86338, 27.857100000000003], [95.86382, 27.8592], [95.86754, 27.86025], [95.87244000000001, 27.862750000000002], [95.87318, 27.86577], [95.87214, 27.868520000000004], [95.86962000000001, 27.87168], [95.87319000000001, 27.872190000000003], [95.88046000000001, 27.874430000000004], [95.88611, 27.877450000000003], [95.89101000000001, 27.881790000000002], [95.89873000000001, 27.88678], [95.90081, 27.888220000000004], [95.9127, 27.88783], [95.91543000000001, 27.887010000000004], [95.91680000000001, 27.885]]]}}, {"id": "1181", "type": "Feature", "properties": {"village_name": "Na Patia Naptia Nadiyal", "vil_lgd": 290003, "district_name": "Tinsukia", "dist_lgd": 302, "subdistrict_name": "Sadiya", "sdcode": 2059, "block_name": "Sadiya", "block_lgd": 91.0, "gp_name": "SUNPURA", "state_name": "ASSAM", "state_lgd": 18, "population": 199, "households": 35}, "geometry": {"type": "Polygon", "coordinates": [[[95.92371000000001, 27.88819], [95.92205000000001, 27.887860000000003], [95.91730000000001, 27.890120000000003], [95.91550000000001, 27.889390000000002], [95.91543000000001, 27.887010000000004], [95.9127, 27.88783], [95.90081, 27.888220000000004], [95.89903000000001, 27.894520000000004], [95.90007000000001, 27.896490000000004], [95.90185000000001, 27.899250000000002], [95.90497, 27.898200000000003], [95.90809, 27.895970000000002], [95.91949000000001, 27.893120000000003], [95.92371000000001, 27.88819]]]}}, {"id": "1182", "type": "Feature", "properties": {"village_name": "Udaipur Deori", "vil_lgd": 290002, "district_name": "Tinsukia", "dist_lgd": 302, "subdistrict_name": "Sadiya", "sdcode": 2059, "block_name": "Sadiya", "block_lgd": 91.0, "gp_name": "SUNPURA", "state_name": "ASSAM", "state_lgd": 18, "population": 992, "households": 167}, "geometry": {"type": "Polygon", "coordinates": [[[95.90185000000001, 27.899250000000002], [95.90007000000001, 27.896490000000004], [95.89606, 27.896620000000002], [95.88893, 27.893340000000002], [95.88254, 27.892550000000004], [95.86858000000001, 27.888220000000004], [95.8662, 27.888350000000003], [95.86427, 27.89111], [95.86694000000001, 27.89347], [95.8769, 27.899770000000004], [95.88938, 27.903710000000004], [95.89814000000001, 27.90293], [95.90185000000001, 27.899250000000002]]]}}, {"id": "1183", "type": "Feature", "properties": {"village_name": "Milanpur Deori", "vil_lgd": 290001, "district_name": "Tinsukia", "dist_lgd": 302, "subdistrict_name": "Sadiya", "sdcode": 2059, "block_name": "Sadiya", "block_lgd": 91.0, "gp_name": "AMBIKAPUR", "state_name": "ASSAM", "state_lgd": 18, "population": 712, "households": 139}, "geometry": {"type": "Polygon", "coordinates": [[[95.85565000000001, 27.891240000000003], [95.85447, 27.899770000000004], [95.86056, 27.902400000000004], [95.86858000000001, 27.903450000000003], [95.87675, 27.9066], [95.87809000000001, 27.907130000000002], [95.88224000000001, 27.904500000000002], [95.88938, 27.903710000000004], [95.8769, 27.899770000000004], [95.86694000000001, 27.89347], [95.86115000000001, 27.89216], [95.85565000000001, 27.891240000000003]]]}}, {"id": "1184", "type": "Feature", "properties": {"village_name": "Adarsha Deori", "vil_lgd": 290006, "district_name": "Tinsukia", "dist_lgd": 302, "subdistrict_name": "Sadiya", "sdcode": 2059, "block_name": "Sadiya", "block_lgd": 91.0, "gp_name": "AMBIKAPUR", "state_name": "ASSAM", "state_lgd": 18, "population": 928, "households": 153}, "geometry": {"type": "Polygon", "coordinates": [[[95.85565000000001, 27.891240000000003], [95.86115000000001, 27.89216], [95.86694000000001, 27.89347], [95.86427, 27.89111], [95.8662, 27.888350000000003], [95.86858000000001, 27.888220000000004], [95.87972, 27.886250000000004], [95.88774000000001, 27.885730000000002], [95.88611, 27.877450000000003], [95.88046000000001, 27.874430000000004], [95.87319000000001, 27.872190000000003], [95.87378000000001, 27.873910000000002], [95.87244000000001, 27.87693], [95.8665, 27.88284], [95.86368, 27.884020000000003], [95.86070000000001, 27.88415], [95.85640000000001, 27.877720000000004], [95.85209, 27.883100000000002], [95.84897000000001, 27.883360000000003], [95.84659, 27.881130000000002], [95.84422, 27.874570000000002], [95.84228, 27.87627], [95.84154000000001, 27.879690000000004], [95.84021000000001, 27.881790000000002], [95.83233000000001, 27.884410000000003], [95.82784000000001, 27.884220000000003], [95.82565000000001, 27.8852], [95.82431000000001, 27.886910000000004], [95.82773, 27.890580000000003], [95.82832, 27.89308], [95.82654000000001, 27.893870000000003], [95.82238000000001, 27.892550000000004], [95.82060000000001, 27.893340000000002], [95.82060000000001, 27.894920000000003], [95.82312, 27.89833], [95.82141000000001, 27.900150000000004], [95.82096000000001, 27.90133], [95.81294000000001, 27.901200000000003], [95.80804, 27.90041], [95.80254000000001, 27.898180000000004], [95.80165000000001, 27.908810000000003], [95.80819000000001, 27.909080000000003], [95.81651000000001, 27.910650000000004], [95.82854, 27.91512], [95.84399, 27.911700000000003], [95.85031000000001, 27.90201], [95.85447, 27.899770000000004], [95.85565000000001, 27.891240000000003]]]}}, {"id": "1185", "type": "Feature", "properties": {"village_name": "Magar Gaon Ambikapur", "vil_lgd": 290000, "district_name": "Tinsukia", "dist_lgd": 302, "subdistrict_name": "Sadiya", "sdcode": 2059, "block_name": "Sadiya", "block_lgd": 91.0, "gp_name": "AMBIKAPUR", "state_name": "ASSAM", "state_lgd": 18, "population": 3192, "households": 519}, "geometry": {"type": "Polygon", "coordinates": [[[95.85447, 27.899770000000004], [95.85031000000001, 27.90201], [95.84399, 27.911700000000003], [95.84949, 27.91288], [95.85929, 27.915250000000004], [95.86323, 27.912900000000004], [95.87036, 27.911720000000003], [95.87675, 27.9066], [95.86858000000001, 27.903450000000003], [95.86056, 27.902400000000004], [95.85447, 27.899770000000004]]]}}, {"id": "1186", "type": "Feature", "properties": {"village_name": "Gargaon N C", "vil_lgd": 290025, "district_name": "Tinsukia", "dist_lgd": 302, "subdistrict_name": "Sadiya", "sdcode": 2059, "block_name": "Sadiya", "block_lgd": 91.0, "gp_name": "BORJHIA", "state_name": "ASSAM", "state_lgd": 18, "population": 1348, "households": 272}, "geometry": {"type": "Polygon", "coordinates": [[[95.88938, 27.903710000000004], [95.88224000000001, 27.904500000000002], [95.87809000000001, 27.907130000000002], [95.87675, 27.9066], [95.87036, 27.911720000000003], [95.86323, 27.912900000000004], [95.85929, 27.915250000000004], [95.86003000000001, 27.916690000000003], [95.86472, 27.916580000000003], [95.86739000000001, 27.918550000000003], [95.87036, 27.923140000000004], [95.87838, 27.92826], [95.88328000000001, 27.929570000000002], [95.89027, 27.92603], [95.89596, 27.921740000000003], [95.89844000000001, 27.92038], [95.89591000000001, 27.918020000000002], [95.89532000000001, 27.91316], [95.89205000000001, 27.90752], [95.88938, 27.903710000000004]]]}}, {"id": "1187", "type": "Feature", "properties": {"village_name": "Lakhimi Pathar", "vil_lgd": 290030, "district_name": "Tinsukia", "dist_lgd": 302, "subdistrict_name": "Sadiya", "sdcode": 2059, "block_name": "Sadiya", "block_lgd": 91.0, "gp_name": "BORJHIYA", "state_name": "ASSAM", "state_lgd": 18, "population": 462, "households": 100}, "geometry": {"type": "Polygon", "coordinates": [[[95.91344000000001, 27.916970000000003], [95.92146000000001, 27.916710000000002], [95.92205000000001, 27.914240000000003], [95.91715, 27.90923], [95.91582000000001, 27.905160000000002], [95.9127, 27.906340000000004], [95.91136, 27.90489], [95.90557000000001, 27.903060000000004], [95.90185000000001, 27.90398], [95.89814000000001, 27.90293], [95.88938, 27.903710000000004], [95.89205000000001, 27.90752], [95.89532000000001, 27.91316], [95.89591000000001, 27.918020000000002], [95.89844000000001, 27.92038], [95.90854, 27.91881], [95.91344000000001, 27.916970000000003]]]}}, {"id": "1188", "type": "Feature", "properties": {"village_name": "Kuhia Bari", "vil_lgd": 290032, "district_name": "Tinsukia", "dist_lgd": 302, "subdistrict_name": "Sadiya", "sdcode": 2059, "block_name": "Sadiya", "block_lgd": 91.0, "gp_name": "AMBIKAPUR", "state_name": "ASSAM", "state_lgd": 18, "population": 332, "households": 62}, "geometry": {"type": "Polygon", "coordinates": [[[95.93296000000001, 27.927580000000003], [95.92736000000001, 27.920740000000002], [95.9223, 27.92207], [95.91394000000001, 27.9261], [95.90852000000001, 27.93101], [95.92179, 27.942140000000002], [95.92925000000001, 27.937440000000002], [95.93816000000001, 27.93635], [95.93296000000001, 27.927580000000003]]]}}, {"id": "1189", "type": "Feature", "properties": {"village_name": "Sonowal Gaon", "vil_lgd": 290031, "district_name": "Tinsukia", "dist_lgd": 302, "subdistrict_name": "Sadiya", "sdcode": 2059, "block_name": "Sadiya", "block_lgd": 91.0, "gp_name": "RAJGARH", "state_name": "ASSAM", "state_lgd": 18, "population": 0, "households": 0}, "geometry": {"type": "Polygon", "coordinates": [[[95.92352000000001, 27.91702], [95.92205000000001, 27.914240000000003], [95.92146000000001, 27.916710000000002], [95.91344000000001, 27.916970000000003], [95.90854, 27.91881], [95.89844000000001, 27.92038], [95.89596, 27.921740000000003], [95.90189000000001, 27.92546], [95.90852000000001, 27.93101], [95.91394000000001, 27.9261], [95.9223, 27.92207], [95.92736000000001, 27.920740000000002], [95.92352000000001, 27.91702]]]}}, {"id": "1190", "type": "Feature", "properties": {"village_name": "Makuri Bosti", "vil_lgd": 290033, "district_name": "Tinsukia", "dist_lgd": 302, "subdistrict_name": "Sadiya", "sdcode": 2059, "block_name": "Sadiya", "block_lgd": 91.0, "gp_name": "AMBIKAPUR", "state_name": "ASSAM", "state_lgd": 18, "population": 267, "households": 55}, "geometry": {"type": "Polygon", "coordinates": [[[95.94113, 27.943310000000004], [95.93816000000001, 27.93635], [95.92925000000001, 27.937440000000002], [95.92179, 27.942140000000002], [95.92582, 27.947260000000004], [95.92868000000001, 27.964350000000003], [95.92867000000001, 27.96498], [95.95039000000001, 27.96366], [95.95027, 27.958830000000003], [95.94732, 27.952540000000003], [95.94113, 27.943310000000004]]]}}, {"id": "1191", "type": "Feature", "properties": {"village_name": "Shimoluguri", "vil_lgd": 290035, "district_name": "Tinsukia", "dist_lgd": 302, "subdistrict_name": "Sadiya", "sdcode": 2059, "block_name": "Sadiya", "block_lgd": 91.0, "gp_name": "AMBIKAPUR", "state_name": "ASSAM", "state_lgd": 18, "population": 461, "households": 99}, "geometry": {"type": "Polygon", "coordinates": [[[95.96566000000001, 27.95388], [95.96520000000001, 27.951660000000004], [95.96253, 27.94986], [95.95456000000001, 27.94114], [95.9483, 27.93711], [95.94794, 27.933410000000002], [95.94924, 27.931200000000004], [95.95476000000001, 27.931200000000004], [95.94855000000001, 27.924390000000002], [95.95277, 27.92085], [95.95269, 27.920090000000002], [95.94712000000001, 27.917450000000002], [95.94534, 27.915380000000003], [95.94418, 27.91185], [95.94266, 27.910690000000002], [95.94163, 27.91071], [95.93925, 27.912750000000003], [95.93815000000001, 27.912530000000004], [95.93546, 27.908980000000003], [95.93553000000001, 27.907490000000003], [95.94105, 27.90651], [95.94105, 27.905610000000003], [95.93644, 27.903740000000003], [95.92983000000001, 27.90274], [95.93178, 27.900140000000004], [95.93699000000001, 27.899310000000003], [95.93775000000001, 27.898200000000003], [95.92849000000001, 27.89513], [95.92788, 27.89533], [95.92785, 27.8987], [95.92633000000001, 27.898880000000002], [95.92557000000001, 27.897640000000003], [95.92597, 27.89534], [95.92055, 27.895860000000003], [95.91923000000001, 27.89504], [95.91949000000001, 27.893120000000003], [95.90809, 27.895970000000002], [95.90497, 27.898200000000003], [95.90185000000001, 27.899250000000002], [95.90349, 27.900430000000004], [95.90081, 27.903060000000004], [95.90185000000001, 27.90398], [95.90557000000001, 27.903060000000004], [95.91136, 27.90489], [95.9127, 27.906340000000004], [95.91582000000001, 27.905160000000002], [95.91715, 27.90923], [95.92205000000001, 27.914240000000003], [95.92352000000001, 27.91702], [95.92736000000001, 27.920740000000002], [95.93296000000001, 27.927580000000003], [95.93816000000001, 27.93635], [95.94113, 27.943310000000004], [95.94732, 27.952540000000003], [95.95027, 27.958830000000003], [95.95039000000001, 27.96366], [95.97129000000001, 27.96272], [95.97162, 27.961640000000003], [95.96566000000001, 27.95388]]]}}, {"id": "1192", "type": "Feature", "properties": {"village_name": "Phaltu Gaon", "vil_lgd": 290949, "district_name": "Tinsukia", "dist_lgd": 302, "subdistrict_name": "Margherita", "sdcode": 2062, "block_name": "Margherita", "block_lgd": 97.0, "gp_name": "NAKUM PATHAR", "state_name": "ASSAM", "state_lgd": 18, "population": 552, "households": 130}, "geometry": {"type": "Polygon", "coordinates": [[[95.73963, 27.300670000000004], [95.7305, 27.301520000000004], [95.73316000000001, 27.305400000000002], [95.74932000000001, 27.308110000000003], [95.74951, 27.304730000000003], [95.74704000000001, 27.303210000000004], [95.73963, 27.300670000000004]]]}}, {"id": "1193", "type": "Feature", "properties": {"village_name": "Samaguri Gaon", "vil_lgd": 290282, "district_name": "Tinsukia", "dist_lgd": 302, "subdistrict_name": "Doom Dooma", "sdcode": 2060, "block_name": "Hapjan", "block_lgd": 93.0, "gp_name": "TALAP", "state_name": "ASSAM", "state_lgd": 18, "population": 294, "households": 64}, "geometry": {"type": "Polygon", "coordinates": [[[95.42328, 27.57344], [95.42557000000001, 27.56959], [95.41607, 27.56959], [95.41342, 27.568260000000002], [95.41279, 27.57036], [95.41041000000001, 27.573000000000004], [95.40328000000001, 27.573790000000002], [95.40001000000001, 27.572730000000004], [95.39348000000001, 27.572730000000004], [95.39800000000001, 27.57919], [95.41226, 27.575820000000004], [95.42006, 27.578860000000002], [95.42328, 27.57344]]]}}, {"id": "1194", "type": "Feature", "properties": {"village_name": "Katha Ramnagar Nc", "vil_lgd": 291048, "district_name": "Tinsukia", "dist_lgd": 302, "subdistrict_name": "Margherita", "sdcode": 2062, "block_name": "Margherita", "block_lgd": 97.0, "gp_name": "JAGEN", "state_name": "ASSAM", "state_lgd": 18, "population": 510, "households": 105}, "geometry": {"type": "Polygon", "coordinates": [[[95.7981, 27.537950000000002], [95.7907, 27.538990000000002], [95.79032000000001, 27.535790000000002], [95.7869, 27.535960000000003], [95.78500000000001, 27.534100000000002], [95.78462, 27.535960000000003], [95.78614, 27.541690000000003], [95.79203000000001, 27.541520000000002], [95.7985, 27.544050000000002], [95.7981, 27.537950000000002]]]}}, {"id": "1195", "type": "Feature", "properties": {"village_name": "Manuh Khowa Gaon", "vil_lgd": 290428, "district_name": "Tinsukia", "dist_lgd": 302, "subdistrict_name": "Doom Dooma", "sdcode": 2060, "block_name": "Kakapathar", "block_lgd": 94.0, "gp_name": "MANURKHOWA", "state_name": "ASSAM", "state_lgd": 18, "population": 3357, "households": 717}, "geometry": {"type": "Polygon", "coordinates": [[[95.54488, 27.590770000000003], [95.54126000000001, 27.59183], [95.54081000000001, 27.602510000000002], [95.54397, 27.60291], [95.54939, 27.60611], [95.55225, 27.61118], [95.55406, 27.61052], [95.55707000000001, 27.602510000000002], [95.55225, 27.596770000000003], [95.55346, 27.594640000000002], [95.54834000000001, 27.59317], [95.54488, 27.590770000000003]]]}}, {"id": "1196", "type": "Feature", "properties": {"village_name": "Bisa Kupi T E L C", "vil_lgd": 290429, "district_name": "Tinsukia", "dist_lgd": 302, "subdistrict_name": "Doom Dooma", "sdcode": 2060, "block_name": "Kakapathar", "block_lgd": 94.0, "gp_name": "DAIMUKHIA", "state_name": "ASSAM", "state_lgd": 18, "population": 5362, "households": 1069}, "geometry": {"type": "Polygon", "coordinates": [[[95.55120000000001, 27.585690000000003], [95.54593000000001, 27.5865], [95.54488, 27.590770000000003], [95.54834000000001, 27.59317], [95.55346, 27.594640000000002], [95.55466000000001, 27.591030000000003], [95.55722, 27.587560000000003], [95.55497000000001, 27.586360000000003], [95.55120000000001, 27.585690000000003]]]}}, {"id": "1197", "type": "Feature", "properties": {"village_name": "Bisa Kupi T E", "vil_lgd": 290430, "district_name": "Tinsukia", "dist_lgd": 302, "subdistrict_name": "Doom Dooma", "sdcode": 2060, "block_name": "Kakapathar", "block_lgd": 94.0, "gp_name": "MANIKHOWA", "state_name": "ASSAM", "state_lgd": 18, "population": 1154, "households": 249}, "geometry": {"type": "Polygon", "coordinates": [[[95.57048, 27.57195], [95.56611000000001, 27.573410000000003], [95.56280000000001, 27.57448], [95.55828000000001, 27.57769], [95.55722, 27.579690000000003], [95.55692, 27.58369], [95.55497000000001, 27.586360000000003], [95.55722, 27.587560000000003], [95.57801, 27.588500000000003], [95.57499000000001, 27.579290000000004], [95.57048, 27.57195]]]}}, {"id": "1198", "type": "Feature", "properties": {"village_name": "Kumsang Te", "vil_lgd": 290406, "district_name": "Tinsukia", "dist_lgd": 302, "subdistrict_name": "Doom Dooma", "sdcode": 2060, "block_name": "Kakapathar", "block_lgd": 94.0, "gp_name": "KAKOPATHER", "state_name": "ASSAM", "state_lgd": 18, "population": 1147, "households": 226}, "geometry": {"type": "Polygon", "coordinates": [[[95.66187000000001, 27.595110000000002], [95.65675, 27.59737], [95.65614000000001, 27.60245], [95.65645, 27.607120000000002], [95.6563, 27.613120000000002], [95.66458, 27.609250000000003], [95.66398000000001, 27.603910000000003], [95.66187000000001, 27.595110000000002]]]}}, {"id": "1199", "type": "Feature", "properties": {"village_name": "Kumsang Te", "vil_lgd": 290407, "district_name": "Tinsukia", "dist_lgd": 302, "subdistrict_name": "Doom Dooma", "sdcode": 2060, "block_name": "Kakapathar", "block_lgd": 94.0, "gp_name": "KAKOPATHER", "state_name": "ASSAM", "state_lgd": 18, "population": 1655, "households": 332}, "geometry": {"type": "Polygon", "coordinates": [[[95.64262000000001, 27.59214], [95.63594, 27.594770000000004], [95.63312, 27.598190000000002], [95.64233, 27.601750000000003], [95.64292, 27.603460000000002], [95.6499, 27.603460000000002], [95.65614000000001, 27.60245], [95.65675, 27.59737], [95.65243000000001, 27.593850000000003], [95.64262000000001, 27.59214]]]}}, {"id": "1200", "type": "Feature", "properties": {"village_name": "Khatang Pani Joyrampur N C", "vil_lgd": 291014, "district_name": "Tinsukia", "dist_lgd": 302, "subdistrict_name": "Margherita", "sdcode": 2062, "block_name": "Margherita", "block_lgd": 97.0, "gp_name": "JAGEN", "state_name": "ASSAM", "state_lgd": 18, "population": 216, "households": 53}, "geometry": {"type": "Polygon", "coordinates": [[[95.94004000000001, 27.38117], [95.93291, 27.382880000000004], [95.93960000000001, 27.387500000000003], [95.94004000000001, 27.38895], [95.94405, 27.384410000000003], [95.94434000000001, 27.382630000000002], [95.94004000000001, 27.38117]]]}}]}