{"type": "FeatureCollection", "metadata": {"source": "Survey of India (per src_agency attribute in the source data)", "hosted_via": "National Water Data Portal (NWDP), NWIC, Ministry of Jal Shakti -- https://nwdp.nwic.gov.in/", "access": "public, no login required", "crs_original": "EPSG:7755 (WGS 84 / India NSF LCC)", "fetch_date": "2026-08-02", "quality": "verified-official -- Survey of India source", "state": "Haryana", "district": "Karnal", "processing": "reprojected to EPSG:4326, topology-preserving simplify (shared-arc, tolerance 0.0005 deg) so adjacent polygons never overlap/gap at shared borders, coords rounded 5dp, 0 feature(s) needed the per-feature fallback", "feature_count": 442}, "features": [{"id": "0", "type": "Feature", "properties": {"village_name": "Mohayuddinpur", "vil_lgd": 59183, "district_name": "Karnal", "dist_lgd": 67, "subdistrict_name": "Karnal", "sdcode": 372, "block_name": "Karnal", "block_lgd": 30.0, "gp_name": "MOHAYUDDINPUR (57)", "state_name": "HARYANA", "state_lgd": 6, "population": 0, "households": 0}, "geometry": {"type": "Polygon", "coordinates": [[[77.12305, 29.75062], [77.12825000000001, 29.747170000000004], [77.12494000000001, 29.745120000000004], [77.11925000000001, 29.744320000000002], [77.11499, 29.744780000000002], [77.10149000000001, 29.747020000000003], [77.10498000000001, 29.753670000000003], [77.11110000000001, 29.753860000000003], [77.12067, 29.75101], [77.12305, 29.75062]]]}}, {"id": "1", "type": "Feature", "properties": {"village_name": "Bhojpur", "vil_lgd": 59272, "district_name": "Karnal", "dist_lgd": 67, "subdistrict_name": "Karnal", "sdcode": 372, "block_name": "Nissing", "block_lgd": 31.0, "gp_name": "BHOJPUR (22)", "state_name": "HARYANA", "state_lgd": 6, "population": 149, "households": 33}, "geometry": {"type": "Polygon", "coordinates": [[[76.7856, 29.726150000000004], [76.78051, 29.725960000000004], [76.77350000000001, 29.727520000000002], [76.77635000000001, 29.73523], [76.77900000000001, 29.736990000000002], [76.78547, 29.73655], [76.79428, 29.732170000000004], [76.7856, 29.726150000000004]]]}}, {"id": "2", "type": "Feature", "properties": {"village_name": "Kalampura", "vil_lgd": 59253, "district_name": "Karnal", "dist_lgd": 67, "subdistrict_name": "Karnal", "sdcode": 372, "block_name": "Karnal", "block_lgd": 30.0, "gp_name": "KALAMPURA (12)", "state_name": "HARYANA", "state_lgd": 6, "population": 1656, "households": 305}, "geometry": {"type": "Polygon", "coordinates": [[[76.92724000000001, 29.704660000000004], [76.92167, 29.713600000000003], [76.917, 29.716820000000002], [76.92035000000001, 29.719250000000002], [76.92065000000001, 29.721090000000004], [76.927, 29.722350000000002], [76.93204, 29.716150000000003], [76.93605000000001, 29.709380000000003], [76.92724000000001, 29.704660000000004]]]}}, {"id": "3", "type": "Feature", "properties": {"village_name": "Brichpur", "vil_lgd": 59292, "district_name": "Karnal", "dist_lgd": 67, "subdistrict_name": "Karnal", "sdcode": 372, "block_name": "Nissing", "block_lgd": 31.0, "gp_name": "BIRACHHPUR (52)", "state_name": "HARYANA", "state_lgd": 6, "population": 3333, "households": 564}, "geometry": {"type": "Polygon", "coordinates": [[[76.92052000000001, 29.61785], [76.91717000000001, 29.612600000000004], [76.91065, 29.61625], [76.90675, 29.620020000000004], [76.90892000000001, 29.621920000000003], [76.90957, 29.62469], [76.90886, 29.629400000000004], [76.92443, 29.627340000000004], [76.92052000000001, 29.61785]]]}}, {"id": "4", "type": "Feature", "properties": {"village_name": "Bahlolpur", "vil_lgd": 59405, "district_name": "Karnal", "dist_lgd": 67, "subdistrict_name": "Gharaunda", "sdcode": 374, "block_name": "Gharaunda", "block_lgd": 33.0, "gp_name": "BAHLOLPUR (17)", "state_name": "HARYANA", "state_lgd": 6, "population": 161, "households": 28}, "geometry": {"type": "Polygon", "coordinates": [[[77.04792, 29.517220000000002], [77.04118000000001, 29.519650000000002], [77.04369000000001, 29.530400000000004], [77.04528, 29.530920000000002], [77.04671, 29.533890000000003], [77.05364, 29.535120000000003], [77.05626000000001, 29.523780000000002], [77.05584, 29.51715], [77.04792, 29.517220000000002]]]}}, {"id": "5", "type": "Feature", "properties": {"village_name": "Dhumsa", "vil_lgd": 59066, "district_name": "Karnal", "dist_lgd": 67, "subdistrict_name": "Indri", "sdcode": 371, "block_name": "Indri", "block_lgd": 29.0, "gp_name": "DHUMSA (16)", "state_name": "HARYANA", "state_lgd": 6, "population": 24, "households": 5}, "geometry": {"type": "Polygon", "coordinates": [[[77.01951000000001, 29.94245], [77.01816000000001, 29.948240000000002], [77.02272, 29.947060000000004], [77.01951000000001, 29.94245]]]}}, {"id": "6", "type": "Feature", "properties": {"village_name": "Makhala", "vil_lgd": 59080, "district_name": "Karnal", "dist_lgd": 67, "subdistrict_name": "Indri", "sdcode": 371, "block_name": "Indri", "block_lgd": 29.0, "gp_name": "MAKHALA (13)", "state_name": "HARYANA", "state_lgd": 6, "population": 1256, "households": 207}, "geometry": {"type": "Polygon", "coordinates": [[[77.16218, 29.929510000000004], [77.15448, 29.92451], [77.14768000000001, 29.9307], [77.14419000000001, 29.93194], [77.14175, 29.934400000000004], [77.13882000000001, 29.941390000000002], [77.14816, 29.94291], [77.16021, 29.943400000000004], [77.16217, 29.939280000000004], [77.16486, 29.937150000000003], [77.17399, 29.93372], [77.16218, 29.929510000000004]]]}}, {"id": "7", "type": "Feature", "properties": {"village_name": "Johar Majra Khurd", "vil_lgd": 59161, "district_name": "Karnal", "dist_lgd": 67, "subdistrict_name": "Indri", "sdcode": 371, "block_name": "Indri", "block_lgd": 29.0, "gp_name": "JOHAR MAJRA KHURD(46)", "state_name": "HARYANA", "state_lgd": 6, "population": 1142, "households": 225}, "geometry": {"type": "Polygon", "coordinates": [[[77.05685000000001, 29.84408], [77.05548, 29.834210000000002], [77.05379, 29.830260000000003], [77.04313, 29.84241], [77.046, 29.848110000000002], [77.04816000000001, 29.852890000000002], [77.04892000000001, 29.854740000000003], [77.04955000000001, 29.85554], [77.05976000000001, 29.849560000000004], [77.05685000000001, 29.84408]]]}}, {"id": "8", "type": "Feature", "properties": {"village_name": "Kalra", "vil_lgd": 59076, "district_name": "Karnal", "dist_lgd": 67, "subdistrict_name": "Indri", "sdcode": 371, "block_name": "Indri", "block_lgd": 29.0, "gp_name": "KALRA (3)", "state_name": "HARYANA", "state_lgd": 6, "population": 565, "households": 106}, "geometry": {"type": "Polygon", "coordinates": [[[77.16063000000001, 29.967840000000002], [77.16354000000001, 29.96702], [77.1705, 29.969980000000003], [77.17277, 29.967480000000002], [77.16021, 29.943400000000004], [77.14816, 29.94291], [77.13882000000001, 29.941390000000002], [77.13664, 29.94291], [77.13558, 29.94309], [77.13906, 29.953370000000003], [77.14092000000001, 29.958150000000003], [77.14076, 29.961440000000003], [77.1397, 29.963800000000003], [77.15053, 29.96937], [77.15564, 29.97023], [77.15829000000001, 29.96967], [77.16063000000001, 29.967840000000002]]]}}, {"id": "9", "type": "Feature", "properties": {"village_name": "Chundipur Par", "vil_lgd": 59215, "district_name": "Karnal", "dist_lgd": 67, "subdistrict_name": "Karnal", "sdcode": 372, "block_name": "Karnal", "block_lgd": 30.0, "gp_name": "CHUNDIPUR PAR (120)", "state_name": "HARYANA", "state_lgd": 6, "population": 714, "households": 148}, "geometry": {"type": "Polygon", "coordinates": [[[77.10034, 29.66918], [77.09377, 29.66831], [77.08705, 29.666050000000002], [77.07837, 29.672320000000003], [77.0916, 29.677550000000004], [77.09701000000001, 29.67922], [77.10314000000001, 29.677020000000002], [77.10034, 29.66918]]]}}, {"id": "10", "type": "Feature", "properties": {"village_name": "Pingli", "vil_lgd": 59287, "district_name": "Karnal", "dist_lgd": 67, "subdistrict_name": "Karnal", "sdcode": 372, "block_name": "Nissing", "block_lgd": 31.0, "gp_name": "PINGLI (47)", "state_name": "HARYANA", "state_lgd": 6, "population": 1856, "households": 377}, "geometry": {"type": "Polygon", "coordinates": [[[76.92511, 29.663990000000002], [76.91811000000001, 29.669480000000004], [76.92160000000001, 29.67376], [76.92722, 29.681900000000002], [76.93507000000001, 29.679530000000003], [76.93818, 29.679730000000003], [76.92511, 29.663990000000002]]]}}, {"id": "11", "type": "Feature", "properties": {"village_name": "Taharpur", "vil_lgd": 59285, "district_name": "Karnal", "dist_lgd": 67, "subdistrict_name": "Karnal", "sdcode": 372, "block_name": "Nissing", "block_lgd": 31.0, "gp_name": "TAHARPUR (48)", "state_name": "HARYANA", "state_lgd": 6, "population": 0, "households": 0}, "geometry": {"type": "Polygon", "coordinates": [[[76.92722, 29.681900000000002], [76.92160000000001, 29.67376], [76.91278000000001, 29.673600000000004], [76.90909, 29.674460000000003], [76.90547000000001, 29.676810000000003], [76.909, 29.680360000000004], [76.91226, 29.68541], [76.91344000000001, 29.684970000000003], [76.91587000000001, 29.685730000000003], [76.91586000000001, 29.68531], [76.92722, 29.681900000000002]]]}}, {"id": "12", "type": "Feature", "properties": {"village_name": "Mandhai", "vil_lgd": 59298, "district_name": "Karnal", "dist_lgd": 67, "subdistrict_name": "Karnal", "sdcode": 372, "block_name": "Nissing", "block_lgd": 31.0, "gp_name": "MANDHAI (41)", "state_name": "HARYANA", "state_lgd": 6, "population": 0, "households": 0}, "geometry": {"type": "Polygon", "coordinates": [[[76.87207000000001, 29.689180000000004], [76.86384000000001, 29.689860000000003], [76.85644, 29.68803], [76.82854, 29.689140000000002], [76.84025000000001, 29.694480000000002], [76.86174000000001, 29.697470000000003], [76.8777, 29.695020000000003], [76.88161000000001, 29.69245], [76.87207000000001, 29.689180000000004]]]}}, {"id": "13", "type": "Feature", "properties": {"village_name": "Depot Part", "vil_lgd": 59248, "district_name": "Karnal", "dist_lgd": 67, "subdistrict_name": "Karnal", "sdcode": 372, "block_name": "Karnal", "block_lgd": 30.0, "gp_name": "DEPOT (PART)(1/1)", "state_name": "HARYANA", "state_lgd": 6, "population": 0, "households": 0}, "geometry": {"type": "Polygon", "coordinates": [[[76.96164, 29.705750000000002], [76.95466, 29.706300000000002], [76.94973, 29.709590000000002], [76.95865, 29.715700000000002], [76.95992000000001, 29.714180000000002], [76.96386000000001, 29.713430000000002], [76.96164, 29.705750000000002]]]}}, {"id": "14", "type": "Feature", "properties": {"village_name": "Bahri", "vil_lgd": 59354, "district_name": "Karnal", "dist_lgd": 67, "subdistrict_name": "Assandh", "sdcode": 373, "block_name": "Assandh", "block_lgd": 32.0, "gp_name": "BAHRI (65)", "state_name": "HARYANA", "state_lgd": 6, "population": 5637, "households": 1044}, "geometry": {"type": "Polygon", "coordinates": [[[76.53903000000001, 29.519460000000002], [76.54909, 29.509000000000004], [76.55164, 29.507460000000002], [76.56224, 29.50399], [76.55202000000001, 29.494470000000003], [76.55103000000001, 29.490450000000003], [76.54731000000001, 29.487890000000004], [76.54125, 29.487350000000003], [76.53853000000001, 29.487900000000003], [76.53584000000001, 29.492050000000003], [76.52182, 29.503860000000003], [76.50551, 29.514460000000003], [76.50630000000001, 29.516180000000002], [76.50536000000001, 29.520680000000002], [76.50580000000001, 29.524230000000003], [76.51151, 29.524600000000003], [76.50935000000001, 29.528180000000003], [76.51798000000001, 29.525090000000002], [76.53903000000001, 29.519460000000002]]]}}, {"id": "15", "type": "Feature", "properties": {"village_name": "Gangatheri", "vil_lgd": 59355, "district_name": "Karnal", "dist_lgd": 67, "subdistrict_name": "Assandh", "sdcode": 373, "block_name": "Assandh", "block_lgd": 32.0, "gp_name": "GANGATHERI (56)", "state_name": "HARYANA", "state_lgd": 6, "population": 3305, "households": 629}, "geometry": {"type": "Polygon", "coordinates": [[[76.50551, 29.514460000000003], [76.52182, 29.503860000000003], [76.53584000000001, 29.492050000000003], [76.53853000000001, 29.487900000000003], [76.54052, 29.484510000000004], [76.53246, 29.489160000000002], [76.51522, 29.501510000000003], [76.50053000000001, 29.50934], [76.49746, 29.50908], [76.49644, 29.514480000000002], [76.49531, 29.516440000000003], [76.49753000000001, 29.51582], [76.50551, 29.514460000000003]]]}}, {"id": "16", "type": "Feature", "properties": {"village_name": "Popra", "vil_lgd": 59358, "district_name": "Karnal", "dist_lgd": 67, "subdistrict_name": "Assandh", "sdcode": 373, "block_name": "Assandh", "block_lgd": 32.0, "gp_name": "POPRA (58)", "state_name": "HARYANA", "state_lgd": 6, "population": 5705, "households": 1116}, "geometry": {"type": "Polygon", "coordinates": [[[76.53174, 29.487550000000002], [76.52815000000001, 29.485290000000003], [76.52255000000001, 29.480320000000003], [76.51901000000001, 29.472720000000002], [76.5199, 29.470340000000004], [76.52478, 29.46412], [76.52792000000001, 29.46299], [76.52813, 29.461720000000003], [76.53515, 29.456660000000003], [76.53372, 29.456450000000004], [76.53258000000001, 29.45043], [76.52932000000001, 29.44339], [76.52697, 29.440920000000002], [76.5228, 29.433460000000004], [76.52284, 29.431530000000002], [76.52120000000001, 29.432440000000003], [76.51787, 29.432250000000003], [76.51057, 29.430450000000004], [76.50137000000001, 29.426050000000004], [76.48355000000001, 29.433680000000003], [76.48147, 29.432260000000003], [76.48122000000001, 29.42873], [76.47675000000001, 29.422520000000002], [76.47460000000001, 29.416500000000003], [76.46950000000001, 29.41766], [76.46698, 29.42028], [76.46589, 29.42264], [76.46364000000001, 29.424370000000003], [76.46307, 29.42808], [76.47097000000001, 29.43662], [76.47095, 29.445480000000003], [76.47821, 29.46026], [76.4813, 29.470430000000004], [76.48157, 29.476650000000003], [76.48374000000001, 29.477940000000004], [76.48403, 29.48053], [76.49227, 29.480090000000004], [76.49592000000001, 29.478920000000002], [76.5034, 29.483600000000003], [76.50342, 29.48487], [76.50613000000001, 29.486400000000003], [76.50290000000001, 29.486960000000003], [76.50392000000001, 29.491260000000004], [76.5036, 29.493090000000002], [76.50030000000001, 29.501320000000003], [76.49813, 29.50278], [76.49746, 29.50908], [76.50053000000001, 29.50934], [76.51522, 29.501510000000003], [76.53246, 29.489160000000002], [76.53174, 29.487550000000002]]]}}, {"id": "17", "type": "Feature", "properties": {"village_name": "Jhimri Khera", "vil_lgd": 59357, "district_name": "Karnal", "dist_lgd": 67, "subdistrict_name": "Assandh", "sdcode": 373, "block_name": "Assandh", "block_lgd": 32.0, "gp_name": "JHIMRI KHERA (59)", "state_name": "HARYANA", "state_lgd": 6, "population": 1785, "households": 342}, "geometry": {"type": "Polygon", "coordinates": [[[76.54021, 29.458380000000002], [76.53515, 29.456660000000003], [76.52813, 29.461720000000003], [76.52792000000001, 29.46299], [76.52478, 29.46412], [76.5199, 29.470340000000004], [76.51901000000001, 29.472720000000002], [76.52255000000001, 29.480320000000003], [76.52815000000001, 29.485290000000003], [76.53224, 29.481800000000003], [76.54027, 29.470950000000002], [76.54351000000001, 29.460530000000002], [76.54556000000001, 29.458610000000004], [76.54021, 29.458380000000002]]]}}, {"id": "18", "type": "Feature", "properties": {"village_name": "Sohana", "vil_lgd": 59242, "district_name": "Karnal", "dist_lgd": 67, "subdistrict_name": "Karnal", "sdcode": 372, "block_name": "Karnal", "block_lgd": 30.0, "gp_name": "SOHANA (94)", "state_name": "HARYANA", "state_lgd": 6, "population": 1447, "households": 295}, "geometry": {"type": "Polygon", "coordinates": [[[77.0334, 29.66167], [77.03017000000001, 29.662720000000004], [77.02640000000001, 29.671490000000002], [77.02546000000001, 29.675720000000002], [77.02822, 29.674450000000004], [77.03639000000001, 29.673340000000003], [77.04074, 29.672610000000002], [77.04242, 29.67113], [77.04112, 29.66823], [77.03544000000001, 29.662580000000002], [77.0334, 29.66167]]]}}, {"id": "19", "type": "Feature", "properties": {"village_name": "Thal", "vil_lgd": 59351, "district_name": "Karnal", "dist_lgd": 67, "subdistrict_name": "Assandh", "sdcode": 373, "block_name": "Assandh", "block_lgd": 32.0, "gp_name": "THAL (68)", "state_name": "HARYANA", "state_lgd": 6, "population": 1940, "households": 364}, "geometry": {"type": "Polygon", "coordinates": [[[76.56026, 29.54116], [76.56110000000001, 29.539870000000004], [76.56141000000001, 29.533880000000003], [76.56296, 29.530800000000003], [76.56028, 29.527630000000002], [76.55633, 29.52624], [76.54149000000001, 29.523840000000003], [76.53903000000001, 29.519460000000002], [76.51798000000001, 29.525090000000002], [76.50935000000001, 29.528180000000003], [76.51100000000001, 29.53177], [76.52167, 29.533350000000002], [76.52485, 29.535330000000002], [76.52606, 29.536690000000004], [76.52380000000001, 29.54135], [76.53395, 29.539930000000002], [76.54390000000001, 29.540580000000002], [76.55057000000001, 29.542510000000004], [76.55719, 29.542530000000003], [76.56026, 29.54116]]]}}, {"id": "20", "type": "Feature", "properties": {"village_name": "Chakbhari", "vil_lgd": 59203, "district_name": "Karnal", "dist_lgd": 67, "subdistrict_name": "Karnal", "sdcode": 372, "block_name": "Karnal", "block_lgd": 30.0, "gp_name": "CHAKBHARI (117)", "state_name": "HARYANA", "state_lgd": 6, "population": 0, "households": 0}, "geometry": {"type": "Polygon", "coordinates": [[[77.14734, 29.68325], [77.14245000000001, 29.680480000000003], [77.14239, 29.678770000000004], [77.13039, 29.679750000000002], [77.11393000000001, 29.684060000000002], [77.11988000000001, 29.687310000000004], [77.12353, 29.690320000000003], [77.14258000000001, 29.68521], [77.14828, 29.686100000000003], [77.14734, 29.68325]]]}}, {"id": "21", "type": "Feature", "properties": {"village_name": "Rampura", "vil_lgd": 59096, "district_name": "Karnal", "dist_lgd": 67, "subdistrict_name": "Indri", "sdcode": 371, "block_name": "Indri", "block_lgd": 29.0, "gp_name": "RAMPURA (11)", "state_name": "HARYANA", "state_lgd": 6, "population": 839, "households": 152}, "geometry": {"type": "Polygon", "coordinates": [[[76.99992, 29.914550000000002], [76.99287000000001, 29.920460000000002], [76.98338000000001, 29.92602], [76.98978000000001, 29.9311], [76.998, 29.92978], [77.0053, 29.921550000000003], [76.99992, 29.914550000000002]]]}}, {"id": "22", "type": "Feature", "properties": {"village_name": "Salwan", "vil_lgd": 59343, "district_name": "Karnal", "dist_lgd": 67, "subdistrict_name": "Assandh", "sdcode": 373, "block_name": "Assandh", "block_lgd": 32.0, "gp_name": "SALWAN (95)", "state_name": "HARYANA", "state_lgd": 6, "population": 18594, "households": 3451}, "geometry": {"type": "Polygon", "coordinates": [[[76.73995000000001, 29.53282], [76.73844000000001, 29.516610000000004], [76.73939, 29.508840000000003], [76.74648, 29.49153], [76.74372000000001, 29.485560000000003], [76.74212, 29.478620000000003], [76.73444, 29.48111], [76.72119, 29.482550000000003], [76.71755, 29.482300000000002], [76.71536, 29.479760000000002], [76.70898000000001, 29.49012], [76.70768000000001, 29.49097], [76.70113, 29.49209], [76.69547, 29.489890000000003], [76.69461000000001, 29.48796], [76.68513, 29.478640000000002], [76.6807, 29.48278], [76.6773, 29.48214], [76.6657, 29.48561], [76.66187000000001, 29.488960000000002], [76.65626, 29.49114], [76.66771, 29.507880000000004], [76.67404, 29.52032], [76.67668, 29.5207], [76.68434, 29.519260000000003], [76.68830000000001, 29.516640000000002], [76.68964000000001, 29.51668], [76.69197000000001, 29.51902], [76.69374, 29.522830000000003], [76.70068, 29.529020000000003], [76.70281, 29.53273], [76.70280000000001, 29.53911], [76.70189, 29.543100000000003], [76.70865, 29.546760000000003], [76.71573000000001, 29.547010000000004], [76.73093, 29.550610000000002], [76.7335, 29.546590000000002], [76.73538, 29.545060000000003], [76.73910000000001, 29.53742], [76.73995000000001, 29.53282]]]}}, {"id": "23", "type": "Feature", "properties": {"village_name": "Khaktor", "vil_lgd": 59338, "district_name": "Karnal", "dist_lgd": 67, "subdistrict_name": "Assandh", "sdcode": 373, "block_name": "Assandh", "block_lgd": 32.0, "gp_name": "KHAKTOR (74)", "state_name": "HARYANA", "state_lgd": 6, "population": 615, "households": 112}, "geometry": {"type": "Polygon", "coordinates": [[[76.75255, 29.51208], [76.75222000000001, 29.507640000000002], [76.75385, 29.495050000000003], [76.74648, 29.49153], [76.73939, 29.508840000000003], [76.73844000000001, 29.516610000000004], [76.73995000000001, 29.53282], [76.73910000000001, 29.53742], [76.75746000000001, 29.53667], [76.75255, 29.51208]]]}}, {"id": "24", "type": "Feature", "properties": {"village_name": "Balla", "vil_lgd": 59339, "district_name": "Karnal", "dist_lgd": 67, "subdistrict_name": "Assandh", "sdcode": 373, "block_name": "Assandh", "block_lgd": 32.0, "gp_name": "BALLA (30)", "state_name": "HARYANA", "state_lgd": 6, "population": 15187, "households": 2803}, "geometry": {"type": "Polygon", "coordinates": [[[76.78096000000001, 29.535940000000004], [76.79400000000001, 29.529980000000002], [76.80767, 29.52213], [76.81694, 29.519000000000002], [76.81805, 29.514170000000004], [76.81871000000001, 29.507420000000003], [76.81545000000001, 29.500510000000002], [76.80434000000001, 29.482870000000002], [76.80232000000001, 29.48065], [76.80084000000001, 29.480330000000002], [76.79941000000001, 29.477330000000002], [76.78745, 29.48205], [76.77292000000001, 29.484890000000004], [76.75917000000001, 29.492950000000004], [76.75385, 29.495050000000003], [76.75222000000001, 29.507640000000002], [76.75255, 29.51208], [76.75746000000001, 29.53667], [76.77239, 29.537490000000002], [76.78096000000001, 29.535940000000004]]]}}, {"id": "25", "type": "Feature", "properties": {"village_name": "Dopedi", "vil_lgd": 59346, "district_name": "Karnal", "dist_lgd": 67, "subdistrict_name": "Assandh", "sdcode": 373, "block_name": "Assandh", "block_lgd": 32.0, "gp_name": "DOPEDI (93)", "state_name": "HARYANA", "state_lgd": 6, "population": 3352, "households": 668}, "geometry": {"type": "Polygon", "coordinates": [[[76.67047000000001, 29.525980000000004], [76.67404, 29.52032], [76.66771, 29.507880000000004], [76.65626, 29.49114], [76.65477, 29.491260000000004], [76.65161, 29.509650000000004], [76.65354, 29.51781], [76.6585, 29.529870000000003], [76.66253, 29.53], [76.66511000000001, 29.53179], [76.66636000000001, 29.53028], [76.67047000000001, 29.525980000000004]]]}}, {"id": "26", "type": "Feature", "properties": {"village_name": "Mundh", "vil_lgd": 59352, "district_name": "Karnal", "dist_lgd": 67, "subdistrict_name": "Assandh", "sdcode": 373, "block_name": "Assandh", "block_lgd": 32.0, "gp_name": "MUNDH (67)", "state_name": "HARYANA", "state_lgd": 6, "population": 2286, "households": 444}, "geometry": {"type": "Polygon", "coordinates": [[[76.57506000000001, 29.51565], [76.57155, 29.510900000000003], [76.57115, 29.505630000000004], [76.56710000000001, 29.504340000000003], [76.56224, 29.50399], [76.55164, 29.507460000000002], [76.54909, 29.509000000000004], [76.53903000000001, 29.519460000000002], [76.54149000000001, 29.523840000000003], [76.55633, 29.52624], [76.56028, 29.527630000000002], [76.56296, 29.530800000000003], [76.57032000000001, 29.525360000000003], [76.57371, 29.519930000000002], [76.57506000000001, 29.51565]]]}}, {"id": "27", "type": "Feature", "properties": {"village_name": "Bindrala", "vil_lgd": 59349, "district_name": "Karnal", "dist_lgd": 67, "subdistrict_name": "Assandh", "sdcode": 373, "block_name": "Assandh", "block_lgd": 32.0, "gp_name": "BINDRALA (88)", "state_name": "HARYANA", "state_lgd": 6, "population": 1445, "households": 287}, "geometry": {"type": "Polygon", "coordinates": [[[76.6093, 29.480620000000002], [76.60771000000001, 29.480710000000002], [76.60468, 29.478830000000002], [76.59804000000001, 29.481720000000003], [76.59699, 29.48561], [76.59469, 29.48898], [76.59451, 29.491450000000004], [76.58709, 29.498860000000004], [76.58432, 29.499940000000002], [76.57579000000001, 29.500940000000003], [76.57115, 29.505630000000004], [76.57604, 29.50794], [76.58705, 29.51676], [76.58835, 29.524890000000003], [76.59191000000001, 29.528010000000002], [76.5955, 29.528340000000004], [76.60078, 29.52701], [76.6032, 29.524130000000003], [76.60388, 29.51828], [76.60202000000001, 29.507530000000003], [76.60862, 29.488370000000003], [76.60911, 29.482470000000003], [76.6093, 29.480620000000002]]]}}, {"id": "28", "type": "Feature", "properties": {"village_name": "Ardana", "vil_lgd": 59353, "district_name": "Karnal", "dist_lgd": 67, "subdistrict_name": "Assandh", "sdcode": 373, "block_name": "Assandh", "block_lgd": 32.0, "gp_name": "ARDANA (64)", "state_name": "HARYANA", "state_lgd": 6, "population": 7519, "households": 1335}, "geometry": {"type": "Polygon", "coordinates": [[[76.59699, 29.48561], [76.59804000000001, 29.481720000000003], [76.60468, 29.478830000000002], [76.60505, 29.47537], [76.59501, 29.475630000000002], [76.58422, 29.464720000000003], [76.58294000000001, 29.4659], [76.57615000000001, 29.465660000000003], [76.57429, 29.466450000000002], [76.57244, 29.465650000000004], [76.57135000000001, 29.467140000000004], [76.56364, 29.470200000000002], [76.54052, 29.484510000000004], [76.53853000000001, 29.487900000000003], [76.54125, 29.487350000000003], [76.54731000000001, 29.487890000000004], [76.55103000000001, 29.490450000000003], [76.55202000000001, 29.494470000000003], [76.56224, 29.50399], [76.56710000000001, 29.504340000000003], [76.57115, 29.505630000000004], [76.57579000000001, 29.500940000000003], [76.58432, 29.499940000000002], [76.58709, 29.498860000000004], [76.59451, 29.491450000000004], [76.59469, 29.48898], [76.59699, 29.48561]]]}}, {"id": "29", "type": "Feature", "properties": {"village_name": "Goli", "vil_lgd": 59341, "district_name": "Karnal", "dist_lgd": 67, "subdistrict_name": "Assandh", "sdcode": 373, "block_name": "Assandh", "block_lgd": 32.0, "gp_name": "GOLI (32)", "state_name": "HARYANA", "state_lgd": 6, "population": 4438, "households": 747}, "geometry": {"type": "Polygon", "coordinates": [[[76.76778, 29.468510000000002], [76.76542, 29.466320000000003], [76.7549, 29.465410000000002], [76.75264, 29.46805], [76.74826, 29.47106], [76.74773, 29.47321], [76.74561, 29.475320000000004], [76.74560000000001, 29.47773], [76.74212, 29.478620000000003], [76.74372000000001, 29.485560000000003], [76.74648, 29.49153], [76.75385, 29.495050000000003], [76.75917000000001, 29.492950000000004], [76.77292000000001, 29.484890000000004], [76.76778, 29.468510000000002]]]}}, {"id": "30", "type": "Feature", "properties": {"village_name": "Danauli", "vil_lgd": 59347, "district_name": "Karnal", "dist_lgd": 67, "subdistrict_name": "Assandh", "sdcode": 373, "block_name": "Assandh", "block_lgd": 32.0, "gp_name": "DANAULI (92)", "state_name": "HARYANA", "state_lgd": 6, "population": 2276, "households": 447}, "geometry": {"type": "Polygon", "coordinates": [[[76.64135, 29.473650000000003], [76.63310000000001, 29.46937], [76.63037, 29.469960000000004], [76.62495000000001, 29.473440000000004], [76.62661, 29.477480000000003], [76.63484000000001, 29.487140000000004], [76.63963000000001, 29.489390000000004], [76.64199, 29.489610000000003], [76.64919, 29.488300000000002], [76.64135, 29.473650000000003]]]}}, {"id": "31", "type": "Feature", "properties": {"village_name": "Mor Majra", "vil_lgd": 59340, "district_name": "Karnal", "dist_lgd": 67, "subdistrict_name": "Assandh", "sdcode": 373, "block_name": "Assandh", "block_lgd": 32.0, "gp_name": "MOR MAJRA (31)", "state_name": "HARYANA", "state_lgd": 6, "population": 2105, "households": 359}, "geometry": {"type": "Polygon", "coordinates": [[[76.79672000000001, 29.472260000000002], [76.79546, 29.471950000000003], [76.79517000000001, 29.466720000000002], [76.79052, 29.46582], [76.78478000000001, 29.467280000000002], [76.78059, 29.469330000000003], [76.77547000000001, 29.474390000000003], [76.77337, 29.473580000000002], [76.76778, 29.468510000000002], [76.77292000000001, 29.484890000000004], [76.78745, 29.48205], [76.79941000000001, 29.477330000000002], [76.79672000000001, 29.472260000000002]]]}}, {"id": "32", "type": "Feature", "properties": {"village_name": "Fazilpur", "vil_lgd": 59159, "district_name": "Karnal", "dist_lgd": 67, "subdistrict_name": "Indri", "sdcode": 371, "block_name": "Indri", "block_lgd": 29.0, "gp_name": "FAZILPUR(47)", "state_name": "HARYANA", "state_lgd": 6, "population": 765, "households": 122}, "geometry": {"type": "Polygon", "coordinates": [[[77.07931, 29.845380000000002], [77.08368, 29.84278], [77.08056, 29.837740000000004], [77.07959000000001, 29.833840000000002], [77.07123, 29.836850000000002], [77.07199, 29.840210000000003], [77.07022, 29.848380000000002], [77.07587000000001, 29.849330000000002], [77.07931, 29.845380000000002]]]}}, {"id": "33", "type": "Feature", "properties": {"village_name": "Kaul", "vil_lgd": 59356, "district_name": "Karnal", "dist_lgd": 67, "subdistrict_name": "Assandh", "sdcode": 373, "block_name": "Assandh", "block_lgd": 32.0, "gp_name": "KAUL (57)", "state_name": "HARYANA", "state_lgd": 6, "population": 614, "households": 118}, "geometry": {"type": "Polygon", "coordinates": [[[76.56364, 29.470200000000002], [76.57135000000001, 29.467140000000004], [76.57244, 29.465650000000004], [76.56989, 29.463310000000003], [76.56981, 29.46234], [76.55643, 29.46158], [76.54556000000001, 29.458610000000004], [76.54351000000001, 29.460530000000002], [76.54027, 29.470950000000002], [76.53224, 29.481800000000003], [76.52815000000001, 29.485290000000003], [76.53174, 29.487550000000002], [76.53246, 29.489160000000002], [76.54052, 29.484510000000004], [76.56364, 29.470200000000002]]]}}, {"id": "34", "type": "Feature", "properties": {"village_name": "Begampur", "vil_lgd": 59375, "district_name": "Karnal", "dist_lgd": 67, "subdistrict_name": "Gharaunda", "sdcode": 374, "block_name": "Gharaunda", "block_lgd": 33.0, "gp_name": "BEGAMPUR (24)", "state_name": "HARYANA", "state_lgd": 6, "population": 1303, "households": 219}, "geometry": {"type": "Polygon", "coordinates": [[[76.91260000000001, 29.478170000000002], [76.91162, 29.476190000000003], [76.91035000000001, 29.476560000000003], [76.90723000000001, 29.478120000000004], [76.90814, 29.480490000000003], [76.90592000000001, 29.48083], [76.90450000000001, 29.482100000000003], [76.90435000000001, 29.480400000000003], [76.89953000000001, 29.482730000000004], [76.90022, 29.484930000000002], [76.89951, 29.485920000000004], [76.90108000000001, 29.487230000000004], [76.89818000000001, 29.489230000000003], [76.90118000000001, 29.495780000000003], [76.90305000000001, 29.495970000000003], [76.90277, 29.50681], [76.90692, 29.508210000000002], [76.90858, 29.50974], [76.91179000000001, 29.509770000000003], [76.91464, 29.5132], [76.91699000000001, 29.516150000000003], [76.91582000000001, 29.509490000000003], [76.91219000000001, 29.502240000000004], [76.90986000000001, 29.495310000000003], [76.90964000000001, 29.479760000000002], [76.91260000000001, 29.478170000000002]]]}}, {"id": "35", "type": "Feature", "properties": {"village_name": "Kutana", "vil_lgd": 59364, "district_name": "Karnal", "dist_lgd": 67, "subdistrict_name": "Assandh", "sdcode": 373, "block_name": "Gharaunda", "block_lgd": 33.0, "gp_name": "KUTANA (26)", "state_name": "HARYANA", "state_lgd": 6, "population": 2307, "households": 449}, "geometry": {"type": "Polygon", "coordinates": [[[76.87533, 29.491550000000004], [76.87416, 29.49003], [76.87091000000001, 29.491830000000004], [76.8692, 29.4917], [76.86992000000001, 29.495010000000004], [76.8677, 29.508440000000004], [76.86813000000001, 29.512880000000003], [76.86917000000001, 29.515530000000002], [76.87184, 29.517580000000002], [76.87822000000001, 29.52128], [76.87806, 29.519430000000003], [76.88555000000001, 29.515480000000004], [76.88794, 29.51236], [76.88657, 29.508820000000004], [76.88791, 29.50485], [76.88758, 29.500000000000004], [76.88617, 29.496190000000002], [76.88171000000001, 29.49245], [76.87533, 29.491550000000004]]]}}, {"id": "36", "type": "Feature", "properties": {"village_name": "Kaimla", "vil_lgd": 59414, "district_name": "Karnal", "dist_lgd": 67, "subdistrict_name": "Gharaunda", "sdcode": 374, "block_name": "Gharaunda", "block_lgd": 33.0, "gp_name": "KAIMLA (25)", "state_name": "HARYANA", "state_lgd": 6, "population": 7677, "households": 1433}, "geometry": {"type": "Polygon", "coordinates": [[[76.99515000000001, 29.50532], [76.99464, 29.501360000000002], [76.98976, 29.500040000000002], [76.98481000000001, 29.497110000000003], [76.97939000000001, 29.496550000000003], [76.97031000000001, 29.497650000000004], [76.97101, 29.499200000000002], [76.97093000000001, 29.51047], [76.97231000000001, 29.51367], [76.97540000000001, 29.51696], [76.98153, 29.521], [76.98581, 29.522460000000002], [76.99385000000001, 29.519370000000002], [76.99515000000001, 29.50532]]]}}, {"id": "37", "type": "Feature", "properties": {"village_name": "Gudha", "vil_lgd": 59376, "district_name": "Karnal", "dist_lgd": 67, "subdistrict_name": "Gharaunda", "sdcode": 374, "block_name": "Gharaunda", "block_lgd": 33.0, "gp_name": "GUDHA (23)", "state_name": "HARYANA", "state_lgd": 6, "population": 4180, "households": 785}, "geometry": {"type": "Polygon", "coordinates": [[[76.94573000000001, 29.521200000000004], [76.94785, 29.516890000000004], [76.94758, 29.5102], [76.94435, 29.50644], [76.9418, 29.503880000000002], [76.91871, 29.493810000000003], [76.91520000000001, 29.48956], [76.9137, 29.48533], [76.90964000000001, 29.479760000000002], [76.90986000000001, 29.495310000000003], [76.91219000000001, 29.502240000000004], [76.91582000000001, 29.509490000000003], [76.91699000000001, 29.516150000000003], [76.91464, 29.5132], [76.915, 29.518500000000003], [76.9171, 29.522460000000002], [76.92955, 29.521240000000002], [76.94573000000001, 29.521200000000004]]]}}, {"id": "38", "type": "Feature", "properties": {"village_name": "Kohand", "vil_lgd": 59377, "district_name": "Karnal", "dist_lgd": 67, "subdistrict_name": "Gharaunda", "sdcode": 374, "block_name": "Gharaunda", "block_lgd": 33.0, "gp_name": "KOHAND (30)", "state_name": "HARYANA", "state_lgd": 6, "population": 10193, "households": 1864}, "geometry": {"type": "Polygon", "coordinates": [[[76.97101, 29.499200000000002], [76.97031000000001, 29.497650000000004], [76.96695000000001, 29.492300000000004], [76.96417000000001, 29.483800000000002], [76.95887, 29.48242], [76.95225, 29.478710000000003], [76.94993000000001, 29.47858], [76.94265, 29.481240000000003], [76.94199, 29.480610000000002], [76.93659000000001, 29.48093], [76.93382000000001, 29.478360000000002], [76.9286, 29.482290000000003], [76.92273, 29.483300000000003], [76.91549, 29.4825], [76.91260000000001, 29.478170000000002], [76.90964000000001, 29.479760000000002], [76.9137, 29.48533], [76.91520000000001, 29.48956], [76.91871, 29.493810000000003], [76.9418, 29.503880000000002], [76.94435, 29.50644], [76.95506, 29.505110000000002], [76.95835000000001, 29.505470000000003], [76.96036000000001, 29.51029], [76.96293, 29.51226], [76.96669, 29.510880000000004], [76.97093000000001, 29.51047], [76.97101, 29.499200000000002]]]}}, {"id": "39", "type": "Feature", "properties": {"village_name": "Har Singh Pura", "vil_lgd": 59416, "district_name": "Karnal", "dist_lgd": 67, "subdistrict_name": "Gharaunda", "sdcode": 374, "block_name": "Gharaunda", "block_lgd": 33.0, "gp_name": "HAR SINGH PURA (37)", "state_name": "HARYANA", "state_lgd": 6, "population": 2029, "households": 359}, "geometry": {"type": "Polygon", "coordinates": [[[76.98839000000001, 29.47631], [76.98740000000001, 29.475220000000004], [76.98360000000001, 29.477180000000004], [76.98240000000001, 29.476370000000003], [76.98266000000001, 29.47537], [76.98184, 29.47539], [76.97921000000001, 29.479170000000003], [76.97680000000001, 29.47838], [76.97583, 29.47951], [76.97474000000001, 29.478820000000002], [76.98481000000001, 29.497110000000003], [76.98976, 29.500040000000002], [76.99130000000001, 29.493800000000004], [76.99115, 29.486290000000004], [76.98839000000001, 29.47631]]]}}, {"id": "40", "type": "Feature", "properties": {"village_name": "Alipur Khalsa", "vil_lgd": 59415, "district_name": "Karnal", "dist_lgd": 67, "subdistrict_name": "Gharaunda", "sdcode": 374, "block_name": "Gharaunda", "block_lgd": 33.0, "gp_name": "ALIPUR KHALSA (36)", "state_name": "HARYANA", "state_lgd": 6, "population": 3330, "households": 597}, "geometry": {"type": "Polygon", "coordinates": [[[76.98481000000001, 29.497110000000003], [76.97474000000001, 29.478820000000002], [76.97420000000001, 29.477940000000004], [76.97265, 29.477890000000002], [76.97122, 29.480470000000004], [76.96599, 29.483570000000004], [76.96417000000001, 29.483800000000002], [76.96695000000001, 29.492300000000004], [76.97031000000001, 29.497650000000004], [76.97939000000001, 29.496550000000003], [76.98481000000001, 29.497110000000003]]]}}, {"id": "41", "type": "Feature", "properties": {"village_name": "Risalwa", "vil_lgd": 59342, "district_name": "Karnal", "dist_lgd": 67, "subdistrict_name": "Assandh", "sdcode": 373, "block_name": "Assandh", "block_lgd": 32.0, "gp_name": "RISALWA (96)", "state_name": "HARYANA", "state_lgd": 6, "population": 929, "households": 172}, "geometry": {"type": "Polygon", "coordinates": [[[76.71498000000001, 29.477770000000003], [76.70943000000001, 29.47443], [76.68783, 29.476900000000004], [76.68513, 29.478640000000002], [76.69461000000001, 29.48796], [76.69547, 29.489890000000003], [76.70113, 29.49209], [76.70768000000001, 29.49097], [76.70898000000001, 29.49012], [76.71536, 29.479760000000002], [76.71498000000001, 29.477770000000003]]]}}, {"id": "42", "type": "Feature", "properties": {"village_name": "Garhi Gujran", "vil_lgd": 59166, "district_name": "Karnal", "dist_lgd": 67, "subdistrict_name": "Indri", "sdcode": 371, "block_name": "Indri", "block_lgd": 29.0, "gp_name": "GARHI GUJRAN(54)", "state_name": "HARYANA", "state_lgd": 6, "population": 1724, "households": 315}, "geometry": {"type": "Polygon", "coordinates": [[[77.01786000000001, 29.825360000000003], [77.00932, 29.832240000000002], [77.00346, 29.835610000000003], [77.00508, 29.840100000000003], [77.00688000000001, 29.84513], [77.01344, 29.840190000000003], [77.02512, 29.83359], [77.02189000000001, 29.831270000000004], [77.01786000000001, 29.825360000000003]]]}}, {"id": "43", "type": "Feature", "properties": {"village_name": "Kartarpur", "vil_lgd": 59119, "district_name": "Karnal", "dist_lgd": 67, "subdistrict_name": "Indri", "sdcode": 371, "block_name": "Indri", "block_lgd": 29.0, "gp_name": "KARTARPUR (35)", "state_name": "HARYANA", "state_lgd": 6, "population": 296, "households": 45}, "geometry": {"type": "Polygon", "coordinates": [[[77.13835, 29.884240000000002], [77.13271, 29.88575], [77.12676, 29.88971], [77.13195, 29.8957], [77.13944000000001, 29.888530000000003], [77.14443, 29.8837], [77.13835, 29.884240000000002]]]}}, {"id": "44", "type": "Feature", "properties": {"village_name": "Mundi Garhi", "vil_lgd": 59406, "district_name": "Karnal", "dist_lgd": 67, "subdistrict_name": "Gharaunda", "sdcode": 374, "block_name": "Gharaunda", "block_lgd": 33.0, "gp_name": "MUNDI GARHI (52)", "state_name": "HARYANA", "state_lgd": 6, "population": 2819, "households": 421}, "geometry": {"type": "Polygon", "coordinates": [[[77.09431000000001, 29.547240000000002], [77.09604, 29.529320000000002], [77.09465, 29.526460000000004], [77.08697000000001, 29.5237], [77.08274, 29.520410000000002], [77.07341000000001, 29.509840000000004], [77.05818000000001, 29.48156], [77.05333, 29.48505], [77.05064, 29.488740000000004], [77.04931, 29.493050000000004], [77.04999000000001, 29.496930000000003], [77.05416000000001, 29.506610000000002], [77.05584, 29.51715], [77.05626000000001, 29.523780000000002], [77.05364, 29.535120000000003], [77.05084000000001, 29.546210000000002], [77.05551000000001, 29.54697], [77.06835000000001, 29.544190000000004], [77.09431000000001, 29.547240000000002]]]}}, {"id": "45", "type": "Feature", "properties": {"village_name": "Barsat", "vil_lgd": 59410, "district_name": "Karnal", "dist_lgd": 67, "subdistrict_name": "Gharaunda", "sdcode": 374, "block_name": "Gharaunda", "block_lgd": 33.0, "gp_name": "BARSAT (42)", "state_name": "HARYANA", "state_lgd": 6, "population": 10815, "households": 2057}, "geometry": {"type": "Polygon", "coordinates": [[[77.04792, 29.517220000000002], [77.05584, 29.51715], [77.05416000000001, 29.506610000000002], [77.04999000000001, 29.496930000000003], [77.04931, 29.493050000000004], [77.05064, 29.488740000000004], [77.05333, 29.48505], [77.05818000000001, 29.48156], [77.05353000000001, 29.473720000000004], [77.05247, 29.473830000000003], [77.03628, 29.485270000000003], [77.02522, 29.487640000000003], [77.01551, 29.49312], [77.00558000000001, 29.500030000000002], [77.01054, 29.512420000000002], [77.01180000000001, 29.521690000000003], [77.01371, 29.52175], [77.02304000000001, 29.52851], [77.03029000000001, 29.525650000000002], [77.04118000000001, 29.519650000000002], [77.04792, 29.517220000000002]]]}}, {"id": "46", "type": "Feature", "properties": {"village_name": "Kalri", "vil_lgd": 59408, "district_name": "Karnal", "dist_lgd": 67, "subdistrict_name": "Gharaunda", "sdcode": 374, "block_name": "Gharaunda", "block_lgd": 33.0, "gp_name": "KALRI (53)", "state_name": "HARYANA", "state_lgd": 6, "population": 0, "households": 0}, "geometry": {"type": "Polygon", "coordinates": [[[77.09701000000001, 29.518390000000004], [77.10123, 29.514940000000003], [77.09191000000001, 29.515240000000002], [77.09033000000001, 29.516980000000004], [77.09465, 29.526460000000004], [77.09753, 29.52737], [77.09623, 29.522380000000002], [77.09701000000001, 29.518390000000004]]]}}, {"id": "47", "type": "Feature", "properties": {"village_name": "Kalheri", "vil_lgd": 59412, "district_name": "Karnal", "dist_lgd": 67, "subdistrict_name": "Gharaunda", "sdcode": 374, "block_name": "Gharaunda", "block_lgd": 33.0, "gp_name": "KALHERI (41)", "state_name": "HARYANA", "state_lgd": 6, "population": 2634, "households": 492}, "geometry": {"type": "Polygon", "coordinates": [[[77.01180000000001, 29.521690000000003], [77.01054, 29.512420000000002], [77.00558000000001, 29.500030000000002], [77.00039000000001, 29.501250000000002], [76.99464, 29.501360000000002], [76.99515000000001, 29.50532], [76.99385000000001, 29.519370000000002], [76.99683, 29.524050000000003], [77.00317000000001, 29.5253], [77.00737000000001, 29.52408], [77.01180000000001, 29.521690000000003]]]}}, {"id": "48", "type": "Feature", "properties": {"village_name": "Balhera", "vil_lgd": 59409, "district_name": "Karnal", "dist_lgd": 67, "subdistrict_name": "Gharaunda", "sdcode": 374, "block_name": "Gharaunda", "block_lgd": 33.0, "gp_name": "BALHERA (54)", "state_name": "HARYANA", "state_lgd": 6, "population": 2562, "households": 432}, "geometry": {"type": "Polygon", "coordinates": [[[77.10123, 29.514940000000003], [77.10356, 29.50729], [77.10669, 29.50635], [77.11179000000001, 29.507050000000003], [77.11470000000001, 29.504890000000003], [77.10423, 29.500090000000004], [77.09323, 29.498340000000002], [77.08289, 29.494190000000003], [77.06061000000001, 29.476750000000003], [77.05653000000001, 29.474330000000002], [77.05353000000001, 29.473720000000004], [77.05818000000001, 29.48156], [77.07341000000001, 29.509840000000004], [77.08274, 29.520410000000002], [77.08697000000001, 29.5237], [77.09465, 29.526460000000004], [77.09033000000001, 29.516980000000004], [77.09191000000001, 29.515240000000002], [77.10123, 29.514940000000003]]]}}, {"id": "49", "type": "Feature", "properties": {"village_name": "Pundri", "vil_lgd": 59417, "district_name": "Karnal", "dist_lgd": 67, "subdistrict_name": "Gharaunda", "sdcode": 374, "block_name": "Gharaunda", "block_lgd": 33.0, "gp_name": "PUNDRI (40)", "state_name": "HARYANA", "state_lgd": 6, "population": 5089, "households": 937}, "geometry": {"type": "Polygon", "coordinates": [[[77.00039000000001, 29.501250000000002], [77.00558000000001, 29.500030000000002], [77.01551, 29.49312], [77.0112, 29.488120000000002], [77.00575, 29.479170000000003], [77.0001, 29.466730000000002], [76.99101, 29.473460000000003], [76.98740000000001, 29.475220000000004], [76.98839000000001, 29.47631], [76.99115, 29.486290000000004], [76.99130000000001, 29.493800000000004], [76.98976, 29.500040000000002], [76.99464, 29.501360000000002], [77.00039000000001, 29.501250000000002]]]}}, {"id": "50", "type": "Feature", "properties": {"village_name": "Garhi Bharal", "vil_lgd": 59419, "district_name": "Karnal", "dist_lgd": 67, "subdistrict_name": "Gharaunda", "sdcode": 374, "block_name": "Gharaunda", "block_lgd": 33.0, "gp_name": "GARHI BHALAL(43)", "state_name": "HARYANA", "state_lgd": 6, "population": 4233, "households": 723}, "geometry": {"type": "Polygon", "coordinates": [[[77.12464, 29.49378], [77.12604, 29.491640000000004], [77.12924000000001, 29.4903], [77.13197000000001, 29.485020000000002], [77.11772, 29.470080000000003], [77.10939, 29.465680000000003], [77.09758000000001, 29.463860000000004], [77.08722, 29.458080000000002], [77.07996, 29.460310000000003], [77.07989, 29.463980000000003], [77.07809, 29.468680000000003], [77.07662, 29.470630000000003], [77.07346000000001, 29.47248], [77.06906000000001, 29.47257], [77.06455000000001, 29.47115], [77.06395, 29.4703], [77.05749, 29.469210000000004], [77.05531, 29.467260000000003], [77.0498, 29.46853], [77.05353000000001, 29.473720000000004], [77.05653000000001, 29.474330000000002], [77.06061000000001, 29.476750000000003], [77.08289, 29.494190000000003], [77.09323, 29.498340000000002], [77.10423, 29.500090000000004], [77.11470000000001, 29.504890000000003], [77.11972, 29.498990000000003], [77.12118000000001, 29.498240000000003], [77.12039, 29.497210000000003], [77.12076, 29.496170000000003], [77.12464, 29.49378]]]}}, {"id": "51", "type": "Feature", "properties": {"village_name": "Faridpur", "vil_lgd": 59418, "district_name": "Karnal", "dist_lgd": 67, "subdistrict_name": "Gharaunda", "sdcode": 374, "block_name": "Gharaunda", "block_lgd": 33.0, "gp_name": "FARIDPUR (39)", "state_name": "HARYANA", "state_lgd": 6, "population": 4916, "households": 974}, "geometry": {"type": "Polygon", "coordinates": [[[77.0498, 29.46853], [77.04560000000001, 29.469350000000002], [77.04205, 29.468310000000002], [77.03467, 29.46918], [77.02418, 29.468290000000003], [77.02176, 29.4688], [77.02038, 29.466110000000004], [77.01750000000001, 29.463870000000004], [77.01273, 29.46431], [77.00462, 29.46685], [77.0001, 29.466730000000002], [77.00575, 29.479170000000003], [77.0112, 29.488120000000002], [77.01551, 29.49312], [77.02522, 29.487640000000003], [77.03628, 29.485270000000003], [77.05247, 29.473830000000003], [77.05353000000001, 29.473720000000004], [77.0498, 29.46853]]]}}, {"id": "52", "type": "Feature", "properties": {"village_name": "Ichhanpur", "vil_lgd": 59311, "district_name": "Karnal", "dist_lgd": 67, "subdistrict_name": "Assandh", "sdcode": 373, "block_name": "Assandh", "block_lgd": 32.0, "gp_name": "ICHHANPUR (40)", "state_name": "HARYANA", "state_lgd": 6, "population": 982, "households": 200}, "geometry": {"type": "Polygon", "coordinates": [[[76.69249, 29.670350000000003], [76.70115000000001, 29.667070000000002], [76.70321000000001, 29.667740000000002], [76.70352000000001, 29.669200000000004], [76.71098, 29.66308], [76.71090000000001, 29.66071], [76.70565, 29.655530000000002], [76.69924, 29.651950000000003], [76.69571, 29.651090000000003], [76.69509000000001, 29.650090000000002], [76.69575, 29.646790000000003], [76.69407000000001, 29.639260000000004], [76.68922, 29.635990000000003], [76.68807000000001, 29.641880000000004], [76.68762000000001, 29.65828], [76.68459, 29.662280000000003], [76.68394, 29.66571], [76.68439000000001, 29.667810000000003], [76.6773, 29.672900000000002], [76.67715000000001, 29.674100000000003], [76.68075, 29.67452], [76.68342000000001, 29.677630000000004], [76.68457000000001, 29.67573], [76.68677000000001, 29.674450000000004], [76.69249, 29.670350000000003]]]}}, {"id": "53", "type": "Feature", "properties": {"village_name": "Ruksana", "vil_lgd": 59312, "district_name": "Karnal", "dist_lgd": 67, "subdistrict_name": "Assandh", "sdcode": 373, "block_name": "Assandh", "block_lgd": 32.0, "gp_name": "RUKSANA (41)", "state_name": "HARYANA", "state_lgd": 6, "population": 1322, "households": 248}, "geometry": {"type": "Polygon", "coordinates": [[[76.68439000000001, 29.667810000000003], [76.68394, 29.66571], [76.68459, 29.662280000000003], [76.68762000000001, 29.65828], [76.68807000000001, 29.641880000000004], [76.68922, 29.635990000000003], [76.67708, 29.62702], [76.67099, 29.63717], [76.66692, 29.63924], [76.66609000000001, 29.652110000000004], [76.66382, 29.652050000000003], [76.65804, 29.64778], [76.64266, 29.65499], [76.64247, 29.65856], [76.64422, 29.662480000000002], [76.64973, 29.666300000000003], [76.65288000000001, 29.670160000000003], [76.65624000000001, 29.67134], [76.65876, 29.670090000000002], [76.66614000000001, 29.67085], [76.67271000000001, 29.669980000000002], [76.67715000000001, 29.674100000000003], [76.6773, 29.672900000000002], [76.68439000000001, 29.667810000000003]]]}}, {"id": "54", "type": "Feature", "properties": {"village_name": "Chochran", "vil_lgd": 59313, "district_name": "Karnal", "dist_lgd": 67, "subdistrict_name": "Assandh", "sdcode": 373, "block_name": "Assandh", "block_lgd": 32.0, "gp_name": "CHOCHRAN (42)", "state_name": "HARYANA", "state_lgd": 6, "population": 7502, "households": 1359}, "geometry": {"type": "Polygon", "coordinates": [[[76.67658, 29.624670000000002], [76.66560000000001, 29.61794], [76.65956000000001, 29.613850000000003], [76.64926000000001, 29.610010000000003], [76.64564, 29.609790000000004], [76.64197, 29.614520000000002], [76.64093000000001, 29.6184], [76.64416, 29.624640000000003], [76.64529, 29.629440000000002], [76.63469, 29.6397], [76.63212, 29.640430000000002], [76.63252, 29.646530000000002], [76.63817, 29.649040000000003], [76.63996, 29.652970000000003], [76.64266, 29.65499], [76.65804, 29.64778], [76.66382, 29.652050000000003], [76.66609000000001, 29.652110000000004], [76.66692, 29.63924], [76.67099, 29.63717], [76.67708, 29.62702], [76.67658, 29.624670000000002]]]}}, {"id": "55", "type": "Feature", "properties": {"village_name": "Karsa Chaur", "vil_lgd": 59314, "district_name": "Karnal", "dist_lgd": 67, "subdistrict_name": "Assandh", "sdcode": 373, "block_name": "Assandh", "block_lgd": 32.0, "gp_name": "KARSA CHAUR (63)", "state_name": "HARYANA", "state_lgd": 6, "population": 4624, "households": 859}, "geometry": {"type": "Polygon", "coordinates": [[[76.70034000000001, 29.61324], [76.69378, 29.617960000000004], [76.69139000000001, 29.619540000000004], [76.68864, 29.621360000000003], [76.67658, 29.624670000000002], [76.67708, 29.62702], [76.68922, 29.635990000000003], [76.69407000000001, 29.639260000000004], [76.69575, 29.646790000000003], [76.70133000000001, 29.646220000000003], [76.70303000000001, 29.64506], [76.70710000000001, 29.632130000000004], [76.70753, 29.627660000000002], [76.70611000000001, 29.624140000000004], [76.7, 29.615250000000003], [76.70012000000001, 29.61371], [76.70034000000001, 29.61324]]]}}, {"id": "56", "type": "Feature", "properties": {"village_name": "Rahra", "vil_lgd": 59319, "district_name": "Karnal", "dist_lgd": 67, "subdistrict_name": "Assandh", "sdcode": 373, "block_name": "Assandh", "block_lgd": 32.0, "gp_name": "RAHRA (73)", "state_name": "HARYANA", "state_lgd": 6, "population": 9628, "households": 1668}, "geometry": {"type": "Polygon", "coordinates": [[[76.63101, 29.63923], [76.63052, 29.630520000000004], [76.62636, 29.621560000000002], [76.62622, 29.61295], [76.62719000000001, 29.606370000000002], [76.62668000000001, 29.604950000000002], [76.62507000000001, 29.602050000000002], [76.6145, 29.5894], [76.60693, 29.584120000000002], [76.59922, 29.584470000000003], [76.57948, 29.59579], [76.5771, 29.600830000000002], [76.57546, 29.602980000000002], [76.57407, 29.603510000000004], [76.5707, 29.603720000000003], [76.56054, 29.601470000000003], [76.54223, 29.599130000000002], [76.53903000000001, 29.60075], [76.53710000000001, 29.60459], [76.52671000000001, 29.610070000000004], [76.52191, 29.61475], [76.52841000000001, 29.615430000000003], [76.53817000000001, 29.613350000000004], [76.53993000000001, 29.61361], [76.54140000000001, 29.61446], [76.54622, 29.620730000000002], [76.55003, 29.622750000000003], [76.55381000000001, 29.62308], [76.55730000000001, 29.625420000000002], [76.55792000000001, 29.627910000000004], [76.56356000000001, 29.630010000000002], [76.57738, 29.625670000000003], [76.57909000000001, 29.6259], [76.5805, 29.627540000000003], [76.58374, 29.62862], [76.58938, 29.627090000000003], [76.59745000000001, 29.626860000000004], [76.6033, 29.627910000000004], [76.60572, 29.63191], [76.61054, 29.633850000000002], [76.61301, 29.634010000000004], [76.61571, 29.636000000000003], [76.61617000000001, 29.643140000000002], [76.61736, 29.644050000000004], [76.62155000000001, 29.64326], [76.63252, 29.646530000000002], [76.63212, 29.640430000000002], [76.63101, 29.63923]]]}}, {"id": "57", "type": "Feature", "properties": {"village_name": "Lalain Panghala", "vil_lgd": 59318, "district_name": "Karnal", "dist_lgd": 67, "subdistrict_name": "Assandh", "sdcode": 373, "block_name": "Assandh", "block_lgd": 32.0, "gp_name": "LALAIN PANGHALA (75)", "state_name": "HARYANA", "state_lgd": 6, "population": 3214, "households": 667}, "geometry": {"type": "Polygon", "coordinates": [[[76.63685000000001, 29.605900000000002], [76.62971, 29.60105], [76.61381, 29.583330000000004], [76.61243, 29.581640000000004], [76.60683, 29.581300000000002], [76.60693, 29.584120000000002], [76.6145, 29.5894], [76.62507000000001, 29.602050000000002], [76.62668000000001, 29.604950000000002], [76.62719000000001, 29.606370000000002], [76.62622, 29.61295], [76.62636, 29.621560000000002], [76.63052, 29.630520000000004], [76.63101, 29.63923], [76.63212, 29.640430000000002], [76.63469, 29.6397], [76.64529, 29.629440000000002], [76.64416, 29.624640000000003], [76.64093000000001, 29.6184], [76.64197, 29.614520000000002], [76.64564, 29.609790000000004], [76.63685000000001, 29.605900000000002]]]}}, {"id": "58", "type": "Feature", "properties": {"village_name": "Sheikhupura Manchuri", "vil_lgd": 59334, "district_name": "Karnal", "dist_lgd": 67, "subdistrict_name": "Assandh", "sdcode": 373, "block_name": "Assandh", "block_lgd": 32.0, "gp_name": "SHEIKHUPURA MANCHURI (66)", "state_name": "HARYANA", "state_lgd": 6, "population": 4116, "households": 837}, "geometry": {"type": "Polygon", "coordinates": [[[76.78670000000001, 29.610770000000002], [76.78373, 29.60638], [76.78408, 29.597120000000004], [76.77169, 29.59278], [76.76737, 29.590200000000003], [76.75999, 29.583170000000003], [76.74669, 29.586710000000004], [76.74713000000001, 29.589370000000002], [76.74988, 29.598840000000003], [76.75674000000001, 29.61164], [76.76333000000001, 29.620680000000004], [76.76721, 29.62336], [76.77211000000001, 29.62872], [76.77719, 29.62761], [76.78082, 29.630250000000004], [76.7843, 29.635320000000004], [76.78769000000001, 29.626970000000004], [76.78818000000001, 29.622230000000002], [76.78974000000001, 29.619770000000003], [76.78670000000001, 29.610770000000002]]]}}, {"id": "59", "type": "Feature", "properties": {"village_name": "Uplani", "vil_lgd": 59315, "district_name": "Karnal", "dist_lgd": 67, "subdistrict_name": "Assandh", "sdcode": 373, "block_name": "Assandh", "block_lgd": 32.0, "gp_name": "UPLANI (77)", "state_name": "HARYANA", "state_lgd": 6, "population": 1711, "households": 331}, "geometry": {"type": "Polygon", "coordinates": [[[76.67349, 29.61512], [76.66831, 29.61755], [76.66560000000001, 29.61794], [76.67658, 29.624670000000002], [76.68864, 29.621360000000003], [76.69139000000001, 29.619540000000004], [76.68856000000001, 29.617610000000003], [76.68004, 29.615350000000003], [76.67349, 29.61512]]]}}, {"id": "60", "type": "Feature", "properties": {"village_name": "Daha", "vil_lgd": 59237, "district_name": "Karnal", "dist_lgd": 67, "subdistrict_name": "Karnal", "sdcode": 372, "block_name": "Karnal", "block_lgd": 30.0, "gp_name": "DAHA (3)", "state_name": "HARYANA", "state_lgd": 6, "population": 5684, "households": 1114}, "geometry": {"type": "Polygon", "coordinates": [[[76.96752000000001, 29.63416], [76.96674, 29.63183], [76.96071, 29.62487], [76.95705000000001, 29.621190000000002], [76.94697000000001, 29.631180000000004], [76.94973, 29.63333], [76.95545000000001, 29.641700000000004], [76.96513, 29.661870000000004], [76.96905000000001, 29.660200000000003], [76.96752000000001, 29.63416]]]}}, {"id": "61", "type": "Feature", "properties": {"village_name": "Uplana", "vil_lgd": 59316, "district_name": "Karnal", "dist_lgd": 67, "subdistrict_name": "Assandh", "sdcode": 373, "block_name": "Assandh", "block_lgd": 32.0, "gp_name": "UPLANA (78)", "state_name": "HARYANA", "state_lgd": 6, "population": 5427, "households": 1011}, "geometry": {"type": "Polygon", "coordinates": [[[76.70034000000001, 29.61324], [76.70277, 29.608290000000004], [76.70614, 29.60837], [76.70676, 29.604170000000003], [76.70541, 29.598650000000003], [76.70280000000001, 29.59118], [76.70013, 29.590180000000004], [76.69424000000001, 29.587170000000004], [76.68161, 29.576130000000003], [76.67676, 29.57072], [76.67408, 29.57043], [76.67004, 29.57109], [76.66596000000001, 29.572470000000003], [76.6615, 29.575470000000003], [76.65912, 29.577070000000003], [76.65455, 29.58218], [76.65325, 29.585120000000003], [76.65360000000001, 29.60207], [76.65313, 29.60337], [76.64564, 29.609790000000004], [76.64926000000001, 29.610010000000003], [76.65956000000001, 29.613850000000003], [76.66560000000001, 29.61794], [76.66831, 29.61755], [76.67349, 29.61512], [76.68004, 29.615350000000003], [76.68856000000001, 29.617610000000003], [76.69139000000001, 29.619540000000004], [76.69378, 29.617960000000004], [76.70034000000001, 29.61324]]]}}, {"id": "62", "type": "Feature", "properties": {"village_name": "Alawla", "vil_lgd": 59331, "district_name": "Karnal", "dist_lgd": 67, "subdistrict_name": "Assandh", "sdcode": 373, "block_name": "Assandh", "block_lgd": 32.0, "gp_name": "ALAWLA (65)", "state_name": "HARYANA", "state_lgd": 6, "population": 2481, "households": 428}, "geometry": {"type": "Polygon", "coordinates": [[[76.74669, 29.586710000000004], [76.73612, 29.58913], [76.73785000000001, 29.592450000000003], [76.74074, 29.605940000000004], [76.74137, 29.61483], [76.76333000000001, 29.620680000000004], [76.75674000000001, 29.61164], [76.74988, 29.598840000000003], [76.74713000000001, 29.589370000000002], [76.74669, 29.586710000000004]]]}}, {"id": "63", "type": "Feature", "properties": {"village_name": "Jalmana", "vil_lgd": 59330, "district_name": "Karnal", "dist_lgd": 67, "subdistrict_name": "Assandh", "sdcode": 373, "block_name": "Assandh", "block_lgd": 32.0, "gp_name": "JALMANA (64)", "state_name": "HARYANA", "state_lgd": 6, "population": 5864, "households": 1195}, "geometry": {"type": "Polygon", "coordinates": [[[76.72631000000001, 29.57748], [76.71901000000001, 29.57062], [76.70536000000001, 29.58039], [76.70013, 29.590180000000004], [76.70280000000001, 29.59118], [76.70541, 29.598650000000003], [76.70676, 29.604170000000003], [76.70614, 29.60837], [76.74137, 29.61483], [76.74074, 29.605940000000004], [76.73785000000001, 29.592450000000003], [76.73612, 29.58913], [76.72631000000001, 29.57748]]]}}, {"id": "64", "type": "Feature", "properties": {"village_name": "Rattak", "vil_lgd": 59317, "district_name": "Karnal", "dist_lgd": 67, "subdistrict_name": "Assandh", "sdcode": 373, "block_name": "Assandh", "block_lgd": 32.0, "gp_name": "RATTAK (76)", "state_name": "HARYANA", "state_lgd": 6, "population": 2962, "households": 551}, "geometry": {"type": "Polygon", "coordinates": [[[76.63982, 29.57325], [76.6229, 29.573130000000003], [76.62100000000001, 29.575490000000002], [76.61766, 29.580280000000002], [76.61381, 29.583330000000004], [76.62971, 29.60105], [76.63685000000001, 29.605900000000002], [76.64564, 29.609790000000004], [76.65313, 29.60337], [76.65360000000001, 29.60207], [76.65325, 29.585120000000003], [76.65455, 29.58218], [76.63982, 29.57325]]]}}, {"id": "65", "type": "Feature", "properties": {"village_name": "Balona", "vil_lgd": 59320, "district_name": "Karnal", "dist_lgd": 67, "subdistrict_name": "Assandh", "sdcode": 373, "block_name": "Assandh", "block_lgd": 32.0, "gp_name": "BALONA (72)", "state_name": "HARYANA", "state_lgd": 6, "population": 3336, "households": 620}, "geometry": {"type": "Polygon", "coordinates": [[[76.60693, 29.584120000000002], [76.60683, 29.581300000000002], [76.60003, 29.57775], [76.56546, 29.579760000000004], [76.55808, 29.586980000000004], [76.54941000000001, 29.58958], [76.54988, 29.5908], [76.54714000000001, 29.592730000000003], [76.54650000000001, 29.596080000000004], [76.54253, 29.59767], [76.54223, 29.599130000000002], [76.56054, 29.601470000000003], [76.5707, 29.603720000000003], [76.57407, 29.603510000000004], [76.57546, 29.602980000000002], [76.5771, 29.600830000000002], [76.57948, 29.59579], [76.59922, 29.584470000000003], [76.60693, 29.584120000000002]]]}}, {"id": "66", "type": "Feature", "properties": {"village_name": "Padha", "vil_lgd": 59335, "district_name": "Karnal", "dist_lgd": 67, "subdistrict_name": "Assandh", "sdcode": 373, "block_name": "Assandh", "block_lgd": 32.0, "gp_name": "PADHA (68)", "state_name": "HARYANA", "state_lgd": 6, "population": 5561, "households": 1083}, "geometry": {"type": "Polygon", "coordinates": [[[76.79417000000001, 29.58141], [76.78983000000001, 29.57757], [76.78188, 29.562140000000003], [76.77551000000001, 29.55412], [76.76567, 29.563450000000003], [76.76410000000001, 29.566660000000002], [76.76159000000001, 29.581860000000002], [76.75999, 29.583170000000003], [76.76737, 29.590200000000003], [76.77169, 29.59278], [76.78408, 29.597120000000004], [76.79996000000001, 29.60133], [76.80676000000001, 29.603820000000002], [76.80940000000001, 29.598630000000004], [76.80943, 29.596600000000002], [76.81234, 29.592440000000003], [76.79417000000001, 29.58141]]]}}, {"id": "67", "type": "Feature", "properties": {"village_name": "Thari", "vil_lgd": 59329, "district_name": "Karnal", "dist_lgd": 67, "subdistrict_name": "Assandh", "sdcode": 373, "block_name": "Assandh", "block_lgd": 32.0, "gp_name": "THARI (79)", "state_name": "HARYANA", "state_lgd": 6, "population": 2393, "households": 450}, "geometry": {"type": "Polygon", "coordinates": [[[76.70205, 29.559070000000002], [76.69849, 29.55514], [76.694, 29.547580000000004], [76.69019, 29.551190000000002], [76.68652, 29.551370000000002], [76.67676, 29.57072], [76.68161, 29.576130000000003], [76.69424000000001, 29.587170000000004], [76.70013, 29.590180000000004], [76.70536000000001, 29.58039], [76.71901000000001, 29.57062], [76.70205, 29.559070000000002]]]}}, {"id": "68", "type": "Feature", "properties": {"village_name": "Tharwa Majra", "vil_lgd": 59332, "district_name": "Karnal", "dist_lgd": 67, "subdistrict_name": "Assandh", "sdcode": 373, "block_name": "Assandh", "block_lgd": 32.0, "gp_name": "THARWA MAJRA (67)", "state_name": "HARYANA", "state_lgd": 6, "population": 1248, "households": 259}, "geometry": {"type": "Polygon", "coordinates": [[[76.75999, 29.583170000000003], [76.75285000000001, 29.578360000000004], [76.72878, 29.567770000000003], [76.72116000000001, 29.568540000000002], [76.71901000000001, 29.57062], [76.72631000000001, 29.57748], [76.73612, 29.58913], [76.74669, 29.586710000000004], [76.75999, 29.583170000000003]]]}}, {"id": "69", "type": "Feature", "properties": {"village_name": "Bhambar Heri", "vil_lgd": 59336, "district_name": "Karnal", "dist_lgd": 67, "subdistrict_name": "Assandh", "sdcode": 373, "block_name": "Assandh", "block_lgd": 32.0, "gp_name": "BHAMBAR HERI (69)", "state_name": "HARYANA", "state_lgd": 6, "population": 2098, "households": 382}, "geometry": {"type": "Polygon", "coordinates": [[[76.80344000000001, 29.56799], [76.79546, 29.56293], [76.79521000000001, 29.56115], [76.78913, 29.562140000000003], [76.78188, 29.562140000000003], [76.78983000000001, 29.57757], [76.79417000000001, 29.58141], [76.81234, 29.592440000000003], [76.81345, 29.590270000000004], [76.81679000000001, 29.587590000000002], [76.82028000000001, 29.586070000000003], [76.80344000000001, 29.56799]]]}}, {"id": "70", "type": "Feature", "properties": {"village_name": "Bassi", "vil_lgd": 59321, "district_name": "Karnal", "dist_lgd": 67, "subdistrict_name": "Assandh", "sdcode": 373, "block_name": "Assandh", "block_lgd": 32.0, "gp_name": "BASSI (70)", "state_name": "HARYANA", "state_lgd": 6, "population": 1137, "households": 199}, "geometry": {"type": "Polygon", "coordinates": [[[76.55821, 29.569150000000004], [76.55347, 29.570690000000003], [76.549, 29.574710000000003], [76.54618, 29.57673], [76.54583000000001, 29.57833], [76.54723000000001, 29.580560000000002], [76.54802000000001, 29.586830000000003], [76.54941000000001, 29.58958], [76.55808, 29.586980000000004], [76.56546, 29.579760000000004], [76.55821, 29.569150000000004]]]}}, {"id": "71", "type": "Feature", "properties": {"village_name": "Khizarabad", "vil_lgd": 59325, "district_name": "Karnal", "dist_lgd": 67, "subdistrict_name": "Assandh", "sdcode": 373, "block_name": "Assandh", "block_lgd": 32.0, "gp_name": "KHIZARABAD (85)", "state_name": "HARYANA", "state_lgd": 6, "population": 928, "households": 194}, "geometry": {"type": "Polygon", "coordinates": [[[76.6229, 29.573130000000003], [76.61107000000001, 29.573570000000004], [76.60144000000001, 29.56444], [76.59862000000001, 29.562990000000003], [76.59385, 29.563010000000002], [76.57788000000001, 29.56668], [76.57816000000001, 29.56697], [76.60003, 29.57775], [76.60683, 29.581300000000002], [76.61243, 29.581640000000004], [76.61381, 29.583330000000004], [76.61766, 29.580280000000002], [76.62100000000001, 29.575490000000002], [76.6229, 29.573130000000003]]]}}, {"id": "72", "type": "Feature", "properties": {"village_name": "Khanda Kheri", "vil_lgd": 59326, "district_name": "Karnal", "dist_lgd": 67, "subdistrict_name": "Assandh", "sdcode": 373, "block_name": "Assandh", "block_lgd": 32.0, "gp_name": "KHANDA KHERI (83)", "state_name": "HARYANA", "state_lgd": 6, "population": 1759, "households": 333}, "geometry": {"type": "Polygon", "coordinates": [[[76.65285, 29.5651], [76.64458, 29.558950000000003], [76.64299000000001, 29.552880000000002], [76.63625, 29.549260000000004], [76.63389000000001, 29.54737], [76.63247000000001, 29.547250000000002], [76.63094000000001, 29.548690000000004], [76.63174000000001, 29.560840000000002], [76.63084, 29.56389], [76.6229, 29.573130000000003], [76.63982, 29.57325], [76.65455, 29.58218], [76.65912, 29.577070000000003], [76.6615, 29.575470000000003], [76.66058000000001, 29.574150000000003], [76.65285, 29.5651]]]}}, {"id": "73", "type": "Feature", "properties": {"village_name": "Kurlan", "vil_lgd": 59337, "district_name": "Karnal", "dist_lgd": 67, "subdistrict_name": "Assandh", "sdcode": 373, "block_name": "Assandh", "block_lgd": 32.0, "gp_name": "KURLAN (73)", "state_name": "HARYANA", "state_lgd": 6, "population": 4072, "households": 779}, "geometry": {"type": "Polygon", "coordinates": [[[76.77376000000001, 29.54904], [76.77239, 29.537490000000002], [76.75746000000001, 29.53667], [76.73910000000001, 29.53742], [76.73538, 29.545060000000003], [76.7335, 29.546590000000002], [76.73093, 29.550610000000002], [76.72847, 29.564570000000003], [76.72878, 29.567770000000003], [76.75285000000001, 29.578360000000004], [76.75999, 29.583170000000003], [76.76159000000001, 29.581860000000002], [76.76410000000001, 29.566660000000002], [76.76567, 29.563450000000003], [76.77551000000001, 29.55412], [76.77376000000001, 29.54904]]]}}, {"id": "74", "type": "Feature", "properties": {"village_name": "Bir Bassi", "vil_lgd": 59324, "district_name": "Karnal", "dist_lgd": 67, "subdistrict_name": "Assandh", "sdcode": 373, "block_name": "Assandh", "block_lgd": 32.0, "gp_name": "BIR BASSI (70/1)", "state_name": "HARYANA", "state_lgd": 6, "population": 583, "households": 109}, "geometry": {"type": "Polygon", "coordinates": [[[76.57788000000001, 29.56668], [76.56630000000001, 29.56736], [76.55821, 29.569150000000004], [76.56546, 29.579760000000004], [76.60003, 29.57775], [76.57816000000001, 29.56697], [76.57788000000001, 29.56668]]]}}, {"id": "75", "type": "Feature", "properties": {"village_name": "Jai Singhpura", "vil_lgd": 59327, "district_name": "Karnal", "dist_lgd": 67, "subdistrict_name": "Assandh", "sdcode": 373, "block_name": "Assandh", "block_lgd": 32.0, "gp_name": "JAI SINGHPURA (82)", "state_name": "HARYANA", "state_lgd": 6, "population": 5112, "households": 998}, "geometry": {"type": "Polygon", "coordinates": [[[76.66260000000001, 29.55974], [76.66064, 29.553700000000003], [76.66625, 29.547300000000003], [76.66947, 29.5423], [76.66511000000001, 29.53179], [76.66253, 29.53], [76.6585, 29.529870000000003], [76.65528, 29.533310000000004], [76.64309, 29.537560000000003], [76.63966, 29.541120000000003], [76.63625, 29.549260000000004], [76.64299000000001, 29.552880000000002], [76.64458, 29.558950000000003], [76.65285, 29.5651], [76.66058000000001, 29.574150000000003], [76.6615, 29.575470000000003], [76.66596000000001, 29.572470000000003], [76.67004, 29.57109], [76.66260000000001, 29.55974]]]}}, {"id": "76", "type": "Feature", "properties": {"village_name": "Kheri Sharafali", "vil_lgd": 59322, "district_name": "Karnal", "dist_lgd": 67, "subdistrict_name": "Assandh", "sdcode": 373, "block_name": "Assandh", "block_lgd": 32.0, "gp_name": "KHERI SHARAFALI (69)", "state_name": "HARYANA", "state_lgd": 6, "population": 4655, "households": 885}, "geometry": {"type": "Polygon", "coordinates": [[[76.55347, 29.570690000000003], [76.55821, 29.569150000000004], [76.56630000000001, 29.56736], [76.57788000000001, 29.56668], [76.57383, 29.562500000000004], [76.56641, 29.55985], [76.56441000000001, 29.557620000000004], [76.56124000000001, 29.55317], [76.55719, 29.542530000000003], [76.55057000000001, 29.542510000000004], [76.54390000000001, 29.540580000000002], [76.53395, 29.539930000000002], [76.52380000000001, 29.54135], [76.52340000000001, 29.549490000000002], [76.52726000000001, 29.5591], [76.52761000000001, 29.563750000000002], [76.53021000000001, 29.570950000000003], [76.53263000000001, 29.570410000000003], [76.53788, 29.572370000000003], [76.5434, 29.57533], [76.54398, 29.57748], [76.54583000000001, 29.57833], [76.54618, 29.57673], [76.549, 29.574710000000003], [76.55347, 29.570690000000003]]]}}, {"id": "77", "type": "Feature", "properties": {"village_name": "Assandh Rural Part", "vil_lgd": 59348, "district_name": "Karnal", "dist_lgd": 67, "subdistrict_name": "Assandh", "sdcode": 373, "block_name": "Assandh", "block_lgd": 32.0, "gp_name": "ASSANDH (RURAL)(PART)(84)", "state_name": "HARYANA", "state_lgd": 6, "population": 3523, "households": 624}, "geometry": {"type": "Polygon", "coordinates": [[[76.63084, 29.56389], [76.63174000000001, 29.560840000000002], [76.63094000000001, 29.548690000000004], [76.63247000000001, 29.547250000000002], [76.63389000000001, 29.54737], [76.63625, 29.549260000000004], [76.63966, 29.541120000000003], [76.64309, 29.537560000000003], [76.65528, 29.533310000000004], [76.6585, 29.529870000000003], [76.65354, 29.51781], [76.65161, 29.509650000000004], [76.65477, 29.491260000000004], [76.65235000000001, 29.490850000000002], [76.64919, 29.488300000000002], [76.64199, 29.489610000000003], [76.63963000000001, 29.489390000000004], [76.63484000000001, 29.487140000000004], [76.62661, 29.477480000000003], [76.62495000000001, 29.473440000000004], [76.61622000000001, 29.476860000000002], [76.6093, 29.480620000000002], [76.60911, 29.482470000000003], [76.60862, 29.488370000000003], [76.60202000000001, 29.507530000000003], [76.60388, 29.51828], [76.6032, 29.524130000000003], [76.60078, 29.52701], [76.5955, 29.528340000000004], [76.59191000000001, 29.528010000000002], [76.58835, 29.524890000000003], [76.58705, 29.51676], [76.57604, 29.50794], [76.57115, 29.505630000000004], [76.57155, 29.510900000000003], [76.57506000000001, 29.51565], [76.57371, 29.519930000000002], [76.5811, 29.524820000000002], [76.58396, 29.529270000000004], [76.58572000000001, 29.533830000000002], [76.5871, 29.54144], [76.58465000000001, 29.549360000000004], [76.59253000000001, 29.55534], [76.5939, 29.560270000000003], [76.59385, 29.563010000000002], [76.59862000000001, 29.562990000000003], [76.60144000000001, 29.56444], [76.61107000000001, 29.573570000000004], [76.6229, 29.573130000000003], [76.63084, 29.56389]], [[76.62207000000001, 29.514000000000003], [76.62307000000001, 29.505740000000003], [76.63006, 29.505740000000003], [76.63241000000001, 29.50711], [76.62941000000001, 29.51893], [76.62798000000001, 29.527610000000003], [76.61405, 29.527780000000003], [76.61257, 29.526580000000003], [76.61359, 29.517720000000004], [76.61565, 29.51517], [76.61822000000001, 29.514060000000004], [76.62207000000001, 29.514000000000003]]]}}, {"id": "78", "type": "Feature", "properties": {"village_name": "Jhabala", "vil_lgd": 59328, "district_name": "Karnal", "dist_lgd": 67, "subdistrict_name": "Assandh", "sdcode": 373, "block_name": "Assandh", "block_lgd": 32.0, "gp_name": "JHABALA (81)", "state_name": "HARYANA", "state_lgd": 6, "population": 3296, "households": 615}, "geometry": {"type": "Polygon", "coordinates": [[[76.67676, 29.57072], [76.68652, 29.551370000000002], [76.68, 29.549030000000002], [76.66947, 29.5423], [76.66625, 29.547300000000003], [76.66064, 29.553700000000003], [76.66260000000001, 29.55974], [76.67004, 29.57109], [76.67408, 29.57043], [76.67676, 29.57072]]]}}, {"id": "79", "type": "Feature", "properties": {"village_name": "Kaboolpur", "vil_lgd": 59344, "district_name": "Karnal", "dist_lgd": 67, "subdistrict_name": "Assandh", "sdcode": 373, "block_name": "Assandh", "block_lgd": 32.0, "gp_name": "KABOOLPUR (80)", "state_name": "HARYANA", "state_lgd": 6, "population": 1510, "households": 277}, "geometry": {"type": "Polygon", "coordinates": [[[76.72847, 29.564570000000003], [76.73093, 29.550610000000002], [76.71573000000001, 29.547010000000004], [76.70865, 29.546760000000003], [76.70189, 29.543100000000003], [76.69872000000001, 29.543770000000002], [76.694, 29.547580000000004], [76.69849, 29.55514], [76.70205, 29.559070000000002], [76.71901000000001, 29.57062], [76.72116000000001, 29.568540000000002], [76.72878, 29.567770000000003], [76.72847, 29.564570000000003]]]}}, {"id": "80", "type": "Feature", "properties": {"village_name": "Chaugawan", "vil_lgd": 59323, "district_name": "Karnal", "dist_lgd": 67, "subdistrict_name": "Assandh", "sdcode": 373, "block_name": "Assandh", "block_lgd": 32.0, "gp_name": "CHAUGAWAN (86)", "state_name": "HARYANA", "state_lgd": 6, "population": 1109, "households": 247}, "geometry": {"type": "Polygon", "coordinates": [[[76.5939, 29.560270000000003], [76.59253000000001, 29.55534], [76.58465000000001, 29.549360000000004], [76.56240000000001, 29.543200000000002], [76.55719, 29.542530000000003], [76.56124000000001, 29.55317], [76.56441000000001, 29.557620000000004], [76.56641, 29.55985], [76.57383, 29.562500000000004], [76.57788000000001, 29.56668], [76.59385, 29.563010000000002], [76.5939, 29.560270000000003]]]}}, {"id": "81", "type": "Feature", "properties": {"village_name": "Phaphrana", "vil_lgd": 59345, "district_name": "Karnal", "dist_lgd": 67, "subdistrict_name": "Assandh", "sdcode": 373, "block_name": "Assandh", "block_lgd": 32.0, "gp_name": "PHAPHRANA (94)", "state_name": "HARYANA", "state_lgd": 6, "population": 5194, "households": 968}, "geometry": {"type": "Polygon", "coordinates": [[[76.69019, 29.551190000000002], [76.694, 29.547580000000004], [76.69872000000001, 29.543770000000002], [76.70189, 29.543100000000003], [76.70280000000001, 29.53911], [76.70281, 29.53273], [76.70068, 29.529020000000003], [76.69374, 29.522830000000003], [76.69197000000001, 29.51902], [76.68964000000001, 29.51668], [76.68830000000001, 29.516640000000002], [76.68434, 29.519260000000003], [76.67668, 29.5207], [76.67404, 29.52032], [76.67047000000001, 29.525980000000004], [76.66636000000001, 29.53028], [76.66511000000001, 29.53179], [76.66947, 29.5423], [76.68, 29.549030000000002], [76.68652, 29.551370000000002], [76.69019, 29.551190000000002]]]}}, {"id": "82", "type": "Feature", "properties": {"village_name": "Mardan Heri", "vil_lgd": 59350, "district_name": "Karnal", "dist_lgd": 67, "subdistrict_name": "Assandh", "sdcode": 373, "block_name": "Assandh", "block_lgd": 32.0, "gp_name": "MARDAN HERI (87)", "state_name": "HARYANA", "state_lgd": 6, "population": 1663, "households": 327}, "geometry": {"type": "Polygon", "coordinates": [[[76.5871, 29.54144], [76.58572000000001, 29.533830000000002], [76.58396, 29.529270000000004], [76.5811, 29.524820000000002], [76.57371, 29.519930000000002], [76.57032000000001, 29.525360000000003], [76.56296, 29.530800000000003], [76.56141000000001, 29.533880000000003], [76.56110000000001, 29.539870000000004], [76.56026, 29.54116], [76.55719, 29.542530000000003], [76.56240000000001, 29.543200000000002], [76.58465000000001, 29.549360000000004], [76.5871, 29.54144]]]}}, {"id": "83", "type": "Feature", "properties": {"village_name": "Smalkha", "vil_lgd": 59383, "district_name": "Karnal", "dist_lgd": 67, "subdistrict_name": "Gharaunda", "sdcode": 374, "block_name": "Gharaunda", "block_lgd": 33.0, "gp_name": "SMALKHA (13)", "state_name": "HARYANA", "state_lgd": 6, "population": 1361, "households": 261}, "geometry": {"type": "Polygon", "coordinates": [[[76.93251000000001, 29.62779], [76.93544, 29.624000000000002], [76.94981, 29.61632], [76.93685, 29.604580000000002], [76.93329, 29.608040000000003], [76.92655, 29.61128], [76.91848, 29.61174], [76.91717000000001, 29.612600000000004], [76.92052000000001, 29.61785], [76.92443, 29.627340000000004], [76.93254, 29.629020000000004], [76.93251000000001, 29.62779]]]}}, {"id": "84", "type": "Feature", "properties": {"village_name": "Kairwali", "vil_lgd": 59384, "district_name": "Karnal", "dist_lgd": 67, "subdistrict_name": "Gharaunda", "sdcode": 374, "block_name": "Karnal", "block_lgd": 30.0, "gp_name": "KHARKWALI (5)", "state_name": "HARYANA", "state_lgd": 6, "population": 510, "households": 101}, "geometry": {"type": "Polygon", "coordinates": [[[76.96049000000001, 29.607820000000004], [76.95753, 29.60966], [76.95388000000001, 29.614510000000003], [76.9522, 29.615260000000003], [76.95705000000001, 29.621190000000002], [76.96071, 29.62487], [76.96445, 29.616870000000002], [76.96261000000001, 29.61034], [76.96049000000001, 29.607820000000004]]]}}, {"id": "85", "type": "Feature", "properties": {"village_name": "Jhinwar Heri", "vil_lgd": 59385, "district_name": "Karnal", "dist_lgd": 67, "subdistrict_name": "Gharaunda", "sdcode": 374, "block_name": "Gharaunda", "block_lgd": 33.0, "gp_name": "JHINWAR HERI (6)", "state_name": "HARYANA", "state_lgd": 6, "population": 1256, "households": 245}, "geometry": {"type": "Polygon", "coordinates": [[[76.95388000000001, 29.614510000000003], [76.95753, 29.60966], [76.96049000000001, 29.607820000000004], [76.96145, 29.602710000000002], [76.96315000000001, 29.598670000000002], [76.94510000000001, 29.596690000000002], [76.93685, 29.604580000000002], [76.94981, 29.61632], [76.9522, 29.615260000000003], [76.95388000000001, 29.614510000000003]]]}}, {"id": "86", "type": "Feature", "properties": {"village_name": "Bijna", "vil_lgd": 59382, "district_name": "Karnal", "dist_lgd": 67, "subdistrict_name": "Gharaunda", "sdcode": 374, "block_name": "Gharaunda", "block_lgd": 33.0, "gp_name": "BIJNA (12)", "state_name": "HARYANA", "state_lgd": 6, "population": 3902, "households": 727}, "geometry": {"type": "Polygon", "coordinates": [[[76.92193, 29.591670000000004], [76.91004000000001, 29.603610000000003], [76.91848, 29.61174], [76.92655, 29.61128], [76.93329, 29.608040000000003], [76.93685, 29.604580000000002], [76.93081000000001, 29.599370000000004], [76.92989, 29.598570000000002], [76.92193, 29.591670000000004]]]}}, {"id": "87", "type": "Feature", "properties": {"village_name": "Gagsina", "vil_lgd": 59367, "district_name": "Karnal", "dist_lgd": 67, "subdistrict_name": "Gharaunda", "sdcode": 374, "block_name": "Gharaunda", "block_lgd": 33.0, "gp_name": "GAGSINA (16)", "state_name": "HARYANA", "state_lgd": 6, "population": 7698, "households": 1449}, "geometry": {"type": "Polygon", "coordinates": [[[76.88252, 29.59906], [76.88217, 29.596030000000003], [76.88435000000001, 29.590940000000003], [76.89904, 29.575350000000004], [76.89222000000001, 29.558830000000004], [76.88543, 29.549940000000003], [76.88116000000001, 29.54624], [76.87478, 29.548040000000004], [76.86622000000001, 29.54858], [76.85838000000001, 29.555460000000004], [76.85158000000001, 29.572550000000003], [76.85422000000001, 29.574230000000004], [76.85524000000001, 29.580360000000002], [76.85220000000001, 29.59042], [76.85562, 29.593740000000004], [76.85643, 29.599030000000003], [76.86382, 29.60282], [76.87240000000001, 29.6061], [76.88156000000001, 29.607390000000002], [76.8884, 29.60985], [76.8879, 29.608950000000004], [76.88252, 29.59906]]]}}, {"id": "88", "type": "Feature", "properties": {"village_name": "Sataundi", "vil_lgd": 59368, "district_name": "Karnal", "dist_lgd": 67, "subdistrict_name": "Gharaunda", "sdcode": 374, "block_name": "Gharaunda", "block_lgd": 33.0, "gp_name": "SATAUNDI (15)", "state_name": "HARYANA", "state_lgd": 6, "population": 5614, "households": 1066}, "geometry": {"type": "Polygon", "coordinates": [[[76.90765, 29.60227], [76.91004000000001, 29.603610000000003], [76.92193, 29.591670000000004], [76.92156, 29.588720000000002], [76.91574, 29.581770000000002], [76.90472000000001, 29.577520000000003], [76.89904, 29.575350000000004], [76.88435000000001, 29.590940000000003], [76.88217, 29.596030000000003], [76.88252, 29.59906], [76.8879, 29.608950000000004], [76.89965000000001, 29.602300000000003], [76.90765, 29.60227]]]}}, {"id": "89", "type": "Feature", "properties": {"village_name": "Hasanpur", "vil_lgd": 59386, "district_name": "Karnal", "dist_lgd": 67, "subdistrict_name": "Gharaunda", "sdcode": 374, "block_name": "Gharaunda", "block_lgd": 33.0, "gp_name": "HASANPUR (8)", "state_name": "HARYANA", "state_lgd": 6, "population": 1563, "households": 289}, "geometry": {"type": "Polygon", "coordinates": [[[76.94969, 29.579300000000003], [76.94550000000001, 29.582530000000002], [76.93981000000001, 29.590930000000004], [76.93081000000001, 29.599370000000004], [76.93685, 29.604580000000002], [76.94510000000001, 29.596690000000002], [76.95817000000001, 29.587190000000003], [76.95190000000001, 29.580320000000004], [76.94969, 29.579300000000003]]]}}, {"id": "90", "type": "Feature", "properties": {"village_name": "Rasin", "vil_lgd": 59381, "district_name": "Karnal", "dist_lgd": 67, "subdistrict_name": "Gharaunda", "sdcode": 374, "block_name": "Gharaunda", "block_lgd": 33.0, "gp_name": "RASIN (10)", "state_name": "HARYANA", "state_lgd": 6, "population": 1809, "households": 336}, "geometry": {"type": "Polygon", "coordinates": [[[76.93766000000001, 29.57618], [76.92346, 29.588220000000003], [76.92193, 29.591670000000004], [76.92989, 29.598570000000002], [76.93081000000001, 29.599370000000004], [76.93981000000001, 29.590930000000004], [76.94550000000001, 29.582530000000002], [76.93766000000001, 29.57618]]]}}, {"id": "91", "type": "Feature", "properties": {"village_name": "Bastara", "vil_lgd": 59387, "district_name": "Karnal", "dist_lgd": 67, "subdistrict_name": "Gharaunda", "sdcode": 374, "block_name": "Gharaunda", "block_lgd": 33.0, "gp_name": "BASDHARA (7)", "state_name": "HARYANA", "state_lgd": 6, "population": 5905, "households": 1093}, "geometry": {"type": "Polygon", "coordinates": [[[76.98578, 29.584260000000004], [76.98842, 29.576490000000003], [76.98729, 29.573040000000002], [76.97961000000001, 29.570950000000003], [76.97095, 29.570710000000002], [76.9676, 29.572090000000003], [76.96392, 29.576510000000003], [76.95817000000001, 29.587190000000003], [76.94510000000001, 29.596690000000002], [76.96315000000001, 29.598670000000002], [76.96612, 29.596280000000004], [76.98305, 29.590190000000003], [76.98578, 29.584260000000004]]]}}, {"id": "92", "type": "Feature", "properties": {"village_name": "Anchla", "vil_lgd": 59361, "district_name": "Karnal", "dist_lgd": 67, "subdistrict_name": "Assandh", "sdcode": 373, "block_name": "Gharaunda", "block_lgd": 33.0, "gp_name": "ANCHLA (56)", "state_name": "HARYANA", "state_lgd": 6, "population": 1383, "households": 225}, "geometry": {"type": "Polygon", "coordinates": [[[76.84515, 29.57306], [76.83621000000001, 29.573860000000003], [76.83445, 29.584540000000004], [76.84034000000001, 29.584860000000003], [76.84758000000001, 29.58762], [76.85220000000001, 29.59042], [76.85524000000001, 29.580360000000002], [76.85422000000001, 29.574230000000004], [76.85158000000001, 29.572550000000003], [76.84515, 29.57306]]]}}, {"id": "93", "type": "Feature", "properties": {"village_name": "Balran Gran", "vil_lgd": 59360, "district_name": "Karnal", "dist_lgd": 67, "subdistrict_name": "Assandh", "sdcode": 373, "block_name": "Gharaunda", "block_lgd": 33.0, "gp_name": "BALRAN GRAN (70)", "state_name": "HARYANA", "state_lgd": 6, "population": 7007, "households": 1331}, "geometry": {"type": "Polygon", "coordinates": [[[76.83445, 29.584540000000004], [76.83621000000001, 29.573860000000003], [76.83618000000001, 29.572850000000003], [76.82131000000001, 29.550950000000004], [76.82006000000001, 29.551230000000004], [76.81158, 29.54914], [76.80786, 29.550320000000003], [76.79627, 29.559070000000002], [76.79521000000001, 29.56115], [76.79546, 29.56293], [76.80344000000001, 29.56799], [76.82028000000001, 29.586070000000003], [76.8237, 29.587470000000003], [76.82931, 29.58668], [76.83445, 29.584540000000004]]]}}, {"id": "94", "type": "Feature", "properties": {"village_name": "Phurlak", "vil_lgd": 59369, "district_name": "Karnal", "dist_lgd": 67, "subdistrict_name": "Gharaunda", "sdcode": 374, "block_name": "Gharaunda", "block_lgd": 33.0, "gp_name": "PHURLAK (21)", "state_name": "HARYANA", "state_lgd": 6, "population": 3757, "households": 706}, "geometry": {"type": "Polygon", "coordinates": [[[76.93531, 29.56725], [76.93539000000001, 29.561040000000002], [76.92534, 29.55487], [76.91904000000001, 29.553240000000002], [76.91954000000001, 29.55582], [76.91273000000001, 29.564850000000003], [76.905, 29.568550000000002], [76.9043, 29.571920000000002], [76.90472000000001, 29.577520000000003], [76.91574, 29.581770000000002], [76.92156, 29.588720000000002], [76.92193, 29.591670000000004], [76.92346, 29.588220000000003], [76.93766000000001, 29.57618], [76.93531, 29.56725]]]}}, {"id": "95", "type": "Feature", "properties": {"village_name": "Upli", "vil_lgd": 59380, "district_name": "Karnal", "dist_lgd": 67, "subdistrict_name": "Gharaunda", "sdcode": 374, "block_name": "Gharaunda", "block_lgd": 33.0, "gp_name": "UPLI (9)", "state_name": "HARYANA", "state_lgd": 6, "population": 1065, "households": 196}, "geometry": {"type": "Polygon", "coordinates": [[[76.95190000000001, 29.580320000000004], [76.95213000000001, 29.571350000000002], [76.9509, 29.567940000000004], [76.94901, 29.565960000000004], [76.94513, 29.563930000000003], [76.93737, 29.562150000000003], [76.93539000000001, 29.561040000000002], [76.93531, 29.56725], [76.93766000000001, 29.57618], [76.94550000000001, 29.582530000000002], [76.94969, 29.579300000000003], [76.95190000000001, 29.580320000000004]]]}}, {"id": "96", "type": "Feature", "properties": {"village_name": "Raipur Jattan", "vil_lgd": 59371, "district_name": "Karnal", "dist_lgd": 67, "subdistrict_name": "Gharaunda", "sdcode": 374, "block_name": "Gharaunda", "block_lgd": 33.0, "gp_name": "RAIPUR JATTAN (19)", "state_name": "HARYANA", "state_lgd": 6, "population": 2793, "households": 511}, "geometry": {"type": "Polygon", "coordinates": [[[76.90629000000001, 29.563630000000003], [76.90951000000001, 29.55852], [76.91527, 29.554100000000002], [76.91904000000001, 29.553240000000002], [76.91527, 29.541470000000004], [76.91129000000001, 29.542990000000003], [76.90489000000001, 29.547050000000002], [76.90048, 29.552380000000003], [76.89222000000001, 29.558830000000004], [76.89904, 29.575350000000004], [76.90472000000001, 29.577520000000003], [76.9043, 29.571920000000002], [76.905, 29.568550000000002], [76.90629000000001, 29.563630000000003]]]}}, {"id": "97", "type": "Feature", "properties": {"village_name": "Kheri Munak", "vil_lgd": 59362, "district_name": "Karnal", "dist_lgd": 67, "subdistrict_name": "Assandh", "sdcode": 373, "block_name": "Gharaunda", "block_lgd": 33.0, "gp_name": "KHERI MUNAK (71)", "state_name": "HARYANA", "state_lgd": 6, "population": 923, "households": 171}, "geometry": {"type": "Polygon", "coordinates": [[[76.85158000000001, 29.572550000000003], [76.85838000000001, 29.555460000000004], [76.84843000000001, 29.55673], [76.83637, 29.555560000000003], [76.83057000000001, 29.55327], [76.82478, 29.548620000000003], [76.82131000000001, 29.550950000000004], [76.83618000000001, 29.572850000000003], [76.83621000000001, 29.573860000000003], [76.84515, 29.57306], [76.85158000000001, 29.572550000000003]]]}}, {"id": "98", "type": "Feature", "properties": {"village_name": "Gianpura", "vil_lgd": 59399, "district_name": "Karnal", "dist_lgd": 67, "subdistrict_name": "Gharaunda", "sdcode": 374, "block_name": "Gharaunda", "block_lgd": 33.0, "gp_name": "GIANPURA (11)", "state_name": "HARYANA", "state_lgd": 6, "population": 2618, "households": 657}, "geometry": {"type": "Polygon", "coordinates": [[[76.99158000000001, 29.54914], [76.98789000000001, 29.54933], [76.98111, 29.549820000000004], [76.98032, 29.5607], [76.97961000000001, 29.570950000000003], [76.98729, 29.573040000000002], [76.99782, 29.565310000000004], [76.99158000000001, 29.54914]]]}}, {"id": "99", "type": "Feature", "properties": {"village_name": "Badshahpur", "vil_lgd": 59370, "district_name": "Karnal", "dist_lgd": 67, "subdistrict_name": "Gharaunda", "sdcode": 374, "block_name": "Gharaunda", "block_lgd": 33.0, "gp_name": "BADSHAHPUR (20)", "state_name": "HARYANA", "state_lgd": 6, "population": 29, "households": 5}, "geometry": {"type": "Polygon", "coordinates": [[[76.91527, 29.554100000000002], [76.90951000000001, 29.55852], [76.90629000000001, 29.563630000000003], [76.905, 29.568550000000002], [76.91273000000001, 29.564850000000003], [76.91954000000001, 29.55582], [76.91904000000001, 29.553240000000002], [76.91527, 29.554100000000002]]]}}, {"id": "100", "type": "Feature", "properties": {"village_name": "Pabana Hassanpur", "vil_lgd": 59359, "district_name": "Karnal", "dist_lgd": 67, "subdistrict_name": "Assandh", "sdcode": 373, "block_name": "Gharaunda", "block_lgd": 33.0, "gp_name": "PABANA HASSANPUR (72)", "state_name": "HARYANA", "state_lgd": 6, "population": 3723, "households": 668}, "geometry": {"type": "Polygon", "coordinates": [[[76.79627, 29.559070000000002], [76.80786, 29.550320000000003], [76.81158, 29.54914], [76.82006000000001, 29.551230000000004], [76.82131000000001, 29.550950000000004], [76.82478, 29.548620000000003], [76.8305, 29.543110000000002], [76.83066000000001, 29.54126], [76.82925, 29.537280000000003], [76.81630000000001, 29.524410000000003], [76.8156, 29.52221], [76.81694, 29.519000000000002], [76.80767, 29.52213], [76.79400000000001, 29.529980000000002], [76.78096000000001, 29.535940000000004], [76.77239, 29.537490000000002], [76.77376000000001, 29.54904], [76.77551000000001, 29.55412], [76.78188, 29.562140000000003], [76.78913, 29.562140000000003], [76.79521000000001, 29.56115], [76.79627, 29.559070000000002]]]}}, {"id": "101", "type": "Feature", "properties": {"village_name": "Malakpur", "vil_lgd": 59373, "district_name": "Karnal", "dist_lgd": 67, "subdistrict_name": "Gharaunda", "sdcode": 374, "block_name": "Gharaunda", "block_lgd": 33.0, "gp_name": "MALAKPUR (28)", "state_name": "HARYANA", "state_lgd": 6, "population": 1351, "households": 247}, "geometry": {"type": "Polygon", "coordinates": [[[76.95942000000001, 29.524990000000003], [76.95741000000001, 29.517760000000003], [76.94785, 29.516890000000004], [76.94573000000001, 29.521200000000004], [76.94296, 29.524720000000002], [76.93953, 29.52718], [76.93331, 29.52973], [76.92125, 29.537900000000004], [76.91527, 29.541470000000004], [76.91904000000001, 29.553240000000002], [76.92534, 29.55487], [76.93539000000001, 29.561040000000002], [76.94001, 29.546270000000003], [76.94372000000001, 29.54041], [76.95261, 29.532100000000003], [76.95942000000001, 29.524990000000003]]]}}, {"id": "102", "type": "Feature", "properties": {"village_name": "Shah Jahanpur", "vil_lgd": 59366, "district_name": "Karnal", "dist_lgd": 67, "subdistrict_name": "Gharaunda", "sdcode": 374, "block_name": "Gharaunda", "block_lgd": 33.0, "gp_name": "SHAH JAHANPUR (17)", "state_name": "HARYANA", "state_lgd": 6, "population": 839, "households": 150}, "geometry": {"type": "Polygon", "coordinates": [[[76.89374000000001, 29.539800000000003], [76.88938, 29.536080000000002], [76.88027000000001, 29.538300000000003], [76.88046, 29.54042], [76.88135000000001, 29.54333], [76.88116000000001, 29.54624], [76.88543, 29.549940000000003], [76.89222000000001, 29.558830000000004], [76.90048, 29.552380000000003], [76.90489000000001, 29.547050000000002], [76.89374000000001, 29.539800000000003]]]}}, {"id": "103", "type": "Feature", "properties": {"village_name": "Munak", "vil_lgd": 59363, "district_name": "Karnal", "dist_lgd": 67, "subdistrict_name": "Assandh", "sdcode": 373, "block_name": "Gharaunda", "block_lgd": 33.0, "gp_name": "MUNAK (28)", "state_name": "HARYANA", "state_lgd": 6, "population": 11507, "households": 2088}, "geometry": {"type": "Polygon", "coordinates": [[[76.86622000000001, 29.54858], [76.87478, 29.548040000000004], [76.88116000000001, 29.54624], [76.88135000000001, 29.54333], [76.88046, 29.54042], [76.87455, 29.538870000000003], [76.87282, 29.536540000000002], [76.87217000000001, 29.532200000000003], [76.873, 29.52579], [76.87184, 29.517580000000002], [76.86917000000001, 29.515530000000002], [76.86813000000001, 29.512880000000003], [76.8677, 29.508440000000004], [76.86992000000001, 29.495010000000004], [76.8692, 29.4917], [76.8674, 29.490230000000004], [76.86359, 29.49003], [76.86202, 29.488490000000002], [76.8588, 29.490140000000004], [76.85583000000001, 29.490040000000004], [76.84814, 29.495480000000004], [76.84712, 29.49836], [76.84514, 29.500400000000003], [76.83778000000001, 29.502900000000004], [76.82884, 29.512120000000003], [76.81805, 29.514170000000004], [76.81694, 29.519000000000002], [76.8156, 29.52221], [76.81630000000001, 29.524410000000003], [76.82925, 29.537280000000003], [76.83066000000001, 29.54126], [76.8305, 29.543110000000002], [76.82478, 29.548620000000003], [76.83057000000001, 29.55327], [76.83637, 29.555560000000003], [76.84843000000001, 29.55673], [76.85838000000001, 29.555460000000004], [76.86622000000001, 29.54858]]]}}, {"id": "104", "type": "Feature", "properties": {"village_name": "Jarauli", "vil_lgd": 59400, "district_name": "Karnal", "dist_lgd": 67, "subdistrict_name": "Gharaunda", "sdcode": 374, "block_name": "Gharaunda", "block_lgd": 33.0, "gp_name": "PANAURI(21)", "state_name": "HARYANA", "state_lgd": 6, "population": 422, "households": 86}, "geometry": {"type": "Polygon", "coordinates": [[[76.99624, 29.535740000000004], [76.99597, 29.534150000000004], [76.99326, 29.530780000000004], [76.98806, 29.5316], [76.98645, 29.536420000000003], [76.98106, 29.542930000000002], [76.98111, 29.549820000000004], [76.98789000000001, 29.54933], [76.99624, 29.535740000000004]]]}}, {"id": "105", "type": "Feature", "properties": {"village_name": "Khora Kheri", "vil_lgd": 59372, "district_name": "Karnal", "dist_lgd": 67, "subdistrict_name": "Gharaunda", "sdcode": 374, "block_name": "Gharaunda", "block_lgd": 33.0, "gp_name": "KHORA KHERI(18)", "state_name": "HARYANA", "state_lgd": 6, "population": 2244, "households": 393}, "geometry": {"type": "Polygon", "coordinates": [[[76.92125, 29.537900000000004], [76.91202000000001, 29.527340000000002], [76.90908, 29.518720000000002], [76.90589, 29.518770000000004], [76.9038, 29.520450000000004], [76.90002000000001, 29.521870000000003], [76.89925000000001, 29.52465], [76.88867, 29.524630000000002], [76.88618000000001, 29.52569], [76.89333, 29.53076], [76.89398000000001, 29.53412], [76.88938, 29.536080000000002], [76.89374000000001, 29.539800000000003], [76.90489000000001, 29.547050000000002], [76.91129000000001, 29.542990000000003], [76.91527, 29.541470000000004], [76.92125, 29.537900000000004]]]}}, {"id": "106", "type": "Feature", "properties": {"village_name": "Assandh", "vil_lgd": 800383, "district_name": "Karnal", "dist_lgd": 67, "subdistrict_name": "Assandh", "sdcode": 373, "block_name": "", "block_lgd": null, "gp_name": "", "state_name": "HARYANA", "state_lgd": 6, "population": 27125, "households": 5081}, "geometry": {"type": "Polygon", "coordinates": [[[76.63241000000001, 29.50711], [76.63006, 29.505740000000003], [76.62307000000001, 29.505740000000003], [76.62207000000001, 29.514000000000003], [76.61822000000001, 29.514060000000004], [76.61565, 29.51517], [76.61359, 29.517720000000004], [76.61257, 29.526580000000003], [76.61405, 29.527780000000003], [76.62798000000001, 29.527610000000003], [76.62941000000001, 29.51893], [76.63241000000001, 29.50711]]]}}, {"id": "107", "type": "Feature", "properties": {"village_name": "Kapron", "vil_lgd": 59365, "district_name": "Karnal", "dist_lgd": 67, "subdistrict_name": "Gharaunda", "sdcode": 374, "block_name": "Gharaunda", "block_lgd": 33.0, "gp_name": "KAPRON (27)", "state_name": "HARYANA", "state_lgd": 6, "population": 255, "households": 50}, "geometry": {"type": "Polygon", "coordinates": [[[76.89398000000001, 29.53412], [76.89333, 29.53076], [76.88618000000001, 29.52569], [76.88398000000001, 29.526660000000003], [76.88321, 29.52868], [76.88469, 29.530120000000004], [76.88762000000001, 29.531070000000003], [76.88281, 29.533970000000004], [76.87977000000001, 29.524070000000002], [76.87822000000001, 29.52128], [76.87184, 29.517580000000002], [76.873, 29.52579], [76.87217000000001, 29.532200000000003], [76.87282, 29.536540000000002], [76.87455, 29.538870000000003], [76.88046, 29.54042], [76.88027000000001, 29.538300000000003], [76.88938, 29.536080000000002], [76.89398000000001, 29.53412]]]}}, {"id": "108", "type": "Feature", "properties": {"village_name": "Sheikhopura", "vil_lgd": 59374, "district_name": "Karnal", "dist_lgd": 67, "subdistrict_name": "Gharaunda", "sdcode": 374, "block_name": "Gharaunda", "block_lgd": 33.0, "gp_name": "SHEIKHOPURA (22)", "state_name": "HARYANA", "state_lgd": 6, "population": 3197, "households": 615}, "geometry": {"type": "Polygon", "coordinates": [[[76.94573000000001, 29.521200000000004], [76.92955, 29.521240000000002], [76.9171, 29.522460000000002], [76.915, 29.518500000000003], [76.90908, 29.518720000000002], [76.91202000000001, 29.527340000000002], [76.92125, 29.537900000000004], [76.93331, 29.52973], [76.93953, 29.52718], [76.94296, 29.524720000000002], [76.94573000000001, 29.521200000000004]]]}}, {"id": "109", "type": "Feature", "properties": {"village_name": "Dingar Majra", "vil_lgd": 59413, "district_name": "Karnal", "dist_lgd": 67, "subdistrict_name": "Gharaunda", "sdcode": 374, "block_name": "Gharaunda", "block_lgd": 33.0, "gp_name": "DINGAR MAJRA (24)", "state_name": "HARYANA", "state_lgd": 6, "population": 2862, "households": 538}, "geometry": {"type": "Polygon", "coordinates": [[[76.99326, 29.530780000000004], [76.99683, 29.524050000000003], [76.99385000000001, 29.519370000000002], [76.98581, 29.522460000000002], [76.98153, 29.521], [76.97540000000001, 29.51696], [76.9749, 29.52812], [76.97652000000001, 29.53442], [76.98007000000001, 29.53432], [76.98806, 29.5316], [76.99326, 29.530780000000004]]]}}, {"id": "110", "type": "Feature", "properties": {"village_name": "Garhi Multan", "vil_lgd": 59378, "district_name": "Karnal", "dist_lgd": 67, "subdistrict_name": "Gharaunda", "sdcode": 374, "block_name": "Gharaunda", "block_lgd": 33.0, "gp_name": "GARHI MULTAN (26)", "state_name": "HARYANA", "state_lgd": 6, "population": 998, "households": 183}, "geometry": {"type": "Polygon", "coordinates": [[[76.97231000000001, 29.51367], [76.97093000000001, 29.51047], [76.96669, 29.510880000000004], [76.96293, 29.51226], [76.95741000000001, 29.517760000000003], [76.95942000000001, 29.524990000000003], [76.97231000000001, 29.532840000000004], [76.97652000000001, 29.53442], [76.9749, 29.52812], [76.97540000000001, 29.51696], [76.97231000000001, 29.51367]]]}}, {"id": "111", "type": "Feature", "properties": {"village_name": "Kachhwa", "vil_lgd": 59256, "district_name": "Karnal", "dist_lgd": 67, "subdistrict_name": "Karnal", "sdcode": 372, "block_name": "Karnal", "block_lgd": 30.0, "gp_name": "KACHHWA (11)", "state_name": "HARYANA", "state_lgd": 6, "population": 10141, "households": 1992}, "geometry": {"type": "Polygon", "coordinates": [[[76.90807000000001, 29.75429], [76.91075000000001, 29.75214], [76.91153000000001, 29.749200000000002], [76.91418, 29.744580000000003], [76.91144000000001, 29.73814], [76.91188000000001, 29.732560000000003], [76.91836, 29.72312], [76.92065000000001, 29.721090000000004], [76.92035000000001, 29.719250000000002], [76.917, 29.716820000000002], [76.91623000000001, 29.71751], [76.91477, 29.71694], [76.90691000000001, 29.70632], [76.90365000000001, 29.704230000000003], [76.89240000000001, 29.70323], [76.89081, 29.706390000000003], [76.88714, 29.710130000000003], [76.87960000000001, 29.71158], [76.87162000000001, 29.711520000000004], [76.86866, 29.711180000000002], [76.86278, 29.732530000000004], [76.8606, 29.742030000000003], [76.86155000000001, 29.754050000000003], [76.87484, 29.759980000000002], [76.87784, 29.76047], [76.88144000000001, 29.759760000000004], [76.90807000000001, 29.75429]]]}}, {"id": "112", "type": "Feature", "properties": {"village_name": "Balu", "vil_lgd": 59275, "district_name": "Karnal", "dist_lgd": 67, "subdistrict_name": "Karnal", "sdcode": 372, "block_name": "Nissing", "block_lgd": 31.0, "gp_name": "BALOO (18)", "state_name": "HARYANA", "state_lgd": 6, "population": 2924, "households": 581}, "geometry": {"type": "Polygon", "coordinates": [[[76.8452, 29.71223], [76.84527, 29.705280000000002], [76.84234000000001, 29.70305], [76.83730000000001, 29.703740000000003], [76.83156000000001, 29.702410000000004], [76.82805, 29.702910000000003], [76.82539000000001, 29.70437], [76.82529000000001, 29.706170000000004], [76.82458000000001, 29.70878], [76.82327000000001, 29.71008], [76.81613, 29.71421], [76.80984000000001, 29.71403], [76.80701, 29.713], [76.80551000000001, 29.729370000000003], [76.80639000000001, 29.729910000000004], [76.80733000000001, 29.735400000000002], [76.81851, 29.741870000000002], [76.82232, 29.74508], [76.83259000000001, 29.734500000000004], [76.84880000000001, 29.721210000000003], [76.8452, 29.71223]]]}}, {"id": "113", "type": "Feature", "properties": {"village_name": "Guniana", "vil_lgd": 59270, "district_name": "Karnal", "dist_lgd": 67, "subdistrict_name": "Karnal", "sdcode": 372, "block_name": "Nissing", "block_lgd": 31.0, "gp_name": "GUNANA (33)", "state_name": "HARYANA", "state_lgd": 6, "population": 2636, "households": 514}, "geometry": {"type": "Polygon", "coordinates": [[[76.72502, 29.723300000000002], [76.72144, 29.716130000000003], [76.72153, 29.714070000000003], [76.73166, 29.70464], [76.72592, 29.68943], [76.72121, 29.688800000000004], [76.71170000000001, 29.689100000000003], [76.71249, 29.69506], [76.70490000000001, 29.695310000000003], [76.6996, 29.6978], [76.69711000000001, 29.70775], [76.69724000000001, 29.710290000000004], [76.70358, 29.721830000000004], [76.70398, 29.72773], [76.7039, 29.731700000000004], [76.71483, 29.730970000000003], [76.72437000000001, 29.728720000000003], [76.72502, 29.723300000000002]]]}}, {"id": "114", "type": "Feature", "properties": {"village_name": "Budhanpur Urf Rukanpur", "vil_lgd": 59255, "district_name": "Karnal", "dist_lgd": 67, "subdistrict_name": "Karnal", "sdcode": 372, "block_name": "Karnal", "block_lgd": 30.0, "gp_name": "BUDHANPUR URF RUKANPUR (10)", "state_name": "HARYANA", "state_lgd": 6, "population": 1632, "households": 323}, "geometry": {"type": "Polygon", "coordinates": [[[76.92436000000001, 29.747460000000004], [76.93054000000001, 29.739620000000002], [76.94167, 29.74151], [76.9418, 29.740850000000002], [76.93897000000001, 29.73919], [76.93650000000001, 29.736470000000004], [76.93065, 29.728980000000004], [76.927, 29.722350000000002], [76.92065000000001, 29.721090000000004], [76.91836, 29.72312], [76.91188000000001, 29.732560000000003], [76.91144000000001, 29.73814], [76.91418, 29.744580000000003], [76.92307000000001, 29.747850000000003], [76.92436000000001, 29.747460000000004]]]}}, {"id": "115", "type": "Feature", "properties": {"village_name": "Singhra", "vil_lgd": 59273, "district_name": "Karnal", "dist_lgd": 67, "subdistrict_name": "Karnal", "sdcode": 372, "block_name": "Nissing", "block_lgd": 31.0, "gp_name": "SINGHRA (21)", "state_name": "HARYANA", "state_lgd": 6, "population": 3677, "households": 667}, "geometry": {"type": "Polygon", "coordinates": [[[76.80551000000001, 29.729370000000003], [76.80701, 29.713], [76.79751, 29.706480000000003], [76.79374, 29.69536], [76.79227, 29.693430000000003], [76.78894000000001, 29.693050000000003], [76.77892, 29.688480000000002], [76.77435000000001, 29.691710000000004], [76.77364, 29.69357], [76.77441, 29.69619], [76.77344000000001, 29.705050000000004], [76.77135000000001, 29.7114], [76.76589000000001, 29.72117], [76.77350000000001, 29.727520000000002], [76.78051, 29.725960000000004], [76.7856, 29.726150000000004], [76.79428, 29.732170000000004], [76.80092, 29.729720000000004], [76.80551000000001, 29.729370000000003]]]}}, {"id": "116", "type": "Feature", "properties": {"village_name": "Pundrak", "vil_lgd": 59254, "district_name": "Karnal", "dist_lgd": 67, "subdistrict_name": "Karnal", "sdcode": 372, "block_name": "Karnal", "block_lgd": 30.0, "gp_name": "PUNDRAK (9)", "state_name": "HARYANA", "state_lgd": 6, "population": 4535, "households": 762}, "geometry": {"type": "Polygon", "coordinates": [[[76.93605000000001, 29.709380000000003], [76.93204, 29.716150000000003], [76.927, 29.722350000000002], [76.93065, 29.728980000000004], [76.93650000000001, 29.736470000000004], [76.93897000000001, 29.73919], [76.9418, 29.740850000000002], [76.95063, 29.7236], [76.94583, 29.717000000000002], [76.93915000000001, 29.711150000000004], [76.93605000000001, 29.709380000000003]]]}}, {"id": "117", "type": "Feature", "properties": {"village_name": "Nissing Rural", "vil_lgd": 59271, "district_name": "Karnal", "dist_lgd": 67, "subdistrict_name": "Karnal", "sdcode": 372, "block_name": "Nissing", "block_lgd": 31.0, "gp_name": "NISANG (RURAL) (34)", "state_name": "HARYANA", "state_lgd": 6, "population": 1693, "households": 327}, "geometry": {"type": "Polygon", "coordinates": [[[76.77135000000001, 29.7114], [76.77344000000001, 29.705050000000004], [76.74736, 29.70239], [76.74362, 29.689130000000002], [76.7299, 29.688190000000002], [76.72592, 29.68943], [76.73166, 29.70464], [76.72153, 29.714070000000003], [76.72144, 29.716130000000003], [76.72502, 29.723300000000002], [76.73215, 29.72201], [76.73994, 29.7238], [76.75436, 29.721460000000004], [76.76589000000001, 29.72117], [76.77135000000001, 29.7114]]]}}, {"id": "118", "type": "Feature", "properties": {"village_name": "Dachaur", "vil_lgd": 59307, "district_name": "Karnal", "dist_lgd": 67, "subdistrict_name": "Karnal", "sdcode": 372, "block_name": "Nissing", "block_lgd": 31.0, "gp_name": "DACHAUR (62)", "state_name": "HARYANA", "state_lgd": 6, "population": 7877, "households": 1558}, "geometry": {"type": "Polygon", "coordinates": [[[76.74137, 29.61483], [76.70614, 29.60837], [76.70277, 29.608290000000004], [76.70034000000001, 29.61324], [76.70012000000001, 29.61371], [76.7, 29.615250000000003], [76.70611000000001, 29.624140000000004], [76.70753, 29.627660000000002], [76.70710000000001, 29.632130000000004], [76.70303000000001, 29.64506], [76.70133000000001, 29.646220000000003], [76.69575, 29.646790000000003], [76.69509000000001, 29.650090000000002], [76.69571, 29.651090000000003], [76.69924, 29.651950000000003], [76.70565, 29.655530000000002], [76.71090000000001, 29.66071], [76.71098, 29.66308], [76.70352000000001, 29.669200000000004], [76.70443, 29.675060000000002], [76.70782000000001, 29.678770000000004], [76.70975, 29.684400000000004], [76.71672000000001, 29.67818], [76.73218, 29.658160000000002], [76.73855, 29.647140000000004], [76.74514, 29.63284], [76.75431, 29.628460000000004], [76.76333000000001, 29.620680000000004], [76.74137, 29.61483]]]}}, {"id": "119", "type": "Feature", "properties": {"village_name": "Jundla", "vil_lgd": 59297, "district_name": "Karnal", "dist_lgd": 67, "subdistrict_name": "Karnal", "sdcode": 372, "block_name": "Nissing", "block_lgd": 31.0, "gp_name": "JUNDLA (44)", "state_name": "HARYANA", "state_lgd": 6, "population": 13982, "households": 2848}, "geometry": {"type": "Polygon", "coordinates": [[[76.88433, 29.686760000000003], [76.88587000000001, 29.681540000000002], [76.89351, 29.67143], [76.89045, 29.658450000000002], [76.88864000000001, 29.65444], [76.88467, 29.64422], [76.88254, 29.636210000000002], [76.88101, 29.633450000000003], [76.87799000000001, 29.63098], [76.87415, 29.63031], [76.86841000000001, 29.629220000000004], [76.86434000000001, 29.627280000000003], [76.85039, 29.618270000000003], [76.84596, 29.61896], [76.82705, 29.63078], [76.81555, 29.636530000000004], [76.81956000000001, 29.643150000000002], [76.82718000000001, 29.660550000000004], [76.82855, 29.66794], [76.82947, 29.67837], [76.83436, 29.678490000000004], [76.85038, 29.675900000000002], [76.8529, 29.678120000000003], [76.85644, 29.68803], [76.86384000000001, 29.689860000000003], [76.87207000000001, 29.689180000000004], [76.88161000000001, 29.69245], [76.88340000000001, 29.68992], [76.88433, 29.686760000000003]]]}}, {"id": "120", "type": "Feature", "properties": {"village_name": "Hathlana", "vil_lgd": 59299, "district_name": "Karnal", "dist_lgd": 67, "subdistrict_name": "Karnal", "sdcode": 372, "block_name": "Nissing", "block_lgd": 31.0, "gp_name": "HATHLANA (40)", "state_name": "HARYANA", "state_lgd": 6, "population": 2648, "households": 540}, "geometry": {"type": "Polygon", "coordinates": [[[76.8529, 29.678120000000003], [76.85038, 29.675900000000002], [76.83436, 29.678490000000004], [76.82947, 29.67837], [76.82854, 29.689140000000002], [76.85644, 29.68803], [76.8529, 29.678120000000003]]]}}, {"id": "121", "type": "Feature", "properties": {"village_name": "Dadoopur Roran", "vil_lgd": 59284, "district_name": "Karnal", "dist_lgd": 67, "subdistrict_name": "Karnal", "sdcode": 372, "block_name": "Nissing", "block_lgd": 31.0, "gp_name": "DADOOPUR RORAN (43)", "state_name": "HARYANA", "state_lgd": 6, "population": 3737, "households": 720}, "geometry": {"type": "Polygon", "coordinates": [[[76.909, 29.680360000000004], [76.90547000000001, 29.676810000000003], [76.90062, 29.670920000000002], [76.89351, 29.67143], [76.88587000000001, 29.681540000000002], [76.88433, 29.686760000000003], [76.89021000000001, 29.690320000000003], [76.90085, 29.689490000000003], [76.91226, 29.68541], [76.909, 29.680360000000004]]]}}, {"id": "122", "type": "Feature", "properties": {"village_name": "Bazida Roran", "vil_lgd": 59277, "district_name": "Karnal", "dist_lgd": 67, "subdistrict_name": "Karnal", "sdcode": 372, "block_name": "Nissing", "block_lgd": 31.0, "gp_name": "BAZIDA RORAN (16)", "state_name": "HARYANA", "state_lgd": 6, "population": 1598, "households": 312}, "geometry": {"type": "Polygon", "coordinates": [[[76.86758, 29.709290000000003], [76.8661, 29.70877], [76.85328000000001, 29.70587], [76.84527, 29.705280000000002], [76.8452, 29.71223], [76.84880000000001, 29.721210000000003], [76.85577, 29.728180000000002], [76.86278, 29.732530000000004], [76.86866, 29.711180000000002], [76.86758, 29.709290000000003]]]}}, {"id": "123", "type": "Feature", "properties": {"village_name": "Baldhi Part", "vil_lgd": 59249, "district_name": "Karnal", "dist_lgd": 67, "subdistrict_name": "Karnal", "sdcode": 372, "block_name": "Karnal", "block_lgd": 30.0, "gp_name": "BALDHI (PART)(4)", "state_name": "HARYANA", "state_lgd": 6, "population": 3122, "households": 633}, "geometry": {"type": "Polygon", "coordinates": [[[76.97879, 29.735030000000002], [76.98362, 29.730100000000004], [76.98452, 29.727950000000003], [76.98018, 29.724470000000004], [76.97927, 29.72219], [76.96426000000001, 29.71994], [76.96386000000001, 29.713430000000002], [76.95992000000001, 29.714180000000002], [76.95865, 29.715700000000002], [76.96207000000001, 29.71995], [76.96212000000001, 29.723090000000003], [76.96044, 29.728320000000004], [76.97519000000001, 29.73589], [76.97743000000001, 29.73588], [76.97879, 29.735030000000002]]]}}, {"id": "124", "type": "Feature", "properties": {"village_name": "Zarifa Wiran", "vil_lgd": 59251, "district_name": "Karnal", "dist_lgd": 67, "subdistrict_name": "Karnal", "sdcode": 372, "block_name": "Karnal", "block_lgd": 30.0, "gp_name": "ZARIFA WIRAN (6)", "state_name": "HARYANA", "state_lgd": 6, "population": 626, "households": 147}, "geometry": {"type": "Polygon", "coordinates": [[[76.94973, 29.709590000000002], [76.94606, 29.70754], [76.94583, 29.717000000000002], [76.95063, 29.7236], [76.96044, 29.728320000000004], [76.96212000000001, 29.723090000000003], [76.96207000000001, 29.71995], [76.95865, 29.715700000000002], [76.94973, 29.709590000000002]]]}}, {"id": "125", "type": "Feature", "properties": {"village_name": "Makarampur", "vil_lgd": 59247, "district_name": "Karnal", "dist_lgd": 67, "subdistrict_name": "Karnal", "sdcode": 372, "block_name": "Karnal", "block_lgd": 30.0, "gp_name": "MAKARAMPUR (5)", "state_name": "HARYANA", "state_lgd": 6, "population": 2549, "households": 535}, "geometry": {"type": "Polygon", "coordinates": [[[76.98324000000001, 29.71768], [76.98332, 29.72107], [76.98261000000001, 29.721980000000002], [76.97927, 29.72219], [76.98018, 29.724470000000004], [76.98452, 29.727950000000003], [76.99000000000001, 29.716500000000003], [76.98324000000001, 29.71768]]]}}, {"id": "126", "type": "Feature", "properties": {"village_name": "Kuchpura", "vil_lgd": 59274, "district_name": "Karnal", "dist_lgd": 67, "subdistrict_name": "Karnal", "sdcode": 372, "block_name": "Nissing", "block_lgd": 31.0, "gp_name": "KUCHPURA (38)", "state_name": "HARYANA", "state_lgd": 6, "population": 1111, "households": 211}, "geometry": {"type": "Polygon", "coordinates": [[[76.82539000000001, 29.70437], [76.82041000000001, 29.701300000000003], [76.81636, 29.69733], [76.81625000000001, 29.694080000000003], [76.80379, 29.690820000000002], [76.79227, 29.693430000000003], [76.79374, 29.69536], [76.79751, 29.706480000000003], [76.80701, 29.713], [76.80984000000001, 29.71403], [76.81613, 29.71421], [76.82327000000001, 29.71008], [76.82458000000001, 29.70878], [76.82529000000001, 29.706170000000004], [76.82539000000001, 29.70437]]]}}, {"id": "127", "type": "Feature", "properties": {"village_name": "Dabri", "vil_lgd": 59282, "district_name": "Karnal", "dist_lgd": 67, "subdistrict_name": "Karnal", "sdcode": 372, "block_name": "Nissing", "block_lgd": 31.0, "gp_name": "DABRI (8)", "state_name": "HARYANA", "state_lgd": 6, "population": 1467, "households": 273}, "geometry": {"type": "Polygon", "coordinates": [[[76.92167, 29.713600000000003], [76.92724000000001, 29.704660000000004], [76.92653, 29.70219], [76.91727, 29.697070000000004], [76.90731000000001, 29.70173], [76.90251, 29.702240000000003], [76.90365000000001, 29.704230000000003], [76.90691000000001, 29.70632], [76.91477, 29.71694], [76.91623000000001, 29.71751], [76.917, 29.716820000000002], [76.92167, 29.713600000000003]]]}}, {"id": "128", "type": "Feature", "properties": {"village_name": "Saidpura", "vil_lgd": 59252, "district_name": "Karnal", "dist_lgd": 67, "subdistrict_name": "Karnal", "sdcode": 372, "block_name": "Karnal", "block_lgd": 30.0, "gp_name": "SAIDPURA (7)", "state_name": "HARYANA", "state_lgd": 6, "population": 1315, "households": 272}, "geometry": {"type": "Polygon", "coordinates": [[[76.92974000000001, 29.69431], [76.91727, 29.697070000000004], [76.92653, 29.70219], [76.92724000000001, 29.704660000000004], [76.93605000000001, 29.709380000000003], [76.93915000000001, 29.711150000000004], [76.94583, 29.717000000000002], [76.94606, 29.70754], [76.93830000000001, 29.701330000000002], [76.92974000000001, 29.69431]]]}}, {"id": "129", "type": "Feature", "properties": {"village_name": "Zarifabad", "vil_lgd": 59279, "district_name": "Karnal", "dist_lgd": 67, "subdistrict_name": "Karnal", "sdcode": 372, "block_name": "Nissing", "block_lgd": 31.0, "gp_name": "ZARIFABAD (42)", "state_name": "HARYANA", "state_lgd": 6, "population": 921, "households": 186}, "geometry": {"type": "Polygon", "coordinates": [[[76.89240000000001, 29.70323], [76.88889, 29.701750000000004], [76.86508, 29.702260000000003], [76.87162000000001, 29.711520000000004], [76.87960000000001, 29.71158], [76.88714, 29.710130000000003], [76.89081, 29.706390000000003], [76.89240000000001, 29.70323]]]}}, {"id": "130", "type": "Feature", "properties": {"village_name": "Manjura", "vil_lgd": 59278, "district_name": "Karnal", "dist_lgd": 67, "subdistrict_name": "Karnal", "sdcode": 372, "block_name": "Nissing", "block_lgd": 31.0, "gp_name": "MANJOORA (17)", "state_name": "HARYANA", "state_lgd": 6, "population": 2556, "households": 480}, "geometry": {"type": "Polygon", "coordinates": [[[76.86174000000001, 29.697470000000003], [76.84025000000001, 29.694480000000002], [76.82854, 29.689140000000002], [76.82849, 29.69198], [76.84234000000001, 29.70305], [76.84527, 29.705280000000002], [76.85328000000001, 29.70587], [76.8661, 29.70877], [76.86758, 29.709290000000003], [76.86866, 29.711180000000002], [76.87162000000001, 29.711520000000004], [76.86508, 29.702260000000003], [76.86174000000001, 29.697470000000003]]]}}, {"id": "131", "type": "Feature", "properties": {"village_name": "Budhanpur Viran", "vil_lgd": 59276, "district_name": "Karnal", "dist_lgd": 67, "subdistrict_name": "Karnal", "sdcode": 372, "block_name": "Nissing", "block_lgd": 31.0, "gp_name": "BUDHANPUR VIRAN (39)", "state_name": "HARYANA", "state_lgd": 6, "population": 1341, "households": 273}, "geometry": {"type": "Polygon", "coordinates": [[[76.83156000000001, 29.702410000000004], [76.83730000000001, 29.703740000000003], [76.84234000000001, 29.70305], [76.82849, 29.69198], [76.82773, 29.695800000000002], [76.82391000000001, 29.69591], [76.81625000000001, 29.694080000000003], [76.81636, 29.69733], [76.82041000000001, 29.701300000000003], [76.82539000000001, 29.70437], [76.82805, 29.702910000000003], [76.83156000000001, 29.702410000000004]]]}}, {"id": "132", "type": "Feature", "properties": {"village_name": "Agondh", "vil_lgd": 59300, "district_name": "Karnal", "dist_lgd": 67, "subdistrict_name": "Karnal", "sdcode": 372, "block_name": "Nissing", "block_lgd": 31.0, "gp_name": "AGOND (37)", "state_name": "HARYANA", "state_lgd": 6, "population": 7450, "households": 1338}, "geometry": {"type": "Polygon", "coordinates": [[[76.82854, 29.689140000000002], [76.82947, 29.67837], [76.82855, 29.66794], [76.81889000000001, 29.664870000000004], [76.80426, 29.663660000000004], [76.80629, 29.66758], [76.80622000000001, 29.67246], [76.80477, 29.674560000000003], [76.79869000000001, 29.675050000000002], [76.79586, 29.673970000000004], [76.79061, 29.669300000000003], [76.78718, 29.668350000000004], [76.78391, 29.665840000000003], [76.77892, 29.688480000000002], [76.78894000000001, 29.693050000000003], [76.79227, 29.693430000000003], [76.80379, 29.690820000000002], [76.81625000000001, 29.694080000000003], [76.82391000000001, 29.69591], [76.82773, 29.695800000000002], [76.82849, 29.69198], [76.82854, 29.689140000000002]]]}}, {"id": "133", "type": "Feature", "properties": {"village_name": "Karnal Rural Part", "vil_lgd": 59240, "district_name": "Karnal", "dist_lgd": 67, "subdistrict_name": "Karnal", "sdcode": 372, "block_name": "Karnal", "block_lgd": 30.0, "gp_name": "KARNAL (RURAL)(PART)(1)", "state_name": "HARYANA", "state_lgd": 6, "population": 11501, "households": 1834}, "geometry": {"type": "MultiPolygon", "coordinates": [[[[76.96483, 29.680030000000002], [76.96892000000001, 29.67479], [76.97113, 29.670340000000003], [76.97142000000001, 29.664130000000004], [76.97254000000001, 29.662560000000003], [76.97224, 29.659730000000003], [76.96905000000001, 29.660200000000003], [76.96513, 29.661870000000004], [76.96032000000001, 29.666220000000003], [76.96157000000001, 29.66831], [76.9586, 29.672400000000003], [76.95409000000001, 29.675760000000004], [76.94584, 29.678850000000004], [76.94391, 29.678720000000002], [76.94248, 29.680180000000004], [76.93818, 29.679730000000003], [76.93507000000001, 29.679530000000003], [76.92722, 29.681900000000002], [76.91586000000001, 29.68531], [76.91587000000001, 29.685730000000003], [76.91588, 29.686310000000002], [76.93024000000001, 29.69311], [76.93045000000001, 29.693960000000004], [76.92974000000001, 29.69431], [76.93830000000001, 29.701330000000002], [76.94606, 29.70754], [76.94973, 29.709590000000002], [76.95466, 29.706300000000002], [76.95363, 29.706010000000003], [76.94957000000001, 29.69581], [76.94881000000001, 29.691900000000004], [76.96087, 29.683220000000002], [76.96483, 29.680030000000002]]], [[[77.00111000000001, 29.669510000000002], [77.00479, 29.673560000000002], [77.01603, 29.675020000000004], [77.01599, 29.672870000000003], [77.01463000000001, 29.669790000000003], [77.00357000000001, 29.66513], [76.99767, 29.666220000000003], [76.9941, 29.663230000000002], [76.99174000000001, 29.657420000000002], [76.98943000000001, 29.65107], [76.97874, 29.661970000000004], [76.98118000000001, 29.666770000000003], [76.98706, 29.669860000000003], [76.98924000000001, 29.675330000000002], [76.99235, 29.67676], [76.99941000000001, 29.670440000000003], [77.00111000000001, 29.669510000000002]]]]}}, {"id": "134", "type": "Feature", "properties": {"village_name": "Sirsi", "vil_lgd": 59280, "district_name": "Karnal", "dist_lgd": 67, "subdistrict_name": "Karnal", "sdcode": 372, "block_name": "Nissing", "block_lgd": 31.0, "gp_name": "SIRSI (15)", "state_name": "HARYANA", "state_lgd": 6, "population": 1129, "households": 224}, "geometry": {"type": "Polygon", "coordinates": [[[76.89021000000001, 29.690320000000003], [76.88433, 29.686760000000003], [76.88340000000001, 29.68992], [76.88161000000001, 29.69245], [76.8777, 29.695020000000003], [76.86174000000001, 29.697470000000003], [76.86508, 29.702260000000003], [76.88889, 29.701750000000004], [76.89240000000001, 29.70323], [76.90365000000001, 29.704230000000003], [76.90251, 29.702240000000003], [76.89021000000001, 29.690320000000003]]]}}, {"id": "135", "type": "Feature", "properties": {"village_name": "Shahpur", "vil_lgd": 59281, "district_name": "Karnal", "dist_lgd": 67, "subdistrict_name": "Karnal", "sdcode": 372, "block_name": "Nissing", "block_lgd": 31.0, "gp_name": "SHAHPUR (13)", "state_name": "HARYANA", "state_lgd": 6, "population": 2204, "households": 437}, "geometry": {"type": "Polygon", "coordinates": [[[76.9084, 29.69544], [76.91226, 29.68541], [76.90085, 29.689490000000003], [76.89021000000001, 29.690320000000003], [76.90251, 29.702240000000003], [76.90731000000001, 29.70173], [76.9084, 29.69544]]]}}, {"id": "136", "type": "Feature", "properties": {"village_name": "Gondar", "vil_lgd": 59306, "district_name": "Karnal", "dist_lgd": 67, "subdistrict_name": "Karnal", "sdcode": 372, "block_name": "Nissing", "block_lgd": 31.0, "gp_name": "GONDAR (35)", "state_name": "HARYANA", "state_lgd": 6, "population": 14542, "households": 2773}, "geometry": {"type": "Polygon", "coordinates": [[[76.77892, 29.688480000000002], [76.78391, 29.665840000000003], [76.77796000000001, 29.655630000000002], [76.77572, 29.655440000000002], [76.77362000000001, 29.654100000000003], [76.76960000000001, 29.64815], [76.76831, 29.644450000000003], [76.77236, 29.633340000000004], [76.77211000000001, 29.62872], [76.76721, 29.62336], [76.76333000000001, 29.620680000000004], [76.75431, 29.628460000000004], [76.74514, 29.63284], [76.73855, 29.647140000000004], [76.73218, 29.658160000000002], [76.71672000000001, 29.67818], [76.70975, 29.684400000000004], [76.70982000000001, 29.68718], [76.71170000000001, 29.689100000000003], [76.72121, 29.688800000000004], [76.72592, 29.68943], [76.7299, 29.688190000000002], [76.74362, 29.689130000000002], [76.75957000000001, 29.68964], [76.77364, 29.69357], [76.77435000000001, 29.691710000000004], [76.77892, 29.688480000000002]]]}}, {"id": "137", "type": "Feature", "properties": {"village_name": "Hemda", "vil_lgd": 59283, "district_name": "Karnal", "dist_lgd": 67, "subdistrict_name": "Karnal", "sdcode": 372, "block_name": "Nissing", "block_lgd": 31.0, "gp_name": "HIMDA(14)", "state_name": "HARYANA", "state_lgd": 6, "population": 463, "households": 86}, "geometry": {"type": "Polygon", "coordinates": [[[76.92974000000001, 29.69431], [76.93045000000001, 29.693960000000004], [76.93024000000001, 29.69311], [76.91588, 29.686310000000002], [76.91587000000001, 29.685730000000003], [76.91344000000001, 29.684970000000003], [76.91226, 29.68541], [76.9084, 29.69544], [76.90731000000001, 29.70173], [76.91727, 29.697070000000004], [76.92974000000001, 29.69431]]]}}, {"id": "138", "type": "Feature", "properties": {"village_name": "Alipur Viran", "vil_lgd": 59302, "district_name": "Karnal", "dist_lgd": 67, "subdistrict_name": "Karnal", "sdcode": 372, "block_name": "Nissing", "block_lgd": 31.0, "gp_name": "ALIPUR VIRAN (60)", "state_name": "HARYANA", "state_lgd": 6, "population": 535, "households": 106}, "geometry": {"type": "Polygon", "coordinates": [[[76.80629, 29.66758], [76.80426, 29.663660000000004], [76.79904, 29.65358], [76.79792, 29.650150000000004], [76.79738, 29.643490000000003], [76.79243000000001, 29.645820000000004], [76.79293000000001, 29.64788], [76.79400000000001, 29.648390000000003], [76.79748000000001, 29.657360000000004], [76.7993, 29.667510000000004], [76.79814, 29.668950000000002], [76.79652, 29.669340000000002], [76.79061, 29.669300000000003], [76.79586, 29.673970000000004], [76.79869000000001, 29.675050000000002], [76.80477, 29.674560000000003], [76.80622000000001, 29.67246], [76.80629, 29.66758]]]}}, {"id": "139", "type": "Feature", "properties": {"village_name": "Ghogripur", "vil_lgd": 59288, "district_name": "Karnal", "dist_lgd": 67, "subdistrict_name": "Karnal", "sdcode": 372, "block_name": "Nissing", "block_lgd": 31.0, "gp_name": "GHOGRIPUR (50)", "state_name": "HARYANA", "state_lgd": 6, "population": 4171, "households": 824}, "geometry": {"type": "Polygon", "coordinates": [[[76.95613, 29.662160000000004], [76.94800000000001, 29.657370000000004], [76.94262, 29.65255], [76.93985, 29.638550000000002], [76.93385, 29.645740000000004], [76.92978000000001, 29.64862], [76.92386, 29.64985], [76.92254000000001, 29.65602], [76.9226, 29.660290000000003], [76.92511, 29.663990000000002], [76.93818, 29.679730000000003], [76.94248, 29.680180000000004], [76.94391, 29.678720000000002], [76.94584, 29.678850000000004], [76.95409000000001, 29.675760000000004], [76.9586, 29.672400000000003], [76.96157000000001, 29.66831], [76.96032000000001, 29.666220000000003], [76.95613, 29.662160000000004]]]}}, {"id": "140", "type": "Feature", "properties": {"village_name": "Chirao", "vil_lgd": 59286, "district_name": "Karnal", "dist_lgd": 67, "subdistrict_name": "Karnal", "sdcode": 372, "block_name": "Nissing", "block_lgd": 31.0, "gp_name": "CHIRAO (49)", "state_name": "HARYANA", "state_lgd": 6, "population": 2430, "households": 456}, "geometry": {"type": "Polygon", "coordinates": [[[76.92160000000001, 29.67376], [76.91811000000001, 29.669480000000004], [76.91502000000001, 29.666670000000003], [76.91192000000001, 29.66618], [76.90062, 29.670920000000002], [76.90547000000001, 29.676810000000003], [76.90909, 29.674460000000003], [76.91278000000001, 29.673600000000004], [76.92160000000001, 29.67376]]]}}, {"id": "141", "type": "Feature", "properties": {"village_name": "Seori", "vil_lgd": 59303, "district_name": "Karnal", "dist_lgd": 67, "subdistrict_name": "Karnal", "sdcode": 372, "block_name": "Nissing", "block_lgd": 31.0, "gp_name": "SEORI (36)", "state_name": "HARYANA", "state_lgd": 6, "population": 213, "households": 46}, "geometry": {"type": "Polygon", "coordinates": [[[76.79293000000001, 29.64788], [76.79088, 29.654420000000002], [76.79015000000001, 29.65481], [76.77874000000001, 29.654980000000002], [76.77796000000001, 29.655630000000002], [76.78391, 29.665840000000003], [76.78718, 29.668350000000004], [76.79061, 29.669300000000003], [76.79652, 29.669340000000002], [76.79814, 29.668950000000002], [76.7993, 29.667510000000004], [76.79748000000001, 29.657360000000004], [76.79400000000001, 29.648390000000003], [76.79293000000001, 29.64788]]]}}, {"id": "142", "type": "Feature", "properties": {"village_name": "Katlaheri", "vil_lgd": 59301, "district_name": "Karnal", "dist_lgd": 67, "subdistrict_name": "Karnal", "sdcode": 372, "block_name": "Nissing", "block_lgd": 31.0, "gp_name": "KATLAHERI (59)", "state_name": "HARYANA", "state_lgd": 6, "population": 4527, "households": 875}, "geometry": {"type": "Polygon", "coordinates": [[[76.81555, 29.636530000000004], [76.79738, 29.643490000000003], [76.79792, 29.650150000000004], [76.79904, 29.65358], [76.80426, 29.663660000000004], [76.81889000000001, 29.664870000000004], [76.82855, 29.66794], [76.82718000000001, 29.660550000000004], [76.81956000000001, 29.643150000000002], [76.81555, 29.636530000000004]]]}}, {"id": "143", "type": "Feature", "properties": {"village_name": "Kheri Naru", "vil_lgd": 59289, "district_name": "Karnal", "dist_lgd": 67, "subdistrict_name": "Karnal", "sdcode": 372, "block_name": "Nissing", "block_lgd": 31.0, "gp_name": "KHERI NARU (46)", "state_name": "HARYANA", "state_lgd": 6, "population": 6381, "households": 1244}, "geometry": {"type": "Polygon", "coordinates": [[[76.91502000000001, 29.666670000000003], [76.91811000000001, 29.669480000000004], [76.92511, 29.663990000000002], [76.9226, 29.660290000000003], [76.92254000000001, 29.65602], [76.92386, 29.64985], [76.91094000000001, 29.643240000000002], [76.90685, 29.641910000000003], [76.90293000000001, 29.64402], [76.90073000000001, 29.64579], [76.89265, 29.653560000000002], [76.88864000000001, 29.65444], [76.89045, 29.658450000000002], [76.89351, 29.67143], [76.90062, 29.670920000000002], [76.91192000000001, 29.66618], [76.91502000000001, 29.666670000000003]]]}}, {"id": "144", "type": "Feature", "properties": {"village_name": "Bazida Jattan", "vil_lgd": 59239, "district_name": "Karnal", "dist_lgd": 67, "subdistrict_name": "Karnal", "sdcode": 372, "block_name": "Karnal", "block_lgd": 30.0, "gp_name": "BAZIDA JATTAN (4)", "state_name": "HARYANA", "state_lgd": 6, "population": 2635, "households": 495}, "geometry": {"type": "Polygon", "coordinates": [[[76.94697000000001, 29.631180000000004], [76.93985, 29.638550000000002], [76.94262, 29.65255], [76.94800000000001, 29.657370000000004], [76.95613, 29.662160000000004], [76.96032000000001, 29.666220000000003], [76.96513, 29.661870000000004], [76.95545000000001, 29.641700000000004], [76.94973, 29.63333], [76.94697000000001, 29.631180000000004]]]}}, {"id": "145", "type": "Feature", "properties": {"village_name": "Gularpur", "vil_lgd": 59305, "district_name": "Karnal", "dist_lgd": 67, "subdistrict_name": "Karnal", "sdcode": 372, "block_name": "Nissing", "block_lgd": 31.0, "gp_name": "GULARPUR (61)", "state_name": "HARYANA", "state_lgd": 6, "population": 2110, "households": 403}, "geometry": {"type": "Polygon", "coordinates": [[[76.79243000000001, 29.645820000000004], [76.78930000000001, 29.643850000000004], [76.7843, 29.635320000000004], [76.78082, 29.630250000000004], [76.77719, 29.62761], [76.77211000000001, 29.62872], [76.77236, 29.633340000000004], [76.76831, 29.644450000000003], [76.76960000000001, 29.64815], [76.77362000000001, 29.654100000000003], [76.77572, 29.655440000000002], [76.77796000000001, 29.655630000000002], [76.77874000000001, 29.654980000000002], [76.79015000000001, 29.65481], [76.79088, 29.654420000000002], [76.79293000000001, 29.64788], [76.79243000000001, 29.645820000000004]]]}}, {"id": "146", "type": "Feature", "properties": {"village_name": "Kamboh Pura Part", "vil_lgd": 59236, "district_name": "Karnal", "dist_lgd": 67, "subdistrict_name": "Karnal", "sdcode": 372, "block_name": "Karnal", "block_lgd": 30.0, "gp_name": "KAMBOH PURA (PART)(2)", "state_name": "HARYANA", "state_lgd": 6, "population": 3875, "households": 730}, "geometry": {"type": "Polygon", "coordinates": [[[76.98777000000001, 29.648870000000002], [76.96724, 29.630070000000003], [76.96674, 29.63183], [76.96752000000001, 29.63416], [76.96905000000001, 29.660200000000003], [76.97224, 29.659730000000003], [76.97301, 29.658770000000004], [76.97172, 29.65396], [76.97401, 29.65367], [76.97874, 29.661970000000004], [76.98943000000001, 29.65107], [76.98777000000001, 29.648870000000002]]]}}, {"id": "147", "type": "Feature", "properties": {"village_name": "Bir Majra", "vil_lgd": 59290, "district_name": "Karnal", "dist_lgd": 67, "subdistrict_name": "Karnal", "sdcode": 372, "block_name": "Nissing", "block_lgd": 31.0, "gp_name": "BIR MAJRA (45)", "state_name": "HARYANA", "state_lgd": 6, "population": 417, "households": 79}, "geometry": {"type": "Polygon", "coordinates": [[[76.88933, 29.642220000000002], [76.88467, 29.64422], [76.88864000000001, 29.65444], [76.89265, 29.653560000000002], [76.90073000000001, 29.64579], [76.8949, 29.64215], [76.88933, 29.642220000000002]]]}}, {"id": "148", "type": "Feature", "properties": {"village_name": "Peont", "vil_lgd": 59304, "district_name": "Karnal", "dist_lgd": 67, "subdistrict_name": "Karnal", "sdcode": 372, "block_name": "Nissing", "block_lgd": 31.0, "gp_name": "PEONT (58)", "state_name": "HARYANA", "state_lgd": 6, "population": 3662, "households": 737}, "geometry": {"type": "Polygon", "coordinates": [[[76.79738, 29.643490000000003], [76.81555, 29.636530000000004], [76.82705, 29.63078], [76.81657000000001, 29.617900000000002], [76.80626000000001, 29.607740000000003], [76.80346, 29.6125], [76.79740000000001, 29.614230000000003], [76.78974000000001, 29.619770000000003], [76.78818000000001, 29.622230000000002], [76.78769000000001, 29.626970000000004], [76.7843, 29.635320000000004], [76.78930000000001, 29.643850000000004], [76.79243000000001, 29.645820000000004], [76.79738, 29.643490000000003]]]}}, {"id": "149", "type": "Feature", "properties": {"village_name": "Barota", "vil_lgd": 59291, "district_name": "Karnal", "dist_lgd": 67, "subdistrict_name": "Karnal", "sdcode": 372, "block_name": "Nissing", "block_lgd": 31.0, "gp_name": "BAROTA (51)", "state_name": "HARYANA", "state_lgd": 6, "population": 2860, "households": 552}, "geometry": {"type": "Polygon", "coordinates": [[[76.93985, 29.638550000000002], [76.93938, 29.63622], [76.93254, 29.629020000000004], [76.92443, 29.627340000000004], [76.90886, 29.629400000000004], [76.90666, 29.635870000000004], [76.90685, 29.641910000000003], [76.91094000000001, 29.643240000000002], [76.92386, 29.64985], [76.92978000000001, 29.64862], [76.93385, 29.645740000000004], [76.93985, 29.638550000000002]]]}}, {"id": "150", "type": "Feature", "properties": {"village_name": "Jani", "vil_lgd": 59294, "district_name": "Karnal", "dist_lgd": 67, "subdistrict_name": "Karnal", "sdcode": 372, "block_name": "Nissing", "block_lgd": 31.0, "gp_name": "JANI (54)", "state_name": "HARYANA", "state_lgd": 6, "population": 3986, "households": 791}, "geometry": {"type": "Polygon", "coordinates": [[[76.90685, 29.641910000000003], [76.90666, 29.635870000000004], [76.90886, 29.629400000000004], [76.90957, 29.62469], [76.90892000000001, 29.621920000000003], [76.90675, 29.620020000000004], [76.89222000000001, 29.611230000000003], [76.8789, 29.624550000000003], [76.87415, 29.63031], [76.87799000000001, 29.63098], [76.88101, 29.633450000000003], [76.88254, 29.636210000000002], [76.88467, 29.64422], [76.88933, 29.642220000000002], [76.8949, 29.64215], [76.90073000000001, 29.64579], [76.90293000000001, 29.64402], [76.90685, 29.641910000000003]]]}}, {"id": "151", "type": "Feature", "properties": {"village_name": "Bhusli", "vil_lgd": 59238, "district_name": "Karnal", "dist_lgd": 67, "subdistrict_name": "Karnal", "sdcode": 372, "block_name": "Karnal", "block_lgd": 30.0, "gp_name": "BHUSLI (14)", "state_name": "HARYANA", "state_lgd": 6, "population": 1648, "households": 307}, "geometry": {"type": "Polygon", "coordinates": [[[76.95705000000001, 29.621190000000002], [76.9522, 29.615260000000003], [76.94981, 29.61632], [76.93544, 29.624000000000002], [76.93251000000001, 29.62779], [76.93254, 29.629020000000004], [76.93938, 29.63622], [76.93985, 29.638550000000002], [76.94697000000001, 29.631180000000004], [76.95705000000001, 29.621190000000002]]]}}, {"id": "152", "type": "Feature", "properties": {"village_name": "Gharaunda", "vil_lgd": 800384, "district_name": "Karnal", "dist_lgd": 67, "subdistrict_name": "Gharaunda", "sdcode": 374, "block_name": "", "block_lgd": null, "gp_name": "", "state_name": "HARYANA", "state_lgd": 6, "population": 37816, "households": 7267}, "geometry": {"type": "Polygon", "coordinates": [[[76.98111, 29.549820000000004], [76.98106, 29.542930000000002], [76.98645, 29.536420000000003], [76.98806, 29.5316], [76.98007000000001, 29.53432], [76.97652000000001, 29.53442], [76.97231000000001, 29.532840000000004], [76.95942000000001, 29.524990000000003], [76.95261, 29.532100000000003], [76.95615000000001, 29.546570000000003], [76.95663, 29.55401], [76.95995, 29.56021], [76.96661, 29.565170000000002], [76.97089000000001, 29.565790000000003], [76.98032, 29.5607], [76.98111, 29.549820000000004]]]}}, {"id": "153", "type": "Feature", "properties": {"village_name": "Bansa", "vil_lgd": 59296, "district_name": "Karnal", "dist_lgd": 67, "subdistrict_name": "Karnal", "sdcode": 372, "block_name": "Nissing", "block_lgd": 31.0, "gp_name": "BANSA (57)", "state_name": "HARYANA", "state_lgd": 6, "population": 5028, "households": 958}, "geometry": {"type": "Polygon", "coordinates": [[[76.85546000000001, 29.61812], [76.85650000000001, 29.615940000000002], [76.85593, 29.608210000000003], [76.85674, 29.60309], [76.85643, 29.599030000000003], [76.85562, 29.593740000000004], [76.85220000000001, 29.59042], [76.84758000000001, 29.58762], [76.84034000000001, 29.584860000000003], [76.83445, 29.584540000000004], [76.82931, 29.58668], [76.8237, 29.587470000000003], [76.82028000000001, 29.586070000000003], [76.81679000000001, 29.587590000000002], [76.81345, 29.590270000000004], [76.81234, 29.592440000000003], [76.80943, 29.596600000000002], [76.80940000000001, 29.598630000000004], [76.80676000000001, 29.603820000000002], [76.80626000000001, 29.607740000000003], [76.81657000000001, 29.617900000000002], [76.82705, 29.63078], [76.84596, 29.61896], [76.85039, 29.618270000000003], [76.85546000000001, 29.61812]]]}}, {"id": "154", "type": "Feature", "properties": {"village_name": "Picholia", "vil_lgd": 59295, "district_name": "Karnal", "dist_lgd": 67, "subdistrict_name": "Karnal", "sdcode": 372, "block_name": "Nissing", "block_lgd": 31.0, "gp_name": "PUCHOLIA (55)", "state_name": "HARYANA", "state_lgd": 6, "population": 3814, "households": 696}, "geometry": {"type": "Polygon", "coordinates": [[[76.85643, 29.599030000000003], [76.85674, 29.60309], [76.85593, 29.608210000000003], [76.85650000000001, 29.615940000000002], [76.85546000000001, 29.61812], [76.85039, 29.618270000000003], [76.86434000000001, 29.627280000000003], [76.86841000000001, 29.629220000000004], [76.87415, 29.63031], [76.8789, 29.624550000000003], [76.89222000000001, 29.611230000000003], [76.8884, 29.60985], [76.88156000000001, 29.607390000000002], [76.87240000000001, 29.6061], [76.86382, 29.60282], [76.85643, 29.599030000000003]]]}}, {"id": "155", "type": "Feature", "properties": {"village_name": "Kutail", "vil_lgd": 59229, "district_name": "Karnal", "dist_lgd": 67, "subdistrict_name": "Karnal", "sdcode": 372, "block_name": "Gharaunda", "block_lgd": 33.0, "gp_name": "KUTAIL (9)", "state_name": "HARYANA", "state_lgd": 6, "population": 9419, "households": 1860}, "geometry": {"type": "Polygon", "coordinates": [[[76.96967000000001, 29.621360000000003], [76.97418, 29.615150000000003], [76.97701, 29.612930000000002], [76.98512000000001, 29.611570000000004], [76.99476, 29.61183], [76.99962000000001, 29.61522], [77.00461, 29.62179], [77.00796000000001, 29.628080000000004], [77.00815, 29.627710000000004], [77.01502, 29.612740000000002], [77.0177, 29.613390000000003], [77.01843000000001, 29.60525], [77.01141000000001, 29.59371], [77.00496000000001, 29.59185], [77.00067, 29.59916], [76.99824000000001, 29.59973], [76.99485, 29.5984], [76.98889000000001, 29.593400000000003], [76.98305, 29.590190000000003], [76.96612, 29.596280000000004], [76.96315000000001, 29.598670000000002], [76.96145, 29.602710000000002], [76.96049000000001, 29.607820000000004], [76.96261000000001, 29.61034], [76.96445, 29.616870000000002], [76.96071, 29.62487], [76.96674, 29.63183], [76.96724, 29.630070000000003], [76.96967000000001, 29.621360000000003]]]}}, {"id": "156", "type": "Feature", "properties": {"village_name": "Budhanpur Abad", "vil_lgd": 59293, "district_name": "Karnal", "dist_lgd": 67, "subdistrict_name": "Karnal", "sdcode": 372, "block_name": "Nissing", "block_lgd": 31.0, "gp_name": "BUDHANPUR ABAD (53)", "state_name": "HARYANA", "state_lgd": 6, "population": 2151, "households": 420}, "geometry": {"type": "Polygon", "coordinates": [[[76.89965000000001, 29.602300000000003], [76.8879, 29.608950000000004], [76.8884, 29.60985], [76.89222000000001, 29.611230000000003], [76.90675, 29.620020000000004], [76.91065, 29.61625], [76.91717000000001, 29.612600000000004], [76.91848, 29.61174], [76.91004000000001, 29.603610000000003], [76.90765, 29.60227], [76.89965000000001, 29.602300000000003]]]}}, {"id": "157", "type": "Feature", "properties": {"village_name": "Tharota", "vil_lgd": 59269, "district_name": "Karnal", "dist_lgd": 67, "subdistrict_name": "Karnal", "sdcode": 372, "block_name": "Nissing", "block_lgd": 31.0, "gp_name": "THAROTA (37)", "state_name": "HARYANA", "state_lgd": 6, "population": 942, "households": 191}, "geometry": {"type": "Polygon", "coordinates": [[[76.70358, 29.721830000000004], [76.69724000000001, 29.710290000000004], [76.69711000000001, 29.70775], [76.6996, 29.6978], [76.69155, 29.70146], [76.68809, 29.70089], [76.6872, 29.70212], [76.67525, 29.70782], [76.67165, 29.70878], [76.67048000000001, 29.708130000000004], [76.66818, 29.70905], [76.66901, 29.71176], [76.67087000000001, 29.71282], [76.67101000000001, 29.713670000000004], [76.67543, 29.71703], [76.67892, 29.718280000000004], [76.68564, 29.724610000000002], [76.69066000000001, 29.72698], [76.69503, 29.727320000000002], [76.69531, 29.730050000000002], [76.7039, 29.731700000000004], [76.70398, 29.72773], [76.70358, 29.721830000000004]]]}}, {"id": "158", "type": "Feature", "properties": {"village_name": "Pacca Khera", "vil_lgd": 59333, "district_name": "Karnal", "dist_lgd": 67, "subdistrict_name": "Assandh", "sdcode": 373, "block_name": "Assandh", "block_lgd": 32.0, "gp_name": "PACCA KHERA (75)", "state_name": "HARYANA", "state_lgd": 6, "population": 2487, "households": 476}, "geometry": {"type": "Polygon", "coordinates": [[[76.78408, 29.597120000000004], [76.78373, 29.60638], [76.78670000000001, 29.610770000000002], [76.78974000000001, 29.619770000000003], [76.79740000000001, 29.614230000000003], [76.80346, 29.6125], [76.80626000000001, 29.607740000000003], [76.80676000000001, 29.603820000000002], [76.79996000000001, 29.60133], [76.78408, 29.597120000000004]]]}}, {"id": "159", "type": "Feature", "properties": {"village_name": "Gharaunda Rural Part", "vil_lgd": 59379, "district_name": "Karnal", "dist_lgd": 67, "subdistrict_name": "Gharaunda", "sdcode": 374, "block_name": "Gharaunda", "block_lgd": 33.0, "gp_name": "GHARAUNDA (RURAL)(PART) (27)", "state_name": "HARYANA", "state_lgd": 6, "population": 271, "households": 51}, "geometry": {"type": "Polygon", "coordinates": [[[76.97961000000001, 29.570950000000003], [76.98032, 29.5607], [76.97089000000001, 29.565790000000003], [76.96661, 29.565170000000002], [76.95995, 29.56021], [76.95663, 29.55401], [76.95615000000001, 29.546570000000003], [76.95261, 29.532100000000003], [76.94372000000001, 29.54041], [76.94001, 29.546270000000003], [76.93539000000001, 29.561040000000002], [76.93737, 29.562150000000003], [76.94513, 29.563930000000003], [76.94901, 29.565960000000004], [76.9509, 29.567940000000004], [76.95213000000001, 29.571350000000002], [76.95190000000001, 29.580320000000004], [76.95817000000001, 29.587190000000003], [76.96392, 29.576510000000003], [76.9676, 29.572090000000003], [76.97095, 29.570710000000002], [76.97961000000001, 29.570950000000003]]]}}, {"id": "160", "type": "Feature", "properties": {"village_name": "Udana", "vil_lgd": 59062, "district_name": "Karnal", "dist_lgd": 67, "subdistrict_name": "Indri", "sdcode": 371, "block_name": "Indri", "block_lgd": 29.0, "gp_name": "UDANA (18)", "state_name": "HARYANA", "state_lgd": 6, "population": 1981, "households": 366}, "geometry": {"type": "Polygon", "coordinates": [[[76.98714000000001, 29.956000000000003], [76.98825000000001, 29.957230000000003], [76.98977000000001, 29.955820000000003], [76.98982000000001, 29.95398], [76.99101, 29.953650000000003], [76.98478, 29.9416], [76.98506, 29.936930000000004], [76.98698, 29.932830000000003], [76.98978000000001, 29.9311], [76.98338000000001, 29.92602], [76.98075, 29.927660000000003], [76.9782, 29.929640000000003], [76.96799, 29.93382], [76.96819, 29.943810000000003], [76.97132, 29.945010000000003], [76.97385000000001, 29.947930000000003], [76.97552, 29.94816], [76.97881000000001, 29.951520000000002], [76.98370000000001, 29.953590000000002], [76.98422000000001, 29.955690000000004], [76.98214, 29.956160000000004], [76.98147, 29.957140000000003], [76.98277, 29.95876], [76.98479, 29.956360000000004], [76.98714000000001, 29.956000000000003]]]}}, {"id": "161", "type": "Feature", "properties": {"village_name": "Kheri Jatan", "vil_lgd": 59061, "district_name": "Karnal", "dist_lgd": 67, "subdistrict_name": "Indri", "sdcode": 371, "block_name": "Indri", "block_lgd": 29.0, "gp_name": "KHERI JATAN (19)", "state_name": "HARYANA", "state_lgd": 6, "population": 849, "households": 199}, "geometry": {"type": "Polygon", "coordinates": [[[76.97800000000001, 29.926740000000002], [76.95968, 29.926560000000002], [76.95263, 29.928210000000004], [76.95019, 29.928580000000004], [76.94891000000001, 29.931140000000003], [76.94958000000001, 29.932050000000004], [76.95245000000001, 29.932740000000003], [76.95279000000001, 29.936080000000004], [76.95471, 29.936780000000002], [76.95665000000001, 29.936400000000003], [76.95710000000001, 29.939310000000003], [76.96168, 29.938240000000004], [76.96581, 29.93952], [76.96611, 29.941050000000004], [76.96504, 29.942860000000003], [76.96819, 29.943810000000003], [76.96799, 29.93382], [76.9782, 29.929640000000003], [76.98075, 29.927660000000003], [76.97800000000001, 29.926740000000002]]]}}, {"id": "162", "type": "Feature", "properties": {"village_name": "Bhadson", "vil_lgd": 59098, "district_name": "Karnal", "dist_lgd": 67, "subdistrict_name": "Indri", "sdcode": 371, "block_name": "Indri", "block_lgd": 29.0, "gp_name": "BHADSON (21)", "state_name": "HARYANA", "state_lgd": 6, "population": 3200, "households": 691}, "geometry": {"type": "Polygon", "coordinates": [[[76.96542000000001, 29.920450000000002], [76.97155000000001, 29.918070000000004], [76.98659, 29.915200000000002], [76.99494, 29.908050000000003], [76.99442, 29.907390000000003], [76.98822000000001, 29.901120000000002], [76.97498, 29.900850000000002], [76.97426, 29.90322], [76.97114, 29.90773], [76.96616, 29.907360000000004], [76.96091000000001, 29.913600000000002], [76.95759000000001, 29.915350000000004], [76.95677, 29.91946], [76.95312000000001, 29.922410000000003], [76.95409000000001, 29.92394], [76.95195000000001, 29.926410000000004], [76.95263, 29.928210000000004], [76.95968, 29.926560000000002], [76.96542000000001, 29.920450000000002]]]}}, {"id": "163", "type": "Feature", "properties": {"village_name": "Sarwan Majra", "vil_lgd": 59097, "district_name": "Karnal", "dist_lgd": 67, "subdistrict_name": "Indri", "sdcode": 371, "block_name": "Indri", "block_lgd": 29.0, "gp_name": "SARWAN MAJRA (20)", "state_name": "HARYANA", "state_lgd": 6, "population": 1346, "households": 255}, "geometry": {"type": "Polygon", "coordinates": [[[76.99287000000001, 29.920460000000002], [76.99992, 29.914550000000002], [76.99494, 29.908050000000003], [76.98659, 29.915200000000002], [76.97155000000001, 29.918070000000004], [76.96542000000001, 29.920450000000002], [76.95968, 29.926560000000002], [76.97800000000001, 29.926740000000002], [76.98075, 29.927660000000003], [76.98338000000001, 29.92602], [76.99287000000001, 29.920460000000002]]]}}, {"id": "164", "type": "Feature", "properties": {"village_name": "Bir Bhadson", "vil_lgd": 59099, "district_name": "Karnal", "dist_lgd": 67, "subdistrict_name": "Indri", "sdcode": 371, "block_name": "Indri", "block_lgd": 29.0, "gp_name": "BIR BHADSON (22)", "state_name": "HARYANA", "state_lgd": 6, "population": 565, "households": 99}, "geometry": {"type": "Polygon", "coordinates": [[[76.97498, 29.900850000000002], [76.9709, 29.901200000000003], [76.96616, 29.907360000000004], [76.97114, 29.90773], [76.97426, 29.90322], [76.97498, 29.900850000000002]]]}}, {"id": "165", "type": "Feature", "properties": {"village_name": "Sherpur Viran", "vil_lgd": 59100, "district_name": "Karnal", "dist_lgd": 67, "subdistrict_name": "Indri", "sdcode": 371, "block_name": "Nilokheri", "block_lgd": 28.0, "gp_name": "SHERPUR VIRAN (25)", "state_name": "HARYANA", "state_lgd": 6, "population": 47, "households": 8}, "geometry": {"type": "Polygon", "coordinates": [[[76.98822000000001, 29.901120000000002], [76.9942, 29.889830000000003], [76.99316, 29.886440000000004], [76.98045, 29.89204], [76.97271, 29.895290000000003], [76.97091, 29.89816], [76.97039000000001, 29.900250000000003], [76.9709, 29.901200000000003], [76.97498, 29.900850000000002], [76.98822000000001, 29.901120000000002]]]}}, {"id": "166", "type": "Feature", "properties": {"village_name": "Kheri Man Singh", "vil_lgd": 59168, "district_name": "Karnal", "dist_lgd": 67, "subdistrict_name": "Indri", "sdcode": 371, "block_name": "Indri", "block_lgd": 29.0, "gp_name": "KHERI MAN SINGH(63)", "state_name": "HARYANA", "state_lgd": 6, "population": 3050, "households": 560}, "geometry": {"type": "Polygon", "coordinates": [[[76.98729, 29.81311], [76.97793, 29.814110000000003], [76.97598, 29.819170000000003], [76.9766, 29.82157], [76.98668, 29.83565], [76.98845, 29.83622], [76.99361, 29.837480000000003], [76.99585, 29.83913], [76.99661, 29.845740000000003], [77.00508, 29.840100000000003], [77.00346, 29.835610000000003], [77.00214000000001, 29.831660000000003], [77.00407000000001, 29.820280000000004], [77.00366000000001, 29.81632], [76.99305000000001, 29.8135], [76.98729, 29.81311]]]}}, {"id": "167", "type": "Feature", "properties": {"village_name": "Gangar", "vil_lgd": 59169, "district_name": "Karnal", "dist_lgd": 67, "subdistrict_name": "Karnal", "sdcode": 372, "block_name": "Nilokheri", "block_lgd": 28.0, "gp_name": "GANGAR(72)", "state_name": "HARYANA", "state_lgd": 6, "population": 1085, "households": 199}, "geometry": {"type": "Polygon", "coordinates": [[[76.96415, 29.803380000000004], [76.96156, 29.796030000000002], [76.95515, 29.79866], [76.94056, 29.806980000000003], [76.94600000000001, 29.810950000000002], [76.95485000000001, 29.814560000000004], [76.95778, 29.814780000000003], [76.95879000000001, 29.814380000000003], [76.96564000000001, 29.805110000000003], [76.96415, 29.803380000000004]]]}}, {"id": "168", "type": "Feature", "properties": {"village_name": "Ramba", "vil_lgd": 59170, "district_name": "Karnal", "dist_lgd": 67, "subdistrict_name": "Karnal", "sdcode": 372, "block_name": "Karnal", "block_lgd": 30.0, "gp_name": "RAMBA(62)", "state_name": "HARYANA", "state_lgd": 6, "population": 4894, "households": 975}, "geometry": {"type": "Polygon", "coordinates": [[[77.00101000000001, 29.78571], [76.99993, 29.780250000000002], [77.00021000000001, 29.778150000000004], [76.98789000000001, 29.77887], [76.97638, 29.777720000000002], [76.96696, 29.784710000000004], [76.96241, 29.79173], [76.96156, 29.796030000000002], [76.96415, 29.803380000000004], [76.96564000000001, 29.805110000000003], [76.9676, 29.80741], [76.97603000000001, 29.81143], [76.97793, 29.814110000000003], [76.98729, 29.81311], [76.99305000000001, 29.8135], [77.00366000000001, 29.81632], [77.00710000000001, 29.80394], [77.00737000000001, 29.79754], [77.00101000000001, 29.78571]]]}}, {"id": "169", "type": "Feature", "properties": {"village_name": "Chakda", "vil_lgd": 59266, "district_name": "Karnal", "dist_lgd": 67, "subdistrict_name": "Karnal", "sdcode": 372, "block_name": "Nissing", "block_lgd": 31.0, "gp_name": "CHAKDA (28)", "state_name": "HARYANA", "state_lgd": 6, "population": 741, "households": 163}, "geometry": {"type": "Polygon", "coordinates": [[[76.7226, 29.7708], [76.72191000000001, 29.768400000000003], [76.71461000000001, 29.767970000000002], [76.71010000000001, 29.769000000000002], [76.70729, 29.770170000000004], [76.69721000000001, 29.78132], [76.70045, 29.784180000000003], [76.69905, 29.78628], [76.69938, 29.789140000000003], [76.70413, 29.78684], [76.7086, 29.786], [76.72295000000001, 29.785460000000004], [76.7226, 29.7708]]]}}, {"id": "170", "type": "Feature", "properties": {"village_name": "Sambhli", "vil_lgd": 59263, "district_name": "Karnal", "dist_lgd": 67, "subdistrict_name": "Karnal", "sdcode": 372, "block_name": "Nissing", "block_lgd": 31.0, "gp_name": "SAMBHLI (24)", "state_name": "HARYANA", "state_lgd": 6, "population": 7258, "households": 1417}, "geometry": {"type": "Polygon", "coordinates": [[[76.81629000000001, 29.78281], [76.81757, 29.782840000000004], [76.81711, 29.77147], [76.81614, 29.767010000000003], [76.81251, 29.762660000000004], [76.81407, 29.753790000000002], [76.81333000000001, 29.751990000000003], [76.80340000000001, 29.745790000000003], [76.79497, 29.750670000000003], [76.78141000000001, 29.756000000000004], [76.77788000000001, 29.759230000000002], [76.77508, 29.763260000000002], [76.77254, 29.768690000000003], [76.77210000000001, 29.772380000000002], [76.77296000000001, 29.778340000000004], [76.77661, 29.787460000000003], [76.77673, 29.787820000000004], [76.78076, 29.78919], [76.79514, 29.798140000000004], [76.81405000000001, 29.784930000000003], [76.81629000000001, 29.78281]]]}}, {"id": "171", "type": "Feature", "properties": {"village_name": "Amupur", "vil_lgd": 59265, "district_name": "Karnal", "dist_lgd": 67, "subdistrict_name": "Karnal", "sdcode": 372, "block_name": "Nissing", "block_lgd": 31.0, "gp_name": "AMUNPUR (31)", "state_name": "HARYANA", "state_lgd": 6, "population": 4782, "households": 911}, "geometry": {"type": "Polygon", "coordinates": [[[76.76625, 29.785870000000003], [76.76425, 29.769370000000002], [76.76626, 29.759580000000003], [76.76475, 29.75766], [76.74941000000001, 29.749920000000003], [76.74839, 29.74847], [76.73992000000001, 29.750550000000004], [76.73369000000001, 29.74979], [76.72282000000001, 29.750190000000003], [76.71678, 29.75223], [76.70706000000001, 29.75364], [76.70941, 29.75494], [76.71725, 29.76216], [76.7215, 29.766990000000003], [76.72191000000001, 29.768400000000003], [76.7226, 29.7708], [76.72295000000001, 29.785460000000004], [76.73094, 29.786340000000003], [76.74003, 29.788380000000004], [76.74359000000001, 29.788800000000002], [76.75056000000001, 29.788090000000004], [76.76009, 29.786140000000003], [76.76625, 29.785870000000003]]]}}, {"id": "172", "type": "Feature", "properties": {"village_name": "Brass", "vil_lgd": 59264, "district_name": "Karnal", "dist_lgd": 67, "subdistrict_name": "Karnal", "sdcode": 372, "block_name": "Nissing", "block_lgd": 31.0, "gp_name": "BARAS (23)", "state_name": "HARYANA", "state_lgd": 6, "population": 8848, "households": 1651}, "geometry": {"type": "Polygon", "coordinates": [[[76.77296000000001, 29.778340000000004], [76.77210000000001, 29.772380000000002], [76.77254, 29.768690000000003], [76.77508, 29.763260000000002], [76.77788000000001, 29.759230000000002], [76.78141000000001, 29.756000000000004], [76.79497, 29.750670000000003], [76.80340000000001, 29.745790000000003], [76.80603, 29.74313], [76.80733000000001, 29.735400000000002], [76.80639000000001, 29.729910000000004], [76.80551000000001, 29.729370000000003], [76.80092, 29.729720000000004], [76.79428, 29.732170000000004], [76.78547, 29.73655], [76.77900000000001, 29.736990000000002], [76.77635000000001, 29.73523], [76.77350000000001, 29.727520000000002], [76.76589000000001, 29.72117], [76.75436, 29.721460000000004], [76.73994, 29.7238], [76.73215, 29.72201], [76.72502, 29.723300000000002], [76.72437000000001, 29.728720000000003], [76.72696, 29.730410000000003], [76.73880000000001, 29.734500000000004], [76.7445, 29.737840000000002], [76.74707000000001, 29.740910000000003], [76.74839, 29.74847], [76.74941000000001, 29.749920000000003], [76.76475, 29.75766], [76.76626, 29.759580000000003], [76.76425, 29.769370000000002], [76.76625, 29.785870000000003], [76.77233000000001, 29.786330000000003], [76.77673, 29.787820000000004], [76.77661, 29.787460000000003], [76.77296000000001, 29.778340000000004]]]}}, {"id": "173", "type": "Feature", "properties": {"village_name": "Gohida", "vil_lgd": 59267, "district_name": "Karnal", "dist_lgd": 67, "subdistrict_name": "Karnal", "sdcode": 372, "block_name": "Nissing", "block_lgd": 31.0, "gp_name": "GOEDA (30)", "state_name": "HARYANA", "state_lgd": 6, "population": 1379, "households": 275}, "geometry": {"type": "Polygon", "coordinates": [[[76.71461000000001, 29.767970000000002], [76.72191000000001, 29.768400000000003], [76.7215, 29.766990000000003], [76.71725, 29.76216], [76.70941, 29.75494], [76.70706000000001, 29.75364], [76.70086, 29.75091], [76.69741, 29.751340000000003], [76.69030000000001, 29.753600000000002], [76.69005, 29.755380000000002], [76.68900000000001, 29.756040000000002], [76.68662, 29.760650000000002], [76.68653, 29.762780000000003], [76.68373000000001, 29.764730000000004], [76.68342000000001, 29.766450000000003], [76.68399000000001, 29.768780000000003], [76.68746, 29.770750000000003], [76.68847000000001, 29.773110000000003], [76.69437, 29.77718], [76.69721000000001, 29.78132], [76.70729, 29.770170000000004], [76.71010000000001, 29.769000000000002], [76.71461000000001, 29.767970000000002]]]}}, {"id": "174", "type": "Feature", "properties": {"village_name": "Kurak", "vil_lgd": 59258, "district_name": "Karnal", "dist_lgd": 67, "subdistrict_name": "Karnal", "sdcode": 372, "block_name": "Nilokheri", "block_lgd": 28.0, "gp_name": "KURAK (61)", "state_name": "HARYANA", "state_lgd": 6, "population": 1623, "households": 355}, "geometry": {"type": "Polygon", "coordinates": [[[76.91033, 29.765580000000003], [76.90849, 29.756390000000003], [76.90081, 29.75887], [76.88895000000001, 29.767660000000003], [76.89104, 29.76986], [76.90218, 29.775610000000004], [76.90948, 29.768290000000004], [76.91094000000001, 29.765900000000002], [76.91033, 29.765580000000003]]]}}, {"id": "175", "type": "Feature", "properties": {"village_name": "Kurali", "vil_lgd": 59190, "district_name": "Karnal", "dist_lgd": 67, "subdistrict_name": "Karnal", "sdcode": 372, "block_name": "Karnal", "block_lgd": 30.0, "gp_name": "KURALI (61)", "state_name": "HARYANA", "state_lgd": 6, "population": 2543, "households": 492}, "geometry": {"type": "Polygon", "coordinates": [[[76.97736, 29.73907], [76.97132, 29.745310000000003], [76.96861000000001, 29.75108], [76.9701, 29.751510000000003], [76.9689, 29.758350000000004], [76.96992, 29.760420000000003], [76.97612000000001, 29.776920000000004], [76.98217000000001, 29.77325], [76.98784, 29.766250000000003], [76.98892000000001, 29.763520000000003], [76.98914, 29.761930000000003], [76.98448, 29.750390000000003], [76.97736, 29.73907]]]}}, {"id": "176", "type": "Feature", "properties": {"village_name": "Motia", "vil_lgd": 59262, "district_name": "Karnal", "dist_lgd": 67, "subdistrict_name": "Karnal", "sdcode": 372, "block_name": "Nissing", "block_lgd": 31.0, "gp_name": "MOTIA (57)", "state_name": "HARYANA", "state_lgd": 6, "population": 719, "households": 129}, "geometry": {"type": "Polygon", "coordinates": [[[76.82838000000001, 29.761940000000003], [76.82975, 29.756940000000004], [76.83095, 29.755940000000002], [76.82979, 29.754310000000004], [76.81407, 29.753790000000002], [76.81251, 29.762660000000004], [76.81614, 29.767010000000003], [76.82841, 29.765480000000004], [76.82838000000001, 29.761940000000003]]]}}, {"id": "177", "type": "Feature", "properties": {"village_name": "Bastali", "vil_lgd": 59268, "district_name": "Karnal", "dist_lgd": 67, "subdistrict_name": "Karnal", "sdcode": 372, "block_name": "Nissing", "block_lgd": 31.0, "gp_name": "BASTALI (32)", "state_name": "HARYANA", "state_lgd": 6, "population": 4938, "households": 941}, "geometry": {"type": "Polygon", "coordinates": [[[76.72282000000001, 29.750190000000003], [76.73369000000001, 29.74979], [76.73992000000001, 29.750550000000004], [76.74839, 29.74847], [76.74707000000001, 29.740910000000003], [76.7445, 29.737840000000002], [76.73880000000001, 29.734500000000004], [76.72696, 29.730410000000003], [76.72437000000001, 29.728720000000003], [76.71483, 29.730970000000003], [76.7039, 29.731700000000004], [76.69531, 29.730050000000002], [76.69467, 29.734220000000004], [76.69509000000001, 29.7432], [76.69411000000001, 29.745790000000003], [76.69741, 29.751340000000003], [76.70086, 29.75091], [76.70706000000001, 29.75364], [76.71678, 29.75223], [76.72282000000001, 29.750190000000003]]]}}, {"id": "178", "type": "Feature", "properties": {"village_name": "Jatpura", "vil_lgd": 59259, "district_name": "Karnal", "dist_lgd": 67, "subdistrict_name": "Karnal", "sdcode": 372, "block_name": "Nilokheri", "block_lgd": 28.0, "gp_name": "JATPURA (62)", "state_name": "HARYANA", "state_lgd": 6, "population": 1742, "households": 323}, "geometry": {"type": "Polygon", "coordinates": [[[76.90807000000001, 29.75429], [76.88144000000001, 29.759760000000004], [76.88642, 29.765000000000004], [76.88895000000001, 29.767660000000003], [76.90081, 29.75887], [76.90849, 29.756390000000003], [76.90807000000001, 29.75429]]]}}, {"id": "179", "type": "Feature", "properties": {"village_name": "Bahlolpur Mushtarka", "vil_lgd": 59260, "district_name": "Karnal", "dist_lgd": 67, "subdistrict_name": "Karnal", "sdcode": 372, "block_name": "Nissing", "block_lgd": 31.0, "gp_name": "BAHLOLPUR MUSHTARKA (19)", "state_name": "HARYANA", "state_lgd": 6, "population": 1301, "households": 243}, "geometry": {"type": "Polygon", "coordinates": [[[76.86001, 29.754630000000002], [76.86170000000001, 29.75474], [76.86155000000001, 29.754050000000003], [76.8606, 29.742030000000003], [76.86278, 29.732530000000004], [76.85577, 29.728180000000002], [76.84880000000001, 29.721210000000003], [76.83259000000001, 29.734500000000004], [76.82232, 29.74508], [76.82459, 29.747000000000003], [76.82979, 29.754310000000004], [76.83095, 29.755940000000002], [76.83454, 29.754690000000004], [76.85022000000001, 29.75439], [76.86001, 29.754630000000002]]]}}, {"id": "180", "type": "Feature", "properties": {"village_name": "Jalala Viran", "vil_lgd": 59261, "district_name": "Karnal", "dist_lgd": 67, "subdistrict_name": "Karnal", "sdcode": 372, "block_name": "Nissing", "block_lgd": 31.0, "gp_name": "JALALA VIRAN (20)", "state_name": "HARYANA", "state_lgd": 6, "population": 1304, "households": 252}, "geometry": {"type": "Polygon", "coordinates": [[[76.81851, 29.741870000000002], [76.80733000000001, 29.735400000000002], [76.80603, 29.74313], [76.80340000000001, 29.745790000000003], [76.81333000000001, 29.751990000000003], [76.81407, 29.753790000000002], [76.82979, 29.754310000000004], [76.82459, 29.747000000000003], [76.82232, 29.74508], [76.81851, 29.741870000000002]]]}}, {"id": "181", "type": "Feature", "properties": {"village_name": "Choperi", "vil_lgd": 59030, "district_name": "Karnal", "dist_lgd": 67, "subdistrict_name": "Nilokheri", "sdcode": 370, "block_name": "Nilokheri", "block_lgd": 28.0, "gp_name": "CHOPERI (76)", "state_name": "HARYANA", "state_lgd": 6, "population": 208, "households": 49}, "geometry": {"type": "Polygon", "coordinates": [[[76.91094000000001, 29.765900000000002], [76.90948, 29.768290000000004], [76.90218, 29.775610000000004], [76.90606000000001, 29.77774], [76.91176, 29.784910000000004], [76.91439000000001, 29.766150000000003], [76.91094000000001, 29.765900000000002]]]}}, {"id": "182", "type": "Feature", "properties": {"village_name": "Uchana", "vil_lgd": 59250, "district_name": "Karnal", "dist_lgd": 67, "subdistrict_name": "Karnal", "sdcode": 372, "block_name": "Karnal", "block_lgd": 30.0, "gp_name": "UCHANA (60)", "state_name": "HARYANA", "state_lgd": 6, "population": 8634, "households": 1683}, "geometry": {"type": "Polygon", "coordinates": [[[76.97736, 29.73907], [76.97743000000001, 29.73588], [76.97519000000001, 29.73589], [76.96044, 29.728320000000004], [76.95063, 29.7236], [76.9418, 29.740850000000002], [76.94167, 29.74151], [76.94482, 29.74153], [76.9479, 29.744460000000004], [76.95461, 29.746990000000004], [76.96861000000001, 29.75108], [76.97132, 29.745310000000003], [76.97736, 29.73907]]]}}, {"id": "183", "type": "Feature", "properties": {"village_name": "Bairsal", "vil_lgd": 59060, "district_name": "Karnal", "dist_lgd": 67, "subdistrict_name": "Nilokheri", "sdcode": 370, "block_name": "Nilokheri", "block_lgd": 28.0, "gp_name": "BAIRSAL (27)", "state_name": "HARYANA", "state_lgd": 6, "population": 3738, "households": 748}, "geometry": {"type": "Polygon", "coordinates": [[[76.93742, 29.922150000000002], [76.9393, 29.91869], [76.94172, 29.918570000000003], [76.95004, 29.913770000000003], [76.95446000000001, 29.913460000000004], [76.95759000000001, 29.915350000000004], [76.96091000000001, 29.913600000000002], [76.96616, 29.907360000000004], [76.9709, 29.901200000000003], [76.97039000000001, 29.900250000000003], [76.97091, 29.89816], [76.96689, 29.896490000000004], [76.96173, 29.896590000000003], [76.95629000000001, 29.899610000000003], [76.94251000000001, 29.901690000000002], [76.94057000000001, 29.899810000000002], [76.94202, 29.895460000000003], [76.93778, 29.892760000000003], [76.92697000000001, 29.89628], [76.92716, 29.910860000000003], [76.92609, 29.916030000000003], [76.92795000000001, 29.91747], [76.93026, 29.921670000000002], [76.93050000000001, 29.923800000000004], [76.92909, 29.925390000000004], [76.92995, 29.925940000000004], [76.93249, 29.92554], [76.93253, 29.9247], [76.93453000000001, 29.923230000000004], [76.93742, 29.922150000000002]]]}}, {"id": "184", "type": "Feature", "properties": {"village_name": "Samana Bhau", "vil_lgd": 59059, "district_name": "Karnal", "dist_lgd": 67, "subdistrict_name": "Nilokheri", "sdcode": 370, "block_name": "Nilokheri", "block_lgd": 28.0, "gp_name": "SAMANA BHAU (30)", "state_name": "HARYANA", "state_lgd": 6, "population": 3929, "households": 788}, "geometry": {"type": "Polygon", "coordinates": [[[76.91244, 29.914980000000003], [76.91737, 29.914140000000003], [76.92088000000001, 29.914410000000004], [76.92216, 29.915730000000003], [76.92609, 29.916030000000003], [76.92716, 29.910860000000003], [76.92697000000001, 29.89628], [76.92385, 29.893860000000004], [76.90819, 29.890280000000004], [76.90397, 29.889860000000002], [76.89719000000001, 29.899720000000002], [76.89750000000001, 29.902210000000004], [76.8966, 29.904590000000002], [76.89881000000001, 29.913300000000003], [76.89866, 29.918560000000003], [76.90153000000001, 29.920780000000004], [76.90321, 29.918830000000003], [76.91244, 29.914980000000003]]]}}, {"id": "185", "type": "Feature", "properties": {"village_name": "Baqipur", "vil_lgd": 59054, "district_name": "Karnal", "dist_lgd": 67, "subdistrict_name": "Nilokheri", "sdcode": 370, "block_name": "Nilokheri", "block_lgd": 28.0, "gp_name": "BAQIPUR (26)", "state_name": "HARYANA", "state_lgd": 6, "population": 778, "households": 154}, "geometry": {"type": "Polygon", "coordinates": [[[76.96136000000001, 29.886390000000002], [76.95096000000001, 29.882270000000002], [76.94868000000001, 29.884870000000003], [76.9414, 29.889740000000003], [76.9414, 29.89214], [76.93778, 29.892760000000003], [76.94202, 29.895460000000003], [76.94057000000001, 29.899810000000002], [76.94251000000001, 29.901690000000002], [76.95629000000001, 29.899610000000003], [76.96173, 29.896590000000003], [76.96136000000001, 29.886390000000002]]]}}, {"id": "186", "type": "Feature", "properties": {"village_name": "Gitalpur", "vil_lgd": 58990, "district_name": "Karnal", "dist_lgd": 67, "subdistrict_name": "Nilokheri", "sdcode": 370, "block_name": "Nilokheri", "block_lgd": 28.0, "gp_name": "GITALPUR (23)", "state_name": "HARYANA", "state_lgd": 6, "population": 414, "households": 75}, "geometry": {"type": "Polygon", "coordinates": [[[76.82059000000001, 29.899440000000002], [76.81952000000001, 29.896380000000004], [76.81997000000001, 29.89485], [76.82690000000001, 29.894280000000002], [76.82528, 29.890020000000003], [76.81700000000001, 29.876070000000002], [76.80791, 29.876350000000002], [76.80847, 29.88134], [76.80616, 29.885360000000002], [76.80633, 29.886300000000002], [76.80244, 29.888170000000002], [76.80331000000001, 29.891750000000002], [76.80302, 29.894050000000004], [76.80388, 29.89495], [76.80764, 29.89533], [76.80711000000001, 29.89938], [76.80942, 29.901840000000004], [76.8148, 29.901840000000004], [76.81732000000001, 29.9005], [76.82059000000001, 29.899440000000002]]]}}, {"id": "187", "type": "Feature", "properties": {"village_name": "Abela", "vil_lgd": 58992, "district_name": "Karnal", "dist_lgd": 67, "subdistrict_name": "Nilokheri", "sdcode": 370, "block_name": "Nilokheri", "block_lgd": 28.0, "gp_name": "ABELA (24)", "state_name": "HARYANA", "state_lgd": 6, "population": 1588, "households": 273}, "geometry": {"type": "Polygon", "coordinates": [[[76.84021000000001, 29.884950000000003], [76.83368, 29.867900000000002], [76.82071, 29.87525], [76.81700000000001, 29.876070000000002], [76.82528, 29.890020000000003], [76.82690000000001, 29.894280000000002], [76.82901000000001, 29.894650000000002], [76.82956, 29.896900000000002], [76.83257, 29.898680000000002], [76.83248, 29.902030000000003], [76.83333, 29.902110000000004], [76.83500000000001, 29.900560000000002], [76.83634, 29.8972], [76.83734000000001, 29.897140000000004], [76.83728, 29.896], [76.83858000000001, 29.89438], [76.83751000000001, 29.89365], [76.83851, 29.8899], [76.84017, 29.887090000000004], [76.84021000000001, 29.884950000000003]]]}}, {"id": "188", "type": "Feature", "properties": {"village_name": "Barsalu", "vil_lgd": 59053, "district_name": "Karnal", "dist_lgd": 67, "subdistrict_name": "Nilokheri", "sdcode": 370, "block_name": "Nilokheri", "block_lgd": 28.0, "gp_name": "BARSALU (37)", "state_name": "HARYANA", "state_lgd": 6, "population": 2931, "households": 556}, "geometry": {"type": "Polygon", "coordinates": [[[76.96947, 29.88256], [76.96730000000001, 29.88426], [76.96136000000001, 29.886390000000002], [76.96173, 29.896590000000003], [76.96689, 29.896490000000004], [76.97091, 29.89816], [76.97271, 29.895290000000003], [76.98045, 29.89204], [76.96947, 29.88256]]]}}, {"id": "189", "type": "Feature", "properties": {"village_name": "Barani", "vil_lgd": 59058, "district_name": "Karnal", "dist_lgd": 67, "subdistrict_name": "Nilokheri", "sdcode": 370, "block_name": "Nilokheri", "block_lgd": 28.0, "gp_name": "BARANI (34)", "state_name": "HARYANA", "state_lgd": 6, "population": 1348, "households": 277}, "geometry": {"type": "Polygon", "coordinates": [[[76.89491000000001, 29.8866], [76.89232000000001, 29.886770000000002], [76.88520000000001, 29.889480000000002], [76.89096, 29.897640000000003], [76.89719000000001, 29.899720000000002], [76.90397, 29.889860000000002], [76.89491000000001, 29.8866]]]}}, {"id": "190", "type": "Feature", "properties": {"village_name": "Machuri", "vil_lgd": 59056, "district_name": "Karnal", "dist_lgd": 67, "subdistrict_name": "Nilokheri", "sdcode": 370, "block_name": "Nilokheri", "block_lgd": 28.0, "gp_name": "MACHURI (31)", "state_name": "HARYANA", "state_lgd": 6, "population": 583, "households": 122}, "geometry": {"type": "Polygon", "coordinates": [[[76.9414, 29.89214], [76.9414, 29.889740000000003], [76.9362, 29.887610000000002], [76.92684000000001, 29.8836], [76.92385, 29.893860000000004], [76.92697000000001, 29.89628], [76.93778, 29.892760000000003], [76.9414, 29.89214]]]}}, {"id": "191", "type": "Feature", "properties": {"village_name": "Bursham", "vil_lgd": 58989, "district_name": "Karnal", "dist_lgd": 67, "subdistrict_name": "Nilokheri", "sdcode": 370, "block_name": "Nilokheri", "block_lgd": 28.0, "gp_name": "BURSHAM (7)", "state_name": "HARYANA", "state_lgd": 6, "population": 766, "households": 150}, "geometry": {"type": "Polygon", "coordinates": [[[76.80791, 29.876350000000002], [76.80446, 29.871480000000002], [76.79822, 29.87301], [76.79206, 29.873510000000003], [76.78161, 29.872180000000004], [76.78158, 29.87348], [76.78758, 29.876970000000004], [76.79343, 29.876400000000004], [76.79412, 29.879320000000003], [76.79613, 29.879140000000003], [76.79691000000001, 29.88098], [76.80235, 29.881880000000002], [76.80616, 29.885360000000002], [76.80847, 29.88134], [76.80791, 29.876350000000002]]]}}, {"id": "192", "type": "Feature", "properties": {"village_name": "Budhera", "vil_lgd": 58987, "district_name": "Karnal", "dist_lgd": 67, "subdistrict_name": "Nilokheri", "sdcode": 370, "block_name": "Nilokheri", "block_lgd": 28.0, "gp_name": "BUDHERA (8)", "state_name": "HARYANA", "state_lgd": 6, "population": 1575, "households": 309}, "geometry": {"type": "Polygon", "coordinates": [[[76.78158, 29.87348], [76.78161, 29.872180000000004], [76.77952, 29.86785], [76.77454, 29.860930000000003], [76.75555, 29.865790000000004], [76.75504000000001, 29.866880000000002], [76.759, 29.870430000000002], [76.75998000000001, 29.87224], [76.76268, 29.87254], [76.76629000000001, 29.876260000000002], [76.77307, 29.877470000000002], [76.78158, 29.87348]]]}}, {"id": "193", "type": "Feature", "properties": {"village_name": "Barana", "vil_lgd": 59057, "district_name": "Karnal", "dist_lgd": 67, "subdistrict_name": "Nilokheri", "sdcode": 370, "block_name": "Nilokheri", "block_lgd": 28.0, "gp_name": "BARANA (32)", "state_name": "HARYANA", "state_lgd": 6, "population": 840, "households": 162}, "geometry": {"type": "Polygon", "coordinates": [[[76.92183, 29.882030000000004], [76.91994000000001, 29.882270000000002], [76.91152000000001, 29.886570000000003], [76.90819, 29.890280000000004], [76.92385, 29.893860000000004], [76.92684000000001, 29.8836], [76.92183, 29.882030000000004]]]}}, {"id": "194", "type": "Feature", "properties": {"village_name": "Abeli", "vil_lgd": 58993, "district_name": "Karnal", "dist_lgd": 67, "subdistrict_name": "Nilokheri", "sdcode": 370, "block_name": "Nilokheri", "block_lgd": 28.0, "gp_name": "ABELI (25)", "state_name": "HARYANA", "state_lgd": 6, "population": 1228, "households": 244}, "geometry": {"type": "Polygon", "coordinates": [[[76.85771000000001, 29.87742], [76.85929, 29.878650000000004], [76.86003000000001, 29.878420000000002], [76.86019, 29.875970000000002], [76.85967000000001, 29.872670000000003], [76.85818, 29.870670000000004], [76.85199, 29.866740000000004], [76.84609, 29.865320000000004], [76.8405, 29.86511], [76.83739, 29.865920000000003], [76.83368, 29.867900000000002], [76.84021000000001, 29.884950000000003], [76.84017, 29.887090000000004], [76.84696000000001, 29.883950000000002], [76.84941, 29.88079], [76.85685000000001, 29.878740000000004], [76.85771000000001, 29.87742]]]}}, {"id": "195", "type": "Feature", "properties": {"village_name": "Sikri", "vil_lgd": 59052, "district_name": "Karnal", "dist_lgd": 67, "subdistrict_name": "Nilokheri", "sdcode": 370, "block_name": "Nilokheri", "block_lgd": 28.0, "gp_name": "SIKRI (39)", "state_name": "HARYANA", "state_lgd": 6, "population": 3680, "households": 748}, "geometry": {"type": "Polygon", "coordinates": [[[76.99247000000001, 29.88417], [76.99304000000001, 29.880830000000003], [76.99618000000001, 29.87683], [77.00019, 29.87357], [77.00721, 29.871060000000003], [77.00995, 29.868080000000003], [77.00741000000001, 29.86436], [77.00224, 29.860720000000004], [76.99612, 29.85656], [76.98352000000001, 29.859160000000003], [76.97369, 29.86229], [76.96808, 29.86604], [76.97165000000001, 29.876700000000003], [76.97155000000001, 29.880450000000003], [76.96947, 29.88256], [76.98045, 29.89204], [76.99316, 29.886440000000004], [76.99247000000001, 29.88417]]]}}, {"id": "196", "type": "Feature", "properties": {"village_name": "Barthal", "vil_lgd": 58994, "district_name": "Karnal", "dist_lgd": 67, "subdistrict_name": "Nilokheri", "sdcode": 370, "block_name": "Nilokheri", "block_lgd": 28.0, "gp_name": "BARTHAL (35)", "state_name": "HARYANA", "state_lgd": 6, "population": 3893, "households": 751}, "geometry": {"type": "Polygon", "coordinates": [[[76.89354, 29.879630000000002], [76.89312000000001, 29.877250000000004], [76.88729000000001, 29.868360000000003], [76.87974000000001, 29.859410000000004], [76.8746, 29.855220000000003], [76.86284, 29.865330000000004], [76.85818, 29.870670000000004], [76.85967000000001, 29.872670000000003], [76.86019, 29.875970000000002], [76.86003000000001, 29.878420000000002], [76.85929, 29.878650000000004], [76.86528000000001, 29.881240000000002], [76.87150000000001, 29.879520000000003], [76.87546, 29.880910000000004], [76.88093, 29.880550000000003], [76.88520000000001, 29.889480000000002], [76.89232000000001, 29.886770000000002], [76.89491000000001, 29.8866], [76.89354, 29.879630000000002]]]}}, {"id": "197", "type": "Feature", "properties": {"village_name": "Unispur", "vil_lgd": 59055, "district_name": "Karnal", "dist_lgd": 67, "subdistrict_name": "Nilokheri", "sdcode": 370, "block_name": "Nilokheri", "block_lgd": 28.0, "gp_name": "UNISPUR (36)", "state_name": "HARYANA", "state_lgd": 6, "population": 1256, "households": 224}, "geometry": {"type": "Polygon", "coordinates": [[[76.95096000000001, 29.882270000000002], [76.9453, 29.870340000000002], [76.94458, 29.871380000000002], [76.94347, 29.875870000000003], [76.9362, 29.887610000000002], [76.9414, 29.889740000000003], [76.94868000000001, 29.884870000000003], [76.95096000000001, 29.882270000000002]]]}}, {"id": "198", "type": "Feature", "properties": {"village_name": "Pastana", "vil_lgd": 58986, "district_name": "Karnal", "dist_lgd": 67, "subdistrict_name": "Nilokheri", "sdcode": 370, "block_name": "Nilokheri", "block_lgd": 28.0, "gp_name": "PASTANA (11)", "state_name": "HARYANA", "state_lgd": 6, "population": 1817, "households": 347}, "geometry": {"type": "Polygon", "coordinates": [[[76.75101000000001, 29.86934], [76.75504000000001, 29.866880000000002], [76.75555, 29.865790000000004], [76.75483000000001, 29.863370000000003], [76.74406, 29.858140000000002], [76.73899, 29.856720000000003], [76.72972, 29.85742], [76.73242, 29.871700000000004], [76.73906000000001, 29.871840000000002], [76.75101000000001, 29.86934]]]}}, {"id": "199", "type": "Feature", "properties": {"village_name": "Raipur Roran", "vil_lgd": 59048, "district_name": "Karnal", "dist_lgd": 67, "subdistrict_name": "Nilokheri", "sdcode": 370, "block_name": "Nilokheri", "block_lgd": 28.0, "gp_name": "RAIPUR RORAN (44)", "state_name": "HARYANA", "state_lgd": 6, "population": 2368, "households": 457}, "geometry": {"type": "Polygon", "coordinates": [[[76.92184, 29.879410000000004], [76.92472000000001, 29.870440000000002], [76.92522000000001, 29.86576], [76.92388000000001, 29.865280000000002], [76.92017000000001, 29.869210000000002], [76.91582000000001, 29.871050000000004], [76.90932000000001, 29.871170000000003], [76.90507000000001, 29.86905], [76.90252000000001, 29.866650000000003], [76.89676, 29.876420000000003], [76.89354, 29.879630000000002], [76.89491000000001, 29.8866], [76.90397, 29.889860000000002], [76.90819, 29.890280000000004], [76.91152000000001, 29.886570000000003], [76.91994000000001, 29.882270000000002], [76.92183, 29.882030000000004], [76.92184, 29.879410000000004]]]}}, {"id": "200", "type": "Feature", "properties": {"village_name": "Dadupur", "vil_lgd": 59035, "district_name": "Karnal", "dist_lgd": 67, "subdistrict_name": "Nilokheri", "sdcode": 370, "block_name": "Nilokheri", "block_lgd": 28.0, "gp_name": "DADUPUR (83)", "state_name": "HARYANA", "state_lgd": 6, "population": 1768, "households": 353}, "geometry": {"type": "Polygon", "coordinates": [[[76.97612000000001, 29.776920000000004], [76.96992, 29.760420000000003], [76.95357000000001, 29.761350000000004], [76.95972, 29.76949], [76.96271, 29.777500000000003], [76.96696, 29.784710000000004], [76.97638, 29.777720000000002], [76.97612000000001, 29.776920000000004]]]}}, {"id": "201", "type": "Feature", "properties": {"village_name": "Manak Majra", "vil_lgd": 59049, "district_name": "Karnal", "dist_lgd": 67, "subdistrict_name": "Nilokheri", "sdcode": 370, "block_name": "Nilokheri", "block_lgd": 28.0, "gp_name": "MANAK MAJRA (33)", "state_name": "HARYANA", "state_lgd": 6, "population": 638, "households": 127}, "geometry": {"type": "Polygon", "coordinates": [[[76.92915, 29.873130000000003], [76.92675000000001, 29.872390000000003], [76.92472000000001, 29.870440000000002], [76.92184, 29.879410000000004], [76.92183, 29.882030000000004], [76.92684000000001, 29.8836], [76.9362, 29.887610000000002], [76.94347, 29.875870000000003], [76.94458, 29.871380000000002], [76.92915, 29.873130000000003]]]}}, {"id": "202", "type": "Feature", "properties": {"village_name": "Kalsi", "vil_lgd": 59050, "district_name": "Karnal", "dist_lgd": 67, "subdistrict_name": "Nilokheri", "sdcode": 370, "block_name": "Nilokheri", "block_lgd": 28.0, "gp_name": "KALSI (69)", "state_name": "HARYANA", "state_lgd": 6, "population": 1841, "households": 347}, "geometry": {"type": "Polygon", "coordinates": [[[76.96061, 29.873200000000004], [76.95936, 29.864960000000004], [76.95360000000001, 29.863850000000003], [76.95235000000001, 29.86428], [76.95189, 29.86671], [76.94531, 29.868250000000003], [76.9453, 29.870340000000002], [76.95096000000001, 29.882270000000002], [76.96136000000001, 29.886390000000002], [76.96730000000001, 29.88426], [76.96947, 29.88256], [76.96061, 29.873200000000004]]]}}, {"id": "203", "type": "Feature", "properties": {"village_name": "Patanpuri", "vil_lgd": 59000, "district_name": "Karnal", "dist_lgd": 67, "subdistrict_name": "Nilokheri", "sdcode": 370, "block_name": "Nilokheri", "block_lgd": 28.0, "gp_name": "PATANPURI (10)", "state_name": "HARYANA", "state_lgd": 6, "population": 1006, "households": 181}, "geometry": {"type": "Polygon", "coordinates": [[[76.75450000000001, 29.849460000000004], [76.75334000000001, 29.85235], [76.75395, 29.860560000000003], [76.75483000000001, 29.863370000000003], [76.75555, 29.865790000000004], [76.77454, 29.860930000000003], [76.77050000000001, 29.85215], [76.76528, 29.84926], [76.75450000000001, 29.849460000000004]]]}}, {"id": "204", "type": "Feature", "properties": {"village_name": "Bhukhapuri", "vil_lgd": 58988, "district_name": "Karnal", "dist_lgd": 67, "subdistrict_name": "Nilokheri", "sdcode": 370, "block_name": "Nilokheri", "block_lgd": 28.0, "gp_name": "BHUKHAPURI (19)", "state_name": "HARYANA", "state_lgd": 6, "population": 1029, "households": 207}, "geometry": {"type": "Polygon", "coordinates": [[[76.80328, 29.86464], [76.79775000000001, 29.861620000000002], [76.78699, 29.86193], [76.78148, 29.86116], [76.77827, 29.860490000000002], [76.77454, 29.860930000000003], [76.77952, 29.86785], [76.78161, 29.872180000000004], [76.79206, 29.873510000000003], [76.79822, 29.87301], [76.80446, 29.871480000000002], [76.80328, 29.86464]]]}}, {"id": "205", "type": "Feature", "properties": {"village_name": "Lathron", "vil_lgd": 59051, "district_name": "Karnal", "dist_lgd": 67, "subdistrict_name": "Nilokheri", "sdcode": 370, "block_name": "Nilokheri", "block_lgd": 28.0, "gp_name": "LATHRON (38)", "state_name": "HARYANA", "state_lgd": 6, "population": 419, "households": 73}, "geometry": {"type": "Polygon", "coordinates": [[[76.95936, 29.864960000000004], [76.96061, 29.873200000000004], [76.96947, 29.88256], [76.97155000000001, 29.880450000000003], [76.97165000000001, 29.876700000000003], [76.96808, 29.86604], [76.96021, 29.86501], [76.95936, 29.864960000000004]]]}}, {"id": "206", "type": "Feature", "properties": {"village_name": "Jamba", "vil_lgd": 58991, "district_name": "Karnal", "dist_lgd": 67, "subdistrict_name": "Nilokheri", "sdcode": 370, "block_name": "Nilokheri", "block_lgd": 28.0, "gp_name": "JAMBA (22)", "state_name": "HARYANA", "state_lgd": 6, "population": 2040, "households": 395}, "geometry": {"type": "Polygon", "coordinates": [[[76.82071, 29.87525], [76.83368, 29.867900000000002], [76.83291000000001, 29.865470000000002], [76.83339000000001, 29.863460000000003], [76.83632, 29.85724], [76.83649000000001, 29.854860000000002], [76.83536000000001, 29.85112], [76.82821000000001, 29.85836], [76.82553, 29.859530000000003], [76.82262, 29.85892], [76.81446000000001, 29.85412], [76.81131, 29.858400000000003], [76.80328, 29.86464], [76.80446, 29.871480000000002], [76.80791, 29.876350000000002], [76.81700000000001, 29.876070000000002], [76.82071, 29.87525]]]}}, {"id": "207", "type": "Feature", "properties": {"village_name": "Nigdhu", "vil_lgd": 59001, "district_name": "Karnal", "dist_lgd": 67, "subdistrict_name": "Nilokheri", "sdcode": 370, "block_name": "Nilokheri", "block_lgd": 28.0, "gp_name": "NIGDHU (14)", "state_name": "HARYANA", "state_lgd": 6, "population": 7832, "households": 1503}, "geometry": {"type": "Polygon", "coordinates": [[[76.75334000000001, 29.85235], [76.75450000000001, 29.849460000000004], [76.75656000000001, 29.84625], [76.75755000000001, 29.840840000000004], [76.75622000000001, 29.83837], [76.74703000000001, 29.828590000000002], [76.74583000000001, 29.825770000000002], [76.74602, 29.82372], [76.72326000000001, 29.816080000000003], [76.71775000000001, 29.81302], [76.71696, 29.813260000000003], [76.71082000000001, 29.81735], [76.71436, 29.82101], [76.71686000000001, 29.827610000000004], [76.72351, 29.839170000000003], [76.72417, 29.84296], [76.72330000000001, 29.851710000000004], [76.72972, 29.85742], [76.73899, 29.856720000000003], [76.74406, 29.858140000000002], [76.75483000000001, 29.863370000000003], [76.75395, 29.860560000000003], [76.75334000000001, 29.85235]]]}}, {"id": "208", "type": "Feature", "properties": {"village_name": "Khawaja Ahmadpur", "vil_lgd": 59021, "district_name": "Karnal", "dist_lgd": 67, "subdistrict_name": "Nilokheri", "sdcode": 370, "block_name": "Nilokheri", "block_lgd": 28.0, "gp_name": "KHAWAJA AHMADPUR (36)", "state_name": "HARYANA", "state_lgd": 6, "population": 1226, "households": 241}, "geometry": {"type": "Polygon", "coordinates": [[[76.91339, 29.854570000000002], [76.91329, 29.851350000000004], [76.91173, 29.84794], [76.90499000000001, 29.853930000000002], [76.89979000000001, 29.853630000000003], [76.89738000000001, 29.851580000000002], [76.89304000000001, 29.857020000000002], [76.89004000000001, 29.864060000000002], [76.88729000000001, 29.868360000000003], [76.89312000000001, 29.877250000000004], [76.89354, 29.879630000000002], [76.89676, 29.876420000000003], [76.90252000000001, 29.866650000000003], [76.91339, 29.854570000000002]]]}}, {"id": "209", "type": "Feature", "properties": {"village_name": "Bir Dhandari", "vil_lgd": 59013, "district_name": "Karnal", "dist_lgd": 67, "subdistrict_name": "Nilokheri", "sdcode": 370, "block_name": "Nissing", "block_lgd": 31.0, "gp_name": "BIR DHANDARI (55/56)", "state_name": "HARYANA", "state_lgd": 6, "population": 875, "households": 160}, "geometry": {"type": "Polygon", "coordinates": [[[76.84338000000001, 29.78592], [76.83039000000001, 29.771510000000003], [76.82841, 29.765480000000004], [76.81614, 29.767010000000003], [76.81711, 29.77147], [76.81757, 29.782840000000004], [76.83197000000001, 29.793290000000002], [76.8341, 29.79482], [76.83539, 29.794410000000003], [76.84335, 29.78714], [76.84338000000001, 29.78592]]]}}, {"id": "210", "type": "Feature", "properties": {"village_name": "Shamgarh", "vil_lgd": 59036, "district_name": "Karnal", "dist_lgd": 67, "subdistrict_name": "Nilokheri", "sdcode": 370, "block_name": "Nilokheri", "block_lgd": 28.0, "gp_name": "SHAMGARH (77)", "state_name": "HARYANA", "state_lgd": 6, "population": 7131, "households": 1430}, "geometry": {"type": "Polygon", "coordinates": [[[76.96241, 29.79173], [76.96696, 29.784710000000004], [76.96271, 29.777500000000003], [76.95972, 29.76949], [76.95357000000001, 29.761350000000004], [76.95074000000001, 29.75908], [76.94671000000001, 29.756200000000003], [76.93753000000001, 29.758200000000002], [76.92905, 29.761540000000004], [76.92574, 29.761760000000002], [76.91772, 29.766340000000003], [76.92280000000001, 29.773940000000003], [76.93, 29.788130000000002], [76.92999, 29.78984], [76.94431, 29.793630000000004], [76.95515, 29.79866], [76.96156, 29.796030000000002], [76.96241, 29.79173]]]}}, {"id": "211", "type": "Feature", "properties": {"village_name": "Saga", "vil_lgd": 59014, "district_name": "Karnal", "dist_lgd": 67, "subdistrict_name": "Nilokheri", "sdcode": 370, "block_name": "Nilokheri", "block_lgd": 28.0, "gp_name": "SAGA (58)", "state_name": "HARYANA", "state_lgd": 6, "population": 5727, "households": 972}, "geometry": {"type": "Polygon", "coordinates": [[[76.86289000000001, 29.776690000000002], [76.86806, 29.77006], [76.86069, 29.762330000000002], [76.85995000000001, 29.760130000000004], [76.86001, 29.754630000000002], [76.85022000000001, 29.75439], [76.83454, 29.754690000000004], [76.83095, 29.755940000000002], [76.82975, 29.756940000000004], [76.82838000000001, 29.761940000000003], [76.82841, 29.765480000000004], [76.83039000000001, 29.771510000000003], [76.84338000000001, 29.78592], [76.84335, 29.78714], [76.84714000000001, 29.78957], [76.84837, 29.787740000000003], [76.86419000000001, 29.78065], [76.86289000000001, 29.776690000000002]]]}}, {"id": "212", "type": "Feature", "properties": {"village_name": "Naraina", "vil_lgd": 59016, "district_name": "Karnal", "dist_lgd": 67, "subdistrict_name": "Nilokheri", "sdcode": 370, "block_name": "Nilokheri", "block_lgd": 28.0, "gp_name": "NARAINA (60)", "state_name": "HARYANA", "state_lgd": 6, "population": 3553, "households": 673}, "geometry": {"type": "Polygon", "coordinates": [[[76.89822000000001, 29.786140000000003], [76.90031, 29.778910000000003], [76.90218, 29.775610000000004], [76.89104, 29.76986], [76.88895000000001, 29.767660000000003], [76.88642, 29.765000000000004], [76.86806, 29.77006], [76.86289000000001, 29.776690000000002], [76.86419000000001, 29.78065], [76.87727000000001, 29.789420000000003], [76.88221, 29.789400000000004], [76.88877000000001, 29.785500000000003], [76.89166, 29.78498], [76.89822000000001, 29.786140000000003]]]}}, {"id": "213", "type": "Feature", "properties": {"village_name": "Laliani", "vil_lgd": 59037, "district_name": "Karnal", "dist_lgd": 67, "subdistrict_name": "Nilokheri", "sdcode": 370, "block_name": "Nilokheri", "block_lgd": 28.0, "gp_name": "LALIANI (74)", "state_name": "HARYANA", "state_lgd": 6, "population": 1202, "households": 230}, "geometry": {"type": "Polygon", "coordinates": [[[76.92999, 29.78984], [76.93, 29.788130000000002], [76.92280000000001, 29.773940000000003], [76.91772, 29.766340000000003], [76.91439000000001, 29.766150000000003], [76.91176, 29.784910000000004], [76.90972000000001, 29.790750000000003], [76.92441000000001, 29.790570000000002], [76.92999, 29.78984]]]}}, {"id": "214", "type": "Feature", "properties": {"village_name": "Sheikhanpur", "vil_lgd": 59029, "district_name": "Karnal", "dist_lgd": 67, "subdistrict_name": "Nilokheri", "sdcode": 370, "block_name": "Nilokheri", "block_lgd": 28.0, "gp_name": "SHEIKHANPUR (75)", "state_name": "HARYANA", "state_lgd": 6, "population": 604, "households": 123}, "geometry": {"type": "Polygon", "coordinates": [[[76.90606000000001, 29.77774], [76.90218, 29.775610000000004], [76.90031, 29.778910000000003], [76.89822000000001, 29.786140000000003], [76.90972000000001, 29.790750000000003], [76.91176, 29.784910000000004], [76.90606000000001, 29.77774]]]}}, {"id": "215", "type": "Feature", "properties": {"village_name": "Bir Naraina", "vil_lgd": 59015, "district_name": "Karnal", "dist_lgd": 67, "subdistrict_name": "Nilokheri", "sdcode": 370, "block_name": "Nilokheri", "block_lgd": 28.0, "gp_name": "BIR NARAINA (59)", "state_name": "HARYANA", "state_lgd": 6, "population": 1352, "households": 278}, "geometry": {"type": "Polygon", "coordinates": [[[76.88144000000001, 29.759760000000004], [76.87784, 29.76047], [76.87484, 29.759980000000002], [76.86155000000001, 29.754050000000003], [76.86170000000001, 29.75474], [76.86001, 29.754630000000002], [76.85995000000001, 29.760130000000004], [76.86069, 29.762330000000002], [76.86806, 29.77006], [76.88642, 29.765000000000004], [76.88144000000001, 29.759760000000004]]]}}, {"id": "216", "type": "Feature", "properties": {"village_name": "Sultanpur", "vil_lgd": 59031, "district_name": "Karnal", "dist_lgd": 67, "subdistrict_name": "Nilokheri", "sdcode": 370, "block_name": "Nilokheri", "block_lgd": 28.0, "gp_name": "SULTANPUR (78)", "state_name": "HARYANA", "state_lgd": 6, "population": 1739, "households": 329}, "geometry": {"type": "Polygon", "coordinates": [[[76.92441000000001, 29.753330000000002], [76.92307000000001, 29.747850000000003], [76.91418, 29.744580000000003], [76.91153000000001, 29.749200000000002], [76.91075000000001, 29.75214], [76.90807000000001, 29.75429], [76.90849, 29.756390000000003], [76.91033, 29.765580000000003], [76.91094000000001, 29.765900000000002], [76.91439000000001, 29.766150000000003], [76.91772, 29.766340000000003], [76.92574, 29.761760000000002], [76.92441000000001, 29.753330000000002]]]}}, {"id": "217", "type": "Feature", "properties": {"village_name": "Arja Heri", "vil_lgd": 59046, "district_name": "Karnal", "dist_lgd": 67, "subdistrict_name": "Nilokheri", "sdcode": 370, "block_name": "Nilokheri", "block_lgd": 28.0, "gp_name": "ARJA HERI (35)", "state_name": "HARYANA", "state_lgd": 6, "population": 1637, "households": 321}, "geometry": {"type": "Polygon", "coordinates": [[[76.9453, 29.870340000000002], [76.94531, 29.868250000000003], [76.94171, 29.862240000000003], [76.9392, 29.860120000000002], [76.92719000000001, 29.86079], [76.92565, 29.861860000000004], [76.92388000000001, 29.865280000000002], [76.92522000000001, 29.86576], [76.92472000000001, 29.870440000000002], [76.92675000000001, 29.872390000000003], [76.92915, 29.873130000000003], [76.94458, 29.871380000000002], [76.9453, 29.870340000000002]]]}}, {"id": "218", "type": "Feature", "properties": {"village_name": "Hai Batpur", "vil_lgd": 58999, "district_name": "Karnal", "dist_lgd": 67, "subdistrict_name": "Nilokheri", "sdcode": 370, "block_name": "Nilokheri", "block_lgd": 28.0, "gp_name": "HAI BATPUR (18)", "state_name": "HARYANA", "state_lgd": 6, "population": 1336, "households": 254}, "geometry": {"type": "Polygon", "coordinates": [[[76.77877000000001, 29.841230000000003], [76.77489, 29.839570000000002], [76.76973000000001, 29.836820000000003], [76.76951000000001, 29.836070000000003], [76.75755000000001, 29.840840000000004], [76.75656000000001, 29.84625], [76.75450000000001, 29.849460000000004], [76.76528, 29.84926], [76.77050000000001, 29.85215], [76.77454, 29.860930000000003], [76.77827, 29.860490000000002], [76.78148, 29.86116], [76.78299000000001, 29.84193], [76.77877000000001, 29.841230000000003]]]}}, {"id": "219", "type": "Feature", "properties": {"village_name": "Kamalpur", "vil_lgd": 58995, "district_name": "Karnal", "dist_lgd": 67, "subdistrict_name": "Nilokheri", "sdcode": 370, "block_name": "Nilokheri", "block_lgd": 28.0, "gp_name": "KAMALPUR (37)", "state_name": "HARYANA", "state_lgd": 6, "population": 1118, "households": 198}, "geometry": {"type": "Polygon", "coordinates": [[[76.86687, 29.849760000000003], [76.86217, 29.847870000000004], [76.85324, 29.85592], [76.84609, 29.865320000000004], [76.85199, 29.866740000000004], [76.85818, 29.870670000000004], [76.86284, 29.865330000000004], [76.8746, 29.855220000000003], [76.86687, 29.849760000000003]]]}}, {"id": "220", "type": "Feature", "properties": {"village_name": "Dabarthala", "vil_lgd": 58996, "district_name": "Karnal", "dist_lgd": 67, "subdistrict_name": "Nilokheri", "sdcode": 370, "block_name": "Nilokheri", "block_lgd": 28.0, "gp_name": "DABARTHALA(38)", "state_name": "HARYANA", "state_lgd": 6, "population": 1505, "households": 277}, "geometry": {"type": "Polygon", "coordinates": [[[76.8405, 29.86511], [76.84609, 29.865320000000004], [76.85324, 29.85592], [76.86217, 29.847870000000004], [76.84466, 29.844620000000003], [76.83676000000001, 29.848520000000004], [76.83536000000001, 29.85112], [76.83649000000001, 29.854860000000002], [76.83632, 29.85724], [76.83339000000001, 29.863460000000003], [76.83291000000001, 29.865470000000002], [76.83368, 29.867900000000002], [76.83739, 29.865920000000003], [76.8405, 29.86511]]]}}, {"id": "221", "type": "Feature", "properties": {"village_name": "Sanwat", "vil_lgd": 58998, "district_name": "Karnal", "dist_lgd": 67, "subdistrict_name": "Nilokheri", "sdcode": 370, "block_name": "Nilokheri", "block_lgd": 28.0, "gp_name": "SANWAT (20)", "state_name": "HARYANA", "state_lgd": 6, "population": 2931, "households": 549}, "geometry": {"type": "Polygon", "coordinates": [[[76.81415000000001, 29.850420000000003], [76.80622000000001, 29.839460000000003], [76.80486, 29.834930000000004], [76.80454, 29.833260000000003], [76.78299000000001, 29.84193], [76.78148, 29.86116], [76.78699, 29.86193], [76.79775000000001, 29.861620000000002], [76.80328, 29.86464], [76.81131, 29.858400000000003], [76.81446000000001, 29.85412], [76.81415000000001, 29.850420000000003]]]}}, {"id": "222", "type": "Feature", "properties": {"village_name": "Pujam Part", "vil_lgd": 59047, "district_name": "Karnal", "dist_lgd": 67, "subdistrict_name": "Nilokheri", "sdcode": 370, "block_name": "Nilokheri", "block_lgd": 28.0, "gp_name": "PUJAM (PART)(43)", "state_name": "HARYANA", "state_lgd": 6, "population": 1297, "households": 278}, "geometry": {"type": "Polygon", "coordinates": [[[76.9184, 29.86464], [76.92012000000001, 29.85958], [76.91339, 29.854570000000002], [76.90252000000001, 29.866650000000003], [76.90507000000001, 29.86905], [76.90932000000001, 29.871170000000003], [76.91582000000001, 29.871050000000004], [76.92017000000001, 29.869210000000002], [76.92388000000001, 29.865280000000002], [76.9184, 29.86464]]]}}, {"id": "223", "type": "Feature", "properties": {"village_name": "Seedpur", "vil_lgd": 59020, "district_name": "Karnal", "dist_lgd": 67, "subdistrict_name": "Nilokheri", "sdcode": 370, "block_name": "Nilokheri", "block_lgd": 28.0, "gp_name": "SEEDPUR (41)", "state_name": "HARYANA", "state_lgd": 6, "population": 2006, "households": 375}, "geometry": {"type": "Polygon", "coordinates": [[[76.89637, 29.848830000000003], [76.90026, 29.8425], [76.90046000000001, 29.84034], [76.89947000000001, 29.838340000000002], [76.89767, 29.839940000000002], [76.89068, 29.84325], [76.88821, 29.84569], [76.88324, 29.855300000000003], [76.87974000000001, 29.859410000000004], [76.88729000000001, 29.868360000000003], [76.89004000000001, 29.864060000000002], [76.89304000000001, 29.857020000000002], [76.89738000000001, 29.851580000000002], [76.89637, 29.848830000000003]]]}}, {"id": "224", "type": "Feature", "properties": {"village_name": "Sherpur Viran", "vil_lgd": 59045, "district_name": "Karnal", "dist_lgd": 67, "subdistrict_name": "Nilokheri", "sdcode": 370, "block_name": "Nilokheri", "block_lgd": 28.0, "gp_name": "SHERPUR VIRAN (68)", "state_name": "HARYANA", "state_lgd": 6, "population": 450, "households": 87}, "geometry": {"type": "Polygon", "coordinates": [[[76.95360000000001, 29.863850000000003], [76.95936, 29.864960000000004], [76.94821, 29.855380000000004], [76.94600000000001, 29.85572], [76.9392, 29.860120000000002], [76.94171, 29.862240000000003], [76.94531, 29.868250000000003], [76.95189, 29.86671], [76.95235000000001, 29.86428], [76.95360000000001, 29.863850000000003]]]}}, {"id": "225", "type": "Feature", "properties": {"village_name": "Rajgarh", "vil_lgd": 59043, "district_name": "Karnal", "dist_lgd": 67, "subdistrict_name": "Nilokheri", "sdcode": 370, "block_name": "Nilokheri", "block_lgd": 28.0, "gp_name": "RAJGARH (67)", "state_name": "HARYANA", "state_lgd": 6, "population": 302, "households": 51}, "geometry": {"type": "Polygon", "coordinates": [[[76.97484, 29.849850000000004], [76.95295, 29.84983], [76.94681, 29.848110000000002], [76.94821, 29.855380000000004], [76.95936, 29.864960000000004], [76.96021, 29.86501], [76.96808, 29.86604], [76.97369, 29.86229], [76.98352000000001, 29.859160000000003], [76.97484, 29.849850000000004]]]}}, {"id": "226", "type": "Feature", "properties": {"village_name": "Brahman Majra", "vil_lgd": 58997, "district_name": "Karnal", "dist_lgd": 67, "subdistrict_name": "Nilokheri", "sdcode": 370, "block_name": "Nilokheri", "block_lgd": 28.0, "gp_name": "BRAHMAN MAJRA (21)", "state_name": "HARYANA", "state_lgd": 6, "population": 857, "households": 166}, "geometry": {"type": "Polygon", "coordinates": [[[76.83676000000001, 29.848520000000004], [76.82939, 29.844540000000002], [76.80486, 29.834930000000004], [76.80622000000001, 29.839460000000003], [76.81415000000001, 29.850420000000003], [76.81446000000001, 29.85412], [76.82262, 29.85892], [76.82553, 29.859530000000003], [76.82821000000001, 29.85836], [76.83536000000001, 29.85112], [76.83676000000001, 29.848520000000004]]]}}, {"id": "227", "type": "Feature", "properties": {"village_name": "Butana Part", "vil_lgd": 59044, "district_name": "Karnal", "dist_lgd": 67, "subdistrict_name": "Nilokheri", "sdcode": 370, "block_name": "Nilokheri", "block_lgd": 28.0, "gp_name": "BUTANA (PART)(34)", "state_name": "HARYANA", "state_lgd": 6, "population": 1583, "households": 329}, "geometry": {"type": "Polygon", "coordinates": [[[76.94600000000001, 29.85572], [76.94821, 29.855380000000004], [76.94681, 29.848110000000002], [76.94414, 29.835780000000003], [76.9424, 29.840950000000003], [76.9367, 29.851810000000004], [76.93371, 29.853220000000004], [76.92719000000001, 29.86079], [76.9392, 29.860120000000002], [76.94600000000001, 29.85572]]]}}, {"id": "228", "type": "Feature", "properties": {"village_name": "Anjan Thali", "vil_lgd": 59019, "district_name": "Karnal", "dist_lgd": 67, "subdistrict_name": "Nilokheri", "sdcode": 370, "block_name": "Nilokheri", "block_lgd": 28.0, "gp_name": "ANJAN THALI (40)", "state_name": "HARYANA", "state_lgd": 6, "population": 3459, "households": 671}, "geometry": {"type": "Polygon", "coordinates": [[[76.87637000000001, 29.831210000000002], [76.87381, 29.835900000000002], [76.87237, 29.838880000000003], [76.86930000000001, 29.841720000000002], [76.86997000000001, 29.84578], [76.86687, 29.849760000000003], [76.8746, 29.855220000000003], [76.87974000000001, 29.859410000000004], [76.88324, 29.855300000000003], [76.88821, 29.84569], [76.89068, 29.84325], [76.89767, 29.839940000000002], [76.89947000000001, 29.838340000000002], [76.90074000000001, 29.836190000000002], [76.88945000000001, 29.835510000000003], [76.88307, 29.833900000000003], [76.87637000000001, 29.831210000000002]]]}}, {"id": "229", "type": "Feature", "properties": {"village_name": "Nilokheri Township", "vil_lgd": 59023, "district_name": "Karnal", "dist_lgd": 67, "subdistrict_name": "Nilokheri", "sdcode": 370, "block_name": "Nilokheri", "block_lgd": 28.0, "gp_name": "NILOKHERI TOWNSHIP (45/1)", "state_name": "HARYANA", "state_lgd": 6, "population": 815, "households": 158}, "geometry": {"type": "Polygon", "coordinates": [[[76.91973, 29.838230000000003], [76.91244, 29.832420000000003], [76.91047, 29.830730000000003], [76.90173, 29.83527], [76.91173, 29.84794], [76.91329, 29.851350000000004], [76.91339, 29.854570000000002], [76.92012000000001, 29.85958], [76.92634000000001, 29.8396], [76.91973, 29.838230000000003]]]}}, {"id": "230", "type": "Feature", "properties": {"village_name": "Amargarh", "vil_lgd": 59042, "district_name": "Karnal", "dist_lgd": 67, "subdistrict_name": "Nilokheri", "sdcode": 370, "block_name": "Nilokheri", "block_lgd": 28.0, "gp_name": "AMARGARH (66)", "state_name": "HARYANA", "state_lgd": 6, "population": 568, "households": 119}, "geometry": {"type": "Polygon", "coordinates": [[[76.99661, 29.845740000000003], [76.99585, 29.83913], [76.99361, 29.837480000000003], [76.98845, 29.83622], [76.98216000000001, 29.83958], [76.97965, 29.841790000000003], [76.97484, 29.849850000000004], [76.98352000000001, 29.859160000000003], [76.99612, 29.85656], [76.99661, 29.845740000000003]]]}}, {"id": "231", "type": "Feature", "properties": {"village_name": "Bir Badalwa", "vil_lgd": 59008, "district_name": "Karnal", "dist_lgd": 67, "subdistrict_name": "Nilokheri", "sdcode": 370, "block_name": "Nilokheri", "block_lgd": 28.0, "gp_name": "BIR BADALWA (15)", "state_name": "HARYANA", "state_lgd": 6, "population": 3643, "households": 670}, "geometry": {"type": "Polygon", "coordinates": [[[76.77081000000001, 29.834090000000003], [76.77059000000001, 29.830620000000003], [76.76570000000001, 29.823380000000004], [76.76095000000001, 29.819470000000003], [76.75026000000001, 29.821630000000003], [76.74602, 29.82372], [76.74583000000001, 29.825770000000002], [76.74703000000001, 29.828590000000002], [76.75622000000001, 29.83837], [76.75755000000001, 29.840840000000004], [76.76951000000001, 29.836070000000003], [76.77081000000001, 29.834090000000003]]]}}, {"id": "232", "type": "Feature", "properties": {"village_name": "Dheru Majra", "vil_lgd": 59022, "district_name": "Karnal", "dist_lgd": 67, "subdistrict_name": "Nilokheri", "sdcode": 370, "block_name": "Nilokheri", "block_lgd": 28.0, "gp_name": "DHERU MAJRA (42)", "state_name": "HARYANA", "state_lgd": 6, "population": 152, "households": 27}, "geometry": {"type": "Polygon", "coordinates": [[[76.90173, 29.83527], [76.90074000000001, 29.836190000000002], [76.89947000000001, 29.838340000000002], [76.90046000000001, 29.84034], [76.90026, 29.8425], [76.89637, 29.848830000000003], [76.89738000000001, 29.851580000000002], [76.89979000000001, 29.853630000000003], [76.90499000000001, 29.853930000000002], [76.91173, 29.84794], [76.90173, 29.83527]]]}}, {"id": "233", "type": "Feature", "properties": {"village_name": "Sambhi", "vil_lgd": 59010, "district_name": "Karnal", "dist_lgd": 67, "subdistrict_name": "Nilokheri", "sdcode": 370, "block_name": "Nilokheri", "block_lgd": 28.0, "gp_name": "SAMBHI (52)", "state_name": "HARYANA", "state_lgd": 6, "population": 2703, "households": 541}, "geometry": {"type": "Polygon", "coordinates": [[[76.84482000000001, 29.841260000000002], [76.84284000000001, 29.835440000000002], [76.84161, 29.830940000000002], [76.84356000000001, 29.81987], [76.83947, 29.818320000000003], [76.83212, 29.81377], [76.80455, 29.823420000000002], [76.80454, 29.833260000000003], [76.80486, 29.834930000000004], [76.82939, 29.844540000000002], [76.83676000000001, 29.848520000000004], [76.84466, 29.844620000000003], [76.84482000000001, 29.841260000000002]]]}}, {"id": "234", "type": "Feature", "properties": {"village_name": "Gholpura", "vil_lgd": 59009, "district_name": "Karnal", "dist_lgd": 67, "subdistrict_name": "Nilokheri", "sdcode": 370, "block_name": "Nilokheri", "block_lgd": 28.0, "gp_name": "GHOLPURA (17)", "state_name": "HARYANA", "state_lgd": 6, "population": 1040, "households": 169}, "geometry": {"type": "Polygon", "coordinates": [[[76.80455, 29.823420000000002], [76.78541000000001, 29.82879], [76.77059000000001, 29.830620000000003], [76.77081000000001, 29.834090000000003], [76.76951000000001, 29.836070000000003], [76.76973000000001, 29.836820000000003], [76.77489, 29.839570000000002], [76.77877000000001, 29.841230000000003], [76.78299000000001, 29.84193], [76.80454, 29.833260000000003], [76.80455, 29.823420000000002]]]}}, {"id": "235", "type": "Feature", "properties": {"village_name": "Sohlun", "vil_lgd": 59018, "district_name": "Karnal", "dist_lgd": 67, "subdistrict_name": "Nilokheri", "sdcode": 370, "block_name": "Nilokheri", "block_lgd": 28.0, "gp_name": "SOHLUN (39)", "state_name": "HARYANA", "state_lgd": 6, "population": 731, "households": 139}, "geometry": {"type": "Polygon", "coordinates": [[[76.86296, 29.835130000000003], [76.86067000000001, 29.833980000000004], [76.85475000000001, 29.83395], [76.84744, 29.835690000000003], [76.84284000000001, 29.835440000000002], [76.84482000000001, 29.841260000000002], [76.84466, 29.844620000000003], [76.86217, 29.847870000000004], [76.86687, 29.849760000000003], [76.86997000000001, 29.84578], [76.86930000000001, 29.841720000000002], [76.86296, 29.835130000000003]]]}}, {"id": "236", "type": "Feature", "properties": {"village_name": "Sandhir", "vil_lgd": 59041, "district_name": "Karnal", "dist_lgd": 67, "subdistrict_name": "Nilokheri", "sdcode": 370, "block_name": "Nilokheri", "block_lgd": 28.0, "gp_name": "SANDHIR (70)", "state_name": "HARYANA", "state_lgd": 6, "population": 6569, "households": 1294}, "geometry": {"type": "Polygon", "coordinates": [[[76.97965, 29.841790000000003], [76.98216000000001, 29.83958], [76.98845, 29.83622], [76.98668, 29.83565], [76.9766, 29.82157], [76.96563, 29.824810000000003], [76.95540000000001, 29.832190000000004], [76.94938, 29.833530000000003], [76.9457, 29.8332], [76.94414, 29.835780000000003], [76.94681, 29.848110000000002], [76.95295, 29.84983], [76.97484, 29.849850000000004], [76.97965, 29.841790000000003]]]}}, {"id": "237", "type": "Feature", "properties": {"village_name": "Son Kera", "vil_lgd": 59017, "district_name": "Karnal", "dist_lgd": 67, "subdistrict_name": "Nilokheri", "sdcode": 370, "block_name": "Nilokheri", "block_lgd": 28.0, "gp_name": "SON KERA (51)", "state_name": "HARYANA", "state_lgd": 6, "population": 4958, "households": 954}, "geometry": {"type": "Polygon", "coordinates": [[[76.87637000000001, 29.831210000000002], [76.88307, 29.833900000000003], [76.88113000000001, 29.824], [76.88172, 29.812620000000003], [76.88099000000001, 29.803350000000002], [76.87797, 29.796010000000003], [76.87727000000001, 29.789420000000003], [76.86419000000001, 29.78065], [76.84837, 29.787740000000003], [76.84714000000001, 29.78957], [76.84968, 29.791420000000002], [76.85259, 29.798150000000003], [76.8528, 29.806430000000002], [76.85136, 29.809970000000003], [76.84356000000001, 29.81987], [76.84161, 29.830940000000002], [76.84284000000001, 29.835440000000002], [76.84744, 29.835690000000003], [76.85475000000001, 29.83395], [76.86067000000001, 29.833980000000004], [76.86296, 29.835130000000003], [76.86930000000001, 29.841720000000002], [76.87237, 29.838880000000003], [76.87381, 29.835900000000002], [76.87637000000001, 29.831210000000002]]]}}, {"id": "238", "type": "Feature", "properties": {"village_name": "Bahola", "vil_lgd": 59007, "district_name": "Karnal", "dist_lgd": 67, "subdistrict_name": "Nilokheri", "sdcode": 370, "block_name": "Nilokheri", "block_lgd": 28.0, "gp_name": "BAHOLA (16)", "state_name": "HARYANA", "state_lgd": 6, "population": 2932, "households": 546}, "geometry": {"type": "Polygon", "coordinates": [[[76.80326000000001, 29.818430000000003], [76.79894, 29.810650000000003], [76.79029000000001, 29.81274], [76.76455, 29.813140000000004], [76.76463000000001, 29.814680000000003], [76.76095000000001, 29.819470000000003], [76.76570000000001, 29.823380000000004], [76.77059000000001, 29.830620000000003], [76.78541000000001, 29.82879], [76.80455, 29.823420000000002], [76.80326000000001, 29.818430000000003]]]}}, {"id": "239", "type": "Feature", "properties": {"village_name": "Koer", "vil_lgd": 59003, "district_name": "Karnal", "dist_lgd": 67, "subdistrict_name": "Nilokheri", "sdcode": 370, "block_name": "Nilokheri", "block_lgd": 28.0, "gp_name": "KOER (26)", "state_name": "HARYANA", "state_lgd": 6, "population": 4290, "households": 792}, "geometry": {"type": "Polygon", "coordinates": [[[76.76463000000001, 29.814680000000003], [76.76455, 29.813140000000004], [76.76213000000001, 29.801640000000003], [76.75343000000001, 29.799180000000003], [76.73942000000001, 29.798410000000004], [76.73331, 29.796840000000003], [76.72735, 29.802850000000003], [76.71845, 29.80684], [76.71434, 29.80768], [76.71696, 29.813260000000003], [76.71775000000001, 29.81302], [76.72326000000001, 29.816080000000003], [76.74602, 29.82372], [76.75026000000001, 29.821630000000003], [76.76095000000001, 29.819470000000003], [76.76463000000001, 29.814680000000003]]]}}, {"id": "240", "type": "Feature", "properties": {"village_name": "Tikhana Part", "vil_lgd": 59040, "district_name": "Karnal", "dist_lgd": 67, "subdistrict_name": "Nilokheri", "sdcode": 370, "block_name": "Nilokheri", "block_lgd": 28.0, "gp_name": "TIKHANA (PART)(46)", "state_name": "HARYANA", "state_lgd": 6, "population": 4995, "households": 981}, "geometry": {"type": "Polygon", "coordinates": [[[76.93425, 29.820870000000003], [76.93520000000001, 29.82297], [76.94176, 29.823210000000003], [76.94447000000001, 29.826300000000003], [76.94351, 29.81567], [76.93007, 29.812880000000003], [76.92844000000001, 29.818550000000002], [76.92207, 29.825720000000004], [76.91667000000001, 29.830730000000003], [76.91244, 29.832420000000003], [76.91973, 29.838230000000003], [76.92634000000001, 29.8396], [76.93060000000001, 29.829720000000002], [76.932, 29.821350000000002], [76.93425, 29.820870000000003]]]}}, {"id": "241", "type": "Feature", "properties": {"village_name": "Sadiqpur", "vil_lgd": 59025, "district_name": "Karnal", "dist_lgd": 67, "subdistrict_name": "Nilokheri", "sdcode": 370, "block_name": "Nilokheri", "block_lgd": 28.0, "gp_name": "SADIQPUR (50)", "state_name": "HARYANA", "state_lgd": 6, "population": 85, "households": 15}, "geometry": {"type": "Polygon", "coordinates": [[[76.89619, 29.82335], [76.88113000000001, 29.824], [76.88307, 29.833900000000003], [76.88945000000001, 29.835510000000003], [76.90074000000001, 29.836190000000002], [76.90173, 29.83527], [76.89630000000001, 29.823690000000003], [76.89619, 29.82335]]]}}, {"id": "242", "type": "Feature", "properties": {"village_name": "Nilokheri Rural Part", "vil_lgd": 59024, "district_name": "Karnal", "dist_lgd": 67, "subdistrict_name": "Nilokheri", "sdcode": 370, "block_name": "Nilokheri", "block_lgd": 28.0, "gp_name": "NILOKHERI (RURAL)(PART)(45)", "state_name": "HARYANA", "state_lgd": 6, "population": 670, "households": 141}, "geometry": {"type": "Polygon", "coordinates": [[[76.89705000000001, 29.819360000000003], [76.89582, 29.822260000000004], [76.89619, 29.82335], [76.89630000000001, 29.823690000000003], [76.90173, 29.83527], [76.91047, 29.830730000000003], [76.90514, 29.826000000000004], [76.89705000000001, 29.819360000000003]]]}}, {"id": "243", "type": "Feature", "properties": {"village_name": "Taraori Rural Part", "vil_lgd": 59027, "district_name": "Karnal", "dist_lgd": 67, "subdistrict_name": "Nilokheri", "sdcode": 370, "block_name": "Nilokheri", "block_lgd": 28.0, "gp_name": "TARAORI (RURAL)(PART)(47)", "state_name": "HARYANA", "state_lgd": 6, "population": 129, "households": 23}, "geometry": {"type": "Polygon", "coordinates": [[[76.92027, 29.798730000000003], [76.92919, 29.799940000000003], [76.92999, 29.78984], [76.92441000000001, 29.790570000000002], [76.90972000000001, 29.790750000000003], [76.90833, 29.798810000000003], [76.90603, 29.805180000000004], [76.90397, 29.808280000000003], [76.89705000000001, 29.819360000000003], [76.90514, 29.826000000000004], [76.91047, 29.830730000000003], [76.91244, 29.832420000000003], [76.91667000000001, 29.830730000000003], [76.92207, 29.825720000000004], [76.92844000000001, 29.818550000000002], [76.93007, 29.812880000000003], [76.91874, 29.811020000000003], [76.91977, 29.8028], [76.92027, 29.798730000000003]]]}}, {"id": "244", "type": "Feature", "properties": {"village_name": "Padhana Part", "vil_lgd": 59039, "district_name": "Karnal", "dist_lgd": 67, "subdistrict_name": "Nilokheri", "sdcode": 370, "block_name": "Nilokheri", "block_lgd": 28.0, "gp_name": "PADHANA (PART)(71)", "state_name": "HARYANA", "state_lgd": 6, "population": 5260, "households": 929}, "geometry": {"type": "Polygon", "coordinates": [[[76.97598, 29.819170000000003], [76.97793, 29.814110000000003], [76.97603000000001, 29.81143], [76.9676, 29.80741], [76.96564000000001, 29.805110000000003], [76.95879000000001, 29.814380000000003], [76.95778, 29.814780000000003], [76.95485000000001, 29.814560000000004], [76.94600000000001, 29.810950000000002], [76.94351, 29.81567], [76.94447000000001, 29.826300000000003], [76.94744, 29.828310000000002], [76.9457, 29.8332], [76.94938, 29.833530000000003], [76.95540000000001, 29.832190000000004], [76.96563, 29.824810000000003], [76.9766, 29.82157], [76.97598, 29.819170000000003]]]}}, {"id": "245", "type": "Feature", "properties": {"village_name": "Ramana Ramani", "vil_lgd": 59011, "district_name": "Karnal", "dist_lgd": 67, "subdistrict_name": "Nilokheri", "sdcode": 370, "block_name": "Nilokheri", "block_lgd": 28.0, "gp_name": "RAMANA RAMANI (53)", "state_name": "HARYANA", "state_lgd": 6, "population": 3329, "households": 698}, "geometry": {"type": "Polygon", "coordinates": [[[76.8298, 29.80976], [76.82883000000001, 29.805220000000002], [76.83027000000001, 29.797230000000003], [76.83197000000001, 29.793290000000002], [76.81757, 29.782840000000004], [76.81629000000001, 29.78281], [76.81405000000001, 29.784930000000003], [76.79514, 29.798140000000004], [76.79894, 29.810650000000003], [76.80326000000001, 29.818430000000003], [76.80455, 29.823420000000002], [76.83212, 29.81377], [76.8298, 29.80976]]]}}, {"id": "246", "type": "Feature", "properties": {"village_name": "Majra Roran", "vil_lgd": 59004, "district_name": "Karnal", "dist_lgd": 67, "subdistrict_name": "Nilokheri", "sdcode": 370, "block_name": "Nilokheri", "block_lgd": 28.0, "gp_name": "MAJRA RORAN (29)", "state_name": "HARYANA", "state_lgd": 6, "population": 3302, "households": 651}, "geometry": {"type": "Polygon", "coordinates": [[[76.72295000000001, 29.785460000000004], [76.7086, 29.786], [76.70413, 29.78684], [76.69938, 29.789140000000003], [76.69872000000001, 29.796010000000003], [76.70391000000001, 29.801520000000004], [76.71434, 29.80768], [76.71845, 29.80684], [76.72735, 29.802850000000003], [76.73331, 29.796840000000003], [76.74003, 29.788380000000004], [76.73094, 29.786340000000003], [76.72295000000001, 29.785460000000004]]]}}, {"id": "247", "type": "Feature", "properties": {"village_name": "Galb Kheri", "vil_lgd": 59026, "district_name": "Karnal", "dist_lgd": 67, "subdistrict_name": "Nilokheri", "sdcode": 370, "block_name": "Nilokheri", "block_lgd": 28.0, "gp_name": "GALB KHERI (49)", "state_name": "HARYANA", "state_lgd": 6, "population": 214, "households": 35}, "geometry": {"type": "Polygon", "coordinates": [[[76.88099000000001, 29.803350000000002], [76.88172, 29.812620000000003], [76.88113000000001, 29.824], [76.89619, 29.82335], [76.89582, 29.822260000000004], [76.89705000000001, 29.819360000000003], [76.90397, 29.808280000000003], [76.88547000000001, 29.803720000000002], [76.88099000000001, 29.803350000000002]]]}}, {"id": "248", "type": "Feature", "properties": {"village_name": "Moheri", "vil_lgd": 59006, "district_name": "Karnal", "dist_lgd": 67, "subdistrict_name": "Nilokheri", "sdcode": 370, "block_name": "Nilokheri", "block_lgd": 28.0, "gp_name": "MOHERI (25)", "state_name": "HARYANA", "state_lgd": 6, "population": 3095, "households": 579}, "geometry": {"type": "Polygon", "coordinates": [[[76.79514, 29.798140000000004], [76.78076, 29.78919], [76.77673, 29.787820000000004], [76.77705, 29.788800000000002], [76.76565000000001, 29.79988], [76.76213000000001, 29.801640000000003], [76.76455, 29.813140000000004], [76.79029000000001, 29.81274], [76.79894, 29.810650000000003], [76.79514, 29.798140000000004]]]}}, {"id": "249", "type": "Feature", "properties": {"village_name": "Parwala", "vil_lgd": 59012, "district_name": "Karnal", "dist_lgd": 67, "subdistrict_name": "Nilokheri", "sdcode": 370, "block_name": "Nilokheri", "block_lgd": 28.0, "gp_name": "PARWALA (54)", "state_name": "HARYANA", "state_lgd": 6, "population": 1799, "households": 316}, "geometry": {"type": "Polygon", "coordinates": [[[76.84968, 29.791420000000002], [76.84714000000001, 29.78957], [76.84335, 29.78714], [76.83539, 29.794410000000003], [76.8341, 29.79482], [76.83197000000001, 29.793290000000002], [76.83027000000001, 29.797230000000003], [76.82883000000001, 29.805220000000002], [76.8298, 29.80976], [76.83212, 29.81377], [76.83947, 29.818320000000003], [76.84356000000001, 29.81987], [76.85136, 29.809970000000003], [76.8528, 29.806430000000002], [76.85259, 29.798150000000003], [76.84968, 29.791420000000002]]]}}, {"id": "250", "type": "Feature", "properties": {"village_name": "Sitamadh", "vil_lgd": 59005, "district_name": "Karnal", "dist_lgd": 67, "subdistrict_name": "Nilokheri", "sdcode": 370, "block_name": "Nilokheri", "block_lgd": 28.0, "gp_name": "SITAMADH (27)", "state_name": "HARYANA", "state_lgd": 6, "population": 2829, "households": 511}, "geometry": {"type": "Polygon", "coordinates": [[[76.77705, 29.788800000000002], [76.77673, 29.787820000000004], [76.77233000000001, 29.786330000000003], [76.76625, 29.785870000000003], [76.76009, 29.786140000000003], [76.75056000000001, 29.788090000000004], [76.74359000000001, 29.788800000000002], [76.74003, 29.788380000000004], [76.73331, 29.796840000000003], [76.73942000000001, 29.798410000000004], [76.75343000000001, 29.799180000000003], [76.76213000000001, 29.801640000000003], [76.76565000000001, 29.79988], [76.77705, 29.788800000000002]]]}}, {"id": "251", "type": "Feature", "properties": {"village_name": "Pakhana Part", "vil_lgd": 59028, "district_name": "Karnal", "dist_lgd": 67, "subdistrict_name": "Nilokheri", "sdcode": 370, "block_name": "Nilokheri", "block_lgd": 28.0, "gp_name": "PAKHANA (PART)(48)", "state_name": "HARYANA", "state_lgd": 6, "population": 3029, "households": 601}, "geometry": {"type": "Polygon", "coordinates": [[[76.89822000000001, 29.786140000000003], [76.89166, 29.78498], [76.88877000000001, 29.785500000000003], [76.88221, 29.789400000000004], [76.87727000000001, 29.789420000000003], [76.87797, 29.796010000000003], [76.88099000000001, 29.803350000000002], [76.88547000000001, 29.803720000000002], [76.90397, 29.808280000000003], [76.90603, 29.805180000000004], [76.90833, 29.798810000000003], [76.90972000000001, 29.790750000000003], [76.89822000000001, 29.786140000000003]]]}}, {"id": "252", "type": "Feature", "properties": {"village_name": "Bhaini Kalan", "vil_lgd": 59032, "district_name": "Karnal", "dist_lgd": 67, "subdistrict_name": "Nilokheri", "sdcode": 370, "block_name": "Nilokheri", "block_lgd": 28.0, "gp_name": "BHAINI KALAN (79)", "state_name": "HARYANA", "state_lgd": 6, "population": 1303, "households": 239}, "geometry": {"type": "Polygon", "coordinates": [[[76.94409, 29.754320000000003], [76.94214000000001, 29.753100000000003], [76.93877, 29.752450000000003], [76.92951000000001, 29.753800000000002], [76.92441000000001, 29.753330000000002], [76.92574, 29.761760000000002], [76.92905, 29.761540000000004], [76.93753000000001, 29.758200000000002], [76.94671000000001, 29.756200000000003], [76.94409, 29.754320000000003]]]}}, {"id": "253", "type": "Feature", "properties": {"village_name": "Jhanjhari", "vil_lgd": 59034, "district_name": "Karnal", "dist_lgd": 67, "subdistrict_name": "Nilokheri", "sdcode": 370, "block_name": "Nilokheri", "block_lgd": 28.0, "gp_name": "JHANJHARI (82)", "state_name": "HARYANA", "state_lgd": 6, "population": 2225, "households": 456}, "geometry": {"type": "Polygon", "coordinates": [[[76.9689, 29.758350000000004], [76.9701, 29.751510000000003], [76.96861000000001, 29.75108], [76.95461, 29.746990000000004], [76.95243, 29.751730000000002], [76.95299, 29.754710000000003], [76.95074000000001, 29.75908], [76.95357000000001, 29.761350000000004], [76.96992, 29.760420000000003], [76.9689, 29.758350000000004]]]}}, {"id": "254", "type": "Feature", "properties": {"village_name": "Bhaini Khurd", "vil_lgd": 59033, "district_name": "Karnal", "dist_lgd": 67, "subdistrict_name": "Nilokheri", "sdcode": 370, "block_name": "Nilokheri", "block_lgd": 28.0, "gp_name": "BHAINI KHURD (81)", "state_name": "HARYANA", "state_lgd": 6, "population": 2530, "households": 488}, "geometry": {"type": "Polygon", "coordinates": [[[76.9479, 29.744460000000004], [76.94482, 29.74153], [76.94167, 29.74151], [76.94031000000001, 29.747780000000002], [76.94334, 29.750650000000004], [76.94439000000001, 29.753410000000002], [76.94409, 29.754320000000003], [76.94671000000001, 29.756200000000003], [76.95074000000001, 29.75908], [76.95299, 29.754710000000003], [76.95243, 29.751730000000002], [76.95461, 29.746990000000004], [76.9479, 29.744460000000004]]]}}, {"id": "255", "type": "Feature", "properties": {"village_name": "Dodwa Part", "vil_lgd": 59038, "district_name": "Karnal", "dist_lgd": 67, "subdistrict_name": "Nilokheri", "sdcode": 370, "block_name": "Nilokheri", "block_lgd": 28.0, "gp_name": "DODWA (PART)(73)", "state_name": "HARYANA", "state_lgd": 6, "population": 18, "households": 5}, "geometry": {"type": "Polygon", "coordinates": [[[76.94431, 29.793630000000004], [76.92999, 29.78984], [76.92919, 29.799940000000003], [76.93813, 29.801270000000002], [76.93958, 29.806120000000004], [76.94056, 29.806980000000003], [76.95515, 29.79866], [76.94431, 29.793630000000004]]]}}, {"id": "256", "type": "Feature", "properties": {"village_name": "Raison", "vil_lgd": 58985, "district_name": "Karnal", "dist_lgd": 67, "subdistrict_name": "Nilokheri", "sdcode": 370, "block_name": "Nilokheri", "block_lgd": 28.0, "gp_name": "RAISON (12)", "state_name": "HARYANA", "state_lgd": 6, "population": 5077, "households": 944}, "geometry": {"type": "Polygon", "coordinates": [[[76.72471, 29.88107], [76.73002000000001, 29.87693], [76.73011000000001, 29.87516], [76.73242, 29.871700000000004], [76.72972, 29.85742], [76.72330000000001, 29.851710000000004], [76.69425000000001, 29.854020000000002], [76.68768, 29.859820000000003], [76.67447, 29.86398], [76.67578, 29.865640000000003], [76.68011000000001, 29.86679], [76.68351000000001, 29.865660000000002], [76.68564, 29.86849], [76.68788, 29.87308], [76.68737, 29.875380000000003], [76.68843000000001, 29.878770000000003], [76.69331000000001, 29.886400000000002], [76.69447000000001, 29.893970000000003], [76.69399, 29.89599], [76.69501000000001, 29.89937], [76.70362, 29.893810000000002], [76.70614, 29.888440000000003], [76.71304, 29.882900000000003], [76.72471, 29.88107]]]}}, {"id": "257", "type": "Feature", "properties": {"village_name": "Karsadod", "vil_lgd": 59002, "district_name": "Karnal", "dist_lgd": 67, "subdistrict_name": "Nilokheri", "sdcode": 370, "block_name": "Nilokheri", "block_lgd": 28.0, "gp_name": "KARSADOD (13)", "state_name": "HARYANA", "state_lgd": 6, "population": 3526, "households": 669}, "geometry": {"type": "Polygon", "coordinates": [[[76.72417, 29.84296], [76.72351, 29.839170000000003], [76.71686000000001, 29.827610000000004], [76.71436, 29.82101], [76.71082000000001, 29.81735], [76.70989, 29.821420000000003], [76.70467000000001, 29.82607], [76.70106000000001, 29.825060000000004], [76.69402000000001, 29.82533], [76.68834000000001, 29.826610000000002], [76.68622, 29.830080000000002], [76.68848000000001, 29.83331], [76.68892000000001, 29.843750000000004], [76.69024, 29.84776], [76.69425000000001, 29.854020000000002], [76.72330000000001, 29.851710000000004], [76.72417, 29.84296]]]}}, {"id": "258", "type": "Feature", "properties": {"village_name": "Munda Khera", "vil_lgd": 59257, "district_name": "Karnal", "dist_lgd": 67, "subdistrict_name": "Karnal", "sdcode": 372, "block_name": "Nilokheri", "block_lgd": 28.0, "gp_name": "MUNDA KHERA (80)", "state_name": "HARYANA", "state_lgd": 6, "population": 0, "households": 0}, "geometry": {"type": "Polygon", "coordinates": [[[76.94334, 29.750650000000004], [76.94031000000001, 29.747780000000002], [76.94167, 29.74151], [76.93054000000001, 29.739620000000002], [76.92436000000001, 29.747460000000004], [76.92307000000001, 29.747850000000003], [76.92441000000001, 29.753330000000002], [76.92951000000001, 29.753800000000002], [76.93877, 29.752450000000003], [76.94214000000001, 29.753100000000003], [76.94409, 29.754320000000003], [76.94439000000001, 29.753410000000002], [76.94334, 29.750650000000004]]]}}, {"id": "259", "type": "Feature", "properties": {"village_name": "Lalupura", "vil_lgd": 59391, "district_name": "Karnal", "dist_lgd": 67, "subdistrict_name": "Gharaunda", "sdcode": 374, "block_name": "Gharaunda", "block_lgd": 33.0, "gp_name": "LALUPURA (109)", "state_name": "HARYANA", "state_lgd": 6, "population": 2448, "households": 434}, "geometry": {"type": "Polygon", "coordinates": [[[77.10953, 29.59747], [77.10645000000001, 29.595260000000003], [77.10054000000001, 29.593940000000003], [77.09705000000001, 29.594340000000003], [77.0951, 29.59542], [77.08805000000001, 29.594060000000002], [77.08686, 29.596770000000003], [77.08364, 29.596000000000004], [77.07459, 29.58641], [77.06982, 29.579860000000004], [77.06545000000001, 29.5816], [77.05453, 29.58836], [77.05716000000001, 29.59981], [77.05653000000001, 29.60856], [77.05808, 29.611200000000004], [77.06601, 29.615720000000003], [77.07235, 29.617230000000003], [77.08069, 29.615830000000003], [77.09123000000001, 29.611340000000002], [77.10859, 29.600510000000003], [77.10953, 29.59747]]]}}, {"id": "260", "type": "Feature", "properties": {"village_name": "Kalron", "vil_lgd": 59388, "district_name": "Karnal", "dist_lgd": 67, "subdistrict_name": "Gharaunda", "sdcode": 374, "block_name": "Gharaunda", "block_lgd": 33.0, "gp_name": "KALRON (11)", "state_name": "HARYANA", "state_lgd": 6, "population": 6336, "households": 1198}, "geometry": {"type": "Polygon", "coordinates": [[[77.01069000000001, 29.57992], [77.01442, 29.573520000000002], [77.01396000000001, 29.5698], [77.01106, 29.56323], [77.007, 29.56246], [77.00176, 29.563050000000004], [76.99782, 29.565310000000004], [76.98729, 29.573040000000002], [76.98842, 29.576490000000003], [76.98578, 29.584260000000004], [76.98994, 29.583080000000002], [76.99684, 29.582860000000004], [77.00133000000001, 29.58725], [77.00290000000001, 29.590670000000003], [77.00496000000001, 29.59185], [77.01141000000001, 29.59371], [77.01251, 29.58958], [77.01069000000001, 29.57992]]]}}, {"id": "261", "type": "Feature", "properties": {"village_name": "Kalaish Part", "vil_lgd": 59308, "district_name": "Karnal", "dist_lgd": 67, "subdistrict_name": "Karnal", "sdcode": 372, "block_name": "Karnal", "block_lgd": 30.0, "gp_name": "KALAISH (PART) (2)", "state_name": "HARYANA", "state_lgd": 6, "population": 2038, "households": 366}, "geometry": {"type": "Polygon", "coordinates": [[[77.01137, 29.72444], [76.99992, 29.717360000000003], [76.99377000000001, 29.720760000000002], [76.99188000000001, 29.716320000000003], [76.99000000000001, 29.716500000000003], [76.98452, 29.727950000000003], [77.00735, 29.73561], [77.01032000000001, 29.733470000000004], [77.01508000000001, 29.728160000000003], [77.01137, 29.72444]]]}}, {"id": "262", "type": "Feature", "properties": {"village_name": "Pir Badauli", "vil_lgd": 59392, "district_name": "Karnal", "dist_lgd": 67, "subdistrict_name": "Gharaunda", "sdcode": 374, "block_name": "Gharaunda", "block_lgd": 33.0, "gp_name": "PIR BADAULI (110)", "state_name": "HARYANA", "state_lgd": 6, "population": 1752, "households": 341}, "geometry": {"type": "Polygon", "coordinates": [[[77.08418, 29.590950000000003], [77.08453, 29.58601], [77.0862, 29.58443], [77.09008, 29.584730000000004], [77.09756, 29.58106], [77.09608, 29.580000000000002], [77.08824000000001, 29.579020000000003], [77.0746, 29.57758], [77.07212000000001, 29.577900000000003], [77.06982, 29.579860000000004], [77.07459, 29.58641], [77.08364, 29.596000000000004], [77.08686, 29.596770000000003], [77.08805000000001, 29.594060000000002], [77.08418, 29.590950000000003]]]}}, {"id": "263", "type": "Feature", "properties": {"village_name": "Faizalipur Majra", "vil_lgd": 59389, "district_name": "Karnal", "dist_lgd": 67, "subdistrict_name": "Gharaunda", "sdcode": 374, "block_name": "Gharaunda", "block_lgd": 33.0, "gp_name": "FAIZALIPUR MAJRA (14)", "state_name": "HARYANA", "state_lgd": 6, "population": 780, "households": 157}, "geometry": {"type": "Polygon", "coordinates": [[[77.03200000000001, 29.573670000000003], [77.02409, 29.57147], [77.02014000000001, 29.568990000000003], [77.01399, 29.561270000000004], [77.01106, 29.56323], [77.01396000000001, 29.5698], [77.01442, 29.573520000000002], [77.01069000000001, 29.57992], [77.01251, 29.58958], [77.01743, 29.590190000000003], [77.02665, 29.58734], [77.03146000000001, 29.587220000000002], [77.03200000000001, 29.573670000000003]]]}}, {"id": "264", "type": "Feature", "properties": {"village_name": "Sadarpur", "vil_lgd": 59394, "district_name": "Karnal", "dist_lgd": 67, "subdistrict_name": "Gharaunda", "sdcode": 374, "block_name": "Gharaunda", "block_lgd": 33.0, "gp_name": "SADARPUR (48)", "state_name": "HARYANA", "state_lgd": 6, "population": 3956, "households": 685}, "geometry": {"type": "Polygon", "coordinates": [[[77.07212000000001, 29.577900000000003], [77.0746, 29.57758], [77.08824000000001, 29.579020000000003], [77.09113, 29.570330000000002], [77.09190000000001, 29.56256], [77.07858, 29.557430000000004], [77.07195, 29.556390000000004], [77.05736, 29.555920000000004], [77.05624, 29.55448], [77.05551000000001, 29.54697], [77.05084000000001, 29.546210000000002], [77.04706, 29.547000000000004], [77.04775000000001, 29.550500000000003], [77.04712, 29.55826], [77.0459, 29.560160000000003], [77.04456, 29.562230000000003], [77.03413, 29.57419], [77.03846, 29.57383], [77.0455, 29.574590000000004], [77.05128, 29.57617], [77.05321, 29.578870000000002], [77.05334, 29.587730000000004], [77.05453, 29.58836], [77.06545000000001, 29.5816], [77.06982, 29.579860000000004], [77.07212000000001, 29.577900000000003]]]}}, {"id": "265", "type": "Feature", "properties": {"village_name": "Darulaman Tatarpur", "vil_lgd": 59390, "district_name": "Karnal", "dist_lgd": 67, "subdistrict_name": "Gharaunda", "sdcode": 374, "block_name": "Gharaunda", "block_lgd": 33.0, "gp_name": "DARULAMAN TATARPUR (47)", "state_name": "HARYANA", "state_lgd": 6, "population": 593, "households": 125}, "geometry": {"type": "Polygon", "coordinates": [[[77.03200000000001, 29.573670000000003], [77.03146000000001, 29.587220000000002], [77.04172000000001, 29.58649], [77.04977000000001, 29.58744], [77.05334, 29.587730000000004], [77.05321, 29.578870000000002], [77.05128, 29.57617], [77.0455, 29.574590000000004], [77.03846, 29.57383], [77.03413, 29.57419], [77.03200000000001, 29.573670000000003]]]}}, {"id": "266", "type": "Feature", "properties": {"village_name": "Chaunra", "vil_lgd": 59397, "district_name": "Karnal", "dist_lgd": 67, "subdistrict_name": "Gharaunda", "sdcode": 374, "block_name": "Gharaunda", "block_lgd": 33.0, "gp_name": "CHAUNRA (13)", "state_name": "HARYANA", "state_lgd": 6, "population": 3419, "households": 628}, "geometry": {"type": "Polygon", "coordinates": [[[77.0459, 29.560160000000003], [77.03499000000001, 29.56135], [77.02666, 29.560800000000004], [77.02473, 29.55956], [77.01928000000001, 29.550980000000003], [77.0163, 29.547770000000003], [77.01331, 29.54793], [77.01461, 29.558750000000003], [77.01399, 29.561270000000004], [77.02014000000001, 29.568990000000003], [77.02409, 29.57147], [77.03200000000001, 29.573670000000003], [77.03413, 29.57419], [77.04456, 29.562230000000003], [77.0459, 29.560160000000003]]]}}, {"id": "267", "type": "Feature", "properties": {"village_name": "Arainpura", "vil_lgd": 59398, "district_name": "Karnal", "dist_lgd": 67, "subdistrict_name": "Gharaunda", "sdcode": 374, "block_name": "Gharaunda", "block_lgd": 33.0, "gp_name": "ARAINPURA (12)", "state_name": "HARYANA", "state_lgd": 6, "population": 6204, "households": 1077}, "geometry": {"type": "Polygon", "coordinates": [[[77.01106, 29.56323], [77.01399, 29.561270000000004], [77.01461, 29.558750000000003], [77.01331, 29.54793], [76.99158000000001, 29.54914], [76.99782, 29.565310000000004], [77.00176, 29.563050000000004], [77.007, 29.56246], [77.01106, 29.56323]]]}}, {"id": "268", "type": "Feature", "properties": {"village_name": "Basi Akbarpur", "vil_lgd": 59396, "district_name": "Karnal", "dist_lgd": 67, "subdistrict_name": "Gharaunda", "sdcode": 374, "block_name": "Gharaunda", "block_lgd": 33.0, "gp_name": "BASI AKBARPUR (19)", "state_name": "HARYANA", "state_lgd": 6, "population": 1380, "households": 215}, "geometry": {"type": "Polygon", "coordinates": [[[77.04706, 29.547000000000004], [77.04, 29.547530000000002], [77.03101000000001, 29.548220000000004], [77.0292, 29.547400000000003], [77.02837000000001, 29.548550000000002], [77.02547000000001, 29.54971], [77.01928000000001, 29.550980000000003], [77.02473, 29.55956], [77.02666, 29.560800000000004], [77.03499000000001, 29.56135], [77.0459, 29.560160000000003], [77.04712, 29.55826], [77.04775000000001, 29.550500000000003], [77.04706, 29.547000000000004]]]}}, {"id": "269", "type": "Feature", "properties": {"village_name": "Budhanpur", "vil_lgd": 59395, "district_name": "Karnal", "dist_lgd": 67, "subdistrict_name": "Gharaunda", "sdcode": 374, "block_name": "Gharaunda", "block_lgd": 33.0, "gp_name": "BUDHANPUR (15)", "state_name": "HARYANA", "state_lgd": 6, "population": 37, "households": 6}, "geometry": {"type": "Polygon", "coordinates": [[[77.09431000000001, 29.547240000000002], [77.06835000000001, 29.544190000000004], [77.05551000000001, 29.54697], [77.05624, 29.55448], [77.05736, 29.555920000000004], [77.07195, 29.556390000000004], [77.07858, 29.557430000000004], [77.09190000000001, 29.56256], [77.0921, 29.560250000000003], [77.09431000000001, 29.547240000000002]]]}}, {"id": "270", "type": "Feature", "properties": {"village_name": "Malakpur Gadian", "vil_lgd": 59402, "district_name": "Karnal", "dist_lgd": 67, "subdistrict_name": "Gharaunda", "sdcode": 374, "block_name": "Gharaunda", "block_lgd": 33.0, "gp_name": "MALAKPUR GADIAN (20)", "state_name": "HARYANA", "state_lgd": 6, "population": 809, "households": 175}, "geometry": {"type": "Polygon", "coordinates": [[[77.02527, 29.537930000000003], [77.01676, 29.539140000000003], [77.01736000000001, 29.5404], [77.0163, 29.547770000000003], [77.01928000000001, 29.550980000000003], [77.02547000000001, 29.54971], [77.02837000000001, 29.548550000000002], [77.0292, 29.547400000000003], [77.02669, 29.544780000000003], [77.02565000000001, 29.538560000000004], [77.02527, 29.537930000000003]]]}}, {"id": "271", "type": "Feature", "properties": {"village_name": "Panauri", "vil_lgd": 59401, "district_name": "Karnal", "dist_lgd": 67, "subdistrict_name": "Gharaunda", "sdcode": 374, "block_name": "Gharaunda", "block_lgd": 33.0, "gp_name": "PANAURI (21)", "state_name": "HARYANA", "state_lgd": 6, "population": 2317, "households": 431}, "geometry": {"type": "Polygon", "coordinates": [[[77.00422, 29.532760000000003], [76.99597, 29.534150000000004], [76.99624, 29.535740000000004], [76.98789000000001, 29.54933], [76.99158000000001, 29.54914], [77.01331, 29.54793], [77.0163, 29.547770000000003], [77.01736000000001, 29.5404], [77.01676, 29.539140000000003], [77.01394, 29.53619], [77.0091, 29.533], [77.00422, 29.532760000000003]]]}}, {"id": "272", "type": "Feature", "properties": {"village_name": "Garhi Khajur", "vil_lgd": 59403, "district_name": "Karnal", "dist_lgd": 67, "subdistrict_name": "Gharaunda", "sdcode": 374, "block_name": "Gharaunda", "block_lgd": 33.0, "gp_name": "GARHI KHAJUR(18)", "state_name": "HARYANA", "state_lgd": 6, "population": 3871, "households": 792}, "geometry": {"type": "Polygon", "coordinates": [[[77.04404000000001, 29.535110000000003], [77.04369000000001, 29.530400000000004], [77.04118000000001, 29.519650000000002], [77.03029000000001, 29.525650000000002], [77.02304000000001, 29.52851], [77.02527, 29.537930000000003], [77.02565000000001, 29.538560000000004], [77.02669, 29.544780000000003], [77.0292, 29.547400000000003], [77.03101000000001, 29.548220000000004], [77.04, 29.547530000000002], [77.04404000000001, 29.535110000000003]]]}}, {"id": "273", "type": "Feature", "properties": {"village_name": "Jamalpur", "vil_lgd": 59411, "district_name": "Karnal", "dist_lgd": 67, "subdistrict_name": "Gharaunda", "sdcode": 374, "block_name": "Gharaunda", "block_lgd": 33.0, "gp_name": "JAMALPUR (22)", "state_name": "HARYANA", "state_lgd": 6, "population": 2120, "households": 374}, "geometry": {"type": "Polygon", "coordinates": [[[77.02304000000001, 29.52851], [77.01371, 29.52175], [77.01180000000001, 29.521690000000003], [77.00737000000001, 29.52408], [77.00317000000001, 29.5253], [76.99683, 29.524050000000003], [76.99326, 29.530780000000004], [76.99597, 29.534150000000004], [77.00422, 29.532760000000003], [77.0091, 29.533], [77.01394, 29.53619], [77.01676, 29.539140000000003], [77.02527, 29.537930000000003], [77.02304000000001, 29.52851]]]}}, {"id": "274", "type": "Feature", "properties": {"village_name": "Khojgipur", "vil_lgd": 59404, "district_name": "Karnal", "dist_lgd": 67, "subdistrict_name": "Gharaunda", "sdcode": 374, "block_name": "Gharaunda", "block_lgd": 33.0, "gp_name": "KHOJGIPUR (16)", "state_name": "HARYANA", "state_lgd": 6, "population": 0, "households": 0}, "geometry": {"type": "Polygon", "coordinates": [[[77.05084000000001, 29.546210000000002], [77.05364, 29.535120000000003], [77.04671, 29.533890000000003], [77.04528, 29.530920000000002], [77.04369000000001, 29.530400000000004], [77.04404000000001, 29.535110000000003], [77.04, 29.547530000000002], [77.04706, 29.547000000000004], [77.05084000000001, 29.546210000000002]]]}}, {"id": "275", "type": "Feature", "properties": {"village_name": "Niawal", "vil_lgd": 59195, "district_name": "Karnal", "dist_lgd": 67, "subdistrict_name": "Karnal", "sdcode": 372, "block_name": "Karnal", "block_lgd": 30.0, "gp_name": "NIAWAL (73)", "state_name": "HARYANA", "state_lgd": 6, "population": 3535, "households": 755}, "geometry": {"type": "Polygon", "coordinates": [[[77.02987, 29.715040000000002], [77.02331000000001, 29.719680000000004], [77.01679, 29.724370000000004], [77.01508000000001, 29.728160000000003], [77.01553000000001, 29.728630000000003], [77.02347, 29.72895], [77.02480000000001, 29.73008], [77.02402000000001, 29.738360000000004], [77.02111000000001, 29.74124], [77.01951000000001, 29.74415], [77.01834000000001, 29.75071], [77.02011, 29.75072], [77.03702000000001, 29.73598], [77.04390000000001, 29.733060000000002], [77.04824, 29.732670000000002], [77.04289, 29.725620000000003], [77.04169, 29.716260000000002], [77.03147000000001, 29.715580000000003], [77.02987, 29.715040000000002]]]}}, {"id": "276", "type": "Feature", "properties": {"village_name": "Kunjpura", "vil_lgd": 59187, "district_name": "Karnal", "dist_lgd": 67, "subdistrict_name": "Karnal", "sdcode": 372, "block_name": "Karnal", "block_lgd": 30.0, "gp_name": "KUNJPURA (75)", "state_name": "HARYANA", "state_lgd": 6, "population": 11107, "households": 2220}, "geometry": {"type": "Polygon", "coordinates": [[[77.0839, 29.74218], [77.08072, 29.741580000000003], [77.07203000000001, 29.736500000000003], [77.06497, 29.731030000000004], [77.06574, 29.727850000000004], [77.07237, 29.721470000000004], [77.07319000000001, 29.719350000000002], [77.07329, 29.712650000000004], [77.0745, 29.70869], [77.07261000000001, 29.7068], [77.06453, 29.705250000000003], [77.05656, 29.70164], [77.04757000000001, 29.699640000000002], [77.04246, 29.70962], [77.04169, 29.716260000000002], [77.04289, 29.725620000000003], [77.04824, 29.732670000000002], [77.05142000000001, 29.737440000000003], [77.05214000000001, 29.740830000000003], [77.05736, 29.74059], [77.08404, 29.749990000000004], [77.08415000000001, 29.746180000000003], [77.0839, 29.74218]]]}}, {"id": "277", "type": "Feature", "properties": {"village_name": "Tikri", "vil_lgd": 59192, "district_name": "Karnal", "dist_lgd": 67, "subdistrict_name": "Karnal", "sdcode": 372, "block_name": "Karnal", "block_lgd": 30.0, "gp_name": "TIKRI (3)", "state_name": "HARYANA", "state_lgd": 6, "population": 2733, "households": 504}, "geometry": {"type": "Polygon", "coordinates": [[[76.98452, 29.727950000000003], [76.98362, 29.730100000000004], [76.97879, 29.735030000000002], [76.98333000000001, 29.739040000000003], [76.99520000000001, 29.74228], [77.00042, 29.742950000000004], [77.00735, 29.73561], [76.98452, 29.727950000000003]]]}}, {"id": "278", "type": "Feature", "properties": {"village_name": "Subhri", "vil_lgd": 59209, "district_name": "Karnal", "dist_lgd": 67, "subdistrict_name": "Karnal", "sdcode": 372, "block_name": "Karnal", "block_lgd": 30.0, "gp_name": "SUBHRI (74)", "state_name": "HARYANA", "state_lgd": 6, "population": 1567, "households": 300}, "geometry": {"type": "Polygon", "coordinates": [[[77.0507, 29.68964], [77.04832, 29.687960000000004], [77.04551000000001, 29.68343], [77.04084, 29.689180000000004], [77.03845000000001, 29.696250000000003], [77.04757000000001, 29.699640000000002], [77.05656, 29.70164], [77.05614000000001, 29.69412], [77.0507, 29.68964]]]}}, {"id": "279", "type": "Feature", "properties": {"village_name": "Nasirpur", "vil_lgd": 59205, "district_name": "Karnal", "dist_lgd": 67, "subdistrict_name": "Karnal", "sdcode": 372, "block_name": "Karnal", "block_lgd": 30.0, "gp_name": "NASIRPUR(84)", "state_name": "HARYANA", "state_lgd": 6, "population": 1022, "households": 200}, "geometry": {"type": "Polygon", "coordinates": [[[77.10699000000001, 29.68671], [77.1008, 29.687590000000004], [77.09729, 29.690580000000004], [77.09386, 29.695960000000003], [77.09057, 29.696910000000003], [77.09468000000001, 29.700850000000003], [77.10098, 29.695210000000003], [77.10904000000001, 29.69339], [77.10828000000001, 29.68982], [77.10699000000001, 29.68671]]]}}, {"id": "280", "type": "Feature", "properties": {"village_name": "Mubarkabad", "vil_lgd": 59228, "district_name": "Karnal", "dist_lgd": 67, "subdistrict_name": "Karnal", "sdcode": 372, "block_name": "Gharaunda", "block_lgd": 33.0, "gp_name": "MUBARKABAD (10)", "state_name": "HARYANA", "state_lgd": 6, "population": 2683, "households": 551}, "geometry": {"type": "Polygon", "coordinates": [[[77.00290000000001, 29.590670000000003], [77.00133000000001, 29.58725], [76.99684, 29.582860000000004], [76.98994, 29.583080000000002], [76.98578, 29.584260000000004], [76.98305, 29.590190000000003], [76.98889000000001, 29.593400000000003], [76.99485, 29.5984], [76.99824000000001, 29.59973], [77.00067, 29.59916], [77.00496000000001, 29.59185], [77.00290000000001, 29.590670000000003]]]}}, {"id": "281", "type": "Feature", "properties": {"village_name": "Danialpur", "vil_lgd": 59194, "district_name": "Karnal", "dist_lgd": 67, "subdistrict_name": "Karnal", "sdcode": 372, "block_name": "Karnal", "block_lgd": 30.0, "gp_name": "DANIALPUR (72)", "state_name": "HARYANA", "state_lgd": 6, "population": 1861, "households": 404}, "geometry": {"type": "Polygon", "coordinates": [[[77.01508000000001, 29.728160000000003], [77.01032000000001, 29.733470000000004], [77.00735, 29.73561], [77.02111000000001, 29.74124], [77.02402000000001, 29.738360000000004], [77.02480000000001, 29.73008], [77.02347, 29.72895], [77.01553000000001, 29.728630000000003], [77.01508000000001, 29.728160000000003]]]}}, {"id": "282", "type": "Feature", "properties": {"village_name": "Mohamadpur", "vil_lgd": 59186, "district_name": "Karnal", "dist_lgd": 67, "subdistrict_name": "Karnal", "sdcode": 372, "block_name": "Karnal", "block_lgd": 30.0, "gp_name": "MOHAMADPUR (76)", "state_name": "HARYANA", "state_lgd": 6, "population": 2753, "households": 506}, "geometry": {"type": "Polygon", "coordinates": [[[77.09161, 29.741870000000002], [77.09323, 29.742070000000002], [77.09830000000001, 29.73607], [77.09283, 29.729670000000002], [77.09101000000001, 29.72623], [77.08805000000001, 29.720840000000003], [77.08918000000001, 29.717760000000002], [77.0824, 29.71768], [77.07319000000001, 29.719350000000002], [77.07237, 29.721470000000004], [77.06574, 29.727850000000004], [77.06497, 29.731030000000004], [77.07203000000001, 29.736500000000003], [77.08072, 29.741580000000003], [77.0839, 29.74218], [77.09161, 29.741870000000002]]]}}, {"id": "283", "type": "Feature", "properties": {"village_name": "Nabipur", "vil_lgd": 59199, "district_name": "Karnal", "dist_lgd": 67, "subdistrict_name": "Karnal", "sdcode": 372, "block_name": "Karnal", "block_lgd": 30.0, "gp_name": "NABIPUR (78)", "state_name": "HARYANA", "state_lgd": 6, "population": 1644, "households": 300}, "geometry": {"type": "Polygon", "coordinates": [[[77.13906, 29.73825], [77.13833000000001, 29.73655], [77.14004000000001, 29.735100000000003], [77.13907, 29.732300000000002], [77.13655, 29.729930000000003], [77.13387, 29.728880000000004], [77.13374, 29.72763], [77.11508, 29.72707], [77.10885, 29.726540000000004], [77.10253, 29.7234], [77.09811, 29.72237], [77.09622, 29.722510000000003], [77.09101000000001, 29.72623], [77.09283, 29.729670000000002], [77.09830000000001, 29.73607], [77.10639, 29.73674], [77.11188, 29.73477], [77.11781, 29.734050000000003], [77.12060000000001, 29.735250000000004], [77.12633000000001, 29.740360000000003], [77.13686000000001, 29.73965], [77.13906, 29.73825]]]}}, {"id": "284", "type": "Feature", "properties": {"village_name": "Mangalpur Part", "vil_lgd": 59246, "district_name": "Karnal", "dist_lgd": 67, "subdistrict_name": "Karnal", "sdcode": 372, "block_name": "Karnal", "block_lgd": 30.0, "gp_name": "MANGALPUR (PART)(1)", "state_name": "HARYANA", "state_lgd": 6, "population": 2850, "households": 565}, "geometry": {"type": "Polygon", "coordinates": [[[77.00476, 29.71469], [76.99992, 29.717360000000003], [77.01137, 29.72444], [77.01508000000001, 29.728160000000003], [77.01679, 29.724370000000004], [77.02331000000001, 29.719680000000004], [77.01660000000001, 29.717170000000003], [77.01371, 29.716420000000003], [77.00476, 29.71469]]]}}, {"id": "285", "type": "Feature", "properties": {"village_name": "Kunda Kalan", "vil_lgd": 59200, "district_name": "Karnal", "dist_lgd": 67, "subdistrict_name": "Karnal", "sdcode": 372, "block_name": "Karnal", "block_lgd": 30.0, "gp_name": "KUNDA KALAN (114)", "state_name": "HARYANA", "state_lgd": 6, "population": 550, "households": 99}, "geometry": {"type": "Polygon", "coordinates": [[[77.14503, 29.71366], [77.14574, 29.711000000000002], [77.14955, 29.709480000000003], [77.14941, 29.705730000000003], [77.15152, 29.704290000000004], [77.14902000000001, 29.704000000000004], [77.13057, 29.70727], [77.10310000000001, 29.707440000000002], [77.10231, 29.70905], [77.10908, 29.717660000000002], [77.11508, 29.72707], [77.13374, 29.72763], [77.13289, 29.722420000000003], [77.13423, 29.718460000000004], [77.13779000000001, 29.71758], [77.13975, 29.714730000000003], [77.14239, 29.714750000000002], [77.14503, 29.71366]]]}}, {"id": "286", "type": "Feature", "properties": {"village_name": "Kharajpur", "vil_lgd": 59198, "district_name": "Karnal", "dist_lgd": 67, "subdistrict_name": "Karnal", "sdcode": 372, "block_name": "Karnal", "block_lgd": 30.0, "gp_name": "KHARAJPUR (79)", "state_name": "HARYANA", "state_lgd": 6, "population": 1893, "households": 320}, "geometry": {"type": "Polygon", "coordinates": [[[77.10908, 29.717660000000002], [77.10231, 29.70905], [77.10310000000001, 29.707440000000002], [77.09765, 29.707770000000004], [77.09765, 29.709300000000002], [77.08918000000001, 29.717760000000002], [77.08805000000001, 29.720840000000003], [77.09101000000001, 29.72623], [77.09622, 29.722510000000003], [77.09811, 29.72237], [77.10253, 29.7234], [77.10885, 29.726540000000004], [77.11508, 29.72707], [77.10908, 29.717660000000002]]]}}, {"id": "287", "type": "Feature", "properties": {"village_name": "Budha Khera", "vil_lgd": 59245, "district_name": "Karnal", "dist_lgd": 67, "subdistrict_name": "Karnal", "sdcode": 372, "block_name": "Karnal", "block_lgd": 30.0, "gp_name": "BUDHA KHERA (1)", "state_name": "HARYANA", "state_lgd": 6, "population": 2966, "households": 555}, "geometry": {"type": "Polygon", "coordinates": [[[77.02986, 29.708740000000002], [77.02582000000001, 29.71036], [77.02128, 29.710600000000003], [77.01976, 29.711520000000004], [77.01660000000001, 29.717170000000003], [77.02331000000001, 29.719680000000004], [77.02987, 29.715040000000002], [77.03091, 29.71432], [77.03078000000001, 29.71084], [77.02986, 29.708740000000002]]]}}, {"id": "288", "type": "Feature", "properties": {"village_name": "Phusgarh Part", "vil_lgd": 59309, "district_name": "Karnal", "dist_lgd": 67, "subdistrict_name": "Karnal", "sdcode": 372, "block_name": "Karnal", "block_lgd": 30.0, "gp_name": "PHUSGARH (PART) (2)", "state_name": "HARYANA", "state_lgd": 6, "population": 4830, "households": 929}, "geometry": {"type": "Polygon", "coordinates": [[[77.02582000000001, 29.71036], [77.02986, 29.708740000000002], [77.02697, 29.70341], [77.02513, 29.69572], [77.01855, 29.69028], [77.01695000000001, 29.68718], [77.01644, 29.682760000000002], [77.01603, 29.675020000000004], [77.00479, 29.673560000000002], [76.99908, 29.678570000000004], [76.99775000000001, 29.68315], [77.00174000000001, 29.701040000000003], [77.00747000000001, 29.706020000000002], [77.00840000000001, 29.707720000000002], [77.00724000000001, 29.712670000000003], [77.00476, 29.71469], [77.01371, 29.716420000000003], [77.01660000000001, 29.717170000000003], [77.01976, 29.711520000000004], [77.02128, 29.710600000000003], [77.02582000000001, 29.71036]]]}}, {"id": "289", "type": "Feature", "properties": {"village_name": "Bazidpur", "vil_lgd": 59197, "district_name": "Karnal", "dist_lgd": 67, "subdistrict_name": "Karnal", "sdcode": 372, "block_name": "Karnal", "block_lgd": 30.0, "gp_name": "BAZIDPUR (80)", "state_name": "HARYANA", "state_lgd": 6, "population": 1335, "households": 243}, "geometry": {"type": "Polygon", "coordinates": [[[77.08918000000001, 29.717760000000002], [77.09765, 29.709300000000002], [77.09765, 29.707770000000004], [77.09722000000001, 29.70511], [77.09468000000001, 29.700850000000003], [77.08812, 29.707480000000004], [77.0824, 29.70904], [77.0745, 29.70869], [77.07329, 29.712650000000004], [77.07319000000001, 29.719350000000002], [77.0824, 29.71768], [77.08918000000001, 29.717760000000002]]]}}, {"id": "290", "type": "Feature", "properties": {"village_name": "Kalwa Heri", "vil_lgd": 59244, "district_name": "Karnal", "dist_lgd": 67, "subdistrict_name": "Karnal", "sdcode": 372, "block_name": "Karnal", "block_lgd": 30.0, "gp_name": "KALWA HERI (90)", "state_name": "HARYANA", "state_lgd": 6, "population": 3137, "households": 555}, "geometry": {"type": "Polygon", "coordinates": [[[77.03845000000001, 29.696250000000003], [77.02513, 29.69572], [77.02697, 29.70341], [77.02986, 29.708740000000002], [77.03078000000001, 29.71084], [77.03091, 29.71432], [77.02987, 29.715040000000002], [77.03147000000001, 29.715580000000003], [77.04169, 29.716260000000002], [77.04246, 29.70962], [77.04757000000001, 29.699640000000002], [77.03845000000001, 29.696250000000003]]]}}, {"id": "291", "type": "Feature", "properties": {"village_name": "Nalwi Khurd", "vil_lgd": 59207, "district_name": "Karnal", "dist_lgd": 67, "subdistrict_name": "Karnal", "sdcode": 372, "block_name": "Karnal", "block_lgd": 30.0, "gp_name": "NALWI KHURD (81)", "state_name": "HARYANA", "state_lgd": 6, "population": 716, "households": 118}, "geometry": {"type": "Polygon", "coordinates": [[[77.09057, 29.696910000000003], [77.08288, 29.697250000000004], [77.07895, 29.698700000000002], [77.07528, 29.69893], [77.07570000000001, 29.70078], [77.07261000000001, 29.7068], [77.0745, 29.70869], [77.0824, 29.70904], [77.08812, 29.707480000000004], [77.09468000000001, 29.700850000000003], [77.09057, 29.696910000000003]]]}}, {"id": "292", "type": "Feature", "properties": {"village_name": "Nalwi Kalan", "vil_lgd": 59208, "district_name": "Karnal", "dist_lgd": 67, "subdistrict_name": "Karnal", "sdcode": 372, "block_name": "Karnal", "block_lgd": 30.0, "gp_name": "NALWI KALAN (82)", "state_name": "HARYANA", "state_lgd": 6, "population": 1615, "households": 317}, "geometry": {"type": "Polygon", "coordinates": [[[77.07139000000001, 29.697210000000002], [77.06977, 29.695680000000003], [77.06861, 29.6899], [77.05614000000001, 29.69412], [77.05656, 29.70164], [77.06453, 29.705250000000003], [77.07261000000001, 29.7068], [77.07570000000001, 29.70078], [77.07528, 29.69893], [77.07139000000001, 29.697210000000002]]]}}, {"id": "293", "type": "Feature", "properties": {"village_name": "Mohmmad Nagar", "vil_lgd": 59206, "district_name": "Karnal", "dist_lgd": 67, "subdistrict_name": "Karnal", "sdcode": 372, "block_name": "Karnal", "block_lgd": 30.0, "gp_name": "MOHMMAD NAGAR (75/1)", "state_name": "HARYANA", "state_lgd": 6, "population": 28, "households": 5}, "geometry": {"type": "Polygon", "coordinates": [[[77.10904000000001, 29.69339], [77.10098, 29.695210000000003], [77.09468000000001, 29.700850000000003], [77.09722000000001, 29.70511], [77.09765, 29.707770000000004], [77.10310000000001, 29.707440000000002], [77.10799, 29.701100000000004], [77.10855000000001, 29.69752], [77.10904000000001, 29.69339]]]}}, {"id": "294", "type": "Feature", "properties": {"village_name": "Nalwipar", "vil_lgd": 59212, "district_name": "Karnal", "dist_lgd": 67, "subdistrict_name": "Karnal", "sdcode": 372, "block_name": "Karnal", "block_lgd": 30.0, "gp_name": "NALWIPAR (83)", "state_name": "HARYANA", "state_lgd": 6, "population": 5193, "households": 1061}, "geometry": {"type": "Polygon", "coordinates": [[[77.10314000000001, 29.677020000000002], [77.09701000000001, 29.67922], [77.09239000000001, 29.684120000000004], [77.08694000000001, 29.68802], [77.07139000000001, 29.697210000000002], [77.07528, 29.69893], [77.07895, 29.698700000000002], [77.08288, 29.697250000000004], [77.09057, 29.696910000000003], [77.09386, 29.695960000000003], [77.09729, 29.690580000000004], [77.1008, 29.687590000000004], [77.10699000000001, 29.68671], [77.10418, 29.680120000000002], [77.10314000000001, 29.677020000000002]]]}}, {"id": "295", "type": "Feature", "properties": {"village_name": "Chhapra Khera", "vil_lgd": 59243, "district_name": "Karnal", "dist_lgd": 67, "subdistrict_name": "Karnal", "sdcode": 372, "block_name": "Karnal", "block_lgd": 30.0, "gp_name": "CHHAPRA KHERA (91)", "state_name": "HARYANA", "state_lgd": 6, "population": 2206, "households": 420}, "geometry": {"type": "Polygon", "coordinates": [[[77.04242, 29.67113], [77.04074, 29.672610000000002], [77.03639000000001, 29.673340000000003], [77.03618, 29.676620000000003], [77.03579, 29.68072], [77.03302000000001, 29.683170000000004], [77.02573000000001, 29.680110000000003], [77.02511000000001, 29.678690000000003], [77.02546000000001, 29.675720000000002], [77.01644, 29.682760000000002], [77.01695000000001, 29.68718], [77.01855, 29.69028], [77.02513, 29.69572], [77.03845000000001, 29.696250000000003], [77.04084, 29.689180000000004], [77.04551000000001, 29.68343], [77.04242, 29.67113]]]}}, {"id": "296", "type": "Feature", "properties": {"village_name": "Dabarki", "vil_lgd": 59211, "district_name": "Karnal", "dist_lgd": 67, "subdistrict_name": "Karnal", "sdcode": 372, "block_name": "Karnal", "block_lgd": 30.0, "gp_name": "DABARKI (86)", "state_name": "HARYANA", "state_lgd": 6, "population": 2306, "households": 460}, "geometry": {"type": "Polygon", "coordinates": [[[77.07837, 29.672320000000003], [77.07304, 29.674030000000002], [77.06871000000001, 29.672510000000003], [77.06889000000001, 29.67913], [77.06861, 29.6899], [77.06977, 29.695680000000003], [77.07139000000001, 29.697210000000002], [77.08694000000001, 29.68802], [77.09239000000001, 29.684120000000004], [77.09701000000001, 29.67922], [77.0916, 29.677550000000004], [77.07837, 29.672320000000003]]]}}, {"id": "297", "type": "Feature", "properties": {"village_name": "Sharafabad", "vil_lgd": 59210, "district_name": "Karnal", "dist_lgd": 67, "subdistrict_name": "Karnal", "sdcode": 372, "block_name": "Karnal", "block_lgd": 30.0, "gp_name": "SHARAFABAD (89)", "state_name": "HARYANA", "state_lgd": 6, "population": 1131, "households": 194}, "geometry": {"type": "Polygon", "coordinates": [[[77.06889000000001, 29.67913], [77.05992, 29.681790000000003], [77.05942, 29.68476], [77.05772, 29.686950000000003], [77.0507, 29.68964], [77.05614000000001, 29.69412], [77.06861, 29.6899], [77.06889000000001, 29.67913]]]}}, {"id": "298", "type": "Feature", "properties": {"village_name": "Chak Nalvi Par", "vil_lgd": 59204, "district_name": "Karnal", "dist_lgd": 67, "subdistrict_name": "Karnal", "sdcode": 372, "block_name": "Karnal", "block_lgd": 30.0, "gp_name": "CHAK NALVI PAR (116)", "state_name": "HARYANA", "state_lgd": 6, "population": 79, "households": 13}, "geometry": {"type": "Polygon", "coordinates": [[[77.11393000000001, 29.684060000000002], [77.11002, 29.686270000000004], [77.10699000000001, 29.68671], [77.10828000000001, 29.68982], [77.10904000000001, 29.69339], [77.12353, 29.690320000000003], [77.11988000000001, 29.687310000000004], [77.11393000000001, 29.684060000000002]]]}}, {"id": "299", "type": "Feature", "properties": {"village_name": "Rasulpur Kalan", "vil_lgd": 59218, "district_name": "Karnal", "dist_lgd": 67, "subdistrict_name": "Karnal", "sdcode": 372, "block_name": "Karnal", "block_lgd": 30.0, "gp_name": "RASULPUR KALAN (93)", "state_name": "HARYANA", "state_lgd": 6, "population": 1746, "households": 343}, "geometry": {"type": "Polygon", "coordinates": [[[77.0561, 29.660470000000004], [77.05384000000001, 29.665370000000003], [77.04527, 29.667810000000003], [77.04242, 29.67113], [77.04551000000001, 29.68343], [77.04832, 29.687960000000004], [77.0507, 29.68964], [77.05772, 29.686950000000003], [77.05942, 29.68476], [77.05992, 29.681790000000003], [77.06889000000001, 29.67913], [77.06871000000001, 29.672510000000003], [77.06381, 29.66851], [77.05677, 29.66147], [77.0561, 29.660470000000004]]]}}, {"id": "300", "type": "Feature", "properties": {"village_name": "Dabarkipar", "vil_lgd": 59213, "district_name": "Karnal", "dist_lgd": 67, "subdistrict_name": "Karnal", "sdcode": 372, "block_name": "Karnal", "block_lgd": 30.0, "gp_name": "DABARKIPAR (118)", "state_name": "HARYANA", "state_lgd": 6, "population": 1016, "households": 214}, "geometry": {"type": "Polygon", "coordinates": [[[77.13039, 29.679750000000002], [77.14239, 29.678770000000004], [77.14316000000001, 29.678510000000003], [77.14293, 29.675990000000002], [77.14369, 29.674470000000003], [77.14655, 29.67226], [77.14257, 29.668390000000002], [77.13850000000001, 29.66709], [77.13783000000001, 29.665860000000002], [77.11559000000001, 29.66832], [77.10883000000001, 29.671930000000003], [77.10314000000001, 29.677020000000002], [77.10418, 29.680120000000002], [77.10699000000001, 29.68671], [77.11002, 29.686270000000004], [77.11393000000001, 29.684060000000002], [77.13039, 29.679750000000002]]]}}, {"id": "301", "type": "Feature", "properties": {"village_name": "Shei Khpura", "vil_lgd": 59233, "district_name": "Karnal", "dist_lgd": 67, "subdistrict_name": "Karnal", "sdcode": 372, "block_name": "Karnal", "block_lgd": 30.0, "gp_name": "SHEI KHPURA (95)", "state_name": "HARYANA", "state_lgd": 6, "population": 4990, "households": 1031}, "geometry": {"type": "Polygon", "coordinates": [[[77.02640000000001, 29.671490000000002], [77.03017000000001, 29.662720000000004], [77.0334, 29.66167], [77.03544000000001, 29.662580000000002], [77.04112, 29.66823], [77.04242, 29.67113], [77.04527, 29.667810000000003], [77.05384000000001, 29.665370000000003], [77.0561, 29.660470000000004], [77.05224000000001, 29.654600000000002], [77.04171000000001, 29.653560000000002], [77.02996, 29.65095], [77.02649000000001, 29.649030000000003], [77.01864, 29.657560000000004], [77.01555, 29.663560000000004], [77.01426000000001, 29.668950000000002], [77.01463000000001, 29.669790000000003], [77.01599, 29.672870000000003], [77.01603, 29.675020000000004], [77.01644, 29.682760000000002], [77.02546000000001, 29.675720000000002], [77.02640000000001, 29.671490000000002]]]}}, {"id": "302", "type": "Feature", "properties": {"village_name": "Rasulpur Khurd", "vil_lgd": 59241, "district_name": "Karnal", "dist_lgd": 67, "subdistrict_name": "Karnal", "sdcode": 372, "block_name": "Karnal", "block_lgd": 30.0, "gp_name": "RASULPUR KHURD (92)", "state_name": "HARYANA", "state_lgd": 6, "population": 1437, "households": 291}, "geometry": {"type": "Polygon", "coordinates": [[[77.03639000000001, 29.673340000000003], [77.02822, 29.674450000000004], [77.02546000000001, 29.675720000000002], [77.02511000000001, 29.678690000000003], [77.02573000000001, 29.680110000000003], [77.03302000000001, 29.683170000000004], [77.03579, 29.68072], [77.03618, 29.676620000000003], [77.03639000000001, 29.673340000000003]]]}}, {"id": "303", "type": "Feature", "properties": {"village_name": "Mustfabad", "vil_lgd": 59214, "district_name": "Karnal", "dist_lgd": 67, "subdistrict_name": "Karnal", "sdcode": 372, "block_name": "Karnal", "block_lgd": 30.0, "gp_name": "MUSTFABAD (119)", "state_name": "HARYANA", "state_lgd": 6, "population": 592, "households": 143}, "geometry": {"type": "Polygon", "coordinates": [[[77.14102000000001, 29.655], [77.13900000000001, 29.65154], [77.12277, 29.654960000000003], [77.11947, 29.65641], [77.10606, 29.667420000000003], [77.10034, 29.66918], [77.10314000000001, 29.677020000000002], [77.10883000000001, 29.671930000000003], [77.11559000000001, 29.66832], [77.13783000000001, 29.665860000000002], [77.14102000000001, 29.655]]]}}, {"id": "304", "type": "Feature", "properties": {"village_name": "Chundipur", "vil_lgd": 59217, "district_name": "Karnal", "dist_lgd": 67, "subdistrict_name": "Karnal", "sdcode": 372, "block_name": "Karnal", "block_lgd": 30.0, "gp_name": "CHUNDIPUR (87)", "state_name": "HARYANA", "state_lgd": 6, "population": 1248, "households": 260}, "geometry": {"type": "Polygon", "coordinates": [[[77.08705, 29.666050000000002], [77.08468, 29.66437], [77.08349000000001, 29.660610000000002], [77.07396, 29.663560000000004], [77.06381, 29.66851], [77.06871000000001, 29.672510000000003], [77.07304, 29.674030000000002], [77.07837, 29.672320000000003], [77.08705, 29.666050000000002]]]}}, {"id": "305", "type": "Feature", "properties": {"village_name": "Ranwar", "vil_lgd": 59234, "district_name": "Karnal", "dist_lgd": 67, "subdistrict_name": "Karnal", "sdcode": 372, "block_name": "Karnal", "block_lgd": 30.0, "gp_name": "RANWAR (4)", "state_name": "HARYANA", "state_lgd": 6, "population": 5089, "households": 957}, "geometry": {"type": "Polygon", "coordinates": [[[77.01555, 29.663560000000004], [77.01864, 29.657560000000004], [77.02649000000001, 29.649030000000003], [77.02879, 29.6412], [77.00883, 29.64112], [77.00426, 29.639960000000002], [77.00304000000001, 29.645820000000004], [77.00009, 29.652030000000003], [76.99785, 29.65415], [76.99174000000001, 29.657420000000002], [76.9941, 29.663230000000002], [76.99767, 29.666220000000003], [77.00357000000001, 29.66513], [77.01463000000001, 29.669790000000003], [77.01426000000001, 29.668950000000002], [77.01555, 29.663560000000004]]]}}, {"id": "306", "type": "Feature", "properties": {"village_name": "Dhakwala", "vil_lgd": 59216, "district_name": "Karnal", "dist_lgd": 67, "subdistrict_name": "Karnal", "sdcode": 372, "block_name": "Karnal", "block_lgd": 30.0, "gp_name": "DHAKWALA (121)", "state_name": "HARYANA", "state_lgd": 6, "population": 2660, "households": 449}, "geometry": {"type": "Polygon", "coordinates": [[[77.13716000000001, 29.64945], [77.13337, 29.648280000000003], [77.1324, 29.647280000000002], [77.1329, 29.64458], [77.13180000000001, 29.64354], [77.13152000000001, 29.64187], [77.12819, 29.639250000000004], [77.12381, 29.6381], [77.11881000000001, 29.635550000000002], [77.11774000000001, 29.635700000000003], [77.11599000000001, 29.638140000000003], [77.11478000000001, 29.638310000000004], [77.11415000000001, 29.637380000000004], [77.1118, 29.63688], [77.10692, 29.6321], [77.10621, 29.632360000000002], [77.10594, 29.629080000000002], [77.10491, 29.62807], [77.10470000000001, 29.626240000000003], [77.10314000000001, 29.626960000000004], [77.09868, 29.640390000000004], [77.09938000000001, 29.640570000000004], [77.10095000000001, 29.642380000000003], [77.10176000000001, 29.648570000000003], [77.10187, 29.652250000000002], [77.09873, 29.65566], [77.09549000000001, 29.657680000000003], [77.08349000000001, 29.660610000000002], [77.08468, 29.66437], [77.08705, 29.666050000000002], [77.09377, 29.66831], [77.10034, 29.66918], [77.10606, 29.667420000000003], [77.11947, 29.65641], [77.12277, 29.654960000000003], [77.13900000000001, 29.65154], [77.13716000000001, 29.64945]]]}}, {"id": "307", "type": "Feature", "properties": {"village_name": "Mohay Ud Dinpur", "vil_lgd": 59219, "district_name": "Karnal", "dist_lgd": 67, "subdistrict_name": "Karnal", "sdcode": 372, "block_name": "Karnal", "block_lgd": 30.0, "gp_name": "MOHAY-UD-DINPUR(88)", "state_name": "HARYANA", "state_lgd": 6, "population": 4160, "households": 773}, "geometry": {"type": "Polygon", "coordinates": [[[77.08258000000001, 29.656090000000003], [77.08369, 29.649030000000003], [77.08061000000001, 29.647650000000002], [77.07754000000001, 29.644470000000002], [77.05496000000001, 29.649110000000004], [77.05224000000001, 29.654600000000002], [77.0561, 29.660470000000004], [77.05677, 29.66147], [77.06381, 29.66851], [77.07396, 29.663560000000004], [77.08349000000001, 29.660610000000002], [77.08258000000001, 29.656090000000003]]]}}, {"id": "308", "type": "Feature", "properties": {"village_name": "Dadupur Ranghran", "vil_lgd": 59235, "district_name": "Karnal", "dist_lgd": 67, "subdistrict_name": "Karnal", "sdcode": 372, "block_name": "Karnal", "block_lgd": 30.0, "gp_name": "DADUPUR RANGHRAN (5)", "state_name": "HARYANA", "state_lgd": 6, "population": 82, "households": 16}, "geometry": {"type": "Polygon", "coordinates": [[[76.99833000000001, 29.63868], [76.98777000000001, 29.648870000000002], [76.98943000000001, 29.65107], [76.99174000000001, 29.657420000000002], [76.99785, 29.65415], [77.00009, 29.652030000000003], [77.00304000000001, 29.645820000000004], [77.00426, 29.639960000000002], [77.00388000000001, 29.639860000000002], [76.99833000000001, 29.63868]]]}}, {"id": "309", "type": "Feature", "properties": {"village_name": "Dilaura", "vil_lgd": 59220, "district_name": "Karnal", "dist_lgd": 67, "subdistrict_name": "Karnal", "sdcode": 372, "block_name": "Karnal", "block_lgd": 30.0, "gp_name": "DILAURA (121/1)", "state_name": "HARYANA", "state_lgd": 6, "population": 467, "households": 81}, "geometry": {"type": "Polygon", "coordinates": [[[77.10176000000001, 29.648570000000003], [77.09934000000001, 29.650180000000002], [77.09514, 29.65095], [77.09294000000001, 29.650980000000004], [77.0891, 29.64917], [77.08369, 29.649030000000003], [77.08258000000001, 29.656090000000003], [77.08349000000001, 29.660610000000002], [77.09549000000001, 29.657680000000003], [77.09873, 29.65566], [77.10187, 29.652250000000002], [77.10176000000001, 29.648570000000003]]]}}, {"id": "310", "type": "Feature", "properties": {"village_name": "Mirgahan", "vil_lgd": 59232, "district_name": "Karnal", "dist_lgd": 67, "subdistrict_name": "Karnal", "sdcode": 372, "block_name": "Karnal", "block_lgd": 30.0, "gp_name": "MIRGAHAN (3)", "state_name": "HARYANA", "state_lgd": 6, "population": 1289, "households": 251}, "geometry": {"type": "Polygon", "coordinates": [[[77.04336, 29.63584], [77.03419000000001, 29.62815], [77.02879, 29.6412], [77.02649000000001, 29.649030000000003], [77.02996, 29.65095], [77.04171000000001, 29.653560000000002], [77.05224000000001, 29.654600000000002], [77.05496000000001, 29.649110000000004], [77.04336, 29.63584]]]}}, {"id": "311", "type": "Feature", "properties": {"village_name": "Manglaura Qadim", "vil_lgd": 59221, "district_name": "Karnal", "dist_lgd": 67, "subdistrict_name": "Karnal", "sdcode": 372, "block_name": "Karnal", "block_lgd": 30.0, "gp_name": "MANGLAURA QADIM (121/2)", "state_name": "HARYANA", "state_lgd": 6, "population": 2267, "households": 388}, "geometry": {"type": "Polygon", "coordinates": [[[77.09868, 29.640390000000004], [77.09648, 29.644940000000002], [77.09047000000001, 29.648970000000002], [77.0891, 29.64917], [77.09294000000001, 29.650980000000004], [77.09514, 29.65095], [77.09934000000001, 29.650180000000002], [77.10176000000001, 29.648570000000003], [77.10095000000001, 29.642380000000003], [77.09938000000001, 29.640570000000004], [77.09868, 29.640390000000004]]]}}, {"id": "312", "type": "Feature", "properties": {"village_name": "Nagla Megha", "vil_lgd": 59224, "district_name": "Karnal", "dist_lgd": 67, "subdistrict_name": "Karnal", "sdcode": 372, "block_name": "Karnal", "block_lgd": 30.0, "gp_name": "NAGLA MEGHA (96)", "state_name": "HARYANA", "state_lgd": 6, "population": 4412, "households": 806}, "geometry": {"type": "Polygon", "coordinates": [[[77.07502000000001, 29.640890000000002], [77.07527, 29.637860000000003], [77.07963000000001, 29.634020000000003], [77.0779, 29.630530000000004], [77.07608, 29.619000000000003], [77.07235, 29.617230000000003], [77.05279, 29.623300000000004], [77.04308, 29.616290000000003], [77.04149000000001, 29.616310000000002], [77.03946, 29.61634], [77.02990000000001, 29.621810000000004], [77.03039000000001, 29.623820000000002], [77.03419000000001, 29.62815], [77.04336, 29.63584], [77.05496000000001, 29.649110000000004], [77.07754000000001, 29.644470000000002], [77.07502000000001, 29.640890000000002]]]}}, {"id": "313", "type": "Feature", "properties": {"village_name": "Andhera", "vil_lgd": 59222, "district_name": "Karnal", "dist_lgd": 67, "subdistrict_name": "Karnal", "sdcode": 372, "block_name": "Karnal", "block_lgd": 30.0, "gp_name": "ANDHERA (96/1)", "state_name": "HARYANA", "state_lgd": 6, "population": 470, "households": 74}, "geometry": {"type": "Polygon", "coordinates": [[[77.07963000000001, 29.634020000000003], [77.07527, 29.637860000000003], [77.07502000000001, 29.640890000000002], [77.07754000000001, 29.644470000000002], [77.08061000000001, 29.647650000000002], [77.08369, 29.649030000000003], [77.0891, 29.64917], [77.09047000000001, 29.648970000000002], [77.09648, 29.644940000000002], [77.09868, 29.640390000000004], [77.07995000000001, 29.63464], [77.07963000000001, 29.634020000000003]]]}}, {"id": "314", "type": "Feature", "properties": {"village_name": "Ganjo Garhi", "vil_lgd": 59231, "district_name": "Karnal", "dist_lgd": 67, "subdistrict_name": "Karnal", "sdcode": 372, "block_name": "Karnal", "block_lgd": 30.0, "gp_name": "GANJO GARHI (7)", "state_name": "HARYANA", "state_lgd": 6, "population": 1524, "households": 310}, "geometry": {"type": "Polygon", "coordinates": [[[77.03419000000001, 29.62815], [77.03039000000001, 29.623820000000002], [77.02990000000001, 29.621810000000004], [77.02634, 29.618630000000003], [77.0181, 29.62938], [77.01059000000001, 29.62892], [77.00815, 29.627710000000004], [77.00796000000001, 29.628080000000004], [76.99833000000001, 29.63868], [77.00388000000001, 29.639860000000002], [77.00426, 29.639960000000002], [77.00883, 29.64112], [77.02879, 29.6412], [77.03419000000001, 29.62815]]]}}, {"id": "315", "type": "Feature", "properties": {"village_name": "Pipalwali", "vil_lgd": 59230, "district_name": "Karnal", "dist_lgd": 67, "subdistrict_name": "Karnal", "sdcode": 372, "block_name": "Karnal", "block_lgd": 30.0, "gp_name": "PIPALWALI (8)", "state_name": "HARYANA", "state_lgd": 6, "population": 318, "households": 58}, "geometry": {"type": "Polygon", "coordinates": [[[77.02449, 29.61691], [77.0177, 29.613390000000003], [77.01502, 29.612740000000002], [77.00815, 29.627710000000004], [77.01059000000001, 29.62892], [77.0181, 29.62938], [77.02634, 29.618630000000003], [77.02449, 29.61691]]]}}, {"id": "316", "type": "Feature", "properties": {"village_name": "Amritpur Khurd", "vil_lgd": 59225, "district_name": "Karnal", "dist_lgd": 67, "subdistrict_name": "Karnal", "sdcode": 372, "block_name": "Gharaunda", "block_lgd": 33.0, "gp_name": "AMRITPUR KHURD (97)", "state_name": "HARYANA", "state_lgd": 6, "population": 887, "households": 160}, "geometry": {"type": "Polygon", "coordinates": [[[77.06601, 29.615720000000003], [77.05808, 29.611200000000004], [77.05653000000001, 29.60856], [77.05716000000001, 29.59981], [77.05453, 29.58836], [77.05334, 29.587730000000004], [77.04977000000001, 29.58744], [77.04815, 29.597450000000002], [77.04149000000001, 29.616310000000002], [77.04308, 29.616290000000003], [77.05279, 29.623300000000004], [77.07235, 29.617230000000003], [77.06601, 29.615720000000003]]]}}, {"id": "317", "type": "Feature", "properties": {"village_name": "Amritpur Kalan", "vil_lgd": 59226, "district_name": "Karnal", "dist_lgd": 67, "subdistrict_name": "Karnal", "sdcode": 372, "block_name": "Gharaunda", "block_lgd": 33.0, "gp_name": "AMRITPUR KALAN (98)", "state_name": "HARYANA", "state_lgd": 6, "population": 3280, "households": 594}, "geometry": {"type": "Polygon", "coordinates": [[[77.04815, 29.597450000000002], [77.04977000000001, 29.58744], [77.04172000000001, 29.58649], [77.03146000000001, 29.587220000000002], [77.03046, 29.593410000000002], [77.02846000000001, 29.597400000000004], [77.02516, 29.601280000000003], [77.01843000000001, 29.60525], [77.0177, 29.613390000000003], [77.02449, 29.61691], [77.02634, 29.618630000000003], [77.02990000000001, 29.621810000000004], [77.03946, 29.61634], [77.04149000000001, 29.616310000000002], [77.04815, 29.597450000000002]]]}}, {"id": "318", "type": "Feature", "properties": {"village_name": "Keharwali", "vil_lgd": 59227, "district_name": "Karnal", "dist_lgd": 67, "subdistrict_name": "Karnal", "sdcode": 372, "block_name": "Gharaunda", "block_lgd": 33.0, "gp_name": "KEHARWALI (99)", "state_name": "HARYANA", "state_lgd": 6, "population": 2996, "households": 532}, "geometry": {"type": "Polygon", "coordinates": [[[77.03146000000001, 29.587220000000002], [77.02665, 29.58734], [77.01743, 29.590190000000003], [77.01251, 29.58958], [77.01141000000001, 29.59371], [77.01843000000001, 29.60525], [77.02516, 29.601280000000003], [77.02846000000001, 29.597400000000004], [77.03046, 29.593410000000002], [77.03146000000001, 29.587220000000002]]]}}, {"id": "319", "type": "Feature", "properties": {"village_name": "Khwajpur", "vil_lgd": 59393, "district_name": "Karnal", "dist_lgd": 67, "subdistrict_name": "Gharaunda", "sdcode": 374, "block_name": "Gharaunda", "block_lgd": 33.0, "gp_name": "KHWAJPUR (49)", "state_name": "HARYANA", "state_lgd": 6, "population": 0, "households": 0}, "geometry": {"type": "Polygon", "coordinates": [[[77.10549, 29.572000000000003], [77.11024, 29.571400000000004], [77.11239, 29.569290000000002], [77.11588, 29.569350000000004], [77.11746000000001, 29.56763], [77.12099, 29.5665], [77.12078000000001, 29.563750000000002], [77.12375, 29.560910000000003], [77.12684, 29.55948], [77.12709000000001, 29.557720000000003], [77.12626, 29.556210000000004], [77.12191, 29.55204], [77.11852, 29.550390000000004], [77.1144, 29.55045], [77.11032, 29.54915], [77.10815000000001, 29.547310000000003], [77.10696, 29.547960000000003], [77.09431000000001, 29.547240000000002], [77.0921, 29.560250000000003], [77.09190000000001, 29.56256], [77.09113, 29.570330000000002], [77.08824000000001, 29.579020000000003], [77.09608, 29.580000000000002], [77.09756, 29.58106], [77.09924000000001, 29.579150000000002], [77.09971, 29.576610000000002], [77.10257, 29.574600000000004], [77.10549, 29.572000000000003]]]}}, {"id": "320", "type": "Feature", "properties": {"village_name": "Bhaumajra", "vil_lgd": 59407, "district_name": "Karnal", "dist_lgd": 67, "subdistrict_name": "Gharaunda", "sdcode": 374, "block_name": "Gharaunda", "block_lgd": 33.0, "gp_name": "BHAUMAJRA (50)", "state_name": "HARYANA", "state_lgd": 6, "population": 0, "households": 0}, "geometry": {"type": "Polygon", "coordinates": [[[77.10358000000001, 29.539050000000003], [77.10218, 29.538850000000004], [77.10182, 29.535100000000003], [77.10248, 29.532370000000004], [77.09753, 29.52737], [77.09465, 29.526460000000004], [77.09604, 29.529320000000002], [77.09431000000001, 29.547240000000002], [77.10696, 29.547960000000003], [77.10815000000001, 29.547310000000003], [77.10358000000001, 29.539050000000003]]]}}, {"id": "321", "type": "Feature", "properties": {"village_name": "Chusana", "vil_lgd": 59201, "district_name": "Karnal", "dist_lgd": 67, "subdistrict_name": "Karnal", "sdcode": 372, "block_name": "Karnal", "block_lgd": 30.0, "gp_name": "CHUSANA (115)", "state_name": "HARYANA", "state_lgd": 6, "population": 0, "households": 0}, "geometry": {"type": "Polygon", "coordinates": [[[77.15072, 29.701890000000002], [77.13646, 29.70361], [77.11976, 29.700400000000002], [77.10799, 29.701100000000004], [77.10310000000001, 29.707440000000002], [77.13057, 29.70727], [77.14902000000001, 29.704000000000004], [77.15072, 29.701890000000002]]]}}, {"id": "322", "type": "Feature", "properties": {"village_name": "Bhari", "vil_lgd": 59202, "district_name": "Karnal", "dist_lgd": 67, "subdistrict_name": "Karnal", "sdcode": 372, "block_name": "Karnal", "block_lgd": 30.0, "gp_name": "BHARI (85)", "state_name": "HARYANA", "state_lgd": 6, "population": 0, "households": 0}, "geometry": {"type": "Polygon", "coordinates": [[[77.15593000000001, 29.698330000000002], [77.15483, 29.695950000000003], [77.15656000000001, 29.69262], [77.15111, 29.690490000000004], [77.14828, 29.686100000000003], [77.14258000000001, 29.68521], [77.12353, 29.690320000000003], [77.10904000000001, 29.69339], [77.10855000000001, 29.69752], [77.10799, 29.701100000000004], [77.11976, 29.700400000000002], [77.13646, 29.70361], [77.15072, 29.701890000000002], [77.14902000000001, 29.704000000000004], [77.15152, 29.704290000000004], [77.15152, 29.703570000000003], [77.15396000000001, 29.702080000000002], [77.15593000000001, 29.698330000000002]]]}}, {"id": "323", "type": "Feature", "properties": {"village_name": "Manglaura Zadid", "vil_lgd": 59223, "district_name": "Karnal", "dist_lgd": 67, "subdistrict_name": "Karnal", "sdcode": 372, "block_name": "Karnal", "block_lgd": 30.0, "gp_name": "MANGLAURA ZADID (96/2)", "state_name": "HARYANA", "state_lgd": 6, "population": 0, "households": 0}, "geometry": {"type": "Polygon", "coordinates": [[[77.10470000000001, 29.623150000000003], [77.10170000000001, 29.621550000000003], [77.1016, 29.620780000000003], [77.10186, 29.618620000000004], [77.10351, 29.61625], [77.10340000000001, 29.614630000000002], [77.10532, 29.613390000000003], [77.10863, 29.613470000000003], [77.11303000000001, 29.610660000000003], [77.11094, 29.603740000000002], [77.10859, 29.600510000000003], [77.09123000000001, 29.611340000000002], [77.08069, 29.615830000000003], [77.07235, 29.617230000000003], [77.07608, 29.619000000000003], [77.0779, 29.630530000000004], [77.07963000000001, 29.634020000000003], [77.07995000000001, 29.63464], [77.09868, 29.640390000000004], [77.10314000000001, 29.626960000000004], [77.10470000000001, 29.626240000000003], [77.10470000000001, 29.623150000000003]]]}}, {"id": "324", "type": "Feature", "properties": {"village_name": "Haibatpura", "vil_lgd": 59063, "district_name": "Karnal", "dist_lgd": 67, "subdistrict_name": "Indri", "sdcode": 371, "block_name": "Indri", "block_lgd": 29.0, "gp_name": "HAIBATPURA (17)", "state_name": "HARYANA", "state_lgd": 6, "population": 1741, "households": 326}, "geometry": {"type": "Polygon", "coordinates": [[[76.99298, 29.95174], [77.00417, 29.935240000000004], [77.00494, 29.932470000000002], [77.01195000000001, 29.92593], [77.00965000000001, 29.92387], [77.0053, 29.921550000000003], [76.998, 29.92978], [76.98978000000001, 29.9311], [76.98698, 29.932830000000003], [76.98506, 29.936930000000004], [76.98478, 29.9416], [76.99101, 29.953650000000003], [76.99138, 29.952840000000002], [76.99298, 29.95174]]]}}, {"id": "325", "type": "Feature", "properties": {"village_name": "Rai Tikhana", "vil_lgd": 59064, "district_name": "Karnal", "dist_lgd": 67, "subdistrict_name": "Indri", "sdcode": 371, "block_name": "Indri", "block_lgd": 29.0, "gp_name": "RAI TIKHANA (13)", "state_name": "HARYANA", "state_lgd": 6, "population": 1687, "households": 329}, "geometry": {"type": "Polygon", "coordinates": [[[77.00995, 29.95268], [77.01242, 29.939690000000002], [77.01049, 29.937920000000002], [77.00629, 29.936830000000004], [77.00417, 29.935240000000004], [76.99298, 29.95174], [76.99526, 29.95315], [76.99715, 29.952], [76.99869000000001, 29.9521], [76.99994000000001, 29.94985], [77.00371000000001, 29.951670000000004], [77.00642, 29.956550000000004], [77.00760000000001, 29.955420000000004], [77.00995, 29.95268]]]}}, {"id": "326", "type": "Feature", "properties": {"village_name": "Hanauri", "vil_lgd": 59071, "district_name": "Karnal", "dist_lgd": 67, "subdistrict_name": "Indri", "sdcode": 371, "block_name": "Indri", "block_lgd": 29.0, "gp_name": "HANAURI (18)", "state_name": "HARYANA", "state_lgd": 6, "population": 1606, "households": 272}, "geometry": {"type": "Polygon", "coordinates": [[[77.11161000000001, 29.956350000000004], [77.10897, 29.942750000000004], [77.09734, 29.932640000000003], [77.09341, 29.93408], [77.08837000000001, 29.9337], [77.07772, 29.949840000000002], [77.08087, 29.94817], [77.08309000000001, 29.949780000000004], [77.08329, 29.951620000000002], [77.08416000000001, 29.95182], [77.08692, 29.94975], [77.08906, 29.950530000000004], [77.09152, 29.949720000000003], [77.09262000000001, 29.950840000000003], [77.09386, 29.950210000000002], [77.09605, 29.950590000000002], [77.09918, 29.954620000000002], [77.09877, 29.95624], [77.09955000000001, 29.957400000000003], [77.10242000000001, 29.96018], [77.10386000000001, 29.959940000000003], [77.11161000000001, 29.956350000000004]]]}}, {"id": "327", "type": "Feature", "properties": {"village_name": "Bir Rai Tikhana", "vil_lgd": 59065, "district_name": "Karnal", "dist_lgd": 67, "subdistrict_name": "Indri", "sdcode": 371, "block_name": "Indri", "block_lgd": 29.0, "gp_name": "BIR RAI TIKHANA (12)", "state_name": "HARYANA", "state_lgd": 6, "population": 745, "households": 131}, "geometry": {"type": "Polygon", "coordinates": [[[77.01816000000001, 29.948240000000002], [77.01951000000001, 29.94245], [77.01819, 29.933740000000004], [77.01489000000001, 29.92856], [77.01195000000001, 29.92593], [77.00494, 29.932470000000002], [77.00417, 29.935240000000004], [77.00629, 29.936830000000004], [77.01049, 29.937920000000002], [77.01242, 29.939690000000002], [77.00995, 29.95268], [77.01520000000001, 29.949250000000003], [77.01816000000001, 29.948240000000002]]]}}, {"id": "328", "type": "Feature", "properties": {"village_name": "Garhi Jattan", "vil_lgd": 59092, "district_name": "Karnal", "dist_lgd": 67, "subdistrict_name": "Indri", "sdcode": 371, "block_name": "Indri", "block_lgd": 29.0, "gp_name": "GARHI JATTAN (9)", "state_name": "HARYANA", "state_lgd": 6, "population": 1991, "households": 370}, "geometry": {"type": "Polygon", "coordinates": [[[77.03575000000001, 29.926370000000002], [77.04096000000001, 29.922750000000004], [77.04504, 29.91146], [77.03792, 29.91193], [77.03739, 29.912020000000002], [77.02690000000001, 29.914270000000002], [77.02258, 29.91664], [77.01195000000001, 29.92593], [77.01489000000001, 29.92856], [77.01819, 29.933740000000004], [77.03464000000001, 29.931420000000003], [77.03575000000001, 29.926370000000002]]]}}, {"id": "329", "type": "Feature", "properties": {"village_name": "Chhapar", "vil_lgd": 59070, "district_name": "Karnal", "dist_lgd": 67, "subdistrict_name": "Indri", "sdcode": 371, "block_name": "Indri", "block_lgd": 29.0, "gp_name": "CHHAPAR (6)", "state_name": "HARYANA", "state_lgd": 6, "population": 1621, "households": 312}, "geometry": {"type": "Polygon", "coordinates": [[[77.07448000000001, 29.9509], [77.07636000000001, 29.949520000000003], [77.07216000000001, 29.934310000000004], [77.07034, 29.928900000000002], [77.06568, 29.929320000000004], [77.05833000000001, 29.93004], [77.057, 29.93597], [77.05249, 29.944270000000003], [77.05304000000001, 29.94639], [77.05900000000001, 29.946230000000003], [77.06, 29.947760000000002], [77.06233, 29.948420000000002], [77.06475, 29.95212], [77.06772000000001, 29.95126], [77.07448000000001, 29.9509]]]}}, {"id": "330", "type": "Feature", "properties": {"village_name": "Dhumsi", "vil_lgd": 59068, "district_name": "Karnal", "dist_lgd": 67, "subdistrict_name": "Indri", "sdcode": 371, "block_name": "Indri", "block_lgd": 29.0, "gp_name": "DHUMSI (14)", "state_name": "HARYANA", "state_lgd": 6, "population": 1320, "households": 249}, "geometry": {"type": "Polygon", "coordinates": [[[77.04828, 29.95257], [77.04570000000001, 29.943800000000003], [77.03682, 29.936510000000002], [77.03499000000001, 29.934450000000002], [77.03464000000001, 29.931420000000003], [77.01819, 29.933740000000004], [77.01951000000001, 29.94245], [77.02272, 29.947060000000004], [77.02378, 29.94807], [77.02855000000001, 29.943160000000002], [77.03074000000001, 29.941910000000004], [77.03568, 29.941360000000003], [77.03963, 29.943410000000004], [77.04191, 29.953120000000002], [77.04694, 29.952250000000003], [77.04828, 29.95257]]]}}, {"id": "331", "type": "Feature", "properties": {"village_name": "Khanpur", "vil_lgd": 59069, "district_name": "Karnal", "dist_lgd": 67, "subdistrict_name": "Indri", "sdcode": 371, "block_name": "Indri", "block_lgd": 29.0, "gp_name": "KHANPUR (7)", "state_name": "HARYANA", "state_lgd": 6, "population": 2175, "households": 374}, "geometry": {"type": "Polygon", "coordinates": [[[77.05304000000001, 29.94639], [77.05249, 29.944270000000003], [77.057, 29.93597], [77.05833000000001, 29.93004], [77.05659, 29.92179], [77.05589, 29.919390000000003], [77.04096000000001, 29.922750000000004], [77.03575000000001, 29.926370000000002], [77.03464000000001, 29.931420000000003], [77.03499000000001, 29.934450000000002], [77.03682, 29.936510000000002], [77.04570000000001, 29.943800000000003], [77.04828, 29.95257], [77.04863, 29.951050000000002], [77.05116000000001, 29.948960000000003], [77.05304000000001, 29.94639]]]}}, {"id": "332", "type": "Feature", "properties": {"village_name": "Chhaprian", "vil_lgd": 59086, "district_name": "Karnal", "dist_lgd": 67, "subdistrict_name": "Indri", "sdcode": 371, "block_name": "Indri", "block_lgd": 29.0, "gp_name": "CHHAPRIAN (20)", "state_name": "HARYANA", "state_lgd": 6, "population": 788, "households": 138}, "geometry": {"type": "Polygon", "coordinates": [[[77.08654, 29.928300000000004], [77.08675000000001, 29.925290000000004], [77.09268, 29.91466], [77.09095, 29.912020000000002], [77.08851, 29.914980000000003], [77.08312000000001, 29.917590000000004], [77.07956, 29.917430000000003], [77.08162, 29.927780000000002], [77.07955000000001, 29.93062], [77.07216000000001, 29.934310000000004], [77.07636000000001, 29.949520000000003], [77.07722000000001, 29.9492], [77.07772, 29.949840000000002], [77.08837000000001, 29.9337], [77.08654, 29.928300000000004]]]}}, {"id": "333", "type": "Feature", "properties": {"village_name": "Shergarh", "vil_lgd": 59083, "district_name": "Karnal", "dist_lgd": 67, "subdistrict_name": "Indri", "sdcode": 371, "block_name": "Indri", "block_lgd": 29.0, "gp_name": "SHERGARH (15)", "state_name": "HARYANA", "state_lgd": 6, "population": 1417, "households": 258}, "geometry": {"type": "Polygon", "coordinates": [[[77.12671, 29.939930000000004], [77.12578, 29.935080000000003], [77.12854, 29.927480000000003], [77.12838, 29.921120000000002], [77.12224, 29.922610000000002], [77.1143, 29.93156], [77.10897, 29.942750000000004], [77.11257, 29.94413], [77.11699, 29.943720000000003], [77.12291, 29.939860000000003], [77.12671, 29.939930000000004]]]}}, {"id": "334", "type": "Feature", "properties": {"village_name": "Bhaoji", "vil_lgd": 59084, "district_name": "Karnal", "dist_lgd": 67, "subdistrict_name": "Indri", "sdcode": 371, "block_name": "Indri", "block_lgd": 29.0, "gp_name": "BHAOJI (17)", "state_name": "HARYANA", "state_lgd": 6, "population": 1104, "households": 191}, "geometry": {"type": "Polygon", "coordinates": [[[77.1162, 29.917180000000002], [77.11463, 29.91232], [77.11401000000001, 29.906570000000002], [77.10063000000001, 29.91625], [77.10301000000001, 29.919380000000004], [77.10353, 29.92329], [77.09734, 29.932640000000003], [77.10897, 29.942750000000004], [77.1143, 29.93156], [77.12224, 29.922610000000002], [77.1162, 29.917180000000002]]]}}, {"id": "335", "type": "Feature", "properties": {"village_name": "Nathauri", "vil_lgd": 59082, "district_name": "Karnal", "dist_lgd": 67, "subdistrict_name": "Indri", "sdcode": 371, "block_name": "Indri", "block_lgd": 29.0, "gp_name": "NATHAURI (14)", "state_name": "HARYANA", "state_lgd": 6, "population": 625, "households": 124}, "geometry": {"type": "Polygon", "coordinates": [[[77.13882000000001, 29.941390000000002], [77.14175, 29.934400000000004], [77.14419000000001, 29.93194], [77.13881, 29.924500000000002], [77.13781, 29.918270000000003], [77.13414, 29.920170000000002], [77.12838, 29.921120000000002], [77.12854, 29.927480000000003], [77.12578, 29.935080000000003], [77.12671, 29.939930000000004], [77.13069, 29.94208], [77.13558, 29.94309], [77.13664, 29.94291], [77.13882000000001, 29.941390000000002]]]}}, {"id": "336", "type": "Feature", "properties": {"village_name": "Taprian", "vil_lgd": 59087, "district_name": "Karnal", "dist_lgd": 67, "subdistrict_name": "Indri", "sdcode": 371, "block_name": "Indri", "block_lgd": 29.0, "gp_name": "TAPRIAN (21)", "state_name": "HARYANA", "state_lgd": 6, "population": 842, "households": 153}, "geometry": {"type": "Polygon", "coordinates": [[[77.07621, 29.91043], [77.07294, 29.911040000000003], [77.07032000000001, 29.912670000000002], [77.06716, 29.917980000000004], [77.07119, 29.922230000000003], [77.07034, 29.928900000000002], [77.07216000000001, 29.934310000000004], [77.07955000000001, 29.93062], [77.08162, 29.927780000000002], [77.07956, 29.917430000000003], [77.07621, 29.91043]]]}}, {"id": "337", "type": "Feature", "properties": {"village_name": "Bhudhanpur", "vil_lgd": 59085, "district_name": "Karnal", "dist_lgd": 67, "subdistrict_name": "Indri", "sdcode": 371, "block_name": "Indri", "block_lgd": 29.0, "gp_name": "BHUDHANPUR (19)", "state_name": "HARYANA", "state_lgd": 6, "population": 1003, "households": 192}, "geometry": {"type": "Polygon", "coordinates": [[[77.09734, 29.932640000000003], [77.10353, 29.92329], [77.10301000000001, 29.919380000000004], [77.10063000000001, 29.91625], [77.09827, 29.916500000000003], [77.09268, 29.91466], [77.08675000000001, 29.925290000000004], [77.08654, 29.928300000000004], [77.08837000000001, 29.9337], [77.09341, 29.93408], [77.09734, 29.932640000000003]]]}}, {"id": "338", "type": "Feature", "properties": {"village_name": "Chogawan", "vil_lgd": 59078, "district_name": "Karnal", "dist_lgd": 67, "subdistrict_name": "Indri", "sdcode": 371, "block_name": "Indri", "block_lgd": 29.0, "gp_name": "CHOGAWAN (7)", "state_name": "HARYANA", "state_lgd": 6, "population": 2788, "households": 530}, "geometry": {"type": "Polygon", "coordinates": [[[77.19672000000001, 29.93775], [77.19738000000001, 29.938950000000002], [77.20108, 29.93672], [77.20455000000001, 29.937150000000003], [77.20902000000001, 29.935090000000002], [77.22930000000001, 29.939590000000003], [77.22639000000001, 29.93663], [77.22538, 29.93389], [77.22106000000001, 29.932920000000003], [77.2206, 29.929750000000002], [77.21798000000001, 29.923990000000003], [77.21603, 29.922060000000002], [77.21356, 29.92152], [77.21181, 29.919010000000004], [77.20836000000001, 29.917910000000003], [77.20402, 29.918110000000002], [77.20101000000001, 29.916590000000003], [77.19936000000001, 29.914260000000002], [77.1954, 29.913760000000003], [77.19428, 29.914410000000004], [77.18992, 29.91326], [77.19123, 29.917410000000004], [77.19052, 29.919320000000003], [77.18656, 29.921070000000004], [77.18254, 29.928040000000003], [77.17894000000001, 29.931900000000002], [77.17399, 29.93372], [77.19205000000001, 29.940890000000003], [77.19581000000001, 29.93775], [77.19672000000001, 29.93775]]]}}, {"id": "339", "type": "Feature", "properties": {"village_name": "Zainpur Sadhan", "vil_lgd": 59088, "district_name": "Karnal", "dist_lgd": 67, "subdistrict_name": "Indri", "sdcode": 371, "block_name": "Indri", "block_lgd": 29.0, "gp_name": "ZAINPUR SADHAN (5)", "state_name": "HARYANA", "state_lgd": 6, "population": 2039, "households": 383}, "geometry": {"type": "Polygon", "coordinates": [[[77.07034, 29.928900000000002], [77.07119, 29.922230000000003], [77.06716, 29.917980000000004], [77.05826, 29.920510000000004], [77.05659, 29.92179], [77.05833000000001, 29.93004], [77.06568, 29.929320000000004], [77.07034, 29.928900000000002]]]}}, {"id": "340", "type": "Feature", "properties": {"village_name": "Kalri Khalsa", "vil_lgd": 59124, "district_name": "Karnal", "dist_lgd": 67, "subdistrict_name": "Indri", "sdcode": 371, "block_name": "Indri", "block_lgd": 29.0, "gp_name": "KALRI  KHALSA (27)", "state_name": "HARYANA", "state_lgd": 6, "population": 1374, "households": 232}, "geometry": {"type": "Polygon", "coordinates": [[[77.10175000000001, 29.88463], [77.10252000000001, 29.883380000000002], [77.10171000000001, 29.87845], [77.10042, 29.866400000000002], [77.08729000000001, 29.87374], [77.08630000000001, 29.87571], [77.08639000000001, 29.881850000000004], [77.08655, 29.890700000000002], [77.08718, 29.891740000000002], [77.09652000000001, 29.887670000000004], [77.10175000000001, 29.88463]]]}}, {"id": "341", "type": "Feature", "properties": {"village_name": "Garhi Sadhan", "vil_lgd": 59094, "district_name": "Karnal", "dist_lgd": 67, "subdistrict_name": "Indri", "sdcode": 371, "block_name": "Indri", "block_lgd": 29.0, "gp_name": "GARHI SADHAN (10)", "state_name": "HARYANA", "state_lgd": 6, "population": 1544, "households": 299}, "geometry": {"type": "Polygon", "coordinates": [[[77.03503, 29.90229], [77.03187000000001, 29.90152], [77.03011000000001, 29.89928], [77.02737, 29.901740000000004], [77.02346, 29.90321], [77.01986000000001, 29.903180000000003], [77.01246, 29.916950000000003], [77.00965000000001, 29.92387], [77.01195000000001, 29.92593], [77.02258, 29.91664], [77.02690000000001, 29.914270000000002], [77.03739, 29.912020000000002], [77.03554000000001, 29.908110000000004], [77.03503, 29.90229]]]}}, {"id": "342", "type": "Feature", "properties": {"village_name": "Punjo Khera", "vil_lgd": 59095, "district_name": "Karnal", "dist_lgd": 67, "subdistrict_name": "Indri", "sdcode": 371, "block_name": "Indri", "block_lgd": 29.0, "gp_name": "PUNJO KHERA (23)", "state_name": "HARYANA", "state_lgd": 6, "population": 1271, "households": 247}, "geometry": {"type": "Polygon", "coordinates": [[[77.01629000000001, 29.902390000000004], [77.01028000000001, 29.898550000000004], [77.00698000000001, 29.89646], [76.99442, 29.907390000000003], [76.99494, 29.908050000000003], [76.99992, 29.914550000000002], [77.0053, 29.921550000000003], [77.00965000000001, 29.92387], [77.01246, 29.916950000000003], [77.01986000000001, 29.903180000000003], [77.01629000000001, 29.902390000000004]]]}}, {"id": "343", "type": "Feature", "properties": {"village_name": "Makhali", "vil_lgd": 59081, "district_name": "Karnal", "dist_lgd": 67, "subdistrict_name": "Indri", "sdcode": 371, "block_name": "Indri", "block_lgd": 29.0, "gp_name": "MAKHALI (9)", "state_name": "HARYANA", "state_lgd": 6, "population": 995, "households": 212}, "geometry": {"type": "Polygon", "coordinates": [[[77.15254, 29.91878], [77.14766, 29.917230000000004], [77.14085, 29.9172], [77.13781, 29.918270000000003], [77.13881, 29.924500000000002], [77.14419000000001, 29.93194], [77.14768000000001, 29.9307], [77.15448, 29.92451], [77.15254, 29.91878]]]}}, {"id": "344", "type": "Feature", "properties": {"village_name": "Hanso Majra", "vil_lgd": 59079, "district_name": "Karnal", "dist_lgd": 67, "subdistrict_name": "Indri", "sdcode": 371, "block_name": "Indri", "block_lgd": 29.0, "gp_name": "HANSO MAJRA (8)", "state_name": "HARYANA", "state_lgd": 6, "population": 808, "households": 156}, "geometry": {"type": "Polygon", "coordinates": [[[77.18783, 29.91062], [77.18179, 29.910860000000003], [77.17895, 29.91186], [77.17763000000001, 29.914520000000003], [77.17286, 29.92002], [77.15448, 29.92451], [77.16218, 29.929510000000004], [77.17399, 29.93372], [77.17894000000001, 29.931900000000002], [77.18254, 29.928040000000003], [77.18656, 29.921070000000004], [77.19052, 29.919320000000003], [77.19123, 29.917410000000004], [77.18992, 29.91326], [77.18783, 29.91062]]]}}, {"id": "345", "type": "Feature", "properties": {"village_name": "Andhgarh", "vil_lgd": 59091, "district_name": "Karnal", "dist_lgd": 67, "subdistrict_name": "Indri", "sdcode": 371, "block_name": "Indri", "block_lgd": 29.0, "gp_name": "ANDHGARH (8)", "state_name": "HARYANA", "state_lgd": 6, "population": 132, "households": 27}, "geometry": {"type": "Polygon", "coordinates": [[[77.05597, 29.917830000000002], [77.05816, 29.915340000000004], [77.04901000000001, 29.911770000000004], [77.04504, 29.91146], [77.04096000000001, 29.922750000000004], [77.05589, 29.919390000000003], [77.05597, 29.917830000000002]]]}}, {"id": "346", "type": "Feature", "properties": {"village_name": "Keherba", "vil_lgd": 59089, "district_name": "Karnal", "dist_lgd": 67, "subdistrict_name": "Indri", "sdcode": 371, "block_name": "Indri", "block_lgd": 29.0, "gp_name": "KEHERBA (4)", "state_name": "HARYANA", "state_lgd": 6, "population": 648, "households": 138}, "geometry": {"type": "Polygon", "coordinates": [[[77.07032000000001, 29.912670000000002], [77.07294, 29.911040000000003], [77.07621, 29.91043], [77.07063000000001, 29.905440000000002], [77.05816, 29.915340000000004], [77.05597, 29.917830000000002], [77.05589, 29.919390000000003], [77.05659, 29.92179], [77.05826, 29.920510000000004], [77.06716, 29.917980000000004], [77.07032000000001, 29.912670000000002]]]}}, {"id": "347", "type": "Feature", "properties": {"village_name": "Nandi Khalsa", "vil_lgd": 59112, "district_name": "Karnal", "dist_lgd": 67, "subdistrict_name": "Indri", "sdcode": 371, "block_name": "Indri", "block_lgd": 29.0, "gp_name": "NANDI KHALSA (16)", "state_name": "HARYANA", "state_lgd": 6, "population": 1360, "households": 271}, "geometry": {"type": "Polygon", "coordinates": [[[77.13414, 29.920170000000002], [77.13781, 29.918270000000003], [77.13744000000001, 29.91571], [77.13269000000001, 29.909640000000003], [77.12792, 29.903810000000004], [77.1276, 29.90236], [77.11663, 29.90499], [77.11401000000001, 29.906570000000002], [77.11463, 29.91232], [77.1162, 29.917180000000002], [77.12224, 29.922610000000002], [77.12838, 29.921120000000002], [77.13414, 29.920170000000002]]]}}, {"id": "348", "type": "Feature", "properties": {"village_name": "Rasulpur", "vil_lgd": 59135, "district_name": "Karnal", "dist_lgd": 67, "subdistrict_name": "Indri", "sdcode": 371, "block_name": "Indri", "block_lgd": 29.0, "gp_name": "RASULPUR (24/1)", "state_name": "HARYANA", "state_lgd": 6, "population": 810, "households": 152}, "geometry": {"type": "Polygon", "coordinates": [[[77.04955000000001, 29.85554], [77.04326, 29.858800000000002], [77.04006000000001, 29.862130000000004], [77.05034, 29.870890000000003], [77.05315, 29.8667], [77.05715000000001, 29.863570000000003], [77.05365, 29.860670000000002], [77.04955000000001, 29.85554]]]}}, {"id": "349", "type": "Feature", "properties": {"village_name": "Kalsaura", "vil_lgd": 59140, "district_name": "Karnal", "dist_lgd": 67, "subdistrict_name": "Indri", "sdcode": 371, "block_name": "Indri", "block_lgd": 29.0, "gp_name": "KALSAURA (38)", "state_name": "HARYANA", "state_lgd": 6, "population": 5123, "households": 870}, "geometry": {"type": "Polygon", "coordinates": [[[77.14636, 29.850170000000002], [77.12032, 29.854540000000004], [77.11523000000001, 29.86014], [77.12137000000001, 29.869600000000002], [77.12597000000001, 29.874730000000003], [77.13584, 29.86907], [77.14052000000001, 29.867820000000002], [77.15199000000001, 29.866600000000002], [77.15017, 29.858330000000002], [77.14636, 29.850170000000002]]]}}, {"id": "350", "type": "Feature", "properties": {"village_name": "Bahlolpur Viran", "vil_lgd": 59132, "district_name": "Karnal", "dist_lgd": 67, "subdistrict_name": "Indri", "sdcode": 371, "block_name": "Indri", "block_lgd": 29.0, "gp_name": "BAHLOLPUR VIRAN (65)", "state_name": "HARYANA", "state_lgd": 6, "population": 5, "households": 2}, "geometry": {"type": "Polygon", "coordinates": [[[77.01427000000001, 29.862890000000004], [77.01046000000001, 29.856620000000003], [77.00224, 29.860720000000004], [77.00741000000001, 29.86436], [77.00995, 29.868080000000003], [77.01565000000001, 29.86849], [77.01738, 29.867120000000003], [77.01427000000001, 29.862890000000004]]]}}, {"id": "351", "type": "Feature", "properties": {"village_name": "Muradgarh", "vil_lgd": 59137, "district_name": "Karnal", "dist_lgd": 67, "subdistrict_name": "Indri", "sdcode": 371, "block_name": "Indri", "block_lgd": 29.0, "gp_name": "MURADGARH (44)", "state_name": "HARYANA", "state_lgd": 6, "population": 1708, "households": 288}, "geometry": {"type": "Polygon", "coordinates": [[[77.08160000000001, 29.85836], [77.07587000000001, 29.849330000000002], [77.07022, 29.848380000000002], [77.06663, 29.848370000000003], [77.06267000000001, 29.849590000000003], [77.06157, 29.850880000000004], [77.06109000000001, 29.85507], [77.06328, 29.86041], [77.06750000000001, 29.863860000000003], [77.07272, 29.86501], [77.07534000000001, 29.866460000000004], [77.07919000000001, 29.862830000000002], [77.08160000000001, 29.85836]]]}}, {"id": "352", "type": "Feature", "properties": {"village_name": "Chandraon", "vil_lgd": 59116, "district_name": "Karnal", "dist_lgd": 67, "subdistrict_name": "Indri", "sdcode": 371, "block_name": "Indri", "block_lgd": 29.0, "gp_name": "CHANDRAON (10)", "state_name": "HARYANA", "state_lgd": 6, "population": 2269, "households": 422}, "geometry": {"type": "Polygon", "coordinates": [[[77.18576, 29.907560000000004], [77.18700000000001, 29.89627], [77.19087, 29.89205], [77.20026, 29.889160000000004], [77.20006000000001, 29.887040000000002], [77.20160000000001, 29.88068], [77.20135, 29.87348], [77.20207, 29.87046], [77.20135, 29.864220000000003], [77.19974, 29.863590000000002], [77.18398, 29.873040000000003], [77.16234, 29.8913], [77.1628, 29.897350000000003], [77.16093000000001, 29.903830000000003], [77.15827, 29.910580000000003], [77.15254, 29.91878], [77.15448, 29.92451], [77.17286, 29.92002], [77.17763000000001, 29.914520000000003], [77.17895, 29.91186], [77.18179, 29.910860000000003], [77.18783, 29.91062], [77.18576, 29.907560000000004]]]}}, {"id": "353", "type": "Feature", "properties": {"village_name": "Pathera", "vil_lgd": 59108, "district_name": "Karnal", "dist_lgd": 67, "subdistrict_name": "Indri", "sdcode": 371, "block_name": "Indri", "block_lgd": 29.0, "gp_name": "PATHERA (22)", "state_name": "HARYANA", "state_lgd": 6, "population": 1822, "households": 323}, "geometry": {"type": "Polygon", "coordinates": [[[77.09095, 29.912020000000002], [77.09268, 29.91466], [77.09827, 29.916500000000003], [77.10063000000001, 29.91625], [77.09809000000001, 29.913600000000002], [77.09286, 29.90227], [77.09187, 29.89833], [77.08718, 29.891740000000002], [77.08655, 29.890700000000002], [77.07894, 29.894610000000004], [77.07173, 29.899970000000003], [77.06992000000001, 29.900380000000002], [77.07063000000001, 29.905440000000002], [77.07621, 29.91043], [77.07956, 29.917430000000003], [77.08312000000001, 29.917590000000004], [77.08851, 29.914980000000003], [77.09095, 29.912020000000002]]]}}, {"id": "354", "type": "Feature", "properties": {"village_name": "Santheri", "vil_lgd": 59090, "district_name": "Karnal", "dist_lgd": 67, "subdistrict_name": "Indri", "sdcode": 371, "block_name": "Indri", "block_lgd": 29.0, "gp_name": "SANTHERI (3)", "state_name": "HARYANA", "state_lgd": 6, "population": 845, "households": 142}, "geometry": {"type": "Polygon", "coordinates": [[[77.06992000000001, 29.900380000000002], [77.05966000000001, 29.89975], [77.04628000000001, 29.908050000000003], [77.04504, 29.91146], [77.04901000000001, 29.911770000000004], [77.05816, 29.915340000000004], [77.07063000000001, 29.905440000000002], [77.06992000000001, 29.900380000000002]]]}}, {"id": "355", "type": "Feature", "properties": {"village_name": "Badheri", "vil_lgd": 59093, "district_name": "Karnal", "dist_lgd": 67, "subdistrict_name": "Indri", "sdcode": 371, "block_name": "Indri", "block_lgd": 29.0, "gp_name": "BADHERI (2)", "state_name": "HARYANA", "state_lgd": 6, "population": 989, "households": 200}, "geometry": {"type": "Polygon", "coordinates": [[[77.04504, 29.91146], [77.04628000000001, 29.908050000000003], [77.05966000000001, 29.89975], [77.06209000000001, 29.893050000000002], [77.05879, 29.89206], [77.04574000000001, 29.89647], [77.03699, 29.89721], [77.03503, 29.90229], [77.03554000000001, 29.908110000000004], [77.03739, 29.912020000000002], [77.03792, 29.91193], [77.04504, 29.91146]]]}}, {"id": "356", "type": "Feature", "properties": {"village_name": "Rajapur", "vil_lgd": 59109, "district_name": "Karnal", "dist_lgd": 67, "subdistrict_name": "Indri", "sdcode": 371, "block_name": "Indri", "block_lgd": 29.0, "gp_name": "RAJAPUR (28)", "state_name": "HARYANA", "state_lgd": 6, "population": 2032, "households": 368}, "geometry": {"type": "Polygon", "coordinates": [[[77.11178000000001, 29.89562], [77.10729, 29.894320000000004], [77.10097, 29.889670000000002], [77.09652000000001, 29.887670000000004], [77.08718, 29.891740000000002], [77.09187, 29.89833], [77.09286, 29.90227], [77.09809000000001, 29.913600000000002], [77.10063000000001, 29.91625], [77.11401000000001, 29.906570000000002], [77.11178000000001, 29.89562]]]}}, {"id": "357", "type": "Feature", "properties": {"village_name": "Garhi Birbal", "vil_lgd": 59114, "district_name": "Karnal", "dist_lgd": 67, "subdistrict_name": "Indri", "sdcode": 371, "block_name": "Indri", "block_lgd": 29.0, "gp_name": "GARHI BIRBAL (32)", "state_name": "HARYANA", "state_lgd": 6, "population": 4129, "households": 739}, "geometry": {"type": "Polygon", "coordinates": [[[77.14766, 29.917230000000004], [77.14712, 29.912390000000002], [77.14854000000001, 29.90527], [77.15444000000001, 29.903080000000003], [77.16093000000001, 29.903830000000003], [77.1628, 29.897350000000003], [77.16234, 29.8913], [77.15968000000001, 29.88651], [77.15499000000001, 29.88744], [77.14148, 29.89346], [77.14200000000001, 29.89544], [77.14045, 29.905440000000002], [77.13269000000001, 29.909640000000003], [77.13744000000001, 29.91571], [77.13781, 29.918270000000003], [77.14085, 29.9172], [77.14766, 29.917230000000004]]]}}, {"id": "358", "type": "Feature", "properties": {"village_name": "Kharak", "vil_lgd": 59115, "district_name": "Karnal", "dist_lgd": 67, "subdistrict_name": "Indri", "sdcode": 371, "block_name": "Indri", "block_lgd": 29.0, "gp_name": "KHARAK (12)", "state_name": "HARYANA", "state_lgd": 6, "population": 551, "households": 107}, "geometry": {"type": "Polygon", "coordinates": [[[77.15444000000001, 29.903080000000003], [77.14854000000001, 29.90527], [77.14712, 29.912390000000002], [77.14766, 29.917230000000004], [77.15254, 29.91878], [77.15827, 29.910580000000003], [77.16093000000001, 29.903830000000003], [77.15444000000001, 29.903080000000003]]]}}, {"id": "359", "type": "Feature", "properties": {"village_name": "Butan Kher", "vil_lgd": 59101, "district_name": "Karnal", "dist_lgd": 67, "subdistrict_name": "Indri", "sdcode": 371, "block_name": "Indri", "block_lgd": 29.0, "gp_name": "BUTAN KHER (24)", "state_name": "HARYANA", "state_lgd": 6, "population": 1734, "households": 342}, "geometry": {"type": "Polygon", "coordinates": [[[77.00214000000001, 29.89223], [76.99377000000001, 29.88624], [76.99316, 29.886440000000004], [76.9942, 29.889830000000003], [76.98822000000001, 29.901120000000002], [76.99442, 29.907390000000003], [77.00698000000001, 29.89646], [77.00214000000001, 29.89223]]]}}, {"id": "360", "type": "Feature", "properties": {"village_name": "Ramgarh", "vil_lgd": 59104, "district_name": "Karnal", "dist_lgd": 67, "subdistrict_name": "Indri", "sdcode": 371, "block_name": "Indri", "block_lgd": 29.0, "gp_name": "RAMGARH (44)", "state_name": "HARYANA", "state_lgd": 6, "population": 95, "households": 22}, "geometry": {"type": "Polygon", "coordinates": [[[77.02268000000001, 29.887600000000003], [77.01583000000001, 29.891720000000003], [77.01028000000001, 29.898550000000004], [77.01629000000001, 29.902390000000004], [77.01986000000001, 29.903180000000003], [77.02346, 29.90321], [77.02737, 29.901740000000004], [77.03011000000001, 29.89928], [77.02268000000001, 29.887600000000003]]]}}, {"id": "361", "type": "Feature", "properties": {"village_name": "Malik Apo Ap", "vil_lgd": 59113, "district_name": "Karnal", "dist_lgd": 67, "subdistrict_name": "Indri", "sdcode": 371, "block_name": "Indri", "block_lgd": 29.0, "gp_name": "MALIK- APO- AP (33)", "state_name": "HARYANA", "state_lgd": 6, "population": 15, "households": 3}, "geometry": {"type": "Polygon", "coordinates": [[[77.13944000000001, 29.888530000000003], [77.13195, 29.8957], [77.1276, 29.90236], [77.12792, 29.903810000000004], [77.13269000000001, 29.909640000000003], [77.14045, 29.905440000000002], [77.14200000000001, 29.89544], [77.14148, 29.89346], [77.13944000000001, 29.888530000000003]]]}}, {"id": "362", "type": "Feature", "properties": {"village_name": "Syed Chhapra", "vil_lgd": 59143, "district_name": "Karnal", "dist_lgd": 67, "subdistrict_name": "Indri", "sdcode": 371, "block_name": "Indri", "block_lgd": 29.0, "gp_name": "SYED CHHAPRA (103)", "state_name": "HARYANA", "state_lgd": 6, "population": 1265, "households": 208}, "geometry": {"type": "Polygon", "coordinates": [[[77.17895, 29.826940000000004], [77.15968000000001, 29.838810000000002], [77.15609, 29.84025], [77.14423000000001, 29.842480000000002], [77.14417, 29.84494], [77.14636, 29.850170000000002], [77.15557000000001, 29.84859], [77.17776, 29.84128], [77.17887, 29.83086], [77.17895, 29.826940000000004]]]}}, {"id": "363", "type": "Feature", "properties": {"village_name": "Qadirabad", "vil_lgd": 59105, "district_name": "Karnal", "dist_lgd": 67, "subdistrict_name": "Indri", "sdcode": 371, "block_name": "Indri", "block_lgd": 29.0, "gp_name": "QADIRABAD (45)", "state_name": "HARYANA", "state_lgd": 6, "population": 298, "households": 71}, "geometry": {"type": "Polygon", "coordinates": [[[77.03594000000001, 29.89261], [77.03656000000001, 29.887890000000002], [77.03505000000001, 29.885900000000003], [77.02288, 29.87937], [77.01912, 29.878140000000002], [77.01665000000001, 29.879880000000004], [77.01842, 29.881990000000002], [77.02268000000001, 29.887600000000003], [77.03011000000001, 29.89928], [77.03187000000001, 29.90152], [77.03503, 29.90229], [77.03699, 29.89721], [77.03594000000001, 29.89261]]]}}, {"id": "364", "type": "Feature", "properties": {"village_name": "Umarpur", "vil_lgd": 59111, "district_name": "Karnal", "dist_lgd": 67, "subdistrict_name": "Indri", "sdcode": 371, "block_name": "Indri", "block_lgd": 29.0, "gp_name": "UMARPUR (31)", "state_name": "HARYANA", "state_lgd": 6, "population": 1340, "households": 263}, "geometry": {"type": "Polygon", "coordinates": [[[77.13195, 29.8957], [77.12676, 29.88971], [77.1229, 29.885050000000003], [77.11766, 29.888140000000003], [77.11481, 29.892650000000003], [77.11178000000001, 29.89562], [77.11401000000001, 29.906570000000002], [77.11663, 29.90499], [77.1276, 29.90236], [77.13195, 29.8957]]]}}, {"id": "365", "type": "Feature", "properties": {"village_name": "Budhanpur Banger", "vil_lgd": 59103, "district_name": "Karnal", "dist_lgd": 67, "subdistrict_name": "Indri", "sdcode": 371, "block_name": "Indri", "block_lgd": 29.0, "gp_name": "BUDHANPUR SIKRI (43)", "state_name": "HARYANA", "state_lgd": 6, "population": 644, "households": 130}, "geometry": {"type": "Polygon", "coordinates": [[[77.01842, 29.881990000000002], [77.00214000000001, 29.89223], [77.00698000000001, 29.89646], [77.01028000000001, 29.898550000000004], [77.01583000000001, 29.891720000000003], [77.02268000000001, 29.887600000000003], [77.01842, 29.881990000000002]]]}}, {"id": "366", "type": "Feature", "properties": {"village_name": "Khera", "vil_lgd": 59107, "district_name": "Karnal", "dist_lgd": 67, "subdistrict_name": "Indri", "sdcode": 371, "block_name": "Indri", "block_lgd": 29.0, "gp_name": "KHERA (23)", "state_name": "HARYANA", "state_lgd": 6, "population": 2698, "households": 501}, "geometry": {"type": "Polygon", "coordinates": [[[77.08639000000001, 29.881850000000004], [77.07660000000001, 29.880620000000004], [77.06802, 29.88586], [77.06263000000001, 29.892200000000003], [77.06209000000001, 29.893050000000002], [77.05966000000001, 29.89975], [77.06992000000001, 29.900380000000002], [77.07173, 29.899970000000003], [77.07894, 29.894610000000004], [77.08655, 29.890700000000002], [77.08639000000001, 29.881850000000004]]]}}, {"id": "367", "type": "Feature", "properties": {"village_name": "Phusgarh", "vil_lgd": 59106, "district_name": "Karnal", "dist_lgd": 67, "subdistrict_name": "Indri", "sdcode": 371, "block_name": "Indri", "block_lgd": 29.0, "gp_name": "PHUSGARH (1)", "state_name": "HARYANA", "state_lgd": 6, "population": 1083, "households": 197}, "geometry": {"type": "Polygon", "coordinates": [[[77.05949000000001, 29.885250000000003], [77.05849, 29.884300000000003], [77.04365, 29.88464], [77.03456000000001, 29.8835], [77.03505000000001, 29.885900000000003], [77.03656000000001, 29.887890000000002], [77.03594000000001, 29.89261], [77.03699, 29.89721], [77.04574000000001, 29.89647], [77.05879, 29.89206], [77.05949000000001, 29.885250000000003]]]}}, {"id": "368", "type": "Feature", "properties": {"village_name": "Kamalpur Gadian", "vil_lgd": 59102, "district_name": "Karnal", "dist_lgd": 67, "subdistrict_name": "Indri", "sdcode": 371, "block_name": "Indri", "block_lgd": 29.0, "gp_name": "KAMALPUR GADIAN (42)", "state_name": "HARYANA", "state_lgd": 6, "population": 164, "households": 34}, "geometry": {"type": "Polygon", "coordinates": [[[77.01665000000001, 29.879880000000004], [77.01511, 29.878400000000003], [77.00639000000001, 29.881560000000004], [76.99377000000001, 29.88624], [77.00214000000001, 29.89223], [77.01842, 29.881990000000002], [77.01665000000001, 29.879880000000004]]]}}, {"id": "369", "type": "Feature", "properties": {"village_name": "Fatehgarh", "vil_lgd": 59110, "district_name": "Karnal", "dist_lgd": 67, "subdistrict_name": "Indri", "sdcode": 371, "block_name": "Indri", "block_lgd": 29.0, "gp_name": "FATEHGARH (29)", "state_name": "HARYANA", "state_lgd": 6, "population": 20, "households": 4}, "geometry": {"type": "Polygon", "coordinates": [[[77.10730000000001, 29.883960000000002], [77.10252000000001, 29.883380000000002], [77.10175000000001, 29.88463], [77.09652000000001, 29.887670000000004], [77.10097, 29.889670000000002], [77.10729, 29.894320000000004], [77.11178000000001, 29.89562], [77.11481, 29.892650000000003], [77.11766, 29.888140000000003], [77.10730000000001, 29.883960000000002]]]}}, {"id": "370", "type": "Feature", "properties": {"village_name": "Manak Majra Gadian", "vil_lgd": 59130, "district_name": "Karnal", "dist_lgd": 67, "subdistrict_name": "Indri", "sdcode": 371, "block_name": "Indri", "block_lgd": 29.0, "gp_name": "MANAK MAJRA GADIAN (41)", "state_name": "HARYANA", "state_lgd": 6, "population": 671, "households": 122}, "geometry": {"type": "Polygon", "coordinates": [[[76.99618000000001, 29.87683], [76.99304000000001, 29.880830000000003], [76.99247000000001, 29.88417], [76.99316, 29.886440000000004], [76.99377000000001, 29.88624], [77.00639000000001, 29.881560000000004], [77.00444, 29.879900000000003], [76.99855000000001, 29.87798], [76.99618000000001, 29.87683]]]}}, {"id": "371", "type": "Feature", "properties": {"village_name": "Labkari", "vil_lgd": 59118, "district_name": "Karnal", "dist_lgd": 67, "subdistrict_name": "Indri", "sdcode": 371, "block_name": "Indri", "block_lgd": 29.0, "gp_name": "LABKARI (34)", "state_name": "HARYANA", "state_lgd": 6, "population": 1851, "households": 323}, "geometry": {"type": "Polygon", "coordinates": [[[77.1543, 29.8762], [77.15235000000001, 29.87685], [77.14443, 29.8837], [77.13944000000001, 29.888530000000003], [77.14148, 29.89346], [77.15499000000001, 29.88744], [77.15968000000001, 29.88651], [77.1543, 29.8762]]]}}, {"id": "372", "type": "Feature", "properties": {"village_name": "Dhumra", "vil_lgd": 59128, "district_name": "Karnal", "dist_lgd": 67, "subdistrict_name": "Indri", "sdcode": 371, "block_name": "Indri", "block_lgd": 29.0, "gp_name": "DHUMRA (47)", "state_name": "HARYANA", "state_lgd": 6, "population": 636, "households": 137}, "geometry": {"type": "Polygon", "coordinates": [[[77.03498, 29.87909], [77.03367, 29.877620000000004], [77.02937, 29.8728], [77.02675, 29.871660000000002], [77.01912, 29.878140000000002], [77.02288, 29.87937], [77.03505000000001, 29.885900000000003], [77.03456000000001, 29.8835], [77.03498, 29.87909]]]}}, {"id": "373", "type": "Feature", "properties": {"village_name": "Musapur", "vil_lgd": 59120, "district_name": "Karnal", "dist_lgd": 67, "subdistrict_name": "Indri", "sdcode": 371, "block_name": "Indri", "block_lgd": 29.0, "gp_name": "MUSAPUR (36)", "state_name": "HARYANA", "state_lgd": 6, "population": 1248, "households": 206}, "geometry": {"type": "Polygon", "coordinates": [[[77.13754, 29.879], [77.13507000000001, 29.878140000000002], [77.13007, 29.878280000000004], [77.12881, 29.880350000000004], [77.1229, 29.885050000000003], [77.12676, 29.88971], [77.13271, 29.88575], [77.13835, 29.884240000000002], [77.13754, 29.879]]]}}, {"id": "374", "type": "Feature", "properties": {"village_name": "Garh Pur Tapoo", "vil_lgd": 59117, "district_name": "Karnal", "dist_lgd": 67, "subdistrict_name": "Indri", "sdcode": 371, "block_name": "Indri", "block_lgd": 29.0, "gp_name": "GARH PUR TAPOO (11)", "state_name": "HARYANA", "state_lgd": 6, "population": 886, "households": 159}, "geometry": {"type": "Polygon", "coordinates": [[[77.19734000000001, 29.858770000000003], [77.19525, 29.857450000000004], [77.19314, 29.856790000000004], [77.19044000000001, 29.857480000000002], [77.18948, 29.858490000000003], [77.18694, 29.857870000000002], [77.1543, 29.8762], [77.15968000000001, 29.88651], [77.16234, 29.8913], [77.18398, 29.873040000000003], [77.19974, 29.863590000000002], [77.19734000000001, 29.858770000000003]]]}}, {"id": "375", "type": "Feature", "properties": {"village_name": "Tasang", "vil_lgd": 59122, "district_name": "Karnal", "dist_lgd": 67, "subdistrict_name": "Indri", "sdcode": 371, "block_name": "Indri", "block_lgd": 29.0, "gp_name": "TASANG (30)", "state_name": "HARYANA", "state_lgd": 6, "population": 990, "households": 189}, "geometry": {"type": "Polygon", "coordinates": [[[77.12881, 29.880350000000004], [77.13007, 29.878280000000004], [77.12894, 29.87797], [77.12597000000001, 29.874730000000003], [77.12137000000001, 29.869600000000002], [77.11569, 29.872740000000004], [77.10171000000001, 29.87845], [77.10252000000001, 29.883380000000002], [77.10730000000001, 29.883960000000002], [77.11766, 29.888140000000003], [77.1229, 29.885050000000003], [77.12881, 29.880350000000004]]]}}, {"id": "376", "type": "Feature", "properties": {"village_name": "Sheikhpura", "vil_lgd": 59131, "district_name": "Karnal", "dist_lgd": 67, "subdistrict_name": "Indri", "sdcode": 371, "block_name": "Indri", "block_lgd": 29.0, "gp_name": "SHEIKHPURA (40)", "state_name": "HARYANA", "state_lgd": 6, "population": 603, "households": 113}, "geometry": {"type": "Polygon", "coordinates": [[[77.00721, 29.871060000000003], [77.00019, 29.87357], [76.99618000000001, 29.87683], [76.99855000000001, 29.87798], [77.00444, 29.879900000000003], [77.00639000000001, 29.881560000000004], [77.01511, 29.878400000000003], [77.01198000000001, 29.875400000000003], [77.00721, 29.871060000000003]]]}}, {"id": "377", "type": "Feature", "properties": {"village_name": "Gumton", "vil_lgd": 59129, "district_name": "Karnal", "dist_lgd": 67, "subdistrict_name": "Indri", "sdcode": 371, "block_name": "Indri", "block_lgd": 29.0, "gp_name": "GUMTON (48)", "state_name": "HARYANA", "state_lgd": 6, "population": 983, "households": 185}, "geometry": {"type": "Polygon", "coordinates": [[[77.02675, 29.871660000000002], [77.01738, 29.867120000000003], [77.01565000000001, 29.86849], [77.00995, 29.868080000000003], [77.00721, 29.871060000000003], [77.01198000000001, 29.875400000000003], [77.01511, 29.878400000000003], [77.01665000000001, 29.879880000000004], [77.01912, 29.878140000000002], [77.02675, 29.871660000000002]]]}}, {"id": "378", "type": "Feature", "properties": {"village_name": "Nanhera", "vil_lgd": 59125, "district_name": "Karnal", "dist_lgd": 67, "subdistrict_name": "Indri", "sdcode": 371, "block_name": "Indri", "block_lgd": 29.0, "gp_name": "NANHERA (26)", "state_name": "HARYANA", "state_lgd": 6, "population": 941, "households": 154}, "geometry": {"type": "Polygon", "coordinates": [[[77.10011, 29.863380000000003], [77.09747, 29.86231], [77.0942, 29.86445], [77.09014, 29.864], [77.0841, 29.866070000000004], [77.08235, 29.865540000000003], [77.07919000000001, 29.862830000000002], [77.07534000000001, 29.866460000000004], [77.07685000000001, 29.86888], [77.07624000000001, 29.8715], [77.07435000000001, 29.873800000000003], [77.07156, 29.874080000000003], [77.07090000000001, 29.874900000000004], [77.07093, 29.87871], [77.07660000000001, 29.880620000000004], [77.08639000000001, 29.881850000000004], [77.08630000000001, 29.87571], [77.08729000000001, 29.87374], [77.10042, 29.866400000000002], [77.10011, 29.863380000000003]]]}}, {"id": "379", "type": "Feature", "properties": {"village_name": "Shamashpur", "vil_lgd": 59121, "district_name": "Karnal", "dist_lgd": 67, "subdistrict_name": "Indri", "sdcode": 371, "block_name": "Indri", "block_lgd": 29.0, "gp_name": "SHAMASHPUR (37)", "state_name": "HARYANA", "state_lgd": 6, "population": 579, "households": 102}, "geometry": {"type": "Polygon", "coordinates": [[[77.15235000000001, 29.87685], [77.1543, 29.8762], [77.15199000000001, 29.866600000000002], [77.14052000000001, 29.867820000000002], [77.13584, 29.86907], [77.12597000000001, 29.874730000000003], [77.12894, 29.87797], [77.13007, 29.878280000000004], [77.13507000000001, 29.878140000000002], [77.13754, 29.879], [77.13835, 29.884240000000002], [77.14443, 29.8837], [77.15235000000001, 29.87685]]]}}, {"id": "380", "type": "Feature", "properties": {"village_name": "Gudah Part", "vil_lgd": 59134, "district_name": "Karnal", "dist_lgd": 67, "subdistrict_name": "Indri", "sdcode": 371, "block_name": "Indri", "block_lgd": 29.0, "gp_name": "GUDAH (PART) (50)", "state_name": "HARYANA", "state_lgd": 6, "population": 27, "households": 7}, "geometry": {"type": "Polygon", "coordinates": [[[77.03662, 29.870510000000003], [77.05034, 29.870890000000003], [77.04006000000001, 29.862130000000004], [77.03591, 29.862840000000002], [77.03244000000001, 29.867010000000004], [77.02675, 29.871660000000002], [77.02937, 29.8728], [77.03367, 29.877620000000004], [77.03371, 29.87375], [77.03652000000001, 29.87301], [77.03662, 29.870510000000003]]]}}, {"id": "381", "type": "Feature", "properties": {"village_name": "Matak Majri Part", "vil_lgd": 59126, "district_name": "Karnal", "dist_lgd": 67, "subdistrict_name": "Indri", "sdcode": 371, "block_name": "Indri", "block_lgd": 29.0, "gp_name": "MATAK MAJRI (PART)(24)", "state_name": "HARYANA", "state_lgd": 6, "population": 773, "households": 150}, "geometry": {"type": "Polygon", "coordinates": [[[77.07090000000001, 29.874900000000004], [77.07156, 29.874080000000003], [77.05715000000001, 29.863570000000003], [77.05315, 29.8667], [77.05034, 29.870890000000003], [77.05198, 29.871070000000003], [77.05762, 29.877800000000004], [77.06504000000001, 29.87843], [77.07093, 29.87871], [77.07090000000001, 29.874900000000004]]]}}, {"id": "382", "type": "Feature", "properties": {"village_name": "Islam Nagar", "vil_lgd": 59123, "district_name": "Karnal", "dist_lgd": 67, "subdistrict_name": "Indri", "sdcode": 371, "block_name": "Indri", "block_lgd": 29.0, "gp_name": "ISLAM NAGAR (42)", "state_name": "HARYANA", "state_lgd": 6, "population": 1214, "households": 226}, "geometry": {"type": "Polygon", "coordinates": [[[77.11418, 29.85837], [77.10042, 29.866400000000002], [77.10171000000001, 29.87845], [77.11569, 29.872740000000004], [77.12137000000001, 29.869600000000002], [77.11523000000001, 29.86014], [77.11418, 29.85837]]]}}, {"id": "383", "type": "Feature", "properties": {"village_name": "Indergarh", "vil_lgd": 59136, "district_name": "Karnal", "dist_lgd": 67, "subdistrict_name": "Indri", "sdcode": 371, "block_name": "Indri", "block_lgd": 29.0, "gp_name": "INDERGARH (25)", "state_name": "HARYANA", "state_lgd": 6, "population": 958, "households": 194}, "geometry": {"type": "Polygon", "coordinates": [[[77.07272, 29.86501], [77.06750000000001, 29.863860000000003], [77.06328, 29.86041], [77.06109000000001, 29.85507], [77.06157, 29.850880000000004], [77.05976000000001, 29.849560000000004], [77.04955000000001, 29.85554], [77.05365, 29.860670000000002], [77.05715000000001, 29.863570000000003], [77.07156, 29.874080000000003], [77.07435000000001, 29.873800000000003], [77.07624000000001, 29.8715], [77.07685000000001, 29.86888], [77.07534000000001, 29.866460000000004], [77.07272, 29.86501]]]}}, {"id": "384", "type": "Feature", "properties": {"village_name": "Dhamman Heri", "vil_lgd": 59133, "district_name": "Karnal", "dist_lgd": 67, "subdistrict_name": "Indri", "sdcode": 371, "block_name": "Indri", "block_lgd": 29.0, "gp_name": "DHAMMAN HERI (49)", "state_name": "HARYANA", "state_lgd": 6, "population": 529, "households": 112}, "geometry": {"type": "Polygon", "coordinates": [[[77.03591, 29.862840000000002], [77.03189, 29.862530000000003], [77.02032000000001, 29.862540000000003], [77.01427000000001, 29.862890000000004], [77.01738, 29.867120000000003], [77.02675, 29.871660000000002], [77.03244000000001, 29.867010000000004], [77.03591, 29.862840000000002]]]}}, {"id": "385", "type": "Feature", "properties": {"village_name": "Manoharpur", "vil_lgd": 59158, "district_name": "Karnal", "dist_lgd": 67, "subdistrict_name": "Indri", "sdcode": 371, "block_name": "Indri", "block_lgd": 29.0, "gp_name": "MANOHARPUR(64)", "state_name": "HARYANA", "state_lgd": 6, "population": 547, "households": 114}, "geometry": {"type": "Polygon", "coordinates": [[[77.07759, 29.831290000000003], [77.07291000000001, 29.830940000000002], [77.06903000000001, 29.82954], [77.06455000000001, 29.825930000000003], [77.05856, 29.82372], [77.05655, 29.826700000000002], [77.0634, 29.832130000000003], [77.07036000000001, 29.835510000000003], [77.07123, 29.836850000000002], [77.07959000000001, 29.833840000000002], [77.07759, 29.831290000000003]]]}}, {"id": "386", "type": "Feature", "properties": {"village_name": "Nabiabad", "vil_lgd": 59141, "district_name": "Karnal", "dist_lgd": 67, "subdistrict_name": "Indri", "sdcode": 371, "block_name": "Indri", "block_lgd": 29.0, "gp_name": "NABIABAD (101)", "state_name": "HARYANA", "state_lgd": 6, "population": 126, "households": 39}, "geometry": {"type": "Polygon", "coordinates": [[[77.18323000000001, 29.854560000000003], [77.18042000000001, 29.84973], [77.16431, 29.86108], [77.15606000000001, 29.86407], [77.15199000000001, 29.866600000000002], [77.1543, 29.8762], [77.18694, 29.857870000000002], [77.18323000000001, 29.854560000000003]]]}}, {"id": "387", "type": "Feature", "properties": {"village_name": "Garhpur Khalsa", "vil_lgd": 59138, "district_name": "Karnal", "dist_lgd": 67, "subdistrict_name": "Indri", "sdcode": 371, "block_name": "Indri", "block_lgd": 29.0, "gp_name": "GARHPUR KHALSA (43)", "state_name": "HARYANA", "state_lgd": 6, "population": 994, "households": 195}, "geometry": {"type": "Polygon", "coordinates": [[[77.0942, 29.86445], [77.09747, 29.86231], [77.10011, 29.863380000000003], [77.09946000000001, 29.857660000000003], [77.09704, 29.852670000000003], [77.09448, 29.850040000000003], [77.09030000000001, 29.846330000000002], [77.08368, 29.84278], [77.07931, 29.845380000000002], [77.07587000000001, 29.849330000000002], [77.08160000000001, 29.85836], [77.07919000000001, 29.862830000000002], [77.08235, 29.865540000000003], [77.0841, 29.866070000000004], [77.09014, 29.864], [77.0942, 29.86445]]]}}, {"id": "388", "type": "Feature", "properties": {"village_name": "Naurta", "vil_lgd": 59163, "district_name": "Karnal", "dist_lgd": 67, "subdistrict_name": "Indri", "sdcode": 371, "block_name": "Indri", "block_lgd": 29.0, "gp_name": "NAURTA(52)", "state_name": "HARYANA", "state_lgd": 6, "population": 1561, "households": 310}, "geometry": {"type": "Polygon", "coordinates": [[[77.03189, 29.862530000000003], [77.03368, 29.858760000000004], [77.03693000000001, 29.854960000000002], [77.04132000000001, 29.853440000000003], [77.04816000000001, 29.852890000000002], [77.046, 29.848110000000002], [77.03429000000001, 29.84784], [77.02889, 29.8486], [77.01769, 29.854280000000003], [77.01046000000001, 29.856620000000003], [77.01427000000001, 29.862890000000004], [77.02032000000001, 29.862540000000003], [77.03189, 29.862530000000003]]]}}, {"id": "389", "type": "Feature", "properties": {"village_name": "Badarpur", "vil_lgd": 59139, "district_name": "Karnal", "dist_lgd": 67, "subdistrict_name": "Indri", "sdcode": 371, "block_name": "Indri", "block_lgd": 29.0, "gp_name": "BADARPUR (41)", "state_name": "HARYANA", "state_lgd": 6, "population": 2177, "households": 415}, "geometry": {"type": "Polygon", "coordinates": [[[77.11023, 29.851850000000002], [77.10966, 29.853440000000003], [77.09946000000001, 29.857660000000003], [77.10011, 29.863380000000003], [77.10042, 29.866400000000002], [77.11418, 29.85837], [77.11023, 29.851850000000002]]]}}, {"id": "390", "type": "Feature", "properties": {"village_name": "Ghisarpari", "vil_lgd": 59162, "district_name": "Karnal", "dist_lgd": 67, "subdistrict_name": "Indri", "sdcode": 371, "block_name": "Indri", "block_lgd": 29.0, "gp_name": "GHISARPARI(51)", "state_name": "HARYANA", "state_lgd": 6, "population": 420, "households": 86}, "geometry": {"type": "Polygon", "coordinates": [[[77.04816000000001, 29.852890000000002], [77.04132000000001, 29.853440000000003], [77.03693000000001, 29.854960000000002], [77.03368, 29.858760000000004], [77.03189, 29.862530000000003], [77.03591, 29.862840000000002], [77.04006000000001, 29.862130000000004], [77.04326, 29.858800000000002], [77.04955000000001, 29.85554], [77.04892000000001, 29.854740000000003], [77.04816000000001, 29.852890000000002]]]}}, {"id": "391", "type": "Feature", "properties": {"village_name": "Gorgarh", "vil_lgd": 59165, "district_name": "Karnal", "dist_lgd": 67, "subdistrict_name": "Indri", "sdcode": 371, "block_name": "Indri", "block_lgd": 29.0, "gp_name": "GORGARH(64)", "state_name": "HARYANA", "state_lgd": 6, "population": 1792, "households": 350}, "geometry": {"type": "Polygon", "coordinates": [[[77.00688000000001, 29.84513], [77.00508, 29.840100000000003], [76.99661, 29.845740000000003], [76.99612, 29.85656], [77.00224, 29.860720000000004], [77.01046000000001, 29.856620000000003], [77.00688000000001, 29.84513]]]}}, {"id": "392", "type": "Feature", "properties": {"village_name": "Zabti Chhapra", "vil_lgd": 59142, "district_name": "Karnal", "dist_lgd": 67, "subdistrict_name": "Indri", "sdcode": 371, "block_name": "Indri", "block_lgd": 29.0, "gp_name": "ZABTI CHHAPRA (102)", "state_name": "HARYANA", "state_lgd": 6, "population": 1470, "households": 268}, "geometry": {"type": "Polygon", "coordinates": [[[77.17825, 29.84579], [77.17776, 29.84128], [77.15557000000001, 29.84859], [77.14636, 29.850170000000002], [77.15017, 29.858330000000002], [77.15199000000001, 29.866600000000002], [77.15606000000001, 29.86407], [77.16431, 29.86108], [77.18042000000001, 29.84973], [77.17825, 29.84579]]]}}, {"id": "393", "type": "Feature", "properties": {"village_name": "Janesron", "vil_lgd": 59164, "district_name": "Karnal", "dist_lgd": 67, "subdistrict_name": "Indri", "sdcode": 371, "block_name": "Indri", "block_lgd": 29.0, "gp_name": "JANESRON(53)", "state_name": "HARYANA", "state_lgd": 6, "population": 3031, "households": 556}, "geometry": {"type": "Polygon", "coordinates": [[[77.03429000000001, 29.84784], [77.046, 29.848110000000002], [77.04313, 29.84241], [77.04020000000001, 29.84053], [77.0296, 29.836710000000004], [77.02512, 29.83359], [77.01344, 29.840190000000003], [77.00688000000001, 29.84513], [77.01046000000001, 29.856620000000003], [77.01769, 29.854280000000003], [77.02889, 29.8486], [77.03429000000001, 29.84784]]]}}, {"id": "394", "type": "Feature", "properties": {"village_name": "Sikanderpur", "vil_lgd": 59146, "district_name": "Karnal", "dist_lgd": 67, "subdistrict_name": "Indri", "sdcode": 371, "block_name": "Indri", "block_lgd": 29.0, "gp_name": "SIKANDERPUR (40)", "state_name": "HARYANA", "state_lgd": 6, "population": 183, "households": 35}, "geometry": {"type": "Polygon", "coordinates": [[[77.12224, 29.851910000000004], [77.12991000000001, 29.84664], [77.14454, 29.840300000000003], [77.14612000000001, 29.835590000000003], [77.13177, 29.835790000000003], [77.12589000000001, 29.837740000000004], [77.11953000000001, 29.841220000000003], [77.11597, 29.843960000000003], [77.11023, 29.851850000000002], [77.11418, 29.85837], [77.11523000000001, 29.86014], [77.12032, 29.854540000000004], [77.12224, 29.851910000000004]]]}}, {"id": "395", "type": "Feature", "properties": {"village_name": "Biana", "vil_lgd": 59147, "district_name": "Karnal", "dist_lgd": 67, "subdistrict_name": "Indri", "sdcode": 371, "block_name": "Indri", "block_lgd": 29.0, "gp_name": "BIANA (48)", "state_name": "HARYANA", "state_lgd": 6, "population": 6078, "households": 1139}, "geometry": {"type": "Polygon", "coordinates": [[[77.11597, 29.843960000000003], [77.11953000000001, 29.841220000000003], [77.12589000000001, 29.837740000000004], [77.13177, 29.835790000000003], [77.12713000000001, 29.833810000000003], [77.12224, 29.833470000000002], [77.12011000000001, 29.83275], [77.11936, 29.831680000000002], [77.11936, 29.830930000000002], [77.12497, 29.825730000000004], [77.12245, 29.820610000000002], [77.12477000000001, 29.816740000000003], [77.11976, 29.81433], [77.11585000000001, 29.813900000000004], [77.11410000000001, 29.814590000000003], [77.11170000000001, 29.816270000000003], [77.1062, 29.823890000000002], [77.10362, 29.82524], [77.09936, 29.825300000000002], [77.09483, 29.82363], [77.08972, 29.819490000000002], [77.07759, 29.831290000000003], [77.07959000000001, 29.833840000000002], [77.08056, 29.837740000000004], [77.08368, 29.84278], [77.09030000000001, 29.846330000000002], [77.09448, 29.850040000000003], [77.09704, 29.852670000000003], [77.09946000000001, 29.857660000000003], [77.10966, 29.853440000000003], [77.11023, 29.851850000000002], [77.11597, 29.843960000000003]]]}}, {"id": "396", "type": "Feature", "properties": {"village_name": "Bibipur Brahmana", "vil_lgd": 59145, "district_name": "Karnal", "dist_lgd": 67, "subdistrict_name": "Indri", "sdcode": 371, "block_name": "Indri", "block_lgd": 29.0, "gp_name": "BIBIPUR BRAHMANA (39)", "state_name": "HARYANA", "state_lgd": 6, "population": 3175, "households": 598}, "geometry": {"type": "Polygon", "coordinates": [[[77.14417, 29.84494], [77.14423000000001, 29.842480000000002], [77.14454, 29.840300000000003], [77.12991000000001, 29.84664], [77.12224, 29.851910000000004], [77.12032, 29.854540000000004], [77.14636, 29.850170000000002], [77.14417, 29.84494]]]}}, {"id": "397", "type": "Feature", "properties": {"village_name": "Johar Majra Kalan", "vil_lgd": 59160, "district_name": "Karnal", "dist_lgd": 67, "subdistrict_name": "Indri", "sdcode": 371, "block_name": "Indri", "block_lgd": 29.0, "gp_name": "JOHAR MAJRA KALAN(45)", "state_name": "HARYANA", "state_lgd": 6, "population": 1297, "households": 232}, "geometry": {"type": "Polygon", "coordinates": [[[77.07022, 29.848380000000002], [77.07199, 29.840210000000003], [77.07123, 29.836850000000002], [77.07036000000001, 29.835510000000003], [77.0634, 29.832130000000003], [77.05655, 29.826700000000002], [77.05379, 29.830260000000003], [77.05548, 29.834210000000002], [77.05685000000001, 29.84408], [77.05976000000001, 29.849560000000004], [77.06157, 29.850880000000004], [77.06267000000001, 29.849590000000003], [77.06663, 29.848370000000003], [77.07022, 29.848380000000002]]]}}, {"id": "398", "type": "Feature", "properties": {"village_name": "Bibipur Jattan", "vil_lgd": 59156, "district_name": "Karnal", "dist_lgd": 67, "subdistrict_name": "Indri", "sdcode": 371, "block_name": "Indri", "block_lgd": 29.0, "gp_name": "BIBIPUR JATTAN(65)", "state_name": "HARYANA", "state_lgd": 6, "population": 3554, "households": 592}, "geometry": {"type": "Polygon", "coordinates": [[[77.05655, 29.826700000000002], [77.05856, 29.82372], [77.05851000000001, 29.81905], [77.05419, 29.818330000000003], [77.04401, 29.813710000000004], [77.03110000000001, 29.813750000000002], [77.02990000000001, 29.81659], [77.02441, 29.81912], [77.01966, 29.823590000000003], [77.01786000000001, 29.825360000000003], [77.02189000000001, 29.831270000000004], [77.02512, 29.83359], [77.0296, 29.836710000000004], [77.04020000000001, 29.84053], [77.04313, 29.84241], [77.05379, 29.830260000000003], [77.05655, 29.826700000000002]]]}}, {"id": "399", "type": "Feature", "properties": {"village_name": "Halwana", "vil_lgd": 59144, "district_name": "Karnal", "dist_lgd": 67, "subdistrict_name": "Indri", "sdcode": 371, "block_name": "Indri", "block_lgd": 29.0, "gp_name": "HALWANA (105)", "state_name": "HARYANA", "state_lgd": 6, "population": 238, "households": 55}, "geometry": {"type": "Polygon", "coordinates": [[[77.17967, 29.815800000000003], [77.17174, 29.818260000000002], [77.15827, 29.82439], [77.14429000000001, 29.829230000000003], [77.14667, 29.83133], [77.14692000000001, 29.833650000000002], [77.14612000000001, 29.835590000000003], [77.14454, 29.840300000000003], [77.14423000000001, 29.842480000000002], [77.15609, 29.84025], [77.15968000000001, 29.838810000000002], [77.17895, 29.826940000000004], [77.17967, 29.815800000000003]]]}}, {"id": "400", "type": "Feature", "properties": {"village_name": "Smora", "vil_lgd": 59167, "district_name": "Karnal", "dist_lgd": 67, "subdistrict_name": "Indri", "sdcode": 371, "block_name": "Indri", "block_lgd": 29.0, "gp_name": "SMORA(55)", "state_name": "HARYANA", "state_lgd": 6, "population": 1969, "households": 351}, "geometry": {"type": "Polygon", "coordinates": [[[77.02441, 29.81912], [77.01196, 29.818540000000002], [77.00366000000001, 29.81632], [77.00407000000001, 29.820280000000004], [77.00214000000001, 29.831660000000003], [77.00346, 29.835610000000003], [77.00932, 29.832240000000002], [77.01786000000001, 29.825360000000003], [77.01966, 29.823590000000003], [77.02441, 29.81912]]]}}, {"id": "401", "type": "Feature", "properties": {"village_name": "Randauli", "vil_lgd": 59148, "district_name": "Karnal", "dist_lgd": 67, "subdistrict_name": "Indri", "sdcode": 371, "block_name": "Indri", "block_lgd": 29.0, "gp_name": "RANDAULI (49)", "state_name": "HARYANA", "state_lgd": 6, "population": 2438, "households": 478}, "geometry": {"type": "Polygon", "coordinates": [[[77.14692000000001, 29.833650000000002], [77.14667, 29.83133], [77.14429000000001, 29.829230000000003], [77.14009, 29.825530000000004], [77.13809, 29.82195], [77.13701, 29.81668], [77.13968000000001, 29.81115], [77.12477000000001, 29.816740000000003], [77.12245, 29.820610000000002], [77.12497, 29.825730000000004], [77.11936, 29.830930000000002], [77.11936, 29.831680000000002], [77.12011000000001, 29.83275], [77.12224, 29.833470000000002], [77.12713000000001, 29.833810000000003], [77.13177, 29.835790000000003], [77.14612000000001, 29.835590000000003], [77.14692000000001, 29.833650000000002]]]}}, {"id": "402", "type": "Feature", "properties": {"village_name": "Shahpur", "vil_lgd": 59157, "district_name": "Karnal", "dist_lgd": 67, "subdistrict_name": "Indri", "sdcode": 371, "block_name": "Indri", "block_lgd": 29.0, "gp_name": "SHAHPUR(63)", "state_name": "HARYANA", "state_lgd": 6, "population": 1444, "households": 282}, "geometry": {"type": "Polygon", "coordinates": [[[77.08972, 29.819490000000002], [77.08667000000001, 29.814370000000004], [77.06455000000001, 29.825930000000003], [77.06903000000001, 29.82954], [77.07291000000001, 29.830940000000002], [77.07759, 29.831290000000003], [77.08972, 29.819490000000002]]]}}, {"id": "403", "type": "Feature", "properties": {"village_name": "Nagal", "vil_lgd": 59149, "district_name": "Karnal", "dist_lgd": 67, "subdistrict_name": "Indri", "sdcode": 371, "block_name": "Indri", "block_lgd": 29.0, "gp_name": "NAGAL (106)", "state_name": "HARYANA", "state_lgd": 6, "population": 1007, "households": 199}, "geometry": {"type": "Polygon", "coordinates": [[[77.17967, 29.815800000000003], [77.17941, 29.81311], [77.17701000000001, 29.81145], [77.16728, 29.813350000000003], [77.15285, 29.81866], [77.13809, 29.82195], [77.14009, 29.825530000000004], [77.14429000000001, 29.829230000000003], [77.15827, 29.82439], [77.17174, 29.818260000000002], [77.17967, 29.815800000000003]]]}}, {"id": "404", "type": "Feature", "properties": {"village_name": "Nagla Roran", "vil_lgd": 59154, "district_name": "Karnal", "dist_lgd": 67, "subdistrict_name": "Indri", "sdcode": 371, "block_name": "Indri", "block_lgd": 29.0, "gp_name": "NAGLA RORAN (62)", "state_name": "HARYANA", "state_lgd": 6, "population": 2327, "households": 416}, "geometry": {"type": "Polygon", "coordinates": [[[77.08563000000001, 29.803230000000003], [77.07816000000001, 29.800720000000002], [77.07367, 29.802540000000004], [77.06343000000001, 29.805080000000004], [77.05974, 29.804420000000004], [77.05582000000001, 29.800900000000002], [77.05437, 29.802740000000004], [77.05429000000001, 29.804930000000002], [77.0614, 29.811560000000004], [77.06160000000001, 29.81471], [77.06039000000001, 29.817660000000004], [77.05851000000001, 29.81905], [77.05856, 29.82372], [77.06455000000001, 29.825930000000003], [77.08667000000001, 29.814370000000004], [77.08563000000001, 29.803230000000003]]]}}, {"id": "405", "type": "Feature", "properties": {"village_name": "Chand Samand", "vil_lgd": 59153, "district_name": "Karnal", "dist_lgd": 67, "subdistrict_name": "Indri", "sdcode": 371, "block_name": "Indri", "block_lgd": 29.0, "gp_name": "CHAND SAMAND (50)", "state_name": "HARYANA", "state_lgd": 6, "population": 2248, "households": 415}, "geometry": {"type": "Polygon", "coordinates": [[[77.11585000000001, 29.813900000000004], [77.11454, 29.809500000000003], [77.11232000000001, 29.812600000000003], [77.09452, 29.80618], [77.08563000000001, 29.803230000000003], [77.08667000000001, 29.814370000000004], [77.08972, 29.819490000000002], [77.09483, 29.82363], [77.09936, 29.825300000000002], [77.10362, 29.82524], [77.1062, 29.823890000000002], [77.11170000000001, 29.816270000000003], [77.11410000000001, 29.814590000000003], [77.11585000000001, 29.813900000000004]]]}}, {"id": "406", "type": "Feature", "properties": {"village_name": "Kamalpur Roran", "vil_lgd": 59155, "district_name": "Karnal", "dist_lgd": 67, "subdistrict_name": "Indri", "sdcode": 371, "block_name": "Indri", "block_lgd": 29.0, "gp_name": "KAMALPUR RORAN (66)", "state_name": "HARYANA", "state_lgd": 6, "population": 1912, "households": 340}, "geometry": {"type": "Polygon", "coordinates": [[[77.0614, 29.811560000000004], [77.05429000000001, 29.804930000000002], [77.05437, 29.802740000000004], [77.05582000000001, 29.800900000000002], [77.05238, 29.79154], [77.05158, 29.79153], [77.0412, 29.7968], [77.02991, 29.80524], [77.03110000000001, 29.813750000000002], [77.04401, 29.813710000000004], [77.05419, 29.818330000000003], [77.05851000000001, 29.81905], [77.06039000000001, 29.817660000000004], [77.06160000000001, 29.81471], [77.0614, 29.811560000000004]]]}}, {"id": "407", "type": "Feature", "properties": {"village_name": "Dabkauli Kalan", "vil_lgd": 59152, "district_name": "Karnal", "dist_lgd": 67, "subdistrict_name": "Indri", "sdcode": 371, "block_name": "Indri", "block_lgd": 29.0, "gp_name": "DABKAULI KALAN (51)", "state_name": "HARYANA", "state_lgd": 6, "population": 2729, "households": 531}, "geometry": {"type": "Polygon", "coordinates": [[[77.14178000000001, 29.80711], [77.14228, 29.801650000000002], [77.13551000000001, 29.79707], [77.13324, 29.797470000000004], [77.12816000000001, 29.796950000000002], [77.12433, 29.798540000000003], [77.1205, 29.802220000000002], [77.11454, 29.809500000000003], [77.11585000000001, 29.813900000000004], [77.11976, 29.81433], [77.12477000000001, 29.816740000000003], [77.13968000000001, 29.81115], [77.14178000000001, 29.80711]]]}}, {"id": "408", "type": "Feature", "properties": {"village_name": "Kamalpur Gadria", "vil_lgd": 59151, "district_name": "Karnal", "dist_lgd": 67, "subdistrict_name": "Indri", "sdcode": 371, "block_name": "Indri", "block_lgd": 29.0, "gp_name": "KAMALPUR GADRIA (108)", "state_name": "HARYANA", "state_lgd": 6, "population": 695, "households": 123}, "geometry": {"type": "Polygon", "coordinates": [[[77.17368, 29.805080000000004], [77.1726, 29.80167], [77.16921, 29.79885], [77.16891000000001, 29.796460000000003], [77.16485, 29.79369], [77.16462, 29.792220000000004], [77.16306, 29.79099], [77.15963, 29.79256], [77.14228, 29.801650000000002], [77.14178000000001, 29.80711], [77.13968000000001, 29.81115], [77.13701, 29.81668], [77.15143, 29.813730000000003], [77.17251, 29.806880000000003], [77.17368, 29.805080000000004]]]}}, {"id": "409", "type": "Feature", "properties": {"village_name": "Churni", "vil_lgd": 59171, "district_name": "Karnal", "dist_lgd": 67, "subdistrict_name": "Karnal", "sdcode": 372, "block_name": "Karnal", "block_lgd": 30.0, "gp_name": "CHURNI(56)", "state_name": "HARYANA", "state_lgd": 6, "population": 1530, "households": 313}, "geometry": {"type": "Polygon", "coordinates": [[[77.02990000000001, 29.81659], [77.03110000000001, 29.813750000000002], [77.02991, 29.80524], [77.02833000000001, 29.803580000000004], [77.02412000000001, 29.802020000000002], [77.00737000000001, 29.79754], [77.00710000000001, 29.80394], [77.00366000000001, 29.81632], [77.01196, 29.818540000000002], [77.02441, 29.81912], [77.02990000000001, 29.81659]]]}}, {"id": "410", "type": "Feature", "properties": {"village_name": "Chorpura", "vil_lgd": 59178, "district_name": "Karnal", "dist_lgd": 67, "subdistrict_name": "Karnal", "sdcode": 372, "block_name": "Karnal", "block_lgd": 30.0, "gp_name": "CHORPURA(53)", "state_name": "HARYANA", "state_lgd": 6, "population": 1052, "households": 191}, "geometry": {"type": "Polygon", "coordinates": [[[77.10825000000001, 29.79548], [77.10389, 29.7982], [77.10000000000001, 29.802690000000002], [77.09643000000001, 29.803970000000003], [77.09452, 29.80618], [77.11232000000001, 29.812600000000003], [77.11454, 29.809500000000003], [77.1205, 29.802220000000002], [77.11242, 29.797060000000002], [77.10825000000001, 29.79548]]]}}, {"id": "411", "type": "Feature", "properties": {"village_name": "Singoha", "vil_lgd": 59172, "district_name": "Karnal", "dist_lgd": 67, "subdistrict_name": "Karnal", "sdcode": 372, "block_name": "Karnal", "block_lgd": 30.0, "gp_name": "SINGOHA(57)", "state_name": "HARYANA", "state_lgd": 6, "population": 7794, "households": 1481}, "geometry": {"type": "Polygon", "coordinates": [[[77.05238, 29.79154], [77.05398000000001, 29.789740000000002], [77.04658, 29.783050000000003], [77.04251000000001, 29.777420000000003], [77.0283, 29.767260000000004], [77.02560000000001, 29.76704], [77.01871000000001, 29.768600000000003], [77.00021000000001, 29.778150000000004], [76.99993, 29.780250000000002], [77.00101000000001, 29.78571], [77.00737000000001, 29.79754], [77.02412000000001, 29.802020000000002], [77.02833000000001, 29.803580000000004], [77.02991, 29.80524], [77.0412, 29.7968], [77.05158, 29.79153], [77.05238, 29.79154]]]}}, {"id": "412", "type": "Feature", "properties": {"village_name": "Rindal", "vil_lgd": 59175, "district_name": "Karnal", "dist_lgd": 67, "subdistrict_name": "Karnal", "sdcode": 372, "block_name": "Karnal", "block_lgd": 30.0, "gp_name": "RINDAL(61)", "state_name": "HARYANA", "state_lgd": 6, "population": 1941, "households": 346}, "geometry": {"type": "Polygon", "coordinates": [[[77.07816000000001, 29.800720000000002], [77.07957, 29.79839], [77.07656, 29.786710000000003], [77.06655, 29.785890000000002], [77.06056000000001, 29.784450000000003], [77.05927000000001, 29.78413], [77.05824000000001, 29.784920000000003], [77.05398000000001, 29.789740000000002], [77.05238, 29.79154], [77.05582000000001, 29.800900000000002], [77.05974, 29.804420000000004], [77.06343000000001, 29.805080000000004], [77.07367, 29.802540000000004], [77.07816000000001, 29.800720000000002]]]}}, {"id": "413", "type": "Feature", "properties": {"village_name": "Gheer", "vil_lgd": 59177, "district_name": "Karnal", "dist_lgd": 67, "subdistrict_name": "Karnal", "sdcode": 372, "block_name": "Karnal", "block_lgd": 30.0, "gp_name": "GHEER(59)", "state_name": "HARYANA", "state_lgd": 6, "population": 7338, "households": 1336}, "geometry": {"type": "Polygon", "coordinates": [[[77.11218000000001, 29.790680000000002], [77.11323, 29.783630000000002], [77.11271, 29.782220000000002], [77.11058000000001, 29.77971], [77.10881, 29.773780000000002], [77.10741, 29.759870000000003], [77.10239, 29.76096], [77.09733, 29.760730000000002], [77.09361000000001, 29.75972], [77.08781, 29.756090000000004], [77.08097000000001, 29.765040000000003], [77.0775, 29.77314], [77.07911, 29.77343], [77.08136, 29.774870000000004], [77.08583, 29.780140000000003], [77.08838, 29.785460000000004], [77.08896, 29.79155], [77.08563000000001, 29.803230000000003], [77.09452, 29.80618], [77.09643000000001, 29.803970000000003], [77.10000000000001, 29.802690000000002], [77.10389, 29.7982], [77.10825000000001, 29.79548], [77.11218000000001, 29.790680000000002]]]}}, {"id": "414", "type": "Feature", "properties": {"village_name": "Salarpura", "vil_lgd": 59176, "district_name": "Karnal", "dist_lgd": 67, "subdistrict_name": "Karnal", "sdcode": 372, "block_name": "Karnal", "block_lgd": 30.0, "gp_name": "SALARPURA(60)", "state_name": "HARYANA", "state_lgd": 6, "population": 1123, "households": 219}, "geometry": {"type": "Polygon", "coordinates": [[[77.0775, 29.77314], [77.07597000000001, 29.778570000000002], [77.07656, 29.786710000000003], [77.07957, 29.79839], [77.07816000000001, 29.800720000000002], [77.08563000000001, 29.803230000000003], [77.08896, 29.79155], [77.08838, 29.785460000000004], [77.08583, 29.780140000000003], [77.08136, 29.774870000000004], [77.07911, 29.77343], [77.0775, 29.77314]]]}}, {"id": "415", "type": "Feature", "properties": {"village_name": "Dabkauli Khurd", "vil_lgd": 59181, "district_name": "Karnal", "dist_lgd": 67, "subdistrict_name": "Karnal", "sdcode": 372, "block_name": "Indri", "block_lgd": 29.0, "gp_name": "DABKAULI KHURD (55/1)", "state_name": "HARYANA", "state_lgd": 6, "population": 648, "households": 132}, "geometry": {"type": "Polygon", "coordinates": [[[77.1559, 29.789830000000002], [77.15148, 29.788310000000003], [77.15127000000001, 29.786910000000002], [77.14947000000001, 29.78496], [77.13551000000001, 29.79707], [77.14228, 29.801650000000002], [77.15963, 29.79256], [77.1559, 29.789830000000002]]]}}, {"id": "416", "type": "Feature", "properties": {"village_name": "Makhu Majra", "vil_lgd": 59173, "district_name": "Karnal", "dist_lgd": 67, "subdistrict_name": "Karnal", "sdcode": 372, "block_name": "Karnal", "block_lgd": 30.0, "gp_name": "MAKHU MAJRA(67)", "state_name": "HARYANA", "state_lgd": 6, "population": 1191, "households": 209}, "geometry": {"type": "Polygon", "coordinates": [[[77.05927000000001, 29.78413], [77.06056000000001, 29.784450000000003], [77.06028, 29.774210000000004], [77.05541000000001, 29.77379], [77.05102000000001, 29.774140000000003], [77.04251000000001, 29.777420000000003], [77.04658, 29.783050000000003], [77.05398000000001, 29.789740000000002], [77.05824000000001, 29.784920000000003], [77.05927000000001, 29.78413]]]}}, {"id": "417", "type": "Feature", "properties": {"village_name": "Landhora", "vil_lgd": 59174, "district_name": "Karnal", "dist_lgd": 67, "subdistrict_name": "Karnal", "sdcode": 372, "block_name": "Karnal", "block_lgd": 30.0, "gp_name": "LANDHORA(68)", "state_name": "HARYANA", "state_lgd": 6, "population": 887, "households": 164}, "geometry": {"type": "Polygon", "coordinates": [[[77.06915000000001, 29.77165], [77.06028, 29.774210000000004], [77.06056000000001, 29.784450000000003], [77.06655, 29.785890000000002], [77.07656, 29.786710000000003], [77.07597000000001, 29.778570000000002], [77.0775, 29.77314], [77.06915000000001, 29.77165]]]}}, {"id": "418", "type": "Feature", "properties": {"village_name": "Darar", "vil_lgd": 59189, "district_name": "Karnal", "dist_lgd": 67, "subdistrict_name": "Karnal", "sdcode": 372, "block_name": "Karnal", "block_lgd": 30.0, "gp_name": "DARAR (58)", "state_name": "HARYANA", "state_lgd": 6, "population": 3847, "households": 726}, "geometry": {"type": "Polygon", "coordinates": [[[77.01871000000001, 29.768600000000003], [77.01973000000001, 29.763230000000004], [77.02011, 29.75072], [77.01834000000001, 29.75071], [77.01032000000001, 29.750570000000003], [76.99649000000001, 29.75101], [76.98448, 29.750390000000003], [76.98914, 29.761930000000003], [76.98892000000001, 29.763520000000003], [76.98784, 29.766250000000003], [76.98217000000001, 29.77325], [76.97612000000001, 29.776920000000004], [76.97638, 29.777720000000002], [76.98789000000001, 29.77887], [77.00021000000001, 29.778150000000004], [77.01871000000001, 29.768600000000003]]]}}, {"id": "419", "type": "Feature", "properties": {"village_name": "Shergarh Tapu", "vil_lgd": 59182, "district_name": "Karnal", "dist_lgd": 67, "subdistrict_name": "Karnal", "sdcode": 372, "block_name": "Karnal", "block_lgd": 30.0, "gp_name": "SHERGARH TAPU (56)", "state_name": "HARYANA", "state_lgd": 6, "population": 1625, "households": 278}, "geometry": {"type": "Polygon", "coordinates": [[[77.12765, 29.769650000000002], [77.12531000000001, 29.769530000000003], [77.12427000000001, 29.768040000000003], [77.1222, 29.767110000000002], [77.11981, 29.76011], [77.11999, 29.755440000000004], [77.12305, 29.75062], [77.12067, 29.75101], [77.11110000000001, 29.753860000000003], [77.10498000000001, 29.753670000000003], [77.10811000000001, 29.757330000000003], [77.10741, 29.759870000000003], [77.10881, 29.773780000000002], [77.11058000000001, 29.77971], [77.11271, 29.782220000000002], [77.12828, 29.770650000000003], [77.12765, 29.769650000000002]]]}}, {"id": "420", "type": "Feature", "properties": {"village_name": "Baragaon", "vil_lgd": 59188, "district_name": "Karnal", "dist_lgd": 67, "subdistrict_name": "Karnal", "sdcode": 372, "block_name": "Karnal", "block_lgd": 30.0, "gp_name": "BARAGAON (69)", "state_name": "HARYANA", "state_lgd": 6, "population": 8519, "households": 1620}, "geometry": {"type": "Polygon", "coordinates": [[[77.06028, 29.774210000000004], [77.06915000000001, 29.77165], [77.0775, 29.77314], [77.08097000000001, 29.765040000000003], [77.08781, 29.756090000000004], [77.08502, 29.753560000000004], [77.08404, 29.749990000000004], [77.05736, 29.74059], [77.05214000000001, 29.740830000000003], [77.03776, 29.74789], [77.02011, 29.75072], [77.01973000000001, 29.763230000000004], [77.01871000000001, 29.768600000000003], [77.02560000000001, 29.76704], [77.0283, 29.767260000000004], [77.04251000000001, 29.777420000000003], [77.05102000000001, 29.774140000000003], [77.05541000000001, 29.77379], [77.06028, 29.774210000000004]]]}}, {"id": "421", "type": "Feature", "properties": {"village_name": "Mughal Majra", "vil_lgd": 59185, "district_name": "Karnal", "dist_lgd": 67, "subdistrict_name": "Karnal", "sdcode": 372, "block_name": "Karnal", "block_lgd": 30.0, "gp_name": "MUGHAL MAJRA (58)", "state_name": "HARYANA", "state_lgd": 6, "population": 1760, "households": 319}, "geometry": {"type": "Polygon", "coordinates": [[[77.0839, 29.74218], [77.08415000000001, 29.746180000000003], [77.08404, 29.749990000000004], [77.08502, 29.753560000000004], [77.08781, 29.756090000000004], [77.09361000000001, 29.75972], [77.09733, 29.760730000000002], [77.10239, 29.76096], [77.10741, 29.759870000000003], [77.10811000000001, 29.757330000000003], [77.10498000000001, 29.753670000000003], [77.10149000000001, 29.747020000000003], [77.10059000000001, 29.74555], [77.09726, 29.743520000000004], [77.09323, 29.742070000000002], [77.09161, 29.741870000000002], [77.0839, 29.74218]]]}}, {"id": "422", "type": "Feature", "properties": {"village_name": "Salaroo", "vil_lgd": 59191, "district_name": "Karnal", "dist_lgd": 67, "subdistrict_name": "Karnal", "sdcode": 372, "block_name": "Karnal", "block_lgd": 30.0, "gp_name": "SALAROO (59)", "state_name": "HARYANA", "state_lgd": 6, "population": 1065, "households": 223}, "geometry": {"type": "Polygon", "coordinates": [[[77.00588, 29.7465], [77.00042, 29.742950000000004], [76.99520000000001, 29.74228], [76.98333000000001, 29.739040000000003], [76.97879, 29.735030000000002], [76.97743000000001, 29.73588], [76.97736, 29.73907], [76.98448, 29.750390000000003], [76.99649000000001, 29.75101], [77.01032000000001, 29.750570000000003], [77.00588, 29.7465]]]}}, {"id": "423", "type": "Feature", "properties": {"village_name": "Taprana", "vil_lgd": 59193, "district_name": "Karnal", "dist_lgd": 67, "subdistrict_name": "Karnal", "sdcode": 372, "block_name": "Karnal", "block_lgd": 30.0, "gp_name": "TAPRANA (71)", "state_name": "HARYANA", "state_lgd": 6, "population": 2806, "households": 522}, "geometry": {"type": "Polygon", "coordinates": [[[77.01951000000001, 29.74415], [77.02111000000001, 29.74124], [77.00735, 29.73561], [77.00042, 29.742950000000004], [77.00588, 29.7465], [77.01032000000001, 29.750570000000003], [77.01834000000001, 29.75071], [77.01951000000001, 29.74415]]]}}, {"id": "424", "type": "Feature", "properties": {"village_name": "Mainmati", "vil_lgd": 59196, "district_name": "Karnal", "dist_lgd": 67, "subdistrict_name": "Karnal", "sdcode": 372, "block_name": "Karnal", "block_lgd": 30.0, "gp_name": "MAINMATI (70)", "state_name": "HARYANA", "state_lgd": 6, "population": 1632, "households": 334}, "geometry": {"type": "Polygon", "coordinates": [[[77.05142000000001, 29.737440000000003], [77.04824, 29.732670000000002], [77.04390000000001, 29.733060000000002], [77.03702000000001, 29.73598], [77.02011, 29.75072], [77.03776, 29.74789], [77.05214000000001, 29.740830000000003], [77.05142000000001, 29.737440000000003]]]}}, {"id": "425", "type": "Feature", "properties": {"village_name": "Jarauli", "vil_lgd": 59184, "district_name": "Karnal", "dist_lgd": 67, "subdistrict_name": "Karnal", "sdcode": 372, "block_name": "Karnal", "block_lgd": 30.0, "gp_name": "JARAULI (77)", "state_name": "HARYANA", "state_lgd": 6, "population": 1551, "households": 288}, "geometry": {"type": "Polygon", "coordinates": [[[77.11925000000001, 29.744320000000002], [77.12494000000001, 29.745120000000004], [77.12825000000001, 29.747170000000004], [77.13128, 29.74669], [77.13550000000001, 29.744120000000002], [77.13686000000001, 29.73965], [77.12633000000001, 29.740360000000003], [77.12060000000001, 29.735250000000004], [77.11781, 29.734050000000003], [77.11188, 29.73477], [77.10639, 29.73674], [77.09830000000001, 29.73607], [77.09323, 29.742070000000002], [77.09726, 29.743520000000004], [77.10059000000001, 29.74555], [77.10149000000001, 29.747020000000003], [77.11499, 29.744780000000002], [77.11925000000001, 29.744320000000002]]]}}, {"id": "426", "type": "Feature", "properties": {"village_name": "Indri Rural Part", "vil_lgd": 59127, "district_name": "Karnal", "dist_lgd": 67, "subdistrict_name": "Indri", "sdcode": 371, "block_name": "Indri", "block_lgd": 29.0, "gp_name": "INDRI (RURAL)(PART)(46)", "state_name": "HARYANA", "state_lgd": 6, "population": 997, "households": 186}, "geometry": {"type": "Polygon", "coordinates": [[[77.06802, 29.88586], [77.07660000000001, 29.880620000000004], [77.07093, 29.87871], [77.06504000000001, 29.87843], [77.06311000000001, 29.88239], [77.05949000000001, 29.885250000000003], [77.05879, 29.89206], [77.06209000000001, 29.893050000000002], [77.06263000000001, 29.892200000000003], [77.06802, 29.88586]]]}}, {"id": "427", "type": "Feature", "properties": {"village_name": "Bishan Garh", "vil_lgd": 59180, "district_name": "Karnal", "dist_lgd": 67, "subdistrict_name": "Karnal", "sdcode": 372, "block_name": "Karnal", "block_lgd": 30.0, "gp_name": "BISHAN GARH (55)", "state_name": "HARYANA", "state_lgd": 6, "population": 0, "households": 0}, "geometry": {"type": "Polygon", "coordinates": [[[77.14947000000001, 29.78496], [77.14745, 29.77887], [77.14776, 29.773860000000003], [77.14662000000001, 29.771870000000003], [77.14355, 29.770650000000003], [77.14043000000001, 29.770960000000002], [77.13892000000001, 29.769650000000002], [77.13567, 29.769890000000004], [77.13456000000001, 29.77316], [77.13463, 29.786490000000004], [77.13324, 29.797470000000004], [77.13551000000001, 29.79707], [77.14947000000001, 29.78496]]]}}, {"id": "428", "type": "Feature", "properties": {"village_name": "Tatarpur", "vil_lgd": 59150, "district_name": "Karnal", "dist_lgd": 67, "subdistrict_name": "Indri", "sdcode": 371, "block_name": "Indri", "block_lgd": 29.0, "gp_name": "TATARPUR (107)", "state_name": "HARYANA", "state_lgd": 6, "population": 0, "households": 0}, "geometry": {"type": "Polygon", "coordinates": [[[77.17425, 29.80985], [77.17251, 29.806880000000003], [77.15143, 29.813730000000003], [77.13701, 29.81668], [77.13809, 29.82195], [77.15285, 29.81866], [77.16728, 29.813350000000003], [77.17701000000001, 29.81145], [77.17425, 29.80985]]]}}, {"id": "429", "type": "Feature", "properties": {"village_name": "Brahman Majra", "vil_lgd": 59067, "district_name": "Karnal", "dist_lgd": 67, "subdistrict_name": "Indri", "sdcode": 371, "block_name": "Indri", "block_lgd": 29.0, "gp_name": "BRAHMAN MAJRA (15)", "state_name": "HARYANA", "state_lgd": 6, "population": 0, "households": 0}, "geometry": {"type": "Polygon", "coordinates": [[[77.03655, 29.955260000000003], [77.04191, 29.953120000000002], [77.03963, 29.943410000000004], [77.03568, 29.941360000000003], [77.03074000000001, 29.941910000000004], [77.02855000000001, 29.943160000000002], [77.02378, 29.94807], [77.02474000000001, 29.949730000000002], [77.03172, 29.95324], [77.03267000000001, 29.955090000000002], [77.03502, 29.95519], [77.03655, 29.955260000000003]]]}}, {"id": "430", "type": "Feature", "properties": {"village_name": "Chaunara", "vil_lgd": 59179, "district_name": "Karnal", "dist_lgd": 67, "subdistrict_name": "Karnal", "sdcode": 372, "block_name": "Karnal", "block_lgd": 30.0, "gp_name": "CHAUNARA   54 )", "state_name": "HARYANA", "state_lgd": 6, "population": 0, "households": 0}, "geometry": {"type": "Polygon", "coordinates": [[[77.12816000000001, 29.796950000000002], [77.13324, 29.797470000000004], [77.13463, 29.786490000000004], [77.13456000000001, 29.77316], [77.13567, 29.769890000000004], [77.1298, 29.768900000000002], [77.12765, 29.769650000000002], [77.12828, 29.770650000000003], [77.11271, 29.782220000000002], [77.11323, 29.783630000000002], [77.11218000000001, 29.790680000000002], [77.10825000000001, 29.79548], [77.11242, 29.797060000000002], [77.1205, 29.802220000000002], [77.12433, 29.798540000000003], [77.12816000000001, 29.796950000000002]]]}}, {"id": "431", "type": "Feature", "properties": {"village_name": "Indri", "vil_lgd": 800380, "district_name": "Karnal", "dist_lgd": 67, "subdistrict_name": "Indri", "sdcode": 371, "block_name": "", "block_lgd": null, "gp_name": "", "state_name": "HARYANA", "state_lgd": 6, "population": 17487, "households": 3546}, "geometry": {"type": "Polygon", "coordinates": [[[77.05762, 29.877800000000004], [77.05198, 29.871070000000003], [77.05034, 29.870890000000003], [77.03662, 29.870510000000003], [77.03652000000001, 29.87301], [77.03371, 29.87375], [77.03367, 29.877620000000004], [77.03498, 29.87909], [77.03456000000001, 29.8835], [77.04365, 29.88464], [77.05849, 29.884300000000003], [77.05949000000001, 29.885250000000003], [77.06311000000001, 29.88239], [77.06504000000001, 29.87843], [77.05762, 29.877800000000004]]]}}, {"id": "432", "type": "Feature", "properties": {"village_name": "Uncha Siwana CT", "vil_lgd": 59310, "district_name": "Karnal", "dist_lgd": 67, "subdistrict_name": "Karnal", "sdcode": 372, "block_name": "", "block_lgd": null, "gp_name": "", "state_name": "HARYANA", "state_lgd": 6, "population": 8922, "households": 1807}, "geometry": {"type": "Polygon", "coordinates": [[[77.00461, 29.62179], [76.99962000000001, 29.61522], [76.99476, 29.61183], [76.98512000000001, 29.611570000000004], [76.97701, 29.612930000000002], [76.97418, 29.615150000000003], [76.96967000000001, 29.621360000000003], [76.96724, 29.630070000000003], [76.98777000000001, 29.648870000000002], [76.99833000000001, 29.63868], [77.00796000000001, 29.628080000000004], [77.00461, 29.62179]]]}}, {"id": "433", "type": "Feature", "properties": {"village_name": "Karnal", "vil_lgd": 800381, "district_name": "Karnal", "dist_lgd": 67, "subdistrict_name": "Karnal", "sdcode": 372, "block_name": "", "block_lgd": null, "gp_name": "", "state_name": "HARYANA", "state_lgd": 6, "population": 302140, "households": 63280}, "geometry": {"type": "Polygon", "coordinates": [[[76.99188000000001, 29.716320000000003], [76.99377000000001, 29.720760000000002], [76.99992, 29.717360000000003], [77.00476, 29.71469], [77.00724000000001, 29.712670000000003], [77.00840000000001, 29.707720000000002], [77.00747000000001, 29.706020000000002], [77.00174000000001, 29.701040000000003], [76.99775000000001, 29.68315], [76.99908, 29.678570000000004], [77.00479, 29.673560000000002], [77.00111000000001, 29.669510000000002], [76.99941000000001, 29.670440000000003], [76.99235, 29.67676], [76.98924000000001, 29.675330000000002], [76.98706, 29.669860000000003], [76.98118000000001, 29.666770000000003], [76.97874, 29.661970000000004], [76.97401, 29.65367], [76.97172, 29.65396], [76.97301, 29.658770000000004], [76.97224, 29.659730000000003], [76.97254000000001, 29.662560000000003], [76.97142000000001, 29.664130000000004], [76.97113, 29.670340000000003], [76.96892000000001, 29.67479], [76.96483, 29.680030000000002], [76.96087, 29.683220000000002], [76.94881000000001, 29.691900000000004], [76.94957000000001, 29.69581], [76.95363, 29.706010000000003], [76.95466, 29.706300000000002], [76.96164, 29.705750000000002], [76.96386000000001, 29.713430000000002], [76.96426000000001, 29.71994], [76.97927, 29.72219], [76.98261000000001, 29.721980000000002], [76.98332, 29.72107], [76.98324000000001, 29.71768], [76.99000000000001, 29.716500000000003], [76.99188000000001, 29.716320000000003]]]}}, {"id": "434", "type": "Feature", "properties": {"village_name": "Nissing", "vil_lgd": 800382, "district_name": "Karnal", "dist_lgd": 67, "subdistrict_name": "Karnal", "sdcode": 372, "block_name": "", "block_lgd": null, "gp_name": "", "state_name": "HARYANA", "state_lgd": 6, "population": 17438, "households": 3361}, "geometry": {"type": "Polygon", "coordinates": [[[76.75957000000001, 29.68964], [76.74362, 29.689130000000002], [76.74736, 29.70239], [76.77344000000001, 29.705050000000004], [76.77441, 29.69619], [76.77364, 29.69357], [76.75957000000001, 29.68964]]]}}, {"id": "435", "type": "Feature", "properties": {"village_name": "Nilokheri", "vil_lgd": 800378, "district_name": "Karnal", "dist_lgd": 67, "subdistrict_name": "Nilokheri", "sdcode": 370, "block_name": "", "block_lgd": null, "gp_name": "", "state_name": "HARYANA", "state_lgd": 6, "population": 17938, "households": 3908}, "geometry": {"type": "Polygon", "coordinates": [[[76.93371, 29.853220000000004], [76.9367, 29.851810000000004], [76.9424, 29.840950000000003], [76.94414, 29.835780000000003], [76.9457, 29.8332], [76.94744, 29.828310000000002], [76.94447000000001, 29.826300000000003], [76.94176, 29.823210000000003], [76.93520000000001, 29.82297], [76.93425, 29.820870000000003], [76.932, 29.821350000000002], [76.93060000000001, 29.829720000000002], [76.92634000000001, 29.8396], [76.92012000000001, 29.85958], [76.9184, 29.86464], [76.92388000000001, 29.865280000000002], [76.92565, 29.861860000000004], [76.92719000000001, 29.86079], [76.93371, 29.853220000000004]]]}}, {"id": "436", "type": "Feature", "properties": {"village_name": "Taraori", "vil_lgd": 800379, "district_name": "Karnal", "dist_lgd": 67, "subdistrict_name": "Nilokheri", "sdcode": 370, "block_name": "", "block_lgd": null, "gp_name": "", "state_name": "HARYANA", "state_lgd": 6, "population": 25944, "households": 5240}, "geometry": {"type": "Polygon", "coordinates": [[[76.94056, 29.806980000000003], [76.93958, 29.806120000000004], [76.93813, 29.801270000000002], [76.92919, 29.799940000000003], [76.92027, 29.798730000000003], [76.91977, 29.8028], [76.91874, 29.811020000000003], [76.93007, 29.812880000000003], [76.94351, 29.81567], [76.94600000000001, 29.810950000000002], [76.94056, 29.806980000000003]]]}}, {"id": "437", "type": "Feature", "properties": {"village_name": "Dhanora Jagir", "vil_lgd": 59073, "district_name": "Karnal", "dist_lgd": 67, "subdistrict_name": "Indri", "sdcode": 371, "block_name": "Indri", "block_lgd": 29.0, "gp_name": "DHANORA JAGIR (1)", "state_name": "HARYANA", "state_lgd": 6, "population": 2155, "households": 414}, "geometry": {"type": "Polygon", "coordinates": [[[77.12509, 29.986520000000002], [77.12751, 29.986310000000003], [77.13439000000001, 29.979090000000003], [77.13572, 29.97425], [77.13446, 29.969500000000004], [77.13146, 29.9659], [77.13681000000001, 29.96319], [77.1397, 29.963800000000003], [77.14076, 29.961440000000003], [77.14092000000001, 29.958150000000003], [77.13906, 29.953370000000003], [77.13263, 29.954150000000002], [77.13356, 29.95521], [77.13527, 29.957860000000004], [77.13117000000001, 29.964070000000003], [77.12318, 29.96327], [77.11399, 29.97509], [77.1152, 29.97546], [77.1157, 29.978820000000002], [77.11349000000001, 29.980620000000002], [77.11455000000001, 29.983970000000003], [77.11145, 29.984250000000003], [77.11237000000001, 29.99041], [77.11745, 29.993380000000002], [77.11882, 29.99219], [77.12509, 29.986520000000002]]]}}, {"id": "438", "type": "Feature", "properties": {"village_name": "Sheikhupura", "vil_lgd": 59072, "district_name": "Karnal", "dist_lgd": 67, "subdistrict_name": "Indri", "sdcode": 371, "block_name": "Indri", "block_lgd": 29.0, "gp_name": "SHEIKHUPURA (2)", "state_name": "HARYANA", "state_lgd": 6, "population": 541, "households": 91}, "geometry": {"type": "Polygon", "coordinates": [[[77.12318, 29.96327], [77.11161000000001, 29.956350000000004], [77.10386000000001, 29.959940000000003], [77.10388, 29.96317], [77.10267, 29.964330000000004], [77.10451, 29.96833], [77.10842000000001, 29.96853], [77.11062000000001, 29.96985], [77.11187000000001, 29.969130000000003], [77.11445, 29.97088], [77.11399, 29.97509], [77.12318, 29.96327]]]}}, {"id": "439", "type": "Feature", "properties": {"village_name": "Khokhni", "vil_lgd": 59077, "district_name": "Karnal", "dist_lgd": 67, "subdistrict_name": "Indri", "sdcode": 371, "block_name": "Indri", "block_lgd": 29.0, "gp_name": "KHOKHNI (6)", "state_name": "HARYANA", "state_lgd": 6, "population": 2344, "households": 422}, "geometry": {"type": "Polygon", "coordinates": [[[77.17991, 29.965220000000002], [77.18093, 29.96338], [77.18412000000001, 29.960960000000004], [77.18254, 29.959200000000003], [77.18299, 29.95754], [77.18467000000001, 29.956500000000002], [77.18705, 29.95641], [77.18924000000001, 29.95474], [77.18913, 29.952810000000003], [77.18643, 29.94968], [77.18196, 29.94658], [77.18671, 29.944530000000004], [77.19205000000001, 29.940890000000003], [77.17399, 29.93372], [77.16486, 29.937150000000003], [77.16217, 29.939280000000004], [77.16021, 29.943400000000004], [77.17277, 29.967480000000002], [77.17583, 29.96554], [77.17991, 29.965220000000002]]]}}, {"id": "440", "type": "Feature", "properties": {"village_name": "Dhano Kheri", "vil_lgd": 59075, "district_name": "Karnal", "dist_lgd": 67, "subdistrict_name": "Indri", "sdcode": 371, "block_name": "Indri", "block_lgd": 29.0, "gp_name": "DHANO KHERI (4)", "state_name": "HARYANA", "state_lgd": 6, "population": 1546, "households": 277}, "geometry": {"type": "Polygon", "coordinates": [[[77.13906, 29.953370000000003], [77.13558, 29.94309], [77.13069, 29.94208], [77.12671, 29.939930000000004], [77.12291, 29.939860000000003], [77.11699, 29.943720000000003], [77.11257, 29.94413], [77.10897, 29.942750000000004], [77.11161000000001, 29.956350000000004], [77.12318, 29.96327], [77.12507000000001, 29.960390000000004], [77.13263, 29.954150000000002], [77.13906, 29.953370000000003]]]}}, {"id": "441", "type": "Feature", "properties": {"village_name": "Kalri Jagir", "vil_lgd": 59074, "district_name": "Karnal", "dist_lgd": 67, "subdistrict_name": "Indri", "sdcode": 371, "block_name": "Indri", "block_lgd": 29.0, "gp_name": "KALRI JAGIR (5)", "state_name": "HARYANA", "state_lgd": 6, "population": 2310, "households": 431}, "geometry": {"type": "Polygon", "coordinates": [[[77.13263, 29.954150000000002], [77.12507000000001, 29.960390000000004], [77.12318, 29.96327], [77.13117000000001, 29.964070000000003], [77.13527, 29.957860000000004], [77.13356, 29.95521], [77.13263, 29.954150000000002]]]}}]}