{"type": "FeatureCollection", "metadata": {"source": "Survey of India (per src_agency attribute in the source data)", "hosted_via": "National Water Data Portal (NWDP), NWIC, Ministry of Jal Shakti -- https://nwdp.nwic.gov.in/", "access": "public, no login required", "crs_original": "EPSG:7755 (WGS 84 / India NSF LCC)", "fetch_date": "2026-08-02", "quality": "verified-official -- Survey of India source", "state": "Haryana", "district": "Sonipat", "processing": "reprojected to EPSG:4326, topology-preserving simplify (shared-arc, tolerance 0.0005 deg) so adjacent polygons never overlap/gap at shared borders, coords rounded 5dp, 0 feature(s) needed the per-feature fallback", "feature_count": 342}, "features": [{"id": "0", "type": "Feature", "properties": {"village_name": "Basantpur", "vil_lgd": 59891, "district_name": "Sonipat", "dist_lgd": 75, "subdistrict_name": "Sonipat", "sdcode": 380, "block_name": "Rai", "block_lgd": 43.0, "gp_name": "BASANTPUR", "state_name": "HARYANA", "state_lgd": 6, "population": 0, "households": 0}, "geometry": {"type": "Polygon", "coordinates": [[[77.19824000000001, 28.88755], [77.19571, 28.886380000000003], [77.18983, 28.881470000000004], [77.18826, 28.883270000000003], [77.18689, 28.889480000000002], [77.20465, 28.892490000000002], [77.20375, 28.888180000000002], [77.19824000000001, 28.88755]]]}}, {"id": "1", "type": "Feature", "properties": {"village_name": "Lehrara Part", "vil_lgd": 645582, "district_name": "Sonipat", "dist_lgd": 75, "subdistrict_name": "Sonipat", "sdcode": 380, "block_name": "", "block_lgd": null, "gp_name": "", "state_name": "HARYANA", "state_lgd": 6, "population": 0, "households": 0}, "geometry": {"type": "Polygon", "coordinates": [[[77.00995, 28.976110000000002], [77.01614000000001, 28.974320000000002], [77.01899, 28.97443], [77.01635, 28.96984], [77.01271000000001, 28.96731], [77.00059, 28.966900000000003], [76.98601000000001, 28.967670000000002], [76.98392000000001, 28.966810000000002], [76.98015000000001, 28.967080000000003], [76.98651000000001, 28.982490000000002], [76.99600000000001, 28.976260000000003], [77.00995, 28.976110000000002]]]}}, {"id": "2", "type": "Feature", "properties": {"village_name": "Bandepur Part", "vil_lgd": 645581, "district_name": "Sonipat", "dist_lgd": 75, "subdistrict_name": "Sonipat", "sdcode": 380, "block_name": "", "block_lgd": null, "gp_name": "", "state_name": "HARYANA", "state_lgd": 6, "population": 0, "households": 0}, "geometry": {"type": "Polygon", "coordinates": [[[77.04248000000001, 28.961520000000004], [77.03871000000001, 28.953100000000003], [77.034, 28.955470000000002], [77.02722, 28.956780000000002], [77.03036, 28.967370000000003], [77.03272000000001, 28.96573], [77.04253, 28.964380000000002], [77.04559, 28.962760000000003], [77.04248000000001, 28.961520000000004]]]}}, {"id": "3", "type": "Feature", "properties": {"village_name": "Mandauri", "vil_lgd": 59912, "district_name": "Sonipat", "dist_lgd": 75, "subdistrict_name": "Kharkhoda", "sdcode": 381, "block_name": "Kharkhoda", "block_lgd": 45.0, "gp_name": "MANDAURI", "state_name": "HARYANA", "state_lgd": 6, "population": 2398, "households": 420}, "geometry": {"type": "Polygon", "coordinates": [[[77.00108, 28.875980000000002], [76.99803, 28.865180000000002], [76.99560000000001, 28.86388], [76.99078, 28.858290000000004], [76.99116000000001, 28.85694], [76.98421, 28.859540000000003], [76.97555000000001, 28.86435], [76.97930000000001, 28.86775], [76.98022, 28.869590000000002], [76.98037000000001, 28.877620000000004], [76.98261000000001, 28.882240000000003], [77.00185, 28.879710000000003], [77.00108, 28.875980000000002]]]}}, {"id": "4", "type": "Feature", "properties": {"village_name": "Rohna", "vil_lgd": 59939, "district_name": "Sonipat", "dist_lgd": 75, "subdistrict_name": "Kharkhoda", "sdcode": 381, "block_name": "Kharkhoda", "block_lgd": 45.0, "gp_name": "ROHNA", "state_name": "HARYANA", "state_lgd": 6, "population": 6611, "households": 1289}, "geometry": {"type": "Polygon", "coordinates": [[[76.88698000000001, 28.882610000000003], [76.89632, 28.877550000000003], [76.88628, 28.870590000000004], [76.88425000000001, 28.869760000000003], [76.88091, 28.869880000000002], [76.86779, 28.867390000000004], [76.86311, 28.864430000000002], [76.86269, 28.862530000000003], [76.861, 28.86072], [76.85915, 28.861200000000004], [76.85054000000001, 28.859690000000004], [76.84723000000001, 28.86079], [76.84165, 28.862530000000003], [76.83488000000001, 28.860170000000004], [76.82521000000001, 28.86118], [76.82319000000001, 28.86015], [76.81167, 28.865720000000003], [76.80922000000001, 28.867790000000003], [76.82005000000001, 28.871360000000003], [76.82788000000001, 28.873730000000002], [76.85022000000001, 28.8805], [76.85875, 28.88003], [76.86921000000001, 28.88106], [76.87715, 28.88352], [76.88250000000001, 28.88408], [76.88698000000001, 28.882610000000003]]]}}, {"id": "5", "type": "Feature", "properties": {"village_name": "Pipli", "vil_lgd": 59941, "district_name": "Sonipat", "dist_lgd": 75, "subdistrict_name": "Kharkhoda", "sdcode": 381, "block_name": "Kharkhoda", "block_lgd": 45.0, "gp_name": "PIPLI", "state_name": "HARYANA", "state_lgd": 6, "population": 3776, "households": 731}, "geometry": {"type": "Polygon", "coordinates": [[[76.94411000000001, 28.878840000000004], [76.94713, 28.877820000000003], [76.95612000000001, 28.870420000000003], [76.95892, 28.869310000000002], [76.95490000000001, 28.865190000000002], [76.95026, 28.86494], [76.94151000000001, 28.860020000000002], [76.93513, 28.85798], [76.92874, 28.863580000000002], [76.92684000000001, 28.866030000000002], [76.92603000000001, 28.868810000000003], [76.92021000000001, 28.873150000000003], [76.92742000000001, 28.88033], [76.92809000000001, 28.880670000000002], [76.93384, 28.879330000000003], [76.94411000000001, 28.878840000000004]]]}}, {"id": "6", "type": "Feature", "properties": {"village_name": "Barona", "vil_lgd": 59952, "district_name": "Sonipat", "dist_lgd": 75, "subdistrict_name": "Kharkhoda", "sdcode": 381, "block_name": "Kharkhoda", "block_lgd": 45.0, "gp_name": "BARONA", "state_name": "HARYANA", "state_lgd": 6, "population": 4595, "households": 892}, "geometry": {"type": "Polygon", "coordinates": [[[76.90708000000001, 28.874630000000003], [76.90838000000001, 28.87198], [76.90973000000001, 28.865470000000002], [76.90026, 28.862840000000002], [76.89387, 28.86475], [76.88520000000001, 28.867330000000003], [76.88091, 28.869880000000002], [76.88425000000001, 28.869760000000003], [76.88628, 28.870590000000004], [76.89632, 28.877550000000003], [76.9003, 28.87694], [76.90708000000001, 28.874630000000003]]]}}, {"id": "7", "type": "Feature", "properties": {"village_name": "Gopalpur", "vil_lgd": 59942, "district_name": "Sonipat", "dist_lgd": 75, "subdistrict_name": "Kharkhoda", "sdcode": 381, "block_name": "Kharkhoda", "block_lgd": 45.0, "gp_name": "GOPALPUR", "state_name": "HARYANA", "state_lgd": 6, "population": 3480, "households": 633}, "geometry": {"type": "Polygon", "coordinates": [[[76.92603000000001, 28.868810000000003], [76.92684000000001, 28.866030000000002], [76.92874, 28.863580000000002], [76.93513, 28.85798], [76.93329, 28.856140000000003], [76.93060000000001, 28.8546], [76.93045000000001, 28.853070000000002], [76.92631, 28.852030000000003], [76.92159000000001, 28.85367], [76.92242, 28.854820000000004], [76.92208000000001, 28.85628], [76.91579, 28.860820000000004], [76.91445, 28.86137], [76.91203, 28.863080000000004], [76.90973000000001, 28.865470000000002], [76.90838000000001, 28.87198], [76.90708000000001, 28.874630000000003], [76.91079, 28.875200000000003], [76.91486, 28.873770000000004], [76.92021000000001, 28.873150000000003], [76.92603000000001, 28.868810000000003]]]}}, {"id": "8", "type": "Feature", "properties": {"village_name": "Nizampur Khurd", "vil_lgd": 59945, "district_name": "Sonipat", "dist_lgd": 75, "subdistrict_name": "Kharkhoda", "sdcode": 381, "block_name": "Kharkhoda", "block_lgd": 45.0, "gp_name": "NIZAMPUR KHURD", "state_name": "HARYANA", "state_lgd": 6, "population": 1919, "households": 368}, "geometry": {"type": "Polygon", "coordinates": [[[76.98786000000001, 28.84868], [76.97947, 28.84645], [76.96721000000001, 28.844970000000004], [76.96340000000001, 28.84718], [76.95645, 28.851900000000004], [76.95983000000001, 28.85489], [76.95983000000001, 28.857280000000003], [76.95932, 28.86025], [76.95490000000001, 28.865190000000002], [76.95892, 28.869310000000002], [76.96441, 28.86604], [76.97245000000001, 28.858700000000002], [76.98786000000001, 28.84868]]]}}, {"id": "9", "type": "Feature", "properties": {"village_name": "Jataula", "vil_lgd": 59911, "district_name": "Sonipat", "dist_lgd": 75, "subdistrict_name": "Kharkhoda", "sdcode": 381, "block_name": "Kharkhoda", "block_lgd": 45.0, "gp_name": "JATAULA", "state_name": "HARYANA", "state_lgd": 6, "population": 2197, "households": 426}, "geometry": {"type": "Polygon", "coordinates": [[[76.99641000000001, 28.84992], [77.00016000000001, 28.848570000000002], [77.00459000000001, 28.848580000000002], [77.00249000000001, 28.83951], [76.9983, 28.83836], [76.99485, 28.839550000000003], [76.98786000000001, 28.84868], [76.97245000000001, 28.858700000000002], [76.97555000000001, 28.86435], [76.98421, 28.859540000000003], [76.99116000000001, 28.85694], [76.99641000000001, 28.84992]]]}}, {"id": "10", "type": "Feature", "properties": {"village_name": "Rampur", "vil_lgd": 59944, "district_name": "Sonipat", "dist_lgd": 75, "subdistrict_name": "Kharkhoda", "sdcode": 381, "block_name": "Kharkhoda", "block_lgd": 45.0, "gp_name": "RAMPUR", "state_name": "HARYANA", "state_lgd": 6, "population": 2879, "households": 623}, "geometry": {"type": "Polygon", "coordinates": [[[76.95932, 28.86025], [76.95983000000001, 28.857280000000003], [76.95983000000001, 28.85489], [76.95645, 28.851900000000004], [76.95443, 28.851470000000003], [76.94919, 28.852500000000003], [76.93329, 28.856140000000003], [76.93513, 28.85798], [76.94151000000001, 28.860020000000002], [76.95026, 28.86494], [76.95490000000001, 28.865190000000002], [76.95932, 28.86025]]]}}, {"id": "11", "type": "Feature", "properties": {"village_name": "Khurampur", "vil_lgd": 59953, "district_name": "Sonipat", "dist_lgd": 75, "subdistrict_name": "Kharkhoda", "sdcode": 381, "block_name": "Kharkhoda", "block_lgd": 45.0, "gp_name": "KHURAMPUR", "state_name": "HARYANA", "state_lgd": 6, "population": 1233, "households": 237}, "geometry": {"type": "Polygon", "coordinates": [[[76.88520000000001, 28.867330000000003], [76.89387, 28.86475], [76.86543, 28.844640000000002], [76.86368, 28.84457], [76.86075000000001, 28.848370000000003], [76.85176000000001, 28.85412], [76.84723000000001, 28.86079], [76.85054000000001, 28.859690000000004], [76.85915, 28.861200000000004], [76.861, 28.86072], [76.86269, 28.862530000000003], [76.86311, 28.864430000000002], [76.86779, 28.867390000000004], [76.88091, 28.869880000000002], [76.88520000000001, 28.867330000000003]]]}}, {"id": "12", "type": "Feature", "properties": {"village_name": "Firozpur Bangar", "vil_lgd": 59946, "district_name": "Sonipat", "dist_lgd": 75, "subdistrict_name": "Kharkhoda", "sdcode": 381, "block_name": "Kharkhoda", "block_lgd": 45.0, "gp_name": "FEROZEPUR BANGAR", "state_name": "HARYANA", "state_lgd": 6, "population": 3047, "households": 617}, "geometry": {"type": "Polygon", "coordinates": [[[76.99181, 28.83837], [76.98903, 28.836080000000003], [76.98700000000001, 28.83386], [76.98612, 28.83087], [76.98361000000001, 28.83132], [76.96820000000001, 28.841890000000003], [76.96669, 28.84419], [76.96721000000001, 28.844970000000004], [76.97947, 28.84645], [76.98786000000001, 28.84868], [76.99485, 28.839550000000003], [76.99181, 28.83837]]]}}, {"id": "13", "type": "Feature", "properties": {"village_name": "Pahladpur", "vil_lgd": 59949, "district_name": "Sonipat", "dist_lgd": 75, "subdistrict_name": "Kharkhoda", "sdcode": 381, "block_name": "Kharkhoda", "block_lgd": 45.0, "gp_name": "AHLADPUR", "state_name": "HARYANA", "state_lgd": 6, "population": 2895, "households": 537}, "geometry": {"type": "Polygon", "coordinates": [[[76.92208000000001, 28.85628], [76.92242, 28.854820000000004], [76.92159000000001, 28.85367], [76.93533000000001, 28.82241], [76.94566, 28.810280000000002], [76.94626000000001, 28.806670000000004], [76.94211, 28.79849], [76.92314, 28.801160000000003], [76.92562000000001, 28.82317], [76.91457000000001, 28.842920000000003], [76.90285, 28.851840000000003], [76.90926, 28.8594], [76.90935, 28.858890000000002], [76.91445, 28.86137], [76.91579, 28.860820000000004], [76.92208000000001, 28.85628]]]}}, {"id": "14", "type": "Feature", "properties": {"village_name": "Saidpur", "vil_lgd": 59947, "district_name": "Sonipat", "dist_lgd": 75, "subdistrict_name": "Kharkhoda", "sdcode": 381, "block_name": "Kharkhoda", "block_lgd": 45.0, "gp_name": "SAIDPUR", "state_name": "HARYANA", "state_lgd": 6, "population": 3580, "households": 712}, "geometry": {"type": "Polygon", "coordinates": [[[76.96721000000001, 28.844970000000004], [76.96669, 28.84419], [76.96820000000001, 28.841890000000003], [76.98361000000001, 28.83132], [76.98612, 28.83087], [76.98280000000001, 28.8242], [76.97967000000001, 28.82128], [76.97666000000001, 28.822260000000004], [76.97281000000001, 28.826810000000002], [76.9671, 28.828070000000004], [76.95195000000001, 28.842940000000002], [76.94328, 28.847730000000002], [76.95331, 28.846510000000002], [76.95573, 28.84718], [76.95443, 28.851470000000003], [76.95645, 28.851900000000004], [76.96340000000001, 28.84718], [76.96721000000001, 28.844970000000004]]]}}, {"id": "15", "type": "Feature", "properties": {"village_name": "Kundal", "vil_lgd": 59943, "district_name": "Sonipat", "dist_lgd": 75, "subdistrict_name": "Kharkhoda", "sdcode": 381, "block_name": "Kharkhoda", "block_lgd": 45.0, "gp_name": "KUNDAL", "state_name": "HARYANA", "state_lgd": 6, "population": 2168, "households": 426}, "geometry": {"type": "Polygon", "coordinates": [[[76.95443, 28.851470000000003], [76.95573, 28.84718], [76.95331, 28.846510000000002], [76.94328, 28.847730000000002], [76.93337000000001, 28.852430000000002], [76.93045000000001, 28.853070000000002], [76.93060000000001, 28.8546], [76.93329, 28.856140000000003], [76.94919, 28.852500000000003], [76.95443, 28.851470000000003]]]}}, {"id": "16", "type": "Feature", "properties": {"village_name": "Sohti", "vil_lgd": 59948, "district_name": "Sonipat", "dist_lgd": 75, "subdistrict_name": "Kharkhoda", "sdcode": 381, "block_name": "Kharkhoda", "block_lgd": 45.0, "gp_name": "SAHOTI", "state_name": "HARYANA", "state_lgd": 6, "population": 3221, "households": 608}, "geometry": {"type": "Polygon", "coordinates": [[[76.93045000000001, 28.853070000000002], [76.93337000000001, 28.852430000000002], [76.94328, 28.847730000000002], [76.95195000000001, 28.842940000000002], [76.9671, 28.828070000000004], [76.96601000000001, 28.827420000000004], [76.96574000000001, 28.825640000000003], [76.96378, 28.822760000000002], [76.96492, 28.820210000000003], [76.96182, 28.81492], [76.95081, 28.818310000000004], [76.94566, 28.810280000000002], [76.93533000000001, 28.82241], [76.92159000000001, 28.85367], [76.92631, 28.852030000000003], [76.93045000000001, 28.853070000000002]]]}}, {"id": "17", "type": "Feature", "properties": {"village_name": "Kirauli", "vil_lgd": 59950, "district_name": "Sonipat", "dist_lgd": 75, "subdistrict_name": "Kharkhoda", "sdcode": 381, "block_name": "Kharkhoda", "block_lgd": 45.0, "gp_name": "KARHOULI", "state_name": "HARYANA", "state_lgd": 6, "population": 479, "households": 94}, "geometry": {"type": "Polygon", "coordinates": [[[76.92562000000001, 28.82317], [76.92314, 28.801160000000003], [76.91925, 28.79745], [76.91516, 28.795970000000004], [76.91212, 28.793560000000003], [76.90433, 28.79491], [76.90174, 28.79606], [76.90038000000001, 28.79539], [76.89814000000001, 28.79737], [76.89646, 28.795240000000003], [76.89301, 28.79688], [76.88995000000001, 28.799220000000002], [76.88779000000001, 28.803330000000003], [76.88714, 28.812130000000003], [76.88398000000001, 28.8166], [76.87861000000001, 28.819570000000002], [76.87533, 28.81987], [76.86993000000001, 28.82365], [76.86873, 28.823330000000002], [76.86835, 28.831400000000002], [76.87597000000001, 28.830460000000002], [76.89893000000001, 28.8472], [76.90285, 28.851840000000003], [76.91457000000001, 28.842920000000003], [76.92562000000001, 28.82317]]]}}, {"id": "18", "type": "Feature", "properties": {"village_name": "Ferozepur Khadar", "vil_lgd": 59870, "district_name": "Sonipat", "dist_lgd": 75, "subdistrict_name": "Sonipat", "sdcode": 380, "block_name": "Rai", "block_lgd": 43.0, "gp_name": "FEROZEPUR KHADAR", "state_name": "HARYANA", "state_lgd": 6, "population": 54, "households": 18}, "geometry": {"type": "Polygon", "coordinates": [[[77.10565000000001, 28.927400000000002], [77.10945000000001, 28.927770000000002], [77.1097, 28.921630000000004], [77.11021000000001, 28.919660000000004], [77.11126, 28.91927], [77.10776000000001, 28.917520000000003], [77.10124, 28.917160000000003], [77.09661000000001, 28.932810000000003], [77.10244, 28.928220000000003], [77.10565000000001, 28.927400000000002]]]}}, {"id": "19", "type": "Feature", "properties": {"village_name": "Pai", "vil_lgd": 59951, "district_name": "Sonipat", "dist_lgd": 75, "subdistrict_name": "Kharkhoda", "sdcode": 381, "block_name": "Kharkhoda", "block_lgd": 45.0, "gp_name": "PAI", "state_name": "HARYANA", "state_lgd": 6, "population": 2334, "households": 448}, "geometry": {"type": "Polygon", "coordinates": [[[76.91445, 28.86137], [76.90935, 28.858890000000002], [76.90926, 28.8594], [76.90285, 28.851840000000003], [76.89893000000001, 28.8472], [76.87597000000001, 28.830460000000002], [76.86835, 28.831400000000002], [76.86368, 28.84457], [76.86543, 28.844640000000002], [76.89387, 28.86475], [76.90026, 28.862840000000002], [76.90973000000001, 28.865470000000002], [76.91203, 28.863080000000004], [76.91445, 28.86137]]]}}, {"id": "20", "type": "Feature", "properties": {"village_name": "Chhichhrana", "vil_lgd": 59664, "district_name": "Sonipat", "dist_lgd": 75, "subdistrict_name": "Gohana", "sdcode": 378, "block_name": "Kathura", "block_lgd": 40.0, "gp_name": "CHHICHHRANA", "state_name": "HARYANA", "state_lgd": 6, "population": 3955, "households": 744}, "geometry": {"type": "Polygon", "coordinates": [[[76.65741000000001, 29.08864], [76.66403000000001, 29.080530000000003], [76.66641000000001, 29.07627], [76.66372000000001, 29.07466], [76.65668000000001, 29.065450000000002], [76.65458000000001, 29.072660000000003], [76.65275000000001, 29.075250000000004], [76.64436, 29.07822], [76.62397, 29.081770000000002], [76.61706000000001, 29.084580000000003], [76.60827, 29.085520000000002], [76.61092000000001, 29.09221], [76.61084000000001, 29.09363], [76.62247, 29.09587], [76.62464, 29.097030000000004], [76.63111, 29.09766], [76.64007000000001, 29.096850000000003], [76.64561, 29.095160000000003], [76.65043, 29.09213], [76.65475, 29.090550000000004], [76.65741000000001, 29.08864]]]}}, {"id": "21", "type": "Feature", "properties": {"village_name": "Panchi Jatan", "vil_lgd": 59750, "district_name": "Sonipat", "dist_lgd": 75, "subdistrict_name": "Ganaur", "sdcode": 379, "block_name": "Ganaur", "block_lgd": 42.0, "gp_name": "PANCHI JATAN", "state_name": "HARYANA", "state_lgd": 6, "population": 6580, "households": 1248}, "geometry": {"type": "Polygon", "coordinates": [[[76.99740000000001, 29.08603], [76.99905000000001, 29.08424], [76.99953000000001, 29.081640000000004], [77.00391, 29.077], [77.00402000000001, 29.07579], [76.99799, 29.072090000000003], [76.99465000000001, 29.070100000000004], [76.9912, 29.072360000000003], [76.98718000000001, 29.073570000000004], [76.96701, 29.075870000000002], [76.95866000000001, 29.07015], [76.95337, 29.069720000000004], [76.94956, 29.07992], [76.94849, 29.08527], [76.94510000000001, 29.092940000000002], [76.95369000000001, 29.100050000000003], [76.96140000000001, 29.09296], [76.99380000000001, 29.08659], [76.99740000000001, 29.08603]]]}}, {"id": "22", "type": "Feature", "properties": {"village_name": "Bali", "vil_lgd": 59678, "district_name": "Sonipat", "dist_lgd": 75, "subdistrict_name": "Gohana", "sdcode": 378, "block_name": "Gohana", "block_lgd": 41.0, "gp_name": "BALI", "state_name": "HARYANA", "state_lgd": 6, "population": 2449, "households": 457}, "geometry": {"type": "Polygon", "coordinates": [[[76.75848, 29.08931], [76.75871000000001, 29.08707], [76.76145000000001, 29.084470000000003], [76.76629000000001, 29.07552], [76.76757, 29.07137], [76.76697, 29.067840000000004], [76.76501, 29.065500000000004], [76.76284000000001, 29.064000000000004], [76.76044, 29.06377], [76.75549000000001, 29.059670000000004], [76.75067, 29.058120000000002], [76.74665, 29.055830000000004], [76.74526, 29.049920000000004], [76.73578, 29.05712], [76.73100000000001, 29.062680000000004], [76.72397000000001, 29.067280000000004], [76.72428000000001, 29.067680000000003], [76.72808, 29.07438], [76.73533, 29.078950000000003], [76.74282000000001, 29.088030000000003], [76.74958000000001, 29.09269], [76.75537, 29.09268], [76.75848, 29.08931]]]}}, {"id": "23", "type": "Feature", "properties": {"village_name": "Bidhal", "vil_lgd": 59687, "district_name": "Sonipat", "dist_lgd": 75, "subdistrict_name": "Gohana", "sdcode": 378, "block_name": "Gohana", "block_lgd": 41.0, "gp_name": "BIDHAL", "state_name": "HARYANA", "state_lgd": 6, "population": 3422, "households": 660}, "geometry": {"type": "Polygon", "coordinates": [[[76.80877000000001, 29.071520000000003], [76.80779000000001, 29.073790000000002], [76.80735, 29.084290000000003], [76.81118000000001, 29.086280000000002], [76.81997000000001, 29.088330000000003], [76.81073, 29.07439], [76.80877000000001, 29.071520000000003]]]}}, {"id": "24", "type": "Feature", "properties": {"village_name": "Rukhi", "vil_lgd": 59666, "district_name": "Sonipat", "dist_lgd": 75, "subdistrict_name": "Gohana", "sdcode": 378, "block_name": "Gohana", "block_lgd": 41.0, "gp_name": "RUKHI", "state_name": "HARYANA", "state_lgd": 6, "population": 4514, "households": 860}, "geometry": {"type": "Polygon", "coordinates": [[[76.67995, 29.072400000000002], [76.68220000000001, 29.073470000000004], [76.68803000000001, 29.07027], [76.70239000000001, 29.05919], [76.71133, 29.054530000000003], [76.70659, 29.047010000000004], [76.68775000000001, 29.03768], [76.67429, 29.041590000000003], [76.66278000000001, 29.047590000000003], [76.65261000000001, 29.055090000000003], [76.65117000000001, 29.05366], [76.64745, 29.053340000000002], [76.64565, 29.052020000000002], [76.63782, 29.052480000000003], [76.63386000000001, 29.05449], [76.64637, 29.064380000000003], [76.65539000000001, 29.06379], [76.65631, 29.06406], [76.65668000000001, 29.065450000000002], [76.66372000000001, 29.07466], [76.66641000000001, 29.07627], [76.67572000000001, 29.07297], [76.67995, 29.072400000000002]]]}}, {"id": "25", "type": "Feature", "properties": {"village_name": "Bhainswal Kalan Bawala", "vil_lgd": 59676, "district_name": "Sonipat", "dist_lgd": 75, "subdistrict_name": "Gohana", "sdcode": 378, "block_name": "Gohana", "block_lgd": 41.0, "gp_name": "BHAINSWAL KALAN BAWALA", "state_name": "HARYANA", "state_lgd": 6, "population": 3624, "households": 692}, "geometry": {"type": "Polygon", "coordinates": [[[76.80397, 29.06453], [76.80422, 29.06229], [76.81236000000001, 29.05759], [76.81484, 29.057460000000003], [76.82175000000001, 29.059690000000003], [76.81856, 29.055370000000003], [76.81397000000001, 29.05393], [76.80731, 29.04737], [76.80448000000001, 29.04163], [76.80674, 29.03515], [76.80166000000001, 29.025800000000004], [76.79869000000001, 29.022810000000003], [76.78934000000001, 29.027330000000003], [76.79116, 29.030630000000002], [76.79445000000001, 29.0331], [76.79718000000001, 29.033830000000002], [76.79920000000001, 29.035500000000003], [76.79999000000001, 29.037460000000003], [76.79866000000001, 29.046440000000004], [76.79626, 29.048710000000003], [76.79307, 29.050310000000003], [76.79144000000001, 29.05326], [76.79128, 29.05497], [76.79562, 29.064980000000002], [76.80420000000001, 29.07205], [76.80779000000001, 29.073790000000002], [76.80877000000001, 29.071520000000003], [76.80397, 29.06453]]]}}, {"id": "26", "type": "Feature", "properties": {"village_name": "Bidhlan", "vil_lgd": 59927, "district_name": "Sonipat", "dist_lgd": 75, "subdistrict_name": "Kharkhoda", "sdcode": 381, "block_name": "Kharkhoda", "block_lgd": 45.0, "gp_name": "BIDHLAN", "state_name": "HARYANA", "state_lgd": 6, "population": 3584, "households": 726}, "geometry": {"type": "Polygon", "coordinates": [[[76.85923000000001, 28.981930000000002], [76.87100000000001, 28.96402], [76.86955, 28.95801], [76.86234, 28.946460000000002], [76.85717000000001, 28.940220000000004], [76.85600000000001, 28.940050000000003], [76.84698, 28.952420000000004], [76.8326, 28.96986], [76.8296, 28.97248], [76.8335, 28.97584], [76.85192, 28.985780000000002], [76.85621, 28.984620000000003], [76.85923000000001, 28.981930000000002]]]}}, {"id": "27", "type": "Feature", "properties": {"village_name": "Katwal", "vil_lgd": 59677, "district_name": "Sonipat", "dist_lgd": 75, "subdistrict_name": "Gohana", "sdcode": 378, "block_name": "Gohana", "block_lgd": 41.0, "gp_name": "KATWAL", "state_name": "HARYANA", "state_lgd": 6, "population": 3730, "households": 731}, "geometry": {"type": "Polygon", "coordinates": [[[76.78452, 29.065600000000003], [76.79562, 29.064980000000002], [76.79128, 29.05497], [76.79144000000001, 29.05326], [76.79307, 29.050310000000003], [76.79626, 29.048710000000003], [76.79866000000001, 29.046440000000004], [76.79999000000001, 29.037460000000003], [76.79920000000001, 29.035500000000003], [76.79718000000001, 29.033830000000002], [76.79445000000001, 29.0331], [76.79116, 29.030630000000002], [76.78934000000001, 29.027330000000003], [76.78281000000001, 29.028520000000004], [76.78179, 29.03018], [76.77916, 29.03094], [76.77169, 29.035460000000004], [76.76954, 29.033040000000003], [76.76598000000001, 29.03433], [76.76379, 29.037440000000004], [76.76081, 29.039600000000004], [76.75713, 29.039910000000003], [76.75183000000001, 29.0436], [76.74719, 29.04417], [76.74529000000001, 29.047420000000002], [76.74526, 29.049920000000004], [76.74665, 29.055830000000004], [76.75067, 29.058120000000002], [76.75549000000001, 29.059670000000004], [76.76044, 29.06377], [76.76284000000001, 29.064000000000004], [76.76501, 29.065500000000004], [76.76697, 29.067840000000004], [76.76757, 29.07137], [76.77090000000001, 29.070280000000004], [76.77842000000001, 29.064600000000002], [76.78452, 29.065600000000003]]]}}, {"id": "28", "type": "Feature", "properties": {"village_name": "Kathura", "vil_lgd": 59656, "district_name": "Sonipat", "dist_lgd": 75, "subdistrict_name": "Gohana", "sdcode": 378, "block_name": "Kathura", "block_lgd": 40.0, "gp_name": "KATHURA", "state_name": "HARYANA", "state_lgd": 6, "population": 9639, "households": 1787}, "geometry": {"type": "Polygon", "coordinates": [[[76.57858, 29.104960000000002], [76.58069, 29.104640000000003], [76.58945, 29.10432], [76.59394, 29.10573], [76.59545, 29.10703], [76.59905, 29.099650000000004], [76.60961, 29.095900000000004], [76.61084000000001, 29.09363], [76.61092000000001, 29.09221], [76.60827, 29.085520000000002], [76.60487, 29.077910000000003], [76.60032000000001, 29.071060000000003], [76.5964, 29.058920000000004], [76.59297000000001, 29.060640000000003], [76.58472, 29.060280000000002], [76.57958, 29.057990000000004], [76.57765, 29.058460000000004], [76.57162000000001, 29.057730000000003], [76.56667, 29.059030000000003], [76.56370000000001, 29.062320000000003], [76.56408, 29.063720000000004], [76.56292, 29.064510000000002], [76.56132000000001, 29.071060000000003], [76.55431, 29.077990000000003], [76.55066000000001, 29.0802], [76.54848000000001, 29.084950000000003], [76.54864, 29.08723], [76.54606000000001, 29.09202], [76.54215, 29.094540000000002], [76.54135000000001, 29.096220000000002], [76.53908000000001, 29.097980000000003], [76.54239000000001, 29.102860000000003], [76.54292000000001, 29.107530000000004], [76.54700000000001, 29.115750000000002], [76.5473, 29.122660000000003], [76.55105, 29.12151], [76.56064, 29.11473], [76.56799000000001, 29.11069], [76.57858, 29.104960000000002]]]}}, {"id": "29", "type": "Feature", "properties": {"village_name": "Bhainswan Khurd", "vil_lgd": 59663, "district_name": "Sonipat", "dist_lgd": 75, "subdistrict_name": "Gohana", "sdcode": 378, "block_name": "Kathura", "block_lgd": 40.0, "gp_name": "BHAINSWAN KHURD", "state_name": "HARYANA", "state_lgd": 6, "population": 4118, "households": 773}, "geometry": {"type": "Polygon", "coordinates": [[[76.6845, 29.103640000000002], [76.68716, 29.10235], [76.70537, 29.089900000000004], [76.69353000000001, 29.084220000000002], [76.68220000000001, 29.073470000000004], [76.67995, 29.072400000000002], [76.67572000000001, 29.07297], [76.66641000000001, 29.07627], [76.66403000000001, 29.080530000000003], [76.65741000000001, 29.08864], [76.65475, 29.090550000000004], [76.65889, 29.10096], [76.66701, 29.108960000000003], [76.67178000000001, 29.105950000000004], [76.67891, 29.104090000000003], [76.6845, 29.103640000000002]]]}}, {"id": "30", "type": "Feature", "properties": {"village_name": "Rabhra", "vil_lgd": 59679, "district_name": "Sonipat", "dist_lgd": 75, "subdistrict_name": "Gohana", "sdcode": 378, "block_name": "Gohana", "block_lgd": 41.0, "gp_name": "RABHRA", "state_name": "HARYANA", "state_lgd": 6, "population": 5050, "households": 962}, "geometry": {"type": "Polygon", "coordinates": [[[76.72397000000001, 29.067280000000004], [76.72321000000001, 29.07007], [76.72115000000001, 29.072820000000004], [76.71831, 29.079220000000003], [76.71115, 29.086630000000003], [76.70537, 29.089900000000004], [76.72085000000001, 29.100430000000003], [76.72710000000001, 29.10703], [76.7283, 29.10386], [76.73161, 29.10133], [76.73429, 29.097880000000004], [76.74572, 29.094580000000004], [76.74958000000001, 29.09269], [76.74282000000001, 29.088030000000003], [76.73533, 29.078950000000003], [76.72808, 29.07438], [76.72428000000001, 29.067680000000003], [76.72397000000001, 29.067280000000004]]]}}, {"id": "31", "type": "Feature", "properties": {"village_name": "Lath", "vil_lgd": 59686, "district_name": "Sonipat", "dist_lgd": 75, "subdistrict_name": "Gohana", "sdcode": 378, "block_name": "Gohana", "block_lgd": 41.0, "gp_name": "LATH", "state_name": "HARYANA", "state_lgd": 6, "population": 4826, "households": 893}, "geometry": {"type": "Polygon", "coordinates": [[[76.80779000000001, 29.073790000000002], [76.80420000000001, 29.07205], [76.79562, 29.064980000000002], [76.78452, 29.065600000000003], [76.77842000000001, 29.064600000000002], [76.77090000000001, 29.070280000000004], [76.76757, 29.07137], [76.76629000000001, 29.07552], [76.76145000000001, 29.084470000000003], [76.75871000000001, 29.08707], [76.75848, 29.08931], [76.75537, 29.09268], [76.75882, 29.095050000000004], [76.76196, 29.09652], [76.76755, 29.101180000000003], [76.77199, 29.101910000000004], [76.78563000000001, 29.106820000000003], [76.79446, 29.10046], [76.79984, 29.093470000000003], [76.80175000000001, 29.089250000000003], [76.80735, 29.084290000000003], [76.80779000000001, 29.073790000000002]]]}}, {"id": "32", "type": "Feature", "properties": {"village_name": "Mirzapur Kheri", "vil_lgd": 59665, "district_name": "Sonipat", "dist_lgd": 75, "subdistrict_name": "Gohana", "sdcode": 378, "block_name": "Kathura", "block_lgd": 40.0, "gp_name": "MIRZAPUR KHERI", "state_name": "HARYANA", "state_lgd": 6, "population": 2433, "households": 433}, "geometry": {"type": "Polygon", "coordinates": [[[76.65631, 29.06406], [76.65539000000001, 29.06379], [76.64637, 29.064380000000003], [76.63386000000001, 29.05449], [76.62641, 29.053970000000003], [76.62306000000001, 29.055220000000002], [76.61955, 29.0546], [76.61813000000001, 29.05562], [76.60626, 29.056330000000003], [76.60159, 29.057980000000004], [76.59929000000001, 29.0572], [76.5964, 29.058920000000004], [76.60032000000001, 29.071060000000003], [76.60487, 29.077910000000003], [76.60827, 29.085520000000002], [76.61706000000001, 29.084580000000003], [76.62397, 29.081770000000002], [76.64436, 29.07822], [76.65275000000001, 29.075250000000004], [76.65458000000001, 29.072660000000003], [76.65668000000001, 29.065450000000002], [76.65631, 29.06406]]]}}, {"id": "33", "type": "Feature", "properties": {"village_name": "Puthi", "vil_lgd": 59667, "district_name": "Sonipat", "dist_lgd": 75, "subdistrict_name": "Gohana", "sdcode": 378, "block_name": "Gohana", "block_lgd": 41.0, "gp_name": "PUTHI", "state_name": "HARYANA", "state_lgd": 6, "population": 2566, "households": 454}, "geometry": {"type": "Polygon", "coordinates": [[[76.71133, 29.054530000000003], [76.70239000000001, 29.05919], [76.68803000000001, 29.07027], [76.68220000000001, 29.073470000000004], [76.69353000000001, 29.084220000000002], [76.70537, 29.089900000000004], [76.71115, 29.086630000000003], [76.71831, 29.079220000000003], [76.72115000000001, 29.072820000000004], [76.72321000000001, 29.07007], [76.72397000000001, 29.067280000000004], [76.71558, 29.059610000000003], [76.71147, 29.054790000000004], [76.71133, 29.054530000000003]]]}}, {"id": "34", "type": "Feature", "properties": {"village_name": "Moi Hooda", "vil_lgd": 59668, "district_name": "Sonipat", "dist_lgd": 75, "subdistrict_name": "Gohana", "sdcode": 378, "block_name": "Gohana", "block_lgd": 41.0, "gp_name": "MOI", "state_name": "HARYANA", "state_lgd": 6, "population": 3681, "households": 689}, "geometry": {"type": "Polygon", "coordinates": [[[76.74529000000001, 29.047420000000002], [76.74719, 29.04417], [76.74657, 29.04228], [76.74421000000001, 29.041190000000004], [76.74002, 29.037490000000002], [76.73627, 29.03225], [76.73374000000001, 29.030900000000003], [76.72961000000001, 29.030890000000003], [76.71709000000001, 29.02372], [76.70618, 29.02859], [76.70254000000001, 29.031520000000004], [76.69805000000001, 29.038880000000002], [76.69006, 29.03721], [76.68775000000001, 29.03768], [76.70659, 29.047010000000004], [76.71133, 29.054530000000003], [76.71147, 29.054790000000004], [76.71558, 29.059610000000003], [76.72397000000001, 29.067280000000004], [76.73100000000001, 29.062680000000004], [76.73578, 29.05712], [76.74526, 29.049920000000004], [76.74529000000001, 29.047420000000002]]]}}, {"id": "35", "type": "Feature", "properties": {"village_name": "Tihar", "vil_lgd": 59675, "district_name": "Sonipat", "dist_lgd": 75, "subdistrict_name": "Gohana", "sdcode": 378, "block_name": "Gohana", "block_lgd": 41.0, "gp_name": "TIHAR", "state_name": "HARYANA", "state_lgd": 6, "population": 2482, "households": 468}, "geometry": {"type": "Polygon", "coordinates": [[[76.83644000000001, 29.058100000000003], [76.82977000000001, 29.04925], [76.82624000000001, 29.036790000000003], [76.82411, 29.036130000000004], [76.82072000000001, 29.036520000000003], [76.81342000000001, 29.03873], [76.81925000000001, 29.039640000000002], [76.81997000000001, 29.040920000000003], [76.81959, 29.048790000000004], [76.82314000000001, 29.06011], [76.83246000000001, 29.062810000000002], [76.83676000000001, 29.062620000000003], [76.83778000000001, 29.061010000000003], [76.83644000000001, 29.058100000000003]]]}}, {"id": "36", "type": "Feature", "properties": {"village_name": "Bhainswal Kalan Mithan", "vil_lgd": 59674, "district_name": "Sonipat", "dist_lgd": 75, "subdistrict_name": "Gohana", "sdcode": 378, "block_name": "Gohana", "block_lgd": 41.0, "gp_name": "BHAINSWAL KALAN MITHAN", "state_name": "HARYANA", "state_lgd": 6, "population": 4215, "households": 812}, "geometry": {"type": "Polygon", "coordinates": [[[76.81925000000001, 29.039640000000002], [76.81342000000001, 29.03873], [76.81063, 29.039640000000002], [76.80921000000001, 29.039310000000004], [76.80674, 29.03515], [76.80448000000001, 29.04163], [76.80731, 29.04737], [76.81397000000001, 29.05393], [76.81856, 29.055370000000003], [76.82175000000001, 29.059690000000003], [76.82314000000001, 29.06011], [76.81959, 29.048790000000004], [76.81997000000001, 29.040920000000003], [76.81925000000001, 29.039640000000002]]]}}, {"id": "37", "type": "Feature", "properties": {"village_name": "Riwara", "vil_lgd": 59669, "district_name": "Sonipat", "dist_lgd": 75, "subdistrict_name": "Gohana", "sdcode": 378, "block_name": "Gohana", "block_lgd": 41.0, "gp_name": "RIWARA", "state_name": "HARYANA", "state_lgd": 6, "population": 2312, "households": 438}, "geometry": {"type": "Polygon", "coordinates": [[[76.76081, 29.039600000000004], [76.76379, 29.037440000000004], [76.76598000000001, 29.03433], [76.76954, 29.033040000000003], [76.76723000000001, 29.02972], [76.76384, 29.026790000000002], [76.75819000000001, 29.024580000000004], [76.75578, 29.021670000000004], [76.75208, 29.020830000000004], [76.74721000000001, 29.018100000000004], [76.74643, 29.016160000000003], [76.73625000000001, 29.005720000000004], [76.73656000000001, 29.007410000000004], [76.73566000000001, 29.007910000000003], [76.72631000000001, 29.01115], [76.72389000000001, 29.01462], [76.72196000000001, 29.015890000000002], [76.72145, 29.020090000000003], [76.71709000000001, 29.02372], [76.72961000000001, 29.030890000000003], [76.73374000000001, 29.030900000000003], [76.73627, 29.03225], [76.74002, 29.037490000000002], [76.74421000000001, 29.041190000000004], [76.74657, 29.04228], [76.74719, 29.04417], [76.75183000000001, 29.0436], [76.75713, 29.039910000000003], [76.76081, 29.039600000000004]]]}}, {"id": "38", "type": "Feature", "properties": {"village_name": "Anwli", "vil_lgd": 59670, "district_name": "Sonipat", "dist_lgd": 75, "subdistrict_name": "Gohana", "sdcode": 378, "block_name": "Gohana", "block_lgd": 41.0, "gp_name": "AANWALI", "state_name": "HARYANA", "state_lgd": 6, "population": 4337, "households": 848}, "geometry": {"type": "Polygon", "coordinates": [[[76.7783, 29.016250000000003], [76.77571, 29.00531], [76.76892000000001, 29.000300000000003], [76.76502, 29.00427], [76.76309, 28.988550000000004], [76.74601000000001, 28.994750000000003], [76.73857000000001, 28.975780000000004], [76.73376, 28.965920000000004], [76.72615, 28.971880000000002], [76.73247, 28.98551], [76.73681, 28.989580000000004], [76.73524, 28.991270000000004], [76.73425, 28.997120000000002], [76.73625000000001, 29.005720000000004], [76.74643, 29.016160000000003], [76.74721000000001, 29.018100000000004], [76.75208, 29.020830000000004], [76.75578, 29.021670000000004], [76.75819000000001, 29.024580000000004], [76.76384, 29.026790000000002], [76.76723000000001, 29.02972], [76.76954, 29.033040000000003], [76.77169, 29.035460000000004], [76.77916, 29.03094], [76.78179, 29.03018], [76.78281000000001, 29.028520000000004], [76.7783, 29.016250000000003]]]}}, {"id": "39", "type": "Feature", "properties": {"village_name": "Bilbilan", "vil_lgd": 59673, "district_name": "Sonipat", "dist_lgd": 75, "subdistrict_name": "Gohana", "sdcode": 378, "block_name": "Gohana", "block_lgd": 41.0, "gp_name": "BILBILAN", "state_name": "HARYANA", "state_lgd": 6, "population": 1410, "households": 246}, "geometry": {"type": "Polygon", "coordinates": [[[76.79869000000001, 29.022810000000003], [76.79700000000001, 29.021120000000003], [76.78372, 29.011280000000003], [76.77571, 29.00531], [76.7783, 29.016250000000003], [76.78281000000001, 29.028520000000004], [76.78934000000001, 29.027330000000003], [76.79869000000001, 29.022810000000003]]]}}, {"id": "40", "type": "Feature", "properties": {"village_name": "Jasrana", "vil_lgd": 59672, "district_name": "Sonipat", "dist_lgd": 75, "subdistrict_name": "Gohana", "sdcode": 378, "block_name": "Gohana", "block_lgd": 41.0, "gp_name": "JASRANA", "state_name": "HARYANA", "state_lgd": 6, "population": 3836, "households": 748}, "geometry": {"type": "Polygon", "coordinates": [[[76.76765, 28.999360000000003], [76.76798000000001, 28.996750000000002], [76.77834, 28.983580000000003], [76.78124000000001, 28.979250000000004], [76.78106000000001, 28.97811], [76.77968000000001, 28.977010000000003], [76.76631, 28.968830000000004], [76.76179, 28.96055], [76.75967, 28.965550000000004], [76.75945, 28.974010000000003], [76.76309, 28.988550000000004], [76.76502, 29.00427], [76.76892000000001, 29.000300000000003], [76.76765, 28.999360000000003]]]}}, {"id": "41", "type": "Feature", "properties": {"village_name": "Giwana", "vil_lgd": 59671, "district_name": "Sonipat", "dist_lgd": 75, "subdistrict_name": "Gohana", "sdcode": 378, "block_name": "Gohana", "block_lgd": 41.0, "gp_name": "GIWANA", "state_name": "HARYANA", "state_lgd": 6, "population": 3302, "households": 651}, "geometry": {"type": "Polygon", "coordinates": [[[76.75945, 28.974010000000003], [76.75967, 28.965550000000004], [76.75262000000001, 28.964990000000004], [76.74931000000001, 28.961720000000003], [76.74608, 28.961240000000004], [76.74139000000001, 28.961660000000002], [76.73376, 28.965920000000004], [76.73857000000001, 28.975780000000004], [76.74601000000001, 28.994750000000003], [76.76309, 28.988550000000004], [76.75945, 28.974010000000003]]]}}, {"id": "42", "type": "Feature", "properties": {"village_name": "Farmana", "vil_lgd": 59929, "district_name": "Sonipat", "dist_lgd": 75, "subdistrict_name": "Kharkhoda", "sdcode": 381, "block_name": "Kharkhoda", "block_lgd": 45.0, "gp_name": "FARMANA", "state_name": "HARYANA", "state_lgd": 6, "population": 7019, "households": 1336}, "geometry": {"type": "Polygon", "coordinates": [[[76.82334, 29.012420000000002], [76.83339000000001, 29.010820000000002], [76.8401, 29.006460000000004], [76.84028, 29.005360000000003], [76.83782000000001, 29.002470000000002], [76.83117, 29.001220000000004], [76.82860000000001, 28.998880000000003], [76.82791, 28.993850000000002], [76.82220000000001, 28.994100000000003], [76.81415000000001, 28.995670000000004], [76.80628, 28.994780000000002], [76.80460000000001, 28.995140000000003], [76.79568, 28.996370000000002], [76.79398, 29.003030000000003], [76.78991, 29.00747], [76.78372, 29.011280000000003], [76.79700000000001, 29.021120000000003], [76.80494, 29.014490000000002], [76.81009, 29.011930000000003], [76.8148, 29.01104], [76.82334, 29.012420000000002]]]}}, {"id": "43", "type": "Feature", "properties": {"village_name": "Nizampur Majra", "vil_lgd": 59930, "district_name": "Sonipat", "dist_lgd": 75, "subdistrict_name": "Kharkhoda", "sdcode": 381, "block_name": "Kharkhoda", "block_lgd": 45.0, "gp_name": "NIZAMPUR MAJRA", "state_name": "HARYANA", "state_lgd": 6, "population": 3100, "households": 594}, "geometry": {"type": "Polygon", "coordinates": [[[76.77834, 28.983580000000003], [76.76798000000001, 28.996750000000002], [76.76765, 28.999360000000003], [76.76892000000001, 29.000300000000003], [76.77571, 29.00531], [76.78372, 29.011280000000003], [76.78991, 29.00747], [76.79398, 29.003030000000003], [76.79568, 28.996370000000002], [76.79138, 28.995070000000002], [76.78368, 28.987880000000004], [76.77834, 28.983580000000003]]]}}, {"id": "44", "type": "Feature", "properties": {"village_name": "Maujam Nagar", "vil_lgd": 59931, "district_name": "Sonipat", "dist_lgd": 75, "subdistrict_name": "Kharkhoda", "sdcode": 381, "block_name": "Kharkhoda", "block_lgd": 45.0, "gp_name": "MUZZAM NAGAR", "state_name": "HARYANA", "state_lgd": 6, "population": 637, "households": 138}, "geometry": {"type": "Polygon", "coordinates": [[[76.80628, 28.994780000000002], [76.81436000000001, 28.984820000000003], [76.81599, 28.981500000000004], [76.81682, 28.979250000000004], [76.81697000000001, 28.972790000000003], [76.81064, 28.97097], [76.80940000000001, 28.96984], [76.8041, 28.97191], [76.78214000000001, 28.975730000000002], [76.77968000000001, 28.977010000000003], [76.78106000000001, 28.97811], [76.78124000000001, 28.979250000000004], [76.77834, 28.983580000000003], [76.78368, 28.987880000000004], [76.79138, 28.995070000000002], [76.79568, 28.996370000000002], [76.80460000000001, 28.995140000000003], [76.80628, 28.994780000000002]]]}}, {"id": "45", "type": "Feature", "properties": {"village_name": "Ridhau", "vil_lgd": 59928, "district_name": "Sonipat", "dist_lgd": 75, "subdistrict_name": "Kharkhoda", "sdcode": 381, "block_name": "Kharkhoda", "block_lgd": 45.0, "gp_name": "RIDHAD", "state_name": "HARYANA", "state_lgd": 6, "population": 3624, "households": 692}, "geometry": {"type": "Polygon", "coordinates": [[[76.82791, 28.993850000000002], [76.83299000000001, 28.992910000000002], [76.84874, 28.98673], [76.85192, 28.985780000000002], [76.8335, 28.97584], [76.8296, 28.97248], [76.81697000000001, 28.972790000000003], [76.81682, 28.979250000000004], [76.81599, 28.981500000000004], [76.81436000000001, 28.984820000000003], [76.80628, 28.994780000000002], [76.81415000000001, 28.995670000000004], [76.82220000000001, 28.994100000000003], [76.82791, 28.993850000000002]]]}}, {"id": "46", "type": "Feature", "properties": {"village_name": "Nakloi", "vil_lgd": 59926, "district_name": "Sonipat", "dist_lgd": 75, "subdistrict_name": "Kharkhoda", "sdcode": 381, "block_name": "Kharkhoda", "block_lgd": 45.0, "gp_name": "NAKLOI", "state_name": "HARYANA", "state_lgd": 6, "population": 1952, "households": 376}, "geometry": {"type": "Polygon", "coordinates": [[[76.87907000000001, 28.974940000000004], [76.87952, 28.974110000000003], [76.87393, 28.964140000000004], [76.87100000000001, 28.96402], [76.85923000000001, 28.981930000000002], [76.86171, 28.98748], [76.86563000000001, 28.984130000000004], [76.86918, 28.98288], [76.87521000000001, 28.977300000000003], [76.87907000000001, 28.974940000000004]]]}}, {"id": "47", "type": "Feature", "properties": {"village_name": "Nirthan", "vil_lgd": 59925, "district_name": "Sonipat", "dist_lgd": 75, "subdistrict_name": "Kharkhoda", "sdcode": 381, "block_name": "Kharkhoda", "block_lgd": 45.0, "gp_name": "NIRTHAN", "state_name": "HARYANA", "state_lgd": 6, "population": 840, "households": 174}, "geometry": {"type": "Polygon", "coordinates": [[[76.8931, 28.97322], [76.89306, 28.965700000000002], [76.89112, 28.95925], [76.87393, 28.964140000000004], [76.87952, 28.974110000000003], [76.87907000000001, 28.974940000000004], [76.88094000000001, 28.976010000000002], [76.88725000000001, 28.976950000000002], [76.89242, 28.975900000000003], [76.8931, 28.97322]]]}}, {"id": "48", "type": "Feature", "properties": {"village_name": "Kheri Dahiya", "vil_lgd": 59924, "district_name": "Sonipat", "dist_lgd": 75, "subdistrict_name": "Kharkhoda", "sdcode": 381, "block_name": "Kharkhoda", "block_lgd": 45.0, "gp_name": "KHERI DAHIYA", "state_name": "HARYANA", "state_lgd": 6, "population": 2203, "households": 450}, "geometry": {"type": "Polygon", "coordinates": [[[76.92107, 28.973290000000002], [76.91663000000001, 28.961160000000003], [76.91671000000001, 28.95953], [76.91794, 28.958000000000002], [76.91295000000001, 28.95792], [76.90834000000001, 28.95492], [76.90313, 28.954710000000002], [76.90001000000001, 28.957950000000004], [76.89112, 28.95925], [76.89306, 28.965700000000002], [76.8931, 28.97322], [76.89242, 28.975900000000003], [76.90803000000001, 28.9768], [76.91926000000001, 28.974120000000003], [76.92107, 28.973290000000002]]]}}, {"id": "49", "type": "Feature", "properties": {"village_name": "Gorar", "vil_lgd": 59932, "district_name": "Sonipat", "dist_lgd": 75, "subdistrict_name": "Kharkhoda", "sdcode": 381, "block_name": "Kharkhoda", "block_lgd": 45.0, "gp_name": "GORAR", "state_name": "HARYANA", "state_lgd": 6, "population": 5077, "households": 938}, "geometry": {"type": "Polygon", "coordinates": [[[76.81005, 28.960210000000004], [76.80823000000001, 28.951500000000003], [76.79230000000001, 28.924870000000002], [76.78923, 28.925600000000003], [76.78383000000001, 28.92921], [76.77793000000001, 28.930870000000002], [76.77749, 28.9339], [76.77164, 28.938180000000003], [76.77124, 28.941090000000003], [76.77493000000001, 28.948570000000004], [76.76904, 28.952970000000004], [76.76179, 28.96055], [76.76631, 28.968830000000004], [76.77968000000001, 28.977010000000003], [76.78214000000001, 28.975730000000002], [76.8041, 28.97191], [76.80940000000001, 28.96984], [76.81005, 28.960210000000004]]]}}, {"id": "50", "type": "Feature", "properties": {"village_name": "Silana", "vil_lgd": 59933, "district_name": "Sonipat", "dist_lgd": 75, "subdistrict_name": "Kharkhoda", "sdcode": 381, "block_name": "Kharkhoda", "block_lgd": 45.0, "gp_name": "SILANA", "state_name": "HARYANA", "state_lgd": 6, "population": 5173, "households": 985}, "geometry": {"type": "Polygon", "coordinates": [[[76.8326, 28.96986], [76.84698, 28.952420000000004], [76.85600000000001, 28.940050000000003], [76.85094000000001, 28.938450000000003], [76.84701000000001, 28.935670000000002], [76.83748, 28.937030000000004], [76.82458000000001, 28.93624], [76.81987000000001, 28.93719], [76.80611, 28.929180000000002], [76.80212, 28.92826], [76.79489000000001, 28.924480000000003], [76.79230000000001, 28.924870000000002], [76.80823000000001, 28.951500000000003], [76.81005, 28.960210000000004], [76.80940000000001, 28.96984], [76.81064, 28.97097], [76.81697000000001, 28.972790000000003], [76.8296, 28.97248], [76.8326, 28.96986]]]}}, {"id": "51", "type": "Feature", "properties": {"village_name": "Sehri", "vil_lgd": 59923, "district_name": "Sonipat", "dist_lgd": 75, "subdistrict_name": "Kharkhoda", "sdcode": 381, "block_name": "Kharkhoda", "block_lgd": 45.0, "gp_name": "SEHRI", "state_name": "HARYANA", "state_lgd": 6, "population": 2819, "households": 491}, "geometry": {"type": "Polygon", "coordinates": [[[76.90001000000001, 28.957950000000004], [76.90313, 28.954710000000002], [76.90265000000001, 28.948190000000004], [76.89915, 28.9447], [76.89444, 28.944380000000002], [76.89070000000001, 28.942290000000003], [76.87385, 28.93672], [76.86837000000001, 28.934890000000003], [76.86381, 28.935260000000003], [76.86033, 28.937680000000004], [76.85717000000001, 28.940220000000004], [76.86234, 28.946460000000002], [76.86955, 28.95801], [76.87100000000001, 28.96402], [76.87393, 28.964140000000004], [76.89112, 28.95925], [76.90001000000001, 28.957950000000004]]]}}, {"id": "52", "type": "Feature", "properties": {"village_name": "Khanda", "vil_lgd": 59922, "district_name": "Sonipat", "dist_lgd": 75, "subdistrict_name": "Kharkhoda", "sdcode": 381, "block_name": "Kharkhoda", "block_lgd": 45.0, "gp_name": "KHANDA", "state_name": "HARYANA", "state_lgd": 6, "population": 9029, "households": 1685}, "geometry": {"type": "Polygon", "coordinates": [[[76.92466, 28.95229], [76.92868, 28.94619], [76.92865, 28.94177], [76.92365000000001, 28.93633], [76.92321000000001, 28.932280000000002], [76.91998000000001, 28.92967], [76.917, 28.921250000000004], [76.91388, 28.91804], [76.90439, 28.910950000000003], [76.90215, 28.909760000000002], [76.89513000000001, 28.90979], [76.88952, 28.910870000000003], [76.88467, 28.927550000000004], [76.87848000000001, 28.931590000000003], [76.87385, 28.93672], [76.89070000000001, 28.942290000000003], [76.89444, 28.944380000000002], [76.89915, 28.9447], [76.90265000000001, 28.948190000000004], [76.90313, 28.954710000000002], [76.90834000000001, 28.95492], [76.91295000000001, 28.95792], [76.91794, 28.958000000000002], [76.92466, 28.95229]]]}}, {"id": "53", "type": "Feature", "properties": {"village_name": "Jharonti", "vil_lgd": 59919, "district_name": "Sonipat", "dist_lgd": 75, "subdistrict_name": "Kharkhoda", "sdcode": 381, "block_name": "Kharkhoda", "block_lgd": 45.0, "gp_name": "JHARAUTI", "state_name": "HARYANA", "state_lgd": 6, "population": 1654, "households": 314}, "geometry": {"type": "Polygon", "coordinates": [[[76.94290000000001, 28.943880000000004], [76.94443000000001, 28.945520000000002], [76.94808, 28.946530000000003], [76.9508, 28.93756], [76.94917000000001, 28.93476], [76.95012000000001, 28.929900000000004], [76.94516, 28.92565], [76.93919000000001, 28.92798], [76.93856000000001, 28.93157], [76.93745000000001, 28.932710000000004], [76.93587000000001, 28.93072], [76.93361, 28.930000000000003], [76.93073000000001, 28.931350000000002], [76.92321000000001, 28.932280000000002], [76.92365000000001, 28.93633], [76.92865, 28.94177], [76.92868, 28.94619], [76.93521000000001, 28.946500000000004], [76.94162, 28.94413], [76.94290000000001, 28.943880000000004]]]}}, {"id": "54", "type": "Feature", "properties": {"village_name": "Sisana", "vil_lgd": 59934, "district_name": "Sonipat", "dist_lgd": 75, "subdistrict_name": "Kharkhoda", "sdcode": 381, "block_name": "Kharkhoda", "block_lgd": 45.0, "gp_name": "SISANA", "state_name": "HARYANA", "state_lgd": 6, "population": 10169, "households": 2022}, "geometry": {"type": "Polygon", "coordinates": [[[76.86381, 28.935260000000003], [76.86402000000001, 28.927470000000003], [76.86474000000001, 28.92434], [76.86701000000001, 28.921090000000003], [76.86737000000001, 28.913290000000003], [76.86917000000001, 28.90848], [76.86276000000001, 28.910040000000002], [76.85817, 28.908230000000003], [76.85306, 28.907510000000002], [76.84962, 28.905390000000004], [76.84737000000001, 28.90209], [76.84655000000001, 28.900100000000002], [76.84778, 28.89908], [76.84341, 28.899420000000003], [76.83782000000001, 28.895380000000003], [76.83209000000001, 28.88678], [76.82788000000001, 28.873730000000002], [76.82005000000001, 28.871360000000003], [76.82236, 28.87891], [76.83244, 28.896890000000003], [76.83642, 28.906380000000002], [76.8378, 28.907870000000003], [76.83877000000001, 28.91345], [76.83543, 28.921860000000002], [76.83175, 28.925570000000004], [76.82795, 28.92704], [76.8211, 28.927730000000004], [76.81867000000001, 28.93128], [76.81438, 28.931620000000002], [76.80611, 28.929180000000002], [76.81987000000001, 28.93719], [76.82458000000001, 28.93624], [76.83748, 28.937030000000004], [76.84701000000001, 28.935670000000002], [76.85094000000001, 28.938450000000003], [76.85600000000001, 28.940050000000003], [76.85717000000001, 28.940220000000004], [76.86033, 28.937680000000004], [76.86381, 28.935260000000003]]]}}, {"id": "55", "type": "Feature", "properties": {"village_name": "Nasirpur Cholka", "vil_lgd": 59935, "district_name": "Sonipat", "dist_lgd": 75, "subdistrict_name": "Kharkhoda", "sdcode": 381, "block_name": "Kharkhoda", "block_lgd": 45.0, "gp_name": "NASIRPUR CHOLKA", "state_name": "HARYANA", "state_lgd": 6, "population": 2227, "households": 438}, "geometry": {"type": "Polygon", "coordinates": [[[76.88550000000001, 28.907740000000004], [76.88394000000001, 28.907410000000002], [76.86917000000001, 28.90848], [76.86737000000001, 28.913290000000003], [76.86701000000001, 28.921090000000003], [76.86474000000001, 28.92434], [76.86402000000001, 28.927470000000003], [76.86381, 28.935260000000003], [76.86837000000001, 28.934890000000003], [76.87385, 28.93672], [76.87848000000001, 28.931590000000003], [76.88467, 28.927550000000004], [76.88952, 28.910870000000003], [76.88550000000001, 28.907740000000004]]]}}, {"id": "56", "type": "Feature", "properties": {"village_name": "Jharont", "vil_lgd": 59920, "district_name": "Sonipat", "dist_lgd": 75, "subdistrict_name": "Kharkhoda", "sdcode": 381, "block_name": "Kharkhoda", "block_lgd": 45.0, "gp_name": "JHARAUT", "state_name": "HARYANA", "state_lgd": 6, "population": 1920, "households": 368}, "geometry": {"type": "Polygon", "coordinates": [[[76.93919000000001, 28.92798], [76.93714, 28.926660000000002], [76.93239000000001, 28.92603], [76.92816, 28.923650000000002], [76.92772000000001, 28.92], [76.92863000000001, 28.91662], [76.93236, 28.909170000000003], [76.9355, 28.904790000000002], [76.93265000000001, 28.902050000000003], [76.92974000000001, 28.900990000000004], [76.92482000000001, 28.902310000000003], [76.92534, 28.905710000000003], [76.92509000000001, 28.907000000000004], [76.92309, 28.908720000000002], [76.92298000000001, 28.91221], [76.917, 28.921250000000004], [76.91998000000001, 28.92967], [76.92321000000001, 28.932280000000002], [76.93073000000001, 28.931350000000002], [76.93361, 28.930000000000003], [76.93587000000001, 28.93072], [76.93745000000001, 28.932710000000004], [76.93856000000001, 28.93157], [76.93919000000001, 28.92798]]]}}, {"id": "57", "type": "Feature", "properties": {"village_name": "Kanwali", "vil_lgd": 59917, "district_name": "Sonipat", "dist_lgd": 75, "subdistrict_name": "Kharkhoda", "sdcode": 381, "block_name": "Kharkhoda", "block_lgd": 45.0, "gp_name": "KANWALI", "state_name": "HARYANA", "state_lgd": 6, "population": 2461, "households": 463}, "geometry": {"type": "Polygon", "coordinates": [[[76.95445000000001, 28.92256], [76.95444, 28.9218], [76.95682000000001, 28.921750000000003], [76.9569, 28.9203], [76.95878, 28.919340000000002], [76.95896, 28.917790000000004], [76.95975, 28.917410000000004], [76.97447000000001, 28.913870000000003], [76.97522000000001, 28.911490000000004], [76.97135, 28.90856], [76.96918000000001, 28.908160000000002], [76.95988000000001, 28.909190000000002], [76.95266000000001, 28.911240000000003], [76.94221, 28.910400000000003], [76.94354000000001, 28.918740000000003], [76.94586000000001, 28.92396], [76.94516, 28.92565], [76.95012000000001, 28.929900000000004], [76.95427000000001, 28.930310000000002], [76.96076000000001, 28.92845], [76.95445000000001, 28.92256]]]}}, {"id": "58", "type": "Feature", "properties": {"village_name": "Anandpur", "vil_lgd": 59918, "district_name": "Sonipat", "dist_lgd": 75, "subdistrict_name": "Kharkhoda", "sdcode": 381, "block_name": "Kharkhoda", "block_lgd": 45.0, "gp_name": "ANANDPUR", "state_name": "HARYANA", "state_lgd": 6, "population": 1105, "households": 215}, "geometry": {"type": "Polygon", "coordinates": [[[76.94586000000001, 28.92396], [76.94354000000001, 28.918740000000003], [76.94221, 28.910400000000003], [76.93946000000001, 28.907090000000004], [76.9355, 28.904790000000002], [76.93236, 28.909170000000003], [76.92863000000001, 28.91662], [76.92772000000001, 28.92], [76.92816, 28.923650000000002], [76.93239000000001, 28.92603], [76.93714, 28.926660000000002], [76.93919000000001, 28.92798], [76.94516, 28.92565], [76.94586000000001, 28.92396]]]}}, {"id": "59", "type": "Feature", "properties": {"village_name": "Garhi Sisana", "vil_lgd": 59938, "district_name": "Sonipat", "dist_lgd": 75, "subdistrict_name": "Kharkhoda", "sdcode": 381, "block_name": "Kharkhoda", "block_lgd": 45.0, "gp_name": "GARHI SISANA", "state_name": "HARYANA", "state_lgd": 6, "population": 3928, "households": 734}, "geometry": {"type": "Polygon", "coordinates": [[[76.80922000000001, 28.867790000000003], [76.81185, 28.870400000000004], [76.81528, 28.876060000000003], [76.81809000000001, 28.88247], [76.81915000000001, 28.88765], [76.82592000000001, 28.901290000000003], [76.82573000000001, 28.9064], [76.82708000000001, 28.91589], [76.82484000000001, 28.92132], [76.82202000000001, 28.92434], [76.8211, 28.927730000000004], [76.82795, 28.92704], [76.83175, 28.925570000000004], [76.83543, 28.921860000000002], [76.83877000000001, 28.91345], [76.8378, 28.907870000000003], [76.83642, 28.906380000000002], [76.83244, 28.896890000000003], [76.82236, 28.87891], [76.82005000000001, 28.871360000000003], [76.80922000000001, 28.867790000000003]]]}}, {"id": "60", "type": "Feature", "properties": {"village_name": "Thana Khurd", "vil_lgd": 59916, "district_name": "Sonipat", "dist_lgd": 75, "subdistrict_name": "Kharkhoda", "sdcode": 381, "block_name": "Kharkhoda", "block_lgd": 45.0, "gp_name": "THANA KHURD", "state_name": "HARYANA", "state_lgd": 6, "population": 2886, "households": 567}, "geometry": {"type": "Polygon", "coordinates": [[[76.95988000000001, 28.909190000000002], [76.96918000000001, 28.908160000000002], [76.97135, 28.90856], [76.97522000000001, 28.911490000000004], [76.97845000000001, 28.903380000000002], [76.98044, 28.899620000000002], [76.97672, 28.89731], [76.97447000000001, 28.893810000000002], [76.97311, 28.888830000000002], [76.96066, 28.892930000000003], [76.95677, 28.893210000000003], [76.95302000000001, 28.891880000000004], [76.95141000000001, 28.892120000000002], [76.94749, 28.89514], [76.94223000000001, 28.89609], [76.93965, 28.902300000000004], [76.93830000000001, 28.903990000000004], [76.9355, 28.904790000000002], [76.93946000000001, 28.907090000000004], [76.94221, 28.910400000000003], [76.95266000000001, 28.911240000000003], [76.95988000000001, 28.909190000000002]]]}}, {"id": "61", "type": "Feature", "properties": {"village_name": "Chhinauli", "vil_lgd": 59936, "district_name": "Sonipat", "dist_lgd": 75, "subdistrict_name": "Kharkhoda", "sdcode": 381, "block_name": "Kharkhoda", "block_lgd": 45.0, "gp_name": "CHHANAULI", "state_name": "HARYANA", "state_lgd": 6, "population": 1160, "households": 223}, "geometry": {"type": "Polygon", "coordinates": [[[76.88250000000001, 28.88408], [76.87715, 28.88352], [76.86921000000001, 28.88106], [76.86238, 28.887620000000002], [76.86027, 28.888730000000002], [76.85882000000001, 28.891160000000003], [76.855, 28.892000000000003], [76.84778, 28.89908], [76.84655000000001, 28.900100000000002], [76.84737000000001, 28.90209], [76.84962, 28.905390000000004], [76.85306, 28.907510000000002], [76.86711000000001, 28.900380000000002], [76.87374000000001, 28.895550000000004], [76.8789, 28.89457], [76.88182, 28.891690000000004], [76.88267, 28.885270000000002], [76.88250000000001, 28.88408]]]}}, {"id": "62", "type": "Feature", "properties": {"village_name": "Thana Kalan", "vil_lgd": 59915, "district_name": "Sonipat", "dist_lgd": 75, "subdistrict_name": "Kharkhoda", "sdcode": 381, "block_name": "Kharkhoda", "block_lgd": 45.0, "gp_name": "THANA KALAN", "state_name": "HARYANA", "state_lgd": 6, "population": 4463, "households": 809}, "geometry": {"type": "Polygon", "coordinates": [[[76.94223000000001, 28.89609], [76.94749, 28.89514], [76.95141000000001, 28.892120000000002], [76.95302000000001, 28.891880000000004], [76.95677, 28.893210000000003], [76.96066, 28.892930000000003], [76.97311, 28.888830000000002], [76.97061000000001, 28.87901], [76.97065, 28.87573], [76.97555000000001, 28.86435], [76.97245000000001, 28.858700000000002], [76.96441, 28.86604], [76.95892, 28.869310000000002], [76.95612000000001, 28.870420000000003], [76.94713, 28.877820000000003], [76.94411000000001, 28.878840000000004], [76.93384, 28.879330000000003], [76.92809000000001, 28.880670000000002], [76.92799000000001, 28.882550000000002], [76.93307, 28.887850000000004], [76.92911000000001, 28.894140000000004], [76.92239000000001, 28.897850000000002], [76.92379000000001, 28.8991], [76.92482000000001, 28.902310000000003], [76.92974000000001, 28.900990000000004], [76.93265000000001, 28.902050000000003], [76.9355, 28.904790000000002], [76.93830000000001, 28.903990000000004], [76.93965, 28.902300000000004], [76.94223000000001, 28.89609]]]}}, {"id": "63", "type": "Feature", "properties": {"village_name": "Turakpur", "vil_lgd": 59914, "district_name": "Sonipat", "dist_lgd": 75, "subdistrict_name": "Kharkhoda", "sdcode": 381, "block_name": "Kharkhoda", "block_lgd": 45.0, "gp_name": "TURAKPUR", "state_name": "HARYANA", "state_lgd": 6, "population": 1450, "households": 244}, "geometry": {"type": "Polygon", "coordinates": [[[76.98410000000001, 28.896420000000003], [76.98315000000001, 28.890030000000003], [76.98347000000001, 28.885150000000003], [76.98261000000001, 28.882240000000003], [76.98037000000001, 28.877620000000004], [76.98022, 28.869590000000002], [76.97930000000001, 28.86775], [76.97555000000001, 28.86435], [76.97065, 28.87573], [76.97061000000001, 28.87901], [76.97311, 28.888830000000002], [76.97447000000001, 28.893810000000002], [76.97672, 28.89731], [76.98044, 28.899620000000002], [76.98339, 28.898410000000002], [76.98410000000001, 28.896420000000003]]]}}, {"id": "64", "type": "Feature", "properties": {"village_name": "Ashrafpur Matindu", "vil_lgd": 59937, "district_name": "Sonipat", "dist_lgd": 75, "subdistrict_name": "Kharkhoda", "sdcode": 381, "block_name": "Kharkhoda", "block_lgd": 45.0, "gp_name": "ASHRAFPUR MATINDU", "state_name": "HARYANA", "state_lgd": 6, "population": 2708, "households": 519}, "geometry": {"type": "Polygon", "coordinates": [[[76.85875, 28.88003], [76.85022000000001, 28.8805], [76.82788000000001, 28.873730000000002], [76.83209000000001, 28.88678], [76.83782000000001, 28.895380000000003], [76.84341, 28.899420000000003], [76.84778, 28.89908], [76.855, 28.892000000000003], [76.85882000000001, 28.891160000000003], [76.86027, 28.888730000000002], [76.86238, 28.887620000000002], [76.86921000000001, 28.88106], [76.85875, 28.88003]]]}}, {"id": "65", "type": "Feature", "properties": {"village_name": "Salimpur Turali", "vil_lgd": 59787, "district_name": "Sonipat", "dist_lgd": 75, "subdistrict_name": "Sonipat", "sdcode": 380, "block_name": "Sonipat", "block_lgd": 44.0, "gp_name": "SALIMPUR TORALI", "state_name": "HARYANA", "state_lgd": 6, "population": 732, "households": 138}, "geometry": {"type": "Polygon", "coordinates": [[[76.88375, 29.097910000000002], [76.88575, 29.096550000000004], [76.88804, 29.09156], [76.87938000000001, 29.086660000000002], [76.87515, 29.080170000000003], [76.87304, 29.080650000000002], [76.86869, 29.083740000000002], [76.8627, 29.08528], [76.86127, 29.08809], [76.86055, 29.093930000000004], [76.85909000000001, 29.09635], [76.86595000000001, 29.09859], [76.86618, 29.09719], [76.86800000000001, 29.096790000000002], [76.88375, 29.097910000000002]]]}}, {"id": "66", "type": "Feature", "properties": {"village_name": "Bohla", "vil_lgd": 59783, "district_name": "Sonipat", "dist_lgd": 75, "subdistrict_name": "Sonipat", "sdcode": 380, "block_name": "Sonipat", "block_lgd": 44.0, "gp_name": "BOHLA", "state_name": "HARYANA", "state_lgd": 6, "population": 1103, "households": 206}, "geometry": {"type": "Polygon", "coordinates": [[[76.85418, 29.096300000000003], [76.85909000000001, 29.09635], [76.86055, 29.093930000000004], [76.86127, 29.08809], [76.8627, 29.08528], [76.85416000000001, 29.07889], [76.84902000000001, 29.078590000000002], [76.84303000000001, 29.080270000000002], [76.83815000000001, 29.080460000000002], [76.83695, 29.0817], [76.83502, 29.08246], [76.83387, 29.084540000000004], [76.83607, 29.090670000000003], [76.83555000000001, 29.092810000000004], [76.83483000000001, 29.09361], [76.84062, 29.09699], [76.84489, 29.09785], [76.84870000000001, 29.097500000000004], [76.85418, 29.096300000000003]]]}}, {"id": "67", "type": "Feature", "properties": {"village_name": "Mahra", "vil_lgd": 59773, "district_name": "Sonipat", "dist_lgd": 75, "subdistrict_name": "Sonipat", "sdcode": 380, "block_name": "Sonipat", "block_lgd": 44.0, "gp_name": "MAHRA", "state_name": "HARYANA", "state_lgd": 6, "population": 4000, "households": 765}, "geometry": {"type": "Polygon", "coordinates": [[[76.94849, 29.08527], [76.94956, 29.07992], [76.95337, 29.069720000000004], [76.95557000000001, 29.062440000000002], [76.95357000000001, 29.058390000000003], [76.94827000000001, 29.05936], [76.94351, 29.064870000000003], [76.94199, 29.065240000000003], [76.93944, 29.067700000000002], [76.93727000000001, 29.06783], [76.93452, 29.07121], [76.92720000000001, 29.069940000000003], [76.92437000000001, 29.070220000000003], [76.91696, 29.071830000000002], [76.91625, 29.08132], [76.92328, 29.08892], [76.92448, 29.09232], [76.92696000000001, 29.092920000000003], [76.93047, 29.09608], [76.93353, 29.096140000000002], [76.94510000000001, 29.092940000000002], [76.94849, 29.08527]]]}}, {"id": "68", "type": "Feature", "properties": {"village_name": "Pinana", "vil_lgd": 59784, "district_name": "Sonipat", "dist_lgd": 75, "subdistrict_name": "Sonipat", "sdcode": 380, "block_name": "Sonipat", "block_lgd": 44.0, "gp_name": "PINANA", "state_name": "HARYANA", "state_lgd": 6, "population": 4862, "households": 930}, "geometry": {"type": "Polygon", "coordinates": [[[76.83607, 29.090670000000003], [76.83387, 29.084540000000004], [76.83502, 29.08246], [76.83446, 29.076660000000004], [76.8358, 29.069160000000004], [76.83449, 29.065490000000004], [76.83246000000001, 29.062810000000002], [76.82314000000001, 29.06011], [76.82175000000001, 29.059690000000003], [76.81484, 29.057460000000003], [76.81236000000001, 29.05759], [76.80422, 29.06229], [76.80397, 29.06453], [76.80877000000001, 29.071520000000003], [76.81073, 29.07439], [76.81997000000001, 29.088330000000003], [76.82279000000001, 29.092800000000004], [76.82466000000001, 29.091040000000003], [76.82938, 29.091030000000003], [76.83483000000001, 29.09361], [76.83555000000001, 29.092810000000004], [76.83607, 29.090670000000003]]]}}, {"id": "69", "type": "Feature", "properties": {"village_name": "Juan", "vil_lgd": 59788, "district_name": "Sonipat", "dist_lgd": 75, "subdistrict_name": "Sonipat", "sdcode": 380, "block_name": "Sonipat", "block_lgd": 44.0, "gp_name": "JUAN", "state_name": "HARYANA", "state_lgd": 6, "population": 6186, "households": 1153}, "geometry": {"type": "Polygon", "coordinates": [[[76.91696, 29.071830000000002], [76.92228, 29.06735], [76.91578000000001, 29.060340000000004], [76.91326000000001, 29.061650000000004], [76.90609, 29.062770000000004], [76.90098, 29.059540000000002], [76.89509000000001, 29.057630000000003], [76.89446000000001, 29.05629], [76.89545000000001, 29.05176], [76.88808, 29.05111], [76.88391, 29.049390000000002], [76.87826000000001, 29.05515], [76.87447, 29.061200000000003], [76.87377000000001, 29.07148], [76.87515, 29.080170000000003], [76.87938000000001, 29.086660000000002], [76.88804, 29.09156], [76.89534, 29.092620000000004], [76.90857000000001, 29.08988], [76.91224000000001, 29.08753], [76.91296000000001, 29.08508], [76.91625, 29.08132], [76.91696, 29.071830000000002]]]}}, {"id": "70", "type": "Feature", "properties": {"village_name": "Naina Tatarpur", "vil_lgd": 59786, "district_name": "Sonipat", "dist_lgd": 75, "subdistrict_name": "Sonipat", "sdcode": 380, "block_name": "Sonipat", "block_lgd": 44.0, "gp_name": "NAINA TATARPUR", "state_name": "HARYANA", "state_lgd": 6, "population": 2159, "households": 412}, "geometry": {"type": "Polygon", "coordinates": [[[76.87377000000001, 29.07148], [76.87447, 29.061200000000003], [76.87826000000001, 29.05515], [76.88391, 29.049390000000002], [76.87780000000001, 29.046640000000004], [76.87441000000001, 29.046490000000002], [76.87344, 29.046590000000002], [76.86648000000001, 29.053390000000004], [76.86295000000001, 29.05542], [76.85903, 29.056610000000003], [76.85442, 29.05674], [76.85729, 29.065790000000003], [76.85778, 29.07062], [76.85640000000001, 29.076500000000003], [76.85416000000001, 29.07889], [76.8627, 29.08528], [76.86869, 29.083740000000002], [76.87304, 29.080650000000002], [76.87515, 29.080170000000003], [76.87377000000001, 29.07148]]]}}, {"id": "71", "type": "Feature", "properties": {"village_name": "Salarpur Majra", "vil_lgd": 59785, "district_name": "Sonipat", "dist_lgd": 75, "subdistrict_name": "Sonipat", "sdcode": 380, "block_name": "Sonipat", "block_lgd": 44.0, "gp_name": "SALARPUR MAJRA", "state_name": "HARYANA", "state_lgd": 6, "population": 1417, "households": 252}, "geometry": {"type": "Polygon", "coordinates": [[[76.83815000000001, 29.080460000000002], [76.84303000000001, 29.080270000000002], [76.84902000000001, 29.078590000000002], [76.85416000000001, 29.07889], [76.85640000000001, 29.076500000000003], [76.85778, 29.07062], [76.85729, 29.065790000000003], [76.85442, 29.05674], [76.84953, 29.05626], [76.84709000000001, 29.056720000000002], [76.84344, 29.061090000000004], [76.83778000000001, 29.061010000000003], [76.83676000000001, 29.062620000000003], [76.83246000000001, 29.062810000000002], [76.83449, 29.065490000000004], [76.8358, 29.069160000000004], [76.83446, 29.076660000000004], [76.83502, 29.08246], [76.83695, 29.0817], [76.83815000000001, 29.080460000000002]]]}}, {"id": "72", "type": "Feature", "properties": {"village_name": "Chatia Aulia", "vil_lgd": 59772, "district_name": "Sonipat", "dist_lgd": 75, "subdistrict_name": "Sonipat", "sdcode": 380, "block_name": "Sonipat", "block_lgd": 44.0, "gp_name": "CHATIA AULIA", "state_name": "HARYANA", "state_lgd": 6, "population": 2452, "households": 463}, "geometry": {"type": "Polygon", "coordinates": [[[76.99465000000001, 29.070100000000004], [76.99353, 29.064740000000004], [76.98063, 29.065510000000003], [76.96516000000001, 29.061790000000002], [76.95695, 29.06321], [76.95557000000001, 29.062440000000002], [76.95337, 29.069720000000004], [76.95866000000001, 29.07015], [76.96701, 29.075870000000002], [76.98718000000001, 29.073570000000004], [76.9912, 29.072360000000003], [76.99465000000001, 29.070100000000004]]]}}, {"id": "73", "type": "Feature", "properties": {"village_name": "Bhatana Jafrabad", "vil_lgd": 59789, "district_name": "Sonipat", "dist_lgd": 75, "subdistrict_name": "Sonipat", "sdcode": 380, "block_name": "Sonipat", "block_lgd": 44.0, "gp_name": "BHATANA JAFRABAD", "state_name": "HARYANA", "state_lgd": 6, "population": 1084, "households": 214}, "geometry": {"type": "Polygon", "coordinates": [[[76.92720000000001, 29.069940000000003], [76.93452, 29.07121], [76.93727000000001, 29.06783], [76.93944, 29.067700000000002], [76.94199, 29.065240000000003], [76.94351, 29.064870000000003], [76.94827000000001, 29.05936], [76.95357000000001, 29.058390000000003], [76.95246, 29.057260000000003], [76.95115000000001, 29.055950000000003], [76.94676000000001, 29.05412], [76.94576, 29.05216], [76.94394000000001, 29.055100000000003], [76.94030000000001, 29.058400000000002], [76.93557000000001, 29.060800000000004], [76.92857000000001, 29.063350000000003], [76.92408, 29.067120000000003], [76.92228, 29.06735], [76.91696, 29.071830000000002], [76.92437000000001, 29.070220000000003], [76.92720000000001, 29.069940000000003]]]}}, {"id": "74", "type": "Feature", "properties": {"village_name": "Chitana", "vil_lgd": 59790, "district_name": "Sonipat", "dist_lgd": 75, "subdistrict_name": "Sonipat", "sdcode": 380, "block_name": "Sonipat", "block_lgd": 44.0, "gp_name": "CHITANA", "state_name": "HARYANA", "state_lgd": 6, "population": 3075, "households": 552}, "geometry": {"type": "Polygon", "coordinates": [[[76.94030000000001, 29.058400000000002], [76.94394000000001, 29.055100000000003], [76.94576, 29.05216], [76.94770000000001, 29.046660000000003], [76.92828, 29.037770000000002], [76.91685000000001, 29.04465], [76.91709, 29.050530000000002], [76.91578000000001, 29.060340000000004], [76.92228, 29.06735], [76.92408, 29.067120000000003], [76.92857000000001, 29.063350000000003], [76.93557000000001, 29.060800000000004], [76.94030000000001, 29.058400000000002]]]}}, {"id": "75", "type": "Feature", "properties": {"village_name": "Sandal Kalan", "vil_lgd": 59771, "district_name": "Sonipat", "dist_lgd": 75, "subdistrict_name": "Sonipat", "sdcode": 380, "block_name": "Sonipat", "block_lgd": 44.0, "gp_name": "SANDAL KALAN3", "state_name": "HARYANA", "state_lgd": 6, "population": 3074, "households": 568}, "geometry": {"type": "Polygon", "coordinates": [[[76.99503, 29.062920000000002], [77.00104, 29.05956], [77.00804000000001, 29.054270000000002], [77.00598000000001, 29.051540000000003], [77.00222000000001, 29.05054], [76.99728, 29.051610000000004], [76.98750000000001, 29.05279], [76.95829, 29.057760000000002], [76.95663, 29.058650000000004], [76.95557000000001, 29.062440000000002], [76.95695, 29.06321], [76.96516000000001, 29.061790000000002], [76.98063, 29.065510000000003], [76.99353, 29.064740000000004], [76.99503, 29.062920000000002]]]}}, {"id": "76", "type": "Feature", "properties": {"village_name": "Karewri", "vil_lgd": 59791, "district_name": "Sonipat", "dist_lgd": 75, "subdistrict_name": "Sonipat", "sdcode": 380, "block_name": "Sonipat", "block_lgd": 44.0, "gp_name": "KAREWRI", "state_name": "HARYANA", "state_lgd": 6, "population": 2175, "households": 441}, "geometry": {"type": "Polygon", "coordinates": [[[76.91709, 29.050530000000002], [76.91685000000001, 29.04465], [76.91000000000001, 29.038280000000004], [76.90605000000001, 29.03629], [76.90142, 29.038980000000002], [76.90122000000001, 29.04566], [76.89545000000001, 29.05176], [76.89446000000001, 29.05629], [76.89509000000001, 29.057630000000003], [76.90098, 29.059540000000002], [76.90609, 29.062770000000004], [76.91326000000001, 29.061650000000004], [76.91578000000001, 29.060340000000004], [76.91709, 29.050530000000002]]]}}, {"id": "77", "type": "Feature", "properties": {"village_name": "Sandal Khurd", "vil_lgd": 59770, "district_name": "Sonipat", "dist_lgd": 75, "subdistrict_name": "Sonipat", "sdcode": 380, "block_name": "Sonipat", "block_lgd": 44.0, "gp_name": "SANDAL KHURD", "state_name": "HARYANA", "state_lgd": 6, "population": 1532, "households": 283}, "geometry": {"type": "Polygon", "coordinates": [[[76.98698, 29.048250000000003], [76.98029000000001, 29.04642], [76.97091, 29.0499], [76.9697, 29.04924], [76.96328000000001, 29.049260000000004], [76.96232, 29.049960000000002], [76.95724000000001, 29.056210000000004], [76.95357000000001, 29.058390000000003], [76.95557000000001, 29.062440000000002], [76.95663, 29.058650000000004], [76.95829, 29.057760000000002], [76.98750000000001, 29.05279], [76.98698, 29.048250000000003]]]}}, {"id": "78", "type": "Feature", "properties": {"village_name": "Mohana", "vil_lgd": 59834, "district_name": "Sonipat", "dist_lgd": 75, "subdistrict_name": "Sonipat", "sdcode": 380, "block_name": "Sonipat", "block_lgd": 44.0, "gp_name": "MOHANA", "state_name": "HARYANA", "state_lgd": 6, "population": 7170, "households": 1391}, "geometry": {"type": "Polygon", "coordinates": [[[76.85442, 29.05674], [76.85903, 29.056610000000003], [76.86295000000001, 29.05542], [76.86648000000001, 29.053390000000004], [76.87344, 29.046590000000002], [76.87441000000001, 29.046490000000002], [76.87878, 29.042550000000002], [76.87238, 29.02784], [76.86488, 29.01855], [76.85618000000001, 29.0148], [76.85394000000001, 29.01544], [76.84579000000001, 29.021050000000002], [76.84296, 29.025070000000003], [76.82624000000001, 29.036790000000003], [76.82977000000001, 29.04925], [76.83644000000001, 29.058100000000003], [76.83778000000001, 29.061010000000003], [76.84344, 29.061090000000004], [76.84709000000001, 29.056720000000002], [76.84953, 29.05626], [76.85442, 29.05674]]]}}, {"id": "79", "type": "Feature", "properties": {"village_name": "Shahzadpur", "vil_lgd": 59795, "district_name": "Sonipat", "dist_lgd": 75, "subdistrict_name": "Sonipat", "sdcode": 380, "block_name": "Sonipat", "block_lgd": 44.0, "gp_name": "SHAHZADPUR", "state_name": "HARYANA", "state_lgd": 6, "population": 3178, "households": 619}, "geometry": {"type": "Polygon", "coordinates": [[[76.96328000000001, 29.049260000000004], [76.9697, 29.04924], [76.97091, 29.0499], [76.98029000000001, 29.04642], [76.98698, 29.048250000000003], [76.98871000000001, 29.045920000000002], [76.99012, 29.041750000000004], [76.98782, 29.04098], [76.98584000000001, 29.03892], [76.97723, 29.03714], [76.96628000000001, 29.031660000000002], [76.96474, 29.03657], [76.96242000000001, 29.040270000000003], [76.95628, 29.047220000000003], [76.95365000000001, 29.0515], [76.95246, 29.057260000000003], [76.95357000000001, 29.058390000000003], [76.95724000000001, 29.056210000000004], [76.96232, 29.049960000000002], [76.96328000000001, 29.049260000000004]]]}}, {"id": "80", "type": "Feature", "properties": {"village_name": "Kilorad", "vil_lgd": 59794, "district_name": "Sonipat", "dist_lgd": 75, "subdistrict_name": "Sonipat", "sdcode": 380, "block_name": "Sonipat", "block_lgd": 44.0, "gp_name": "KILORAD", "state_name": "HARYANA", "state_lgd": 6, "population": 1569, "households": 281}, "geometry": {"type": "Polygon", "coordinates": [[[76.96732, 29.025230000000004], [76.96591000000001, 29.02568], [76.96338, 29.028240000000004], [76.96140000000001, 29.028530000000003], [76.9555, 29.031550000000003], [76.95271000000001, 29.03178], [76.95283, 29.03947], [76.95203000000001, 29.042630000000003], [76.94770000000001, 29.046660000000003], [76.94576, 29.05216], [76.94676000000001, 29.05412], [76.95115000000001, 29.055950000000003], [76.95246, 29.057260000000003], [76.95365000000001, 29.0515], [76.95628, 29.047220000000003], [76.96242000000001, 29.040270000000003], [76.96474, 29.03657], [76.96628000000001, 29.031660000000002], [76.96732, 29.025230000000004]]]}}, {"id": "81", "type": "Feature", "properties": {"village_name": "Badshahpur Machhri", "vil_lgd": 59833, "district_name": "Sonipat", "dist_lgd": 75, "subdistrict_name": "Sonipat", "sdcode": 380, "block_name": "Sonipat", "block_lgd": 44.0, "gp_name": "BADSHAHPUR MACHHRI", "state_name": "HARYANA", "state_lgd": 6, "population": 1451, "households": 270}, "geometry": {"type": "Polygon", "coordinates": [[[76.89598000000001, 29.040480000000002], [76.89133000000001, 29.04071], [76.87878, 29.042550000000002], [76.87441000000001, 29.046490000000002], [76.87780000000001, 29.046640000000004], [76.88391, 29.049390000000002], [76.88808, 29.05111], [76.89545000000001, 29.05176], [76.90122000000001, 29.04566], [76.90142, 29.038980000000002], [76.89598000000001, 29.040480000000002]]]}}, {"id": "82", "type": "Feature", "properties": {"village_name": "Hullaheri", "vil_lgd": 59793, "district_name": "Sonipat", "dist_lgd": 75, "subdistrict_name": "Sonipat", "sdcode": 380, "block_name": "Sonipat", "block_lgd": 44.0, "gp_name": "HOLA HERI", "state_name": "HARYANA", "state_lgd": 6, "population": 1980, "households": 391}, "geometry": {"type": "Polygon", "coordinates": [[[76.95013, 29.027900000000002], [76.94649000000001, 29.026110000000003], [76.94398000000001, 29.025900000000004], [76.93636000000001, 29.021420000000003], [76.93366, 29.02222], [76.92800000000001, 29.02316], [76.92751000000001, 29.024620000000002], [76.92452, 29.027410000000003], [76.92503, 29.03402], [76.92615, 29.036250000000003], [76.92828, 29.037770000000002], [76.94770000000001, 29.046660000000003], [76.95203000000001, 29.042630000000003], [76.95283, 29.03947], [76.95271000000001, 29.03178], [76.95013, 29.027900000000002]]]}}, {"id": "83", "type": "Feature", "properties": {"village_name": "Khizarpur Jat Majra", "vil_lgd": 59792, "district_name": "Sonipat", "dist_lgd": 75, "subdistrict_name": "Sonipat", "sdcode": 380, "block_name": "Sonipat", "block_lgd": 44.0, "gp_name": "KHIZARPUR JAT MAJRA", "state_name": "HARYANA", "state_lgd": 6, "population": 1069, "households": 204}, "geometry": {"type": "Polygon", "coordinates": [[[76.92615, 29.036250000000003], [76.92503, 29.03402], [76.92452, 29.027410000000003], [76.91237000000001, 29.032090000000004], [76.90605000000001, 29.03629], [76.91000000000001, 29.038280000000004], [76.91685000000001, 29.04465], [76.92828, 29.037770000000002], [76.92615, 29.036250000000003]]]}}, {"id": "84", "type": "Feature", "properties": {"village_name": "Jaji", "vil_lgd": 59832, "district_name": "Sonipat", "dist_lgd": 75, "subdistrict_name": "Sonipat", "sdcode": 380, "block_name": "Sonipat", "block_lgd": 44.0, "gp_name": "JAJI", "state_name": "HARYANA", "state_lgd": 6, "population": 1486, "households": 275}, "geometry": {"type": "Polygon", "coordinates": [[[76.89352000000001, 29.03422], [76.89181, 29.030490000000004], [76.89168000000001, 29.025460000000002], [76.88888, 29.022990000000004], [76.88405, 29.02239], [76.87582, 29.02531], [76.87238, 29.02784], [76.87878, 29.042550000000002], [76.89133000000001, 29.04071], [76.89352000000001, 29.03422]]]}}, {"id": "85", "type": "Feature", "properties": {"village_name": "Tharu", "vil_lgd": 59796, "district_name": "Sonipat", "dist_lgd": 75, "subdistrict_name": "Sonipat", "sdcode": 380, "block_name": "Sonipat", "block_lgd": 44.0, "gp_name": "THARU", "state_name": "HARYANA", "state_lgd": 6, "population": 1771, "households": 341}, "geometry": {"type": "Polygon", "coordinates": [[[76.9821, 29.02858], [76.97196000000001, 29.02146], [76.96732, 29.025230000000004], [76.96628000000001, 29.031660000000002], [76.97723, 29.03714], [76.98584000000001, 29.03892], [76.98782, 29.04098], [76.99012, 29.041750000000004], [76.99469, 29.037010000000002], [76.9821, 29.02858]]]}}, {"id": "86", "type": "Feature", "properties": {"village_name": "Salimsar Majra", "vil_lgd": 59837, "district_name": "Sonipat", "dist_lgd": 75, "subdistrict_name": "Sonipat", "sdcode": 380, "block_name": "Sonipat", "block_lgd": 44.0, "gp_name": "SALIMSAR MAJRA", "state_name": "HARYANA", "state_lgd": 6, "population": 2787, "households": 518}, "geometry": {"type": "Polygon", "coordinates": [[[76.86311, 29.01236], [76.86241000000001, 28.997560000000004], [76.86144, 28.993280000000002], [76.86171, 28.98748], [76.85923000000001, 28.981930000000002], [76.85621, 28.984620000000003], [76.85192, 28.985780000000002], [76.84874, 28.98673], [76.85036000000001, 28.991070000000004], [76.85038, 28.99546], [76.84773000000001, 29.006610000000002], [76.84585000000001, 29.009940000000004], [76.84042000000001, 29.015420000000002], [76.84579000000001, 29.021050000000002], [76.85394000000001, 29.01544], [76.85618000000001, 29.0148], [76.86311, 29.01236]]]}}, {"id": "87", "type": "Feature", "properties": {"village_name": "Bhatgaon Dungran", "vil_lgd": 59831, "district_name": "Sonipat", "dist_lgd": 75, "subdistrict_name": "Sonipat", "sdcode": 380, "block_name": "Sonipat", "block_lgd": 44.0, "gp_name": "BHATGAON DOGRAN", "state_name": "HARYANA", "state_lgd": 6, "population": 6789, "households": 1376}, "geometry": {"type": "Polygon", "coordinates": [[[76.90605000000001, 29.03629], [76.91237000000001, 29.032090000000004], [76.92452, 29.027410000000003], [76.92751000000001, 29.024620000000002], [76.92800000000001, 29.02316], [76.91978, 29.01762], [76.91456000000001, 29.01528], [76.91050000000001, 29.0119], [76.90548000000001, 29.00325], [76.90544000000001, 29.001780000000004], [76.90812000000001, 28.99782], [76.90586, 28.99677], [76.89720000000001, 28.998020000000004], [76.89718, 29.002060000000004], [76.89450000000001, 29.003130000000002], [76.88949000000001, 29.00474], [76.88418, 29.0042], [76.87978000000001, 29.002430000000004], [76.87119000000001, 29.003410000000002], [76.86241000000001, 28.997560000000004], [76.86311, 29.01236], [76.86711000000001, 29.012340000000002], [76.87306000000001, 29.015510000000003], [76.87758000000001, 29.01696], [76.87582, 29.02531], [76.88405, 29.02239], [76.88888, 29.022990000000004], [76.89168000000001, 29.025460000000002], [76.89181, 29.030490000000004], [76.89352000000001, 29.03422], [76.89133000000001, 29.04071], [76.89598000000001, 29.040480000000002], [76.90142, 29.038980000000002], [76.90605000000001, 29.03629]]]}}, {"id": "88", "type": "Feature", "properties": {"village_name": "Guhna", "vil_lgd": 59835, "district_name": "Sonipat", "dist_lgd": 75, "subdistrict_name": "Sonipat", "sdcode": 380, "block_name": "Sonipat", "block_lgd": 44.0, "gp_name": "GUHNA", "state_name": "HARYANA", "state_lgd": 6, "population": 4614, "households": 868}, "geometry": {"type": "Polygon", "coordinates": [[[76.82072000000001, 29.036520000000003], [76.82411, 29.036130000000004], [76.82624000000001, 29.036790000000003], [76.84296, 29.025070000000003], [76.84579000000001, 29.021050000000002], [76.84042000000001, 29.015420000000002], [76.83339000000001, 29.010820000000002], [76.82334, 29.012420000000002], [76.8148, 29.01104], [76.81009, 29.011930000000003], [76.80494, 29.014490000000002], [76.79700000000001, 29.021120000000003], [76.79869000000001, 29.022810000000003], [76.80166000000001, 29.025800000000004], [76.80674, 29.03515], [76.80921000000001, 29.039310000000004], [76.81063, 29.039640000000002], [76.81342000000001, 29.03873], [76.82072000000001, 29.036520000000003]]]}}, {"id": "89", "type": "Feature", "properties": {"village_name": "Barwasni", "vil_lgd": 59829, "district_name": "Sonipat", "dist_lgd": 75, "subdistrict_name": "Sonipat", "sdcode": 380, "block_name": "Sonipat", "block_lgd": 44.0, "gp_name": "BARWASNI", "state_name": "HARYANA", "state_lgd": 6, "population": 5883, "households": 1151}, "geometry": {"type": "Polygon", "coordinates": [[[76.97196000000001, 29.02146], [76.97592, 29.01666], [76.97465000000001, 29.014360000000003], [76.97557, 29.01075], [76.97516, 29.008660000000003], [76.96956, 29.000080000000004], [76.97009000000001, 28.998980000000003], [76.96169, 28.998320000000003], [76.96014000000001, 28.997030000000002], [76.95886, 28.997110000000003], [76.9547, 28.99931], [76.94576, 29.00203], [76.94643, 29.006370000000004], [76.94576, 29.007780000000004], [76.94371000000001, 29.010360000000002], [76.94330000000001, 29.01245], [76.93791, 29.018210000000003], [76.93636000000001, 29.021420000000003], [76.94398000000001, 29.025900000000004], [76.94649000000001, 29.026110000000003], [76.95013, 29.027900000000002], [76.95271000000001, 29.03178], [76.9555, 29.031550000000003], [76.96140000000001, 29.028530000000003], [76.96338, 29.028240000000004], [76.96591000000001, 29.02568], [76.96732, 29.025230000000004], [76.97196000000001, 29.02146]]]}}, {"id": "90", "type": "Feature", "properties": {"village_name": "Uldaipur", "vil_lgd": 59797, "district_name": "Sonipat", "dist_lgd": 75, "subdistrict_name": "Sonipat", "sdcode": 380, "block_name": "Sonipat", "block_lgd": 44.0, "gp_name": "ULDAIPUR", "state_name": "HARYANA", "state_lgd": 6, "population": 1705, "households": 335}, "geometry": {"type": "Polygon", "coordinates": [[[76.98739, 29.017020000000002], [76.97836000000001, 29.018530000000002], [76.97592, 29.01666], [76.97196000000001, 29.02146], [76.9821, 29.02858], [76.98725, 29.02625], [76.98862000000001, 29.02379], [76.98869, 29.02108], [76.98739, 29.017020000000002]]]}}, {"id": "91", "type": "Feature", "properties": {"village_name": "Jatmalpur Lohari Tibba", "vil_lgd": 59836, "district_name": "Sonipat", "dist_lgd": 75, "subdistrict_name": "Sonipat", "sdcode": 380, "block_name": "Sonipat", "block_lgd": 44.0, "gp_name": "LOHARI TIBA", "state_name": "HARYANA", "state_lgd": 6, "population": 1173, "households": 206}, "geometry": {"type": "Polygon", "coordinates": [[[76.87758000000001, 29.01696], [76.87306000000001, 29.015510000000003], [76.86711000000001, 29.012340000000002], [76.86311, 29.01236], [76.85618000000001, 29.0148], [76.86488, 29.01855], [76.87238, 29.02784], [76.87582, 29.02531], [76.87758000000001, 29.01696]]]}}, {"id": "92", "type": "Feature", "properties": {"village_name": "Bagru", "vil_lgd": 59830, "district_name": "Sonipat", "dist_lgd": 75, "subdistrict_name": "Sonipat", "sdcode": 380, "block_name": "Sonipat", "block_lgd": 44.0, "gp_name": "BAGRU", "state_name": "HARYANA", "state_lgd": 6, "population": 3367, "households": 669}, "geometry": {"type": "Polygon", "coordinates": [[[76.93636000000001, 29.021420000000003], [76.93791, 29.018210000000003], [76.94330000000001, 29.01245], [76.94371000000001, 29.010360000000002], [76.94576, 29.007780000000004], [76.94643, 29.006370000000004], [76.94576, 29.00203], [76.94443000000001, 28.99789], [76.94141, 28.993830000000003], [76.93912, 28.991020000000002], [76.935, 28.988740000000004], [76.92947000000001, 28.988930000000003], [76.92542, 28.98993], [76.91671000000001, 28.99423], [76.9103, 28.995580000000004], [76.90812000000001, 28.99782], [76.90544000000001, 29.001780000000004], [76.90548000000001, 29.00325], [76.91050000000001, 29.0119], [76.91456000000001, 29.01528], [76.91978, 29.01762], [76.92800000000001, 29.02316], [76.93366, 29.02222], [76.93636000000001, 29.021420000000003]]]}}, {"id": "93", "type": "Feature", "properties": {"village_name": "Mahipur", "vil_lgd": 59838, "district_name": "Sonipat", "dist_lgd": 75, "subdistrict_name": "Sonipat", "sdcode": 380, "block_name": "Sonipat", "block_lgd": 44.0, "gp_name": "MAHIPUR", "state_name": "HARYANA", "state_lgd": 6, "population": 766, "households": 159}, "geometry": {"type": "Polygon", "coordinates": [[[76.84874, 28.98673], [76.83299000000001, 28.992910000000002], [76.82791, 28.993850000000002], [76.82860000000001, 28.998880000000003], [76.83117, 29.001220000000004], [76.83782000000001, 29.002470000000002], [76.84028, 29.005360000000003], [76.8401, 29.006460000000004], [76.83339000000001, 29.010820000000002], [76.84042000000001, 29.015420000000002], [76.84585000000001, 29.009940000000004], [76.84773000000001, 29.006610000000002], [76.85038, 28.99546], [76.85036000000001, 28.991070000000004], [76.84874, 28.98673]]]}}, {"id": "94", "type": "Feature", "properties": {"village_name": "Bhatgaon Malyan", "vil_lgd": 59839, "district_name": "Sonipat", "dist_lgd": 75, "subdistrict_name": "Sonipat", "sdcode": 380, "block_name": "Sonipat", "block_lgd": 44.0, "gp_name": "BHATGAON MALIAN", "state_name": "HARYANA", "state_lgd": 6, "population": 3594, "households": 666}, "geometry": {"type": "Polygon", "coordinates": [[[76.89718, 29.002060000000004], [76.89720000000001, 28.998020000000004], [76.90586, 28.99677], [76.90812000000001, 28.99782], [76.9103, 28.995580000000004], [76.90684, 28.99105], [76.90406, 28.990800000000004], [76.89284, 28.978320000000004], [76.89242, 28.975900000000003], [76.88725000000001, 28.976950000000002], [76.88094000000001, 28.976010000000002], [76.87907000000001, 28.974940000000004], [76.87521000000001, 28.977300000000003], [76.86918, 28.98288], [76.86563000000001, 28.984130000000004], [76.86171, 28.98748], [76.86144, 28.993280000000002], [76.86241000000001, 28.997560000000004], [76.87119000000001, 29.003410000000002], [76.87978000000001, 29.002430000000004], [76.88418, 29.0042], [76.88949000000001, 29.00474], [76.89450000000001, 29.003130000000002], [76.89718, 29.002060000000004]]]}}, {"id": "95", "type": "Feature", "properties": {"village_name": "Mahlana", "vil_lgd": 59828, "district_name": "Sonipat", "dist_lgd": 75, "subdistrict_name": "Sonipat", "sdcode": 380, "block_name": "Sonipat", "block_lgd": 44.0, "gp_name": "MAHLANA", "state_name": "HARYANA", "state_lgd": 6, "population": 4276, "households": 829}, "geometry": {"type": "Polygon", "coordinates": [[[76.96014000000001, 28.997030000000002], [76.96169, 28.998320000000003], [76.97009000000001, 28.998980000000003], [76.97505000000001, 28.99555], [76.97707000000001, 28.993100000000002], [76.97934000000001, 28.987710000000003], [76.97422, 28.986430000000002], [76.97227000000001, 28.984430000000003], [76.96277, 28.97997], [76.96038, 28.980850000000004], [76.95415000000001, 28.979100000000003], [76.95117, 28.980020000000003], [76.94573000000001, 28.97764], [76.94144, 28.977890000000002], [76.94029, 28.980390000000003], [76.93714, 28.979940000000003], [76.93582, 28.98766], [76.935, 28.988740000000004], [76.93912, 28.991020000000002], [76.94141, 28.993830000000003], [76.94443000000001, 28.99789], [76.94576, 29.00203], [76.9547, 28.99931], [76.95886, 28.997110000000003], [76.96014000000001, 28.997030000000002]]]}}, {"id": "96", "type": "Feature", "properties": {"village_name": "Hasanyarpur Tihara Kalan", "vil_lgd": 59840, "district_name": "Sonipat", "dist_lgd": 75, "subdistrict_name": "Sonipat", "sdcode": 380, "block_name": "Sonipat", "block_lgd": 44.0, "gp_name": "HASANYARPUR TIHARA KALAN", "state_name": "HARYANA", "state_lgd": 6, "population": 1491, "households": 284}, "geometry": {"type": "Polygon", "coordinates": [[[76.91926000000001, 28.974120000000003], [76.90803000000001, 28.9768], [76.89242, 28.975900000000003], [76.89284, 28.978320000000004], [76.90406, 28.990800000000004], [76.90684, 28.99105], [76.9103, 28.995580000000004], [76.91671000000001, 28.99423], [76.92542, 28.98993], [76.91926000000001, 28.974120000000003]]]}}, {"id": "97", "type": "Feature", "properties": {"village_name": "Tajpur Tihara Khurd", "vil_lgd": 59841, "district_name": "Sonipat", "dist_lgd": 75, "subdistrict_name": "Sonipat", "sdcode": 380, "block_name": "Sonipat", "block_lgd": 44.0, "gp_name": "TAJPUR TIHARA KHURD", "state_name": "HARYANA", "state_lgd": 6, "population": 1428, "households": 267}, "geometry": {"type": "Polygon", "coordinates": [[[76.935, 28.988740000000004], [76.93582, 28.98766], [76.93714, 28.979940000000003], [76.93259, 28.97537], [76.93193000000001, 28.97361], [76.92834, 28.97276], [76.92107, 28.973290000000002], [76.91926000000001, 28.974120000000003], [76.92542, 28.98993], [76.92947000000001, 28.988930000000003], [76.935, 28.988740000000004]]]}}, {"id": "98", "type": "Feature", "properties": {"village_name": "Kakroi", "vil_lgd": 59827, "district_name": "Sonipat", "dist_lgd": 75, "subdistrict_name": "Sonipat", "sdcode": 380, "block_name": "Sonipat", "block_lgd": 44.0, "gp_name": "KAKROI", "state_name": "HARYANA", "state_lgd": 6, "population": 5023, "households": 957}, "geometry": {"type": "Polygon", "coordinates": [[[76.98015000000001, 28.967080000000003], [76.97722, 28.960230000000003], [76.97251, 28.958810000000003], [76.97119, 28.95707], [76.96646000000001, 28.95587], [76.96277, 28.952330000000003], [76.95458, 28.950440000000004], [76.95247, 28.953910000000004], [76.94883, 28.956210000000002], [76.94585000000001, 28.962360000000004], [76.94286000000001, 28.964100000000002], [76.93988, 28.96957], [76.93603, 28.97256], [76.93404000000001, 28.973180000000003], [76.93193000000001, 28.97361], [76.93259, 28.97537], [76.93714, 28.979940000000003], [76.94029, 28.980390000000003], [76.94144, 28.977890000000002], [76.94573000000001, 28.97764], [76.95117, 28.980020000000003], [76.95415000000001, 28.979100000000003], [76.96038, 28.980850000000004], [76.96277, 28.97997], [76.97227000000001, 28.984430000000003], [76.97422, 28.986430000000002], [76.97934000000001, 28.987710000000003], [76.98230000000001, 28.984730000000003], [76.98651000000001, 28.982490000000002], [76.98015000000001, 28.967080000000003]]]}}, {"id": "99", "type": "Feature", "properties": {"village_name": "Bhadana", "vil_lgd": 59842, "district_name": "Sonipat", "dist_lgd": 75, "subdistrict_name": "Sonipat", "sdcode": 380, "block_name": "Sonipat", "block_lgd": 44.0, "gp_name": "BHADANA", "state_name": "HARYANA", "state_lgd": 6, "population": 3399, "households": 660}, "geometry": {"type": "Polygon", "coordinates": [[[76.93603, 28.97256], [76.93988, 28.96957], [76.94286000000001, 28.964100000000002], [76.94585000000001, 28.962360000000004], [76.94883, 28.956210000000002], [76.95247, 28.953910000000004], [76.95458, 28.950440000000004], [76.94808, 28.946530000000003], [76.94443000000001, 28.945520000000002], [76.94290000000001, 28.943880000000004], [76.94162, 28.94413], [76.93521000000001, 28.946500000000004], [76.92868, 28.94619], [76.92466, 28.95229], [76.91794, 28.958000000000002], [76.91671000000001, 28.95953], [76.91663000000001, 28.961160000000003], [76.92107, 28.973290000000002], [76.92834, 28.97276], [76.93193000000001, 28.97361], [76.93404000000001, 28.973180000000003], [76.93603, 28.97256]]]}}, {"id": "100", "type": "Feature", "properties": {"village_name": "Rohat", "vil_lgd": 59843, "district_name": "Sonipat", "dist_lgd": 75, "subdistrict_name": "Sonipat", "sdcode": 380, "block_name": "Kharkhoda", "block_lgd": 45.0, "gp_name": "ROHAT", "state_name": "HARYANA", "state_lgd": 6, "population": 4678, "households": 903}, "geometry": {"type": "Polygon", "coordinates": [[[76.99067000000001, 28.94742], [76.99017, 28.944460000000003], [76.99384, 28.94019], [76.99325, 28.9372], [76.98999, 28.933560000000003], [76.98910000000001, 28.930680000000002], [76.97996, 28.934610000000003], [76.97185, 28.936020000000003], [76.96995000000001, 28.935610000000004], [76.96076000000001, 28.92845], [76.95427000000001, 28.930310000000002], [76.95012000000001, 28.929900000000004], [76.94917000000001, 28.93476], [76.9508, 28.93756], [76.94808, 28.946530000000003], [76.95458, 28.950440000000004], [76.96277, 28.952330000000003], [76.96646000000001, 28.95587], [76.97119, 28.95707], [76.97251, 28.958810000000003], [76.97722, 28.960230000000003], [76.98530000000001, 28.951210000000003], [76.98829, 28.95088], [76.99067000000001, 28.94742]]]}}, {"id": "101", "type": "Feature", "properties": {"village_name": "Fatehpur", "vil_lgd": 59844, "district_name": "Sonipat", "dist_lgd": 75, "subdistrict_name": "Sonipat", "sdcode": 380, "block_name": "Kharkhoda", "block_lgd": 45.0, "gp_name": "FATEHPUR", "state_name": "HARYANA", "state_lgd": 6, "population": 1427, "households": 251}, "geometry": {"type": "Polygon", "coordinates": [[[76.99444000000001, 28.922], [76.99346000000001, 28.920720000000003], [76.97474000000001, 28.91476], [76.97447000000001, 28.913870000000003], [76.95975, 28.917410000000004], [76.95896, 28.917790000000004], [76.95878, 28.919340000000002], [76.9569, 28.9203], [76.95682000000001, 28.921750000000003], [76.95444, 28.9218], [76.95445000000001, 28.92256], [76.96076000000001, 28.92845], [76.96995000000001, 28.935610000000004], [76.97185, 28.936020000000003], [76.97996, 28.934610000000003], [76.98910000000001, 28.930680000000002], [76.99444000000001, 28.922]]]}}, {"id": "102", "type": "Feature", "properties": {"village_name": "Mohamdabad", "vil_lgd": 59845, "district_name": "Sonipat", "dist_lgd": 75, "subdistrict_name": "Sonipat", "sdcode": 380, "block_name": "Rai", "block_lgd": 43.0, "gp_name": "MOHAMDABAD", "state_name": "HARYANA", "state_lgd": 6, "population": 1526, "households": 283}, "geometry": {"type": "Polygon", "coordinates": [[[77.00373, 28.911700000000003], [76.99247000000001, 28.91203], [76.98773000000001, 28.908240000000003], [76.98397, 28.90687], [76.97845000000001, 28.903380000000002], [76.97522000000001, 28.911490000000004], [76.97447000000001, 28.913870000000003], [76.97474000000001, 28.91476], [76.99346000000001, 28.920720000000003], [76.99444000000001, 28.922], [76.99706, 28.920350000000003], [77.00225, 28.91439], [77.00373, 28.911700000000003]]]}}, {"id": "103", "type": "Feature", "properties": {"village_name": "Kharkhoda Bechirag", "vil_lgd": 59940, "district_name": "Sonipat", "dist_lgd": 75, "subdistrict_name": "Kharkhoda", "sdcode": 381, "block_name": "Kharkhoda", "block_lgd": 45.0, "gp_name": "", "state_name": "HARYANA", "state_lgd": 6, "population": 0, "households": 0}, "geometry": {"type": "Polygon", "coordinates": [[[76.90215, 28.909760000000002], [76.90439, 28.910950000000003], [76.91189, 28.905040000000003], [76.91708000000001, 28.90312], [76.92025000000001, 28.900710000000004], [76.92239000000001, 28.897850000000002], [76.92911000000001, 28.894140000000004], [76.93307, 28.887850000000004], [76.92799000000001, 28.882550000000002], [76.92809000000001, 28.880670000000002], [76.92742000000001, 28.88033], [76.9195, 28.884800000000002], [76.90048, 28.884960000000003], [76.9003, 28.87694], [76.89632, 28.877550000000003], [76.88698000000001, 28.882610000000003], [76.88250000000001, 28.88408], [76.88267, 28.885270000000002], [76.88182, 28.891690000000004], [76.8789, 28.89457], [76.87374000000001, 28.895550000000004], [76.86711000000001, 28.900380000000002], [76.85306, 28.907510000000002], [76.85817, 28.908230000000003], [76.86276000000001, 28.910040000000002], [76.86917000000001, 28.90848], [76.88394000000001, 28.907410000000002], [76.88550000000001, 28.907740000000004], [76.88952, 28.910870000000003], [76.89513000000001, 28.90979], [76.90215, 28.909760000000002]]]}}, {"id": "104", "type": "Feature", "properties": {"village_name": "Ziaudinpur", "vil_lgd": 59921, "district_name": "Sonipat", "dist_lgd": 75, "subdistrict_name": "Kharkhoda", "sdcode": 381, "block_name": "Kharkhoda", "block_lgd": 45.0, "gp_name": "ZIAUDINPUR", "state_name": "HARYANA", "state_lgd": 6, "population": 0, "households": 0}, "geometry": {"type": "Polygon", "coordinates": [[[76.92379000000001, 28.8991], [76.92239000000001, 28.897850000000002], [76.92025000000001, 28.900710000000004], [76.91708000000001, 28.90312], [76.91189, 28.905040000000003], [76.90439, 28.910950000000003], [76.91388, 28.91804], [76.917, 28.921250000000004], [76.92298000000001, 28.91221], [76.92309, 28.908720000000002], [76.92509000000001, 28.907000000000004], [76.92534, 28.905710000000003], [76.92482000000001, 28.902310000000003], [76.92379000000001, 28.8991]]]}}, {"id": "105", "type": "Feature", "properties": {"village_name": "Jinjholi", "vil_lgd": 59910, "district_name": "Sonipat", "dist_lgd": 75, "subdistrict_name": "Kharkhoda", "sdcode": 381, "block_name": "Rai", "block_lgd": 43.0, "gp_name": "JHINJAULI", "state_name": "HARYANA", "state_lgd": 6, "population": 2040, "households": 423}, "geometry": {"type": "Polygon", "coordinates": [[[77.02991, 28.854270000000003], [77.03063, 28.85105], [77.03003000000001, 28.84842], [77.02257, 28.839440000000003], [77.00994, 28.84063], [77.00249000000001, 28.83951], [77.00459000000001, 28.848580000000002], [77.00891, 28.8546], [77.01289000000001, 28.85762], [77.02879, 28.860160000000004], [77.03149, 28.859910000000003], [77.02991, 28.854270000000003]]]}}, {"id": "106", "type": "Feature", "properties": {"village_name": "Katlupur", "vil_lgd": 59909, "district_name": "Sonipat", "dist_lgd": 75, "subdistrict_name": "Kharkhoda", "sdcode": 381, "block_name": "Rai", "block_lgd": 43.0, "gp_name": "KATLUPUR", "state_name": "HARYANA", "state_lgd": 6, "population": 2102, "households": 372}, "geometry": {"type": "Polygon", "coordinates": [[[77.04509, 28.84624], [77.04508000000001, 28.84091], [77.04207000000001, 28.838260000000002], [77.04258, 28.83434], [77.04004, 28.831870000000002], [77.03226000000001, 28.835440000000002], [77.0271, 28.836910000000003], [77.02257, 28.839440000000003], [77.03003000000001, 28.84842], [77.03063, 28.85105], [77.02991, 28.854270000000003], [77.03149, 28.859910000000003], [77.04560000000001, 28.85525], [77.04972000000001, 28.85302], [77.04509, 28.84624]]]}}, {"id": "107", "type": "Feature", "properties": {"village_name": "Sersa", "vil_lgd": 59896, "district_name": "Sonipat", "dist_lgd": 75, "subdistrict_name": "Sonipat", "sdcode": 380, "block_name": "Rai", "block_lgd": 43.0, "gp_name": "SERSA", "state_name": "HARYANA", "state_lgd": 6, "population": 3956, "households": 774}, "geometry": {"type": "Polygon", "coordinates": [[[77.15498000000001, 28.884290000000004], [77.16189, 28.885650000000002], [77.16395, 28.883940000000003], [77.16592, 28.87947], [77.16865, 28.877430000000004], [77.17068, 28.873450000000002], [77.17332, 28.871090000000002], [77.17084000000001, 28.867860000000004], [77.16506000000001, 28.866280000000003], [77.16106, 28.86053], [77.15535000000001, 28.858120000000003], [77.15312, 28.855470000000004], [77.14988000000001, 28.856160000000003], [77.14429000000001, 28.86174], [77.14229, 28.867890000000003], [77.14323, 28.87123], [77.1426, 28.87563], [77.13811000000001, 28.88023], [77.13797000000001, 28.88171], [77.14236000000001, 28.883570000000002], [77.14564, 28.88718], [77.15111, 28.884490000000003], [77.15498000000001, 28.884290000000004]]]}}, {"id": "108", "type": "Feature", "properties": {"village_name": "Nahri", "vil_lgd": 59904, "district_name": "Sonipat", "dist_lgd": 75, "subdistrict_name": "Sonipat", "sdcode": 380, "block_name": "Rai", "block_lgd": 43.0, "gp_name": "NAHRI", "state_name": "HARYANA", "state_lgd": 6, "population": 8170, "households": 1572}, "geometry": {"type": "Polygon", "coordinates": [[[77.06095, 28.871000000000002], [77.05453, 28.863010000000003], [77.04972000000001, 28.85302], [77.04560000000001, 28.85525], [77.03149, 28.859910000000003], [77.03311000000001, 28.864150000000002], [77.03578, 28.86764], [77.03785, 28.872100000000003], [77.03821, 28.875490000000003], [77.04019000000001, 28.879620000000003], [77.04048, 28.88435], [77.05733000000001, 28.874640000000003], [77.05969, 28.87402], [77.06095, 28.871000000000002]]]}}, {"id": "109", "type": "Feature", "properties": {"village_name": "Munirpur", "vil_lgd": 59900, "district_name": "Sonipat", "dist_lgd": 75, "subdistrict_name": "Sonipat", "sdcode": 380, "block_name": "Rai", "block_lgd": 43.0, "gp_name": "MUNIRPUR", "state_name": "HARYANA", "state_lgd": 6, "population": 337, "households": 56}, "geometry": {"type": "Polygon", "coordinates": [[[77.07452, 28.86754], [77.07177, 28.868930000000002], [77.06924000000001, 28.867230000000003], [77.06095, 28.871000000000002], [77.05969, 28.87402], [77.06345, 28.880440000000004], [77.06727000000001, 28.88284], [77.07841, 28.871540000000003], [77.07452, 28.86754]]]}}, {"id": "110", "type": "Feature", "properties": {"village_name": "Halalpur", "vil_lgd": 59903, "district_name": "Sonipat", "dist_lgd": 75, "subdistrict_name": "Sonipat", "sdcode": 380, "block_name": "Rai", "block_lgd": 43.0, "gp_name": "HALALPUR", "state_name": "HARYANA", "state_lgd": 6, "population": 4650, "households": 891}, "geometry": {"type": "Polygon", "coordinates": [[[77.03149, 28.859910000000003], [77.02879, 28.860160000000004], [77.01289000000001, 28.85762], [77.00891, 28.8546], [77.00459000000001, 28.848580000000002], [77.00016000000001, 28.848570000000002], [76.99641000000001, 28.84992], [76.99116000000001, 28.85694], [76.99078, 28.858290000000004], [76.99560000000001, 28.86388], [76.99803, 28.865180000000002], [77.00108, 28.875980000000002], [77.0103, 28.87027], [77.02537000000001, 28.86812], [77.03311000000001, 28.864150000000002], [77.03149, 28.859910000000003]]]}}, {"id": "111", "type": "Feature", "properties": {"village_name": "Janti Kalan", "vil_lgd": 59893, "district_name": "Sonipat", "dist_lgd": 75, "subdistrict_name": "Sonipat", "sdcode": 380, "block_name": "Rai", "block_lgd": 43.0, "gp_name": "JANTI KALAN", "state_name": "HARYANA", "state_lgd": 6, "population": 4799, "households": 875}, "geometry": {"type": "Polygon", "coordinates": [[[77.18928000000001, 28.868150000000004], [77.19085000000001, 28.866480000000003], [77.18977000000001, 28.863170000000004], [77.18555, 28.85808], [77.17399, 28.85778], [77.17301, 28.857170000000004], [77.17195000000001, 28.849990000000002], [77.16953000000001, 28.850440000000003], [77.16735000000001, 28.849110000000003], [77.16604000000001, 28.849180000000004], [77.16510000000001, 28.84813], [77.15806, 28.853420000000003], [77.15312, 28.855470000000004], [77.15535000000001, 28.858120000000003], [77.16106, 28.86053], [77.16506000000001, 28.866280000000003], [77.17084000000001, 28.867860000000004], [77.17332, 28.871090000000002], [77.17765, 28.87038], [77.18322, 28.872120000000002], [77.19101, 28.873110000000004], [77.18958, 28.870960000000004], [77.18928000000001, 28.868150000000004]]]}}, {"id": "112", "type": "Feature", "properties": {"village_name": "Dahisara", "vil_lgd": 59894, "district_name": "Sonipat", "dist_lgd": 75, "subdistrict_name": "Sonipat", "sdcode": 380, "block_name": "Rai", "block_lgd": 43.0, "gp_name": "DAHESRA", "state_name": "HARYANA", "state_lgd": 6, "population": 2860, "households": 453}, "geometry": {"type": "Polygon", "coordinates": [[[77.20984, 28.857930000000003], [77.19769000000001, 28.859270000000002], [77.18555, 28.85808], [77.18977000000001, 28.863170000000004], [77.19085000000001, 28.866480000000003], [77.20056000000001, 28.86323], [77.2078, 28.862000000000002], [77.20984, 28.857930000000003]]]}}, {"id": "113", "type": "Feature", "properties": {"village_name": "Janti Khurd", "vil_lgd": 59895, "district_name": "Sonipat", "dist_lgd": 75, "subdistrict_name": "Sonipat", "sdcode": 380, "block_name": "Rai", "block_lgd": 43.0, "gp_name": "JANTI KHURD", "state_name": "HARYANA", "state_lgd": 6, "population": 597, "households": 125}, "geometry": {"type": "Polygon", "coordinates": [[[77.15806, 28.853420000000003], [77.16510000000001, 28.84813], [77.15931, 28.84091], [77.15687000000001, 28.839080000000003], [77.1577, 28.83677], [77.14241000000001, 28.83894], [77.14169000000001, 28.842660000000002], [77.14199, 28.84701], [77.14533, 28.85281], [77.14498, 28.85413], [77.14196000000001, 28.856370000000002], [77.14253000000001, 28.859640000000002], [77.14183000000001, 28.85985], [77.14429000000001, 28.86174], [77.14988000000001, 28.856160000000003], [77.15312, 28.855470000000004], [77.15806, 28.853420000000003]]]}}, {"id": "114", "type": "Feature", "properties": {"village_name": "Kharkhoda", "vil_lgd": 800390, "district_name": "Sonipat", "dist_lgd": 75, "subdistrict_name": "Kharkhoda", "sdcode": 381, "block_name": "", "block_lgd": null, "gp_name": "", "state_name": "HARYANA", "state_lgd": 6, "population": 25051, "households": 4651}, "geometry": {"type": "Polygon", "coordinates": [[[76.92021000000001, 28.873150000000003], [76.91486, 28.873770000000004], [76.91079, 28.875200000000003], [76.90708000000001, 28.874630000000003], [76.9003, 28.87694], [76.90048, 28.884960000000003], [76.9195, 28.884800000000002], [76.92742000000001, 28.88033], [76.92021000000001, 28.873150000000003]]]}}, {"id": "115", "type": "Feature", "properties": {"village_name": "Kundli CT", "vil_lgd": 59908, "district_name": "Sonipat", "dist_lgd": 75, "subdistrict_name": "Sonipat", "sdcode": 380, "block_name": "", "block_lgd": null, "gp_name": "", "state_name": "HARYANA", "state_lgd": 6, "population": 21633, "households": 5001}, "geometry": {"type": "Polygon", "coordinates": [[[77.1426, 28.87563], [77.14323, 28.87123], [77.14229, 28.867890000000003], [77.14429000000001, 28.86174], [77.14183000000001, 28.85985], [77.1409, 28.860210000000002], [77.14, 28.86221], [77.13228000000001, 28.863350000000004], [77.13009000000001, 28.86147], [77.1256, 28.859970000000004], [77.12488, 28.85771], [77.12121, 28.858290000000004], [77.12077000000001, 28.860000000000003], [77.11639000000001, 28.863290000000003], [77.11572000000001, 28.864900000000002], [77.11245000000001, 28.866580000000003], [77.10971, 28.8701], [77.11134000000001, 28.87815], [77.11746000000001, 28.88566], [77.13056, 28.88303], [77.13811000000001, 28.88023], [77.1426, 28.87563]]]}}, {"id": "116", "type": "Feature", "properties": {"village_name": "Nasirpur Khadar", "vil_lgd": 59803, "district_name": "Sonipat", "dist_lgd": 75, "subdistrict_name": "Sonipat", "sdcode": 380, "block_name": "Sonipat", "block_lgd": 44.0, "gp_name": "NASIRPUR KHADAR", "state_name": "HARYANA", "state_lgd": 6, "population": 16, "households": 3}, "geometry": {"type": "Polygon", "coordinates": [[[77.12100000000001, 29.059250000000002], [77.12139, 29.05572], [77.12051000000001, 29.04895], [77.10925, 29.052080000000004], [77.10526, 29.05439], [77.10263, 29.05901], [77.10799, 29.059520000000003], [77.10992, 29.06145], [77.11973, 29.060650000000003], [77.12100000000001, 29.059250000000002]]]}}, {"id": "117", "type": "Feature", "properties": {"village_name": "Bhighan", "vil_lgd": 59755, "district_name": "Sonipat", "dist_lgd": 75, "subdistrict_name": "Ganaur", "sdcode": 379, "block_name": "Ganaur", "block_lgd": 42.0, "gp_name": "BHAGAN", "state_name": "HARYANA", "state_lgd": 6, "population": 4802, "households": 988}, "geometry": {"type": "Polygon", "coordinates": [[[77.06387000000001, 29.067890000000002], [77.0648, 29.06472], [77.06638000000001, 29.06293], [77.06587, 29.059770000000004], [77.06116, 29.055730000000004], [77.05363000000001, 29.05599], [77.05158, 29.05552], [77.05260000000001, 29.052870000000002], [77.0518, 29.052490000000002], [77.04949, 29.052860000000003], [77.04684, 29.055390000000003], [77.04382000000001, 29.05563], [77.03874, 29.0542], [77.03145, 29.055100000000003], [77.02538000000001, 29.05908], [77.0258, 29.060380000000002], [77.02860000000001, 29.063520000000004], [77.03093000000001, 29.06828], [77.0339, 29.07064], [77.03349, 29.073300000000003], [77.03453, 29.075590000000002], [77.03375000000001, 29.07956], [77.04176000000001, 29.078460000000003], [77.06464000000001, 29.070380000000004], [77.06387000000001, 29.067890000000002]]]}}, {"id": "118", "type": "Feature", "properties": {"village_name": "Bhuri", "vil_lgd": 59751, "district_name": "Sonipat", "dist_lgd": 75, "subdistrict_name": "Ganaur", "sdcode": 379, "block_name": "Ganaur", "block_lgd": 42.0, "gp_name": "BHURI", "state_name": "HARYANA", "state_lgd": 6, "population": 1894, "households": 362}, "geometry": {"type": "Polygon", "coordinates": [[[77.01116, 29.067480000000003], [77.01742, 29.067300000000003], [77.0258, 29.060380000000002], [77.02538000000001, 29.05908], [77.02388, 29.060370000000002], [77.01784, 29.06246], [77.01377000000001, 29.06192], [77.00804000000001, 29.054270000000002], [77.00104, 29.05956], [76.99503, 29.062920000000002], [76.99353, 29.064740000000004], [76.99465000000001, 29.070100000000004], [76.99799, 29.072090000000003], [77.0047, 29.070980000000002], [77.00980000000001, 29.068150000000003], [77.01116, 29.067480000000003]]]}}, {"id": "119", "type": "Feature", "properties": {"village_name": "Pipli Khera", "vil_lgd": 59757, "district_name": "Sonipat", "dist_lgd": 75, "subdistrict_name": "Ganaur", "sdcode": 379, "block_name": "Ganaur", "block_lgd": 42.0, "gp_name": "PIPLI KHERA", "state_name": "HARYANA", "state_lgd": 6, "population": 3288, "households": 632}, "geometry": {"type": "Polygon", "coordinates": [[[77.0763, 29.083720000000003], [77.07452, 29.081360000000004], [77.07079, 29.08263], [77.06667, 29.082510000000003], [77.06629000000001, 29.081580000000002], [77.06252, 29.083330000000004], [77.05565, 29.08819], [77.05578000000001, 29.094450000000002], [77.05445, 29.096370000000004], [77.05582000000001, 29.098560000000003], [77.06448, 29.10122], [77.06816, 29.097680000000004], [77.06983000000001, 29.093650000000004], [77.07259, 29.091050000000003], [77.07344, 29.089090000000002], [77.07678, 29.08622], [77.0763, 29.083720000000003]]]}}, {"id": "120", "type": "Feature", "properties": {"village_name": "Ramnagar", "vil_lgd": 59759, "district_name": "Sonipat", "dist_lgd": 75, "subdistrict_name": "Ganaur", "sdcode": 379, "block_name": "Ganaur", "block_lgd": 42.0, "gp_name": "RAMNAGAR", "state_name": "HARYANA", "state_lgd": 6, "population": 2874, "households": 508}, "geometry": {"type": "Polygon", "coordinates": [[[77.10197000000001, 29.096000000000004], [77.10356, 29.089150000000004], [77.10446, 29.086350000000003], [77.10379, 29.079710000000002], [77.09896, 29.080910000000003], [77.09236, 29.079720000000002], [77.08593, 29.076020000000003], [77.08353000000001, 29.075540000000004], [77.07651000000001, 29.08068], [77.07452, 29.081360000000004], [77.0763, 29.083720000000003], [77.07678, 29.08622], [77.08420000000001, 29.08922], [77.08735, 29.09307], [77.08862, 29.097970000000004], [77.09749000000001, 29.097990000000003], [77.10197000000001, 29.096000000000004]]]}}, {"id": "121", "type": "Feature", "properties": {"village_name": "Gyaspur", "vil_lgd": 59762, "district_name": "Sonipat", "dist_lgd": 75, "subdistrict_name": "Ganaur", "sdcode": 379, "block_name": "Ganaur", "block_lgd": 42.0, "gp_name": "GIASPUR", "state_name": "HARYANA", "state_lgd": 6, "population": 1315, "households": 246}, "geometry": {"type": "Polygon", "coordinates": [[[77.13977000000001, 29.087790000000002], [77.13250000000001, 29.087780000000002], [77.12441000000001, 29.084660000000003], [77.12191, 29.082390000000004], [77.11655, 29.08218], [77.11394, 29.078380000000003], [77.11272000000001, 29.0771], [77.10991, 29.07747], [77.10379, 29.079710000000002], [77.10446, 29.086350000000003], [77.10356, 29.089150000000004], [77.11107000000001, 29.089830000000003], [77.11816, 29.096140000000002], [77.12023, 29.096490000000003], [77.13496, 29.094020000000004], [77.13977000000001, 29.087790000000002]]]}}, {"id": "122", "type": "Feature", "properties": {"village_name": "Lalheri", "vil_lgd": 59754, "district_name": "Sonipat", "dist_lgd": 75, "subdistrict_name": "Ganaur", "sdcode": 379, "block_name": "Ganaur", "block_lgd": 42.0, "gp_name": "LALHERI", "state_name": "HARYANA", "state_lgd": 6, "population": 2843, "households": 561}, "geometry": {"type": "Polygon", "coordinates": [[[77.03341, 29.095900000000004], [77.03758, 29.090170000000004], [77.03506, 29.088310000000003], [77.03342, 29.08425], [77.03375000000001, 29.07956], [77.02301, 29.082240000000002], [77.01923000000001, 29.08432], [77.0137, 29.096950000000003], [77.01843000000001, 29.09767], [77.02759, 29.097410000000004], [77.03341, 29.095900000000004]]]}}, {"id": "123", "type": "Feature", "properties": {"village_name": "Rajlu", "vil_lgd": 59753, "district_name": "Sonipat", "dist_lgd": 75, "subdistrict_name": "Ganaur", "sdcode": 379, "block_name": "Ganaur", "block_lgd": 42.0, "gp_name": "RAJLU", "state_name": "HARYANA", "state_lgd": 6, "population": 1821, "households": 330}, "geometry": {"type": "Polygon", "coordinates": [[[77.0137, 29.096950000000003], [77.01923000000001, 29.08432], [77.01350000000001, 29.08087], [77.01493, 29.077080000000002], [77.01511, 29.074150000000003], [77.01416, 29.072940000000003], [77.0116, 29.07232], [77.00402000000001, 29.07579], [77.00391, 29.077], [76.99953000000001, 29.081640000000004], [76.99905000000001, 29.08424], [77.004, 29.089560000000002], [77.00844000000001, 29.096290000000003], [77.01014, 29.0969], [77.0137, 29.096950000000003]]]}}, {"id": "124", "type": "Feature", "properties": {"village_name": "Rasulpur", "vil_lgd": 59763, "district_name": "Sonipat", "dist_lgd": 75, "subdistrict_name": "Ganaur", "sdcode": 379, "block_name": "Ganaur", "block_lgd": 42.0, "gp_name": "RASULPUR", "state_name": "HARYANA", "state_lgd": 6, "population": 888, "households": 149}, "geometry": {"type": "Polygon", "coordinates": [[[77.14345, 29.082700000000003], [77.14675000000001, 29.08059], [77.15289, 29.079590000000003], [77.14631, 29.078300000000002], [77.13845, 29.079010000000004], [77.12191, 29.082390000000004], [77.12441000000001, 29.084660000000003], [77.13250000000001, 29.087780000000002], [77.13977000000001, 29.087790000000002], [77.14345, 29.082700000000003]]]}}, {"id": "125", "type": "Feature", "properties": {"village_name": "Larsauli", "vil_lgd": 59756, "district_name": "Sonipat", "dist_lgd": 75, "subdistrict_name": "Ganaur", "sdcode": 379, "block_name": "Ganaur", "block_lgd": 42.0, "gp_name": "LARSOLI", "state_name": "HARYANA", "state_lgd": 6, "population": 2519, "households": 495}, "geometry": {"type": "Polygon", "coordinates": [[[77.06252, 29.083330000000004], [77.06629000000001, 29.081580000000002], [77.06569, 29.07871], [77.06727000000001, 29.076520000000002], [77.06724000000001, 29.073010000000004], [77.06464000000001, 29.070380000000004], [77.04176000000001, 29.078460000000003], [77.03375000000001, 29.07956], [77.03342, 29.08425], [77.03506, 29.088310000000003], [77.03758, 29.090170000000004], [77.04229000000001, 29.091150000000003], [77.05031000000001, 29.090940000000003], [77.05185, 29.090760000000003], [77.05565, 29.08819], [77.06252, 29.083330000000004]]]}}, {"id": "126", "type": "Feature", "properties": {"village_name": "Rajpur", "vil_lgd": 59752, "district_name": "Sonipat", "dist_lgd": 75, "subdistrict_name": "Ganaur", "sdcode": 379, "block_name": "Ganaur", "block_lgd": 42.0, "gp_name": "RAJPUR", "state_name": "HARYANA", "state_lgd": 6, "population": 4067, "households": 757}, "geometry": {"type": "Polygon", "coordinates": [[[77.03453, 29.075590000000002], [77.03349, 29.073300000000003], [77.0339, 29.07064], [77.03093000000001, 29.06828], [77.02860000000001, 29.063520000000004], [77.0258, 29.060380000000002], [77.01742, 29.067300000000003], [77.01116, 29.067480000000003], [77.00980000000001, 29.068150000000003], [77.0047, 29.070980000000002], [76.99799, 29.072090000000003], [77.00402000000001, 29.07579], [77.0116, 29.07232], [77.01416, 29.072940000000003], [77.01511, 29.074150000000003], [77.01493, 29.077080000000002], [77.01350000000001, 29.08087], [77.01923000000001, 29.08432], [77.02301, 29.082240000000002], [77.03375000000001, 29.07956], [77.03453, 29.075590000000002]]]}}, {"id": "127", "type": "Feature", "properties": {"village_name": "Mandaura", "vil_lgd": 59913, "district_name": "Sonipat", "dist_lgd": 75, "subdistrict_name": "Kharkhoda", "sdcode": 381, "block_name": "Kharkhoda", "block_lgd": 45.0, "gp_name": "MANDAURA", "state_name": "HARYANA", "state_lgd": 6, "population": 3702, "households": 685}, "geometry": {"type": "Polygon", "coordinates": [[[77.01580000000001, 28.90209], [77.02279, 28.90313], [77.02585, 28.90274], [77.02281, 28.90087], [77.01805, 28.899770000000004], [77.01593000000001, 28.89786], [77.01558, 28.89308], [77.01302000000001, 28.887280000000004], [77.00185, 28.879710000000003], [76.98261000000001, 28.882240000000003], [76.98347000000001, 28.885150000000003], [76.98315000000001, 28.890030000000003], [76.98410000000001, 28.896420000000003], [76.99165, 28.90021], [76.99797000000001, 28.900270000000003], [77.00812, 28.905580000000004], [77.01032000000001, 28.904380000000003], [77.01580000000001, 28.90209]]]}}, {"id": "128", "type": "Feature", "properties": {"village_name": "Mimarpur", "vil_lgd": 59764, "district_name": "Sonipat", "dist_lgd": 75, "subdistrict_name": "Sonipat", "sdcode": 380, "block_name": "Ganaur", "block_lgd": 42.0, "gp_name": "MEMARPUR", "state_name": "HARYANA", "state_lgd": 6, "population": 2568, "households": 389}, "geometry": {"type": "Polygon", "coordinates": [[[77.13845, 29.079010000000004], [77.14631, 29.078300000000002], [77.15289, 29.079590000000003], [77.15669000000001, 29.07927], [77.16225, 29.08095], [77.16376000000001, 29.079470000000004], [77.16590000000001, 29.071990000000003], [77.16640000000001, 29.063200000000002], [77.16090000000001, 29.061180000000004], [77.14694, 29.06002], [77.14484, 29.060610000000004], [77.13979, 29.063010000000002], [77.1327, 29.064210000000003], [77.12884000000001, 29.06443], [77.11753, 29.068700000000003], [77.11869, 29.071220000000004], [77.11475, 29.074630000000003], [77.11469000000001, 29.077350000000003], [77.11394, 29.078380000000003], [77.11655, 29.08218], [77.12191, 29.082390000000004], [77.13845, 29.079010000000004]]]}}, {"id": "129", "type": "Feature", "properties": {"village_name": "Dhaturi", "vil_lgd": 59765, "district_name": "Sonipat", "dist_lgd": 75, "subdistrict_name": "Sonipat", "sdcode": 380, "block_name": "Ganaur", "block_lgd": 42.0, "gp_name": "DHATAURI", "state_name": "HARYANA", "state_lgd": 6, "population": 1387, "households": 223}, "geometry": {"type": "Polygon", "coordinates": [[[77.07651000000001, 29.08068], [77.08353000000001, 29.075540000000004], [77.08593, 29.076020000000003], [77.08534, 29.070310000000003], [77.08789, 29.067970000000003], [77.08788000000001, 29.062600000000003], [77.08716000000001, 29.063000000000002], [77.07851000000001, 29.05711], [77.07451, 29.056520000000003], [77.07123, 29.057170000000003], [77.06587, 29.059770000000004], [77.06638000000001, 29.06293], [77.0648, 29.06472], [77.06387000000001, 29.067890000000002], [77.06464000000001, 29.070380000000004], [77.06724000000001, 29.073010000000004], [77.06727000000001, 29.076520000000002], [77.06569, 29.07871], [77.06629000000001, 29.081580000000002], [77.06667, 29.082510000000003], [77.07079, 29.08263], [77.07452, 29.081360000000004], [77.07651000000001, 29.08068]]]}}, {"id": "130", "type": "Feature", "properties": {"village_name": "Malikpur", "vil_lgd": 59802, "district_name": "Sonipat", "dist_lgd": 75, "subdistrict_name": "Sonipat", "sdcode": 380, "block_name": "Sonipat", "block_lgd": 44.0, "gp_name": "MALAKPUR", "state_name": "HARYANA", "state_lgd": 6, "population": 5356, "households": 891}, "geometry": {"type": "Polygon", "coordinates": [[[77.11272000000001, 29.0771], [77.11394, 29.078380000000003], [77.11469000000001, 29.077350000000003], [77.11475, 29.074630000000003], [77.11869, 29.071220000000004], [77.11753, 29.068700000000003], [77.10992, 29.06145], [77.10799, 29.059520000000003], [77.10263, 29.05901], [77.09105000000001, 29.059880000000003], [77.08932, 29.06068], [77.08903000000001, 29.061960000000003], [77.08788000000001, 29.062600000000003], [77.08789, 29.067970000000003], [77.08534, 29.070310000000003], [77.08593, 29.076020000000003], [77.09236, 29.079720000000002], [77.09896, 29.080910000000003], [77.10379, 29.079710000000002], [77.10991, 29.07747], [77.11272000000001, 29.0771]]]}}, {"id": "131", "type": "Feature", "properties": {"village_name": "Tikola", "vil_lgd": 59805, "district_name": "Sonipat", "dist_lgd": 75, "subdistrict_name": "Sonipat", "sdcode": 380, "block_name": "Sonipat", "block_lgd": 44.0, "gp_name": "TIKOLA", "state_name": "HARYANA", "state_lgd": 6, "population": 2671, "households": 471}, "geometry": {"type": "Polygon", "coordinates": [[[77.14694, 29.06002], [77.16090000000001, 29.061180000000004], [77.16640000000001, 29.063200000000002], [77.16861, 29.052860000000003], [77.15397, 29.052950000000003], [77.14621000000001, 29.051840000000002], [77.14006, 29.054850000000002], [77.13250000000001, 29.05542], [77.1327, 29.064210000000003], [77.13979, 29.063010000000002], [77.14484, 29.060610000000004], [77.14694, 29.06002]]]}}, {"id": "132", "type": "Feature", "properties": {"village_name": "Tajpur", "vil_lgd": 59804, "district_name": "Sonipat", "dist_lgd": 75, "subdistrict_name": "Sonipat", "sdcode": 380, "block_name": "Sonipat", "block_lgd": 44.0, "gp_name": "TAJOUR", "state_name": "HARYANA", "state_lgd": 6, "population": 2399, "households": 454}, "geometry": {"type": "Polygon", "coordinates": [[[77.12832, 29.05497], [77.12139, 29.05572], [77.12100000000001, 29.059250000000002], [77.11973, 29.060650000000003], [77.10992, 29.06145], [77.11753, 29.068700000000003], [77.12884000000001, 29.06443], [77.1327, 29.064210000000003], [77.13250000000001, 29.05542], [77.12832, 29.05497]]]}}, {"id": "133", "type": "Feature", "properties": {"village_name": "Murthal", "vil_lgd": 59801, "district_name": "Sonipat", "dist_lgd": 75, "subdistrict_name": "Sonipat", "sdcode": 380, "block_name": "Sonipat", "block_lgd": 44.0, "gp_name": "MORTHAL KHAS", "state_name": "HARYANA", "state_lgd": 6, "population": 16722, "households": 3274}, "geometry": {"type": "Polygon", "coordinates": [[[77.08903000000001, 29.061960000000003], [77.08932, 29.06068], [77.09105000000001, 29.059880000000003], [77.10263, 29.05901], [77.10526, 29.05439], [77.10925, 29.052080000000004], [77.12051000000001, 29.04895], [77.12041, 29.04501], [77.116, 29.0393], [77.11536000000001, 29.036960000000004], [77.11868000000001, 29.034370000000003], [77.11887, 29.03179], [77.11891, 29.030220000000003], [77.12064000000001, 29.027330000000003], [77.12447, 29.023960000000002], [77.11873, 29.018430000000002], [77.11723, 29.013140000000003], [77.10886, 29.008210000000002], [77.09956000000001, 29.008960000000002], [77.09243000000001, 29.008020000000002], [77.09096000000001, 29.01151], [77.08931000000001, 29.0131], [77.08308000000001, 29.01517], [77.08216, 29.01713], [77.07579000000001, 29.020020000000002], [77.07395000000001, 29.02006], [77.07234000000001, 29.018610000000002], [77.07229000000001, 29.016220000000004], [77.07337000000001, 29.013620000000003], [77.07295, 29.01048], [77.06752, 29.0086], [77.06233, 29.011120000000002], [77.05359, 29.013600000000004], [77.05380000000001, 29.017960000000002], [77.05175000000001, 29.023080000000004], [77.05056, 29.025520000000004], [77.04690000000001, 29.02747], [77.04333000000001, 29.03018], [77.04421, 29.031090000000003], [77.05334, 29.030620000000003], [77.05695, 29.034340000000004], [77.06083000000001, 29.03677], [77.06524, 29.042070000000002], [77.08005, 29.039720000000003], [77.08223000000001, 29.041200000000003], [77.08511, 29.051740000000002], [77.08239, 29.055360000000004], [77.07851000000001, 29.05711], [77.08716000000001, 29.063000000000002], [77.08788000000001, 29.062600000000003], [77.08903000000001, 29.061960000000003]]]}}, {"id": "134", "type": "Feature", "properties": {"village_name": "Kami", "vil_lgd": 59768, "district_name": "Sonipat", "dist_lgd": 75, "subdistrict_name": "Sonipat", "sdcode": 380, "block_name": "Ganaur", "block_lgd": 42.0, "gp_name": "KAMI", "state_name": "HARYANA", "state_lgd": 6, "population": 3180, "households": 604}, "geometry": {"type": "Polygon", "coordinates": [[[77.03145, 29.055100000000003], [77.03874, 29.0542], [77.03498, 29.047980000000003], [77.03397000000001, 29.04249], [77.03155000000001, 29.04257], [77.02480000000001, 29.04052], [77.02156000000001, 29.038390000000003], [77.01580000000001, 29.037540000000003], [77.01054, 29.039810000000003], [77.01076, 29.040650000000003], [77.01115, 29.048830000000002], [77.00598000000001, 29.051540000000003], [77.00804000000001, 29.054270000000002], [77.01377000000001, 29.06192], [77.01784, 29.06246], [77.02388, 29.060370000000002], [77.02538000000001, 29.05908], [77.03145, 29.055100000000003]]]}}, {"id": "135", "type": "Feature", "properties": {"village_name": "Zainpur", "vil_lgd": 59806, "district_name": "Sonipat", "dist_lgd": 75, "subdistrict_name": "Sonipat", "sdcode": 380, "block_name": "Sonipat", "block_lgd": 44.0, "gp_name": "ZAINPUR", "state_name": "HARYANA", "state_lgd": 6, "population": 3613, "households": 638}, "geometry": {"type": "Polygon", "coordinates": [[[77.13250000000001, 29.05542], [77.14006, 29.054850000000002], [77.14621000000001, 29.051840000000002], [77.15397, 29.052950000000003], [77.16861, 29.052860000000003], [77.17212, 29.046540000000004], [77.17087000000001, 29.041760000000004], [77.1691, 29.038940000000004], [77.14202, 29.042540000000002], [77.13721000000001, 29.04238], [77.13310000000001, 29.04362], [77.12051000000001, 29.04895], [77.12139, 29.05572], [77.12832, 29.05497], [77.13250000000001, 29.05542]]]}}, {"id": "136", "type": "Feature", "properties": {"village_name": "Hassanpur", "vil_lgd": 59766, "district_name": "Sonipat", "dist_lgd": 75, "subdistrict_name": "Sonipat", "sdcode": 380, "block_name": "Ganaur", "block_lgd": 42.0, "gp_name": "HASSANPUR", "state_name": "HARYANA", "state_lgd": 6, "population": 2222, "households": 448}, "geometry": {"type": "Polygon", "coordinates": [[[77.07851000000001, 29.05711], [77.08239, 29.055360000000004], [77.08511, 29.051740000000002], [77.08223000000001, 29.041200000000003], [77.08005, 29.039720000000003], [77.06524, 29.042070000000002], [77.06424000000001, 29.04737], [77.06155000000001, 29.0528], [77.06116, 29.055730000000004], [77.06587, 29.059770000000004], [77.07123, 29.057170000000003], [77.07451, 29.056520000000003], [77.07851000000001, 29.05711]]]}}, {"id": "137", "type": "Feature", "properties": {"village_name": "Kurar Ibrahimpur", "vil_lgd": 59767, "district_name": "Sonipat", "dist_lgd": 75, "subdistrict_name": "Sonipat", "sdcode": 380, "block_name": "Ganaur", "block_lgd": 42.0, "gp_name": "KARAR IBRAHIMPUR", "state_name": "HARYANA", "state_lgd": 6, "population": 4020, "households": 746}, "geometry": {"type": "Polygon", "coordinates": [[[77.06116, 29.055730000000004], [77.06155000000001, 29.0528], [77.06424000000001, 29.04737], [77.06524, 29.042070000000002], [77.06083000000001, 29.03677], [77.05695, 29.034340000000004], [77.05334, 29.030620000000003], [77.04421, 29.031090000000003], [77.04069000000001, 29.034660000000002], [77.03617000000001, 29.04173], [77.03397000000001, 29.04249], [77.03498, 29.047980000000003], [77.03874, 29.0542], [77.04382000000001, 29.05563], [77.04684, 29.055390000000003], [77.04949, 29.052860000000003], [77.0518, 29.052490000000002], [77.05260000000001, 29.052870000000002], [77.05158, 29.05552], [77.05363000000001, 29.05599], [77.06116, 29.055730000000004]]]}}, {"id": "138", "type": "Feature", "properties": {"village_name": "Tharia", "vil_lgd": 59769, "district_name": "Sonipat", "dist_lgd": 75, "subdistrict_name": "Sonipat", "sdcode": 380, "block_name": "Sonipat", "block_lgd": 44.0, "gp_name": "THARIA", "state_name": "HARYANA", "state_lgd": 6, "population": 1711, "households": 274}, "geometry": {"type": "Polygon", "coordinates": [[[77.00222000000001, 29.05054], [77.00598000000001, 29.051540000000003], [77.01115, 29.048830000000002], [77.01076, 29.040650000000003], [77.00454, 29.040260000000004], [76.99773, 29.037160000000004], [76.99564000000001, 29.036520000000003], [76.99469, 29.037010000000002], [76.99012, 29.041750000000004], [76.98871000000001, 29.045920000000002], [76.98698, 29.048250000000003], [76.98750000000001, 29.05279], [76.99728, 29.051610000000004], [77.00222000000001, 29.05054]]]}}, {"id": "139", "type": "Feature", "properties": {"village_name": "Bakhtawarpur", "vil_lgd": 59807, "district_name": "Sonipat", "dist_lgd": 75, "subdistrict_name": "Sonipat", "sdcode": 380, "block_name": "Sonipat", "block_lgd": 44.0, "gp_name": "BAKHTAWARPUR", "state_name": "HARYANA", "state_lgd": 6, "population": 1474, "households": 295}, "geometry": {"type": "Polygon", "coordinates": [[[77.13721000000001, 29.04238], [77.14202, 29.042540000000002], [77.1691, 29.038940000000004], [77.16689000000001, 29.03741], [77.16253, 29.036330000000003], [77.14553000000001, 29.037080000000003], [77.13365, 29.039050000000003], [77.12566000000001, 29.037570000000002], [77.11868000000001, 29.034370000000003], [77.11536000000001, 29.036960000000004], [77.116, 29.0393], [77.12041, 29.04501], [77.12051000000001, 29.04895], [77.13310000000001, 29.04362], [77.13721000000001, 29.04238]]]}}, {"id": "140", "type": "Feature", "properties": {"village_name": "Nisf Garhi Bakhtawarpur", "vil_lgd": 59808, "district_name": "Sonipat", "dist_lgd": 75, "subdistrict_name": "Sonipat", "sdcode": 380, "block_name": "Sonipat", "block_lgd": 44.0, "gp_name": "NISF GARHI BAKHTAWARPUR", "state_name": "HARYANA", "state_lgd": 6, "population": 641, "households": 113}, "geometry": {"type": "Polygon", "coordinates": [[[77.16253, 29.036330000000003], [77.16689000000001, 29.03741], [77.16669, 29.034390000000002], [77.16770000000001, 29.033220000000004], [77.16512, 29.03423], [77.15222, 29.03272], [77.14382, 29.03477], [77.13985000000001, 29.035980000000002], [77.13456000000001, 29.035660000000004], [77.11887, 29.03179], [77.11868000000001, 29.034370000000003], [77.12566000000001, 29.037570000000002], [77.13365, 29.039050000000003], [77.14553000000001, 29.037080000000003], [77.16253, 29.036330000000003]]]}}, {"id": "141", "type": "Feature", "properties": {"village_name": "Jahari Part", "vil_lgd": 59798, "district_name": "Sonipat", "dist_lgd": 75, "subdistrict_name": "Sonipat", "sdcode": 380, "block_name": "Sonipat", "block_lgd": 44.0, "gp_name": "JAWAHRI", "state_name": "HARYANA", "state_lgd": 6, "population": 3254, "households": 648}, "geometry": {"type": "Polygon", "coordinates": [[[77.02156000000001, 29.038390000000003], [77.02301, 29.027200000000004], [77.01463000000001, 29.02436], [77.01408, 29.026850000000003], [77.01348, 29.02877], [77.01005, 29.029100000000003], [77.00713, 29.027980000000003], [77.00703, 29.023020000000002], [77.00532000000001, 29.0206], [76.99622000000001, 29.01761], [76.98739, 29.017020000000002], [76.98869, 29.02108], [76.98862000000001, 29.02379], [76.98725, 29.02625], [76.9821, 29.02858], [76.99469, 29.037010000000002], [76.99564000000001, 29.036520000000003], [76.99773, 29.037160000000004], [77.00454, 29.040260000000004], [77.01076, 29.040650000000003], [77.01054, 29.039810000000003], [77.01580000000001, 29.037540000000003], [77.02156000000001, 29.038390000000003]]]}}, {"id": "142", "type": "Feature", "properties": {"village_name": "Mahandipur", "vil_lgd": 59809, "district_name": "Sonipat", "dist_lgd": 75, "subdistrict_name": "Sonipat", "sdcode": 380, "block_name": "Sonipat", "block_lgd": 44.0, "gp_name": "MEHNDIPUR", "state_name": "HARYANA", "state_lgd": 6, "population": 2533, "households": 452}, "geometry": {"type": "Polygon", "coordinates": [[[77.15222, 29.03272], [77.16512, 29.03423], [77.16770000000001, 29.033220000000004], [77.17706000000001, 29.030120000000004], [77.1581, 29.026480000000003], [77.14256, 29.027580000000004], [77.13786, 29.025910000000003], [77.13455, 29.022460000000002], [77.12817000000001, 29.024390000000004], [77.12447, 29.023960000000002], [77.12064000000001, 29.027330000000003], [77.11891, 29.030220000000003], [77.11887, 29.03179], [77.13456000000001, 29.035660000000004], [77.13985000000001, 29.035980000000002], [77.14382, 29.03477], [77.15222, 29.03272]]]}}, {"id": "143", "type": "Feature", "properties": {"village_name": "Machhraula", "vil_lgd": 59810, "district_name": "Sonipat", "dist_lgd": 75, "subdistrict_name": "Sonipat", "sdcode": 380, "block_name": "Sonipat", "block_lgd": 44.0, "gp_name": "MACHHRAULA", "state_name": "HARYANA", "state_lgd": 6, "population": 893, "households": 171}, "geometry": {"type": "Polygon", "coordinates": [[[77.18789000000001, 29.029940000000003], [77.18844, 29.02879], [77.17779, 29.02324], [77.16604000000001, 29.024200000000004], [77.16046, 29.021620000000002], [77.15389, 29.021720000000002], [77.14944000000001, 29.02042], [77.14524, 29.020290000000003], [77.13455, 29.022460000000002], [77.13786, 29.025910000000003], [77.14256, 29.027580000000004], [77.1581, 29.026480000000003], [77.17706000000001, 29.030120000000004], [77.17906, 29.029740000000004], [77.18286, 29.031620000000004], [77.18468, 29.031640000000003], [77.18789000000001, 29.029940000000003]]]}}, {"id": "144", "type": "Feature", "properties": {"village_name": "Asadpur", "vil_lgd": 59811, "district_name": "Sonipat", "dist_lgd": 75, "subdistrict_name": "Sonipat", "sdcode": 380, "block_name": "Sonipat", "block_lgd": 44.0, "gp_name": "ASADPUR", "state_name": "HARYANA", "state_lgd": 6, "population": 2695, "households": 489}, "geometry": {"type": "Polygon", "coordinates": [[[77.17872000000001, 29.021680000000003], [77.17097000000001, 29.016000000000002], [77.16709, 29.014750000000003], [77.16475000000001, 29.014400000000002], [77.14838, 29.016550000000002], [77.13581, 29.0133], [77.13309000000001, 29.0117], [77.12663, 29.01028], [77.12309, 29.01049], [77.13455, 29.022460000000002], [77.14524, 29.020290000000003], [77.14944000000001, 29.02042], [77.15389, 29.021720000000002], [77.16046, 29.021620000000002], [77.16604000000001, 29.024200000000004], [77.17779, 29.02324], [77.18844, 29.02879], [77.18928000000001, 29.02663], [77.17872000000001, 29.021680000000003]]]}}, {"id": "145", "type": "Feature", "properties": {"village_name": "Devru", "vil_lgd": 59800, "district_name": "Sonipat", "dist_lgd": 75, "subdistrict_name": "Sonipat", "sdcode": 380, "block_name": "Sonipat", "block_lgd": 44.0, "gp_name": "DEWARHU", "state_name": "HARYANA", "state_lgd": 6, "population": 3055, "households": 573}, "geometry": {"type": "Polygon", "coordinates": [[[77.05056, 29.025520000000004], [77.05175000000001, 29.023080000000004], [77.05380000000001, 29.017960000000002], [77.05359, 29.013600000000004], [77.04978000000001, 29.00991], [77.04654000000001, 29.008550000000003], [77.04258, 29.01133], [77.0336, 29.021400000000003], [77.02559000000001, 29.025100000000002], [77.02301, 29.027200000000004], [77.02994000000001, 29.029400000000003], [77.03355, 29.02643], [77.03735, 29.0256], [77.04333000000001, 29.03018], [77.04690000000001, 29.02747], [77.05056, 29.025520000000004]]]}}, {"id": "146", "type": "Feature", "properties": {"village_name": "Nandnaur", "vil_lgd": 59812, "district_name": "Sonipat", "dist_lgd": 75, "subdistrict_name": "Sonipat", "sdcode": 380, "block_name": "Sonipat", "block_lgd": 44.0, "gp_name": "NANDNAUR", "state_name": "HARYANA", "state_lgd": 6, "population": 1872, "households": 359}, "geometry": {"type": "Polygon", "coordinates": [[[77.19144, 29.019740000000002], [77.19176, 29.01741], [77.17285000000001, 29.012140000000002], [77.16445, 29.003180000000004], [77.16054000000001, 29.003410000000002], [77.14879, 29.002910000000004], [77.14535000000001, 29.00101], [77.14515, 28.99986], [77.14083000000001, 28.999360000000003], [77.13708000000001, 29.000120000000003], [77.12129, 29.008170000000003], [77.12309, 29.01049], [77.12663, 29.01028], [77.13309000000001, 29.0117], [77.13581, 29.0133], [77.14838, 29.016550000000002], [77.16475000000001, 29.014400000000002], [77.16709, 29.014750000000003], [77.17097000000001, 29.016000000000002], [77.17872000000001, 29.021680000000003], [77.18928000000001, 29.02663], [77.18903, 29.023590000000002], [77.19038, 29.021], [77.19144, 29.019740000000002]]]}}, {"id": "147", "type": "Feature", "properties": {"village_name": "Baroli", "vil_lgd": 59813, "district_name": "Sonipat", "dist_lgd": 75, "subdistrict_name": "Sonipat", "sdcode": 380, "block_name": "Sonipat", "block_lgd": 44.0, "gp_name": "BARAULI", "state_name": "HARYANA", "state_lgd": 6, "population": 3743, "households": 630}, "geometry": {"type": "Polygon", "coordinates": [[[77.1931, 29.0132], [77.19076000000001, 29.00945], [77.19096, 29.00596], [77.19281000000001, 29.003410000000002], [77.19403000000001, 28.9978], [77.19777, 28.991460000000004], [77.19802, 28.989770000000004], [77.20172000000001, 28.988590000000002], [77.20216, 28.987790000000004], [77.20186000000001, 28.981320000000004], [77.19573000000001, 28.98279], [77.17808000000001, 28.99454], [77.17783, 28.99639], [77.17179, 28.99799], [77.16445, 29.003180000000004], [77.17285000000001, 29.012140000000002], [77.19176, 29.01741], [77.19251000000001, 29.01517], [77.1931, 29.0132]]]}}, {"id": "148", "type": "Feature", "properties": {"village_name": "Nangal Khurd", "vil_lgd": 59820, "district_name": "Sonipat", "dist_lgd": 75, "subdistrict_name": "Sonipat", "sdcode": 380, "block_name": "Sonipat", "block_lgd": 44.0, "gp_name": "NAGAL KHURD", "state_name": "HARYANA", "state_lgd": 6, "population": 1766, "households": 338}, "geometry": {"type": "Polygon", "coordinates": [[[77.09118000000001, 29.005730000000003], [77.08782000000001, 29.00392], [77.07613, 29.00054], [77.07034, 29.001230000000003], [77.06728000000001, 29.003700000000002], [77.06752, 29.0086], [77.07295, 29.01048], [77.07337000000001, 29.013620000000003], [77.07229000000001, 29.016220000000004], [77.07234000000001, 29.018610000000002], [77.07395000000001, 29.02006], [77.07579000000001, 29.020020000000002], [77.08216, 29.01713], [77.08308000000001, 29.01517], [77.08931000000001, 29.0131], [77.09096000000001, 29.01151], [77.09243000000001, 29.008020000000002], [77.09118000000001, 29.005730000000003]]]}}, {"id": "149", "type": "Feature", "properties": {"village_name": "Rewali", "vil_lgd": 59821, "district_name": "Sonipat", "dist_lgd": 75, "subdistrict_name": "Sonipat", "sdcode": 380, "block_name": "Sonipat", "block_lgd": 44.0, "gp_name": "REWALI", "state_name": "HARYANA", "state_lgd": 6, "population": 1593, "households": 300}, "geometry": {"type": "Polygon", "coordinates": [[[77.06728000000001, 29.003700000000002], [77.07034, 29.001230000000003], [77.06532, 29.001050000000003], [77.06064, 29.002630000000003], [77.05872000000001, 29.002380000000002], [77.05698000000001, 28.995300000000004], [77.054, 28.99744], [77.04593000000001, 28.999330000000004], [77.04773, 29.000790000000002], [77.04780000000001, 29.00392], [77.04654000000001, 29.008550000000003], [77.04978000000001, 29.00991], [77.05359, 29.013600000000004], [77.06233, 29.011120000000002], [77.06752, 29.0086], [77.06728000000001, 29.003700000000002]]]}}, {"id": "150", "type": "Feature", "properties": {"village_name": "Mukimpur", "vil_lgd": 59815, "district_name": "Sonipat", "dist_lgd": 75, "subdistrict_name": "Sonipat", "sdcode": 380, "block_name": "Sonipat", "block_lgd": 44.0, "gp_name": "MAKIMPUR", "state_name": "HARYANA", "state_lgd": 6, "population": 3047, "households": 559}, "geometry": {"type": "Polygon", "coordinates": [[[77.14083000000001, 28.999360000000003], [77.14515, 28.99986], [77.14556, 28.994770000000003], [77.13470000000001, 28.991540000000004], [77.13405, 28.990320000000004], [77.13011, 28.993510000000004], [77.12209, 28.995770000000004], [77.11892, 28.99761], [77.11703, 29.000740000000004], [77.11548, 29.00119], [77.12129, 29.008170000000003], [77.13708000000001, 29.000120000000003], [77.14083000000001, 28.999360000000003]]]}}, {"id": "151", "type": "Feature", "properties": {"village_name": "Qumaspur", "vil_lgd": 59819, "district_name": "Sonipat", "dist_lgd": 75, "subdistrict_name": "Sonipat", "sdcode": 380, "block_name": "Sonipat", "block_lgd": 44.0, "gp_name": "KAMASHPUR", "state_name": "HARYANA", "state_lgd": 6, "population": 5286, "households": 984}, "geometry": {"type": "Polygon", "coordinates": [[[77.10491, 29.001900000000003], [77.10459, 28.997650000000004], [77.1024, 28.994180000000004], [77.09736000000001, 28.990990000000004], [77.09716, 28.98994], [77.09525000000001, 28.990360000000003], [77.09058, 28.989400000000003], [77.08626000000001, 28.984890000000004], [77.08327000000001, 28.978820000000002], [77.07916, 28.979380000000003], [77.07387, 28.99452], [77.07353, 28.995230000000003], [77.07034, 29.001230000000003], [77.07613, 29.00054], [77.08782000000001, 29.00392], [77.09118000000001, 29.005730000000003], [77.09243000000001, 29.008020000000002], [77.09956000000001, 29.008960000000002], [77.10886, 29.008210000000002], [77.10491, 29.001900000000003]]]}}, {"id": "152", "type": "Feature", "properties": {"village_name": "Basaudi", "vil_lgd": 59814, "district_name": "Sonipat", "dist_lgd": 75, "subdistrict_name": "Sonipat", "sdcode": 380, "block_name": "Sonipat", "block_lgd": 44.0, "gp_name": "BASAUDI", "state_name": "HARYANA", "state_lgd": 6, "population": 2090, "households": 380}, "geometry": {"type": "Polygon", "coordinates": [[[77.16445, 29.003180000000004], [77.17179, 28.99799], [77.17783, 28.99639], [77.17808000000001, 28.99454], [77.16981000000001, 28.992310000000003], [77.16090000000001, 28.99303], [77.14881000000001, 28.994930000000004], [77.14556, 28.994770000000003], [77.14515, 28.99986], [77.14535000000001, 29.00101], [77.14879, 29.002910000000004], [77.16054000000001, 29.003410000000002], [77.16445, 29.003180000000004]]]}}, {"id": "153", "type": "Feature", "properties": {"village_name": "Shahpur Turak", "vil_lgd": 59822, "district_name": "Sonipat", "dist_lgd": 75, "subdistrict_name": "Sonipat", "sdcode": 380, "block_name": "Sonipat", "block_lgd": 44.0, "gp_name": "SHAHPUR TURAK", "state_name": "HARYANA", "state_lgd": 6, "population": 1666, "households": 317}, "geometry": {"type": "Polygon", "coordinates": [[[77.07034, 29.001230000000003], [77.07353, 28.995230000000003], [77.07026, 28.992130000000003], [77.06807, 28.991760000000003], [77.05579, 28.99264], [77.05698000000001, 28.995300000000004], [77.05872000000001, 29.002380000000002], [77.06064, 29.002630000000003], [77.06532, 29.001050000000003], [77.07034, 29.001230000000003]]]}}, {"id": "154", "type": "Feature", "properties": {"village_name": "Dipalpur", "vil_lgd": 59817, "district_name": "Sonipat", "dist_lgd": 75, "subdistrict_name": "Sonipat", "sdcode": 380, "block_name": "Sonipat", "block_lgd": 44.0, "gp_name": "DIPALPUR", "state_name": "HARYANA", "state_lgd": 6, "population": 4637, "households": 848}, "geometry": {"type": "Polygon", "coordinates": [[[77.13272, 28.987890000000004], [77.13146, 28.986300000000004], [77.13012, 28.984890000000004], [77.12280000000001, 28.983950000000004], [77.11212, 28.984920000000002], [77.10979, 28.985950000000003], [77.10025, 28.985850000000003], [77.09716, 28.98994], [77.09736000000001, 28.990990000000004], [77.1024, 28.994180000000004], [77.10459, 28.997650000000004], [77.11548, 29.00119], [77.11703, 29.000740000000004], [77.11892, 28.99761], [77.12209, 28.995770000000004], [77.13011, 28.993510000000004], [77.13405, 28.990320000000004], [77.13272, 28.987890000000004]]]}}, {"id": "155", "type": "Feature", "properties": {"village_name": "Palra", "vil_lgd": 59862, "district_name": "Sonipat", "dist_lgd": 75, "subdistrict_name": "Sonipat", "sdcode": 380, "block_name": "Rai", "block_lgd": 43.0, "gp_name": "PALRA", "state_name": "HARYANA", "state_lgd": 6, "population": 1289, "households": 231}, "geometry": {"type": "Polygon", "coordinates": [[[77.16981000000001, 28.992310000000003], [77.17808000000001, 28.99454], [77.19573000000001, 28.98279], [77.20186000000001, 28.981320000000004], [77.20161, 28.97885], [77.17867000000001, 28.986050000000002], [77.17379000000001, 28.98665], [77.16137, 28.98495], [77.15575000000001, 28.98495], [77.13899, 28.98635], [77.13272, 28.987890000000004], [77.13405, 28.990320000000004], [77.13470000000001, 28.991540000000004], [77.14556, 28.994770000000003], [77.14881000000001, 28.994930000000004], [77.16090000000001, 28.99303], [77.16981000000001, 28.992310000000003]]]}}, {"id": "156", "type": "Feature", "properties": {"village_name": "Shahzanpur", "vil_lgd": 59824, "district_name": "Sonipat", "dist_lgd": 75, "subdistrict_name": "Sonipat", "sdcode": 380, "block_name": "Sonipat", "block_lgd": 44.0, "gp_name": "SHAHJAHANPUR", "state_name": "HARYANA", "state_lgd": 6, "population": 2191, "households": 392}, "geometry": {"type": "Polygon", "coordinates": [[[77.05698000000001, 28.995300000000004], [77.05579, 28.99264], [77.05382, 28.988760000000003], [77.04109000000001, 28.991180000000004], [77.04077000000001, 28.99191], [77.03468000000001, 28.993240000000004], [77.03275000000001, 28.995790000000003], [77.03671, 28.995690000000003], [77.04593000000001, 28.999330000000004], [77.054, 28.99744], [77.05698000000001, 28.995300000000004]]]}}, {"id": "157", "type": "Feature", "properties": {"village_name": "Raipur", "vil_lgd": 59823, "district_name": "Sonipat", "dist_lgd": 75, "subdistrict_name": "Sonipat", "sdcode": 380, "block_name": "Sonipat", "block_lgd": 44.0, "gp_name": "RAIPUR", "state_name": "HARYANA", "state_lgd": 6, "population": 3578, "households": 724}, "geometry": {"type": "Polygon", "coordinates": [[[77.07916, 28.979380000000003], [77.07006000000001, 28.97614], [77.06826000000001, 28.973080000000003], [77.06443, 28.97341], [77.05678, 28.97848], [77.05203, 28.98025], [77.05130000000001, 28.983940000000004], [77.05382, 28.988760000000003], [77.05579, 28.99264], [77.06807, 28.991760000000003], [77.07026, 28.992130000000003], [77.07353, 28.995230000000003], [77.07387, 28.99452], [77.07916, 28.979380000000003]]]}}, {"id": "158", "type": "Feature", "properties": {"village_name": "Mirakpur", "vil_lgd": 59863, "district_name": "Sonipat", "dist_lgd": 75, "subdistrict_name": "Sonipat", "sdcode": 380, "block_name": "Rai", "block_lgd": 43.0, "gp_name": "MIRAKPUR", "state_name": "HARYANA", "state_lgd": 6, "population": 1537, "households": 289}, "geometry": {"type": "Polygon", "coordinates": [[[77.20161, 28.97885], [77.20007000000001, 28.971300000000003], [77.19495, 28.966870000000004], [77.16145, 28.966790000000003], [77.16119, 28.969890000000003], [77.15713000000001, 28.977050000000002], [77.15575000000001, 28.98495], [77.16137, 28.98495], [77.17379000000001, 28.98665], [77.17867000000001, 28.986050000000002], [77.20161, 28.97885]]]}}, {"id": "159", "type": "Feature", "properties": {"village_name": "Palri Khurd", "vil_lgd": 59861, "district_name": "Sonipat", "dist_lgd": 75, "subdistrict_name": "Sonipat", "sdcode": 380, "block_name": "Rai", "block_lgd": 43.0, "gp_name": "PALRI KHURD", "state_name": "HARYANA", "state_lgd": 6, "population": 1051, "households": 198}, "geometry": {"type": "Polygon", "coordinates": [[[77.15713000000001, 28.977050000000002], [77.14099, 28.97678], [77.13498000000001, 28.977190000000004], [77.13333, 28.98391], [77.13146, 28.986300000000004], [77.13272, 28.987890000000004], [77.13899, 28.98635], [77.15575000000001, 28.98495], [77.15713000000001, 28.977050000000002]]]}}, {"id": "160", "type": "Feature", "properties": {"village_name": "Kishora", "vil_lgd": 59818, "district_name": "Sonipat", "dist_lgd": 75, "subdistrict_name": "Sonipat", "sdcode": 380, "block_name": "Sonipat", "block_lgd": 44.0, "gp_name": "KISHORA", "state_name": "HARYANA", "state_lgd": 6, "population": 502, "households": 89}, "geometry": {"type": "Polygon", "coordinates": [[[77.10025, 28.985850000000003], [77.09863, 28.98401], [77.0973, 28.978180000000002], [77.09553000000001, 28.97725], [77.08583, 28.97424], [77.08327000000001, 28.978820000000002], [77.08626000000001, 28.984890000000004], [77.09058, 28.989400000000003], [77.09525000000001, 28.990360000000003], [77.09716, 28.98994], [77.10025, 28.985850000000003]]]}}, {"id": "161", "type": "Feature", "properties": {"village_name": "Khewara", "vil_lgd": 59859, "district_name": "Sonipat", "dist_lgd": 75, "subdistrict_name": "Sonipat", "sdcode": 380, "block_name": "Rai", "block_lgd": 43.0, "gp_name": "KHEWARA", "state_name": "HARYANA", "state_lgd": 6, "population": 9192, "households": 1667}, "geometry": {"type": "Polygon", "coordinates": [[[77.11212, 28.984920000000002], [77.12280000000001, 28.983950000000004], [77.13012, 28.984890000000004], [77.13146, 28.986300000000004], [77.13333, 28.98391], [77.13498000000001, 28.977190000000004], [77.13658000000001, 28.970570000000002], [77.13950000000001, 28.968480000000003], [77.15433, 28.966720000000002], [77.15579000000001, 28.9629], [77.1541, 28.95869], [77.15268, 28.94958], [77.14215, 28.946550000000002], [77.13685000000001, 28.942140000000002], [77.13534, 28.942850000000004], [77.12814, 28.943260000000002], [77.12644, 28.942770000000003], [77.12366, 28.939690000000002], [77.11819000000001, 28.945310000000003], [77.10390000000001, 28.94676], [77.10244, 28.9509], [77.10340000000001, 28.95474], [77.10181, 28.95952], [77.10395000000001, 28.960300000000004], [77.10839, 28.96845], [77.1085, 28.9705], [77.10769, 28.971970000000002], [77.10094000000001, 28.974180000000004], [77.09805, 28.975240000000003], [77.09553000000001, 28.97725], [77.0973, 28.978180000000002], [77.09863, 28.98401], [77.10025, 28.985850000000003], [77.10979, 28.985950000000003], [77.11212, 28.984920000000002]]]}}, {"id": "162", "type": "Feature", "properties": {"village_name": "Palri Kalan", "vil_lgd": 59860, "district_name": "Sonipat", "dist_lgd": 75, "subdistrict_name": "Sonipat", "sdcode": 380, "block_name": "Rai", "block_lgd": 43.0, "gp_name": "PALRI KALAN", "state_name": "HARYANA", "state_lgd": 6, "population": 1410, "households": 268}, "geometry": {"type": "Polygon", "coordinates": [[[77.15713000000001, 28.977050000000002], [77.16119, 28.969890000000003], [77.16145, 28.966790000000003], [77.15433, 28.966720000000002], [77.13950000000001, 28.968480000000003], [77.13658000000001, 28.970570000000002], [77.13498000000001, 28.977190000000004], [77.14099, 28.97678], [77.15713000000001, 28.977050000000002]]]}}, {"id": "163", "type": "Feature", "properties": {"village_name": "Hasamabad", "vil_lgd": 59856, "district_name": "Sonipat", "dist_lgd": 75, "subdistrict_name": "Sonipat", "sdcode": 380, "block_name": "Rai", "block_lgd": 43.0, "gp_name": "HASAMABAD", "state_name": "HARYANA", "state_lgd": 6, "population": 450, "households": 106}, "geometry": {"type": "Polygon", "coordinates": [[[77.07209, 28.96928], [77.07176000000001, 28.97145], [77.06826000000001, 28.973080000000003], [77.07006000000001, 28.97614], [77.07916, 28.979380000000003], [77.08327000000001, 28.978820000000002], [77.08583, 28.97424], [77.08328, 28.973180000000003], [77.08199, 28.969300000000004], [77.08158, 28.969060000000002], [77.07209, 28.96928]]]}}, {"id": "164", "type": "Feature", "properties": {"village_name": "Joshi Chohan", "vil_lgd": 59857, "district_name": "Sonipat", "dist_lgd": 75, "subdistrict_name": "Sonipat", "sdcode": 380, "block_name": "Rai", "block_lgd": 43.0, "gp_name": "JOSHI CHOHAN", "state_name": "HARYANA", "state_lgd": 6, "population": 3026, "households": 511}, "geometry": {"type": "Polygon", "coordinates": [[[77.10769, 28.971970000000002], [77.1085, 28.9705], [77.10839, 28.96845], [77.10395000000001, 28.960300000000004], [77.10181, 28.95952], [77.10038, 28.95951], [77.09429, 28.9598], [77.09071, 28.960860000000004], [77.08199, 28.969300000000004], [77.08328, 28.973180000000003], [77.08583, 28.97424], [77.09553000000001, 28.97725], [77.09805, 28.975240000000003], [77.10094000000001, 28.974180000000004], [77.10769, 28.971970000000002]]]}}, {"id": "165", "type": "Feature", "properties": {"village_name": "Jajal", "vil_lgd": 59864, "district_name": "Sonipat", "dist_lgd": 75, "subdistrict_name": "Sonipat", "sdcode": 380, "block_name": "Rai", "block_lgd": 43.0, "gp_name": "JAJJAL", "state_name": "HARYANA", "state_lgd": 6, "population": 2580, "households": 431}, "geometry": {"type": "Polygon", "coordinates": [[[77.19495, 28.966870000000004], [77.19467, 28.962130000000002], [77.19272000000001, 28.958130000000004], [77.19430000000001, 28.953180000000003], [77.18638, 28.95126], [77.1744, 28.949910000000003], [77.17122, 28.950570000000003], [77.16446, 28.955930000000002], [77.16036000000001, 28.957310000000003], [77.15876, 28.96253], [77.15579000000001, 28.9629], [77.15433, 28.966720000000002], [77.16145, 28.966790000000003], [77.19495, 28.966870000000004]]]}}, {"id": "166", "type": "Feature", "properties": {"village_name": "Josi Jat", "vil_lgd": 59855, "district_name": "Sonipat", "dist_lgd": 75, "subdistrict_name": "Sonipat", "sdcode": 380, "block_name": "Rai", "block_lgd": 43.0, "gp_name": "JOSHI JAT", "state_name": "HARYANA", "state_lgd": 6, "population": 986, "households": 190}, "geometry": {"type": "Polygon", "coordinates": [[[77.08199, 28.969300000000004], [77.09071, 28.960860000000004], [77.09224, 28.954200000000004], [77.09134, 28.953580000000002], [77.08988000000001, 28.954050000000002], [77.08460000000001, 28.959760000000003], [77.07979, 28.959970000000002], [77.0793, 28.961090000000002], [77.07525000000001, 28.96394], [77.07209, 28.96928], [77.08158, 28.969060000000002], [77.08199, 28.969300000000004]]]}}, {"id": "167", "type": "Feature", "properties": {"village_name": "Jhundpur", "vil_lgd": 59865, "district_name": "Sonipat", "dist_lgd": 75, "subdistrict_name": "Sonipat", "sdcode": 380, "block_name": "Rai", "block_lgd": 43.0, "gp_name": "JHUNDPUR", "state_name": "HARYANA", "state_lgd": 6, "population": 6560, "households": 1225}, "geometry": {"type": "Polygon", "coordinates": [[[77.1744, 28.949910000000003], [77.18638, 28.95126], [77.19430000000001, 28.953180000000003], [77.19727, 28.946530000000003], [77.19581000000001, 28.943830000000002], [77.19547, 28.940500000000004], [77.19754, 28.936680000000003], [77.20285000000001, 28.933360000000004], [77.20713, 28.93485], [77.21225000000001, 28.933640000000004], [77.2168, 28.93061], [77.22074, 28.929040000000004], [77.20547, 28.931500000000003], [77.18952, 28.932890000000004], [77.18093, 28.934820000000002], [77.17511, 28.937040000000003], [77.17083000000001, 28.936830000000004], [77.16847, 28.938160000000003], [77.16428, 28.944150000000004], [77.15383, 28.948480000000004], [77.15268, 28.94958], [77.1541, 28.95869], [77.15579000000001, 28.9629], [77.15876, 28.96253], [77.16036000000001, 28.957310000000003], [77.16446, 28.955930000000002], [77.17122, 28.950570000000003], [77.1744, 28.949910000000003]]]}}, {"id": "168", "type": "Feature", "properties": {"village_name": "Rathdhana", "vil_lgd": 59851, "district_name": "Sonipat", "dist_lgd": 75, "subdistrict_name": "Sonipat", "sdcode": 380, "block_name": "Rai", "block_lgd": 43.0, "gp_name": "RATHDHANA", "state_name": "HARYANA", "state_lgd": 6, "population": 6924, "households": 1299}, "geometry": {"type": "Polygon", "coordinates": [[[77.07463000000001, 28.95248], [77.0759, 28.947020000000002], [77.07704000000001, 28.945950000000003], [77.07607, 28.941390000000002], [77.07284, 28.9383], [77.06423000000001, 28.93417], [77.06230000000001, 28.93239], [77.06029000000001, 28.92621], [77.05857, 28.925440000000002], [77.05717, 28.925890000000003], [77.05525, 28.927020000000002], [77.04298, 28.942930000000004], [77.04337000000001, 28.945500000000003], [77.03871000000001, 28.953100000000003], [77.04248000000001, 28.961520000000004], [77.04559, 28.962760000000003], [77.05207, 28.961380000000002], [77.05678, 28.95868], [77.06461, 28.956570000000003], [77.06984, 28.954200000000004], [77.07463000000001, 28.95248]]]}}, {"id": "169", "type": "Feature", "properties": {"village_name": "Bahalgarh", "vil_lgd": 59858, "district_name": "Sonipat", "dist_lgd": 75, "subdistrict_name": "Sonipat", "sdcode": 380, "block_name": "Rai", "block_lgd": 43.0, "gp_name": "BAHALGARH", "state_name": "HARYANA", "state_lgd": 6, "population": 4196, "households": 953}, "geometry": {"type": "Polygon", "coordinates": [[[77.10181, 28.95952], [77.10340000000001, 28.95474], [77.10244, 28.9509], [77.10390000000001, 28.94676], [77.10409, 28.94499], [77.10345000000001, 28.944670000000002], [77.10036000000001, 28.944660000000002], [77.09575000000001, 28.94619], [77.09046000000001, 28.945480000000003], [77.08864000000001, 28.949130000000004], [77.08988000000001, 28.954050000000002], [77.09134, 28.953580000000002], [77.09224, 28.954200000000004], [77.09071, 28.960860000000004], [77.09429, 28.9598], [77.10038, 28.95951], [77.10181, 28.95952]]]}}, {"id": "170", "type": "Feature", "properties": {"village_name": "Nahra", "vil_lgd": 59902, "district_name": "Sonipat", "dist_lgd": 75, "subdistrict_name": "Sonipat", "sdcode": 380, "block_name": "Rai", "block_lgd": 43.0, "gp_name": "NAHRA", "state_name": "HARYANA", "state_lgd": 6, "population": 4307, "households": 853}, "geometry": {"type": "Polygon", "coordinates": [[[77.04154000000001, 28.88971], [77.04048, 28.88435], [77.04019000000001, 28.879620000000003], [77.03821, 28.875490000000003], [77.03785, 28.872100000000003], [77.03578, 28.86764], [77.03311000000001, 28.864150000000002], [77.02537000000001, 28.86812], [77.0103, 28.87027], [77.00108, 28.875980000000002], [77.00185, 28.879710000000003], [77.01302000000001, 28.887280000000004], [77.01558, 28.89308], [77.01593000000001, 28.89786], [77.01805, 28.899770000000004], [77.02281, 28.90087], [77.02247000000001, 28.89513], [77.02931000000001, 28.890240000000002], [77.03348000000001, 28.888910000000003], [77.04154000000001, 28.88971]]]}}, {"id": "171", "type": "Feature", "properties": {"village_name": "Nathupur", "vil_lgd": 59897, "district_name": "Sonipat", "dist_lgd": 75, "subdistrict_name": "Sonipat", "sdcode": 380, "block_name": "Rai", "block_lgd": 43.0, "gp_name": "NATHUPUR", "state_name": "HARYANA", "state_lgd": 6, "population": 2953, "households": 577}, "geometry": {"type": "Polygon", "coordinates": [[[77.11746000000001, 28.88566], [77.11134000000001, 28.87815], [77.10007, 28.88343], [77.09440000000001, 28.887150000000002], [77.09324000000001, 28.887030000000003], [77.09349, 28.891990000000003], [77.10152000000001, 28.895110000000003], [77.10718, 28.89429], [77.11265, 28.89147], [77.11781, 28.886640000000003], [77.11746000000001, 28.88566]]]}}, {"id": "172", "type": "Feature", "properties": {"village_name": "Khatkar", "vil_lgd": 59892, "district_name": "Sonipat", "dist_lgd": 75, "subdistrict_name": "Sonipat", "sdcode": 380, "block_name": "Rai", "block_lgd": 43.0, "gp_name": "KHATKAR", "state_name": "HARYANA", "state_lgd": 6, "population": 2293, "households": 350}, "geometry": {"type": "Polygon", "coordinates": [[[77.18689, 28.889480000000002], [77.18826, 28.883270000000003], [77.18983, 28.881470000000004], [77.1892, 28.879060000000003], [77.19203, 28.876490000000004], [77.19101, 28.873110000000004], [77.18322, 28.872120000000002], [77.17765, 28.87038], [77.17332, 28.871090000000002], [77.17068, 28.873450000000002], [77.16865, 28.877430000000004], [77.16592, 28.87947], [77.16395, 28.883940000000003], [77.16189, 28.885650000000002], [77.16971000000001, 28.892780000000002], [77.17893000000001, 28.896010000000004], [77.18416, 28.895290000000003], [77.18689, 28.889480000000002]]]}}, {"id": "173", "type": "Feature", "properties": {"village_name": "Shafiabad Pana Paposhian", "vil_lgd": 59899, "district_name": "Sonipat", "dist_lgd": 75, "subdistrict_name": "Sonipat", "sdcode": 380, "block_name": "Rai", "block_lgd": 43.0, "gp_name": "SHAFIABAD PANA PAPOSHIAN", "state_name": "HARYANA", "state_lgd": 6, "population": 2792, "households": 531}, "geometry": {"type": "Polygon", "coordinates": [[[77.09324000000001, 28.887030000000003], [77.08640000000001, 28.881510000000002], [77.08266, 28.883570000000002], [77.08053000000001, 28.879900000000003], [77.07765, 28.87723], [77.07922, 28.873070000000002], [77.07923000000001, 28.871990000000004], [77.07841, 28.871540000000003], [77.06727000000001, 28.88284], [77.07238000000001, 28.889640000000004], [77.08266, 28.887240000000002], [77.08745, 28.887000000000004], [77.09324000000001, 28.887030000000003]]]}}, {"id": "174", "type": "Feature", "properties": {"village_name": "Liwaspur", "vil_lgd": 59854, "district_name": "Sonipat", "dist_lgd": 75, "subdistrict_name": "Sonipat", "sdcode": 380, "block_name": "Rai", "block_lgd": 43.0, "gp_name": "LAWANSPUR", "state_name": "HARYANA", "state_lgd": 6, "population": 4272, "households": 866}, "geometry": {"type": "Polygon", "coordinates": [[[77.08864000000001, 28.949130000000004], [77.09046000000001, 28.945480000000003], [77.08323, 28.946810000000003], [77.07994000000001, 28.947000000000003], [77.07704000000001, 28.945950000000003], [77.0759, 28.947020000000002], [77.07463000000001, 28.95248], [77.07789000000001, 28.95428], [77.07963000000001, 28.95736], [77.07979, 28.959970000000002], [77.08460000000001, 28.959760000000003], [77.08988000000001, 28.954050000000002], [77.08864000000001, 28.949130000000004]]]}}, {"id": "175", "type": "Feature", "properties": {"village_name": "Harsana Kalan", "vil_lgd": 59826, "district_name": "Sonipat", "dist_lgd": 75, "subdistrict_name": "Sonipat", "sdcode": 380, "block_name": "Sonipat", "block_lgd": 44.0, "gp_name": "HARSHANA KALAN", "state_name": "HARYANA", "state_lgd": 6, "population": 5133, "households": 1016}, "geometry": {"type": "Polygon", "coordinates": [[[77.04337000000001, 28.945500000000003], [77.04298, 28.942930000000004], [77.04118000000001, 28.939370000000004], [77.04008, 28.939580000000003], [77.03781000000001, 28.943120000000004], [77.01984, 28.943620000000003], [77.01161, 28.93889], [77.0087, 28.935060000000004], [77.00024, 28.934890000000003], [76.99649000000001, 28.93896], [76.99384, 28.94019], [76.99017, 28.944460000000003], [76.99067000000001, 28.94742], [76.98829, 28.95088], [77.00661000000001, 28.95277], [77.01995000000001, 28.956630000000004], [77.02722, 28.956780000000002], [77.034, 28.955470000000002], [77.03871000000001, 28.953100000000003], [77.04337000000001, 28.945500000000003]]]}}, {"id": "176", "type": "Feature", "properties": {"village_name": "Jakhauli", "vil_lgd": 59867, "district_name": "Sonipat", "dist_lgd": 75, "subdistrict_name": "Sonipat", "sdcode": 380, "block_name": "Rai", "block_lgd": 43.0, "gp_name": "JAKHAULI", "state_name": "HARYANA", "state_lgd": 6, "population": 8259, "households": 1460}, "geometry": {"type": "Polygon", "coordinates": [[[77.16386, 28.928680000000004], [77.16367000000001, 28.922150000000002], [77.16684000000001, 28.917980000000004], [77.16368, 28.9142], [77.15883000000001, 28.91055], [77.15521000000001, 28.909260000000003], [77.14147000000001, 28.9097], [77.13656, 28.9185], [77.13618000000001, 28.921190000000003], [77.13944000000001, 28.926660000000002], [77.13886000000001, 28.930300000000003], [77.13586000000001, 28.937630000000002], [77.13562, 28.939300000000003], [77.13685000000001, 28.942140000000002], [77.14215, 28.946550000000002], [77.15268, 28.94958], [77.15383, 28.948480000000004], [77.16428, 28.944150000000004], [77.16847, 28.938160000000003], [77.16386, 28.928680000000004]]]}}, {"id": "177", "type": "Feature", "properties": {"village_name": "Asawarpur", "vil_lgd": 59869, "district_name": "Sonipat", "dist_lgd": 75, "subdistrict_name": "Sonipat", "sdcode": 380, "block_name": "Rai", "block_lgd": 43.0, "gp_name": "ASAWARPUR", "state_name": "HARYANA", "state_lgd": 6, "population": 2652, "households": 543}, "geometry": {"type": "Polygon", "coordinates": [[[77.12366, 28.939690000000002], [77.11931000000001, 28.935470000000002], [77.10945000000001, 28.927770000000002], [77.10565000000001, 28.927400000000002], [77.10244, 28.928220000000003], [77.09661000000001, 28.932810000000003], [77.0959, 28.937140000000003], [77.09046000000001, 28.945480000000003], [77.09575000000001, 28.94619], [77.10036000000001, 28.944660000000002], [77.10345000000001, 28.944670000000002], [77.10409, 28.94499], [77.10390000000001, 28.94676], [77.11819000000001, 28.945310000000003], [77.12366, 28.939690000000002]]]}}, {"id": "178", "type": "Feature", "properties": {"village_name": "Rai", "vil_lgd": 59853, "district_name": "Sonipat", "dist_lgd": 75, "subdistrict_name": "Sonipat", "sdcode": 380, "block_name": "Rai", "block_lgd": 43.0, "gp_name": "RAI", "state_name": "HARYANA", "state_lgd": 6, "population": 5278, "households": 1119}, "geometry": {"type": "Polygon", "coordinates": [[[77.09046000000001, 28.945480000000003], [77.0959, 28.937140000000003], [77.09661000000001, 28.932810000000003], [77.10124, 28.917160000000003], [77.09333000000001, 28.918460000000003], [77.08810000000001, 28.923080000000002], [77.08420000000001, 28.926070000000003], [77.07700000000001, 28.93295], [77.07284, 28.9383], [77.07607, 28.941390000000002], [77.07704000000001, 28.945950000000003], [77.07994000000001, 28.947000000000003], [77.08323, 28.946810000000003], [77.09046000000001, 28.945480000000003]]]}}, {"id": "179", "type": "Feature", "properties": {"village_name": "Aurangabad", "vil_lgd": 59868, "district_name": "Sonipat", "dist_lgd": 75, "subdistrict_name": "Sonipat", "sdcode": 380, "block_name": "Rai", "block_lgd": 43.0, "gp_name": "AURANGABAD", "state_name": "HARYANA", "state_lgd": 6, "population": 1539, "households": 286}, "geometry": {"type": "Polygon", "coordinates": [[[77.13562, 28.939300000000003], [77.13586000000001, 28.937630000000002], [77.13886000000001, 28.930300000000003], [77.13122000000001, 28.93173], [77.12803000000001, 28.934430000000003], [77.12452, 28.93343], [77.12191, 28.933660000000003], [77.11931000000001, 28.935470000000002], [77.12366, 28.939690000000002], [77.12644, 28.942770000000003], [77.12814, 28.943260000000002], [77.13534, 28.942850000000004], [77.13685000000001, 28.942140000000002], [77.13562, 28.939300000000003]]]}}, {"id": "180", "type": "Feature", "properties": {"village_name": "Harsana Khurd", "vil_lgd": 59825, "district_name": "Sonipat", "dist_lgd": 75, "subdistrict_name": "Sonipat", "sdcode": 380, "block_name": "Sonipat", "block_lgd": 44.0, "gp_name": "HARSANA KHURD", "state_name": "HARYANA", "state_lgd": 6, "population": 413, "households": 73}, "geometry": {"type": "Polygon", "coordinates": [[[77.04008, 28.939580000000003], [77.03145, 28.94037], [77.02664, 28.937410000000003], [77.0087, 28.935060000000004], [77.01161, 28.93889], [77.01984, 28.943620000000003], [77.03781000000001, 28.943120000000004], [77.04008, 28.939580000000003]]]}}, {"id": "181", "type": "Feature", "properties": {"village_name": "Jagdishpur", "vil_lgd": 59850, "district_name": "Sonipat", "dist_lgd": 75, "subdistrict_name": "Sonipat", "sdcode": 380, "block_name": "Rai", "block_lgd": 43.0, "gp_name": "JAGDISHPUR", "state_name": "HARYANA", "state_lgd": 6, "population": 1247, "households": 239}, "geometry": {"type": "Polygon", "coordinates": [[[77.04937000000001, 28.922240000000002], [77.04371, 28.926060000000003], [77.04161, 28.92771], [77.04026, 28.92949], [77.03954, 28.934880000000003], [77.04118000000001, 28.939370000000004], [77.04298, 28.942930000000004], [77.05525, 28.927020000000002], [77.05717, 28.925890000000003], [77.05311, 28.9234], [77.04937000000001, 28.922240000000002]]]}}, {"id": "182", "type": "Feature", "properties": {"village_name": "Nasirpur Bangar", "vil_lgd": 59849, "district_name": "Sonipat", "dist_lgd": 75, "subdistrict_name": "Sonipat", "sdcode": 380, "block_name": "Rai", "block_lgd": 43.0, "gp_name": "NASIRPUR BANGAR", "state_name": "HARYANA", "state_lgd": 6, "population": 1371, "households": 244}, "geometry": {"type": "Polygon", "coordinates": [[[77.0087, 28.935060000000004], [77.02664, 28.937410000000003], [77.03145, 28.94037], [77.04008, 28.939580000000003], [77.04118000000001, 28.939370000000004], [77.03954, 28.934880000000003], [77.02236, 28.931030000000003], [77.01333000000001, 28.930570000000003], [76.99524000000001, 28.931210000000004], [76.98999, 28.933560000000003], [76.99325, 28.9372], [76.99384, 28.94019], [76.99649000000001, 28.93896], [77.00024, 28.934890000000003], [77.0087, 28.935060000000004]]]}}, {"id": "183", "type": "Feature", "properties": {"village_name": "Pabsra", "vil_lgd": 59866, "district_name": "Sonipat", "dist_lgd": 75, "subdistrict_name": "Sonipat", "sdcode": 380, "block_name": "Rai", "block_lgd": 43.0, "gp_name": "PABSRA", "state_name": "HARYANA", "state_lgd": 6, "population": 3031, "households": 510}, "geometry": {"type": "Polygon", "coordinates": [[[77.17936, 28.92846], [77.17215, 28.917360000000002], [77.16684000000001, 28.917980000000004], [77.16367000000001, 28.922150000000002], [77.16386, 28.928680000000004], [77.16847, 28.938160000000003], [77.17083000000001, 28.936830000000004], [77.17511, 28.937040000000003], [77.18093, 28.934820000000002], [77.17936, 28.92846]]]}}, {"id": "184", "type": "Feature", "properties": {"village_name": "Liwan", "vil_lgd": 59852, "district_name": "Sonipat", "dist_lgd": 75, "subdistrict_name": "Sonipat", "sdcode": 380, "block_name": "Rai", "block_lgd": 43.0, "gp_name": "LEVAN", "state_name": "HARYANA", "state_lgd": 6, "population": 1314, "households": 270}, "geometry": {"type": "Polygon", "coordinates": [[[77.07938, 28.92433], [77.07703000000001, 28.920930000000002], [77.07149000000001, 28.91993], [77.06806, 28.916890000000002], [77.05972000000001, 28.92039], [77.05879, 28.92132], [77.05857, 28.925440000000002], [77.06029000000001, 28.92621], [77.06230000000001, 28.93239], [77.06423000000001, 28.93417], [77.07284, 28.9383], [77.07700000000001, 28.93295], [77.08420000000001, 28.926070000000003], [77.07938, 28.92433]]]}}, {"id": "185", "type": "Feature", "properties": {"village_name": "Sevali", "vil_lgd": 59871, "district_name": "Sonipat", "dist_lgd": 75, "subdistrict_name": "Sonipat", "sdcode": 380, "block_name": "Rai", "block_lgd": 43.0, "gp_name": "SEOLI", "state_name": "HARYANA", "state_lgd": 6, "population": 3023, "households": 520}, "geometry": {"type": "Polygon", "coordinates": [[[77.12452, 28.93343], [77.12803000000001, 28.934430000000003], [77.13122000000001, 28.93173], [77.13886000000001, 28.930300000000003], [77.13944000000001, 28.926660000000002], [77.13618000000001, 28.921190000000003], [77.12959000000001, 28.920500000000004], [77.12230000000001, 28.911880000000004], [77.11864000000001, 28.911160000000002], [77.11642, 28.911680000000004], [77.11222000000001, 28.918910000000004], [77.11126, 28.91927], [77.11021000000001, 28.919660000000004], [77.1097, 28.921630000000004], [77.10945000000001, 28.927770000000002], [77.11931000000001, 28.935470000000002], [77.12191, 28.933660000000003], [77.12452, 28.93343]]]}}, {"id": "186", "type": "Feature", "properties": {"village_name": "Manoli", "vil_lgd": 59887, "district_name": "Sonipat", "dist_lgd": 75, "subdistrict_name": "Sonipat", "sdcode": 380, "block_name": "Rai", "block_lgd": 43.0, "gp_name": "MANOLI", "state_name": "HARYANA", "state_lgd": 6, "population": 3005, "households": 569}, "geometry": {"type": "Polygon", "coordinates": [[[77.2228, 28.92762], [77.22495, 28.923070000000003], [77.23045, 28.921370000000003], [77.23235000000001, 28.919770000000003], [77.23436000000001, 28.910320000000002], [77.20578, 28.90574], [77.19983, 28.903170000000003], [77.19460000000001, 28.899690000000003], [77.19166000000001, 28.897430000000004], [77.18416, 28.895290000000003], [77.17893000000001, 28.896010000000004], [77.17729, 28.905260000000002], [77.17397000000001, 28.910500000000003], [77.17215, 28.917360000000002], [77.17936, 28.92846], [77.18093, 28.934820000000002], [77.18952, 28.932890000000004], [77.20547, 28.931500000000003], [77.22074, 28.929040000000004], [77.2228, 28.92762]]]}}, {"id": "187", "type": "Feature", "properties": {"village_name": "Bhonwapur", "vil_lgd": 59848, "district_name": "Sonipat", "dist_lgd": 75, "subdistrict_name": "Sonipat", "sdcode": 380, "block_name": "Rai", "block_lgd": 43.0, "gp_name": "BHAWAPUR", "state_name": "HARYANA", "state_lgd": 6, "population": 1274, "households": 241}, "geometry": {"type": "Polygon", "coordinates": [[[77.03454, 28.925400000000003], [77.01752, 28.925600000000003], [77.00800000000001, 28.925870000000003], [76.99724, 28.928520000000002], [76.99562, 28.9296], [76.99524000000001, 28.931210000000004], [77.01333000000001, 28.930570000000003], [77.02236, 28.931030000000003], [77.03954, 28.934880000000003], [77.04026, 28.92949], [77.04161, 28.92771], [77.03454, 28.925400000000003]]]}}, {"id": "188", "type": "Feature", "properties": {"village_name": "Bindroli", "vil_lgd": 59847, "district_name": "Sonipat", "dist_lgd": 75, "subdistrict_name": "Sonipat", "sdcode": 380, "block_name": "Rai", "block_lgd": 43.0, "gp_name": "BIDHNAULI", "state_name": "HARYANA", "state_lgd": 6, "population": 2826, "households": 533}, "geometry": {"type": "Polygon", "coordinates": [[[76.99562, 28.9296], [76.99724, 28.928520000000002], [77.00800000000001, 28.925870000000003], [77.01752, 28.925600000000003], [77.02130000000001, 28.920240000000003], [77.02333, 28.918840000000003], [77.01598000000001, 28.913990000000002], [77.00804000000001, 28.91184], [77.00373, 28.911700000000003], [77.00225, 28.91439], [76.99706, 28.920350000000003], [76.99444000000001, 28.922], [76.98910000000001, 28.930680000000002], [76.98999, 28.933560000000003], [76.99524000000001, 28.931210000000004], [76.99562, 28.9296]]]}}, {"id": "189", "type": "Feature", "properties": {"village_name": "Ladpur", "vil_lgd": 59877, "district_name": "Sonipat", "dist_lgd": 75, "subdistrict_name": "Sonipat", "sdcode": 380, "block_name": "Rai", "block_lgd": 43.0, "gp_name": "LADPUR", "state_name": "HARYANA", "state_lgd": 6, "population": 171, "households": 32}, "geometry": {"type": "Polygon", "coordinates": [[[77.04937000000001, 28.922240000000002], [77.03773000000001, 28.913600000000002], [77.03003000000001, 28.918470000000003], [77.02333, 28.918840000000003], [77.02130000000001, 28.920240000000003], [77.01752, 28.925600000000003], [77.03454, 28.925400000000003], [77.04161, 28.92771], [77.04371, 28.926060000000003], [77.04937000000001, 28.922240000000002]]]}}, {"id": "190", "type": "Feature", "properties": {"village_name": "Jatheri", "vil_lgd": 59874, "district_name": "Sonipat", "dist_lgd": 75, "subdistrict_name": "Sonipat", "sdcode": 380, "block_name": "Rai", "block_lgd": 43.0, "gp_name": "JATHERI", "state_name": "HARYANA", "state_lgd": 6, "population": 3699, "households": 741}, "geometry": {"type": "Polygon", "coordinates": [[[77.09333000000001, 28.918460000000003], [77.09508000000001, 28.91702], [77.09668, 28.910740000000004], [77.09628000000001, 28.908600000000003], [77.0946, 28.9067], [77.09062, 28.905120000000004], [77.08980000000001, 28.90067], [77.08775, 28.89938], [77.07771000000001, 28.901960000000003], [77.07396, 28.909720000000004], [77.06806, 28.916890000000002], [77.07149000000001, 28.91993], [77.07703000000001, 28.920930000000002], [77.07938, 28.92433], [77.08420000000001, 28.926070000000003], [77.08810000000001, 28.923080000000002], [77.09333000000001, 28.918460000000003]]]}}, {"id": "191", "type": "Feature", "properties": {"village_name": "Akbarpur Barota", "vil_lgd": 59875, "district_name": "Sonipat", "dist_lgd": 75, "subdistrict_name": "Sonipat", "sdcode": 380, "block_name": "Rai", "block_lgd": 43.0, "gp_name": "AKBARPUR BAROTA", "state_name": "HARYANA", "state_lgd": 6, "population": 5751, "households": 1092}, "geometry": {"type": "Polygon", "coordinates": [[[77.05879, 28.92132], [77.05972000000001, 28.92039], [77.06806, 28.916890000000002], [77.07396, 28.909720000000004], [77.07771000000001, 28.901960000000003], [77.06063, 28.90903], [77.05581000000001, 28.909720000000004], [77.0532, 28.908720000000002], [77.05106, 28.918680000000002], [77.04937000000001, 28.922240000000002], [77.05311, 28.9234], [77.05717, 28.925890000000003], [77.05857, 28.925440000000002], [77.05879, 28.92132]]]}}, {"id": "192", "type": "Feature", "properties": {"village_name": "Patla", "vil_lgd": 59872, "district_name": "Sonipat", "dist_lgd": 75, "subdistrict_name": "Sonipat", "sdcode": 380, "block_name": "Rai", "block_lgd": 43.0, "gp_name": "PATLA", "state_name": "HARYANA", "state_lgd": 6, "population": 1694, "households": 281}, "geometry": {"type": "Polygon", "coordinates": [[[77.13656, 28.9185], [77.14147000000001, 28.9097], [77.14087, 28.907370000000004], [77.13872, 28.907370000000004], [77.13365, 28.904930000000004], [77.13217, 28.905230000000003], [77.12883000000001, 28.907380000000003], [77.12487, 28.90801], [77.12502, 28.90914], [77.12230000000001, 28.911880000000004], [77.12959000000001, 28.920500000000004], [77.13618000000001, 28.921190000000003], [77.13656, 28.9185]]]}}, {"id": "193", "type": "Feature", "properties": {"village_name": "Chhatehara Bahadurpur", "vil_lgd": 59876, "district_name": "Sonipat", "dist_lgd": 75, "subdistrict_name": "Sonipat", "sdcode": 380, "block_name": "Rai", "block_lgd": 43.0, "gp_name": "CHHATERA BAHADURGARH", "state_name": "HARYANA", "state_lgd": 6, "population": 1894, "households": 367}, "geometry": {"type": "Polygon", "coordinates": [[[77.04913, 28.902030000000003], [77.04432000000001, 28.902770000000004], [77.0428, 28.90246], [77.04159, 28.9006], [77.03486000000001, 28.899970000000003], [77.03048000000001, 28.902110000000004], [77.02585, 28.90274], [77.03712, 28.911210000000004], [77.0381, 28.912570000000002], [77.03773000000001, 28.913600000000002], [77.04937000000001, 28.922240000000002], [77.05106, 28.918680000000002], [77.0532, 28.908720000000002], [77.05051, 28.905440000000002], [77.04913, 28.902030000000003]]]}}, {"id": "194", "type": "Feature", "properties": {"village_name": "Badkhalsa", "vil_lgd": 59873, "district_name": "Sonipat", "dist_lgd": 75, "subdistrict_name": "Sonipat", "sdcode": 380, "block_name": "Rai", "block_lgd": 43.0, "gp_name": "BADH KHALSA", "state_name": "HARYANA", "state_lgd": 6, "population": 2642, "households": 529}, "geometry": {"type": "Polygon", "coordinates": [[[77.11642, 28.911680000000004], [77.11864000000001, 28.911160000000002], [77.12230000000001, 28.911880000000004], [77.12502, 28.90914], [77.12487, 28.90801], [77.12416, 28.9067], [77.11907000000001, 28.90285], [77.10692, 28.90463], [77.10391000000001, 28.9127], [77.10124, 28.917160000000003], [77.10776000000001, 28.917520000000003], [77.11126, 28.91927], [77.11222000000001, 28.918910000000004], [77.11642, 28.911680000000004]]]}}, {"id": "195", "type": "Feature", "properties": {"village_name": "Abbaspur", "vil_lgd": 59878, "district_name": "Sonipat", "dist_lgd": 75, "subdistrict_name": "Sonipat", "sdcode": 380, "block_name": "Rai", "block_lgd": 43.0, "gp_name": "ABBASPUR", "state_name": "HARYANA", "state_lgd": 6, "population": 2380, "households": 470}, "geometry": {"type": "Polygon", "coordinates": [[[77.0381, 28.912570000000002], [77.03712, 28.911210000000004], [77.02585, 28.90274], [77.02279, 28.90313], [77.01580000000001, 28.90209], [77.01032000000001, 28.904380000000003], [77.00812, 28.905580000000004], [77.00804000000001, 28.91184], [77.01598000000001, 28.913990000000002], [77.02333, 28.918840000000003], [77.03003000000001, 28.918470000000003], [77.03773000000001, 28.913600000000002], [77.0381, 28.912570000000002]]]}}, {"id": "196", "type": "Feature", "properties": {"village_name": "Garhi Bala", "vil_lgd": 59846, "district_name": "Sonipat", "dist_lgd": 75, "subdistrict_name": "Sonipat", "sdcode": 380, "block_name": "Rai", "block_lgd": 43.0, "gp_name": "GARHI BALA", "state_name": "HARYANA", "state_lgd": 6, "population": 369, "households": 73}, "geometry": {"type": "Polygon", "coordinates": [[[77.00804000000001, 28.91184], [77.00812, 28.905580000000004], [76.99797000000001, 28.900270000000003], [76.99165, 28.90021], [76.98410000000001, 28.896420000000003], [76.98339, 28.898410000000002], [76.98044, 28.899620000000002], [76.97845000000001, 28.903380000000002], [76.98397, 28.90687], [76.98773000000001, 28.908240000000003], [76.99247000000001, 28.91203], [77.00373, 28.911700000000003], [77.00804000000001, 28.91184]]]}}, {"id": "197", "type": "Feature", "properties": {"village_name": "Aterna", "vil_lgd": 59885, "district_name": "Sonipat", "dist_lgd": 75, "subdistrict_name": "Sonipat", "sdcode": 380, "block_name": "Rai", "block_lgd": 43.0, "gp_name": "ATERNA", "state_name": "HARYANA", "state_lgd": 6, "population": 4925, "households": 887}, "geometry": {"type": "Polygon", "coordinates": [[[77.16971000000001, 28.892780000000002], [77.16189, 28.885650000000002], [77.15498000000001, 28.884290000000004], [77.15111, 28.884490000000003], [77.14564, 28.88718], [77.14249000000001, 28.894330000000004], [77.14087, 28.907370000000004], [77.14147000000001, 28.9097], [77.15521000000001, 28.909260000000003], [77.15883000000001, 28.91055], [77.16082, 28.908340000000003], [77.16322000000001, 28.902780000000003], [77.16606, 28.89992], [77.16894, 28.898410000000002], [77.17893000000001, 28.896010000000004], [77.16971000000001, 28.892780000000002]]]}}, {"id": "198", "type": "Feature", "properties": {"village_name": "Kharampur", "vil_lgd": 59888, "district_name": "Sonipat", "dist_lgd": 75, "subdistrict_name": "Sonipat", "sdcode": 380, "block_name": "Rai", "block_lgd": 43.0, "gp_name": "KHURAMPUR", "state_name": "HARYANA", "state_lgd": 6, "population": 1392, "households": 260}, "geometry": {"type": "Polygon", "coordinates": [[[77.22684000000001, 28.90201], [77.2185, 28.898590000000002], [77.21430000000001, 28.897750000000002], [77.19460000000001, 28.899690000000003], [77.19983, 28.903170000000003], [77.20578, 28.90574], [77.23436000000001, 28.910320000000002], [77.23368, 28.907290000000003], [77.22684000000001, 28.90201]]]}}, {"id": "199", "type": "Feature", "properties": {"village_name": "Kheri Mana Jat", "vil_lgd": 59880, "district_name": "Sonipat", "dist_lgd": 75, "subdistrict_name": "Sonipat", "sdcode": 380, "block_name": "Rai", "block_lgd": 43.0, "gp_name": "KHERI MANAJAT", "state_name": "HARYANA", "state_lgd": 6, "population": 3059, "households": 590}, "geometry": {"type": "Polygon", "coordinates": [[[77.07657, 28.8973], [77.07664000000001, 28.89375], [77.07238000000001, 28.889640000000004], [77.06727000000001, 28.88284], [77.06345, 28.880440000000004], [77.05108000000001, 28.888230000000004], [77.04905000000001, 28.890290000000004], [77.04913, 28.902030000000003], [77.05051, 28.905440000000002], [77.0532, 28.908720000000002], [77.05581000000001, 28.909720000000004], [77.06063, 28.90903], [77.07771000000001, 28.901960000000003], [77.07657, 28.8973]]]}}, {"id": "200", "type": "Feature", "properties": {"village_name": "Pritampura", "vil_lgd": 59882, "district_name": "Sonipat", "dist_lgd": 75, "subdistrict_name": "Sonipat", "sdcode": 380, "block_name": "Rai", "block_lgd": 43.0, "gp_name": "PRITAMPURA", "state_name": "HARYANA", "state_lgd": 6, "population": 1829, "households": 363}, "geometry": {"type": "Polygon", "coordinates": [[[77.10152000000001, 28.895110000000003], [77.09349, 28.891990000000003], [77.08825, 28.897260000000003], [77.08775, 28.89938], [77.08980000000001, 28.90067], [77.09062, 28.905120000000004], [77.0946, 28.9067], [77.09706000000001, 28.90632], [77.09996000000001, 28.903990000000004], [77.10220000000001, 28.903350000000003], [77.10434000000001, 28.900610000000004], [77.10152000000001, 28.895110000000003]]]}}, {"id": "201", "type": "Feature", "properties": {"village_name": "Nangal Kalan", "vil_lgd": 59884, "district_name": "Sonipat", "dist_lgd": 75, "subdistrict_name": "Sonipat", "sdcode": 380, "block_name": "Rai", "block_lgd": 43.0, "gp_name": "NAGAL KALAN", "state_name": "HARYANA", "state_lgd": 6, "population": 6704, "households": 1183}, "geometry": {"type": "Polygon", "coordinates": [[[77.13365, 28.904930000000004], [77.13872, 28.907370000000004], [77.14087, 28.907370000000004], [77.14249000000001, 28.894330000000004], [77.14564, 28.88718], [77.14236000000001, 28.883570000000002], [77.13797000000001, 28.88171], [77.13811000000001, 28.88023], [77.13056, 28.88303], [77.11746000000001, 28.88566], [77.11781, 28.886640000000003], [77.11873, 28.889560000000003], [77.11907000000001, 28.90285], [77.12416, 28.9067], [77.12487, 28.90801], [77.12883000000001, 28.907380000000003], [77.13217, 28.905230000000003], [77.13365, 28.904930000000004]]]}}, {"id": "202", "type": "Feature", "properties": {"village_name": "Rasoi", "vil_lgd": 59883, "district_name": "Sonipat", "dist_lgd": 75, "subdistrict_name": "Sonipat", "sdcode": 380, "block_name": "Rai", "block_lgd": 43.0, "gp_name": "RASOI", "state_name": "HARYANA", "state_lgd": 6, "population": 2610, "households": 539}, "geometry": {"type": "Polygon", "coordinates": [[[77.11873, 28.889560000000003], [77.11781, 28.886640000000003], [77.11265, 28.89147], [77.10718, 28.89429], [77.10152000000001, 28.895110000000003], [77.10434000000001, 28.900610000000004], [77.10716000000001, 28.90388], [77.10692, 28.90463], [77.11907000000001, 28.90285], [77.11873, 28.889560000000003]]]}}, {"id": "203", "type": "Feature", "properties": {"village_name": "Bakipur", "vil_lgd": 59889, "district_name": "Sonipat", "dist_lgd": 75, "subdistrict_name": "Sonipat", "sdcode": 380, "block_name": "Rai", "block_lgd": 43.0, "gp_name": "BAQIPUR", "state_name": "HARYANA", "state_lgd": 6, "population": 3494, "households": 609}, "geometry": {"type": "Polygon", "coordinates": [[[77.22897, 28.89477], [77.21998, 28.895390000000003], [77.20984, 28.8942], [77.20465, 28.892490000000002], [77.18689, 28.889480000000002], [77.18416, 28.895290000000003], [77.19166000000001, 28.897430000000004], [77.19460000000001, 28.899690000000003], [77.21430000000001, 28.897750000000002], [77.2185, 28.898590000000002], [77.22684000000001, 28.90201], [77.23368, 28.907290000000003], [77.23229, 28.902580000000004], [77.23247, 28.898410000000002], [77.22897, 28.89477]]]}}, {"id": "204", "type": "Feature", "properties": {"village_name": "Malha Majra", "vil_lgd": 59879, "district_name": "Sonipat", "dist_lgd": 75, "subdistrict_name": "Sonipat", "sdcode": 380, "block_name": "Rai", "block_lgd": 43.0, "gp_name": "MALHA MAJRA", "state_name": "HARYANA", "state_lgd": 6, "population": 1763, "households": 338}, "geometry": {"type": "Polygon", "coordinates": [[[77.04159, 28.9006], [77.0428, 28.90246], [77.04432000000001, 28.902770000000004], [77.04913, 28.902030000000003], [77.04905000000001, 28.890290000000004], [77.05108000000001, 28.888230000000004], [77.04154000000001, 28.88971], [77.03348000000001, 28.888910000000003], [77.02931000000001, 28.890240000000002], [77.02247000000001, 28.89513], [77.02281, 28.90087], [77.02585, 28.90274], [77.03048000000001, 28.902110000000004], [77.03486000000001, 28.899970000000003], [77.04159, 28.9006]]]}}, {"id": "205", "type": "Feature", "properties": {"village_name": "Bazidpur Saboli", "vil_lgd": 59898, "district_name": "Sonipat", "dist_lgd": 75, "subdistrict_name": "Sonipat", "sdcode": 380, "block_name": "Rai", "block_lgd": 43.0, "gp_name": "BAZIDPUR SABOLI", "state_name": "HARYANA", "state_lgd": 6, "population": 4024, "households": 734}, "geometry": {"type": "Polygon", "coordinates": [[[77.10971, 28.8701], [77.09383000000001, 28.871660000000002], [77.08754, 28.875470000000004], [77.08807, 28.877070000000003], [77.08640000000001, 28.881510000000002], [77.09324000000001, 28.887030000000003], [77.09440000000001, 28.887150000000002], [77.10007, 28.88343], [77.11134000000001, 28.87815], [77.10971, 28.8701]]]}}, {"id": "206", "type": "Feature", "properties": {"village_name": "Dheki", "vil_lgd": 59901, "district_name": "Sonipat", "dist_lgd": 75, "subdistrict_name": "Sonipat", "sdcode": 380, "block_name": "Rai", "block_lgd": 43.0, "gp_name": "DHEKI", "state_name": "HARYANA", "state_lgd": 6, "population": 8, "households": 1}, "geometry": {"type": "Polygon", "coordinates": [[[77.06345, 28.880440000000004], [77.05969, 28.87402], [77.05733000000001, 28.874640000000003], [77.04048, 28.88435], [77.04154000000001, 28.88971], [77.05108000000001, 28.888230000000004], [77.06345, 28.880440000000004]]]}}, {"id": "207", "type": "Feature", "properties": {"village_name": "Hansapur", "vil_lgd": 59886, "district_name": "Sonipat", "dist_lgd": 75, "subdistrict_name": "Sonipat", "sdcode": 380, "block_name": "Rai", "block_lgd": 43.0, "gp_name": "HANSAPUR", "state_name": "HARYANA", "state_lgd": 6, "population": 0, "households": 0}, "geometry": {"type": "Polygon", "coordinates": [[[77.17397000000001, 28.910500000000003], [77.17729, 28.905260000000002], [77.17893000000001, 28.896010000000004], [77.16894, 28.898410000000002], [77.16606, 28.89992], [77.16322000000001, 28.902780000000003], [77.16082, 28.908340000000003], [77.15883000000001, 28.91055], [77.16368, 28.9142], [77.16684000000001, 28.917980000000004], [77.17215, 28.917360000000002], [77.17397000000001, 28.910500000000003]]]}}, {"id": "208", "type": "Feature", "properties": {"village_name": "Abdulapur", "vil_lgd": 59799, "district_name": "Sonipat", "dist_lgd": 75, "subdistrict_name": "Sonipat", "sdcode": 380, "block_name": "Sonipat", "block_lgd": 44.0, "gp_name": "ABDULPUR", "state_name": "HARYANA", "state_lgd": 6, "population": 0, "households": 0}, "geometry": {"type": "Polygon", "coordinates": [[[77.03617000000001, 29.04173], [77.04069000000001, 29.034660000000002], [77.04421, 29.031090000000003], [77.04333000000001, 29.03018], [77.03735, 29.0256], [77.03355, 29.02643], [77.02994000000001, 29.029400000000003], [77.02301, 29.027200000000004], [77.02156000000001, 29.038390000000003], [77.02480000000001, 29.04052], [77.03155000000001, 29.04257], [77.03397000000001, 29.04249], [77.03617000000001, 29.04173]]]}}, {"id": "209", "type": "Feature", "properties": {"village_name": "Murshidpur", "vil_lgd": 59816, "district_name": "Sonipat", "dist_lgd": 75, "subdistrict_name": "Sonipat", "sdcode": 380, "block_name": "Sonipat", "block_lgd": 44.0, "gp_name": "MURSHIDPUR", "state_name": "HARYANA", "state_lgd": 6, "population": 0, "households": 0}, "geometry": {"type": "Polygon", "coordinates": [[[77.12309, 29.01049], [77.12129, 29.008170000000003], [77.11548, 29.00119], [77.10459, 28.997650000000004], [77.10491, 29.001900000000003], [77.10886, 29.008210000000002], [77.11723, 29.013140000000003], [77.11873, 29.018430000000002], [77.12447, 29.023960000000002], [77.12817000000001, 29.024390000000004], [77.13455, 29.022460000000002], [77.12309, 29.01049]]]}}, {"id": "210", "type": "Feature", "properties": {"village_name": "Bhera", "vil_lgd": 59890, "district_name": "Sonipat", "dist_lgd": 75, "subdistrict_name": "Sonipat", "sdcode": 380, "block_name": "Rai", "block_lgd": 43.0, "gp_name": "BAHERA", "state_name": "HARYANA", "state_lgd": 6, "population": 0, "households": 0}, "geometry": {"type": "Polygon", "coordinates": [[[77.22757, 28.89403], [77.22738000000001, 28.892350000000004], [77.22809000000001, 28.881230000000002], [77.22351, 28.878600000000002], [77.21941000000001, 28.879490000000004], [77.2166, 28.883750000000003], [77.21304, 28.88659], [77.2082, 28.888150000000003], [77.20375, 28.888180000000002], [77.20465, 28.892490000000002], [77.20984, 28.8942], [77.21998, 28.895390000000003], [77.22897, 28.89477], [77.22757, 28.89403]]]}}, {"id": "211", "type": "Feature", "properties": {"village_name": "Shafiabad Kheri Manajat", "vil_lgd": 59881, "district_name": "Sonipat", "dist_lgd": 75, "subdistrict_name": "Sonipat", "sdcode": 380, "block_name": "Rai", "block_lgd": 43.0, "gp_name": "SHAFIABAD KHERI MANAJAT", "state_name": "HARYANA", "state_lgd": 6, "population": 0, "households": 0}, "geometry": {"type": "Polygon", "coordinates": [[[77.08825, 28.897260000000003], [77.09349, 28.891990000000003], [77.09324000000001, 28.887030000000003], [77.08745, 28.887000000000004], [77.08266, 28.887240000000002], [77.07238000000001, 28.889640000000004], [77.07664000000001, 28.89375], [77.07657, 28.8973], [77.07771000000001, 28.901960000000003], [77.08775, 28.89938], [77.08825, 28.897260000000003]]]}}, {"id": "212", "type": "Feature", "properties": {"village_name": "Fazilpur CT", "vil_lgd": 59905, "district_name": "Sonipat", "dist_lgd": 75, "subdistrict_name": "Sonipat", "sdcode": 380, "block_name": "", "block_lgd": null, "gp_name": "", "state_name": "HARYANA", "state_lgd": 6, "population": 3692, "households": 717}, "geometry": {"type": "Polygon", "coordinates": [[[77.05130000000001, 28.983940000000004], [77.05203, 28.98025], [77.04453000000001, 28.981260000000002], [77.04266000000001, 28.98008], [77.04262, 28.978600000000004], [77.04181000000001, 28.97904], [77.0383, 28.983000000000004], [77.03579, 28.987990000000003], [77.04109000000001, 28.991180000000004], [77.05382, 28.988760000000003], [77.05130000000001, 28.983940000000004]]]}}, {"id": "213", "type": "Feature", "properties": {"village_name": "Banyapur CT", "vil_lgd": 59906, "district_name": "Sonipat", "dist_lgd": 75, "subdistrict_name": "Sonipat", "sdcode": 380, "block_name": "", "block_lgd": null, "gp_name": "", "state_name": "HARYANA", "state_lgd": 6, "population": 5406, "households": 1068}, "geometry": {"type": "Polygon", "coordinates": [[[77.03036, 28.967370000000003], [77.02722, 28.956780000000002], [77.01995000000001, 28.956630000000004], [77.00661000000001, 28.95277], [76.98829, 28.95088], [76.98530000000001, 28.951210000000003], [76.97722, 28.960230000000003], [76.98015000000001, 28.967080000000003], [76.98392000000001, 28.966810000000002], [76.98601000000001, 28.967670000000002], [77.00059, 28.966900000000003], [77.01271000000001, 28.96731], [77.01635, 28.96984], [77.01899, 28.97443], [77.02574000000001, 28.9738], [77.02696, 28.974940000000004], [77.02938, 28.97435], [77.03036, 28.967370000000003]]]}}, {"id": "214", "type": "Feature", "properties": {"village_name": "Bad Malik CT", "vil_lgd": 59907, "district_name": "Sonipat", "dist_lgd": 75, "subdistrict_name": "Sonipat", "sdcode": 380, "block_name": "", "block_lgd": null, "gp_name": "", "state_name": "HARYANA", "state_lgd": 6, "population": 6938, "households": 1657}, "geometry": {"type": "Polygon", "coordinates": [[[77.10391000000001, 28.9127], [77.10692, 28.90463], [77.10716000000001, 28.90388], [77.10434000000001, 28.900610000000004], [77.10220000000001, 28.903350000000003], [77.09996000000001, 28.903990000000004], [77.09706000000001, 28.90632], [77.0946, 28.9067], [77.09628000000001, 28.908600000000003], [77.09668, 28.910740000000004], [77.09508000000001, 28.91702], [77.09333000000001, 28.918460000000003], [77.10124, 28.917160000000003], [77.10391000000001, 28.9127]]]}}, {"id": "215", "type": "Feature", "properties": {"village_name": "Sonipat", "vil_lgd": 800389, "district_name": "Sonipat", "dist_lgd": 75, "subdistrict_name": "Sonipat", "sdcode": 380, "block_name": "", "block_lgd": null, "gp_name": "", "state_name": "HARYANA", "state_lgd": 6, "population": 289333, "households": 57740}, "geometry": {"type": "Polygon", "coordinates": [[[77.01463000000001, 29.02436], [77.02301, 29.027200000000004], [77.02559000000001, 29.025100000000002], [77.0336, 29.021400000000003], [77.04258, 29.01133], [77.04654000000001, 29.008550000000003], [77.04780000000001, 29.00392], [77.04773, 29.000790000000002], [77.04593000000001, 28.999330000000004], [77.03671, 28.995690000000003], [77.03275000000001, 28.995790000000003], [77.03468000000001, 28.993240000000004], [77.04077000000001, 28.99191], [77.04109000000001, 28.991180000000004], [77.03579, 28.987990000000003], [77.0383, 28.983000000000004], [77.04181000000001, 28.97904], [77.04262, 28.978600000000004], [77.04266000000001, 28.98008], [77.04453000000001, 28.981260000000002], [77.05203, 28.98025], [77.05678, 28.97848], [77.06443, 28.97341], [77.06826000000001, 28.973080000000003], [77.07176000000001, 28.97145], [77.07209, 28.96928], [77.07525000000001, 28.96394], [77.0793, 28.961090000000002], [77.07979, 28.959970000000002], [77.07963000000001, 28.95736], [77.07789000000001, 28.95428], [77.07463000000001, 28.95248], [77.06984, 28.954200000000004], [77.06461, 28.956570000000003], [77.05678, 28.95868], [77.05207, 28.961380000000002], [77.04559, 28.962760000000003], [77.04253, 28.964380000000002], [77.03272000000001, 28.96573], [77.03036, 28.967370000000003], [77.02938, 28.97435], [77.02696, 28.974940000000004], [77.02574000000001, 28.9738], [77.01899, 28.97443], [77.01614000000001, 28.974320000000002], [77.00995, 28.976110000000002], [76.99600000000001, 28.976260000000003], [76.98651000000001, 28.982490000000002], [76.98230000000001, 28.984730000000003], [76.97934000000001, 28.987710000000003], [76.97707000000001, 28.993100000000002], [76.97505000000001, 28.99555], [76.97009000000001, 28.998980000000003], [76.96956, 29.000080000000004], [76.97516, 29.008660000000003], [76.97557, 29.01075], [76.97465000000001, 29.014360000000003], [76.97592, 29.01666], [76.97836000000001, 29.018530000000002], [76.98739, 29.017020000000002], [76.99622000000001, 29.01761], [77.00532000000001, 29.0206], [77.00703, 29.023020000000002], [77.00713, 29.027980000000003], [77.01005, 29.029100000000003], [77.01348, 29.02877], [77.01408, 29.026850000000003], [77.01463000000001, 29.02436]]]}}, {"id": "216", "type": "Feature", "properties": {"village_name": "Nizampur", "vil_lgd": 59649, "district_name": "Sonipat", "dist_lgd": 75, "subdistrict_name": "Gohana", "sdcode": 378, "block_name": "Kathura", "block_lgd": 40.0, "gp_name": "NIZAMPUR", "state_name": "HARYANA", "state_lgd": 6, "population": 3287, "households": 632}, "geometry": {"type": "Polygon", "coordinates": [[[76.49342, 29.238970000000002], [76.5121, 29.23233], [76.52528000000001, 29.23168], [76.52463, 29.22801], [76.51098, 29.220950000000002], [76.49676000000001, 29.216910000000002], [76.48862000000001, 29.21074], [76.48258000000001, 29.216420000000003], [76.47797000000001, 29.22228], [76.47668, 29.228610000000003], [76.47669, 29.23552], [76.47452000000001, 29.238030000000002], [76.48116, 29.240700000000004], [76.48312, 29.242580000000004], [76.48575000000001, 29.240620000000003], [76.49053, 29.238970000000002], [76.49342, 29.238970000000002]]]}}, {"id": "217", "type": "Feature", "properties": {"village_name": "Bhawar", "vil_lgd": 59650, "district_name": "Sonipat", "dist_lgd": 75, "subdistrict_name": "Gohana", "sdcode": 378, "block_name": "Kathura", "block_lgd": 40.0, "gp_name": "BHAWAR", "state_name": "HARYANA", "state_lgd": 6, "population": 6705, "households": 1255}, "geometry": {"type": "Polygon", "coordinates": [[[76.54007, 29.201050000000002], [76.53710000000001, 29.194650000000003], [76.52512, 29.182990000000004], [76.52172, 29.177820000000004], [76.52109, 29.17507], [76.51806, 29.171170000000004], [76.5146, 29.169570000000004], [76.50647000000001, 29.16822], [76.50206, 29.172390000000004], [76.49716000000001, 29.17546], [76.49561, 29.17818], [76.49503, 29.18381], [76.49563, 29.184680000000004], [76.49315, 29.190410000000004], [76.49313000000001, 29.19732], [76.4906, 29.206750000000003], [76.48862000000001, 29.21074], [76.49676000000001, 29.216910000000002], [76.51098, 29.220950000000002], [76.52463, 29.22801], [76.52390000000001, 29.223430000000004], [76.52533000000001, 29.220650000000003], [76.53404, 29.214010000000002], [76.54072000000001, 29.21085], [76.54007, 29.201050000000002]]]}}, {"id": "218", "type": "Feature", "properties": {"village_name": "Gharwal", "vil_lgd": 59651, "district_name": "Sonipat", "dist_lgd": 75, "subdistrict_name": "Gohana", "sdcode": 378, "block_name": "Kathura", "block_lgd": 40.0, "gp_name": "GHARWAL", "state_name": "HARYANA", "state_lgd": 6, "population": 5625, "households": 1033}, "geometry": {"type": "Polygon", "coordinates": [[[76.54664000000001, 29.20963], [76.55066000000001, 29.210430000000002], [76.55519000000001, 29.194640000000003], [76.55730000000001, 29.184120000000004], [76.55747000000001, 29.178040000000003], [76.55918000000001, 29.175230000000003], [76.56307000000001, 29.173080000000002], [76.56241, 29.169430000000002], [76.55893, 29.166670000000003], [76.55141, 29.16503], [76.53809000000001, 29.164720000000003], [76.53377, 29.1625], [76.52878000000001, 29.157690000000002], [76.52082, 29.161320000000003], [76.51162000000001, 29.162530000000004], [76.51189000000001, 29.16335], [76.50647000000001, 29.16822], [76.5146, 29.169570000000004], [76.51806, 29.171170000000004], [76.52109, 29.17507], [76.52172, 29.177820000000004], [76.52512, 29.182990000000004], [76.53710000000001, 29.194650000000003], [76.54007, 29.201050000000002], [76.54072000000001, 29.21085], [76.54253, 29.209920000000004], [76.54664000000001, 29.20963]]]}}, {"id": "219", "type": "Feature", "properties": {"village_name": "Rindhana", "vil_lgd": 59654, "district_name": "Sonipat", "dist_lgd": 75, "subdistrict_name": "Gohana", "sdcode": 378, "block_name": "Kathura", "block_lgd": 40.0, "gp_name": "RINDHANA", "state_name": "HARYANA", "state_lgd": 6, "population": 6189, "households": 1189}, "geometry": {"type": "Polygon", "coordinates": [[[76.53212, 29.14928], [76.53646, 29.142200000000003], [76.53798, 29.138140000000003], [76.54081000000001, 29.1353], [76.54182, 29.132170000000002], [76.54687000000001, 29.124550000000003], [76.5473, 29.122660000000003], [76.54161, 29.1231], [76.52923000000001, 29.123210000000004], [76.52626000000001, 29.122190000000003], [76.49754, 29.122110000000003], [76.49053, 29.12066], [76.48559, 29.12113], [76.48627, 29.12263], [76.48665000000001, 29.13061], [76.49291000000001, 29.143330000000002], [76.49817, 29.14871], [76.49889, 29.15106], [76.50501000000001, 29.154580000000003], [76.50529, 29.15584], [76.50814000000001, 29.15669], [76.51088, 29.156080000000003], [76.51162000000001, 29.162530000000004], [76.52082, 29.161320000000003], [76.52878000000001, 29.157690000000002], [76.53212, 29.14928]]]}}, {"id": "220", "type": "Feature", "properties": {"village_name": "Dhanana Aladadpur", "vil_lgd": 59655, "district_name": "Sonipat", "dist_lgd": 75, "subdistrict_name": "Gohana", "sdcode": 378, "block_name": "Kathura", "block_lgd": 40.0, "gp_name": "DHANANAALADADPUR", "state_name": "HARYANA", "state_lgd": 6, "population": 6591, "households": 1204}, "geometry": {"type": "Polygon", "coordinates": [[[76.5473, 29.122660000000003], [76.54700000000001, 29.115750000000002], [76.54292000000001, 29.107530000000004], [76.54239000000001, 29.102860000000003], [76.53908000000001, 29.097980000000003], [76.53722, 29.098100000000002], [76.5336, 29.094330000000003], [76.53194, 29.09475], [76.52932000000001, 29.091710000000003], [76.52688, 29.092460000000003], [76.52562, 29.089420000000004], [76.52339, 29.088240000000003], [76.52117000000001, 29.084350000000004], [76.51595, 29.085760000000004], [76.5107, 29.07918], [76.50995, 29.077250000000003], [76.49571, 29.082220000000003], [76.48797, 29.087290000000003], [76.4775, 29.09221], [76.48055000000001, 29.100450000000002], [76.48110000000001, 29.107010000000002], [76.48567000000001, 29.115740000000002], [76.48559, 29.12113], [76.49053, 29.12066], [76.49754, 29.122110000000003], [76.52626000000001, 29.122190000000003], [76.52923000000001, 29.123210000000004], [76.54161, 29.1231], [76.5473, 29.122660000000003]]]}}, {"id": "221", "type": "Feature", "properties": {"village_name": "Balli Qutabpur", "vil_lgd": 59706, "district_name": "Sonipat", "dist_lgd": 75, "subdistrict_name": "Ganaur", "sdcode": 379, "block_name": "Ganaur", "block_lgd": 42.0, "gp_name": "BALLI QUTABPUR", "state_name": "HARYANA", "state_lgd": 6, "population": 2759, "households": 512}, "geometry": {"type": "Polygon", "coordinates": [[[76.92873, 29.213300000000004], [76.92498, 29.20606], [76.91972000000001, 29.199840000000002], [76.92021000000001, 29.193130000000004], [76.91952, 29.18935], [76.91795, 29.188550000000003], [76.91662000000001, 29.189380000000003], [76.90285, 29.19075], [76.89952000000001, 29.19236], [76.89515, 29.192090000000004], [76.89175, 29.194830000000003], [76.8867, 29.196340000000003], [76.88975, 29.19948], [76.88959000000001, 29.206480000000003], [76.89191000000001, 29.20718], [76.89567000000001, 29.211190000000002], [76.90069000000001, 29.212760000000003], [76.90343, 29.21243], [76.90543000000001, 29.21468], [76.90961, 29.214190000000002], [76.91812, 29.21938], [76.92289000000001, 29.215570000000003], [76.92541, 29.214610000000004], [76.92873, 29.213300000000004]]]}}, {"id": "222", "type": "Feature", "properties": {"village_name": "Manak Majra", "vil_lgd": 59709, "district_name": "Sonipat", "dist_lgd": 75, "subdistrict_name": "Ganaur", "sdcode": 379, "block_name": "Ganaur", "block_lgd": 42.0, "gp_name": "MANAK MAJRA", "state_name": "HARYANA", "state_lgd": 6, "population": 115, "households": 22}, "geometry": {"type": "Polygon", "coordinates": [[[76.96737, 29.19712], [76.9641, 29.194900000000004], [76.96407, 29.193700000000003], [76.96756, 29.192780000000003], [76.96071, 29.19282], [76.95699, 29.192580000000003], [76.95447, 29.19836], [76.95418000000001, 29.200680000000002], [76.95535000000001, 29.205740000000002], [76.95968, 29.205060000000003], [76.9608, 29.202900000000003], [76.96629, 29.19863], [76.96737, 29.19712]]]}}, {"id": "223", "type": "Feature", "properties": {"village_name": "Ahulana", "vil_lgd": 59707, "district_name": "Sonipat", "dist_lgd": 75, "subdistrict_name": "Ganaur", "sdcode": 379, "block_name": "Ganaur", "block_lgd": 42.0, "gp_name": "AHULANA", "state_name": "HARYANA", "state_lgd": 6, "population": 3249, "households": 593}, "geometry": {"type": "Polygon", "coordinates": [[[76.93889, 29.208710000000004], [76.94741, 29.20905], [76.95317, 29.20736], [76.95535000000001, 29.205740000000002], [76.95418000000001, 29.200680000000002], [76.95447, 29.19836], [76.95699, 29.192580000000003], [76.95411, 29.18952], [76.95082000000001, 29.18823], [76.94781, 29.18295], [76.94359, 29.17846], [76.94002, 29.17836], [76.93497, 29.178880000000003], [76.92952000000001, 29.180670000000003], [76.92249000000001, 29.184670000000004], [76.91952, 29.18935], [76.92021000000001, 29.193130000000004], [76.91972000000001, 29.199840000000002], [76.92498, 29.20606], [76.92873, 29.213300000000004], [76.93100000000001, 29.214270000000003], [76.93477, 29.21158], [76.93889, 29.208710000000004]]]}}, {"id": "224", "type": "Feature", "properties": {"village_name": "Bhora Rasulpur", "vil_lgd": 59710, "district_name": "Sonipat", "dist_lgd": 75, "subdistrict_name": "Ganaur", "sdcode": 379, "block_name": "Ganaur", "block_lgd": 42.0, "gp_name": "BHORA RASULPUR", "state_name": "HARYANA", "state_lgd": 6, "population": 2123, "households": 416}, "geometry": {"type": "Polygon", "coordinates": [[[76.98610000000001, 29.188730000000003], [76.98700000000001, 29.187900000000003], [76.99166000000001, 29.190320000000003], [76.99792000000001, 29.18569], [76.99884, 29.18551], [76.99957, 29.186570000000003], [76.99910000000001, 29.185290000000002], [77.00071000000001, 29.18448], [76.99663000000001, 29.17705], [76.99425000000001, 29.174540000000004], [76.99310000000001, 29.170600000000004], [76.99098000000001, 29.170270000000002], [76.9864, 29.17207], [76.98153, 29.17535], [76.97596, 29.181040000000003], [76.97288, 29.181960000000004], [76.97412, 29.184060000000002], [76.97391, 29.18579], [76.96756, 29.192780000000003], [76.98084, 29.188830000000003], [76.98610000000001, 29.188730000000003]]]}}, {"id": "225", "type": "Feature", "properties": {"village_name": "Pogthala", "vil_lgd": 59704, "district_name": "Sonipat", "dist_lgd": 75, "subdistrict_name": "Ganaur", "sdcode": 379, "block_name": "Ganaur", "block_lgd": 42.0, "gp_name": "POGTHALA", "state_name": "HARYANA", "state_lgd": 6, "population": 4022, "households": 728}, "geometry": {"type": "Polygon", "coordinates": [[[76.87842, 29.192200000000003], [76.8841, 29.193730000000002], [76.88566, 29.19452], [76.8867, 29.196340000000003], [76.89175, 29.194830000000003], [76.89515, 29.192090000000004], [76.89466, 29.18888], [76.89155000000001, 29.18136], [76.88896000000001, 29.178620000000002], [76.87747, 29.173890000000004], [76.87365000000001, 29.17649], [76.86250000000001, 29.179930000000002], [76.84877, 29.186890000000002], [76.85323000000001, 29.191300000000002], [76.85701, 29.197260000000004], [76.85962, 29.199740000000002], [76.86094, 29.198200000000003], [76.87461, 29.192390000000003], [76.87842, 29.192200000000003]]]}}, {"id": "226", "type": "Feature", "properties": {"village_name": "Sardhana", "vil_lgd": 59705, "district_name": "Sonipat", "dist_lgd": 75, "subdistrict_name": "Ganaur", "sdcode": 379, "block_name": "Ganaur", "block_lgd": 42.0, "gp_name": "SARDHANA", "state_name": "HARYANA", "state_lgd": 6, "population": 1634, "households": 300}, "geometry": {"type": "Polygon", "coordinates": [[[76.91336000000001, 29.185670000000002], [76.91183000000001, 29.17846], [76.90498000000001, 29.173980000000004], [76.89978, 29.17678], [76.88896000000001, 29.178620000000002], [76.89155000000001, 29.18136], [76.89466, 29.18888], [76.89515, 29.192090000000004], [76.89952000000001, 29.19236], [76.90285, 29.19075], [76.91662000000001, 29.189380000000003], [76.91336000000001, 29.185670000000002]]]}}, {"id": "227", "type": "Feature", "properties": {"village_name": "Atail", "vil_lgd": 59708, "district_name": "Sonipat", "dist_lgd": 75, "subdistrict_name": "Ganaur", "sdcode": 379, "block_name": "Ganaur", "block_lgd": 42.0, "gp_name": "ATAIL", "state_name": "HARYANA", "state_lgd": 6, "population": 1468, "households": 267}, "geometry": {"type": "Polygon", "coordinates": [[[76.96756, 29.192780000000003], [76.97391, 29.18579], [76.97412, 29.184060000000002], [76.97288, 29.181960000000004], [76.96526, 29.180670000000003], [76.96069, 29.182080000000003], [76.95677, 29.1822], [76.9543, 29.18128], [76.95108, 29.182820000000003], [76.94781, 29.18295], [76.95082000000001, 29.18823], [76.95411, 29.18952], [76.95699, 29.192580000000003], [76.96071, 29.19282], [76.96756, 29.192780000000003]]]}}, {"id": "228", "type": "Feature", "properties": {"village_name": "Khubru", "vil_lgd": 59715, "district_name": "Sonipat", "dist_lgd": 75, "subdistrict_name": "Ganaur", "sdcode": 379, "block_name": "Ganaur", "block_lgd": 42.0, "gp_name": "KHUBRU", "state_name": "HARYANA", "state_lgd": 6, "population": 3578, "households": 667}, "geometry": {"type": "Polygon", "coordinates": [[[76.92249000000001, 29.184670000000004], [76.92279, 29.180090000000003], [76.92421, 29.175520000000002], [76.92759000000001, 29.174460000000003], [76.93629, 29.165160000000004], [76.9359, 29.162280000000003], [76.93473, 29.160480000000003], [76.93531, 29.15968], [76.93430000000001, 29.155990000000003], [76.92971, 29.149610000000003], [76.92938000000001, 29.1475], [76.92605, 29.149430000000002], [76.91527, 29.149900000000002], [76.91322000000001, 29.150330000000004], [76.90792, 29.153100000000002], [76.90244000000001, 29.159290000000002], [76.90148, 29.165860000000002], [76.90193000000001, 29.168810000000004], [76.90498000000001, 29.173980000000004], [76.91183000000001, 29.17846], [76.91336000000001, 29.185670000000002], [76.91662000000001, 29.189380000000003], [76.91795, 29.188550000000003], [76.91952, 29.18935], [76.92249000000001, 29.184670000000004]]]}}, {"id": "229", "type": "Feature", "properties": {"village_name": "Bajana Khurd", "vil_lgd": 59702, "district_name": "Sonipat", "dist_lgd": 75, "subdistrict_name": "Ganaur", "sdcode": 379, "block_name": "Ganaur", "block_lgd": 42.0, "gp_name": "BAJANA KALAN", "state_name": "HARYANA", "state_lgd": 6, "population": 2743, "households": 512}, "geometry": {"type": "Polygon", "coordinates": [[[76.87570000000001, 29.17], [76.87575000000001, 29.167600000000004], [76.87843000000001, 29.159580000000002], [76.88032000000001, 29.157680000000003], [76.87111, 29.15847], [76.86529, 29.161210000000004], [76.85759, 29.166390000000003], [76.85178, 29.167720000000003], [76.83516, 29.181070000000002], [76.84364000000001, 29.18296], [76.84877, 29.186890000000002], [76.86250000000001, 29.179930000000002], [76.87365000000001, 29.17649], [76.87747, 29.173890000000004], [76.87570000000001, 29.17]]]}}, {"id": "230", "type": "Feature", "properties": {"village_name": "Nayabans", "vil_lgd": 59714, "district_name": "Sonipat", "dist_lgd": 75, "subdistrict_name": "Ganaur", "sdcode": 379, "block_name": "Ganaur", "block_lgd": 42.0, "gp_name": "NAYABANS", "state_name": "HARYANA", "state_lgd": 6, "population": 2019, "households": 383}, "geometry": {"type": "Polygon", "coordinates": [[[76.94359, 29.17846], [76.9488, 29.167030000000004], [76.95160000000001, 29.163310000000003], [76.95178, 29.1609], [76.95029000000001, 29.159830000000003], [76.94833000000001, 29.160370000000004], [76.94489, 29.162660000000002], [76.93629, 29.165160000000004], [76.92759000000001, 29.174460000000003], [76.92421, 29.175520000000002], [76.92279, 29.180090000000003], [76.92249000000001, 29.184670000000004], [76.92952000000001, 29.180670000000003], [76.93497, 29.178880000000003], [76.94002, 29.17836], [76.94359, 29.17846]]]}}, {"id": "231", "type": "Feature", "properties": {"village_name": "Bulandpur", "vil_lgd": 59713, "district_name": "Sonipat", "dist_lgd": 75, "subdistrict_name": "Ganaur", "sdcode": 379, "block_name": "Ganaur", "block_lgd": 42.0, "gp_name": "BULANDPUR", "state_name": "HARYANA", "state_lgd": 6, "population": 1839, "households": 342}, "geometry": {"type": "Polygon", "coordinates": [[[76.95479, 29.178240000000002], [76.96022, 29.170030000000004], [76.95926, 29.162900000000004], [76.95178, 29.1609], [76.95160000000001, 29.163310000000003], [76.9488, 29.167030000000004], [76.94359, 29.17846], [76.94781, 29.18295], [76.95108, 29.182820000000003], [76.9543, 29.18128], [76.95479, 29.178240000000002]]]}}, {"id": "232", "type": "Feature", "properties": {"village_name": "Kheri Gujjar", "vil_lgd": 59712, "district_name": "Sonipat", "dist_lgd": 75, "subdistrict_name": "Ganaur", "sdcode": 379, "block_name": "Ganaur", "block_lgd": 42.0, "gp_name": "KHERIGUJAR", "state_name": "HARYANA", "state_lgd": 6, "population": 6521, "households": 1239}, "geometry": {"type": "Polygon", "coordinates": [[[76.96526, 29.180670000000003], [76.97288, 29.181960000000004], [76.97596, 29.181040000000003], [76.98153, 29.17535], [76.9864, 29.17207], [76.99098000000001, 29.170270000000002], [76.99418, 29.166370000000004], [76.99455, 29.16167], [76.99722000000001, 29.156060000000004], [76.99891000000001, 29.155600000000003], [77.00162, 29.157000000000004], [76.99883000000001, 29.152060000000002], [76.99093, 29.15649], [76.9711, 29.15913], [76.96736, 29.159620000000004], [76.95926, 29.162900000000004], [76.96022, 29.170030000000004], [76.95479, 29.178240000000002], [76.9543, 29.18128], [76.95677, 29.1822], [76.96069, 29.182080000000003], [76.96526, 29.180670000000003]]]}}, {"id": "233", "type": "Feature", "properties": {"village_name": "Bajana Kalan", "vil_lgd": 59701, "district_name": "Sonipat", "dist_lgd": 75, "subdistrict_name": "Ganaur", "sdcode": 379, "block_name": "Ganaur", "block_lgd": 42.0, "gp_name": "BAJANA KALAN", "state_name": "HARYANA", "state_lgd": 6, "population": 2551, "households": 473}, "geometry": {"type": "Polygon", "coordinates": [[[76.88032000000001, 29.157680000000003], [76.88244, 29.149490000000004], [76.87753000000001, 29.14619], [76.87138, 29.143390000000004], [76.86852, 29.142950000000003], [76.86319, 29.143720000000002], [76.85273000000001, 29.145960000000002], [76.84825000000001, 29.147810000000003], [76.84867000000001, 29.150520000000004], [76.84782000000001, 29.158790000000003], [76.84522000000001, 29.16325], [76.84034000000001, 29.166120000000003], [76.82740000000001, 29.17349], [76.82952, 29.17875], [76.83098000000001, 29.179940000000002], [76.83516, 29.181070000000002], [76.85178, 29.167720000000003], [76.85759, 29.166390000000003], [76.86529, 29.161210000000004], [76.87111, 29.15847], [76.88032000000001, 29.157680000000003]]]}}, {"id": "234", "type": "Feature", "properties": {"village_name": "Teori", "vil_lgd": 59703, "district_name": "Sonipat", "dist_lgd": 75, "subdistrict_name": "Ganaur", "sdcode": 379, "block_name": "Ganaur", "block_lgd": 42.0, "gp_name": "TEORI", "state_name": "HARYANA", "state_lgd": 6, "population": 2906, "households": 547}, "geometry": {"type": "Polygon", "coordinates": [[[76.90193000000001, 29.168810000000004], [76.90148, 29.165860000000002], [76.90244000000001, 29.159290000000002], [76.90141000000001, 29.157280000000004], [76.89744, 29.154320000000002], [76.88451, 29.147830000000003], [76.88407000000001, 29.148930000000004], [76.88244, 29.149490000000004], [76.88032000000001, 29.157680000000003], [76.87843000000001, 29.159580000000002], [76.87575000000001, 29.167600000000004], [76.87570000000001, 29.17], [76.87747, 29.173890000000004], [76.88896000000001, 29.178620000000002], [76.89978, 29.17678], [76.90498000000001, 29.173980000000004], [76.90193000000001, 29.168810000000004]]]}}, {"id": "235", "type": "Feature", "properties": {"village_name": "Shamashpur", "vil_lgd": 59717, "district_name": "Sonipat", "dist_lgd": 75, "subdistrict_name": "Ganaur", "sdcode": 379, "block_name": "Ganaur", "block_lgd": 42.0, "gp_name": "SHAMASHPUR", "state_name": "HARYANA", "state_lgd": 6, "population": 926, "households": 147}, "geometry": {"type": "Polygon", "coordinates": [[[76.95029000000001, 29.159830000000003], [76.95178, 29.1609], [76.95926, 29.162900000000004], [76.96736, 29.159620000000004], [76.9711, 29.15913], [76.96884, 29.156630000000003], [76.96854, 29.154790000000002], [76.96014000000001, 29.153800000000004], [76.94785, 29.149490000000004], [76.94604000000001, 29.150510000000004], [76.94077, 29.151400000000002], [76.93430000000001, 29.155990000000003], [76.93531, 29.15968], [76.93473, 29.160480000000003], [76.9359, 29.162280000000003], [76.93629, 29.165160000000004], [76.94489, 29.162660000000002], [76.94833000000001, 29.160370000000004], [76.95029000000001, 29.159830000000003]]]}}, {"id": "236", "type": "Feature", "properties": {"village_name": "Mohammadpur Majra", "vil_lgd": 59742, "district_name": "Sonipat", "dist_lgd": 75, "subdistrict_name": "Ganaur", "sdcode": 379, "block_name": "Ganaur", "block_lgd": 42.0, "gp_name": "MOHAMMADPUR MAJRA", "state_name": "HARYANA", "state_lgd": 6, "population": 1179, "households": 214}, "geometry": {"type": "Polygon", "coordinates": [[[76.91149, 29.141330000000004], [76.90886, 29.140810000000002], [76.90490000000001, 29.138460000000002], [76.90374000000001, 29.137200000000004], [76.9034, 29.135170000000002], [76.89954, 29.13155], [76.89549000000001, 29.131180000000004], [76.89505000000001, 29.136960000000002], [76.89215, 29.142300000000002], [76.88524000000001, 29.146970000000003], [76.88451, 29.147830000000003], [76.89744, 29.154320000000002], [76.90141000000001, 29.157280000000004], [76.90244000000001, 29.159290000000002], [76.90792, 29.153100000000002], [76.91322000000001, 29.150330000000004], [76.91149, 29.141330000000004]]]}}, {"id": "237", "type": "Feature", "properties": {"village_name": "Bhanwar", "vil_lgd": 59716, "district_name": "Sonipat", "dist_lgd": 75, "subdistrict_name": "Ganaur", "sdcode": 379, "block_name": "Ganaur", "block_lgd": 42.0, "gp_name": "BHANWAR", "state_name": "HARYANA", "state_lgd": 6, "population": 1127, "households": 206}, "geometry": {"type": "Polygon", "coordinates": [[[76.95242, 29.144600000000004], [76.94879, 29.140780000000003], [76.94128, 29.136380000000003], [76.93644, 29.139920000000004], [76.92938000000001, 29.1475], [76.92971, 29.149610000000003], [76.93430000000001, 29.155990000000003], [76.94077, 29.151400000000002], [76.94604000000001, 29.150510000000004], [76.94785, 29.149490000000004], [76.95242, 29.144600000000004]]]}}, {"id": "238", "type": "Feature", "properties": {"village_name": "Khizarpur Ahir", "vil_lgd": 59720, "district_name": "Sonipat", "dist_lgd": 75, "subdistrict_name": "Ganaur", "sdcode": 379, "block_name": "Ganaur", "block_lgd": 42.0, "gp_name": "KHIZARPUR AHIR", "state_name": "HARYANA", "state_lgd": 6, "population": 3987, "households": 751}, "geometry": {"type": "Polygon", "coordinates": [[[76.97573000000001, 29.135050000000003], [76.97502, 29.13801], [76.97316000000001, 29.14065], [76.96701, 29.14439], [76.96217, 29.145660000000003], [76.96295, 29.149250000000002], [76.9662, 29.150890000000004], [76.97406000000001, 29.15067], [76.98602000000001, 29.147470000000002], [76.98724, 29.144450000000003], [76.9872, 29.14307], [76.98619000000001, 29.14224], [76.97573000000001, 29.135050000000003]]]}}, {"id": "239", "type": "Feature", "properties": {"village_name": "Siha Khera", "vil_lgd": 59741, "district_name": "Sonipat", "dist_lgd": 75, "subdistrict_name": "Ganaur", "sdcode": 379, "block_name": "Ganaur", "block_lgd": 42.0, "gp_name": "SIHA KHERA", "state_name": "HARYANA", "state_lgd": 6, "population": 1651, "households": 290}, "geometry": {"type": "Polygon", "coordinates": [[[76.92605, 29.149430000000002], [76.92938000000001, 29.1475], [76.93644, 29.139920000000004], [76.94128, 29.136380000000003], [76.94042, 29.129080000000002], [76.93538000000001, 29.1275], [76.93304, 29.127720000000004], [76.92972, 29.129260000000002], [76.92064, 29.134570000000004], [76.91491, 29.138160000000003], [76.91149, 29.141330000000004], [76.91322000000001, 29.150330000000004], [76.91527, 29.149900000000002], [76.92605, 29.149430000000002]]]}}, {"id": "240", "type": "Feature", "properties": {"village_name": "Sheikhupura", "vil_lgd": 59740, "district_name": "Sonipat", "dist_lgd": 75, "subdistrict_name": "Ganaur", "sdcode": 379, "block_name": "Ganaur", "block_lgd": 42.0, "gp_name": "SHEIKHUPURA", "state_name": "HARYANA", "state_lgd": 6, "population": 4143, "households": 740}, "geometry": {"type": "Polygon", "coordinates": [[[76.96701, 29.14439], [76.97316000000001, 29.14065], [76.97502, 29.13801], [76.97573000000001, 29.135050000000003], [76.9736, 29.1335], [76.97129000000001, 29.13303], [76.96919000000001, 29.127480000000002], [76.96892000000001, 29.125840000000004], [76.96432, 29.120810000000002], [76.95355, 29.122940000000003], [76.94714, 29.126530000000002], [76.94042, 29.129080000000002], [76.94128, 29.136380000000003], [76.94879, 29.140780000000003], [76.95242, 29.144600000000004], [76.96217, 29.145660000000003], [76.96701, 29.14439]]]}}, {"id": "241", "type": "Feature", "properties": {"village_name": "Gumar", "vil_lgd": 59739, "district_name": "Sonipat", "dist_lgd": 75, "subdistrict_name": "Ganaur", "sdcode": 379, "block_name": "Ganaur", "block_lgd": 42.0, "gp_name": "GUMAR", "state_name": "HARYANA", "state_lgd": 6, "population": 4271, "households": 795}, "geometry": {"type": "Polygon", "coordinates": [[[77.00514000000001, 29.141180000000002], [77.00239, 29.1381], [77.00223000000001, 29.13164], [77.00165000000001, 29.13089], [77.00175, 29.119770000000003], [77.00078, 29.115850000000002], [76.994, 29.12046], [76.98748, 29.122370000000004], [76.98342000000001, 29.122600000000002], [76.96919000000001, 29.127480000000002], [76.97129000000001, 29.13303], [76.9736, 29.1335], [76.97573000000001, 29.135050000000003], [76.98619000000001, 29.14224], [76.98781000000001, 29.141130000000004], [76.99198000000001, 29.14091], [76.99606, 29.14289], [77.00133000000001, 29.142190000000003], [77.00194, 29.141270000000002], [77.00514000000001, 29.141180000000002]]]}}, {"id": "242", "type": "Feature", "properties": {"village_name": "Kailana", "vil_lgd": 59743, "district_name": "Sonipat", "dist_lgd": 75, "subdistrict_name": "Ganaur", "sdcode": 379, "block_name": "Ganaur", "block_lgd": 42.0, "gp_name": "KAILANA", "state_name": "HARYANA", "state_lgd": 6, "population": 2917, "households": 590}, "geometry": {"type": "Polygon", "coordinates": [[[76.92972, 29.129260000000002], [76.92879, 29.12393], [76.92589000000001, 29.12083], [76.92421, 29.11737], [76.92188, 29.11595], [76.91519000000001, 29.114780000000003], [76.91238000000001, 29.116470000000003], [76.90847000000001, 29.116820000000004], [76.90405000000001, 29.1155], [76.90155, 29.115560000000002], [76.89915, 29.117240000000002], [76.89603000000001, 29.12001], [76.89549000000001, 29.131180000000004], [76.89954, 29.13155], [76.9034, 29.135170000000002], [76.90374000000001, 29.137200000000004], [76.90490000000001, 29.138460000000002], [76.90886, 29.140810000000002], [76.91149, 29.141330000000004], [76.91491, 29.138160000000003], [76.92064, 29.134570000000004], [76.92972, 29.129260000000002]]]}}, {"id": "243", "type": "Feature", "properties": {"village_name": "Purkhas Dhiran", "vil_lgd": 59746, "district_name": "Sonipat", "dist_lgd": 75, "subdistrict_name": "Ganaur", "sdcode": 379, "block_name": "Ganaur", "block_lgd": 42.0, "gp_name": "PURKHAS DHIRAN", "state_name": "HARYANA", "state_lgd": 6, "population": 4052, "households": 789}, "geometry": {"type": "Polygon", "coordinates": [[[76.93538000000001, 29.1275], [76.94042, 29.129080000000002], [76.94714, 29.126530000000002], [76.95355, 29.122940000000003], [76.96432, 29.120810000000002], [76.96591000000001, 29.12036], [76.96918000000001, 29.1108], [76.96193000000001, 29.109990000000003], [76.95766, 29.10394], [76.94662000000001, 29.108900000000002], [76.94073, 29.10966], [76.9346, 29.115140000000004], [76.92589000000001, 29.12083], [76.92879, 29.12393], [76.92972, 29.129260000000002], [76.93304, 29.127720000000004], [76.93538000000001, 29.1275]]]}}, {"id": "244", "type": "Feature", "properties": {"village_name": "Purkhas Rathi", "vil_lgd": 59745, "district_name": "Sonipat", "dist_lgd": 75, "subdistrict_name": "Ganaur", "sdcode": 379, "block_name": "Ganaur", "block_lgd": 42.0, "gp_name": "PURKHAS RATHI", "state_name": "HARYANA", "state_lgd": 6, "population": 3304, "households": 640}, "geometry": {"type": "Polygon", "coordinates": [[[76.94662000000001, 29.108900000000002], [76.95766, 29.10394], [76.95369000000001, 29.100050000000003], [76.94510000000001, 29.092940000000002], [76.93353, 29.096140000000002], [76.92939000000001, 29.10187], [76.92785, 29.105300000000003], [76.92789, 29.10696], [76.92515, 29.108500000000003], [76.92188, 29.11595], [76.92421, 29.11737], [76.92589000000001, 29.12083], [76.9346, 29.115140000000004], [76.94073, 29.10966], [76.94662000000001, 29.108900000000002]]]}}, {"id": "245", "type": "Feature", "properties": {"village_name": "Agwanpur", "vil_lgd": 59737, "district_name": "Sonipat", "dist_lgd": 75, "subdistrict_name": "Ganaur", "sdcode": 379, "block_name": "Ganaur", "block_lgd": 42.0, "gp_name": "AGHWANPUR", "state_name": "HARYANA", "state_lgd": 6, "population": 4569, "households": 824}, "geometry": {"type": "Polygon", "coordinates": [[[76.99984, 29.11398], [77.00078, 29.115850000000002], [77.0014, 29.11541], [77.00993000000001, 29.10629], [77.01037000000001, 29.101200000000002], [77.00603000000001, 29.101020000000002], [76.99944, 29.098740000000003], [76.99013000000001, 29.09983], [76.97443000000001, 29.10649], [76.9714, 29.11042], [76.96918000000001, 29.1108], [76.96591000000001, 29.12036], [76.9719, 29.1185], [76.98247, 29.117870000000003], [76.99624, 29.11435], [76.99984, 29.11398]]]}}, {"id": "246", "type": "Feature", "properties": {"village_name": "Dabarpur", "vil_lgd": 59744, "district_name": "Sonipat", "dist_lgd": 75, "subdistrict_name": "Ganaur", "sdcode": 379, "block_name": "Ganaur", "block_lgd": 42.0, "gp_name": "DABARPUR", "state_name": "HARYANA", "state_lgd": 6, "population": 765, "households": 156}, "geometry": {"type": "Polygon", "coordinates": [[[76.93047, 29.09608], [76.92696000000001, 29.092920000000003], [76.92448, 29.09232], [76.91730000000001, 29.09474], [76.91550000000001, 29.098440000000004], [76.91495, 29.10534], [76.91666000000001, 29.11211], [76.91519000000001, 29.114780000000003], [76.92188, 29.11595], [76.92515, 29.108500000000003], [76.92789, 29.10696], [76.92785, 29.105300000000003], [76.92939000000001, 29.10187], [76.93353, 29.096140000000002], [76.93047, 29.09608]]]}}, {"id": "247", "type": "Feature", "properties": {"village_name": "Udesipur", "vil_lgd": 59747, "district_name": "Sonipat", "dist_lgd": 75, "subdistrict_name": "Ganaur", "sdcode": 379, "block_name": "Ganaur", "block_lgd": 42.0, "gp_name": "UDESIPUR", "state_name": "HARYANA", "state_lgd": 6, "population": 3742, "households": 803}, "geometry": {"type": "Polygon", "coordinates": [[[76.97419000000001, 29.105580000000003], [76.97878, 29.096090000000004], [76.98257000000001, 29.094880000000003], [76.98426, 29.093120000000003], [76.98710000000001, 29.091780000000004], [76.99255000000001, 29.090780000000002], [76.99305000000001, 29.089090000000002], [76.99740000000001, 29.08603], [76.99380000000001, 29.08659], [76.96140000000001, 29.09296], [76.95369000000001, 29.100050000000003], [76.95766, 29.10394], [76.96193000000001, 29.109990000000003], [76.96918000000001, 29.1108], [76.9714, 29.11042], [76.97443000000001, 29.10649], [76.97419000000001, 29.105580000000003]]]}}, {"id": "248", "type": "Feature", "properties": {"village_name": "Bharet", "vil_lgd": 59748, "district_name": "Sonipat", "dist_lgd": 75, "subdistrict_name": "Ganaur", "sdcode": 379, "block_name": "Ganaur", "block_lgd": 42.0, "gp_name": "BHARET", "state_name": "HARYANA", "state_lgd": 6, "population": 184, "households": 39}, "geometry": {"type": "Polygon", "coordinates": [[[76.99008, 29.09757], [76.99255000000001, 29.090780000000002], [76.98710000000001, 29.091780000000004], [76.98426, 29.093120000000003], [76.98257000000001, 29.094880000000003], [76.97878, 29.096090000000004], [76.97419000000001, 29.105580000000003], [76.97443000000001, 29.10649], [76.99013000000001, 29.09983], [76.99008, 29.09757]]]}}, {"id": "249", "type": "Feature", "properties": {"village_name": "Ranakheri", "vil_lgd": 59618, "district_name": "Sonipat", "dist_lgd": 75, "subdistrict_name": "Gohana", "sdcode": 378, "block_name": "Mundlana", "block_lgd": 39.0, "gp_name": "RANAKHERI (18)", "state_name": "HARYANA", "state_lgd": 6, "population": 1640, "households": 308}, "geometry": {"type": "Polygon", "coordinates": [[[76.62085, 29.28477], [76.63026, 29.278740000000003], [76.63424, 29.274890000000003], [76.62213000000001, 29.26537], [76.61818000000001, 29.263250000000003], [76.61781, 29.266000000000002], [76.61239, 29.27108], [76.60907, 29.275530000000003], [76.60810000000001, 29.278070000000003], [76.60137, 29.284560000000003], [76.60505, 29.288470000000004], [76.61119000000001, 29.288990000000002], [76.62085, 29.28477]]]}}, {"id": "250", "type": "Feature", "properties": {"village_name": "Gangana", "vil_lgd": 59619, "district_name": "Sonipat", "dist_lgd": 75, "subdistrict_name": "Gohana", "sdcode": 378, "block_name": "Mundlana", "block_lgd": 39.0, "gp_name": "GANGANA (19)", "state_name": "HARYANA", "state_lgd": 6, "population": 6838, "households": 1268}, "geometry": {"type": "Polygon", "coordinates": [[[76.64159000000001, 29.257890000000003], [76.64102000000001, 29.250750000000004], [76.64331, 29.241740000000004], [76.64759000000001, 29.238300000000002], [76.64987, 29.237520000000004], [76.64513000000001, 29.23382], [76.63853, 29.226290000000002], [76.63406, 29.22397], [76.62144, 29.221950000000003], [76.61614, 29.22211], [76.61359, 29.22265], [76.61004000000001, 29.22211], [76.59441000000001, 29.236580000000004], [76.60118, 29.240890000000004], [76.60891000000001, 29.252930000000003], [76.61854000000001, 29.26056], [76.61818000000001, 29.263250000000003], [76.62213000000001, 29.26537], [76.63424, 29.274890000000003], [76.64509000000001, 29.274060000000002], [76.64677, 29.273090000000003], [76.6486, 29.26958], [76.64159000000001, 29.257890000000003]]]}}, {"id": "251", "type": "Feature", "properties": {"village_name": "Jagsi Sehrawat", "vil_lgd": 59626, "district_name": "Sonipat", "dist_lgd": 75, "subdistrict_name": "Gohana", "sdcode": 378, "block_name": "Mundlana", "block_lgd": 39.0, "gp_name": "JAFSI", "state_name": "HARYANA", "state_lgd": 6, "population": 7550, "households": 1386}, "geometry": {"type": "Polygon", "coordinates": [[[76.67288, 29.26583], [76.67899000000001, 29.264940000000003], [76.68206, 29.2695], [76.68650000000001, 29.267940000000003], [76.68689, 29.26246], [76.68570000000001, 29.25917], [76.68664000000001, 29.25476], [76.69272000000001, 29.24754], [76.69777, 29.244470000000003], [76.69974, 29.24076], [76.69792000000001, 29.238540000000004], [76.69108, 29.23363], [76.69057000000001, 29.229560000000003], [76.68971, 29.227590000000003], [76.68741, 29.226090000000003], [76.67828, 29.22565], [76.66791, 29.229530000000004], [76.64987, 29.237520000000004], [76.64759000000001, 29.238300000000002], [76.64331, 29.241740000000004], [76.64102000000001, 29.250750000000004], [76.64159000000001, 29.257890000000003], [76.6486, 29.26958], [76.65363, 29.266350000000003], [76.65622, 29.26556], [76.66691, 29.264000000000003], [76.67288, 29.26583]]]}}, {"id": "252", "type": "Feature", "properties": {"village_name": "Jawahra", "vil_lgd": 59633, "district_name": "Sonipat", "dist_lgd": 75, "subdistrict_name": "Gohana", "sdcode": 378, "block_name": "Mundlana", "block_lgd": 39.0, "gp_name": "JAWAHRA", "state_name": "HARYANA", "state_lgd": 6, "population": 3818, "households": 689}, "geometry": {"type": "Polygon", "coordinates": [[[76.79627, 29.2725], [76.7972, 29.2588], [76.78257, 29.266750000000002], [76.78063, 29.268600000000003], [76.77478, 29.27654], [76.7706, 29.280450000000002], [76.77946, 29.28205], [76.78128000000001, 29.278080000000003], [76.78491000000001, 29.27625], [76.79627, 29.2725]]]}}, {"id": "253", "type": "Feature", "properties": {"village_name": "Badhoti Khas", "vil_lgd": 59632, "district_name": "Sonipat", "dist_lgd": 75, "subdistrict_name": "Gohana", "sdcode": 378, "block_name": "Mundlana", "block_lgd": 39.0, "gp_name": "BHADAULTI KHAS", "state_name": "HARYANA", "state_lgd": 6, "population": 1264, "households": 195}, "geometry": {"type": "Polygon", "coordinates": [[[76.77595000000001, 29.25005], [76.77239, 29.244010000000003], [76.77117000000001, 29.253800000000002], [76.77057, 29.2543], [76.76807000000001, 29.254120000000004], [76.76516000000001, 29.251820000000002], [76.75769000000001, 29.2542], [76.76332000000001, 29.260240000000003], [76.76387000000001, 29.26254], [76.76398, 29.26705], [76.76264, 29.268720000000002], [76.76050000000001, 29.269650000000002], [76.76168000000001, 29.272370000000002], [76.76481000000001, 29.276130000000002], [76.7706, 29.280450000000002], [76.77478, 29.27654], [76.78063, 29.268600000000003], [76.77595000000001, 29.25005]]]}}, {"id": "254", "type": "Feature", "properties": {"village_name": "Matand", "vil_lgd": 59627, "district_name": "Sonipat", "dist_lgd": 75, "subdistrict_name": "Gohana", "sdcode": 378, "block_name": "Mundlana", "block_lgd": 39.0, "gp_name": "MATAND", "state_name": "HARYANA", "state_lgd": 6, "population": 2028, "households": 373}, "geometry": {"type": "Polygon", "coordinates": [[[76.69838, 29.263900000000003], [76.70882, 29.261060000000004], [76.71371, 29.25822], [76.71403000000001, 29.251300000000004], [76.71825000000001, 29.250970000000002], [76.71826, 29.249240000000004], [76.71573000000001, 29.24744], [76.69974, 29.24076], [76.69777, 29.244470000000003], [76.69272000000001, 29.24754], [76.68664000000001, 29.25476], [76.68570000000001, 29.25917], [76.68689, 29.26246], [76.68650000000001, 29.267940000000003], [76.6902, 29.26714], [76.69838, 29.263900000000003]]]}}, {"id": "255", "type": "Feature", "properties": {"village_name": "Dhurana", "vil_lgd": 59634, "district_name": "Sonipat", "dist_lgd": 75, "subdistrict_name": "Gohana", "sdcode": 378, "block_name": "Mundlana", "block_lgd": 39.0, "gp_name": "DHURANA", "state_name": "HARYANA", "state_lgd": 6, "population": 2869, "households": 538}, "geometry": {"type": "Polygon", "coordinates": [[[76.79798000000001, 29.257920000000002], [76.79314000000001, 29.25071], [76.79682000000001, 29.248710000000003], [76.79546, 29.24641], [76.80022000000001, 29.240710000000004], [76.79629000000001, 29.238470000000003], [76.79571, 29.23738], [76.79258, 29.236880000000003], [76.78104, 29.232400000000002], [76.77885, 29.235100000000003], [76.77447000000001, 29.237920000000003], [76.77239, 29.244010000000003], [76.77595000000001, 29.25005], [76.78063, 29.268600000000003], [76.78257, 29.266750000000002], [76.7972, 29.2588], [76.79798000000001, 29.257920000000002]]]}}, {"id": "256", "type": "Feature", "properties": {"village_name": "Busana", "vil_lgd": 59629, "district_name": "Sonipat", "dist_lgd": 75, "subdistrict_name": "Gohana", "sdcode": 378, "block_name": "Mundlana", "block_lgd": 39.0, "gp_name": "BUSANA", "state_name": "HARYANA", "state_lgd": 6, "population": 3771, "households": 700}, "geometry": {"type": "Polygon", "coordinates": [[[76.74891000000001, 29.256610000000002], [76.74848, 29.254], [76.75068, 29.24687], [76.75082, 29.241120000000002], [76.74956, 29.236610000000002], [76.74584, 29.231710000000003], [76.74176, 29.228970000000004], [76.73942000000001, 29.228880000000004], [76.73664000000001, 29.230130000000003], [76.73345, 29.22857], [76.72992, 29.22857], [76.72376000000001, 29.231320000000004], [76.72489, 29.2371], [76.72391, 29.23954], [76.72497000000001, 29.24275], [76.7243, 29.246450000000003], [76.72319, 29.248500000000003], [76.71825000000001, 29.250970000000002], [76.72518000000001, 29.25289], [76.72682, 29.254330000000003], [76.72779000000001, 29.256890000000002], [76.73323, 29.25552], [76.74136, 29.25878], [76.74883000000001, 29.260720000000003], [76.7496, 29.260550000000002], [76.75086, 29.25805], [76.74891000000001, 29.256610000000002]]]}}, {"id": "257", "type": "Feature", "properties": {"village_name": "Chhatehara", "vil_lgd": 59628, "district_name": "Sonipat", "dist_lgd": 75, "subdistrict_name": "Gohana", "sdcode": 378, "block_name": "Mundlana", "block_lgd": 39.0, "gp_name": "CHHATERA", "state_name": "HARYANA", "state_lgd": 6, "population": 2647, "households": 506}, "geometry": {"type": "Polygon", "coordinates": [[[76.72300000000001, 29.22837], [76.71825000000001, 29.221980000000002], [76.71791, 29.220260000000003], [76.70918, 29.219630000000002], [76.70558000000001, 29.22013], [76.70006000000001, 29.221370000000004], [76.69307, 29.225990000000003], [76.69057000000001, 29.229560000000003], [76.69108, 29.23363], [76.69792000000001, 29.238540000000004], [76.69974, 29.24076], [76.71573000000001, 29.24744], [76.71826, 29.249240000000004], [76.71825000000001, 29.250970000000002], [76.72319, 29.248500000000003], [76.7243, 29.246450000000003], [76.72497000000001, 29.24275], [76.72391, 29.23954], [76.72489, 29.2371], [76.72376000000001, 29.231320000000004], [76.72300000000001, 29.22837]]]}}, {"id": "258", "type": "Feature", "properties": {"village_name": "Bichpari", "vil_lgd": 59624, "district_name": "Sonipat", "dist_lgd": 75, "subdistrict_name": "Gohana", "sdcode": 378, "block_name": "Mundlana", "block_lgd": 39.0, "gp_name": "BICHPARI (22)", "state_name": "HARYANA", "state_lgd": 6, "population": 6032, "households": 1172}, "geometry": {"type": "Polygon", "coordinates": [[[76.66867, 29.224840000000004], [76.67066000000001, 29.219810000000003], [76.67498, 29.21664], [76.67628, 29.212940000000003], [76.67555, 29.201620000000002], [76.67323, 29.189180000000004], [76.67126, 29.18661], [76.66051, 29.184210000000004], [76.66011, 29.18709], [76.65617, 29.196270000000002], [76.64880000000001, 29.202800000000003], [76.64460000000001, 29.218470000000003], [76.64305, 29.221290000000003], [76.63853, 29.226290000000002], [76.64513000000001, 29.23382], [76.64987, 29.237520000000004], [76.66791, 29.229530000000004], [76.66867, 29.224840000000004]]]}}, {"id": "259", "type": "Feature", "properties": {"village_name": "Nuran Khera", "vil_lgd": 59621, "district_name": "Sonipat", "dist_lgd": 75, "subdistrict_name": "Gohana", "sdcode": 378, "block_name": "Mundlana", "block_lgd": 39.0, "gp_name": "NURAN KHERA (15)", "state_name": "HARYANA", "state_lgd": 6, "population": 2773, "households": 546}, "geometry": {"type": "Polygon", "coordinates": [[[76.58964, 29.208340000000003], [76.59046000000001, 29.210030000000003], [76.59294000000001, 29.21084], [76.59774, 29.21054], [76.60427, 29.21674], [76.60834000000001, 29.21806], [76.60951, 29.217990000000004], [76.61116000000001, 29.211450000000003], [76.61041, 29.206220000000002], [76.60884, 29.2024], [76.59893000000001, 29.194850000000002], [76.59647000000001, 29.1948], [76.59589000000001, 29.196340000000003], [76.59038000000001, 29.194900000000004], [76.58563000000001, 29.1978], [76.57762000000001, 29.198490000000003], [76.57035, 29.201210000000003], [76.56129, 29.205470000000002], [76.56005, 29.208990000000004], [76.56395, 29.21805], [76.56684000000001, 29.222320000000003], [76.56829, 29.2268], [76.57001000000001, 29.226210000000002], [76.57787, 29.22014], [76.58853, 29.20895], [76.58964, 29.208340000000003]]]}}, {"id": "260", "type": "Feature", "properties": {"village_name": "Mundlana", "vil_lgd": 59639, "district_name": "Sonipat", "dist_lgd": 75, "subdistrict_name": "Gohana", "sdcode": 378, "block_name": "Mundlana", "block_lgd": 39.0, "gp_name": "MUNDALANA", "state_name": "HARYANA", "state_lgd": 6, "population": 8982, "households": 1670}, "geometry": {"type": "Polygon", "coordinates": [[[76.78065000000001, 29.229020000000002], [76.77542000000001, 29.22219], [76.77826, 29.220720000000004], [76.7853, 29.21403], [76.79347, 29.215920000000004], [76.80116000000001, 29.214420000000004], [76.80905000000001, 29.21431], [76.80697, 29.20615], [76.80542000000001, 29.203110000000002], [76.80355, 29.20145], [76.79901000000001, 29.200070000000004], [76.79359000000001, 29.195790000000002], [76.78962, 29.198430000000002], [76.77495, 29.204190000000004], [76.77301, 29.203120000000002], [76.77087, 29.196720000000003], [76.76991000000001, 29.196070000000002], [76.76612, 29.195100000000004], [76.75294000000001, 29.19452], [76.75012000000001, 29.19508], [76.74690000000001, 29.197000000000003], [76.74228000000001, 29.20388], [76.73573, 29.209860000000003], [76.73370000000001, 29.21036], [76.72938, 29.208560000000002], [76.72616000000001, 29.20916], [76.72075000000001, 29.214340000000004], [76.71839, 29.217910000000003], [76.71791, 29.220260000000003], [76.71825000000001, 29.221980000000002], [76.72300000000001, 29.22837], [76.72376000000001, 29.231320000000004], [76.72992, 29.22857], [76.73345, 29.22857], [76.73664000000001, 29.230130000000003], [76.73942000000001, 29.228880000000004], [76.74176, 29.228970000000004], [76.74584, 29.231710000000003], [76.74956, 29.236610000000002], [76.75427, 29.23664], [76.75574, 29.234260000000003], [76.7626, 29.229450000000003], [76.76697, 29.2297], [76.76823, 29.230840000000004], [76.76946000000001, 29.23908], [76.77239, 29.244010000000003], [76.77447000000001, 29.237920000000003], [76.77885, 29.235100000000003], [76.78104, 29.232400000000002], [76.78065000000001, 29.229020000000002]]]}}, {"id": "261", "type": "Feature", "properties": {"village_name": "Kohla", "vil_lgd": 59648, "district_name": "Sonipat", "dist_lgd": 75, "subdistrict_name": "Gohana", "sdcode": 378, "block_name": "Mundlana", "block_lgd": 39.0, "gp_name": "KOHLA", "state_name": "HARYANA", "state_lgd": 6, "population": 3527, "households": 714}, "geometry": {"type": "Polygon", "coordinates": [[[76.56005, 29.208990000000004], [76.56129, 29.205470000000002], [76.57035, 29.201210000000003], [76.57762000000001, 29.198490000000003], [76.58563000000001, 29.1978], [76.59038000000001, 29.194900000000004], [76.58978, 29.193320000000003], [76.59052000000001, 29.187110000000004], [76.59205, 29.183940000000003], [76.58125000000001, 29.179720000000003], [76.57358, 29.17519], [76.57255, 29.174470000000003], [76.57163000000001, 29.17086], [76.56580000000001, 29.171070000000004], [76.56307000000001, 29.173080000000002], [76.55918000000001, 29.175230000000003], [76.55747000000001, 29.178040000000003], [76.55730000000001, 29.184120000000004], [76.55519000000001, 29.194640000000003], [76.55066000000001, 29.210430000000002], [76.55467, 29.20953], [76.56005, 29.208990000000004]]]}}, {"id": "262", "type": "Feature", "properties": {"village_name": "Chidana", "vil_lgd": 59635, "district_name": "Sonipat", "dist_lgd": 75, "subdistrict_name": "Gohana", "sdcode": 378, "block_name": "Mundlana", "block_lgd": 39.0, "gp_name": "CHIRANA", "state_name": "HARYANA", "state_lgd": 6, "population": 4770, "households": 934}, "geometry": {"type": "Polygon", "coordinates": [[[76.81115000000001, 29.221870000000003], [76.81082, 29.218190000000003], [76.80905000000001, 29.21431], [76.80116000000001, 29.214420000000004], [76.79347, 29.215920000000004], [76.7853, 29.21403], [76.77826, 29.220720000000004], [76.77542000000001, 29.22219], [76.78065000000001, 29.229020000000002], [76.78104, 29.232400000000002], [76.79258, 29.236880000000003], [76.79571, 29.23738], [76.79629000000001, 29.238470000000003], [76.80022000000001, 29.240710000000004], [76.80143000000001, 29.238120000000002], [76.80122, 29.23281], [76.80235, 29.227600000000002], [76.80923, 29.223080000000003], [76.81115000000001, 29.221870000000003]]]}}, {"id": "263", "type": "Feature", "properties": {"village_name": "Butana Kundu", "vil_lgd": 59623, "district_name": "Sonipat", "dist_lgd": 75, "subdistrict_name": "Gohana", "sdcode": 378, "block_name": "Mundlana", "block_lgd": 39.0, "gp_name": "BUTANA KUNDU (21)", "state_name": "HARYANA", "state_lgd": 6, "population": 4574, "households": 857}, "geometry": {"type": "Polygon", "coordinates": [[[76.63654000000001, 29.17264], [76.62828, 29.191990000000004], [76.6273, 29.1963], [76.62580000000001, 29.198330000000002], [76.62028000000001, 29.211420000000004], [76.62025000000001, 29.218780000000002], [76.62144, 29.221950000000003], [76.63406, 29.22397], [76.63853, 29.226290000000002], [76.64305, 29.221290000000003], [76.64460000000001, 29.218470000000003], [76.64880000000001, 29.202800000000003], [76.65617, 29.196270000000002], [76.66011, 29.18709], [76.66051, 29.184210000000004], [76.65103, 29.176470000000002], [76.64609, 29.17442], [76.63854, 29.173630000000003], [76.63654000000001, 29.17264]]]}}, {"id": "264", "type": "Feature", "properties": {"village_name": "Ahmadpur Majra", "vil_lgd": 59625, "district_name": "Sonipat", "dist_lgd": 75, "subdistrict_name": "Gohana", "sdcode": 378, "block_name": "Mundlana", "block_lgd": 39.0, "gp_name": "AHMADPUR MAJRA (27)", "state_name": "HARYANA", "state_lgd": 6, "population": 1611, "households": 293}, "geometry": {"type": "Polygon", "coordinates": [[[76.68741, 29.226090000000003], [76.68971, 29.227590000000003], [76.69057000000001, 29.229560000000003], [76.69307, 29.225990000000003], [76.70006000000001, 29.221370000000004], [76.69806000000001, 29.217850000000002], [76.69831, 29.2161], [76.69472, 29.217570000000002], [76.69057000000001, 29.217340000000004], [76.67498, 29.21664], [76.67066000000001, 29.219810000000003], [76.66867, 29.224840000000004], [76.66791, 29.229530000000004], [76.67828, 29.22565], [76.68741, 29.226090000000003]]]}}, {"id": "265", "type": "Feature", "properties": {"village_name": "Butana Khetlan", "vil_lgd": 59622, "district_name": "Sonipat", "dist_lgd": 75, "subdistrict_name": "Gohana", "sdcode": 378, "block_name": "Mundlana", "block_lgd": 39.0, "gp_name": "BUTANA KHETLAN (20)", "state_name": "HARYANA", "state_lgd": 6, "population": 6065, "households": 1170}, "geometry": {"type": "Polygon", "coordinates": [[[76.62144, 29.221950000000003], [76.62025000000001, 29.218780000000002], [76.62028000000001, 29.211420000000004], [76.62580000000001, 29.198330000000002], [76.6273, 29.1963], [76.62828, 29.191990000000004], [76.63654000000001, 29.17264], [76.63259000000001, 29.17115], [76.62782, 29.170700000000004], [76.62099, 29.171290000000003], [76.61114, 29.172210000000003], [76.60383, 29.174490000000002], [76.59831000000001, 29.178030000000003], [76.59205, 29.183940000000003], [76.59052000000001, 29.187110000000004], [76.58978, 29.193320000000003], [76.59038000000001, 29.194900000000004], [76.59589000000001, 29.196340000000003], [76.59647000000001, 29.1948], [76.59893000000001, 29.194850000000002], [76.60884, 29.2024], [76.61041, 29.206220000000002], [76.61116000000001, 29.211450000000003], [76.60951, 29.217990000000004], [76.60834000000001, 29.21806], [76.61004000000001, 29.22211], [76.61359, 29.22265], [76.61614, 29.22211], [76.62144, 29.221950000000003]]]}}, {"id": "266", "type": "Feature", "properties": {"village_name": "Siwanka", "vil_lgd": 59641, "district_name": "Sonipat", "dist_lgd": 75, "subdistrict_name": "Gohana", "sdcode": 378, "block_name": "Mundlana", "block_lgd": 39.0, "gp_name": "SIWANKA", "state_name": "HARYANA", "state_lgd": 6, "population": 2379, "households": 417}, "geometry": {"type": "Polygon", "coordinates": [[[76.70918, 29.219630000000002], [76.71791, 29.220260000000003], [76.71839, 29.217910000000003], [76.71439000000001, 29.213960000000004], [76.71333000000001, 29.21007], [76.71058000000001, 29.20503], [76.71064000000001, 29.20322], [76.69882000000001, 29.21431], [76.69831, 29.2161], [76.69806000000001, 29.217850000000002], [76.70006000000001, 29.221370000000004], [76.70558000000001, 29.22013], [76.70918, 29.219630000000002]]]}}, {"id": "267", "type": "Feature", "properties": {"village_name": "Gangesar", "vil_lgd": 59643, "district_name": "Sonipat", "dist_lgd": 75, "subdistrict_name": "Gohana", "sdcode": 378, "block_name": "Mundlana", "block_lgd": 39.0, "gp_name": "GANGESAR", "state_name": "HARYANA", "state_lgd": 6, "population": 1327, "households": 243}, "geometry": {"type": "Polygon", "coordinates": [[[76.68638, 29.21131], [76.68595, 29.20878], [76.68689, 29.206750000000003], [76.68531, 29.19939], [76.68938, 29.188480000000002], [76.69161000000001, 29.175810000000002], [76.68943, 29.178200000000004], [76.68453000000001, 29.180670000000003], [76.67452, 29.181820000000002], [76.67221, 29.18362], [76.67126, 29.18661], [76.67323, 29.189180000000004], [76.67555, 29.201620000000002], [76.67628, 29.212940000000003], [76.67498, 29.21664], [76.69057000000001, 29.217340000000004], [76.68638, 29.21131]]]}}, {"id": "268", "type": "Feature", "properties": {"village_name": "Mahmudpur", "vil_lgd": 59642, "district_name": "Sonipat", "dist_lgd": 75, "subdistrict_name": "Gohana", "sdcode": 378, "block_name": "Mundlana", "block_lgd": 39.0, "gp_name": "MAHMUDPUR", "state_name": "HARYANA", "state_lgd": 6, "population": 6110, "households": 1166}, "geometry": {"type": "Polygon", "coordinates": [[[76.69882000000001, 29.21431], [76.71064000000001, 29.20322], [76.71095000000001, 29.200550000000003], [76.71333000000001, 29.197560000000003], [76.71808, 29.187890000000003], [76.71974, 29.18653], [76.72279, 29.181210000000004], [76.72970000000001, 29.176600000000004], [76.72939000000001, 29.171870000000002], [76.72836000000001, 29.170170000000002], [76.72495, 29.168860000000002], [76.71886, 29.168930000000003], [76.71552000000001, 29.16711], [76.71270000000001, 29.167130000000004], [76.70859, 29.16815], [76.7052, 29.167500000000004], [76.70360000000001, 29.16795], [76.69989000000001, 29.169800000000002], [76.69423, 29.16925], [76.69161000000001, 29.175810000000002], [76.68938, 29.188480000000002], [76.68531, 29.19939], [76.68689, 29.206750000000003], [76.68595, 29.20878], [76.68638, 29.21131], [76.69057000000001, 29.217340000000004], [76.69472, 29.217570000000002], [76.69831, 29.2161], [76.69882000000001, 29.21431]]]}}, {"id": "269", "type": "Feature", "properties": {"village_name": "Sarsadh", "vil_lgd": 59640, "district_name": "Sonipat", "dist_lgd": 75, "subdistrict_name": "Gohana", "sdcode": 378, "block_name": "Mundlana", "block_lgd": 39.0, "gp_name": "SARSADH", "state_name": "HARYANA", "state_lgd": 6, "population": 1903, "households": 319}, "geometry": {"type": "Polygon", "coordinates": [[[76.72938, 29.208560000000002], [76.73370000000001, 29.21036], [76.73573, 29.209860000000003], [76.74228000000001, 29.20388], [76.74690000000001, 29.197000000000003], [76.74266, 29.19103], [76.73225000000001, 29.1825], [76.72970000000001, 29.176600000000004], [76.72279, 29.181210000000004], [76.71974, 29.18653], [76.71808, 29.187890000000003], [76.71333000000001, 29.197560000000003], [76.71095000000001, 29.200550000000003], [76.71064000000001, 29.20322], [76.71058000000001, 29.20503], [76.71333000000001, 29.21007], [76.71439000000001, 29.213960000000004], [76.71839, 29.217910000000003], [76.72075000000001, 29.214340000000004], [76.72616000000001, 29.20916], [76.72938, 29.208560000000002]]]}}, {"id": "270", "type": "Feature", "properties": {"village_name": "Shamri Buran", "vil_lgd": 59636, "district_name": "Sonipat", "dist_lgd": 75, "subdistrict_name": "Gohana", "sdcode": 378, "block_name": "Mundlana", "block_lgd": 39.0, "gp_name": "SHAMRI BURAN", "state_name": "HARYANA", "state_lgd": 6, "population": 2868, "households": 563}, "geometry": {"type": "Polygon", "coordinates": [[[76.81923, 29.213960000000004], [76.82374, 29.21177], [76.83709, 29.207510000000003], [76.83373, 29.20604], [76.82945000000001, 29.20719], [76.81541, 29.202790000000004], [76.81074000000001, 29.20033], [76.80387, 29.194820000000004], [76.79910000000001, 29.192670000000003], [76.79359000000001, 29.195790000000002], [76.79901000000001, 29.200070000000004], [76.80355, 29.20145], [76.80542000000001, 29.203110000000002], [76.80697, 29.20615], [76.80905000000001, 29.21431], [76.81082, 29.218190000000003], [76.81776, 29.216340000000002], [76.81923, 29.213960000000004]]]}}, {"id": "271", "type": "Feature", "properties": {"village_name": "Dubeta", "vil_lgd": 59778, "district_name": "Sonipat", "dist_lgd": 75, "subdistrict_name": "Sonipat", "sdcode": 380, "block_name": "Ganaur", "block_lgd": 42.0, "gp_name": "DOBHETA", "state_name": "HARYANA", "state_lgd": 6, "population": 2030, "households": 363}, "geometry": {"type": "Polygon", "coordinates": [[[76.86852, 29.142950000000003], [76.86922000000001, 29.13436], [76.86856, 29.12815], [76.86896, 29.119000000000003], [76.86322000000001, 29.121430000000004], [76.86238, 29.12301], [76.85426000000001, 29.127060000000004], [76.84759000000001, 29.133480000000002], [76.84688000000001, 29.136530000000004], [76.84727000000001, 29.141410000000004], [76.84825000000001, 29.147810000000003], [76.85273000000001, 29.145960000000002], [76.86319, 29.143720000000002], [76.86852, 29.142950000000003]]]}}, {"id": "272", "type": "Feature", "properties": {"village_name": "Shamri Lochab Barren", "vil_lgd": 59637, "district_name": "Sonipat", "dist_lgd": 75, "subdistrict_name": "Gohana", "sdcode": 378, "block_name": "Mundlana", "block_lgd": 39.0, "gp_name": "SHAMRI LOCHAB BARREN", "state_name": "HARYANA", "state_lgd": 6, "population": 2192, "households": 433}, "geometry": {"type": "Polygon", "coordinates": [[[76.85486, 29.20577], [76.85962, 29.199740000000002], [76.85701, 29.197260000000004], [76.85323000000001, 29.191300000000002], [76.84877, 29.186890000000002], [76.84364000000001, 29.18296], [76.84191000000001, 29.19076], [76.83925, 29.194740000000003], [76.83760000000001, 29.199260000000002], [76.83473000000001, 29.20183], [76.83373, 29.20604], [76.83709, 29.207510000000003], [76.84478, 29.205370000000002], [76.85486, 29.20577]]]}}, {"id": "273", "type": "Feature", "properties": {"village_name": "Shamri Sisan", "vil_lgd": 59638, "district_name": "Sonipat", "dist_lgd": 75, "subdistrict_name": "Gohana", "sdcode": 378, "block_name": "Mundlana", "block_lgd": 39.0, "gp_name": "SHAMRI SISAN", "state_name": "HARYANA", "state_lgd": 6, "population": 3388, "households": 641}, "geometry": {"type": "Polygon", "coordinates": [[[76.83473000000001, 29.20183], [76.83760000000001, 29.199260000000002], [76.83925, 29.194740000000003], [76.84191000000001, 29.19076], [76.84364000000001, 29.18296], [76.83516, 29.181070000000002], [76.83098000000001, 29.179940000000002], [76.81233, 29.18625], [76.80235, 29.19188], [76.79910000000001, 29.192670000000003], [76.80387, 29.194820000000004], [76.81074000000001, 29.20033], [76.81541, 29.202790000000004], [76.82945000000001, 29.20719], [76.83373, 29.20604], [76.83473000000001, 29.20183]]]}}, {"id": "274", "type": "Feature", "properties": {"village_name": "Kailana Khas", "vil_lgd": 59694, "district_name": "Sonipat", "dist_lgd": 75, "subdistrict_name": "Gohana", "sdcode": 378, "block_name": "Gohana", "block_lgd": 41.0, "gp_name": "KAILANA KHAS", "state_name": "HARYANA", "state_lgd": 6, "population": 741, "households": 161}, "geometry": {"type": "Polygon", "coordinates": [[[76.78855, 29.193960000000004], [76.78016000000001, 29.19302], [76.77731, 29.1898], [76.77346, 29.181580000000004], [76.76453000000001, 29.180830000000004], [76.76197, 29.179370000000002], [76.76176000000001, 29.178480000000004], [76.75587, 29.176980000000004], [76.75528000000001, 29.17882], [76.75523000000001, 29.19121], [76.75294000000001, 29.19452], [76.76612, 29.195100000000004], [76.76991000000001, 29.196070000000002], [76.77087, 29.196720000000003], [76.77301, 29.203120000000002], [76.77495, 29.204190000000004], [76.78962, 29.198430000000002], [76.79359000000001, 29.195790000000002], [76.78855, 29.193960000000004]]]}}, {"id": "275", "type": "Feature", "properties": {"village_name": "Kailana Taluka Mahmudpur", "vil_lgd": 59693, "district_name": "Sonipat", "dist_lgd": 75, "subdistrict_name": "Gohana", "sdcode": 378, "block_name": "Gohana", "block_lgd": 41.0, "gp_name": "KAILANA TALUKA MAHMUDPUR", "state_name": "HARYANA", "state_lgd": 6, "population": 764, "households": 133}, "geometry": {"type": "Polygon", "coordinates": [[[76.75294000000001, 29.19452], [76.75523000000001, 29.19121], [76.75528000000001, 29.17882], [76.75587, 29.176980000000004], [76.75030000000001, 29.173370000000002], [76.74925, 29.175520000000002], [76.74646000000001, 29.178020000000004], [76.74266, 29.19103], [76.74690000000001, 29.197000000000003], [76.75012000000001, 29.19508], [76.75294000000001, 29.19452]]]}}, {"id": "276", "type": "Feature", "properties": {"village_name": "Baroda Mor", "vil_lgd": 59647, "district_name": "Sonipat", "dist_lgd": 75, "subdistrict_name": "Gohana", "sdcode": 378, "block_name": "Mundlana", "block_lgd": 39.0, "gp_name": "BARODA MOR", "state_name": "HARYANA", "state_lgd": 6, "population": 7103, "households": 1297}, "geometry": {"type": "Polygon", "coordinates": [[[76.62782, 29.170700000000004], [76.63259000000001, 29.17115], [76.63206000000001, 29.169660000000004], [76.63262, 29.166420000000002], [76.63461000000001, 29.165080000000003], [76.63329, 29.158350000000002], [76.63644000000001, 29.155240000000003], [76.63746, 29.15303], [76.62463000000001, 29.150610000000004], [76.62412, 29.15107], [76.62247, 29.15332], [76.61834, 29.152910000000002], [76.61623, 29.15182], [76.61431, 29.149350000000002], [76.61451000000001, 29.146710000000002], [76.61051, 29.141450000000003], [76.60428, 29.137430000000002], [76.59332, 29.134800000000002], [76.5849, 29.139870000000002], [76.57977000000001, 29.14504], [76.57938, 29.152700000000003], [76.57719, 29.157300000000003], [76.57379, 29.16944], [76.57278000000001, 29.170830000000002], [76.57163000000001, 29.17086], [76.57255, 29.174470000000003], [76.57358, 29.17519], [76.58125000000001, 29.179720000000003], [76.59205, 29.183940000000003], [76.59831000000001, 29.178030000000003], [76.60383, 29.174490000000002], [76.61114, 29.172210000000003], [76.62099, 29.171290000000003], [76.62782, 29.170700000000004]]]}}, {"id": "277", "type": "Feature", "properties": {"village_name": "Khandrai Part", "vil_lgd": 59644, "district_name": "Sonipat", "dist_lgd": 75, "subdistrict_name": "Gohana", "sdcode": 378, "block_name": "Mundlana", "block_lgd": 39.0, "gp_name": "KHANDRAI(PART)", "state_name": "HARYANA", "state_lgd": 6, "population": 4682, "households": 897}, "geometry": {"type": "Polygon", "coordinates": [[[76.69423, 29.16925], [76.6931, 29.168000000000003], [76.69311, 29.164900000000003], [76.69251000000001, 29.162910000000004], [76.69041, 29.161220000000004], [76.68314000000001, 29.158720000000002], [76.67988000000001, 29.15492], [76.67904, 29.153260000000003], [76.67792, 29.152910000000002], [76.67214000000001, 29.153820000000003], [76.65988, 29.157780000000002], [76.65876, 29.16617], [76.65650000000001, 29.17153], [76.65103, 29.176470000000002], [76.66051, 29.184210000000004], [76.67126, 29.18661], [76.67221, 29.18362], [76.67452, 29.181820000000002], [76.68453000000001, 29.180670000000003], [76.68943, 29.178200000000004], [76.69161000000001, 29.175810000000002], [76.69423, 29.16925]]]}}, {"id": "278", "type": "Feature", "properties": {"village_name": "Garhi Ujale Khan", "vil_lgd": 59692, "district_name": "Sonipat", "dist_lgd": 75, "subdistrict_name": "Gohana", "sdcode": 378, "block_name": "Gohana", "block_lgd": 41.0, "gp_name": "GARHI UJALE KHAN", "state_name": "HARYANA", "state_lgd": 6, "population": 5600, "households": 959}, "geometry": {"type": "Polygon", "coordinates": [[[76.7483, 29.170170000000002], [76.74498000000001, 29.160760000000003], [76.73961000000001, 29.158820000000002], [76.73136000000001, 29.15893], [76.72646, 29.16177], [76.72395, 29.161240000000003], [76.72000000000001, 29.158430000000003], [76.71682000000001, 29.15752], [76.71485000000001, 29.157780000000002], [76.71433, 29.160940000000004], [76.71278000000001, 29.163500000000003], [76.71270000000001, 29.167130000000004], [76.71552000000001, 29.16711], [76.71886, 29.168930000000003], [76.72495, 29.168860000000002], [76.72836000000001, 29.170170000000002], [76.72939000000001, 29.171870000000002], [76.72970000000001, 29.176600000000004], [76.73225000000001, 29.1825], [76.74266, 29.19103], [76.74646000000001, 29.178020000000004], [76.74925, 29.175520000000002], [76.75030000000001, 29.173370000000002], [76.7483, 29.170170000000002]]]}}, {"id": "279", "type": "Feature", "properties": {"village_name": "Khanpur Kalan", "vil_lgd": 59696, "district_name": "Sonipat", "dist_lgd": 75, "subdistrict_name": "Gohana", "sdcode": 378, "block_name": "Gohana", "block_lgd": 41.0, "gp_name": "KHANPUR KALAN", "state_name": "HARYANA", "state_lgd": 6, "population": 12544, "households": 1987}, "geometry": {"type": "Polygon", "coordinates": [[[76.82952, 29.17875], [76.82740000000001, 29.17349], [76.84034000000001, 29.166120000000003], [76.83186, 29.165370000000003], [76.8281, 29.163310000000003], [76.82767000000001, 29.162280000000003], [76.82414, 29.160210000000003], [76.82143, 29.15717], [76.82165, 29.15602], [76.81469000000001, 29.153360000000003], [76.81265, 29.153180000000003], [76.80904000000001, 29.15444], [76.8044, 29.150430000000004], [76.80036000000001, 29.145210000000002], [76.79965, 29.143110000000004], [76.79582, 29.143130000000003], [76.79224, 29.145370000000003], [76.78536000000001, 29.14562], [76.78124000000001, 29.14825], [76.78769000000001, 29.15292], [76.78801, 29.154190000000003], [76.78733000000001, 29.157580000000003], [76.7847, 29.159720000000004], [76.78336, 29.163710000000002], [76.78116, 29.166610000000002], [76.79001000000001, 29.177470000000003], [76.79232, 29.181710000000002], [76.79498000000001, 29.189650000000004], [76.79910000000001, 29.192670000000003], [76.80235, 29.19188], [76.81233, 29.18625], [76.83098000000001, 29.179940000000002], [76.82952, 29.17875]]]}}, {"id": "280", "type": "Feature", "properties": {"village_name": "Banwasa", "vil_lgd": 59652, "district_name": "Sonipat", "dist_lgd": 75, "subdistrict_name": "Gohana", "sdcode": 378, "block_name": "Kathura", "block_lgd": 40.0, "gp_name": "BANWASA", "state_name": "HARYANA", "state_lgd": 6, "population": 3932, "households": 774}, "geometry": {"type": "Polygon", "coordinates": [[[76.57163000000001, 29.17086], [76.57278000000001, 29.170830000000002], [76.57379, 29.16944], [76.57719, 29.157300000000003], [76.57938, 29.152700000000003], [76.57977000000001, 29.14504], [76.57093, 29.13989], [76.56354, 29.137200000000004], [76.55127, 29.14665], [76.54876, 29.1474], [76.54095000000001, 29.14731], [76.53696000000001, 29.14882], [76.53212, 29.14928], [76.52878000000001, 29.157690000000002], [76.53377, 29.1625], [76.53809000000001, 29.164720000000003], [76.55141, 29.16503], [76.55893, 29.166670000000003], [76.56241, 29.169430000000002], [76.56307000000001, 29.173080000000002], [76.56580000000001, 29.171070000000004], [76.57163000000001, 29.17086]]]}}, {"id": "281", "type": "Feature", "properties": {"village_name": "Khanpur Khurd", "vil_lgd": 59645, "district_name": "Sonipat", "dist_lgd": 75, "subdistrict_name": "Gohana", "sdcode": 378, "block_name": "Mundlana", "block_lgd": 39.0, "gp_name": "KHANPUR KHURD", "state_name": "HARYANA", "state_lgd": 6, "population": 1788, "households": 338}, "geometry": {"type": "Polygon", "coordinates": [[[76.65794000000001, 29.154370000000004], [76.6516, 29.147820000000003], [76.64302, 29.146040000000003], [76.63746, 29.15303], [76.63644000000001, 29.155240000000003], [76.63329, 29.158350000000002], [76.63461000000001, 29.165080000000003], [76.63262, 29.166420000000002], [76.63206000000001, 29.169660000000004], [76.63259000000001, 29.17115], [76.63654000000001, 29.17264], [76.63854, 29.173630000000003], [76.64609, 29.17442], [76.65103, 29.176470000000002], [76.65650000000001, 29.17153], [76.65876, 29.16617], [76.65988, 29.157780000000002], [76.65794000000001, 29.154370000000004]]]}}, {"id": "282", "type": "Feature", "properties": {"village_name": "Gamri", "vil_lgd": 59690, "district_name": "Sonipat", "dist_lgd": 75, "subdistrict_name": "Gohana", "sdcode": 378, "block_name": "Gohana", "block_lgd": 41.0, "gp_name": "GANWARI", "state_name": "HARYANA", "state_lgd": 6, "population": 3677, "households": 700}, "geometry": {"type": "Polygon", "coordinates": [[[76.78336, 29.163710000000002], [76.7847, 29.159720000000004], [76.78733000000001, 29.157580000000003], [76.78801, 29.154190000000003], [76.78769000000001, 29.15292], [76.78124000000001, 29.14825], [76.77117000000001, 29.141460000000002], [76.77077000000001, 29.139270000000003], [76.76843000000001, 29.1395], [76.76474, 29.141890000000004], [76.7604, 29.142220000000002], [76.75633, 29.14591], [76.75399, 29.147060000000003], [76.7472, 29.146780000000003], [76.74615, 29.148770000000003], [76.74498000000001, 29.160760000000003], [76.7483, 29.170170000000002], [76.75030000000001, 29.173370000000002], [76.75587, 29.176980000000004], [76.76176000000001, 29.178480000000004], [76.77354000000001, 29.170550000000002], [76.77575, 29.16803], [76.78116, 29.166610000000002], [76.78336, 29.163710000000002]]]}}, {"id": "283", "type": "Feature", "properties": {"village_name": "Kasandi", "vil_lgd": 59700, "district_name": "Sonipat", "dist_lgd": 75, "subdistrict_name": "Gohana", "sdcode": 378, "block_name": "Gohana", "block_lgd": 41.0, "gp_name": "KASANDI", "state_name": "HARYANA", "state_lgd": 6, "population": 2921, "households": 568}, "geometry": {"type": "Polygon", "coordinates": [[[76.84727000000001, 29.141410000000004], [76.8464, 29.143010000000004], [76.84626, 29.146310000000003], [76.84472000000001, 29.148970000000002], [76.83289, 29.15546], [76.82962, 29.160600000000002], [76.82767000000001, 29.162280000000003], [76.8281, 29.163310000000003], [76.83186, 29.165370000000003], [76.84034000000001, 29.166120000000003], [76.84522000000001, 29.16325], [76.84782000000001, 29.158790000000003], [76.84867000000001, 29.150520000000004], [76.84825000000001, 29.147810000000003], [76.84727000000001, 29.141410000000004]]]}}, {"id": "284", "type": "Feature", "properties": {"village_name": "Garhi Sarai Namdar Khan", "vil_lgd": 59691, "district_name": "Sonipat", "dist_lgd": 75, "subdistrict_name": "Gohana", "sdcode": 378, "block_name": "Gohana", "block_lgd": 41.0, "gp_name": "GARHI SARAI NAMDAR KHAN", "state_name": "HARYANA", "state_lgd": 6, "population": 4494, "households": 842}, "geometry": {"type": "Polygon", "coordinates": [[[76.73961000000001, 29.158820000000002], [76.74498000000001, 29.160760000000003], [76.74615, 29.148770000000003], [76.73542, 29.145390000000003], [76.73368, 29.147170000000003], [76.73228, 29.147260000000003], [76.73088000000001, 29.146440000000002], [76.72659, 29.139920000000004], [76.72057000000001, 29.14007], [76.71937000000001, 29.139200000000002], [76.71823, 29.143760000000004], [76.71587000000001, 29.147730000000003], [76.71485000000001, 29.157780000000002], [76.71682000000001, 29.15752], [76.72000000000001, 29.158430000000003], [76.72395, 29.161240000000003], [76.72646, 29.16177], [76.73136000000001, 29.15893], [76.73961000000001, 29.158820000000002]]]}}, {"id": "285", "type": "Feature", "properties": {"village_name": "Baroda Thuthan", "vil_lgd": 59646, "district_name": "Sonipat", "dist_lgd": 75, "subdistrict_name": "Gohana", "sdcode": 378, "block_name": "Mundlana", "block_lgd": 39.0, "gp_name": "BARODA THUTHAN", "state_name": "HARYANA", "state_lgd": 6, "population": 4157, "households": 784}, "geometry": {"type": "Polygon", "coordinates": [[[76.62463000000001, 29.150610000000004], [76.63746, 29.15303], [76.64302, 29.146040000000003], [76.63856000000001, 29.142770000000002], [76.63267, 29.134500000000003], [76.62826000000001, 29.12994], [76.62312, 29.126360000000002], [76.60532, 29.120670000000004], [76.59737000000001, 29.12882], [76.59332, 29.134800000000002], [76.60428, 29.137430000000002], [76.61051, 29.141450000000003], [76.61451000000001, 29.146710000000002], [76.61431, 29.149350000000002], [76.61623, 29.15182], [76.61834, 29.152910000000002], [76.62247, 29.15332], [76.62412, 29.15107], [76.62463000000001, 29.150610000000004]]]}}, {"id": "286", "type": "Feature", "properties": {"village_name": "Chhapra", "vil_lgd": 59653, "district_name": "Sonipat", "dist_lgd": 75, "subdistrict_name": "Gohana", "sdcode": 378, "block_name": "Kathura", "block_lgd": 40.0, "gp_name": "CHHAPRA", "state_name": "HARYANA", "state_lgd": 6, "population": 2362, "households": 405}, "geometry": {"type": "Polygon", "coordinates": [[[76.54876, 29.1474], [76.55127, 29.14665], [76.56354, 29.137200000000004], [76.56546, 29.13218], [76.56834, 29.119650000000004], [76.56896, 29.114110000000004], [76.56799000000001, 29.11069], [76.56064, 29.11473], [76.55105, 29.12151], [76.5473, 29.122660000000003], [76.54687000000001, 29.124550000000003], [76.54182, 29.132170000000002], [76.54081000000001, 29.1353], [76.53798, 29.138140000000003], [76.53646, 29.142200000000003], [76.53212, 29.14928], [76.53696000000001, 29.14882], [76.54095000000001, 29.14731], [76.54876, 29.1474]]]}}, {"id": "287", "type": "Feature", "properties": {"village_name": "Kasanda", "vil_lgd": 59699, "district_name": "Sonipat", "dist_lgd": 75, "subdistrict_name": "Gohana", "sdcode": 378, "block_name": "Gohana", "block_lgd": 41.0, "gp_name": "KASANDA", "state_name": "HARYANA", "state_lgd": 6, "population": 2077, "households": 399}, "geometry": {"type": "Polygon", "coordinates": [[[76.84688000000001, 29.136530000000004], [76.84464000000001, 29.13632], [76.84241, 29.136570000000003], [76.83847, 29.135120000000004], [76.82781, 29.139390000000002], [76.82727000000001, 29.146980000000003], [76.82375, 29.154310000000002], [76.82165, 29.15602], [76.82143, 29.15717], [76.82414, 29.160210000000003], [76.82767000000001, 29.162280000000003], [76.82962, 29.160600000000002], [76.83289, 29.15546], [76.84472000000001, 29.148970000000002], [76.84626, 29.146310000000003], [76.8464, 29.143010000000004], [76.84727000000001, 29.141410000000004], [76.84688000000001, 29.136530000000004]]]}}, {"id": "288", "type": "Feature", "properties": {"village_name": "Kehlpa", "vil_lgd": 59657, "district_name": "Sonipat", "dist_lgd": 75, "subdistrict_name": "Gohana", "sdcode": 378, "block_name": "Kathura", "block_lgd": 40.0, "gp_name": "KAHALPA", "state_name": "HARYANA", "state_lgd": 6, "population": 1268, "households": 251}, "geometry": {"type": "Polygon", "coordinates": [[[76.59737000000001, 29.12882], [76.60532, 29.120670000000004], [76.59545, 29.10703], [76.59394, 29.10573], [76.58945, 29.10432], [76.58069, 29.104640000000003], [76.57858, 29.104960000000002], [76.56799000000001, 29.11069], [76.56896, 29.114110000000004], [76.56834, 29.119650000000004], [76.56546, 29.13218], [76.56354, 29.137200000000004], [76.57093, 29.13989], [76.57977000000001, 29.14504], [76.5849, 29.139870000000002], [76.59332, 29.134800000000002], [76.59737000000001, 29.12882]]]}}, {"id": "289", "type": "Feature", "properties": {"village_name": "Kakana Bhadri", "vil_lgd": 59697, "district_name": "Sonipat", "dist_lgd": 75, "subdistrict_name": "Gohana", "sdcode": 378, "block_name": "Gohana", "block_lgd": 41.0, "gp_name": "KAKANA BAHADARI", "state_name": "HARYANA", "state_lgd": 6, "population": 1455, "households": 261}, "geometry": {"type": "Polygon", "coordinates": [[[76.82727000000001, 29.146980000000003], [76.82781, 29.139390000000002], [76.83847, 29.135120000000004], [76.83550000000001, 29.13371], [76.82798000000001, 29.13417], [76.82596000000001, 29.126880000000003], [76.82319000000001, 29.128680000000003], [76.80912000000001, 29.129510000000003], [76.80502000000001, 29.13172], [76.80641, 29.133110000000002], [76.80641, 29.13502], [76.80039000000001, 29.14139], [76.79965, 29.143110000000004], [76.80036000000001, 29.145210000000002], [76.8044, 29.150430000000004], [76.80904000000001, 29.15444], [76.81265, 29.153180000000003], [76.81469000000001, 29.153360000000003], [76.82165, 29.15602], [76.82375, 29.154310000000002], [76.82727000000001, 29.146980000000003]]]}}, {"id": "290", "type": "Feature", "properties": {"village_name": "Ahulana", "vil_lgd": 59660, "district_name": "Sonipat", "dist_lgd": 75, "subdistrict_name": "Gohana", "sdcode": 378, "block_name": "Kathura", "block_lgd": 40.0, "gp_name": "AHULANA", "state_name": "HARYANA", "state_lgd": 6, "population": 6451, "households": 1207}, "geometry": {"type": "Polygon", "coordinates": [[[76.66731, 29.132830000000002], [76.66783000000001, 29.13021], [76.6701, 29.12806], [76.67006, 29.126870000000004], [76.66932000000001, 29.121160000000003], [76.66706, 29.11773], [76.66501000000001, 29.116300000000003], [76.65911000000001, 29.114880000000003], [76.65486, 29.11604], [76.64826000000001, 29.11548], [76.62829, 29.122010000000003], [76.62312, 29.126360000000002], [76.62826000000001, 29.12994], [76.63267, 29.134500000000003], [76.63856000000001, 29.142770000000002], [76.64302, 29.146040000000003], [76.6516, 29.147820000000003], [76.65477, 29.145840000000003], [76.66068, 29.138810000000003], [76.66293, 29.137340000000002], [76.66731, 29.132830000000002]]]}}, {"id": "291", "type": "Feature", "properties": {"village_name": "Barota", "vil_lgd": 59684, "district_name": "Sonipat", "dist_lgd": 75, "subdistrict_name": "Gohana", "sdcode": 378, "block_name": "Gohana", "block_lgd": 41.0, "gp_name": "BAROTA", "state_name": "HARYANA", "state_lgd": 6, "population": 4300, "households": 840}, "geometry": {"type": "Polygon", "coordinates": [[[76.75399, 29.147060000000003], [76.75633, 29.14591], [76.7604, 29.142220000000002], [76.76474, 29.141890000000004], [76.76843000000001, 29.1395], [76.77077000000001, 29.139270000000003], [76.76931, 29.131870000000003], [76.76324000000001, 29.12402], [76.76138, 29.11887], [76.75691, 29.11183], [76.74151, 29.114110000000004], [76.73423000000001, 29.11661], [76.73281, 29.126710000000003], [76.73498000000001, 29.13174], [76.73489000000001, 29.13539], [76.73377, 29.137960000000003], [76.7347, 29.1445], [76.73542, 29.145390000000003], [76.74615, 29.148770000000003], [76.7472, 29.146780000000003], [76.75399, 29.147060000000003]]]}}, {"id": "292", "type": "Feature", "properties": {"village_name": "Nagar", "vil_lgd": 59682, "district_name": "Sonipat", "dist_lgd": 75, "subdistrict_name": "Gohana", "sdcode": 378, "block_name": "Gohana", "block_lgd": 41.0, "gp_name": "NAGAR", "state_name": "HARYANA", "state_lgd": 6, "population": 1700, "households": 343}, "geometry": {"type": "Polygon", "coordinates": [[[76.7347, 29.1445], [76.73377, 29.137960000000003], [76.73489000000001, 29.13539], [76.73498000000001, 29.13174], [76.73281, 29.126710000000003], [76.73423000000001, 29.11661], [76.72884, 29.115170000000003], [76.72431, 29.11239], [76.71786, 29.126130000000003], [76.71809, 29.129080000000002], [76.71885, 29.131370000000004], [76.71679, 29.13314], [76.71621, 29.135340000000003], [76.71769, 29.136300000000002], [76.71937000000001, 29.139200000000002], [76.72057000000001, 29.14007], [76.72659, 29.139920000000004], [76.73088000000001, 29.146440000000002], [76.73228, 29.147260000000003], [76.73368, 29.147170000000003], [76.73542, 29.145390000000003], [76.7347, 29.1445]]]}}, {"id": "293", "type": "Feature", "properties": {"village_name": "Nayat", "vil_lgd": 59689, "district_name": "Sonipat", "dist_lgd": 75, "subdistrict_name": "Gohana", "sdcode": 378, "block_name": "Gohana", "block_lgd": 41.0, "gp_name": "NIAT", "state_name": "HARYANA", "state_lgd": 6, "population": 1977, "households": 369}, "geometry": {"type": "Polygon", "coordinates": [[[76.79224, 29.145370000000003], [76.79582, 29.143130000000003], [76.79965, 29.143110000000004], [76.80039000000001, 29.14139], [76.80641, 29.13502], [76.80641, 29.133110000000002], [76.80502000000001, 29.13172], [76.80076000000001, 29.127860000000002], [76.79469, 29.120440000000002], [76.78357000000001, 29.12261], [76.76931, 29.131870000000003], [76.77077000000001, 29.139270000000003], [76.77117000000001, 29.141460000000002], [76.78124000000001, 29.14825], [76.78536000000001, 29.14562], [76.79224, 29.145370000000003]]]}}, {"id": "294", "type": "Feature", "properties": {"village_name": "Gudha Part", "vil_lgd": 59661, "district_name": "Sonipat", "dist_lgd": 75, "subdistrict_name": "Gohana", "sdcode": 378, "block_name": "Kathura", "block_lgd": 40.0, "gp_name": "GUDHA(PART)", "state_name": "HARYANA", "state_lgd": 6, "population": 1238, "households": 209}, "geometry": {"type": "Polygon", "coordinates": [[[76.68054000000001, 29.13801], [76.68121000000001, 29.12611], [76.67608000000001, 29.1291], [76.67006, 29.126870000000004], [76.6701, 29.12806], [76.66783000000001, 29.13021], [76.66731, 29.132830000000002], [76.66293, 29.137340000000002], [76.66598, 29.138730000000002], [76.67883, 29.140700000000002], [76.68054000000001, 29.13801]]]}}, {"id": "295", "type": "Feature", "properties": {"village_name": "Kheri Damkan", "vil_lgd": 59685, "district_name": "Sonipat", "dist_lgd": 75, "subdistrict_name": "Gohana", "sdcode": 378, "block_name": "Gohana", "block_lgd": 41.0, "gp_name": "KHERI DAMKAN", "state_name": "HARYANA", "state_lgd": 6, "population": 4447, "households": 820}, "geometry": {"type": "Polygon", "coordinates": [[[76.78807, 29.111130000000003], [76.78689, 29.10771], [76.78563000000001, 29.106820000000003], [76.77199, 29.101910000000004], [76.76755, 29.101180000000003], [76.76196, 29.09652], [76.75882, 29.095050000000004], [76.75945, 29.10086], [76.75836000000001, 29.10396], [76.75833, 29.109130000000004], [76.75691, 29.11183], [76.76138, 29.11887], [76.76324000000001, 29.12402], [76.76931, 29.131870000000003], [76.78357000000001, 29.12261], [76.79469, 29.120440000000002], [76.78807, 29.111130000000003]]]}}, {"id": "296", "type": "Feature", "properties": {"village_name": "Gohana Rural Part", "vil_lgd": 59681, "district_name": "Sonipat", "dist_lgd": 75, "subdistrict_name": "Gohana", "sdcode": 378, "block_name": "Gohana", "block_lgd": 41.0, "gp_name": "GOHANA (RURAL((PART)", "state_name": "HARYANA", "state_lgd": 6, "population": 2828, "households": 527}, "geometry": {"type": "MultiPolygon", "coordinates": [[[[76.71786, 29.126130000000003], [76.72431, 29.11239], [76.71254, 29.111620000000002], [76.70194000000001, 29.116750000000003], [76.6935, 29.11915], [76.69438000000001, 29.121240000000004], [76.6945, 29.125970000000002], [76.69662000000001, 29.130360000000003], [76.70139, 29.1321], [76.70291, 29.13192], [76.70402, 29.131300000000003], [76.70429, 29.1291], [76.70540000000001, 29.128390000000003], [76.71000000000001, 29.12853], [76.71263, 29.130550000000003], [76.71378, 29.133370000000003], [76.71621, 29.135340000000003], [76.71679, 29.13314], [76.71885, 29.131370000000004], [76.71809, 29.129080000000002], [76.71786, 29.126130000000003]]], [[[76.67792, 29.152910000000002], [76.67904, 29.153260000000003], [76.67988000000001, 29.15492], [76.68159, 29.146010000000004], [76.67883, 29.140700000000002], [76.66598, 29.138730000000002], [76.66293, 29.137340000000002], [76.66068, 29.138810000000003], [76.65477, 29.145840000000003], [76.6516, 29.147820000000003], [76.65794000000001, 29.154370000000004], [76.65988, 29.157780000000002], [76.67214000000001, 29.153820000000003], [76.67792, 29.152910000000002]]], [[[76.7052, 29.167500000000004], [76.70859, 29.16815], [76.71270000000001, 29.167130000000004], [76.71278000000001, 29.163500000000003], [76.71433, 29.160940000000004], [76.71485000000001, 29.157780000000002], [76.71587000000001, 29.147730000000003], [76.71277, 29.1443], [76.70689, 29.140880000000003], [76.70222000000001, 29.143250000000002], [76.69801000000001, 29.15153], [76.69861, 29.161790000000003], [76.69311, 29.164900000000003], [76.6931, 29.168000000000003], [76.69423, 29.16925], [76.69989000000001, 29.169800000000002], [76.70360000000001, 29.16795], [76.7052, 29.167500000000004]]]]}}, {"id": "297", "type": "Feature", "properties": {"village_name": "Saragthal", "vil_lgd": 59698, "district_name": "Sonipat", "dist_lgd": 75, "subdistrict_name": "Gohana", "sdcode": 378, "block_name": "Gohana", "block_lgd": 41.0, "gp_name": "SARAGTHAL", "state_name": "HARYANA", "state_lgd": 6, "population": 3435, "households": 634}, "geometry": {"type": "Polygon", "coordinates": [[[76.84688000000001, 29.136530000000004], [76.84759000000001, 29.133480000000002], [76.85426000000001, 29.127060000000004], [76.86238, 29.12301], [76.86322000000001, 29.121430000000004], [76.86219000000001, 29.120420000000003], [76.85683, 29.11961], [76.84862000000001, 29.11792], [76.84458000000001, 29.115660000000002], [76.83821, 29.1152], [76.83445, 29.120520000000003], [76.83104, 29.122830000000004], [76.82659000000001, 29.124380000000002], [76.82596000000001, 29.126880000000003], [76.82798000000001, 29.13417], [76.83550000000001, 29.13371], [76.83847, 29.135120000000004], [76.84241, 29.136570000000003], [76.84464000000001, 29.13632], [76.84688000000001, 29.136530000000004]]]}}, {"id": "298", "type": "Feature", "properties": {"village_name": "Madina", "vil_lgd": 59659, "district_name": "Sonipat", "dist_lgd": 75, "subdistrict_name": "Gohana", "sdcode": 378, "block_name": "Kathura", "block_lgd": 40.0, "gp_name": "MADINA", "state_name": "HARYANA", "state_lgd": 6, "population": 5450, "households": 1037}, "geometry": {"type": "Polygon", "coordinates": [[[76.65486, 29.11604], [76.65911000000001, 29.114880000000003], [76.66501000000001, 29.116300000000003], [76.66529000000001, 29.112350000000003], [76.66701, 29.108960000000003], [76.65889, 29.10096], [76.65475, 29.090550000000004], [76.65043, 29.09213], [76.64561, 29.095160000000003], [76.64007000000001, 29.096850000000003], [76.63111, 29.09766], [76.62464, 29.097030000000004], [76.62247, 29.09587], [76.61949000000001, 29.10199], [76.61929, 29.103500000000004], [76.62106, 29.10762], [76.62071, 29.108620000000002], [76.61800000000001, 29.109140000000004], [76.61627, 29.110770000000002], [76.60975, 29.119310000000002], [76.60532, 29.120670000000004], [76.62312, 29.126360000000002], [76.62829, 29.122010000000003], [76.64826000000001, 29.11548], [76.65486, 29.11604]]]}}, {"id": "299", "type": "Feature", "properties": {"village_name": "Thaska", "vil_lgd": 59662, "district_name": "Sonipat", "dist_lgd": 75, "subdistrict_name": "Gohana", "sdcode": 378, "block_name": "Kathura", "block_lgd": 40.0, "gp_name": "THASKA", "state_name": "HARYANA", "state_lgd": 6, "population": 1706, "households": 328}, "geometry": {"type": "Polygon", "coordinates": [[[76.6935, 29.11915], [76.68716, 29.10235], [76.6845, 29.103640000000002], [76.67891, 29.104090000000003], [76.67178000000001, 29.105950000000004], [76.66701, 29.108960000000003], [76.66529000000001, 29.112350000000003], [76.66501000000001, 29.116300000000003], [76.66706, 29.11773], [76.66932000000001, 29.121160000000003], [76.67006, 29.126870000000004], [76.67608000000001, 29.1291], [76.68121000000001, 29.12611], [76.6935, 29.11915]]]}}, {"id": "300", "type": "Feature", "properties": {"village_name": "Jauli", "vil_lgd": 59688, "district_name": "Sonipat", "dist_lgd": 75, "subdistrict_name": "Gohana", "sdcode": 378, "block_name": "Gohana", "block_lgd": 41.0, "gp_name": "JAULI", "state_name": "HARYANA", "state_lgd": 6, "population": 5963, "households": 1100}, "geometry": {"type": "Polygon", "coordinates": [[[76.82319000000001, 29.128680000000003], [76.82596000000001, 29.126880000000003], [76.82659000000001, 29.124380000000002], [76.83104, 29.122830000000004], [76.83445, 29.120520000000003], [76.83821, 29.1152], [76.83581000000001, 29.114800000000002], [76.82859, 29.11325], [76.82635, 29.11147], [76.81725, 29.09963], [76.81812000000001, 29.09625], [76.82067, 29.095190000000002], [76.82284, 29.093550000000004], [76.82279000000001, 29.092800000000004], [76.81997000000001, 29.088330000000003], [76.81118000000001, 29.086280000000002], [76.80735, 29.084290000000003], [76.80175000000001, 29.089250000000003], [76.79984, 29.093470000000003], [76.79446, 29.10046], [76.78563000000001, 29.106820000000003], [76.78689, 29.10771], [76.78807, 29.111130000000003], [76.79469, 29.120440000000002], [76.80076000000001, 29.127860000000002], [76.80502000000001, 29.13172], [76.80912000000001, 29.129510000000003], [76.82319000000001, 29.128680000000003]]]}}, {"id": "301", "type": "Feature", "properties": {"village_name": "Bhanderi", "vil_lgd": 59658, "district_name": "Sonipat", "dist_lgd": 75, "subdistrict_name": "Gohana", "sdcode": 378, "block_name": "Kathura", "block_lgd": 40.0, "gp_name": "BHANDERI", "state_name": "HARYANA", "state_lgd": 6, "population": 1760, "households": 307}, "geometry": {"type": "Polygon", "coordinates": [[[76.61084000000001, 29.09363], [76.60961, 29.095900000000004], [76.59905, 29.099650000000004], [76.59545, 29.10703], [76.60532, 29.120670000000004], [76.60975, 29.119310000000002], [76.61627, 29.110770000000002], [76.61800000000001, 29.109140000000004], [76.62071, 29.108620000000002], [76.62106, 29.10762], [76.61929, 29.103500000000004], [76.61949000000001, 29.10199], [76.62247, 29.09587], [76.61084000000001, 29.09363]]]}}, {"id": "302", "type": "Feature", "properties": {"village_name": "Mahra", "vil_lgd": 59680, "district_name": "Sonipat", "dist_lgd": 75, "subdistrict_name": "Gohana", "sdcode": 378, "block_name": "Gohana", "block_lgd": 41.0, "gp_name": "MAHRA", "state_name": "HARYANA", "state_lgd": 6, "population": 3292, "households": 669}, "geometry": {"type": "Polygon", "coordinates": [[[76.72431, 29.11239], [76.72710000000001, 29.10703], [76.72085000000001, 29.100430000000003], [76.70537, 29.089900000000004], [76.68716, 29.10235], [76.6935, 29.11915], [76.70194000000001, 29.116750000000003], [76.71254, 29.111620000000002], [76.72431, 29.11239]]]}}, {"id": "303", "type": "Feature", "properties": {"village_name": "Sikanderpur Majra", "vil_lgd": 59683, "district_name": "Sonipat", "dist_lgd": 75, "subdistrict_name": "Gohana", "sdcode": 378, "block_name": "Gohana", "block_lgd": 41.0, "gp_name": "SIKANDERPUR MAJRA", "state_name": "HARYANA", "state_lgd": 6, "population": 3516, "households": 672}, "geometry": {"type": "Polygon", "coordinates": [[[76.75833, 29.109130000000004], [76.75836000000001, 29.10396], [76.75945, 29.10086], [76.75882, 29.095050000000004], [76.75537, 29.09268], [76.74958000000001, 29.09269], [76.74572, 29.094580000000004], [76.73429, 29.097880000000004], [76.73161, 29.10133], [76.7283, 29.10386], [76.72710000000001, 29.10703], [76.72431, 29.11239], [76.72884, 29.115170000000003], [76.73423000000001, 29.11661], [76.74151, 29.114110000000004], [76.75691, 29.11183], [76.75833, 29.109130000000004]]]}}, {"id": "304", "type": "Feature", "properties": {"village_name": "Moi", "vil_lgd": 59776, "district_name": "Sonipat", "dist_lgd": 75, "subdistrict_name": "Sonipat", "sdcode": 380, "block_name": "Ganaur", "block_lgd": 42.0, "gp_name": "MOI", "state_name": "HARYANA", "state_lgd": 6, "population": 2157, "households": 392}, "geometry": {"type": "Polygon", "coordinates": [[[76.88524000000001, 29.146970000000003], [76.88187, 29.13501], [76.88289, 29.134000000000004], [76.88705, 29.134130000000003], [76.89549000000001, 29.131180000000004], [76.89603000000001, 29.12001], [76.89314, 29.118910000000003], [76.88724, 29.112470000000002], [76.88241000000001, 29.109970000000004], [76.87491, 29.113500000000002], [76.86896, 29.119000000000003], [76.86856, 29.12815], [76.86922000000001, 29.13436], [76.86852, 29.142950000000003], [76.87138, 29.143390000000004], [76.87753000000001, 29.14619], [76.88244, 29.149490000000004], [76.88407000000001, 29.148930000000004], [76.88451, 29.147830000000003], [76.88524000000001, 29.146970000000003]]]}}, {"id": "305", "type": "Feature", "properties": {"village_name": "Majri", "vil_lgd": 59777, "district_name": "Sonipat", "dist_lgd": 75, "subdistrict_name": "Sonipat", "sdcode": 380, "block_name": "Ganaur", "block_lgd": 42.0, "gp_name": "MAJRI", "state_name": "HARYANA", "state_lgd": 6, "population": 791, "households": 136}, "geometry": {"type": "Polygon", "coordinates": [[[76.89549000000001, 29.131180000000004], [76.88705, 29.134130000000003], [76.88289, 29.134000000000004], [76.88187, 29.13501], [76.88524000000001, 29.146970000000003], [76.89215, 29.142300000000002], [76.89505000000001, 29.136960000000002], [76.89549000000001, 29.131180000000004]]]}}, {"id": "306", "type": "Feature", "properties": {"village_name": "Bhadi", "vil_lgd": 59779, "district_name": "Sonipat", "dist_lgd": 75, "subdistrict_name": "Sonipat", "sdcode": 380, "block_name": "Ganaur", "block_lgd": 42.0, "gp_name": "BHADI", "state_name": "HARYANA", "state_lgd": 6, "population": 387, "households": 80}, "geometry": {"type": "Polygon", "coordinates": [[[76.87491, 29.113500000000002], [76.88241000000001, 29.109970000000004], [76.87038000000001, 29.101950000000002], [76.85969, 29.111960000000003], [76.85683, 29.11961], [76.86219000000001, 29.120420000000003], [76.86322000000001, 29.121430000000004], [76.86896, 29.119000000000003], [76.87491, 29.113500000000002]]]}}, {"id": "307", "type": "Feature", "properties": {"village_name": "Rahmana", "vil_lgd": 59775, "district_name": "Sonipat", "dist_lgd": 75, "subdistrict_name": "Sonipat", "sdcode": 380, "block_name": "Sonipat", "block_lgd": 44.0, "gp_name": "RAHMANA", "state_name": "HARYANA", "state_lgd": 6, "population": 1129, "households": 191}, "geometry": {"type": "Polygon", "coordinates": [[[76.89943000000001, 29.112450000000003], [76.89411000000001, 29.09681], [76.89534, 29.092620000000004], [76.88804, 29.09156], [76.88575, 29.096550000000004], [76.88375, 29.097910000000002], [76.88326, 29.109560000000002], [76.88241000000001, 29.109970000000004], [76.88724, 29.112470000000002], [76.89314, 29.118910000000003], [76.89603000000001, 29.12001], [76.89915, 29.117240000000002], [76.89943000000001, 29.112450000000003]]]}}, {"id": "308", "type": "Feature", "properties": {"village_name": "Rolad Latifpur", "vil_lgd": 59781, "district_name": "Sonipat", "dist_lgd": 75, "subdistrict_name": "Sonipat", "sdcode": 380, "block_name": "Sonipat", "block_lgd": 44.0, "gp_name": "ROLAD LATIFPUR", "state_name": "HARYANA", "state_lgd": 6, "population": 1921, "households": 348}, "geometry": {"type": "Polygon", "coordinates": [[[76.86595000000001, 29.09859], [76.85909000000001, 29.09635], [76.85418, 29.096300000000003], [76.84870000000001, 29.097500000000004], [76.84453, 29.10208], [76.84100000000001, 29.10592], [76.83581000000001, 29.114800000000002], [76.83821, 29.1152], [76.84458000000001, 29.115660000000002], [76.84862000000001, 29.11792], [76.85683, 29.11961], [76.85969, 29.111960000000003], [76.87038000000001, 29.101950000000002], [76.86595000000001, 29.09859]]]}}, {"id": "309", "type": "Feature", "properties": {"village_name": "Sitawali", "vil_lgd": 59774, "district_name": "Sonipat", "dist_lgd": 75, "subdistrict_name": "Sonipat", "sdcode": 380, "block_name": "Sonipat", "block_lgd": 44.0, "gp_name": "SHATAWALI", "state_name": "HARYANA", "state_lgd": 6, "population": 1836, "households": 340}, "geometry": {"type": "Polygon", "coordinates": [[[76.90405000000001, 29.1155], [76.90847000000001, 29.116820000000004], [76.91238000000001, 29.116470000000003], [76.91519000000001, 29.114780000000003], [76.91666000000001, 29.11211], [76.91495, 29.10534], [76.91550000000001, 29.098440000000004], [76.91730000000001, 29.09474], [76.92448, 29.09232], [76.92328, 29.08892], [76.91625, 29.08132], [76.91296000000001, 29.08508], [76.91224000000001, 29.08753], [76.90857000000001, 29.08988], [76.89534, 29.092620000000004], [76.89411000000001, 29.09681], [76.89943000000001, 29.112450000000003], [76.89915, 29.117240000000002], [76.90155, 29.115560000000002], [76.90405000000001, 29.1155]]]}}, {"id": "310", "type": "Feature", "properties": {"village_name": "Dodwah", "vil_lgd": 59782, "district_name": "Sonipat", "dist_lgd": 75, "subdistrict_name": "Sonipat", "sdcode": 380, "block_name": "Sonipat", "block_lgd": 44.0, "gp_name": "DODWAH", "state_name": "HARYANA", "state_lgd": 6, "population": 2715, "households": 441}, "geometry": {"type": "Polygon", "coordinates": [[[76.84870000000001, 29.097500000000004], [76.84489, 29.09785], [76.84062, 29.09699], [76.83483000000001, 29.09361], [76.82938, 29.091030000000003], [76.82466000000001, 29.091040000000003], [76.82279000000001, 29.092800000000004], [76.82284, 29.093550000000004], [76.82067, 29.095190000000002], [76.81812000000001, 29.09625], [76.81725, 29.09963], [76.82635, 29.11147], [76.82859, 29.11325], [76.83581000000001, 29.114800000000002], [76.84100000000001, 29.10592], [76.84453, 29.10208], [76.84870000000001, 29.097500000000004]]]}}, {"id": "311", "type": "Feature", "properties": {"village_name": "Chatia Deva", "vil_lgd": 59780, "district_name": "Sonipat", "dist_lgd": 75, "subdistrict_name": "Sonipat", "sdcode": 380, "block_name": "Sonipat", "block_lgd": 44.0, "gp_name": "CHATIA DEVA", "state_name": "HARYANA", "state_lgd": 6, "population": 369, "households": 71}, "geometry": {"type": "Polygon", "coordinates": [[[76.86800000000001, 29.096790000000002], [76.86618, 29.09719], [76.86595000000001, 29.09859], [76.87038000000001, 29.101950000000002], [76.88241000000001, 29.109970000000004], [76.88326, 29.109560000000002], [76.88375, 29.097910000000002], [76.86800000000001, 29.096790000000002]]]}}, {"id": "312", "type": "Feature", "properties": {"village_name": "Jalalabad", "vil_lgd": 59719, "district_name": "Sonipat", "dist_lgd": 75, "subdistrict_name": "Ganaur", "sdcode": 379, "block_name": "Ganaur", "block_lgd": 42.0, "gp_name": "KHIJARPUR AHIR", "state_name": "HARYANA", "state_lgd": 6, "population": 34, "households": 5}, "geometry": {"type": "Polygon", "coordinates": [[[76.97742000000001, 29.15236], [76.98369000000001, 29.15154], [76.99712000000001, 29.146860000000004], [76.99606, 29.14289], [76.99198000000001, 29.14091], [76.98781000000001, 29.141130000000004], [76.98619000000001, 29.14224], [76.9872, 29.14307], [76.98724, 29.144450000000003], [76.98602000000001, 29.147470000000002], [76.97406000000001, 29.15067], [76.9662, 29.150890000000004], [76.96295, 29.149250000000002], [76.96217, 29.145660000000003], [76.95242, 29.144600000000004], [76.94785, 29.149490000000004], [76.96014000000001, 29.153800000000004], [76.96854, 29.154790000000002], [76.97742000000001, 29.15236]]]}}, {"id": "313", "type": "Feature", "properties": {"village_name": "Machhrauli", "vil_lgd": 59738, "district_name": "Sonipat", "dist_lgd": 75, "subdistrict_name": "Ganaur", "sdcode": 379, "block_name": "Ganaur", "block_lgd": 42.0, "gp_name": "MACHHRAULI", "state_name": "HARYANA", "state_lgd": 6, "population": 0, "households": 0}, "geometry": {"type": "Polygon", "coordinates": [[[76.99984, 29.11398], [76.99624, 29.11435], [76.98247, 29.117870000000003], [76.9719, 29.1185], [76.96591000000001, 29.12036], [76.96432, 29.120810000000002], [76.96892000000001, 29.125840000000004], [76.96919000000001, 29.127480000000002], [76.98342000000001, 29.122600000000002], [76.98748, 29.122370000000004], [76.994, 29.12046], [77.00078, 29.115850000000002], [76.99984, 29.11398]]]}}, {"id": "314", "type": "Feature", "properties": {"village_name": "Miana", "vil_lgd": 59718, "district_name": "Sonipat", "dist_lgd": 75, "subdistrict_name": "Ganaur", "sdcode": 379, "block_name": "Ganaur", "block_lgd": 42.0, "gp_name": "MIANA", "state_name": "HARYANA", "state_lgd": 6, "population": 0, "households": 0}, "geometry": {"type": "Polygon", "coordinates": [[[76.99712000000001, 29.146860000000004], [76.98369000000001, 29.15154], [76.97742000000001, 29.15236], [76.96854, 29.154790000000002], [76.96884, 29.156630000000003], [76.9711, 29.15913], [76.99093, 29.15649], [76.99883000000001, 29.152060000000002], [76.99712000000001, 29.146860000000004]]]}}, {"id": "315", "type": "Feature", "properties": {"village_name": "Bhadauti Taluka Busana", "vil_lgd": 59631, "district_name": "Sonipat", "dist_lgd": 75, "subdistrict_name": "Gohana", "sdcode": 378, "block_name": "Mundlana", "block_lgd": 39.0, "gp_name": "BHADAUTI TALUKA BUSANA", "state_name": "HARYANA", "state_lgd": 6, "population": 0, "households": 0}, "geometry": {"type": "Polygon", "coordinates": [[[76.75403, 29.255570000000002], [76.75086, 29.25805], [76.7496, 29.260550000000002], [76.74883000000001, 29.260720000000003], [76.75598000000001, 29.26451], [76.7566, 29.266830000000002], [76.75992000000001, 29.268580000000004], [76.76050000000001, 29.269650000000002], [76.76264, 29.268720000000002], [76.76398, 29.26705], [76.76387000000001, 29.26254], [76.76332000000001, 29.260240000000003], [76.75769000000001, 29.2542], [76.75403, 29.255570000000002]]]}}, {"id": "316", "type": "Feature", "properties": {"village_name": "Bhadauti Taluka Mundlana", "vil_lgd": 59630, "district_name": "Sonipat", "dist_lgd": 75, "subdistrict_name": "Gohana", "sdcode": 378, "block_name": "Mundlana", "block_lgd": 39.0, "gp_name": "BHADAUTI TALUKA MUNDLANA", "state_name": "HARYANA", "state_lgd": 6, "population": 0, "households": 0}, "geometry": {"type": "Polygon", "coordinates": [[[76.76516000000001, 29.251820000000002], [76.76807000000001, 29.254120000000004], [76.77057, 29.2543], [76.77117000000001, 29.253800000000002], [76.77239, 29.244010000000003], [76.76946000000001, 29.23908], [76.76823, 29.230840000000004], [76.76697, 29.2297], [76.7626, 29.229450000000003], [76.75574, 29.234260000000003], [76.75427, 29.23664], [76.74956, 29.236610000000002], [76.75082, 29.241120000000002], [76.75068, 29.24687], [76.74848, 29.254], [76.74891000000001, 29.256610000000002], [76.75086, 29.25805], [76.75403, 29.255570000000002], [76.75769000000001, 29.2542], [76.76516000000001, 29.251820000000002]]]}}, {"id": "317", "type": "Feature", "properties": {"village_name": "Patti Kailana Taluka Khanpur Kalan", "vil_lgd": 59695, "district_name": "Sonipat", "dist_lgd": 75, "subdistrict_name": "Gohana", "sdcode": 378, "block_name": "Gohana", "block_lgd": 41.0, "gp_name": "PATTI KAILANA TALUKA KHANPUR KALAN", "state_name": "HARYANA", "state_lgd": 6, "population": 150, "households": 27}, "geometry": {"type": "Polygon", "coordinates": [[[76.79498000000001, 29.189650000000004], [76.79232, 29.181710000000002], [76.79001000000001, 29.177470000000003], [76.78116, 29.166610000000002], [76.77575, 29.16803], [76.77354000000001, 29.170550000000002], [76.76176000000001, 29.178480000000004], [76.76197, 29.179370000000002], [76.76453000000001, 29.180830000000004], [76.77346, 29.181580000000004], [76.77731, 29.1898], [76.78016000000001, 29.19302], [76.78855, 29.193960000000004], [76.79359000000001, 29.195790000000002], [76.79910000000001, 29.192670000000003], [76.79498000000001, 29.189650000000004]]]}}, {"id": "318", "type": "Feature", "properties": {"village_name": "Ishapur Kheri", "vil_lgd": 59620, "district_name": "Sonipat", "dist_lgd": 75, "subdistrict_name": "Gohana", "sdcode": 378, "block_name": "Mundlana", "block_lgd": 39.0, "gp_name": "ISSAPUR KHERI (16)", "state_name": "HARYANA", "state_lgd": 6, "population": 3324, "households": 640}, "geometry": {"type": "Polygon", "coordinates": [[[76.60834000000001, 29.21806], [76.60427, 29.21674], [76.59774, 29.21054], [76.59294000000001, 29.21084], [76.59046000000001, 29.210030000000003], [76.58964, 29.208340000000003], [76.58853, 29.20895], [76.57787, 29.22014], [76.57001000000001, 29.226210000000002], [76.56829, 29.2268], [76.58896, 29.233760000000004], [76.59441000000001, 29.236580000000004], [76.61004000000001, 29.22211], [76.60834000000001, 29.21806]]]}}, {"id": "319", "type": "Feature", "properties": {"village_name": "Zafarpur", "vil_lgd": 59711, "district_name": "Sonipat", "dist_lgd": 75, "subdistrict_name": "Ganaur", "sdcode": 379, "block_name": "Ganaur", "block_lgd": 42.0, "gp_name": "ZAFARPUR", "state_name": "HARYANA", "state_lgd": 6, "population": 819, "households": 132}, "geometry": {"type": "Polygon", "coordinates": [[[77.00742000000001, 29.18578], [77.01226000000001, 29.185630000000003], [77.01274000000001, 29.179240000000004], [77.01212000000001, 29.173990000000003], [77.00162, 29.157000000000004], [76.99891000000001, 29.155600000000003], [76.99722000000001, 29.156060000000004], [76.99455, 29.16167], [76.99418, 29.166370000000004], [76.99098000000001, 29.170270000000002], [76.99310000000001, 29.170600000000004], [76.99425000000001, 29.174540000000004], [76.99663000000001, 29.17705], [77.00071000000001, 29.18448], [76.99910000000001, 29.185290000000002], [76.99957, 29.186570000000003], [77.00333, 29.187820000000002], [77.00414, 29.18896], [77.00689000000001, 29.189010000000003], [77.00742000000001, 29.18578]]]}}, {"id": "320", "type": "Feature", "properties": {"village_name": "Panchi Gujran", "vil_lgd": 59721, "district_name": "Sonipat", "dist_lgd": 75, "subdistrict_name": "Ganaur", "sdcode": 379, "block_name": "Ganaur", "block_lgd": 42.0, "gp_name": "PANCHI GUJRAN", "state_name": "HARYANA", "state_lgd": 6, "population": 5127, "households": 890}, "geometry": {"type": "Polygon", "coordinates": [[[77.02523000000001, 29.180030000000002], [77.02436, 29.174030000000002], [77.02274000000001, 29.171930000000003], [77.02231, 29.16991], [77.03234, 29.167070000000002], [77.03614, 29.164880000000004], [77.03727, 29.158830000000002], [77.03253000000001, 29.15567], [77.0322, 29.152210000000004], [77.02752000000001, 29.144710000000003], [77.02531, 29.139540000000004], [77.01989, 29.13999], [77.00514000000001, 29.141180000000002], [77.00194, 29.141270000000002], [77.00133000000001, 29.142190000000003], [76.99606, 29.14289], [76.99712000000001, 29.146860000000004], [76.99883000000001, 29.152060000000002], [77.00162, 29.157000000000004], [77.01212000000001, 29.173990000000003], [77.01274000000001, 29.179240000000004], [77.01226000000001, 29.185630000000003], [77.01804000000001, 29.18541], [77.0224, 29.181880000000003], [77.02523000000001, 29.180030000000002]]]}}, {"id": "321", "type": "Feature", "properties": {"village_name": "Shahpur Taga", "vil_lgd": 59727, "district_name": "Sonipat", "dist_lgd": 75, "subdistrict_name": "Ganaur", "sdcode": 379, "block_name": "Ganaur", "block_lgd": 42.0, "gp_name": "SHAHPUR TAGA", "state_name": "HARYANA", "state_lgd": 6, "population": 2129, "households": 414}, "geometry": {"type": "Polygon", "coordinates": [[[77.06405000000001, 29.138270000000002], [77.07313, 29.13296], [77.07628000000001, 29.13209], [77.07557000000001, 29.124460000000003], [77.07328000000001, 29.122360000000004], [77.07533000000001, 29.119860000000003], [77.07519, 29.11295], [77.07253, 29.110350000000004], [77.07033000000001, 29.10978], [77.06735, 29.111860000000004], [77.06717, 29.11728], [77.06111, 29.119360000000004], [77.05993000000001, 29.12047], [77.05619, 29.12413], [77.05481, 29.124520000000004], [77.05782, 29.128270000000004], [77.05673, 29.133250000000004], [77.05822, 29.136090000000003], [77.05774000000001, 29.13868], [77.06108, 29.138420000000004], [77.06405000000001, 29.138270000000002]]]}}, {"id": "322", "type": "Feature", "properties": {"village_name": "Bhakherpur", "vil_lgd": 59722, "district_name": "Sonipat", "dist_lgd": 75, "subdistrict_name": "Ganaur", "sdcode": 379, "block_name": "Ganaur", "block_lgd": 42.0, "gp_name": "BHAKHARPUR", "state_name": "HARYANA", "state_lgd": 6, "population": 1117, "households": 226}, "geometry": {"type": "Polygon", "coordinates": [[[77.05198, 29.176340000000003], [77.05991, 29.172860000000004], [77.06135, 29.175850000000004], [77.06271000000001, 29.17142], [77.05794, 29.168210000000002], [77.04354000000001, 29.163600000000002], [77.03727, 29.158830000000002], [77.03614, 29.164880000000004], [77.03234, 29.167070000000002], [77.02231, 29.16991], [77.02274000000001, 29.171930000000003], [77.02436, 29.174030000000002], [77.02523000000001, 29.180030000000002], [77.02886000000001, 29.177660000000003], [77.02995, 29.177750000000003], [77.04964000000001, 29.184530000000002], [77.05264000000001, 29.181530000000002], [77.05131, 29.179190000000002], [77.05255000000001, 29.17836], [77.05198, 29.176340000000003]]]}}, {"id": "323", "type": "Feature", "properties": {"village_name": "Patti Barahmnan", "vil_lgd": 59729, "district_name": "Sonipat", "dist_lgd": 75, "subdistrict_name": "Ganaur", "sdcode": 379, "block_name": "Ganaur", "block_lgd": 42.0, "gp_name": "PATTI BARAHMNAN", "state_name": "HARYANA", "state_lgd": 6, "population": 565, "households": 95}, "geometry": {"type": "Polygon", "coordinates": [[[77.08748, 29.17527], [77.08837000000001, 29.173930000000002], [77.08459, 29.171440000000004], [77.08250000000001, 29.166570000000004], [77.07310000000001, 29.158690000000004], [77.06580000000001, 29.158050000000003], [77.06273, 29.162270000000003], [77.06246, 29.163970000000003], [77.06330000000001, 29.165720000000004], [77.06271000000001, 29.17142], [77.06135, 29.175850000000004], [77.06618, 29.175], [77.07273, 29.175310000000003], [77.07829000000001, 29.179570000000002], [77.08331000000001, 29.177640000000004], [77.08748, 29.17527]]]}}, {"id": "324", "type": "Feature", "properties": {"village_name": "Chirsami", "vil_lgd": 59723, "district_name": "Sonipat", "dist_lgd": 75, "subdistrict_name": "Ganaur", "sdcode": 379, "block_name": "Ganaur", "block_lgd": 42.0, "gp_name": "CHIRSAMI", "state_name": "HARYANA", "state_lgd": 6, "population": 3023, "households": 589}, "geometry": {"type": "Polygon", "coordinates": [[[77.06246, 29.163970000000003], [77.06273, 29.162270000000003], [77.06580000000001, 29.158050000000003], [77.06542, 29.143530000000002], [77.06405000000001, 29.138270000000002], [77.06108, 29.138420000000004], [77.0549, 29.143020000000003], [77.05104, 29.144090000000002], [77.0434, 29.14842], [77.03874, 29.150100000000002], [77.0322, 29.152210000000004], [77.03253000000001, 29.15567], [77.03727, 29.158830000000002], [77.04354000000001, 29.163600000000002], [77.05794, 29.168210000000002], [77.06271000000001, 29.17142], [77.06330000000001, 29.165720000000004], [77.06246, 29.163970000000003]]]}}, {"id": "325", "type": "Feature", "properties": {"village_name": "Datauli", "vil_lgd": 59728, "district_name": "Sonipat", "dist_lgd": 75, "subdistrict_name": "Ganaur", "sdcode": 379, "block_name": "Ganaur", "block_lgd": 42.0, "gp_name": "DATAULI", "state_name": "HARYANA", "state_lgd": 6, "population": 7872, "households": 1332}, "geometry": {"type": "Polygon", "coordinates": [[[77.0961, 29.162640000000003], [77.09256, 29.163380000000004], [77.09241, 29.135920000000002], [77.09095, 29.136000000000003], [77.08766, 29.13857], [77.08615, 29.138610000000003], [77.07628000000001, 29.13209], [77.07313, 29.13296], [77.06405000000001, 29.138270000000002], [77.06542, 29.143530000000002], [77.06580000000001, 29.158050000000003], [77.07310000000001, 29.158690000000004], [77.08250000000001, 29.166570000000004], [77.08459, 29.171440000000004], [77.08837000000001, 29.173930000000002], [77.09172000000001, 29.167790000000004], [77.0961, 29.162640000000003]]]}}, {"id": "326", "type": "Feature", "properties": {"village_name": "Ghasauli", "vil_lgd": 59732, "district_name": "Sonipat", "dist_lgd": 75, "subdistrict_name": "Ganaur", "sdcode": 379, "block_name": "Ganaur", "block_lgd": 42.0, "gp_name": "GHASOLI", "state_name": "HARYANA", "state_lgd": 6, "population": 3972, "households": 634}, "geometry": {"type": "Polygon", "coordinates": [[[77.10909000000001, 29.119680000000002], [77.11085, 29.114680000000003], [77.10898, 29.110090000000003], [77.09919000000001, 29.10309], [77.09811, 29.1016], [77.09749000000001, 29.097990000000003], [77.08862, 29.097970000000004], [77.08878, 29.102680000000003], [77.09021000000001, 29.103820000000002], [77.08728, 29.11163], [77.09077, 29.116560000000003], [77.09258000000001, 29.12197], [77.09517000000001, 29.12544], [77.09984, 29.12552], [77.10943, 29.1216], [77.10909000000001, 29.119680000000002]]]}}, {"id": "327", "type": "Feature", "properties": {"village_name": "Garhi Kesri", "vil_lgd": 59736, "district_name": "Sonipat", "dist_lgd": 75, "subdistrict_name": "Ganaur", "sdcode": 379, "block_name": "Ganaur", "block_lgd": 42.0, "gp_name": "GARHI KRSRI", "state_name": "HARYANA", "state_lgd": 6, "population": 0, "households": 0}, "geometry": {"type": "Polygon", "coordinates": [[[77.03341, 29.095900000000004], [77.02759, 29.097410000000004], [77.01843000000001, 29.09767], [77.0137, 29.096950000000003], [77.01248000000001, 29.100550000000002], [77.01037000000001, 29.101200000000002], [77.00993000000001, 29.10629], [77.0014, 29.11541], [77.01454000000001, 29.116680000000002], [77.01813, 29.11569], [77.01845, 29.1167], [77.0207, 29.1167], [77.02113, 29.115640000000003], [77.02233000000001, 29.115560000000002], [77.02372000000001, 29.117160000000002], [77.02701, 29.1167], [77.03, 29.11522], [77.03065000000001, 29.117510000000003], [77.03758, 29.119080000000004], [77.03490000000001, 29.11314], [77.03355, 29.106240000000003], [77.03426, 29.10152], [77.03887, 29.09391], [77.03884000000001, 29.092010000000002], [77.03758, 29.090170000000004], [77.03341, 29.095900000000004]]]}}, {"id": "328", "type": "Feature", "properties": {"village_name": "Bega", "vil_lgd": 59730, "district_name": "Sonipat", "dist_lgd": 75, "subdistrict_name": "Ganaur", "sdcode": 379, "block_name": "Ganaur", "block_lgd": 42.0, "gp_name": "BEGAH", "state_name": "HARYANA", "state_lgd": 6, "population": 6665, "households": 1306}, "geometry": {"type": "Polygon", "coordinates": [[[77.14329000000001, 29.166970000000003], [77.14349, 29.158990000000003], [77.14288, 29.156280000000002], [77.13911, 29.151640000000004], [77.1362, 29.14957], [77.13595000000001, 29.14205], [77.14580000000001, 29.135610000000003], [77.1478, 29.132790000000004], [77.14713, 29.128650000000004], [77.14906, 29.11783], [77.14842, 29.114380000000004], [77.13955, 29.117420000000003], [77.12662, 29.120030000000003], [77.12372, 29.1214], [77.12132000000001, 29.120390000000004], [77.10998000000001, 29.121380000000002], [77.10943, 29.1216], [77.09984, 29.12552], [77.09517000000001, 29.12544], [77.09632, 29.126960000000004], [77.09714000000001, 29.130940000000002], [77.09544000000001, 29.133070000000004], [77.09375, 29.132980000000003], [77.09241, 29.135920000000002], [77.09256, 29.163380000000004], [77.0961, 29.162640000000003], [77.09734, 29.161810000000003], [77.10129, 29.16327], [77.11094, 29.169050000000002], [77.11798, 29.169590000000003], [77.14329000000001, 29.166970000000003]]]}}, {"id": "329", "type": "Feature", "properties": {"village_name": "Bain", "vil_lgd": 59724, "district_name": "Sonipat", "dist_lgd": 75, "subdistrict_name": "Ganaur", "sdcode": 379, "block_name": "Ganaur", "block_lgd": 42.0, "gp_name": "BAI", "state_name": "HARYANA", "state_lgd": 6, "population": 2171, "households": 443}, "geometry": {"type": "Polygon", "coordinates": [[[77.03782000000001, 29.13753], [77.03434, 29.135230000000004], [77.02933, 29.13746], [77.02704, 29.139360000000003], [77.02531, 29.139540000000004], [77.02752000000001, 29.144710000000003], [77.0322, 29.152210000000004], [77.03874, 29.150100000000002], [77.03782000000001, 29.13753]]]}}, {"id": "330", "type": "Feature", "properties": {"village_name": "Baraut", "vil_lgd": 59725, "district_name": "Sonipat", "dist_lgd": 75, "subdistrict_name": "Ganaur", "sdcode": 379, "block_name": "Ganaur", "block_lgd": 42.0, "gp_name": "BARAUT", "state_name": "HARYANA", "state_lgd": 6, "population": 2194, "households": 416}, "geometry": {"type": "Polygon", "coordinates": [[[77.06108, 29.138420000000004], [77.05774000000001, 29.13868], [77.04421, 29.135360000000002], [77.03920000000001, 29.1322], [77.03606, 29.133560000000003], [77.03434, 29.135230000000004], [77.03782000000001, 29.13753], [77.03874, 29.150100000000002], [77.0434, 29.14842], [77.05104, 29.144090000000002], [77.0549, 29.143020000000003], [77.06108, 29.138420000000004]]]}}, {"id": "331", "type": "Feature", "properties": {"village_name": "Teha", "vil_lgd": 59726, "district_name": "Sonipat", "dist_lgd": 75, "subdistrict_name": "Ganaur", "sdcode": 379, "block_name": "Ganaur", "block_lgd": 42.0, "gp_name": "TEHA", "state_name": "HARYANA", "state_lgd": 6, "population": 2558, "households": 470}, "geometry": {"type": "Polygon", "coordinates": [[[77.05822, 29.136090000000003], [77.05673, 29.133250000000004], [77.05782, 29.128270000000004], [77.05481, 29.124520000000004], [77.04897000000001, 29.11998], [77.0428, 29.120390000000004], [77.03877, 29.1215], [77.0395, 29.125740000000004], [77.03816, 29.130340000000004], [77.03920000000001, 29.1322], [77.04421, 29.135360000000002], [77.05774000000001, 29.13868], [77.05822, 29.136090000000003]]]}}, {"id": "332", "type": "Feature", "properties": {"village_name": "Kheri Taga", "vil_lgd": 59733, "district_name": "Sonipat", "dist_lgd": 75, "subdistrict_name": "Ganaur", "sdcode": 379, "block_name": "Ganaur", "block_lgd": 42.0, "gp_name": "KHERITAGA", "state_name": "HARYANA", "state_lgd": 6, "population": 2683, "households": 465}, "geometry": {"type": "Polygon", "coordinates": [[[77.09241, 29.135920000000002], [77.09375, 29.132980000000003], [77.09544000000001, 29.133070000000004], [77.09714000000001, 29.130940000000002], [77.09632, 29.126960000000004], [77.09517000000001, 29.12544], [77.09258000000001, 29.12197], [77.09077, 29.116560000000003], [77.08728, 29.11163], [77.09021000000001, 29.103820000000002], [77.08878, 29.102680000000003], [77.08204, 29.105230000000002], [77.07519, 29.11295], [77.07533000000001, 29.119860000000003], [77.07328000000001, 29.122360000000004], [77.07557000000001, 29.124460000000003], [77.07628000000001, 29.13209], [77.08615, 29.138610000000003], [77.08766, 29.13857], [77.09095, 29.136000000000003], [77.09241, 29.135920000000002]]]}}, {"id": "333", "type": "Feature", "properties": {"village_name": "Bari", "vil_lgd": 59734, "district_name": "Sonipat", "dist_lgd": 75, "subdistrict_name": "Ganaur", "sdcode": 379, "block_name": "Ganaur", "block_lgd": 42.0, "gp_name": "BARI", "state_name": "HARYANA", "state_lgd": 6, "population": 6648, "households": 1589}, "geometry": {"type": "Polygon", "coordinates": [[[77.06111, 29.119360000000004], [77.06717, 29.11728], [77.06735, 29.111860000000004], [77.07033000000001, 29.10978], [77.06516, 29.106970000000004], [77.06448, 29.10122], [77.05582000000001, 29.098560000000003], [77.05445, 29.096370000000004], [77.05578000000001, 29.094450000000002], [77.05565, 29.08819], [77.05185, 29.090760000000003], [77.05031000000001, 29.090940000000003], [77.04229000000001, 29.091150000000003], [77.03758, 29.090170000000004], [77.03884000000001, 29.092010000000002], [77.03887, 29.09391], [77.03426, 29.10152], [77.03355, 29.106240000000003], [77.03490000000001, 29.11314], [77.03758, 29.119080000000004], [77.03877, 29.1215], [77.0428, 29.120390000000004], [77.04897000000001, 29.11998], [77.05481, 29.124520000000004], [77.05619, 29.12413], [77.05993000000001, 29.12047], [77.06111, 29.119360000000004]]]}}, {"id": "334", "type": "Feature", "properties": {"village_name": "Chandauli", "vil_lgd": 59731, "district_name": "Sonipat", "dist_lgd": 75, "subdistrict_name": "Ganaur", "sdcode": 379, "block_name": "Ganaur", "block_lgd": 42.0, "gp_name": "CHANDAULI", "state_name": "HARYANA", "state_lgd": 6, "population": 218, "households": 45}, "geometry": {"type": "Polygon", "coordinates": [[[77.12132000000001, 29.120390000000004], [77.12372, 29.1214], [77.12662, 29.120030000000003], [77.13955, 29.117420000000003], [77.14842, 29.114380000000004], [77.14811, 29.113000000000003], [77.14467, 29.10938], [77.14022, 29.109160000000003], [77.13243, 29.110660000000003], [77.12858, 29.11053], [77.12182, 29.106540000000003], [77.11644000000001, 29.10583], [77.10898, 29.110090000000003], [77.11085, 29.114680000000003], [77.10909000000001, 29.119680000000002], [77.10943, 29.1216], [77.10998000000001, 29.121380000000002], [77.12132000000001, 29.120390000000004]]]}}, {"id": "335", "type": "Feature", "properties": {"village_name": "Pabnera", "vil_lgd": 59761, "district_name": "Sonipat", "dist_lgd": 75, "subdistrict_name": "Ganaur", "sdcode": 379, "block_name": "Ganaur", "block_lgd": 42.0, "gp_name": "PABNERA", "state_name": "HARYANA", "state_lgd": 6, "population": 2169, "households": 392}, "geometry": {"type": "Polygon", "coordinates": [[[77.13694000000001, 29.104450000000003], [77.13602, 29.09971], [77.13427, 29.097440000000002], [77.13407000000001, 29.095200000000002], [77.13496, 29.094020000000004], [77.12023, 29.096490000000003], [77.11816, 29.096140000000002], [77.11321000000001, 29.09699], [77.11179000000001, 29.099300000000003], [77.11268000000001, 29.102590000000003], [77.11644000000001, 29.10583], [77.12182, 29.106540000000003], [77.12858, 29.11053], [77.13243, 29.110660000000003], [77.14022, 29.109160000000003], [77.13694000000001, 29.104450000000003]]]}}, {"id": "336", "type": "Feature", "properties": {"village_name": "Sanpera", "vil_lgd": 59758, "district_name": "Sonipat", "dist_lgd": 75, "subdistrict_name": "Ganaur", "sdcode": 379, "block_name": "Ganaur", "block_lgd": 42.0, "gp_name": "SANPERA", "state_name": "HARYANA", "state_lgd": 6, "population": 3414, "households": 642}, "geometry": {"type": "Polygon", "coordinates": [[[77.08862, 29.097970000000004], [77.08735, 29.09307], [77.08420000000001, 29.08922], [77.07678, 29.08622], [77.07344, 29.089090000000002], [77.07259, 29.091050000000003], [77.06983000000001, 29.093650000000004], [77.06816, 29.097680000000004], [77.06448, 29.10122], [77.06516, 29.106970000000004], [77.07033000000001, 29.10978], [77.07253, 29.110350000000004], [77.07519, 29.11295], [77.08204, 29.105230000000002], [77.08878, 29.102680000000003], [77.08862, 29.097970000000004]]]}}, {"id": "337", "type": "Feature", "properties": {"village_name": "Umedgarh", "vil_lgd": 59760, "district_name": "Sonipat", "dist_lgd": 75, "subdistrict_name": "Ganaur", "sdcode": 379, "block_name": "Ganaur", "block_lgd": 42.0, "gp_name": "UMEDGARH", "state_name": "HARYANA", "state_lgd": 6, "population": 1674, "households": 269}, "geometry": {"type": "Polygon", "coordinates": [[[77.11268000000001, 29.102590000000003], [77.11179000000001, 29.099300000000003], [77.11321000000001, 29.09699], [77.11816, 29.096140000000002], [77.11107000000001, 29.089830000000003], [77.10356, 29.089150000000004], [77.10197000000001, 29.096000000000004], [77.09749000000001, 29.097990000000003], [77.09811, 29.1016], [77.09919000000001, 29.10309], [77.10898, 29.110090000000003], [77.11644000000001, 29.10583], [77.11268000000001, 29.102590000000003]]]}}, {"id": "338", "type": "Feature", "properties": {"village_name": "Bhogipur", "vil_lgd": 59749, "district_name": "Sonipat", "dist_lgd": 75, "subdistrict_name": "Ganaur", "sdcode": 379, "block_name": "Ganaur", "block_lgd": 42.0, "gp_name": "BHOGIPUR", "state_name": "HARYANA", "state_lgd": 6, "population": 4426, "households": 835}, "geometry": {"type": "Polygon", "coordinates": [[[77.01248000000001, 29.100550000000002], [77.0137, 29.096950000000003], [77.01014, 29.0969], [77.00844000000001, 29.096290000000003], [77.004, 29.089560000000002], [76.99905000000001, 29.08424], [76.99740000000001, 29.08603], [76.99305000000001, 29.089090000000002], [76.99255000000001, 29.090780000000002], [76.99008, 29.09757], [76.99013000000001, 29.09983], [76.99944, 29.098740000000003], [77.00603000000001, 29.101020000000002], [77.01037000000001, 29.101200000000002], [77.01248000000001, 29.100550000000002]]]}}, {"id": "339", "type": "Feature", "properties": {"village_name": "Ganaur Rural Part", "vil_lgd": 59735, "district_name": "Sonipat", "dist_lgd": 75, "subdistrict_name": "Ganaur", "sdcode": 379, "block_name": "Ganaur", "block_lgd": 42.0, "gp_name": "GANAUR(RURAL)(PART)", "state_name": "HARYANA", "state_lgd": 6, "population": 4573, "households": 825}, "geometry": {"type": "MultiPolygon", "coordinates": [[[[77.03065000000001, 29.117510000000003], [77.02684, 29.122670000000003], [77.02979, 29.12666], [77.03016000000001, 29.12965], [77.02771000000001, 29.133730000000003], [77.02489000000001, 29.135340000000003], [77.01989, 29.13999], [77.02531, 29.139540000000004], [77.02704, 29.139360000000003], [77.02933, 29.13746], [77.03434, 29.135230000000004], [77.03606, 29.133560000000003], [77.03920000000001, 29.1322], [77.03816, 29.130340000000004], [77.0395, 29.125740000000004], [77.03877, 29.1215], [77.03758, 29.119080000000004], [77.03065000000001, 29.117510000000003]]], [[[77.0014, 29.11541], [77.00078, 29.115850000000002], [77.00175, 29.119770000000003], [77.00165000000001, 29.13089], [77.00223000000001, 29.13164], [77.00311, 29.130080000000003], [77.00871000000001, 29.127840000000003], [77.01063, 29.122480000000003], [77.01268, 29.120670000000004], [77.01454000000001, 29.116680000000002], [77.0014, 29.11541]]]]}}, {"id": "340", "type": "Feature", "properties": {"village_name": "Gohana", "vil_lgd": 800387, "district_name": "Sonipat", "dist_lgd": 75, "subdistrict_name": "Gohana", "sdcode": 378, "block_name": "", "block_lgd": null, "gp_name": "", "state_name": "HARYANA", "state_lgd": 6, "population": 65708, "households": 12477}, "geometry": {"type": "Polygon", "coordinates": [[[76.70689, 29.140880000000003], [76.71277, 29.1443], [76.71587000000001, 29.147730000000003], [76.71823, 29.143760000000004], [76.71937000000001, 29.139200000000002], [76.71769, 29.136300000000002], [76.71621, 29.135340000000003], [76.71378, 29.133370000000003], [76.71263, 29.130550000000003], [76.71000000000001, 29.12853], [76.70540000000001, 29.128390000000003], [76.70429, 29.1291], [76.70402, 29.131300000000003], [76.70291, 29.13192], [76.70139, 29.1321], [76.69662000000001, 29.130360000000003], [76.6945, 29.125970000000002], [76.69438000000001, 29.121240000000004], [76.6935, 29.11915], [76.68121000000001, 29.12611], [76.68054000000001, 29.13801], [76.67883, 29.140700000000002], [76.68159, 29.146010000000004], [76.67988000000001, 29.15492], [76.68314000000001, 29.158720000000002], [76.69041, 29.161220000000004], [76.69251000000001, 29.162910000000004], [76.69311, 29.164900000000003], [76.69861, 29.161790000000003], [76.69801000000001, 29.15153], [76.70222000000001, 29.143250000000002], [76.70689, 29.140880000000003]]]}}, {"id": "341", "type": "Feature", "properties": {"village_name": "Ganaur", "vil_lgd": 800388, "district_name": "Sonipat", "dist_lgd": 75, "subdistrict_name": "Ganaur", "sdcode": 379, "block_name": "", "block_lgd": null, "gp_name": "", "state_name": "HARYANA", "state_lgd": 6, "population": 35603, "households": 6863}, "geometry": {"type": "Polygon", "coordinates": [[[77.02489000000001, 29.135340000000003], [77.02771000000001, 29.133730000000003], [77.03016000000001, 29.12965], [77.02979, 29.12666], [77.02684, 29.122670000000003], [77.03065000000001, 29.117510000000003], [77.03, 29.11522], [77.02701, 29.1167], [77.02372000000001, 29.117160000000002], [77.02233000000001, 29.115560000000002], [77.02113, 29.115640000000003], [77.0207, 29.1167], [77.01845, 29.1167], [77.01813, 29.11569], [77.01454000000001, 29.116680000000002], [77.01268, 29.120670000000004], [77.01063, 29.122480000000003], [77.00871000000001, 29.127840000000003], [77.00311, 29.130080000000003], [77.00223000000001, 29.13164], [77.00239, 29.1381], [77.00514000000001, 29.141180000000002], [77.01989, 29.13999], [77.02489000000001, 29.135340000000003]]]}}]}