{"type": "FeatureCollection", "metadata": {"source": "Survey of India (per src_agency attribute in the source data)", "hosted_via": "National Water Data Portal (NWDP), NWIC, Ministry of Jal Shakti -- https://nwdp.nwic.gov.in/", "access": "public, no login required", "crs_original": "EPSG:7755 (WGS 84 / India NSF LCC)", "fetch_date": "2026-08-02", "quality": "verified-official -- Survey of India source", "state": "Kerala", "district": "Kasaragod", "processing": "reprojected to EPSG:4326, topology-preserving simplify (shared-arc, tolerance 0.0005 deg) so adjacent polygons never overlap/gap at shared borders, coords rounded 5dp, 0 feature(s) needed the per-feature fallback", "feature_count": 122}, "features": [{"id": "0", "type": "Feature", "properties": {"village_name": "Kayyar", "vil_lgd": 627076, "district_name": "Kasaragod", "dist_lgd": 558, "subdistrict_name": "Manjeswaram", "sdcode": 5932, "block_name": "Manjeshwar", "block_lgd": 1.0, "gp_name": "Paivalike", "state_name": "KERALA", "state_lgd": 32, "population": 4268, "households": 826}, "geometry": {"type": "Polygon", "coordinates": [[[74.97742000000001, 12.676520000000002], [74.97692, 12.672440000000002], [74.97834, 12.672440000000002], [74.98235000000001, 12.666060000000002], [74.98329000000001, 12.65792], [74.97726, 12.656210000000002], [74.97492000000001, 12.65408], [74.96552000000001, 12.654570000000001], [74.96335, 12.651050000000001], [74.96202000000001, 12.65113], [74.95777000000001, 12.65154], [74.95686, 12.65244], [74.95244000000001, 12.656120000000001], [74.95186000000001, 12.657020000000001], [74.95278, 12.66229], [74.95219, 12.663020000000001], [74.95303000000001, 12.66327], [74.95369000000001, 12.66998], [74.96109000000001, 12.673440000000001], [74.96685000000001, 12.67783], [74.96785000000001, 12.67783], [74.97222000000001, 12.679770000000001], [74.97542, 12.67947], [74.97742000000001, 12.676520000000002]]]}}, {"id": "1", "type": "Feature", "properties": {"village_name": "Kadambar", "vil_lgd": 627065, "district_name": "Kasaragod", "dist_lgd": 558, "subdistrict_name": "Manjeswaram", "sdcode": 5932, "block_name": "Manjeshwar", "block_lgd": 1.0, "gp_name": "Meenja", "state_name": "KERALA", "state_lgd": 32, "population": 2616, "households": 503}, "geometry": {"type": "Polygon", "coordinates": [[[74.91885, 12.703230000000001], [74.91499, 12.706560000000001], [74.91158, 12.706560000000001], [74.90916, 12.707680000000002], [74.91452000000001, 12.71465], [74.91464, 12.716510000000001], [74.91879, 12.719450000000002], [74.92398, 12.72478], [74.92432000000001, 12.729090000000001], [74.9285, 12.73455], [74.93295, 12.736930000000001], [74.93216000000001, 12.736130000000001], [74.93558, 12.72826], [74.9264, 12.71822], [74.92643000000001, 12.715110000000001], [74.9193, 12.70526], [74.91885, 12.703230000000001]]]}}, {"id": "2", "type": "Feature", "properties": {"village_name": "Puthur CT", "vil_lgd": 627130, "district_name": "Kasaragod", "dist_lgd": 558, "subdistrict_name": "Kasaragod", "sdcode": 5630, "block_name": "", "block_lgd": null, "gp_name": "", "state_name": "KERALA", "state_lgd": 32, "population": 14271, "households": 2659}, "geometry": {"type": "Polygon", "coordinates": [[[74.97648000000001, 12.5691], [74.97864000000001, 12.56525], [74.97569, 12.55705], [74.97712, 12.551070000000001], [74.97797, 12.54954], [74.98197, 12.547590000000001], [74.98353, 12.54592], [74.98824, 12.53757], [74.98025000000001, 12.53631], [74.97498, 12.53687], [74.96870000000001, 12.534500000000001], [74.96300000000001, 12.535060000000001], [74.96042, 12.53348], [74.95054, 12.55845], [74.96126000000001, 12.566510000000001], [74.96598, 12.566510000000001], [74.97249000000001, 12.57004], [74.97293, 12.569730000000002], [74.97648000000001, 12.5691]]]}}, {"id": "3", "type": "Feature", "properties": {"village_name": "Shiriya CT", "vil_lgd": 627127, "district_name": "Kasaragod", "dist_lgd": 558, "subdistrict_name": "Manjeswaram", "sdcode": 5932, "block_name": "", "block_lgd": null, "gp_name": "", "state_name": "KERALA", "state_lgd": 32, "population": 5277, "households": 974}, "geometry": {"type": "Polygon", "coordinates": [[[74.94412000000001, 12.634200000000002], [74.94079, 12.63109], [74.93497, 12.61884], [74.93172000000001, 12.6127], [74.92776, 12.612520000000002], [74.92026000000001, 12.631670000000002], [74.92495000000001, 12.63316], [74.92512, 12.631900000000002], [74.92726, 12.63391], [74.93597000000001, 12.63554], [74.93624000000001, 12.63657], [74.93530000000001, 12.637260000000001], [74.93923000000001, 12.637720000000002], [74.94142000000001, 12.636610000000001], [74.94412000000001, 12.634200000000002]]]}}, {"id": "4", "type": "Feature", "properties": {"village_name": "Chemnad CT", "vil_lgd": 627135, "district_name": "Kasaragod", "dist_lgd": 558, "subdistrict_name": "Kasaragod", "sdcode": 5630, "block_name": "", "block_lgd": null, "gp_name": "", "state_name": "KERALA", "state_lgd": 32, "population": 14323, "households": 2747}, "geometry": {"type": "Polygon", "coordinates": [[[75.01375, 12.495000000000001], [75.01459000000001, 12.494090000000002], [75.01469, 12.49103], [75.01570000000001, 12.48919], [75.01439, 12.483880000000001], [75.02291000000001, 12.481950000000001], [75.02405, 12.481240000000001], [75.02423, 12.479330000000001], [75.02698000000001, 12.478840000000002], [75.02406, 12.473500000000001], [75.02246000000001, 12.47141], [75.02051, 12.471540000000001], [75.02011, 12.468610000000002], [75.01841, 12.46747], [75.01945, 12.463730000000002], [75.0121, 12.46258], [75.00884, 12.46461], [75.0078, 12.466930000000001], [75.00913000000001, 12.471860000000001], [75.00884, 12.47418], [75.00512, 12.47563], [74.99990000000001, 12.475930000000002], [75.00217, 12.480120000000001], [75.00193, 12.48389], [74.99746, 12.494930000000002], [74.99913000000001, 12.501050000000001], [75.00258000000001, 12.504140000000001], [75.00433000000001, 12.504430000000001], [75.00882, 12.501790000000002], [75.01254, 12.501270000000002], [75.01375, 12.495000000000001]]]}}, {"id": "5", "type": "Feature", "properties": {"village_name": "Kudalmarkala", "vil_lgd": 627077, "district_name": "Kasaragod", "dist_lgd": 558, "subdistrict_name": "Manjeswaram", "sdcode": 5932, "block_name": "Manjeshwar", "block_lgd": 1.0, "gp_name": "Paivalike", "state_name": "KERALA", "state_lgd": 32, "population": 7081, "households": 1249}, "geometry": {"type": "Polygon", "coordinates": [[[75.00818000000001, 12.675580000000002], [75.00997000000001, 12.674230000000001], [75.01674000000001, 12.67524], [75.02323000000001, 12.670050000000002], [75.02357, 12.66675], [75.01968000000001, 12.663770000000001], [75.01536, 12.65859], [75.01366, 12.651340000000001], [75.01578, 12.64905], [75.01742, 12.644400000000001], [75.01528, 12.64062], [75.00743, 12.63976], [75.00497, 12.637540000000001], [75.00409, 12.635460000000002], [74.99956, 12.63465], [74.99913000000001, 12.633280000000001], [74.99587000000001, 12.632840000000002], [74.99304000000001, 12.634070000000001], [74.99104000000001, 12.636030000000002], [74.99329, 12.64536], [74.99095000000001, 12.64756], [74.98804000000001, 12.647240000000002], [74.98796, 12.64642], [74.98184, 12.644620000000002], [74.98117, 12.64803], [74.98267000000001, 12.648760000000001], [74.98400000000001, 12.65121], [74.98358, 12.655310000000002], [74.98329000000001, 12.65792], [74.98235000000001, 12.666060000000002], [74.97834, 12.672440000000002], [74.98292000000001, 12.671940000000001], [74.98309, 12.67088], [74.98692000000001, 12.67276], [74.99225000000001, 12.67309], [74.99391, 12.672030000000001], [74.99874000000001, 12.673910000000001], [74.99766000000001, 12.67473], [74.99824000000001, 12.67669], [74.99691, 12.67792], [75.00028, 12.679630000000001], [75.00612000000001, 12.67889], [75.00818000000001, 12.675580000000002]]]}}, {"id": "6", "type": "Feature", "properties": {"village_name": "Nekraje", "vil_lgd": 627105, "district_name": "Kasaragod", "dist_lgd": 558, "subdistrict_name": "Kasaragod", "sdcode": 5630, "block_name": "Kasaragod", "block_lgd": 2.0, "gp_name": "Chengala", "state_name": "KERALA", "state_lgd": 32, "population": 12519, "households": 2428}, "geometry": {"type": "Polygon", "coordinates": [[[75.09143, 12.568050000000001], [75.09778, 12.561090000000002], [75.10029, 12.55681], [75.10876, 12.555850000000001], [75.11171, 12.556070000000002], [75.11449, 12.557340000000002], [75.11004000000001, 12.565560000000001], [75.11685, 12.568140000000001], [75.11853, 12.56825], [75.12325000000001, 12.564430000000002], [75.12542, 12.56456], [75.12530000000001, 12.56151], [75.12624000000001, 12.558700000000002], [75.12097, 12.556680000000002], [75.11984000000001, 12.553210000000002], [75.12294, 12.551210000000001], [75.12493, 12.551810000000001], [75.12601000000001, 12.550980000000001], [75.12433, 12.548050000000002], [75.12294, 12.548050000000002], [75.12144, 12.54653], [75.12612, 12.542290000000001], [75.12791, 12.538530000000002], [75.12481000000001, 12.53959], [75.12204000000001, 12.539480000000001], [75.11929, 12.534130000000001], [75.11392000000001, 12.53724], [75.10695000000001, 12.53489], [75.10647, 12.5326], [75.10278000000001, 12.53072], [75.10284, 12.529380000000002], [75.10031000000001, 12.52904], [75.10004, 12.53025], [75.09744, 12.53133], [75.09464000000001, 12.527840000000001], [75.08953000000001, 12.530330000000001], [75.08005, 12.535960000000001], [75.06935, 12.54385], [75.06580000000001, 12.55023], [75.06783, 12.553220000000001], [75.06999, 12.553970000000001], [75.0725, 12.556500000000002], [75.07203000000001, 12.55755], [75.07334, 12.559550000000002], [75.07185000000001, 12.5622], [75.0715, 12.5662], [75.07198000000001, 12.56667], [75.07121000000001, 12.567430000000002], [75.07228, 12.56878], [75.0738, 12.56764], [75.07587000000001, 12.57042], [75.07955000000001, 12.57337], [75.08128, 12.57337], [75.08529, 12.57291], [75.09025000000001, 12.5692], [75.09143, 12.568050000000001]]]}}, {"id": "7", "type": "Feature", "properties": {"village_name": "Ubrangala", "vil_lgd": 627106, "district_name": "Kasaragod", "dist_lgd": 558, "subdistrict_name": "Kasaragod", "sdcode": 5630, "block_name": "Manjeshwar", "block_lgd": 1.0, "gp_name": "Kumbadaje", "state_name": "KERALA", "state_lgd": 32, "population": 3611, "households": 702}, "geometry": {"type": "Polygon", "coordinates": [[[75.10873000000001, 12.57768], [75.11051, 12.57768], [75.11253, 12.575130000000001], [75.11538, 12.573620000000002], [75.11685, 12.568140000000001], [75.11004000000001, 12.565560000000001], [75.11449, 12.557340000000002], [75.11171, 12.556070000000002], [75.10876, 12.555850000000001], [75.10029, 12.55681], [75.09778, 12.561090000000002], [75.09143, 12.568050000000001], [75.09545, 12.57449], [75.09599, 12.576600000000001], [75.09521000000001, 12.577660000000002], [75.09366, 12.57595], [75.09204000000001, 12.576780000000001], [75.09318, 12.578130000000002], [75.09246, 12.579830000000001], [75.0939, 12.57948], [75.09545, 12.58018], [75.09677, 12.578710000000001], [75.10194000000001, 12.583150000000002], [75.10742, 12.579530000000002], [75.10873000000001, 12.57768]]]}}, {"id": "8", "type": "Feature", "properties": {"village_name": "Ichilangod", "vil_lgd": 627072, "district_name": "Kasaragod", "dist_lgd": 558, "subdistrict_name": "Manjeswaram", "sdcode": 5932, "block_name": "Manjeshwar", "block_lgd": 1.0, "gp_name": "Mangalapady", "state_name": "KERALA", "state_lgd": 32, "population": 4148, "households": 789}, "geometry": {"type": "Polygon", "coordinates": [[[74.95777000000001, 12.65154], [74.96202000000001, 12.65113], [74.96153000000001, 12.645330000000001], [74.95802, 12.64033], [74.95703, 12.63935], [74.95661000000001, 12.63452], [74.95578, 12.633790000000001], [74.9482, 12.63526], [74.94412000000001, 12.634200000000002], [74.94142000000001, 12.636610000000001], [74.93923000000001, 12.637720000000002], [74.93530000000001, 12.637260000000001], [74.93559, 12.63926], [74.93667, 12.639970000000002], [74.93724, 12.6462], [74.9436, 12.648650000000002], [74.94422, 12.65169], [74.94817, 12.654980000000002], [74.95244000000001, 12.656120000000001], [74.95686, 12.65244], [74.95777000000001, 12.65154]]]}}, {"id": "9", "type": "Feature", "properties": {"village_name": "Angadimogaru", "vil_lgd": 627082, "district_name": "Kasaragod", "dist_lgd": 558, "subdistrict_name": "Manjeswaram", "sdcode": 5932, "block_name": "Manjeshwar", "block_lgd": 1.0, "gp_name": "Puthige", "state_name": "KERALA", "state_lgd": 32, "population": 2552, "households": 456}, "geometry": {"type": "Polygon", "coordinates": [[[75.01942000000001, 12.637120000000001], [75.02679, 12.636450000000002], [75.02894, 12.63433], [75.02549, 12.630090000000001], [75.02206000000001, 12.62912], [75.02049000000001, 12.63155], [75.01671, 12.627730000000001], [75.01427000000001, 12.627130000000001], [75.01365000000001, 12.62842], [75.01256000000001, 12.628530000000001], [75.01092000000001, 12.62602], [75.00916000000001, 12.625250000000001], [75.00573, 12.6257], [75.00367, 12.627920000000001], [75.00298000000001, 12.630490000000002], [74.99997, 12.63113], [75.00052000000001, 12.632370000000002], [74.99913000000001, 12.633280000000001], [74.99956, 12.63465], [75.00409, 12.635460000000002], [75.00497, 12.637540000000001], [75.00743, 12.63976], [75.01528, 12.64062], [75.01742, 12.644400000000001], [75.019, 12.64018], [75.01942000000001, 12.637120000000001]]]}}, {"id": "10", "type": "Feature", "properties": {"village_name": "Ujarulvar", "vil_lgd": 627095, "district_name": "Kasaragod", "dist_lgd": 558, "subdistrict_name": "Manjeswaram", "sdcode": 5932, "block_name": "Manjeshwar", "block_lgd": 1.0, "gp_name": "Kumbala", "state_name": "KERALA", "state_lgd": 32, "population": 1328, "households": 245}, "geometry": {"type": "Polygon", "coordinates": [[[74.96051, 12.61992], [74.95485000000001, 12.621910000000002], [74.9492, 12.627270000000001], [74.95292, 12.630030000000001], [74.95578, 12.633790000000001], [74.96064000000001, 12.6309], [74.96434, 12.626900000000001], [74.96300000000001, 12.62377], [74.95964000000001, 12.62086], [74.96051, 12.61992]]]}}, {"id": "11", "type": "Feature", "properties": {"village_name": "Kodibail", "vil_lgd": 627071, "district_name": "Kasaragod", "dist_lgd": 558, "subdistrict_name": "Manjeswaram", "sdcode": 5932, "block_name": "Manjeshwar", "block_lgd": 1.0, "gp_name": "Mangalapady", "state_name": "KERALA", "state_lgd": 32, "population": 3614, "households": 668}, "geometry": {"type": "Polygon", "coordinates": [[[74.92969000000001, 12.67402], [74.93412000000001, 12.67645], [74.93741, 12.67664], [74.93672000000001, 12.67435], [74.93754000000001, 12.670620000000001], [74.93542000000001, 12.670910000000001], [74.92948000000001, 12.663820000000001], [74.92195000000001, 12.661760000000001], [74.91879, 12.662640000000001], [74.91683, 12.665730000000002], [74.91849, 12.667340000000001], [74.91999000000001, 12.67205], [74.91977, 12.674690000000002], [74.92171, 12.675410000000001], [74.92475, 12.678870000000002], [74.92598000000001, 12.678870000000002], [74.92853000000001, 12.67773], [74.92816, 12.674040000000002], [74.92969000000001, 12.67402]]]}}, {"id": "12", "type": "Feature", "properties": {"village_name": "Chippar", "vil_lgd": 627079, "district_name": "Kasaragod", "dist_lgd": 558, "subdistrict_name": "Manjeswaram", "sdcode": 5932, "block_name": "Manjeshwar", "block_lgd": 1.0, "gp_name": "Paivalike", "state_name": "KERALA", "state_lgd": 32, "population": 2834, "households": 510}, "geometry": {"type": "Polygon", "coordinates": [[[74.99711, 12.717600000000001], [74.998, 12.71934], [75.00009, 12.72081], [75.00095, 12.715470000000002], [75.01523, 12.713410000000001], [75.02002, 12.711350000000001], [75.01995000000001, 12.709460000000002], [75.01893000000001, 12.709930000000002], [75.01708, 12.707180000000001], [75.01913, 12.703880000000002], [75.01893000000001, 12.70301], [75.01544000000001, 12.700120000000002], [75.01428, 12.69992], [75.01311000000001, 12.702610000000002], [75.00052000000001, 12.69871], [74.99711, 12.70354], [74.9983, 12.70832], [74.99726000000001, 12.70977], [74.98865, 12.712240000000001], [74.98553000000001, 12.715280000000002], [74.98553000000001, 12.720350000000002], [74.98671, 12.722380000000001], [74.99266, 12.72165], [74.99444000000001, 12.720500000000001], [74.99548, 12.71832], [74.99711, 12.717600000000001]]]}}, {"id": "13", "type": "Feature", "properties": {"village_name": "Kudlu CT", "vil_lgd": 627133, "district_name": "Kasaragod", "dist_lgd": 558, "subdistrict_name": "Kasaragod", "sdcode": 5630, "block_name": "", "block_lgd": null, "gp_name": "", "state_name": "KERALA", "state_lgd": 32, "population": 26235, "households": 5545}, "geometry": {"type": "Polygon", "coordinates": [[[75.00154, 12.53725], [75.00427, 12.53165], [75.00462, 12.528780000000001], [75.0091, 12.524490000000002], [75.01271000000001, 12.522950000000002], [75.01133, 12.519290000000002], [75.00207, 12.52124], [74.99847000000001, 12.520050000000001], [74.99804, 12.520750000000001], [74.99554, 12.519440000000001], [74.99496, 12.518450000000001], [74.99629, 12.518860000000002], [74.99629, 12.518130000000001], [74.99529000000001, 12.517550000000002], [74.99562, 12.51641], [74.99354000000001, 12.51486], [74.99421000000001, 12.513710000000001], [74.99229000000001, 12.512810000000002], [74.99205, 12.511090000000001], [74.99055000000001, 12.510930000000002], [74.99013000000001, 12.509780000000001], [74.98922, 12.509620000000002], [74.98655000000001, 12.512070000000001], [74.98714000000001, 12.516330000000002], [74.98547, 12.516570000000002], [74.9848, 12.514610000000001], [74.98322, 12.51387], [74.98181000000001, 12.515920000000001], [74.98048, 12.515260000000001], [74.97940000000001, 12.51796], [74.97814000000001, 12.517470000000001], [74.9779, 12.51641], [74.97498, 12.51665], [74.97315, 12.5151], [74.97174000000001, 12.51673], [74.97040000000001, 12.516900000000001], [74.97016, 12.51829], [74.96691000000001, 12.51748], [74.96042, 12.53348], [74.96300000000001, 12.535060000000001], [74.96870000000001, 12.534500000000001], [74.97498, 12.53687], [74.98025000000001, 12.53631], [74.98824, 12.53757], [74.99366, 12.540210000000002], [74.99544, 12.53775], [75.00154, 12.53725]]]}}, {"id": "14", "type": "Feature", "properties": {"village_name": "Chengala CT", "vil_lgd": 627134, "district_name": "Kasaragod", "dist_lgd": 558, "subdistrict_name": "Kasaragod", "sdcode": 5630, "block_name": "", "block_lgd": null, "gp_name": "", "state_name": "KERALA", "state_lgd": 32, "population": 15588, "households": 2791}, "geometry": {"type": "Polygon", "coordinates": [[[75.03142000000001, 12.511750000000001], [75.04167000000001, 12.510440000000001], [75.04731000000001, 12.512760000000002], [75.04989, 12.517030000000002], [75.05433000000001, 12.513800000000002], [75.06241, 12.514220000000002], [75.06379000000001, 12.514880000000002], [75.06588, 12.512770000000002], [75.066, 12.510650000000002], [75.06839000000001, 12.51031], [75.07281, 12.502300000000002], [75.06663, 12.499490000000002], [75.06647000000001, 12.495450000000002], [75.06413, 12.4938], [75.06171, 12.493290000000002], [75.05002, 12.494940000000001], [75.03806, 12.49258], [75.03485, 12.493430000000002], [75.03298000000001, 12.49516], [75.02749, 12.505630000000002], [75.02511000000001, 12.50637], [75.02186, 12.50487], [75.02225, 12.509170000000001], [75.0215, 12.511970000000002], [75.02231, 12.511920000000002], [75.02260000000001, 12.513520000000002], [75.01957, 12.51604], [75.02399000000001, 12.51537], [75.02815000000001, 12.512910000000002], [75.03142000000001, 12.511750000000001]]]}}, {"id": "15", "type": "Feature", "properties": {"village_name": "Nileshwar", "vil_lgd": 627175, "district_name": "Kasaragod", "dist_lgd": 558, "subdistrict_name": "Hosdurg", "sdcode": 5631, "block_name": "", "block_lgd": null, "gp_name": "", "state_name": "KERALA", "state_lgd": 32, "population": 0, "households": 0}, "geometry": {"type": "Polygon", "coordinates": [[[75.13250000000001, 12.25744], [75.13770000000001, 12.248990000000001], [75.14392000000001, 12.24116], [75.14667, 12.23582], [75.1323, 12.230620000000002], [75.12134, 12.22952], [75.11865, 12.227820000000001], [75.11757, 12.226690000000001], [75.1175, 12.22464], [75.11864, 12.21546], [75.11745, 12.213270000000001], [75.11539, 12.211870000000001], [75.10582000000001, 12.236130000000001], [75.10562, 12.241750000000001], [75.10712000000001, 12.244990000000001], [75.10923000000001, 12.24572], [75.11209000000001, 12.250140000000002], [75.11239, 12.253960000000001], [75.11665, 12.25557], [75.12007000000001, 12.265440000000002], [75.12083000000001, 12.270740000000002], [75.12459000000001, 12.26941], [75.12884000000001, 12.265120000000001], [75.13250000000001, 12.25744]]]}}, {"id": "16", "type": "Feature", "properties": {"village_name": "Mangalpady CT", "vil_lgd": 627126, "district_name": "Kasaragod", "dist_lgd": 558, "subdistrict_name": "Manjeswaram", "sdcode": 5932, "block_name": "", "block_lgd": null, "gp_name": "", "state_name": "KERALA", "state_lgd": 32, "population": 12790, "households": 2432}, "geometry": {"type": "Polygon", "coordinates": [[[74.92195000000001, 12.661760000000001], [74.92948000000001, 12.663820000000001], [74.93542000000001, 12.670910000000001], [74.93646000000001, 12.665820000000002], [74.94014, 12.659320000000001], [74.94028, 12.657160000000001], [74.94176, 12.65703], [74.94422, 12.65169], [74.9436, 12.648650000000002], [74.93724, 12.6462], [74.93667, 12.639970000000002], [74.93559, 12.63926], [74.93530000000001, 12.637260000000001], [74.93624000000001, 12.63657], [74.93597000000001, 12.63554], [74.92726, 12.63391], [74.92512, 12.631900000000002], [74.92495000000001, 12.63316], [74.92026000000001, 12.631670000000002], [74.90830000000001, 12.658980000000001], [74.90966, 12.65962], [74.90852000000001, 12.668940000000001], [74.90870000000001, 12.6766], [74.91412000000001, 12.667930000000002], [74.91683, 12.665730000000002], [74.91879, 12.662640000000001], [74.92195000000001, 12.661760000000001]]]}}, {"id": "17", "type": "Feature", "properties": {"village_name": "Koipady CT", "vil_lgd": 627128, "district_name": "Kasaragod", "dist_lgd": 558, "subdistrict_name": "Manjeswaram", "sdcode": 5932, "block_name": "", "block_lgd": null, "gp_name": "", "state_name": "KERALA", "state_lgd": 32, "population": 18121, "households": 3541}, "geometry": {"type": "Polygon", "coordinates": [[[74.93864, 12.595540000000002], [74.94278, 12.603100000000001], [74.94626000000001, 12.60763], [74.9484, 12.608060000000002], [74.95184, 12.60557], [74.95964000000001, 12.60481], [74.96031, 12.60641], [74.96013, 12.6074], [74.95892, 12.607500000000002], [74.95921000000001, 12.60862], [74.95962, 12.609280000000002], [74.96118000000001, 12.60866], [74.96152000000001, 12.609140000000002], [74.96495, 12.609010000000001], [74.96822, 12.607560000000001], [74.96881, 12.6035], [74.97713, 12.603650000000002], [74.98072, 12.602770000000001], [74.97972, 12.600480000000001], [74.98247, 12.599250000000001], [74.98538, 12.5995], [74.98563, 12.598350000000002], [74.98863, 12.596470000000002], [74.98610000000001, 12.59603], [74.98553000000001, 12.59491], [74.97726, 12.59185], [74.95915000000001, 12.589480000000002], [74.95216, 12.58754], [74.94731, 12.589900000000002], [74.94032, 12.59157], [74.93697, 12.591460000000001], [74.92776, 12.612520000000002], [74.93172000000001, 12.6127], [74.9315, 12.60997], [74.93707, 12.598510000000001], [74.93864, 12.595540000000002]]]}}, {"id": "18", "type": "Feature", "properties": {"village_name": "Uppala CT", "vil_lgd": 627125, "district_name": "Kasaragod", "dist_lgd": 558, "subdistrict_name": "Manjeswaram", "sdcode": 5932, "block_name": "", "block_lgd": null, "gp_name": "", "state_name": "KERALA", "state_lgd": 32, "population": 11542, "households": 2282}, "geometry": {"type": "Polygon", "coordinates": [[[74.90830000000001, 12.658980000000001], [74.89421, 12.69058], [74.89695, 12.691730000000002], [74.89996000000001, 12.691730000000002], [74.90298, 12.689380000000002], [74.909, 12.68674], [74.90960000000001, 12.681740000000001], [74.90870000000001, 12.6766], [74.90852000000001, 12.668940000000001], [74.90966, 12.65962], [74.90830000000001, 12.658980000000001]]]}}, {"id": "19", "type": "Feature", "properties": {"village_name": "Nettanige", "vil_lgd": 627108, "district_name": "Kasaragod", "dist_lgd": 558, "subdistrict_name": "Kasaragod", "sdcode": 5630, "block_name": "Manjeshwar", "block_lgd": 1.0, "gp_name": "Bellur", "state_name": "KERALA", "state_lgd": 32, "population": 6305, "households": 1301}, "geometry": {"type": "Polygon", "coordinates": [[[75.16106, 12.62099], [75.16285, 12.621410000000001], [75.16442, 12.62306], [75.16833000000001, 12.621200000000002], [75.17020000000001, 12.621480000000002], [75.18215000000001, 12.631660000000002], [75.18559, 12.630880000000001], [75.18873, 12.632010000000001], [75.19255000000001, 12.630790000000001], [75.19394000000001, 12.6292], [75.20165, 12.62898], [75.20011000000001, 12.620830000000002], [75.19787000000001, 12.615590000000001], [75.19836000000001, 12.613330000000001], [75.20016000000001, 12.610830000000002], [75.20307000000001, 12.610560000000001], [75.20584000000001, 12.60927], [75.20703, 12.60715], [75.20686, 12.603950000000001], [75.20909, 12.601490000000002], [75.20697000000001, 12.596990000000002], [75.20083000000001, 12.59462], [75.20029000000001, 12.589020000000001], [75.20137000000001, 12.58952], [75.20104, 12.58674], [75.1969, 12.586900000000002], [75.19212, 12.585020000000002], [75.18839000000001, 12.592550000000001], [75.18611, 12.59519], [75.1834, 12.594500000000002], [75.17998, 12.594920000000002], [75.17698, 12.59645], [75.17442000000001, 12.59603], [75.16971000000001, 12.59937], [75.165, 12.598400000000002], [75.15944, 12.59533], [75.15944, 12.60438], [75.15389, 12.60509], [75.15497, 12.61025], [75.15389, 12.610610000000001], [75.15450000000001, 12.617420000000001], [75.15557000000001, 12.618950000000002], [75.15498000000001, 12.62118], [75.15366, 12.62095], [75.15354, 12.619650000000002], [75.15091000000001, 12.62071], [75.1496, 12.624830000000001], [75.14674000000001, 12.625820000000001], [75.14673, 12.62836], [75.14364, 12.630260000000002], [75.14446000000001, 12.633410000000001], [75.14796000000001, 12.63376], [75.15397, 12.62387], [75.15937000000001, 12.62193], [75.16106, 12.62099]]]}}, {"id": "20", "type": "Feature", "properties": {"village_name": "Heroor", "vil_lgd": 627073, "district_name": "Kasaragod", "dist_lgd": 558, "subdistrict_name": "Manjeswaram", "sdcode": 5932, "block_name": "Manjeshwar", "block_lgd": 1.0, "gp_name": "Mangalapady", "state_name": "KERALA", "state_lgd": 32, "population": 3195, "households": 535}, "geometry": {"type": "Polygon", "coordinates": [[[74.98400000000001, 12.65121], [74.98267000000001, 12.648760000000001], [74.98117, 12.64803], [74.98184, 12.644620000000002], [74.97967000000001, 12.643360000000001], [74.97784, 12.64066], [74.97426, 12.63207], [74.97326000000001, 12.631170000000001], [74.96843000000001, 12.631010000000002], [74.96560000000001, 12.63174], [74.9641, 12.632810000000001], [74.96402, 12.634850000000002], [74.96277, 12.637220000000001], [74.96102, 12.639190000000001], [74.95802, 12.64033], [74.96153000000001, 12.645330000000001], [74.96202000000001, 12.65113], [74.96335, 12.651050000000001], [74.96552000000001, 12.654570000000001], [74.97492000000001, 12.65408], [74.97726, 12.656210000000002], [74.98329000000001, 12.65792], [74.98358, 12.655310000000002], [74.98400000000001, 12.65121]]]}}, {"id": "21", "type": "Feature", "properties": {"village_name": "Padne", "vil_lgd": 627163, "district_name": "Kasaragod", "dist_lgd": 558, "subdistrict_name": "Hosdurg", "sdcode": 5631, "block_name": "Nileshwar", "block_lgd": 4.0, "gp_name": "Padne,Valiyaparamba", "state_name": "KERALA", "state_lgd": 32, "population": 21009, "households": 3776}, "geometry": {"type": "Polygon", "coordinates": [[[75.14059, 12.198340000000002], [75.14112, 12.200280000000001], [75.14578, 12.200450000000002], [75.14644000000001, 12.199700000000002], [75.14608000000001, 12.196000000000002], [75.15037000000001, 12.188960000000002], [75.15591, 12.18411], [75.15698, 12.177740000000002], [75.15671, 12.174240000000001], [75.15352, 12.168880000000001], [75.15195, 12.167660000000001], [75.15019000000001, 12.16192], [75.15065000000001, 12.146600000000001], [75.14337, 12.141280000000002], [75.12190000000001, 12.19561], [75.12022, 12.19753], [75.11971000000001, 12.20068], [75.11602, 12.210260000000002], [75.11834, 12.211300000000001], [75.12620000000001, 12.209880000000002], [75.12923, 12.205300000000001], [75.13031000000001, 12.20011], [75.13585, 12.196850000000001], [75.14059, 12.198340000000002]]]}}, {"id": "22", "type": "Feature", "properties": {"village_name": "Maniyat CT", "vil_lgd": 627172, "district_name": "Kasaragod", "dist_lgd": 558, "subdistrict_name": "Hosdurg", "sdcode": 5631, "block_name": "", "block_lgd": null, "gp_name": "", "state_name": "KERALA", "state_lgd": 32, "population": 4683, "households": 1113}, "geometry": {"type": "Polygon", "coordinates": [[[75.17138, 12.185870000000001], [75.17321000000001, 12.187600000000002], [75.18009, 12.17553], [75.1817, 12.1758], [75.18152, 12.174740000000002], [75.18416, 12.170490000000001], [75.17697000000001, 12.16976], [75.17377, 12.172360000000001], [75.16818, 12.173330000000002], [75.16608000000001, 12.16971], [75.16421000000001, 12.169360000000001], [75.16171, 12.1721], [75.16179000000001, 12.176440000000001], [75.16105, 12.17811], [75.16118, 12.181560000000001], [75.16226, 12.182170000000001], [75.16432, 12.186570000000001], [75.16879, 12.187800000000001], [75.16995, 12.186390000000001], [75.17138, 12.185870000000001]]]}}, {"id": "23", "type": "Feature", "properties": {"village_name": "South Thrikkaripur CT", "vil_lgd": 627174, "district_name": "Kasaragod", "dist_lgd": 558, "subdistrict_name": "Hosdurg", "sdcode": 5631, "block_name": "", "block_lgd": null, "gp_name": "", "state_name": "KERALA", "state_lgd": 32, "population": 22991, "households": 4578}, "geometry": {"type": "Polygon", "coordinates": [[[75.19487000000001, 12.13733], [75.19497000000001, 12.135660000000001], [75.19092, 12.1341], [75.18802000000001, 12.12902], [75.19379, 12.118020000000001], [75.19095, 12.113990000000001], [75.19173, 12.107990000000001], [75.19344000000001, 12.10256], [75.18950000000001, 12.095960000000002], [75.18674, 12.095160000000002], [75.18265000000001, 12.09524], [75.17649, 12.10191], [75.17045, 12.09453], [75.1764, 12.080530000000001], [75.17703, 12.07689], [75.18393, 12.05699], [75.18777, 12.049130000000002], [75.18588000000001, 12.04554], [75.18393, 12.044210000000001], [75.18090000000001, 12.049130000000002], [75.15666, 12.108200000000002], [75.16189, 12.110240000000001], [75.16465000000001, 12.113150000000001], [75.16469000000001, 12.11705], [75.16353000000001, 12.12029], [75.16635000000001, 12.127930000000001], [75.16611, 12.13133], [75.16475000000001, 12.13493], [75.17087000000001, 12.136840000000001], [75.18723, 12.13897], [75.19597, 12.139130000000002], [75.19487000000001, 12.13733]]]}}, {"id": "24", "type": "Feature", "properties": {"village_name": "Kalnad", "vil_lgd": 627100, "district_name": "Kasaragod", "dist_lgd": 558, "subdistrict_name": "Kasaragod", "sdcode": 5630, "block_name": "Kasaragod", "block_lgd": 2.0, "gp_name": "Chemnad", "state_name": "KERALA", "state_lgd": 32, "population": 18029, "households": 3351}, "geometry": {"type": "Polygon", "coordinates": [[[75.0121, 12.46258], [75.01945, 12.463730000000002], [75.02133, 12.464150000000002], [75.02510000000001, 12.463280000000001], [75.02487, 12.460790000000001], [75.03020000000001, 12.455480000000001], [75.02943, 12.45227], [75.02524000000001, 12.446050000000001], [75.01959000000001, 12.443480000000001], [75.01761, 12.443560000000002], [75.01677000000001, 12.445060000000002], [75.01342000000001, 12.44762], [75.01131000000001, 12.44608], [75.01071, 12.44461], [75.00671000000001, 12.445260000000001], [75.00276000000001, 12.443380000000001], [74.99842000000001, 12.449720000000001], [74.98929000000001, 12.470790000000001], [74.99291000000001, 12.471110000000001], [74.99820000000001, 12.473960000000002], [74.99990000000001, 12.475930000000002], [75.00512, 12.47563], [75.00884, 12.47418], [75.00913000000001, 12.471860000000001], [75.0078, 12.466930000000001], [75.00884, 12.46461], [75.0121, 12.46258]]]}}, {"id": "25", "type": "Feature", "properties": {"village_name": "North Thrikkaripur CT", "vil_lgd": 627173, "district_name": "Kasaragod", "dist_lgd": 558, "subdistrict_name": "Hosdurg", "sdcode": 5631, "block_name": "", "block_lgd": null, "gp_name": "", "state_name": "KERALA", "state_lgd": 32, "population": 18210, "households": 3771}, "geometry": {"type": "Polygon", "coordinates": [[[75.18416, 12.170490000000001], [75.18772000000001, 12.16506], [75.18812000000001, 12.160590000000001], [75.18989, 12.15633], [75.19111000000001, 12.146500000000001], [75.19333, 12.14582], [75.19394000000001, 12.14225], [75.19619, 12.13996], [75.19597, 12.139130000000002], [75.18723, 12.13897], [75.17087000000001, 12.136840000000001], [75.16475000000001, 12.13493], [75.15651000000001, 12.14797], [75.16035000000001, 12.149320000000001], [75.16491, 12.149780000000002], [75.17171, 12.153410000000001], [75.17751000000001, 12.15361], [75.17760000000001, 12.15811], [75.17377, 12.172360000000001], [75.17697000000001, 12.16976], [75.18416, 12.170490000000001]]]}}, {"id": "26", "type": "Feature", "properties": {"village_name": "Thekkil", "vil_lgd": 627102, "district_name": "Kasaragod", "dist_lgd": 558, "subdistrict_name": "Kasaragod", "sdcode": 5630, "block_name": "Kasaragod", "block_lgd": 2.0, "gp_name": "Chemnad", "state_name": "KERALA", "state_lgd": 32, "population": 14299, "households": 2822}, "geometry": {"type": "Polygon", "coordinates": [[[75.07554, 12.49169], [75.07562, 12.48474], [75.07705, 12.482970000000002], [75.07824000000001, 12.482700000000001], [75.08033, 12.478110000000001], [75.07907, 12.474290000000002], [75.08068, 12.47356], [75.08483000000001, 12.473550000000001], [75.08568000000001, 12.47291], [75.08531, 12.47249], [75.08105, 12.469660000000001], [75.07614000000001, 12.46352], [75.07103000000001, 12.45883], [75.06891, 12.457440000000002], [75.06571000000001, 12.45706], [75.05990000000001, 12.45447], [75.04765, 12.46316], [75.04265000000001, 12.462560000000002], [75.04213, 12.465760000000001], [75.03869, 12.46709], [75.03753, 12.469600000000002], [75.03801, 12.47203], [75.04538000000001, 12.482130000000002], [75.04371, 12.48271], [75.0386, 12.48178], [75.03777000000001, 12.484910000000001], [75.03806, 12.49258], [75.05002, 12.494940000000001], [75.06171, 12.493290000000002], [75.06413, 12.4938], [75.06647000000001, 12.495450000000002], [75.06998, 12.49582], [75.07339, 12.493780000000001], [75.07554, 12.49169]]]}}, {"id": "27", "type": "Feature", "properties": {"village_name": "Kidoor", "vil_lgd": 627094, "district_name": "Kasaragod", "dist_lgd": 558, "subdistrict_name": "Manjeswaram", "sdcode": 5932, "block_name": "Manjeshwar", "block_lgd": 1.0, "gp_name": "Kumbala", "state_name": "KERALA", "state_lgd": 32, "population": 2569, "households": 493}, "geometry": {"type": "Polygon", "coordinates": [[[74.99104000000001, 12.636030000000002], [74.99304000000001, 12.634070000000001], [74.99587000000001, 12.632840000000002], [74.99913000000001, 12.633280000000001], [75.00052000000001, 12.632370000000002], [74.99997, 12.63113], [74.99915, 12.6292], [74.99695000000001, 12.628660000000002], [74.99387, 12.629480000000001], [74.99312, 12.627600000000001], [74.98642000000001, 12.62681], [74.98443, 12.62137], [74.98344, 12.621480000000002], [74.98289000000001, 12.62038], [74.97924, 12.622480000000001], [74.97713, 12.627490000000002], [74.97395, 12.62165], [74.97132, 12.622660000000002], [74.97103000000001, 12.625660000000002], [74.96434, 12.626900000000001], [74.96064000000001, 12.6309], [74.95578, 12.633790000000001], [74.95661000000001, 12.63452], [74.95703, 12.63935], [74.95802, 12.64033], [74.96102, 12.639190000000001], [74.96277, 12.637220000000001], [74.96402, 12.634850000000002], [74.9641, 12.632810000000001], [74.96560000000001, 12.63174], [74.96843000000001, 12.631010000000002], [74.97326000000001, 12.631170000000001], [74.97426, 12.63207], [74.97784, 12.64066], [74.97967000000001, 12.643360000000001], [74.98184, 12.644620000000002], [74.98796, 12.64642], [74.98804000000001, 12.647240000000002], [74.99095000000001, 12.64756], [74.99329, 12.64536], [74.99104000000001, 12.636030000000002]]]}}, {"id": "28", "type": "Feature", "properties": {"village_name": "Kasaragod", "vil_lgd": 252108, "district_name": "Kasaragod", "dist_lgd": 558, "subdistrict_name": "Kasaragod", "sdcode": 5630, "block_name": "", "block_lgd": 0.0, "gp_name": "", "state_name": "KERALA", "state_lgd": 32, "population": 54172, "households": 10202}, "geometry": {"type": "Polygon", "coordinates": [[[75.01957, 12.51604], [75.02260000000001, 12.513520000000002], [75.02231, 12.511920000000002], [75.0215, 12.511970000000002], [75.02225, 12.509170000000001], [75.02186, 12.50487], [75.0125, 12.50187], [75.01254, 12.501270000000002], [75.00882, 12.501790000000002], [75.00433000000001, 12.504430000000001], [75.00258000000001, 12.504140000000001], [74.99913000000001, 12.501050000000001], [74.99746, 12.494930000000002], [75.00193, 12.48389], [75.00217, 12.480120000000001], [74.99990000000001, 12.475930000000002], [74.99820000000001, 12.473960000000002], [74.99291000000001, 12.471110000000001], [74.98929000000001, 12.470790000000001], [74.98422000000001, 12.473930000000001], [74.98428000000001, 12.477760000000002], [74.96691000000001, 12.51748], [74.97016, 12.51829], [74.97040000000001, 12.516900000000001], [74.97174000000001, 12.51673], [74.97315, 12.5151], [74.97498, 12.51665], [74.9779, 12.51641], [74.97814000000001, 12.517470000000001], [74.97940000000001, 12.51796], [74.98048, 12.515260000000001], [74.98181000000001, 12.515920000000001], [74.98322, 12.51387], [74.9848, 12.514610000000001], [74.98547, 12.516570000000002], [74.98714000000001, 12.516330000000002], [74.98655000000001, 12.512070000000001], [74.98922, 12.509620000000002], [74.99013000000001, 12.509780000000001], [74.99055000000001, 12.510930000000002], [74.99205, 12.511090000000001], [74.99229000000001, 12.512810000000002], [74.99421000000001, 12.513710000000001], [74.99354000000001, 12.51486], [74.99562, 12.51641], [74.99529000000001, 12.517550000000002], [74.99629, 12.518130000000001], [74.99629, 12.518860000000002], [74.99496, 12.518450000000001], [74.99554, 12.519440000000001], [74.99804, 12.520750000000001], [74.99847000000001, 12.520050000000001], [75.00207, 12.52124], [75.01133, 12.519290000000002], [75.01271000000001, 12.522950000000002], [75.01521000000001, 12.520090000000001], [75.01957, 12.51604]]]}}, {"id": "29", "type": "Feature", "properties": {"village_name": "Bela", "vil_lgd": 627090, "district_name": "Kasaragod", "dist_lgd": 558, "subdistrict_name": "Kasaragod", "sdcode": 5630, "block_name": "Manjeshwar", "block_lgd": 1.0, "gp_name": "Badiyadka", "state_name": "KERALA", "state_lgd": 32, "population": 11144, "households": 2275}, "geometry": {"type": "Polygon", "coordinates": [[[75.03315, 12.592350000000001], [75.03607000000001, 12.5927], [75.03583, 12.59359], [75.03661000000001, 12.593530000000001], [75.03841000000001, 12.591650000000001], [75.03960000000001, 12.589820000000001], [75.03763000000001, 12.59059], [75.03649, 12.58988], [75.03446000000001, 12.59018], [75.0353, 12.58801], [75.03452, 12.58707], [75.04486, 12.57643], [75.05788000000001, 12.57596], [75.05663000000001, 12.571370000000002], [75.0574, 12.570730000000001], [75.05668, 12.568380000000001], [75.05585, 12.56896], [75.05501000000001, 12.567440000000001], [75.06553000000001, 12.563270000000001], [75.07115, 12.56667], [75.0715, 12.5662], [75.07185000000001, 12.5622], [75.07334, 12.559550000000002], [75.07203000000001, 12.55755], [75.0725, 12.556500000000002], [75.06999, 12.553970000000001], [75.06783, 12.553220000000001], [75.06580000000001, 12.55023], [75.06526000000001, 12.547930000000001], [75.05857, 12.54611], [75.05671000000001, 12.546940000000001], [75.05099000000001, 12.54456], [75.04974, 12.54751], [75.04839000000001, 12.551010000000002], [75.04456, 12.554990000000002], [75.03553000000001, 12.554920000000001], [75.02637, 12.557540000000001], [75.02364, 12.56084], [75.0207, 12.56722], [75.01735000000001, 12.56864], [75.01441000000001, 12.56924], [75.01065000000001, 12.57604], [75.00716000000001, 12.577390000000001], [75.00661000000001, 12.57524], [75.00483000000001, 12.574700000000002], [75.00271000000001, 12.576110000000002], [74.9989, 12.57843], [75.00073, 12.58384], [75.00114, 12.58599], [75.00846, 12.594880000000002], [75.01328000000001, 12.6027], [75.01516000000001, 12.60247], [75.01498000000001, 12.6013], [75.0206, 12.59942], [75.02927000000001, 12.594830000000002], [75.03243, 12.594170000000002], [75.03315, 12.592350000000001]]]}}, {"id": "30", "type": "Feature", "properties": {"village_name": "Kumbadaje", "vil_lgd": 627107, "district_name": "Kasaragod", "dist_lgd": 558, "subdistrict_name": "Kasaragod", "sdcode": 5630, "block_name": "Manjeshwar", "block_lgd": 1.0, "gp_name": "Kumbadaje", "state_name": "KERALA", "state_lgd": 32, "population": 11161, "households": 2085}, "geometry": {"type": "Polygon", "coordinates": [[[75.14120000000001, 12.597740000000002], [75.13952, 12.596800000000002], [75.13988, 12.59551], [75.14539, 12.59603], [75.14777000000001, 12.589860000000002], [75.15494000000001, 12.5837], [75.15984, 12.58422], [75.15744000000001, 12.579870000000001], [75.16258, 12.572350000000002], [75.16210000000001, 12.567770000000001], [75.16640000000001, 12.565410000000002], [75.16412000000001, 12.556370000000001], [75.16233000000001, 12.554250000000001], [75.16006, 12.55343], [75.15672, 12.557670000000002], [75.15612, 12.5606], [75.15432000000001, 12.561190000000002], [75.15373000000001, 12.5606], [75.15253000000001, 12.56154], [75.14584, 12.56131], [75.1444, 12.56249], [75.13675, 12.56038], [75.13389000000001, 12.560730000000001], [75.12874000000001, 12.559790000000001], [75.12624000000001, 12.558700000000002], [75.12530000000001, 12.56151], [75.12542, 12.56456], [75.12325000000001, 12.564430000000002], [75.11853, 12.56825], [75.11685, 12.568140000000001], [75.11538, 12.573620000000002], [75.11253, 12.575130000000001], [75.11051, 12.57768], [75.10873000000001, 12.57768], [75.10742, 12.579530000000002], [75.10194000000001, 12.583150000000002], [75.10467000000001, 12.585040000000001], [75.10401, 12.5868], [75.10503, 12.58727], [75.10491, 12.590800000000002], [75.10270000000001, 12.59304], [75.09816000000001, 12.593280000000002], [75.09684, 12.596160000000001], [75.09858000000001, 12.598450000000001], [75.10085000000001, 12.59828], [75.10103000000001, 12.600740000000002], [75.10246000000001, 12.601270000000001], [75.10354000000001, 12.603560000000002], [75.11048000000001, 12.609380000000002], [75.11099, 12.614210000000002], [75.12723000000001, 12.61513], [75.12879000000001, 12.61227], [75.12843000000001, 12.61062], [75.13189000000001, 12.605920000000001], [75.13129, 12.604280000000001], [75.13273000000001, 12.60251], [75.13643, 12.602860000000002], [75.14086, 12.602160000000001], [75.14110000000001, 12.600740000000002], [75.14120000000001, 12.597740000000002]]]}}, {"id": "31", "type": "Feature", "properties": {"village_name": "Kilayikode", "vil_lgd": 627160, "district_name": "Kasaragod", "dist_lgd": 558, "subdistrict_name": "Hosdurg", "sdcode": 5631, "block_name": "Nileshwar", "block_lgd": 4.0, "gp_name": "Kayyur-Cheemeni", "state_name": "KERALA", "state_lgd": 32, "population": 3251, "households": 839}, "geometry": {"type": "Polygon", "coordinates": [[[75.1842, 12.242370000000001], [75.17636, 12.232840000000001], [75.17372, 12.234200000000001], [75.17115000000001, 12.233500000000001], [75.17109, 12.232240000000001], [75.16993000000001, 12.232370000000001], [75.16993000000001, 12.231670000000001], [75.16839, 12.231290000000001], [75.16775000000001, 12.233310000000001], [75.16659, 12.233], [75.16666000000001, 12.232050000000001], [75.1648, 12.232050000000001], [75.16261, 12.232560000000001], [75.16171, 12.23408], [75.16178000000001, 12.23736], [75.15983, 12.23981], [75.16255000000001, 12.243150000000002], [75.16420000000001, 12.251140000000001], [75.16385000000001, 12.25267], [75.16810000000001, 12.262340000000002], [75.17074000000001, 12.260860000000001], [75.17421, 12.260570000000001], [75.18012, 12.26495], [75.18393, 12.26463], [75.18653, 12.265310000000001], [75.18527, 12.260100000000001], [75.18597000000001, 12.256070000000001], [75.18938, 12.247230000000002], [75.19323, 12.247520000000002], [75.19042, 12.244370000000002], [75.1842, 12.242370000000001]]]}}, {"id": "32", "type": "Feature", "properties": {"village_name": "Perumbala", "vil_lgd": 627101, "district_name": "Kasaragod", "dist_lgd": 558, "subdistrict_name": "Kasaragod", "sdcode": 5630, "block_name": "Kasaragod", "block_lgd": 2.0, "gp_name": "Chemnad", "state_name": "KERALA", "state_lgd": 32, "population": 8096, "households": 1677}, "geometry": {"type": "Polygon", "coordinates": [[[75.0386, 12.48178], [75.04371, 12.48271], [75.04538000000001, 12.482130000000002], [75.03801, 12.47203], [75.03753, 12.469600000000002], [75.03869, 12.46709], [75.03388000000001, 12.468050000000002], [75.02990000000001, 12.469990000000001], [75.02953000000001, 12.47282], [75.02698000000001, 12.478840000000002], [75.02423, 12.479330000000001], [75.02405, 12.481240000000001], [75.02291000000001, 12.481950000000001], [75.01439, 12.483880000000001], [75.01570000000001, 12.48919], [75.01469, 12.49103], [75.01459000000001, 12.494090000000002], [75.01375, 12.495000000000001], [75.01254, 12.501270000000002], [75.0125, 12.50187], [75.02186, 12.50487], [75.02511000000001, 12.50637], [75.02749, 12.505630000000002], [75.03298000000001, 12.49516], [75.03485, 12.493430000000002], [75.03806, 12.49258], [75.03777000000001, 12.484910000000001], [75.0386, 12.48178]]]}}, {"id": "33", "type": "Feature", "properties": {"village_name": "Adhur", "vil_lgd": 627110, "district_name": "Kasaragod", "dist_lgd": 558, "subdistrict_name": "Kasaragod", "sdcode": 5630, "block_name": "Kasaragod", "block_lgd": 2.0, "gp_name": "Karadka", "state_name": "KERALA", "state_lgd": 32, "population": 11598, "households": 2107}, "geometry": {"type": "Polygon", "coordinates": [[[75.21123, 12.58308], [75.21172, 12.57943], [75.21367000000001, 12.579450000000001], [75.21687, 12.577620000000001], [75.22029, 12.568200000000001], [75.21727, 12.56717], [75.21607, 12.56526], [75.21649000000001, 12.563070000000002], [75.21834000000001, 12.56173], [75.21857, 12.560680000000001], [75.21753000000001, 12.55752], [75.21348, 12.554450000000001], [75.20872, 12.55484], [75.20667, 12.548140000000002], [75.20458, 12.54602], [75.20296, 12.545390000000001], [75.20100000000001, 12.547160000000002], [75.19244, 12.54901], [75.19077, 12.548540000000001], [75.18936000000001, 12.54254], [75.18635, 12.53733], [75.18396000000001, 12.53753], [75.18241, 12.544820000000001], [75.18348, 12.54611], [75.18271, 12.55005], [75.18106, 12.551810000000001], [75.17865, 12.553350000000002], [75.17853000000001, 12.551940000000002], [75.17677, 12.551520000000002], [75.17477000000001, 12.54953], [75.17111000000001, 12.548900000000001], [75.16833000000001, 12.549800000000001], [75.16699000000001, 12.54789], [75.16439000000001, 12.548910000000001], [75.16420000000001, 12.550210000000002], [75.16173, 12.551330000000002], [75.16006, 12.55343], [75.16233000000001, 12.554250000000001], [75.16412000000001, 12.556370000000001], [75.16640000000001, 12.565410000000002], [75.16210000000001, 12.567770000000001], [75.16258, 12.572350000000002], [75.15744000000001, 12.579870000000001], [75.15984, 12.58422], [75.16844, 12.582210000000002], [75.17036, 12.578100000000001], [75.17370000000001, 12.57646], [75.17932, 12.575280000000001], [75.18051000000001, 12.57304], [75.18243000000001, 12.573390000000002], [75.18314000000001, 12.57516], [75.18374, 12.57469], [75.18781000000001, 12.576680000000001], [75.18793000000001, 12.582320000000001], [75.18960000000001, 12.581380000000001], [75.19164, 12.58267], [75.19212, 12.585020000000002], [75.1969, 12.586900000000002], [75.20104, 12.58674], [75.20137000000001, 12.58952], [75.20859, 12.59233], [75.20926, 12.58768], [75.21123, 12.58308]]]}}, {"id": "34", "type": "Feature", "properties": {"village_name": "Kannur", "vil_lgd": 627093, "district_name": "Kasaragod", "dist_lgd": 558, "subdistrict_name": "Manjeswaram", "sdcode": 5932, "block_name": "Manjeshwar", "block_lgd": 1.0, "gp_name": "Puthige", "state_name": "KERALA", "state_lgd": 32, "population": 2421, "households": 445}, "geometry": {"type": "Polygon", "coordinates": [[[74.9989, 12.57843], [74.99179000000001, 12.573350000000001], [74.99146, 12.57196], [74.98738, 12.56812], [74.98755000000001, 12.5637], [74.98439, 12.562310000000002], [74.9843, 12.560670000000002], [74.98131000000001, 12.56174], [74.98122000000001, 12.563540000000001], [74.97864000000001, 12.56525], [74.97648000000001, 12.5691], [74.97293, 12.569730000000002], [74.97249000000001, 12.57004], [74.97173000000001, 12.570570000000002], [74.97315, 12.576870000000001], [74.97148, 12.578500000000002], [74.97173000000001, 12.57998], [74.9808, 12.58403], [74.98363, 12.586900000000002], [74.98738, 12.588700000000001], [74.98879000000001, 12.59083], [74.99068000000001, 12.591560000000001], [74.99413000000001, 12.590980000000002], [75.00073, 12.58384], [74.9989, 12.57843]]]}}, {"id": "35", "type": "Feature", "properties": {"village_name": "Bedadka", "vil_lgd": 627114, "district_name": "Kasaragod", "dist_lgd": 558, "subdistrict_name": "Kasaragod", "sdcode": 5630, "block_name": "Kasaragod", "block_lgd": 2.0, "gp_name": "Bedadka", "state_name": "KERALA", "state_lgd": 32, "population": 13476, "households": 2985}, "geometry": {"type": "Polygon", "coordinates": [[[75.16918000000001, 12.478330000000001], [75.16673, 12.472010000000001], [75.16994000000001, 12.46854], [75.17001, 12.467080000000001], [75.16846000000001, 12.464200000000002], [75.16465000000001, 12.460590000000002], [75.16216, 12.454550000000001], [75.15756, 12.452530000000001], [75.15952, 12.449040000000002], [75.16196000000001, 12.44927], [75.16183000000001, 12.448120000000001], [75.15146, 12.437080000000002], [75.14749, 12.42928], [75.14194, 12.42176], [75.13955, 12.421840000000001], [75.13558, 12.424790000000002], [75.12943, 12.425510000000001], [75.12852000000001, 12.42773], [75.12936, 12.431740000000001], [75.12823, 12.43299], [75.1251, 12.43345], [75.12282, 12.431650000000001], [75.12027, 12.434080000000002], [75.12256000000001, 12.43697], [75.11905, 12.439670000000001], [75.11912000000001, 12.44265], [75.11697000000001, 12.44466], [75.11778000000001, 12.44879], [75.11588, 12.451340000000002], [75.11748, 12.452520000000002], [75.12031, 12.45237], [75.11888, 12.454160000000002], [75.11906, 12.45719], [75.11784, 12.457400000000002], [75.11635000000001, 12.454130000000001], [75.11380000000001, 12.453830000000002], [75.11165000000001, 12.45789], [75.11453, 12.460550000000001], [75.11516, 12.46366], [75.11433000000001, 12.464490000000001], [75.11464000000001, 12.465700000000002], [75.11679000000001, 12.466370000000001], [75.11941, 12.470160000000002], [75.11890000000001, 12.471850000000002], [75.11762, 12.47281], [75.11970000000001, 12.474190000000002], [75.12316000000001, 12.4786], [75.12585, 12.479540000000002], [75.13141, 12.479640000000002], [75.13473, 12.478180000000002], [75.13952, 12.480170000000001], [75.14516, 12.480060000000002], [75.14677, 12.479260000000002], [75.14885000000001, 12.479940000000001], [75.15429, 12.48427], [75.15231, 12.489080000000001], [75.15333000000001, 12.491660000000001], [75.15566000000001, 12.49323], [75.15979, 12.498880000000002], [75.16664, 12.495090000000001], [75.16847, 12.48792], [75.16908000000001, 12.481300000000001], [75.16918000000001, 12.478330000000001]]]}}, {"id": "36", "type": "Feature", "properties": {"village_name": "Muliyar", "vil_lgd": 627112, "district_name": "Kasaragod", "dist_lgd": 558, "subdistrict_name": "Kasaragod", "sdcode": 5630, "block_name": "Kasaragod", "block_lgd": 2.0, "gp_name": "Muliyar", "state_name": "KERALA", "state_lgd": 32, "population": 25095, "households": 4980}, "geometry": {"type": "Polygon", "coordinates": [[[75.12683000000001, 12.52758], [75.12899, 12.527930000000001], [75.13066, 12.526990000000001], [75.13341000000001, 12.521700000000001], [75.14177000000001, 12.519000000000002], [75.14249000000001, 12.5197], [75.14535000000001, 12.51993], [75.14383000000001, 12.516350000000001], [75.1367, 12.513660000000002], [75.13832000000001, 12.51153], [75.13480000000001, 12.509480000000002], [75.13451, 12.51162], [75.13309000000001, 12.513290000000001], [75.13119, 12.513010000000001], [75.12976, 12.51218], [75.12938000000001, 12.509760000000002], [75.13423, 12.50661], [75.1349, 12.504560000000001], [75.13632000000001, 12.50364], [75.13727, 12.504100000000001], [75.13946, 12.510040000000002], [75.1405, 12.50985], [75.14165000000001, 12.50614], [75.14307000000001, 12.505680000000002], [75.14478000000001, 12.50614], [75.14573, 12.509670000000002], [75.14725, 12.511800000000001], [75.14802, 12.511800000000001], [75.14935000000001, 12.508830000000001], [75.14916000000001, 12.50679], [75.14668, 12.501690000000002], [75.14802, 12.499550000000001], [75.14811, 12.496670000000002], [75.14982, 12.496400000000001], [75.15333000000001, 12.491660000000001], [75.15231, 12.489080000000001], [75.15429, 12.48427], [75.14885000000001, 12.479940000000001], [75.14677, 12.479260000000002], [75.14516, 12.480060000000002], [75.13952, 12.480170000000001], [75.13473, 12.478180000000002], [75.13141, 12.479640000000002], [75.12585, 12.479540000000002], [75.12316000000001, 12.4786], [75.11970000000001, 12.474190000000002], [75.11762, 12.47281], [75.11531000000001, 12.475060000000001], [75.11407000000001, 12.478750000000002], [75.10943, 12.48474], [75.10551000000001, 12.48596], [75.10054000000001, 12.493010000000002], [75.09836, 12.493710000000002], [75.09577, 12.491510000000002], [75.09668, 12.488000000000001], [75.09398, 12.48384], [75.07824000000001, 12.482700000000001], [75.07705, 12.482970000000002], [75.07562, 12.48474], [75.07554, 12.49169], [75.07339, 12.493780000000001], [75.06998, 12.49582], [75.06647000000001, 12.495450000000002], [75.06663, 12.499490000000002], [75.07281, 12.502300000000002], [75.06839000000001, 12.51031], [75.066, 12.510650000000002], [75.06588, 12.512770000000002], [75.06379000000001, 12.514880000000002], [75.06241, 12.514220000000002], [75.06158, 12.51501], [75.06131, 12.517430000000001], [75.0639, 12.51796], [75.06376, 12.519110000000001], [75.06514, 12.52153], [75.06698, 12.520180000000002], [75.06753, 12.521260000000002], [75.06978000000001, 12.52072], [75.06951000000001, 12.519580000000001], [75.07060000000001, 12.51884], [75.07519, 12.51823], [75.07525000000001, 12.51641], [75.07819, 12.51487], [75.08052, 12.514740000000002], [75.08194, 12.51702], [75.0844, 12.518300000000002], [75.08433000000001, 12.521320000000001], [75.08912000000001, 12.522120000000001], [75.08946, 12.52293], [75.08693000000001, 12.52602], [75.08843, 12.53006], [75.08953000000001, 12.530330000000001], [75.09464000000001, 12.527840000000001], [75.09744, 12.53133], [75.10004, 12.53025], [75.10031000000001, 12.52904], [75.10284, 12.529380000000002], [75.10278000000001, 12.53072], [75.10647, 12.5326], [75.10695000000001, 12.53489], [75.11392000000001, 12.53724], [75.11929, 12.534130000000001], [75.12683000000001, 12.52758]]]}}, {"id": "37", "type": "Feature", "properties": {"village_name": "Muttathody", "vil_lgd": 627103, "district_name": "Kasaragod", "dist_lgd": 558, "subdistrict_name": "Kasaragod", "sdcode": 5630, "block_name": "Kasaragod", "block_lgd": 2.0, "gp_name": "Chengala", "state_name": "KERALA", "state_lgd": 32, "population": 20658, "households": 3846}, "geometry": {"type": "Polygon", "coordinates": [[[75.03314, 12.5455], [75.03568, 12.547110000000002], [75.04791, 12.546170000000002], [75.04974, 12.54751], [75.05099000000001, 12.54456], [75.04292000000001, 12.533470000000001], [75.03943000000001, 12.53165], [75.03868, 12.527660000000001], [75.04052, 12.527590000000002], [75.04039, 12.526320000000002], [75.04141, 12.52612], [75.04421, 12.528], [75.04613, 12.527460000000001], [75.04538000000001, 12.526180000000002], [75.04736000000001, 12.521680000000002], [75.0488, 12.52067], [75.04989, 12.517030000000002], [75.04731000000001, 12.512760000000002], [75.04167000000001, 12.510440000000001], [75.03142000000001, 12.511750000000001], [75.02815000000001, 12.512910000000002], [75.02399000000001, 12.51537], [75.01957, 12.51604], [75.01521000000001, 12.520090000000001], [75.01271000000001, 12.522950000000002], [75.01475, 12.53058], [75.01673000000001, 12.53414], [75.01851, 12.534550000000001], [75.01995000000001, 12.53696], [75.02432, 12.537300000000002], [75.02419, 12.542000000000002], [75.02214000000001, 12.543220000000002], [75.02590000000001, 12.545900000000001], [75.02624, 12.546980000000001], [75.03014, 12.54658], [75.03314, 12.5455]]]}}, {"id": "38", "type": "Feature", "properties": {"village_name": "Kunjathur CT", "vil_lgd": 627121, "district_name": "Kasaragod", "dist_lgd": 558, "subdistrict_name": "Manjeswaram", "sdcode": 5932, "block_name": "", "block_lgd": null, "gp_name": "", "state_name": "KERALA", "state_lgd": 32, "population": 13633, "households": 2634}, "geometry": {"type": "Polygon", "coordinates": [[[74.89112, 12.738330000000001], [74.88886000000001, 12.739650000000001], [74.88871, 12.741700000000002], [74.88690000000001, 12.741410000000002], [74.87952, 12.736860000000002], [74.87576, 12.735980000000001], [74.87862000000001, 12.73539], [74.87651000000001, 12.733630000000002], [74.87585, 12.730910000000002], [74.87385, 12.736530000000002], [74.87107, 12.74055], [74.86433000000001, 12.759250000000002], [74.86459, 12.760190000000001], [74.8722, 12.761130000000001], [74.87412, 12.75501], [74.87953, 12.75538], [74.88227, 12.754130000000002], [74.893, 12.762500000000001], [74.89878, 12.762680000000001], [74.90153000000001, 12.76477], [74.90337000000001, 12.7543], [74.90276, 12.74947], [74.90396000000001, 12.747650000000002], [74.90332000000001, 12.744810000000001], [74.90091000000001, 12.740710000000002], [74.89112, 12.738330000000001]]]}}, {"id": "39", "type": "Feature", "properties": {"village_name": "Munnad", "vil_lgd": 627115, "district_name": "Kasaragod", "dist_lgd": 558, "subdistrict_name": "Kasaragod", "sdcode": 5630, "block_name": "Kasaragod", "block_lgd": 2.0, "gp_name": "Bedadka", "state_name": "KERALA", "state_lgd": 32, "population": 8612, "households": 1989}, "geometry": {"type": "Polygon", "coordinates": [[[75.18101, 12.503960000000001], [75.18185000000001, 12.504190000000001], [75.18435000000001, 12.50106], [75.18489000000001, 12.499860000000002], [75.18421000000001, 12.496870000000001], [75.18758000000001, 12.492090000000001], [75.18594, 12.485640000000002], [75.18775000000001, 12.483670000000002], [75.18908, 12.483450000000001], [75.18837, 12.47906], [75.19204, 12.47671], [75.19142000000001, 12.472360000000002], [75.18985, 12.46911], [75.19086, 12.46723], [75.19318000000001, 12.46592], [75.19843, 12.465370000000002], [75.20161, 12.463610000000001], [75.20302000000001, 12.459060000000001], [75.20539000000001, 12.46156], [75.21104000000001, 12.460700000000001], [75.21383, 12.462810000000001], [75.21892000000001, 12.4579], [75.22181, 12.460890000000001], [75.22344000000001, 12.45653], [75.22259000000001, 12.451830000000001], [75.22367000000001, 12.4464], [75.22366000000001, 12.439670000000001], [75.21976000000001, 12.438300000000002], [75.21963000000001, 12.43514], [75.21447, 12.435640000000001], [75.20960000000001, 12.434500000000002], [75.20766, 12.43265], [75.20635, 12.429490000000001], [75.20259, 12.42908], [75.19734000000001, 12.426190000000002], [75.19471, 12.426950000000001], [75.19232000000001, 12.43293], [75.18844, 12.432920000000001], [75.18521000000001, 12.43153], [75.18291, 12.435530000000002], [75.17892, 12.430000000000001], [75.17812, 12.429680000000001], [75.17546, 12.43091], [75.1735, 12.42716], [75.17128000000001, 12.427080000000002], [75.16815000000001, 12.428650000000001], [75.16509, 12.42759], [75.16319, 12.42351], [75.16104, 12.422590000000001], [75.15938000000001, 12.420670000000001], [75.15683, 12.421360000000002], [75.15736000000001, 12.423300000000001], [75.1564, 12.42486], [75.15450000000001, 12.42369], [75.15404000000001, 12.42187], [75.15125, 12.419210000000001], [75.1464, 12.41951], [75.14621000000001, 12.42365], [75.14194, 12.42176], [75.14749, 12.42928], [75.15146, 12.437080000000002], [75.16183000000001, 12.448120000000001], [75.16196000000001, 12.44927], [75.15952, 12.449040000000002], [75.15756, 12.452530000000001], [75.16216, 12.454550000000001], [75.16465000000001, 12.460590000000002], [75.16846000000001, 12.464200000000002], [75.17001, 12.467080000000001], [75.16994000000001, 12.46854], [75.16673, 12.472010000000001], [75.16918000000001, 12.478330000000001], [75.16908000000001, 12.481300000000001], [75.16847, 12.48792], [75.16664, 12.495090000000001], [75.15979, 12.498880000000002], [75.161, 12.503120000000001], [75.16781, 12.505370000000001], [75.17206, 12.50576], [75.17468000000001, 12.50453], [75.17919, 12.505930000000001], [75.18101, 12.503960000000001]]]}}, {"id": "40", "type": "Feature", "properties": {"village_name": "Padre", "vil_lgd": 627087, "district_name": "Kasaragod", "dist_lgd": 558, "subdistrict_name": "Manjeswaram", "sdcode": 5932, "block_name": "Manjeshwar", "block_lgd": 1.0, "gp_name": "Enmakaje", "state_name": "KERALA", "state_lgd": 32, "population": 5092, "households": 970}, "geometry": {"type": "Polygon", "coordinates": [[[75.11982, 12.641210000000001], [75.12077000000001, 12.641440000000001], [75.12083000000001, 12.64033], [75.12227, 12.641150000000001], [75.12173, 12.642740000000002], [75.12402, 12.643450000000001], [75.13203, 12.641680000000001], [75.13965, 12.6431], [75.14244000000001, 12.64094], [75.14356000000001, 12.64173], [75.14846, 12.633790000000001], [75.14796000000001, 12.63376], [75.14446000000001, 12.633410000000001], [75.14364, 12.630260000000002], [75.14673, 12.62836], [75.14674000000001, 12.625820000000001], [75.1496, 12.624830000000001], [75.15091000000001, 12.62071], [75.15354, 12.619650000000002], [75.15366, 12.62095], [75.15498000000001, 12.62118], [75.15557000000001, 12.618950000000002], [75.15450000000001, 12.617420000000001], [75.15389, 12.610610000000001], [75.15497, 12.61025], [75.15389, 12.60509], [75.15138, 12.605440000000002], [75.14923, 12.604970000000002], [75.14528, 12.601680000000002], [75.1448, 12.602620000000002], [75.14110000000001, 12.600740000000002], [75.14086, 12.602160000000001], [75.13643, 12.602860000000002], [75.13273000000001, 12.60251], [75.13129, 12.604280000000001], [75.13189000000001, 12.605920000000001], [75.12843000000001, 12.61062], [75.12879000000001, 12.61227], [75.12723000000001, 12.61513], [75.11099, 12.614210000000002], [75.11123, 12.62077], [75.11057000000001, 12.622100000000001], [75.10881, 12.621030000000001], [75.10772, 12.621300000000002], [75.10786, 12.62635], [75.10502000000001, 12.62799], [75.10702, 12.628990000000002], [75.11186000000001, 12.634870000000001], [75.11205000000001, 12.642510000000001], [75.11707000000001, 12.644390000000001], [75.12042000000001, 12.643210000000002], [75.12042000000001, 12.64239], [75.11940000000001, 12.64197], [75.11982, 12.641210000000001]]]}}, {"id": "41", "type": "Feature", "properties": {"village_name": "Madikai", "vil_lgd": 627154, "district_name": "Kasaragod", "dist_lgd": 558, "subdistrict_name": "Hosdurg", "sdcode": 5631, "block_name": "Kanhangad", "block_lgd": 3.0, "gp_name": "Madikai", "state_name": "KERALA", "state_lgd": 32, "population": 12930, "households": 3310}, "geometry": {"type": "Polygon", "coordinates": [[[75.13907, 12.279810000000001], [75.13892000000001, 12.28175], [75.13602, 12.28255], [75.13198000000001, 12.28683], [75.12211, 12.30048], [75.11684000000001, 12.306080000000001], [75.11500000000001, 12.309410000000002], [75.11994, 12.310010000000002], [75.12061, 12.31154], [75.12325000000001, 12.313490000000002], [75.12822000000001, 12.31417], [75.131, 12.31578], [75.13293, 12.31502], [75.13484000000001, 12.315850000000001], [75.13594, 12.31343], [75.13991, 12.31056], [75.14529, 12.31178], [75.14644000000001, 12.312840000000001], [75.15946000000001, 12.309920000000002], [75.16938, 12.313220000000001], [75.17144, 12.314610000000002], [75.17292, 12.31699], [75.1752, 12.317730000000001], [75.18579000000001, 12.315130000000002], [75.19285, 12.31126], [75.19469000000001, 12.30935], [75.19498, 12.30676], [75.19161000000001, 12.303790000000001], [75.1902, 12.30039], [75.18836, 12.29826], [75.18392, 12.296080000000002], [75.18058, 12.297530000000002], [75.17631, 12.295850000000002], [75.17543, 12.29213], [75.17579, 12.285950000000001], [75.17205000000001, 12.284500000000001], [75.1709, 12.282140000000002], [75.16897, 12.2811], [75.16680000000001, 12.282100000000002], [75.16437, 12.281210000000002], [75.15663, 12.27688], [75.15254, 12.27682], [75.15045, 12.275820000000001], [75.14927, 12.276140000000002], [75.14620000000001, 12.280230000000001], [75.13907, 12.279810000000001]]]}}, {"id": "42", "type": "Feature", "properties": {"village_name": "Belur", "vil_lgd": 627141, "district_name": "Kasaragod", "dist_lgd": 558, "subdistrict_name": "Vellarikkundu", "sdcode": 5933, "block_name": "Kanhangad", "block_lgd": 3.0, "gp_name": "Kodom-Bellur", "state_name": "KERALA", "state_lgd": 32, "population": 12181, "households": 2938}, "geometry": {"type": "Polygon", "coordinates": [[[75.18811000000001, 12.40501], [75.19355, 12.40412], [75.19604000000001, 12.401950000000001], [75.20317, 12.40075], [75.20765, 12.40446], [75.20908, 12.404560000000002], [75.21050000000001, 12.403960000000001], [75.21357, 12.399370000000001], [75.21448000000001, 12.398950000000001], [75.21776000000001, 12.39976], [75.21847000000001, 12.398600000000002], [75.22160000000001, 12.397340000000002], [75.21849, 12.395100000000001], [75.21855000000001, 12.39253], [75.22355, 12.390870000000001], [75.22395, 12.38944], [75.21991000000001, 12.3876], [75.21762000000001, 12.388520000000002], [75.21648, 12.386450000000002], [75.22122, 12.384920000000001], [75.2241, 12.38531], [75.22447000000001, 12.384500000000001], [75.22369, 12.378850000000002], [75.21903, 12.374640000000001], [75.21867, 12.372700000000002], [75.21176000000001, 12.371410000000001], [75.21000000000001, 12.37301], [75.20491000000001, 12.372860000000001], [75.19972, 12.371490000000001], [75.18595, 12.37157], [75.17975000000001, 12.36692], [75.17724000000001, 12.36397], [75.17596, 12.363370000000002], [75.17133000000001, 12.363900000000001], [75.16732, 12.362800000000002], [75.16386, 12.356440000000001], [75.15494000000001, 12.350610000000001], [75.15349, 12.348910000000002], [75.15141000000001, 12.349120000000001], [75.14735, 12.35237], [75.1449, 12.351560000000001], [75.14424000000001, 12.35359], [75.14477000000001, 12.35598], [75.14177000000001, 12.3589], [75.13991, 12.359480000000001], [75.1314, 12.357790000000001], [75.13561, 12.36791], [75.13502000000001, 12.373850000000001], [75.13997, 12.380170000000001], [75.13969, 12.383080000000001], [75.13784000000001, 12.38329], [75.13827, 12.38414], [75.14236000000001, 12.385470000000002], [75.14319, 12.385950000000001], [75.14334000000001, 12.38756], [75.14855, 12.39005], [75.15884000000001, 12.393790000000001], [75.16319, 12.393730000000001], [75.16582000000001, 12.38779], [75.16542000000001, 12.38521], [75.17097000000001, 12.38746], [75.17001, 12.390580000000002], [75.17062, 12.39559], [75.17185, 12.398470000000001], [75.17404, 12.400440000000001], [75.17721, 12.404720000000001], [75.18079, 12.404890000000002], [75.18811000000001, 12.40501]]]}}, {"id": "43", "type": "Feature", "properties": {"village_name": "Ambalathara", "vil_lgd": 627153, "district_name": "Kasaragod", "dist_lgd": 558, "subdistrict_name": "Hosdurg", "sdcode": 5631, "block_name": "Kanhangad", "block_lgd": 3.0, "gp_name": "Madikai", "state_name": "KERALA", "state_lgd": 32, "population": 9120, "households": 2217}, "geometry": {"type": "Polygon", "coordinates": [[[75.14477000000001, 12.35598], [75.14424000000001, 12.35359], [75.1449, 12.351560000000001], [75.14735, 12.35237], [75.15141000000001, 12.349120000000001], [75.15349, 12.348910000000002], [75.15568, 12.344780000000002], [75.15906000000001, 12.3421], [75.15933000000001, 12.338980000000001], [75.16380000000001, 12.340100000000001], [75.16698000000001, 12.33961], [75.16889, 12.337980000000002], [75.17153, 12.339970000000001], [75.17313, 12.3397], [75.17181000000001, 12.33514], [75.17429, 12.33679], [75.18138, 12.336590000000001], [75.18401, 12.33966], [75.18528, 12.339440000000002], [75.1864, 12.33801], [75.18927000000001, 12.338220000000002], [75.19258, 12.3412], [75.19497000000001, 12.338320000000001], [75.19117, 12.337980000000002], [75.19348000000001, 12.334420000000001], [75.18967, 12.33473], [75.18697, 12.33051], [75.19037, 12.32999], [75.19198, 12.328000000000001], [75.19054000000001, 12.32455], [75.19170000000001, 12.32116], [75.19430000000001, 12.320590000000001], [75.19676000000001, 12.32252], [75.19596, 12.319640000000001], [75.19762, 12.317730000000001], [75.19744, 12.313310000000001], [75.19703000000001, 12.309370000000001], [75.19469000000001, 12.30935], [75.19285, 12.31126], [75.18579000000001, 12.315130000000002], [75.1752, 12.317730000000001], [75.17292, 12.31699], [75.17144, 12.314610000000002], [75.16938, 12.313220000000001], [75.15946000000001, 12.309920000000002], [75.14644000000001, 12.312840000000001], [75.14529, 12.31178], [75.13991, 12.31056], [75.13594, 12.31343], [75.13484000000001, 12.315850000000001], [75.13293, 12.31502], [75.131, 12.31578], [75.12822000000001, 12.31417], [75.12325000000001, 12.313490000000002], [75.12061, 12.31154], [75.11994, 12.310010000000002], [75.11500000000001, 12.309410000000002], [75.10986000000001, 12.30935], [75.10823, 12.30718], [75.10699000000001, 12.308230000000002], [75.10705, 12.30935], [75.10921, 12.311570000000001], [75.11384000000001, 12.31366], [75.11641, 12.31277], [75.11706000000001, 12.313550000000001], [75.11609, 12.315270000000002], [75.11923, 12.31577], [75.12388, 12.31919], [75.13488000000001, 12.31981], [75.12449000000001, 12.32985], [75.12155, 12.335600000000001], [75.11998000000001, 12.33802], [75.12349, 12.344270000000002], [75.11701000000001, 12.349260000000001], [75.12145000000001, 12.35313], [75.12219, 12.354370000000001], [75.12179, 12.356760000000001], [75.12462000000001, 12.35646], [75.1314, 12.357790000000001], [75.13991, 12.359480000000001], [75.14177000000001, 12.3589], [75.14477000000001, 12.35598]]]}}, {"id": "44", "type": "Feature", "properties": {"village_name": "Thimiri", "vil_lgd": 627161, "district_name": "Kasaragod", "dist_lgd": 558, "subdistrict_name": "Hosdurg", "sdcode": 5631, "block_name": "Nileshwar", "block_lgd": 4.0, "gp_name": "Kayyur-Cheemeni", "state_name": "KERALA", "state_lgd": 32, "population": 5511, "households": 1344}, "geometry": {"type": "Polygon", "coordinates": [[[75.21828000000001, 12.227120000000001], [75.2103, 12.22569], [75.20972, 12.226780000000002], [75.20275000000001, 12.225980000000002], [75.19850000000001, 12.22766], [75.19265, 12.22647], [75.16595000000001, 12.212010000000001], [75.16485, 12.21217], [75.1704, 12.21948], [75.17579, 12.223640000000001], [75.17368, 12.232230000000001], [75.17636, 12.232840000000001], [75.1842, 12.242370000000001], [75.19042, 12.244370000000002], [75.19757000000001, 12.24261], [75.19765000000001, 12.241900000000001], [75.20962, 12.234770000000001], [75.21828000000001, 12.227120000000001]]]}}, {"id": "45", "type": "Feature", "properties": {"village_name": "Periya", "vil_lgd": 627139, "district_name": "Kasaragod", "dist_lgd": 558, "subdistrict_name": "Hosdurg", "sdcode": 5631, "block_name": "Kanhangad", "block_lgd": 3.0, "gp_name": "Pullur-Periya", "state_name": "KERALA", "state_lgd": 32, "population": 14077, "households": 3100}, "geometry": {"type": "Polygon", "coordinates": [[[75.09921, 12.439810000000001], [75.10261000000001, 12.441580000000002], [75.10733, 12.43932], [75.11269, 12.44044], [75.11467, 12.439250000000001], [75.11581000000001, 12.434280000000001], [75.12007000000001, 12.43355], [75.12027, 12.434080000000002], [75.12282, 12.431650000000001], [75.1251, 12.43345], [75.12823, 12.43299], [75.12936, 12.431740000000001], [75.12852000000001, 12.42773], [75.12943, 12.425510000000001], [75.13558, 12.424790000000002], [75.13955, 12.421840000000001], [75.14194, 12.42176], [75.14621000000001, 12.42365], [75.1464, 12.41951], [75.15125, 12.419210000000001], [75.15404000000001, 12.42187], [75.15450000000001, 12.42369], [75.1564, 12.42486], [75.15736000000001, 12.423300000000001], [75.15683, 12.421360000000002], [75.15938000000001, 12.420670000000001], [75.16104, 12.422590000000001], [75.16319, 12.42351], [75.16509, 12.42759], [75.16815000000001, 12.428650000000001], [75.17128000000001, 12.427080000000002], [75.17014, 12.424970000000002], [75.17006, 12.42205], [75.17102000000001, 12.420390000000001], [75.16996, 12.41829], [75.16782, 12.417480000000001], [75.1662, 12.415790000000001], [75.16516, 12.416360000000001], [75.15957, 12.41492], [75.15565000000001, 12.412980000000001], [75.15112, 12.40149], [75.14843, 12.40107], [75.14578, 12.399540000000002], [75.1414, 12.39638], [75.13984, 12.394340000000001], [75.13792000000001, 12.394390000000001], [75.13753000000001, 12.39559], [75.13002, 12.396930000000001], [75.12653, 12.395180000000002], [75.12613, 12.39362], [75.12088, 12.39037], [75.10643, 12.391300000000001], [75.10344, 12.39109], [75.10134000000001, 12.389990000000001], [75.09006000000001, 12.391150000000001], [75.08251, 12.390770000000002], [75.08763, 12.393580000000002], [75.0852, 12.398760000000001], [75.08562, 12.400210000000001], [75.08343, 12.40207], [75.0789, 12.421140000000001], [75.08675000000001, 12.433380000000001], [75.08841000000001, 12.44092], [75.09145000000001, 12.446010000000001], [75.09284000000001, 12.44476], [75.09137000000001, 12.44148], [75.09221000000001, 12.439340000000001], [75.09921, 12.439810000000001]]]}}, {"id": "46", "type": "Feature", "properties": {"village_name": "Cheemeni Ii", "vil_lgd": 627157, "district_name": "Kasaragod", "dist_lgd": 558, "subdistrict_name": "Vellarikkundu", "sdcode": 5933, "block_name": "Nileshwar", "block_lgd": 4.0, "gp_name": "Kinanoor-Karindalam", "state_name": "KERALA", "state_lgd": 32, "population": 1324, "households": 367}, "geometry": {"type": "Polygon", "coordinates": [[[75.26881, 12.29152], [75.26799000000001, 12.28612], [75.26439, 12.28195], [75.25951, 12.28006], [75.25694, 12.27735], [75.25353000000001, 12.270090000000001], [75.25218000000001, 12.269770000000001], [75.24327000000001, 12.27199], [75.23853000000001, 12.26773], [75.23513000000001, 12.267280000000001], [75.22680000000001, 12.2673], [75.22377, 12.268630000000002], [75.22375000000001, 12.271180000000001], [75.22564000000001, 12.275450000000001], [75.22514000000001, 12.27804], [75.2274, 12.278410000000001], [75.22944000000001, 12.277050000000001], [75.23008, 12.275830000000001], [75.22984000000001, 12.270340000000001], [75.23608, 12.27448], [75.24011, 12.27406], [75.24304000000001, 12.276570000000001], [75.24716000000001, 12.278480000000002], [75.24966, 12.27837], [75.24966, 12.279890000000002], [75.2532, 12.282160000000001], [75.25384000000001, 12.283430000000001], [75.26219, 12.286280000000001], [75.26530000000001, 12.29166], [75.26555, 12.29415], [75.26783, 12.29353], [75.26881, 12.29152]]]}}, {"id": "47", "type": "Feature", "properties": {"village_name": "Panayal", "vil_lgd": 627137, "district_name": "Kasaragod", "dist_lgd": 558, "subdistrict_name": "Hosdurg", "sdcode": 5631, "block_name": "Kanhangad", "block_lgd": 3.0, "gp_name": "Pallikkara", "state_name": "KERALA", "state_lgd": 32, "population": 19186, "households": 4291}, "geometry": {"type": "Polygon", "coordinates": [[[75.08593, 12.459480000000001], [75.08242, 12.460450000000002], [75.08145, 12.459240000000001], [75.08434000000001, 12.452990000000002], [75.08643000000001, 12.4511], [75.08387, 12.448300000000001], [75.08425000000001, 12.445400000000001], [75.08584, 12.44453], [75.08997000000001, 12.446180000000002], [75.09145000000001, 12.446010000000001], [75.08841000000001, 12.44092], [75.08675000000001, 12.433380000000001], [75.0789, 12.421140000000001], [75.08343, 12.40207], [75.08562, 12.400210000000001], [75.0852, 12.398760000000001], [75.08763, 12.393580000000002], [75.08251, 12.390770000000002], [75.07923000000001, 12.39066], [75.07703000000001, 12.39376], [75.07567, 12.393300000000002], [75.07445000000001, 12.38648], [75.07097, 12.38437], [75.06901, 12.389030000000002], [75.06499000000001, 12.38818], [75.06276000000001, 12.391850000000002], [75.05978, 12.391380000000002], [75.06067, 12.393360000000001], [75.05877000000001, 12.39431], [75.05717, 12.392790000000002], [75.05796000000001, 12.39174], [75.05767, 12.390770000000002], [75.05587000000001, 12.391190000000002], [75.05496000000001, 12.393250000000002], [75.0518, 12.392430000000001], [75.04933000000001, 12.39052], [75.04835, 12.399120000000002], [75.05135, 12.400580000000001], [75.05323, 12.39995], [75.05439000000001, 12.40446], [75.05319, 12.406], [75.05244, 12.41168], [75.04626, 12.40783], [75.04163000000001, 12.410120000000001], [75.03896, 12.413400000000001], [75.0403, 12.413910000000001], [75.04085, 12.41515], [75.04, 12.418000000000001], [75.04045, 12.419490000000001], [75.04367, 12.419630000000002], [75.04649, 12.423770000000001], [75.04579000000001, 12.430140000000002], [75.04893000000001, 12.430660000000001], [75.05073, 12.43332], [75.05394000000001, 12.43485], [75.05277000000001, 12.437520000000001], [75.05304000000001, 12.4402], [75.06269, 12.447040000000001], [75.05990000000001, 12.45447], [75.06571000000001, 12.45706], [75.06891, 12.457440000000002], [75.07103000000001, 12.45883], [75.07614000000001, 12.46352], [75.08105, 12.469660000000001], [75.08531, 12.47249], [75.0856, 12.469190000000001], [75.08924, 12.466690000000002], [75.08988000000001, 12.46291], [75.08930000000001, 12.46202], [75.08593, 12.459480000000001]]]}}, {"id": "48", "type": "Feature", "properties": {"village_name": "Chithari", "vil_lgd": 627138, "district_name": "Kasaragod", "dist_lgd": 558, "subdistrict_name": "Hosdurg", "sdcode": 5631, "block_name": "Kanhangad", "block_lgd": 3.0, "gp_name": "Ajanur", "state_name": "KERALA", "state_lgd": 32, "population": 16074, "households": 3308}, "geometry": {"type": "Polygon", "coordinates": [[[75.08290000000001, 12.389940000000001], [75.08992, 12.38963], [75.09477000000001, 12.386360000000002], [75.0965, 12.374390000000002], [75.09637000000001, 12.36757], [75.09079000000001, 12.364680000000002], [75.07843000000001, 12.3604], [75.07881, 12.35669], [75.07719, 12.354460000000001], [75.07499, 12.354600000000001], [75.07333000000001, 12.35246], [75.07015000000001, 12.352900000000002], [75.07001000000001, 12.349710000000002], [75.06812000000001, 12.34903], [75.06655, 12.34637], [75.06504000000001, 12.34609], [75.05905, 12.347700000000001], [75.05211000000001, 12.362520000000002], [75.05499, 12.36672], [75.05720000000001, 12.367090000000001], [75.06132000000001, 12.370920000000002], [75.06135, 12.373080000000002], [75.05763, 12.37616], [75.05973, 12.379230000000002], [75.06169000000001, 12.379010000000001], [75.06292, 12.38053], [75.06701000000001, 12.381580000000001], [75.07097, 12.38437], [75.07445000000001, 12.38648], [75.07567, 12.393300000000002], [75.07703000000001, 12.39376], [75.07923000000001, 12.39066], [75.08251, 12.390770000000002], [75.08290000000001, 12.389940000000001]]]}}, {"id": "49", "type": "Feature", "properties": {"village_name": "Pullur", "vil_lgd": 627140, "district_name": "Kasaragod", "dist_lgd": 558, "subdistrict_name": "Hosdurg", "sdcode": 5631, "block_name": "Kanhangad", "block_lgd": 3.0, "gp_name": "Pullur-Periya", "state_name": "KERALA", "state_lgd": 32, "population": 15565, "households": 3667}, "geometry": {"type": "Polygon", "coordinates": [[[75.17075000000001, 12.41275], [75.16546000000001, 12.40712], [75.16826, 12.40187], [75.17404, 12.400440000000001], [75.17185, 12.398470000000001], [75.17062, 12.39559], [75.17001, 12.390580000000002], [75.17097000000001, 12.38746], [75.16542000000001, 12.38521], [75.16582000000001, 12.38779], [75.16319, 12.393730000000001], [75.15884000000001, 12.393790000000001], [75.14855, 12.39005], [75.14334000000001, 12.38756], [75.14319, 12.385950000000001], [75.14236000000001, 12.385470000000002], [75.13827, 12.38414], [75.13784000000001, 12.38329], [75.13969, 12.383080000000001], [75.13997, 12.380170000000001], [75.13502000000001, 12.373850000000001], [75.13561, 12.36791], [75.1314, 12.357790000000001], [75.12462000000001, 12.35646], [75.12179, 12.356760000000001], [75.12219, 12.354370000000001], [75.12145000000001, 12.35313], [75.11701000000001, 12.349260000000001], [75.11267000000001, 12.352640000000001], [75.10987, 12.34988], [75.1079, 12.349300000000001], [75.10682000000001, 12.35003], [75.10494, 12.34984], [75.10229000000001, 12.348080000000001], [75.10155, 12.349590000000001], [75.09843000000001, 12.35086], [75.09498, 12.348400000000002], [75.08799, 12.34918], [75.08608000000001, 12.34749], [75.08401, 12.348300000000002], [75.08281000000001, 12.349760000000002], [75.08084000000001, 12.349240000000002], [75.08068, 12.35002], [75.08367000000001, 12.35209], [75.08651, 12.35255], [75.087, 12.353940000000001], [75.08598, 12.355400000000001], [75.08665, 12.35734], [75.08943000000001, 12.355770000000001], [75.09469, 12.36439], [75.09637000000001, 12.36757], [75.0965, 12.374390000000002], [75.09477000000001, 12.386360000000002], [75.08992, 12.38963], [75.08290000000001, 12.389940000000001], [75.08251, 12.390770000000002], [75.09006000000001, 12.391150000000001], [75.10134000000001, 12.389990000000001], [75.10344, 12.39109], [75.10643, 12.391300000000001], [75.12088, 12.39037], [75.12613, 12.39362], [75.12653, 12.395180000000002], [75.13002, 12.396930000000001], [75.13753000000001, 12.39559], [75.13792000000001, 12.394390000000001], [75.13984, 12.394340000000001], [75.1414, 12.39638], [75.14578, 12.399540000000002], [75.14843, 12.40107], [75.15112, 12.40149], [75.15565000000001, 12.412980000000001], [75.15957, 12.41492], [75.16516, 12.416360000000001], [75.1662, 12.415790000000001], [75.16782, 12.417480000000001], [75.16996, 12.41829], [75.16963000000001, 12.416430000000002], [75.17075000000001, 12.41275]]]}}, {"id": "50", "type": "Feature", "properties": {"village_name": "Udinoor", "vil_lgd": 627164, "district_name": "Kasaragod", "dist_lgd": 558, "subdistrict_name": "Hosdurg", "sdcode": 5631, "block_name": "Nileshwar", "block_lgd": 4.0, "gp_name": "Padne,Valiyaparamba", "state_name": "KERALA", "state_lgd": 32, "population": 11401, "households": 2621}, "geometry": {"type": "Polygon", "coordinates": [[[75.16179000000001, 12.176440000000001], [75.16171, 12.1721], [75.16421000000001, 12.169360000000001], [75.16608000000001, 12.16971], [75.16818, 12.173330000000002], [75.17377, 12.172360000000001], [75.17760000000001, 12.15811], [75.17751000000001, 12.15361], [75.17171, 12.153410000000001], [75.16491, 12.149780000000002], [75.16035000000001, 12.149320000000001], [75.15651000000001, 12.14797], [75.16475000000001, 12.13493], [75.16611, 12.13133], [75.16635000000001, 12.127930000000001], [75.16353000000001, 12.12029], [75.16469000000001, 12.11705], [75.16465000000001, 12.113150000000001], [75.16189, 12.110240000000001], [75.15666, 12.108200000000002], [75.14337, 12.141280000000002], [75.15065000000001, 12.146600000000001], [75.15019000000001, 12.16192], [75.15195, 12.167660000000001], [75.15352, 12.168880000000001], [75.15671, 12.174240000000001], [75.15698, 12.177740000000002], [75.15874000000001, 12.17778], [75.15984, 12.18138], [75.16118, 12.181560000000001], [75.16105, 12.17811], [75.16179000000001, 12.176440000000001]]]}}, {"id": "51", "type": "Feature", "properties": {"village_name": "Hosabettu CT", "vil_lgd": 627123, "district_name": "Kasaragod", "dist_lgd": 558, "subdistrict_name": "Manjeswaram", "sdcode": 5932, "block_name": "", "block_lgd": null, "gp_name": "", "state_name": "KERALA", "state_lgd": 32, "population": 5179, "households": 927}, "geometry": {"type": "Polygon", "coordinates": [[[74.90058, 12.720180000000001], [74.90400000000001, 12.716700000000001], [74.90400000000001, 12.71424], [74.90196, 12.71512], [74.89217000000001, 12.712470000000001], [74.88524000000001, 12.712180000000002], [74.88482, 12.709270000000002], [74.88233000000001, 12.71325], [74.87944, 12.72136], [74.88332000000001, 12.724210000000001], [74.88509, 12.71939], [74.88614000000001, 12.720180000000001], [74.88903, 12.717580000000002], [74.88919, 12.718840000000002], [74.89144, 12.720500000000001], [74.89088000000001, 12.72413], [74.89200000000001, 12.72705], [74.89047000000001, 12.72808], [74.89055, 12.72902], [74.89256, 12.730210000000001], [74.89529, 12.729180000000001], [74.89617000000001, 12.73037], [74.90058, 12.720180000000001]]]}}, {"id": "52", "type": "Feature", "properties": {"village_name": "Kolathur", "vil_lgd": 627113, "district_name": "Kasaragod", "dist_lgd": 558, "subdistrict_name": "Kasaragod", "sdcode": 5630, "block_name": "Kasaragod", "block_lgd": 2.0, "gp_name": "Bedadka", "state_name": "KERALA", "state_lgd": 32, "population": 5780, "households": 1331}, "geometry": {"type": "Polygon", "coordinates": [[[75.11407000000001, 12.478750000000002], [75.11531000000001, 12.475060000000001], [75.11762, 12.47281], [75.11890000000001, 12.471850000000002], [75.11941, 12.470160000000002], [75.11679000000001, 12.466370000000001], [75.11464000000001, 12.465700000000002], [75.11433000000001, 12.464490000000001], [75.11516, 12.46366], [75.11453, 12.460550000000001], [75.11165000000001, 12.45789], [75.11380000000001, 12.453830000000002], [75.11635000000001, 12.454130000000001], [75.11784, 12.457400000000002], [75.11906, 12.45719], [75.11888, 12.454160000000002], [75.12031, 12.45237], [75.11748, 12.452520000000002], [75.11588, 12.451340000000002], [75.11778000000001, 12.44879], [75.11697000000001, 12.44466], [75.11912000000001, 12.44265], [75.11905, 12.439670000000001], [75.12256000000001, 12.43697], [75.12027, 12.434080000000002], [75.12007000000001, 12.43355], [75.11581000000001, 12.434280000000001], [75.11467, 12.439250000000001], [75.11269, 12.44044], [75.10733, 12.43932], [75.10261000000001, 12.441580000000002], [75.09921, 12.439810000000001], [75.09221000000001, 12.439340000000001], [75.09137000000001, 12.44148], [75.09284000000001, 12.44476], [75.09145000000001, 12.446010000000001], [75.08997000000001, 12.446180000000002], [75.08584, 12.44453], [75.08425000000001, 12.445400000000001], [75.08387, 12.448300000000001], [75.08643000000001, 12.4511], [75.08434000000001, 12.452990000000002], [75.08145, 12.459240000000001], [75.08242, 12.460450000000002], [75.08593, 12.459480000000001], [75.08930000000001, 12.46202], [75.08988000000001, 12.46291], [75.08924, 12.466690000000002], [75.0856, 12.469190000000001], [75.08531, 12.47249], [75.08568000000001, 12.47291], [75.08483000000001, 12.473550000000001], [75.08068, 12.47356], [75.07907, 12.474290000000002], [75.08033, 12.478110000000001], [75.07824000000001, 12.482700000000001], [75.09398, 12.48384], [75.09668, 12.488000000000001], [75.09577, 12.491510000000002], [75.09836, 12.493710000000002], [75.10054000000001, 12.493010000000002], [75.10551000000001, 12.48596], [75.10943, 12.48474], [75.11407000000001, 12.478750000000002]]]}}, {"id": "53", "type": "Feature", "properties": {"village_name": "Pallikkara Ii", "vil_lgd": 627136, "district_name": "Kasaragod", "dist_lgd": 558, "subdistrict_name": "Hosdurg", "sdcode": 5631, "block_name": "Kanhangad", "block_lgd": 3.0, "gp_name": "Udma", "state_name": "KERALA", "state_lgd": 32, "population": 16618, "households": 3106}, "geometry": {"type": "Polygon", "coordinates": [[[75.04649, 12.423770000000001], [75.04367, 12.419630000000002], [75.04045, 12.419490000000001], [75.04, 12.418000000000001], [75.04085, 12.41515], [75.0403, 12.413910000000001], [75.03896, 12.413400000000001], [75.03743, 12.41258], [75.03558000000001, 12.40812], [75.03173000000001, 12.40619], [75.02725000000001, 12.39916], [75.01924000000001, 12.415640000000002], [75.01876, 12.41628], [75.01484, 12.41666], [75.01293000000001, 12.42154], [75.02053000000001, 12.424940000000001], [75.02161000000001, 12.42392], [75.02435000000001, 12.424570000000001], [75.02352, 12.435530000000002], [75.02531, 12.43612], [75.02689000000001, 12.4389], [75.02848, 12.438970000000001], [75.03276000000001, 12.43321], [75.03452, 12.432200000000002], [75.03800000000001, 12.43166], [75.04067, 12.429860000000001], [75.04579000000001, 12.430140000000002], [75.04649, 12.423770000000001]]]}}, {"id": "54", "type": "Feature", "properties": {"village_name": "Kanhangad", "vil_lgd": 252110, "district_name": "Kasaragod", "dist_lgd": 558, "subdistrict_name": "Hosdurg", "sdcode": 5631, "block_name": "", "block_lgd": 0.0, "gp_name": "", "state_name": "KERALA", "state_lgd": 32, "population": 125564, "households": 27579}, "geometry": {"type": "Polygon", "coordinates": [[[75.14169000000001, 12.279150000000001], [75.13264000000001, 12.27006], [75.13367000000001, 12.26717], [75.13276, 12.2657], [75.12884000000001, 12.265120000000001], [75.12459000000001, 12.26941], [75.12083000000001, 12.270740000000002], [75.12007000000001, 12.265440000000002], [75.11665, 12.25557], [75.11239, 12.253960000000001], [75.11209000000001, 12.250140000000002], [75.10923000000001, 12.24572], [75.10712000000001, 12.244990000000001], [75.10562, 12.241750000000001], [75.10582000000001, 12.236130000000001], [75.09703, 12.260330000000002], [75.07194000000001, 12.31924], [75.07824000000001, 12.32272], [75.07956, 12.32492], [75.08105, 12.324840000000002], [75.08334, 12.3275], [75.08466, 12.3267], [75.08802, 12.32895], [75.0913, 12.327430000000001], [75.09194000000001, 12.328650000000001], [75.09326, 12.328240000000001], [75.09504000000001, 12.329630000000002], [75.09727000000001, 12.327430000000001], [75.10021, 12.327160000000001], [75.10198000000001, 12.328660000000001], [75.10678, 12.329830000000001], [75.11014, 12.32962], [75.11401000000001, 12.33103], [75.11657000000001, 12.33206], [75.11998000000001, 12.33802], [75.12155, 12.335600000000001], [75.12449000000001, 12.32985], [75.13488000000001, 12.31981], [75.12388, 12.31919], [75.11923, 12.31577], [75.11609, 12.315270000000002], [75.11706000000001, 12.313550000000001], [75.11641, 12.31277], [75.11384000000001, 12.31366], [75.10921, 12.311570000000001], [75.10705, 12.30935], [75.10699000000001, 12.308230000000002], [75.10823, 12.30718], [75.10986000000001, 12.30935], [75.11500000000001, 12.309410000000002], [75.11684000000001, 12.306080000000001], [75.12211, 12.30048], [75.13198000000001, 12.28683], [75.13602, 12.28255], [75.13892000000001, 12.28175], [75.13907, 12.279810000000001], [75.14620000000001, 12.280230000000001], [75.14169000000001, 12.279150000000001]]]}}, {"id": "55", "type": "Feature", "properties": {"village_name": "Patla", "vil_lgd": 627099, "district_name": "Kasaragod", "dist_lgd": 558, "subdistrict_name": "Kasaragod", "sdcode": 5630, "block_name": "Kasaragod", "block_lgd": 2.0, "gp_name": "Madhur", "state_name": "KERALA", "state_lgd": 32, "population": 5481, "households": 982}, "geometry": {"type": "Polygon", "coordinates": [[[75.00483000000001, 12.574700000000002], [75.00661000000001, 12.57524], [75.00716000000001, 12.577390000000001], [75.01065000000001, 12.57604], [75.01441000000001, 12.56924], [75.01735000000001, 12.56864], [75.00669, 12.559280000000001], [74.99759, 12.556560000000001], [74.99667000000001, 12.55991], [74.99476, 12.56146], [74.99327000000001, 12.561300000000001], [74.99268000000001, 12.563020000000002], [74.99201000000001, 12.56498], [74.99318000000001, 12.566450000000001], [74.99334, 12.569640000000001], [74.99226, 12.570060000000002], [74.99146, 12.57196], [74.99179000000001, 12.573350000000001], [74.9989, 12.57843], [75.00271000000001, 12.576110000000002], [75.00483000000001, 12.574700000000002]]]}}, {"id": "56", "type": "Feature", "properties": {"village_name": "Bellur", "vil_lgd": 627109, "district_name": "Kasaragod", "dist_lgd": 558, "subdistrict_name": "Kasaragod", "sdcode": 5630, "block_name": "Manjeshwar", "block_lgd": 1.0, "gp_name": "Bellur", "state_name": "KERALA", "state_lgd": 32, "population": 3936, "households": 773}, "geometry": {"type": "Polygon", "coordinates": [[[75.15389, 12.60509], [75.15944, 12.60438], [75.15944, 12.59533], [75.165, 12.598400000000002], [75.16971000000001, 12.59937], [75.17442000000001, 12.59603], [75.17698, 12.59645], [75.17998, 12.594920000000002], [75.1834, 12.594500000000002], [75.18611, 12.59519], [75.18839000000001, 12.592550000000001], [75.19212, 12.585020000000002], [75.19164, 12.58267], [75.18960000000001, 12.581380000000001], [75.18793000000001, 12.582320000000001], [75.18781000000001, 12.576680000000001], [75.18374, 12.57469], [75.18314000000001, 12.57516], [75.18243000000001, 12.573390000000002], [75.18051000000001, 12.57304], [75.17932, 12.575280000000001], [75.17370000000001, 12.57646], [75.17036, 12.578100000000001], [75.16844, 12.582210000000002], [75.15984, 12.58422], [75.15494000000001, 12.5837], [75.14777000000001, 12.589860000000002], [75.14539, 12.59603], [75.13988, 12.59551], [75.13952, 12.596800000000002], [75.14120000000001, 12.597740000000002], [75.14110000000001, 12.600740000000002], [75.1448, 12.602620000000002], [75.14528, 12.601680000000002], [75.14923, 12.604970000000002], [75.15138, 12.605440000000002], [75.15389, 12.60509]]]}}, {"id": "57", "type": "Feature", "properties": {"village_name": "Pady", "vil_lgd": 627104, "district_name": "Kasaragod", "dist_lgd": 558, "subdistrict_name": "Kasaragod", "sdcode": 5630, "block_name": "Kasaragod", "block_lgd": 2.0, "gp_name": "Chengala", "state_name": "KERALA", "state_lgd": 32, "population": 8016, "households": 1564}, "geometry": {"type": "Polygon", "coordinates": [[[75.08843, 12.53006], [75.08693000000001, 12.52602], [75.08946, 12.52293], [75.08912000000001, 12.522120000000001], [75.08433000000001, 12.521320000000001], [75.0844, 12.518300000000002], [75.08194, 12.51702], [75.08052, 12.514740000000002], [75.07819, 12.51487], [75.07525000000001, 12.51641], [75.07519, 12.51823], [75.07060000000001, 12.51884], [75.06951000000001, 12.519580000000001], [75.06978000000001, 12.52072], [75.06753, 12.521260000000002], [75.06698, 12.520180000000002], [75.06514, 12.52153], [75.06376, 12.519110000000001], [75.0639, 12.51796], [75.06131, 12.517430000000001], [75.06158, 12.51501], [75.06241, 12.514220000000002], [75.05433000000001, 12.513800000000002], [75.04989, 12.517030000000002], [75.0488, 12.52067], [75.04736000000001, 12.521680000000002], [75.04538000000001, 12.526180000000002], [75.04613, 12.527460000000001], [75.04421, 12.528], [75.04141, 12.52612], [75.04039, 12.526320000000002], [75.04052, 12.527590000000002], [75.03868, 12.527660000000001], [75.03943000000001, 12.53165], [75.04292000000001, 12.533470000000001], [75.05099000000001, 12.54456], [75.05671000000001, 12.546940000000001], [75.05857, 12.54611], [75.06526000000001, 12.547930000000001], [75.06580000000001, 12.55023], [75.06935, 12.54385], [75.08005, 12.535960000000001], [75.08953000000001, 12.530330000000001], [75.08843, 12.53006]]]}}, {"id": "58", "type": "Feature", "properties": {"village_name": "Karadka", "vil_lgd": 627111, "district_name": "Kasaragod", "dist_lgd": 558, "subdistrict_name": "Kasaragod", "sdcode": 5630, "block_name": "Kasaragod", "block_lgd": 2.0, "gp_name": "Karadka", "state_name": "KERALA", "state_lgd": 32, "population": 9613, "households": 2158}, "geometry": {"type": "Polygon", "coordinates": [[[75.16173, 12.551330000000002], [75.16420000000001, 12.550210000000002], [75.16439000000001, 12.548910000000001], [75.16699000000001, 12.54789], [75.16833000000001, 12.549800000000001], [75.17111000000001, 12.548900000000001], [75.17477000000001, 12.54953], [75.17677, 12.551520000000002], [75.17853000000001, 12.551940000000002], [75.17865, 12.553350000000002], [75.18106, 12.551810000000001], [75.18271, 12.55005], [75.18348, 12.54611], [75.18241, 12.544820000000001], [75.18396000000001, 12.53753], [75.17483, 12.531690000000001], [75.17518000000001, 12.53054], [75.17378000000001, 12.52795], [75.17381, 12.52565], [75.17072, 12.517710000000001], [75.17183, 12.51594], [75.17112, 12.514800000000001], [75.17163000000001, 12.51321], [75.17109, 12.509570000000002], [75.17233, 12.50711], [75.17206, 12.50576], [75.16781, 12.505370000000001], [75.161, 12.503120000000001], [75.15979, 12.498880000000002], [75.15566000000001, 12.49323], [75.15333000000001, 12.491660000000001], [75.14982, 12.496400000000001], [75.14811, 12.496670000000002], [75.14802, 12.499550000000001], [75.14668, 12.501690000000002], [75.14916000000001, 12.50679], [75.14935000000001, 12.508830000000001], [75.14802, 12.511800000000001], [75.14725, 12.511800000000001], [75.14573, 12.509670000000002], [75.14478000000001, 12.50614], [75.14307000000001, 12.505680000000002], [75.14165000000001, 12.50614], [75.1405, 12.50985], [75.13946, 12.510040000000002], [75.13727, 12.504100000000001], [75.13632000000001, 12.50364], [75.1349, 12.504560000000001], [75.13423, 12.50661], [75.12938000000001, 12.509760000000002], [75.12976, 12.51218], [75.13119, 12.513010000000001], [75.13309000000001, 12.513290000000001], [75.13451, 12.51162], [75.13480000000001, 12.509480000000002], [75.13832000000001, 12.51153], [75.1367, 12.513660000000002], [75.14383000000001, 12.516350000000001], [75.14535000000001, 12.51993], [75.14249000000001, 12.5197], [75.14177000000001, 12.519000000000002], [75.13341000000001, 12.521700000000001], [75.13066, 12.526990000000001], [75.12899, 12.527930000000001], [75.12683000000001, 12.52758], [75.11929, 12.534130000000001], [75.12204000000001, 12.539480000000001], [75.12481000000001, 12.53959], [75.12791, 12.538530000000002], [75.12612, 12.542290000000001], [75.12144, 12.54653], [75.12294, 12.548050000000002], [75.12433, 12.548050000000002], [75.12601000000001, 12.550980000000001], [75.12493, 12.551810000000001], [75.12294, 12.551210000000001], [75.11984000000001, 12.553210000000002], [75.12097, 12.556680000000002], [75.12624000000001, 12.558700000000002], [75.12874000000001, 12.559790000000001], [75.13389000000001, 12.560730000000001], [75.13675, 12.56038], [75.1444, 12.56249], [75.14584, 12.56131], [75.15253000000001, 12.56154], [75.15373000000001, 12.5606], [75.15432000000001, 12.561190000000002], [75.15612, 12.5606], [75.15672, 12.557670000000002], [75.16006, 12.55343], [75.16173, 12.551330000000002]]]}}, {"id": "59", "type": "Feature", "properties": {"village_name": "Kayyur", "vil_lgd": 627159, "district_name": "Kasaragod", "dist_lgd": 558, "subdistrict_name": "Hosdurg", "sdcode": 5631, "block_name": "Nileshwar", "block_lgd": 4.0, "gp_name": "Kayyur-Cheemeni", "state_name": "KERALA", "state_lgd": 32, "population": 6450, "households": 1788}, "geometry": {"type": "Polygon", "coordinates": [[[75.21739000000001, 12.275400000000001], [75.22179000000001, 12.280560000000001], [75.22435, 12.27946], [75.22514000000001, 12.27804], [75.22564000000001, 12.275450000000001], [75.22375000000001, 12.271180000000001], [75.22377, 12.268630000000002], [75.22680000000001, 12.2673], [75.23513000000001, 12.267280000000001], [75.23536, 12.265460000000001], [75.2376, 12.264510000000001], [75.23793, 12.26365], [75.23605, 12.2565], [75.23076, 12.253910000000001], [75.22952000000001, 12.251290000000001], [75.21845, 12.244200000000001], [75.21427, 12.24383], [75.21311, 12.242680000000002], [75.21347, 12.238900000000001], [75.21552000000001, 12.237670000000001], [75.21436, 12.236790000000001], [75.21444000000001, 12.236], [75.21605000000001, 12.23521], [75.21730000000001, 12.233360000000001], [75.21712000000001, 12.230200000000002], [75.21922, 12.22835], [75.21853, 12.22658], [75.21828000000001, 12.227120000000001], [75.20962, 12.234770000000001], [75.19765000000001, 12.241900000000001], [75.19757000000001, 12.24261], [75.19042, 12.244370000000002], [75.19323, 12.247520000000002], [75.18938, 12.247230000000002], [75.18597000000001, 12.256070000000001], [75.18527, 12.260100000000001], [75.18653, 12.265310000000001], [75.18393, 12.26463], [75.18012, 12.26495], [75.17421, 12.260570000000001], [75.17074000000001, 12.260860000000001], [75.16810000000001, 12.262340000000002], [75.16714, 12.263300000000001], [75.16856, 12.264410000000002], [75.1705, 12.26931], [75.17564, 12.27153], [75.17615, 12.27035], [75.17732000000001, 12.27022], [75.18341000000001, 12.2735], [75.19781, 12.275640000000001], [75.20446000000001, 12.280790000000001], [75.20736000000001, 12.28044], [75.2155, 12.275630000000001], [75.21739000000001, 12.275400000000001]]]}}, {"id": "60", "type": "Feature", "properties": {"village_name": "Manjeshwar CT", "vil_lgd": 627122, "district_name": "Kasaragod", "dist_lgd": 558, "subdistrict_name": "Manjeswaram", "sdcode": 5932, "block_name": "", "block_lgd": null, "gp_name": "", "state_name": "KERALA", "state_lgd": 32, "population": 8742, "households": 1681}, "geometry": {"type": "Polygon", "coordinates": [[[74.89112, 12.738330000000001], [74.90091000000001, 12.740710000000002], [74.89617000000001, 12.73037], [74.89529, 12.729180000000001], [74.89256, 12.730210000000001], [74.89055, 12.72902], [74.89047000000001, 12.72808], [74.89200000000001, 12.72705], [74.89088000000001, 12.72413], [74.89144, 12.720500000000001], [74.88919, 12.718840000000002], [74.88903, 12.717580000000002], [74.88614000000001, 12.720180000000001], [74.88509, 12.71939], [74.88332000000001, 12.724210000000001], [74.87944, 12.72136], [74.87585, 12.730910000000002], [74.87651000000001, 12.733630000000002], [74.87862000000001, 12.73539], [74.87576, 12.735980000000001], [74.87952, 12.736860000000002], [74.88690000000001, 12.741410000000002], [74.88871, 12.741700000000002], [74.88886000000001, 12.739650000000001], [74.89112, 12.738330000000001]]]}}, {"id": "61", "type": "Feature", "properties": {"village_name": "Karindalam", "vil_lgd": 627156, "district_name": "Kasaragod", "dist_lgd": 558, "subdistrict_name": "Vellarikkundu", "sdcode": 5933, "block_name": "Nileshwar", "block_lgd": 4.0, "gp_name": "Kinanoor-Karindalam", "state_name": "KERALA", "state_lgd": 32, "population": 6602, "households": 1661}, "geometry": {"type": "Polygon", "coordinates": [[[75.27475000000001, 12.315710000000001], [75.27886000000001, 12.315100000000001], [75.27849, 12.311140000000002], [75.27667000000001, 12.306460000000001], [75.2707, 12.299560000000001], [75.26783, 12.29353], [75.26555, 12.29415], [75.26530000000001, 12.29166], [75.26219, 12.286280000000001], [75.25384000000001, 12.283430000000001], [75.2532, 12.282160000000001], [75.24966, 12.279890000000002], [75.24966, 12.27837], [75.24716000000001, 12.278480000000002], [75.24304000000001, 12.276570000000001], [75.24011, 12.27406], [75.23608, 12.27448], [75.22984000000001, 12.270340000000001], [75.23008, 12.275830000000001], [75.22944000000001, 12.277050000000001], [75.2274, 12.278410000000001], [75.22514000000001, 12.27804], [75.22435, 12.27946], [75.22179000000001, 12.280560000000001], [75.21739000000001, 12.275400000000001], [75.2155, 12.275630000000001], [75.20736000000001, 12.28044], [75.20446000000001, 12.280790000000001], [75.20309, 12.28317], [75.20053, 12.28156], [75.19789, 12.281640000000001], [75.19721000000001, 12.28307], [75.19333, 12.285340000000001], [75.19049000000001, 12.29016], [75.19838, 12.288770000000001], [75.2042, 12.292280000000002], [75.20893000000001, 12.29006], [75.21024000000001, 12.290600000000001], [75.21173, 12.293030000000002], [75.21923000000001, 12.293690000000002], [75.22138000000001, 12.292470000000002], [75.22343000000001, 12.293460000000001], [75.22502, 12.29598], [75.22873000000001, 12.295350000000001], [75.23133, 12.29616], [75.23306000000001, 12.294720000000002], [75.23293000000001, 12.298530000000001], [75.23393, 12.301590000000001], [75.23834000000001, 12.303180000000001], [75.24042, 12.302370000000002], [75.24114, 12.30114], [75.24217, 12.30145], [75.24233000000001, 12.306540000000002], [75.24598, 12.30854], [75.24812, 12.30807], [75.2517, 12.312920000000002], [75.25385, 12.318800000000001], [75.25501000000001, 12.319070000000002], [75.25438000000001, 12.315990000000001], [75.25617000000001, 12.31432], [75.25545000000001, 12.31362], [75.25652000000001, 12.31362], [75.25893, 12.31432], [75.26743, 12.321430000000001], [75.27029, 12.314860000000001], [75.27475000000001, 12.315710000000001]]]}}, {"id": "62", "type": "Feature", "properties": {"village_name": "West Eleri", "vil_lgd": 627147, "district_name": "Kasaragod", "dist_lgd": 558, "subdistrict_name": "Vellarikkundu", "sdcode": 5933, "block_name": "Nileshwar", "block_lgd": 4.0, "gp_name": "West Eleri", "state_name": "KERALA", "state_lgd": 32, "population": 10656, "households": 2656}, "geometry": {"type": "Polygon", "coordinates": [[[75.35049000000001, 12.36344], [75.35113000000001, 12.36256], [75.35384, 12.364830000000001], [75.35487, 12.364450000000001], [75.35435000000001, 12.362680000000001], [75.35486, 12.361160000000002], [75.35962, 12.35824], [75.36027, 12.35988], [75.35912, 12.36419], [75.35976000000001, 12.364700000000001], [75.36439, 12.363050000000001], [75.36578, 12.366670000000001], [75.36864, 12.367540000000002], [75.37207000000001, 12.36706], [75.37574000000001, 12.36344], [75.37819, 12.358530000000002], [75.38226, 12.35435], [75.38381000000001, 12.35129], [75.38998000000001, 12.346260000000001], [75.38948, 12.33951], [75.38449, 12.338220000000002], [75.38302, 12.338790000000001], [75.38179000000001, 12.33783], [75.37918, 12.33848], [75.37526000000001, 12.33768], [75.36962000000001, 12.33439], [75.36602, 12.334950000000001], [75.36341, 12.33697], [75.35745, 12.33392], [75.35385000000001, 12.331280000000001], [75.35155, 12.32806], [75.34747, 12.326300000000002], [75.34469, 12.327340000000001], [75.34265, 12.326300000000002], [75.34052000000001, 12.32679], [75.33846000000001, 12.325180000000001], [75.33543, 12.326680000000001], [75.33328, 12.32501], [75.3331, 12.32281], [75.33515000000001, 12.3214], [75.33622000000001, 12.31947], [75.33434000000001, 12.31868], [75.3288, 12.31938], [75.32523, 12.31807], [75.32182, 12.31817], [75.31977, 12.319120000000002], [75.31964, 12.32272], [75.31509000000001, 12.322790000000001], [75.31169000000001, 12.324050000000002], [75.30874, 12.3238], [75.29423000000001, 12.327100000000002], [75.28887, 12.32675], [75.28668, 12.33013], [75.29045, 12.333990000000002], [75.29151, 12.334140000000001], [75.29167000000001, 12.336640000000001], [75.28963, 12.338410000000001], [75.28579, 12.339300000000001], [75.28498, 12.34139], [75.28342, 12.34204], [75.28383000000001, 12.3434], [75.28237, 12.34631], [75.28736, 12.350800000000001], [75.29022, 12.34847], [75.29447, 12.35144], [75.29422000000001, 12.35313], [75.29627, 12.354410000000001], [75.29595, 12.355860000000002], [75.29431000000001, 12.357470000000001], [75.29562, 12.358590000000001], [75.29595, 12.36189], [75.29799000000001, 12.362200000000001], [75.30297, 12.36067], [75.3118, 12.36106], [75.31573, 12.362100000000002], [75.3173, 12.3641], [75.32075, 12.362720000000001], [75.33968, 12.36485], [75.34212000000001, 12.36561], [75.34342000000001, 12.36776], [75.34573, 12.368390000000002], [75.34715, 12.368260000000001], [75.351, 12.365340000000002], [75.35049000000001, 12.36344]]]}}, {"id": "63", "type": "Feature", "properties": {"village_name": "Parappa", "vil_lgd": 627151, "district_name": "Kasaragod", "dist_lgd": 558, "subdistrict_name": "Vellarikkundu", "sdcode": 5933, "block_name": "Kanhangad", "block_lgd": 3.0, "gp_name": "Kodom-Bellur", "state_name": "KERALA", "state_lgd": 32, "population": 14137, "households": 3463}, "geometry": {"type": "Polygon", "coordinates": [[[75.2591, 12.3808], [75.26035, 12.378000000000002], [75.26329000000001, 12.374540000000001], [75.26132000000001, 12.371970000000001], [75.26255, 12.37157], [75.26140000000001, 12.369240000000001], [75.25936, 12.369480000000001], [75.25732, 12.368360000000001], [75.25813000000001, 12.36353], [75.2596, 12.36185], [75.26148, 12.361120000000001], [75.26302000000001, 12.35782], [75.26776000000001, 12.3571], [75.26899, 12.356050000000002], [75.27038, 12.35701], [75.27373, 12.357410000000002], [75.27585, 12.356280000000002], [75.27797000000001, 12.356440000000001], [75.28026000000001, 12.35796], [75.28279, 12.35828], [75.28353000000001, 12.360130000000002], [75.29595, 12.36189], [75.29562, 12.358590000000001], [75.29431000000001, 12.357470000000001], [75.29595, 12.355860000000002], [75.29627, 12.354410000000001], [75.29422000000001, 12.35313], [75.29447, 12.35144], [75.29022, 12.34847], [75.28736, 12.350800000000001], [75.28237, 12.34631], [75.28383000000001, 12.3434], [75.28342, 12.34204], [75.28498, 12.34139], [75.28579, 12.339300000000001], [75.28963, 12.338410000000001], [75.29167000000001, 12.336640000000001], [75.29151, 12.334140000000001], [75.29045, 12.333990000000002], [75.28668, 12.33013], [75.28887, 12.32675], [75.28101000000001, 12.322750000000001], [75.28118, 12.31853], [75.27886000000001, 12.315100000000001], [75.27475000000001, 12.315710000000001], [75.27029, 12.314860000000001], [75.26743, 12.321430000000001], [75.25893, 12.31432], [75.25652000000001, 12.31362], [75.25545000000001, 12.31362], [75.25617000000001, 12.31432], [75.25438000000001, 12.315990000000001], [75.25501000000001, 12.319070000000002], [75.25385, 12.318800000000001], [75.2517, 12.312920000000002], [75.24855000000001, 12.313070000000002], [75.24703000000001, 12.314750000000002], [75.24956, 12.319], [75.24932000000001, 12.330340000000001], [75.25031000000001, 12.336200000000002], [75.24958000000001, 12.33797], [75.24837000000001, 12.338080000000001], [75.24232, 12.335270000000001], [75.23974000000001, 12.33529], [75.2458, 12.34106], [75.24986000000001, 12.34219], [75.25021000000001, 12.345110000000002], [75.24995000000001, 12.346520000000002], [75.24753000000001, 12.346990000000002], [75.2476, 12.349400000000001], [75.24525000000001, 12.352010000000002], [75.24467, 12.354600000000001], [75.24244, 12.35513], [75.24122000000001, 12.354590000000002], [75.24011, 12.35575], [75.24236, 12.360510000000001], [75.24019000000001, 12.36176], [75.24004000000001, 12.363330000000001], [75.24303, 12.36523], [75.24354000000001, 12.367700000000001], [75.23936, 12.367650000000001], [75.23790000000001, 12.36964], [75.24512, 12.37451], [75.24489000000001, 12.37592], [75.24267, 12.377600000000001], [75.24098000000001, 12.38334], [75.2441, 12.384060000000002], [75.24782, 12.38667], [75.25068, 12.38362], [75.25109, 12.38137], [75.25289000000001, 12.38057], [75.2591, 12.3808]]]}}, {"id": "64", "type": "Feature", "properties": {"village_name": "Thayanur", "vil_lgd": 627152, "district_name": "Kasaragod", "dist_lgd": 558, "subdistrict_name": "Vellarikkundu", "sdcode": 5933, "block_name": "Kanhangad", "block_lgd": 3.0, "gp_name": "Kodom-Bellur", "state_name": "KERALA", "state_lgd": 32, "population": 11955, "households": 2917}, "geometry": {"type": "Polygon", "coordinates": [[[75.21176000000001, 12.371410000000001], [75.21867, 12.372700000000002], [75.22112, 12.371810000000002], [75.22236000000001, 12.370450000000002], [75.22460000000001, 12.359760000000001], [75.22979000000001, 12.361880000000001], [75.23559, 12.3688], [75.23790000000001, 12.36964], [75.23936, 12.367650000000001], [75.24354000000001, 12.367700000000001], [75.24303, 12.36523], [75.24004000000001, 12.363330000000001], [75.24019000000001, 12.36176], [75.24236, 12.360510000000001], [75.24011, 12.35575], [75.24122000000001, 12.354590000000002], [75.24244, 12.35513], [75.24467, 12.354600000000001], [75.24525000000001, 12.352010000000002], [75.2476, 12.349400000000001], [75.24753000000001, 12.346990000000002], [75.24995000000001, 12.346520000000002], [75.25021000000001, 12.345110000000002], [75.24986000000001, 12.34219], [75.2458, 12.34106], [75.23974000000001, 12.33529], [75.23832, 12.335840000000001], [75.23677, 12.335370000000001], [75.23216000000001, 12.332350000000002], [75.22923, 12.331460000000002], [75.22446000000001, 12.332450000000001], [75.22375000000001, 12.33056], [75.22165000000001, 12.329930000000001], [75.22247, 12.326080000000001], [75.22494, 12.324750000000002], [75.22424000000001, 12.321620000000001], [75.2215, 12.319350000000002], [75.21907, 12.31849], [75.21761000000001, 12.31652], [75.21058000000001, 12.31356], [75.21008, 12.30755], [75.20751, 12.307860000000002], [75.1992, 12.311890000000002], [75.19988000000001, 12.314440000000001], [75.19744, 12.313310000000001], [75.19762, 12.317730000000001], [75.19596, 12.319640000000001], [75.19676000000001, 12.32252], [75.19430000000001, 12.320590000000001], [75.19170000000001, 12.32116], [75.19054000000001, 12.32455], [75.19198, 12.328000000000001], [75.19037, 12.32999], [75.18697, 12.33051], [75.18967, 12.33473], [75.19348000000001, 12.334420000000001], [75.19117, 12.337980000000002], [75.19497000000001, 12.338320000000001], [75.19258, 12.3412], [75.18927000000001, 12.338220000000002], [75.1864, 12.33801], [75.18528, 12.339440000000002], [75.18401, 12.33966], [75.18138, 12.336590000000001], [75.17429, 12.33679], [75.17181000000001, 12.33514], [75.17313, 12.3397], [75.17153, 12.339970000000001], [75.16889, 12.337980000000002], [75.16698000000001, 12.33961], [75.16380000000001, 12.340100000000001], [75.15933000000001, 12.338980000000001], [75.15906000000001, 12.3421], [75.15568, 12.344780000000002], [75.15349, 12.348910000000002], [75.15494000000001, 12.350610000000001], [75.16386, 12.356440000000001], [75.16732, 12.362800000000002], [75.17133000000001, 12.363900000000001], [75.17596, 12.363370000000002], [75.17724000000001, 12.36397], [75.17975000000001, 12.36692], [75.18595, 12.37157], [75.19972, 12.371490000000001], [75.20491000000001, 12.372860000000001], [75.21000000000001, 12.37301], [75.21176000000001, 12.371410000000001]]]}}, {"id": "65", "type": "Feature", "properties": {"village_name": "Kinanoor", "vil_lgd": 627155, "district_name": "Kasaragod", "dist_lgd": 558, "subdistrict_name": "Vellarikkundu", "sdcode": 5933, "block_name": "Nileshwar", "block_lgd": 4.0, "gp_name": "Kinanoor-Karindalam", "state_name": "KERALA", "state_lgd": 32, "population": 9728, "households": 2517}, "geometry": {"type": "Polygon", "coordinates": [[[75.24932000000001, 12.330340000000001], [75.24956, 12.319], [75.24703000000001, 12.314750000000002], [75.24855000000001, 12.313070000000002], [75.2517, 12.312920000000002], [75.24812, 12.30807], [75.24598, 12.30854], [75.24233000000001, 12.306540000000002], [75.24217, 12.30145], [75.24114, 12.30114], [75.24042, 12.302370000000002], [75.23834000000001, 12.303180000000001], [75.23393, 12.301590000000001], [75.23293000000001, 12.298530000000001], [75.23306000000001, 12.294720000000002], [75.23133, 12.29616], [75.22873000000001, 12.295350000000001], [75.22502, 12.29598], [75.22343000000001, 12.293460000000001], [75.22138000000001, 12.292470000000002], [75.21923000000001, 12.293690000000002], [75.21173, 12.293030000000002], [75.21024000000001, 12.290600000000001], [75.20893000000001, 12.29006], [75.2042, 12.292280000000002], [75.19838, 12.288770000000001], [75.19049000000001, 12.29016], [75.19333, 12.285340000000001], [75.19721000000001, 12.28307], [75.19789, 12.281640000000001], [75.20053, 12.28156], [75.20309, 12.28317], [75.20446000000001, 12.280790000000001], [75.19781, 12.275640000000001], [75.18341000000001, 12.2735], [75.17732000000001, 12.27022], [75.17615, 12.27035], [75.17564, 12.27153], [75.17502, 12.273790000000002], [75.1697, 12.277830000000002], [75.16437, 12.281210000000002], [75.16680000000001, 12.282100000000002], [75.16897, 12.2811], [75.1709, 12.282140000000002], [75.17205000000001, 12.284500000000001], [75.17579, 12.285950000000001], [75.17543, 12.29213], [75.17631, 12.295850000000002], [75.18058, 12.297530000000002], [75.18392, 12.296080000000002], [75.18836, 12.29826], [75.1902, 12.30039], [75.19161000000001, 12.303790000000001], [75.19498, 12.30676], [75.19469000000001, 12.30935], [75.19703000000001, 12.309370000000001], [75.19744, 12.313310000000001], [75.19988000000001, 12.314440000000001], [75.1992, 12.311890000000002], [75.20751, 12.307860000000002], [75.21008, 12.30755], [75.21058000000001, 12.31356], [75.21761000000001, 12.31652], [75.21907, 12.31849], [75.2215, 12.319350000000002], [75.22424000000001, 12.321620000000001], [75.22494, 12.324750000000002], [75.22247, 12.326080000000001], [75.22165000000001, 12.329930000000001], [75.22375000000001, 12.33056], [75.22446000000001, 12.332450000000001], [75.22923, 12.331460000000002], [75.23216000000001, 12.332350000000002], [75.23677, 12.335370000000001], [75.23832, 12.335840000000001], [75.23974000000001, 12.33529], [75.24232, 12.335270000000001], [75.24837000000001, 12.338080000000001], [75.24958000000001, 12.33797], [75.25031000000001, 12.336200000000002], [75.24932000000001, 12.330340000000001]]]}}, {"id": "66", "type": "Feature", "properties": {"village_name": "Karivedakam", "vil_lgd": 627117, "district_name": "Kasaragod", "dist_lgd": 558, "subdistrict_name": "Kasaragod", "sdcode": 5630, "block_name": "Kasaragod", "block_lgd": 2.0, "gp_name": "Kuttikole", "state_name": "KERALA", "state_lgd": 32, "population": 10042, "households": 2237}, "geometry": {"type": "Polygon", "coordinates": [[[75.26457, 12.513950000000001], [75.26945, 12.512880000000001], [75.27104, 12.511030000000002], [75.27784000000001, 12.511040000000001], [75.27952, 12.508820000000002], [75.27937, 12.50622], [75.281, 12.50332], [75.27996, 12.50318], [75.27744000000001, 12.500280000000002], [75.27328, 12.494330000000001], [75.27194, 12.489400000000002], [75.27328, 12.485190000000001], [75.27328, 12.48113], [75.27194, 12.478090000000002], [75.27136, 12.46775], [75.26871000000001, 12.46385], [75.26651000000001, 12.458100000000002], [75.26486000000001, 12.458100000000002], [75.2641, 12.462380000000001], [75.26295, 12.46414], [75.25794, 12.465510000000002], [75.25497, 12.459140000000001], [75.24639, 12.46057], [75.24722000000001, 12.467500000000001], [75.24633, 12.46826], [75.24469, 12.467170000000001], [75.24401, 12.463420000000001], [75.24310000000001, 12.462460000000002], [75.24098000000001, 12.46255], [75.23994, 12.46438], [75.23516000000001, 12.462250000000001], [75.23262000000001, 12.46465], [75.23499000000001, 12.468010000000001], [75.23259, 12.46945], [75.23417, 12.47117], [75.23383000000001, 12.47164], [75.23261000000001, 12.47278], [75.23492, 12.473580000000002], [75.23298000000001, 12.478950000000001], [75.23287, 12.483910000000002], [75.23001000000001, 12.486270000000001], [75.22795, 12.490680000000001], [75.22293, 12.492180000000001], [75.22017000000001, 12.494990000000001], [75.22006, 12.49627], [75.2213, 12.49688], [75.22198, 12.498660000000001], [75.21954000000001, 12.502650000000001], [75.22109, 12.50547], [75.22193, 12.50547], [75.22241000000001, 12.507990000000001], [75.2269, 12.50862], [75.23132000000001, 12.5065], [75.23790000000001, 12.50697], [75.24041000000001, 12.508140000000001], [75.24232, 12.510250000000001], [75.25025000000001, 12.51341], [75.26078000000001, 12.51622], [75.26457, 12.513950000000001]]]}}, {"id": "67", "type": "Feature", "properties": {"village_name": "Kodalamogaru", "vil_lgd": 627060, "district_name": "Kasaragod", "dist_lgd": 558, "subdistrict_name": "Manjeswaram", "sdcode": 5932, "block_name": "Manjeshwar", "block_lgd": 1.0, "gp_name": "Vorkady", "state_name": "KERALA", "state_lgd": 32, "population": 5788, "households": 1107}, "geometry": {"type": "Polygon", "coordinates": [[[74.97403, 12.767280000000001], [74.97582000000001, 12.76496], [74.98131000000001, 12.760900000000001], [74.98651000000001, 12.75482], [74.99052, 12.75134], [74.99254, 12.750910000000001], [74.99096, 12.748050000000001], [74.98844000000001, 12.746580000000002], [74.98619000000001, 12.743430000000002], [74.98509, 12.745170000000002], [74.98363, 12.745210000000002], [74.98310000000001, 12.73892], [74.98064000000001, 12.73601], [74.97679000000001, 12.734910000000001], [74.97562, 12.72953], [74.97337, 12.731560000000002], [74.96817, 12.727870000000001], [74.96574000000001, 12.72836], [74.96547000000001, 12.732230000000001], [74.96636000000001, 12.7337], [74.96700000000001, 12.74183], [74.96593, 12.74937], [74.96291000000001, 12.75458], [74.95793, 12.75646], [74.95501, 12.759120000000001], [74.95241, 12.761700000000001], [74.95094, 12.76477], [74.95280000000001, 12.76529], [74.95230000000001, 12.766680000000001], [74.95295, 12.767750000000001], [74.95197, 12.768040000000001], [74.95209000000001, 12.76885], [74.95356000000001, 12.768730000000001], [74.95489, 12.771220000000001], [74.95693, 12.770380000000001], [74.95818000000001, 12.773180000000002], [74.96066, 12.77105], [74.97403, 12.767280000000001]]]}}, {"id": "68", "type": "Feature", "properties": {"village_name": "Majibail", "vil_lgd": 627068, "district_name": "Kasaragod", "dist_lgd": 558, "subdistrict_name": "Manjeswaram", "sdcode": 5932, "block_name": "Manjeshwar", "block_lgd": 1.0, "gp_name": "Meenja", "state_name": "KERALA", "state_lgd": 32, "population": 1485, "households": 306}, "geometry": {"type": "Polygon", "coordinates": [[[74.9196, 12.701780000000001], [74.91618000000001, 12.693370000000002], [74.91584, 12.690140000000001], [74.91211000000001, 12.69115], [74.91199, 12.689300000000001], [74.91359, 12.68715], [74.91169000000001, 12.68692], [74.90836, 12.689070000000001], [74.90665, 12.69236], [74.90695000000001, 12.693550000000002], [74.90836, 12.69476], [74.90847000000001, 12.696570000000001], [74.90651000000001, 12.69663], [74.90472000000001, 12.699810000000001], [74.90703, 12.697820000000002], [74.90784000000001, 12.697930000000001], [74.90922, 12.702010000000001], [74.90916, 12.707680000000002], [74.91158, 12.706560000000001], [74.91499, 12.706560000000001], [74.91885, 12.703230000000001], [74.9196, 12.701780000000001]]]}}, {"id": "69", "type": "Feature", "properties": {"village_name": "Kodakkad", "vil_lgd": 627162, "district_name": "Kasaragod", "dist_lgd": 558, "subdistrict_name": "Hosdurg", "sdcode": 5631, "block_name": "Nileshwar", "block_lgd": 4.0, "gp_name": "Pilicode", "state_name": "KERALA", "state_lgd": 32, "population": 10763, "households": 2711}, "geometry": {"type": "Polygon", "coordinates": [[[75.20972, 12.226780000000002], [75.2103, 12.22569], [75.21828000000001, 12.227120000000001], [75.21853, 12.22658], [75.21997, 12.223770000000002], [75.22363, 12.22114], [75.22642, 12.220690000000001], [75.22667000000001, 12.22192], [75.22953000000001, 12.224300000000001], [75.23052000000001, 12.22165], [75.23230000000001, 12.22192], [75.23784, 12.220070000000002], [75.23945, 12.21823], [75.23702, 12.217690000000001], [75.23251, 12.22132], [75.22393000000001, 12.21428], [75.22071000000001, 12.20813], [75.21598, 12.202710000000002], [75.20811, 12.19823], [75.20642000000001, 12.19457], [75.20291, 12.190660000000001], [75.19931000000001, 12.19064], [75.19217, 12.19307], [75.18583000000001, 12.191640000000001], [75.18364000000001, 12.19175], [75.18194000000001, 12.19317], [75.18185000000001, 12.19598], [75.17890000000001, 12.19528], [75.17658, 12.19616], [75.17469000000001, 12.19458], [75.17416, 12.194930000000001], [75.17049, 12.20118], [75.17121, 12.2032], [75.1663, 12.208400000000001], [75.1654, 12.211300000000001], [75.16485, 12.21217], [75.16595000000001, 12.212010000000001], [75.19265, 12.22647], [75.19850000000001, 12.22766], [75.20275000000001, 12.225980000000002], [75.20972, 12.226780000000002]]]}}, {"id": "70", "type": "Feature", "properties": {"village_name": "Bombrana", "vil_lgd": 627096, "district_name": "Kasaragod", "dist_lgd": 558, "subdistrict_name": "Manjeswaram", "sdcode": 5932, "block_name": "Manjeshwar", "block_lgd": 1.0, "gp_name": "Kumbala", "state_name": "KERALA", "state_lgd": 32, "population": 3759, "households": 676}, "geometry": {"type": "Polygon", "coordinates": [[[74.96151, 12.61856], [74.95888000000001, 12.618680000000001], [74.94994000000001, 12.616980000000002], [74.94564000000001, 12.61785], [74.93497, 12.61884], [74.94079, 12.63109], [74.94412000000001, 12.634200000000002], [74.9482, 12.63526], [74.95578, 12.633790000000001], [74.95292, 12.630030000000001], [74.9492, 12.627270000000001], [74.95485000000001, 12.621910000000002], [74.96051, 12.61992], [74.96167000000001, 12.61921], [74.96151, 12.61856]]]}}, {"id": "71", "type": "Feature", "properties": {"village_name": "Cheemeni", "vil_lgd": 627158, "district_name": "Kasaragod", "dist_lgd": 558, "subdistrict_name": "Hosdurg", "sdcode": 5631, "block_name": "Nileshwar", "block_lgd": 4.0, "gp_name": "Kayyur-Cheemeni", "state_name": "KERALA", "state_lgd": 32, "population": 8283, "households": 2029}, "geometry": {"type": "Polygon", "coordinates": [[[75.27452000000001, 12.27979], [75.27593, 12.27594], [75.27618000000001, 12.2719], [75.28208000000001, 12.267790000000002], [75.28779, 12.26772], [75.28869, 12.261890000000001], [75.28784, 12.261560000000001], [75.28696000000001, 12.258980000000001], [75.28903000000001, 12.2513], [75.28839, 12.249460000000001], [75.29143, 12.24262], [75.29066, 12.240300000000001], [75.29091000000001, 12.236210000000002], [75.28905, 12.233300000000002], [75.28566000000001, 12.232140000000001], [75.2783, 12.231810000000001], [75.27314000000001, 12.22957], [75.27212, 12.22708], [75.26493, 12.224], [75.26163000000001, 12.22484], [75.25842, 12.22159], [75.25206, 12.218440000000001], [75.25029, 12.220020000000002], [75.24316, 12.217770000000002], [75.23945, 12.21823], [75.23784, 12.220070000000002], [75.23230000000001, 12.22192], [75.23052000000001, 12.22165], [75.22953000000001, 12.224300000000001], [75.22667000000001, 12.22192], [75.22642, 12.220690000000001], [75.22363, 12.22114], [75.21997, 12.223770000000002], [75.21853, 12.22658], [75.21922, 12.22835], [75.21712000000001, 12.230200000000002], [75.21730000000001, 12.233360000000001], [75.21605000000001, 12.23521], [75.21444000000001, 12.236], [75.21436, 12.236790000000001], [75.21552000000001, 12.237670000000001], [75.21347, 12.238900000000001], [75.21311, 12.242680000000002], [75.21427, 12.24383], [75.21845, 12.244200000000001], [75.22952000000001, 12.251290000000001], [75.23076, 12.253910000000001], [75.23605, 12.2565], [75.23793, 12.26365], [75.2376, 12.264510000000001], [75.23536, 12.265460000000001], [75.23513000000001, 12.267280000000001], [75.23853000000001, 12.26773], [75.24327000000001, 12.27199], [75.25218000000001, 12.269770000000001], [75.25353000000001, 12.270090000000001], [75.25694, 12.27735], [75.25951, 12.28006], [75.26439, 12.28195], [75.26682000000001, 12.27879], [75.27452000000001, 12.27979]]]}}, {"id": "72", "type": "Feature", "properties": {"village_name": "Chittarikkal", "vil_lgd": 627149, "district_name": "Kasaragod", "dist_lgd": 558, "subdistrict_name": "Vellarikkundu", "sdcode": 5933, "block_name": "Nileshwar", "block_lgd": 4.0, "gp_name": "East Eleri", "state_name": "KERALA", "state_lgd": 32, "population": 15152, "households": 3726}, "geometry": {"type": "Polygon", "coordinates": [[[75.35951, 12.3274], [75.36016000000001, 12.326360000000001], [75.35918000000001, 12.324670000000001], [75.36129000000001, 12.319650000000001], [75.36136, 12.31121], [75.36266, 12.306460000000001], [75.3656, 12.30348], [75.36756000000001, 12.29672], [75.37171000000001, 12.28988], [75.37108, 12.285530000000001], [75.36886000000001, 12.28428], [75.36829, 12.281870000000001], [75.36571, 12.277880000000001], [75.35976000000001, 12.275760000000002], [75.34518, 12.266950000000001], [75.34188, 12.26867], [75.33970000000001, 12.268830000000001], [75.33012000000001, 12.265970000000001], [75.32815000000001, 12.26763], [75.32781, 12.270000000000001], [75.32192, 12.27298], [75.32045000000001, 12.280660000000001], [75.32267, 12.28532], [75.32438, 12.28692], [75.32814, 12.288530000000002], [75.33018000000001, 12.289010000000001], [75.33369, 12.28828], [75.33878, 12.28992], [75.33762, 12.293780000000002], [75.33413, 12.29396], [75.33422, 12.295110000000001], [75.33163, 12.29582], [75.33459, 12.304250000000001], [75.33022000000001, 12.30549], [75.32941000000001, 12.30461], [75.32343, 12.308840000000002], [75.32468, 12.310690000000001], [75.32451, 12.31587], [75.32523, 12.31807], [75.3288, 12.31938], [75.33434000000001, 12.31868], [75.33622000000001, 12.31947], [75.33515000000001, 12.3214], [75.3331, 12.32281], [75.33328, 12.32501], [75.33543, 12.326680000000001], [75.33846000000001, 12.325180000000001], [75.34052000000001, 12.32679], [75.34265, 12.326300000000002], [75.34469, 12.327340000000001], [75.34747, 12.326300000000002], [75.35155, 12.32806], [75.35385000000001, 12.331280000000001], [75.35745, 12.33392], [75.35592000000001, 12.330620000000001], [75.35640000000001, 12.328370000000001], [75.35951, 12.3274]]]}}, {"id": "73", "type": "Feature", "properties": {"village_name": "Palavayal", "vil_lgd": 627148, "district_name": "Kasaragod", "dist_lgd": 558, "subdistrict_name": "Vellarikkundu", "sdcode": 5933, "block_name": "Nileshwar", "block_lgd": 4.0, "gp_name": "East Eleri", "state_name": "KERALA", "state_lgd": 32, "population": 9923, "households": 2371}, "geometry": {"type": "Polygon", "coordinates": [[[75.41611, 12.32999], [75.41679, 12.32904], [75.41854000000001, 12.32886], [75.42028, 12.318950000000001], [75.42224, 12.316910000000002], [75.42348000000001, 12.31384], [75.42614, 12.31244], [75.42793, 12.310130000000001], [75.43065, 12.310490000000001], [75.43182, 12.309790000000001], [75.43189000000001, 12.308560000000002], [75.42821, 12.307060000000002], [75.42768000000001, 12.304120000000001], [75.42403, 12.302990000000001], [75.42506, 12.300630000000002], [75.42193, 12.29874], [75.41919, 12.295200000000001], [75.41363000000001, 12.292370000000002], [75.4102, 12.29465], [75.40712, 12.293190000000001], [75.40086000000001, 12.292660000000001], [75.39784, 12.293510000000001], [75.39588, 12.292800000000002], [75.39419000000001, 12.290210000000002], [75.39264, 12.28968], [75.39156000000001, 12.29049], [75.39163, 12.295770000000001], [75.38954000000001, 12.29612], [75.38786, 12.295090000000002], [75.38681000000001, 12.293220000000002], [75.38649000000001, 12.290090000000001], [75.38778, 12.28725], [75.38464, 12.287500000000001], [75.38204, 12.284730000000001], [75.37574000000001, 12.28287], [75.37108, 12.285530000000001], [75.37171000000001, 12.28988], [75.36756000000001, 12.29672], [75.3656, 12.30348], [75.36266, 12.306460000000001], [75.36136, 12.31121], [75.36129000000001, 12.319650000000001], [75.35918000000001, 12.324670000000001], [75.36016000000001, 12.326360000000001], [75.35951, 12.3274], [75.35640000000001, 12.328370000000001], [75.35592000000001, 12.330620000000001], [75.35745, 12.33392], [75.36341, 12.33697], [75.36602, 12.334950000000001], [75.36962000000001, 12.33439], [75.37526000000001, 12.33768], [75.37918, 12.33848], [75.38179000000001, 12.33783], [75.38302, 12.338790000000001], [75.38449, 12.338220000000002], [75.38948, 12.33951], [75.38998000000001, 12.346260000000001], [75.41093000000001, 12.348500000000001], [75.41033, 12.34726], [75.41079, 12.346020000000001], [75.41532000000001, 12.33999], [75.41611, 12.32999]]]}}, {"id": "74", "type": "Feature", "properties": {"village_name": "Bheemanady", "vil_lgd": 627150, "district_name": "Kasaragod", "dist_lgd": 558, "subdistrict_name": "Vellarikkundu", "sdcode": 5933, "block_name": "Nileshwar", "block_lgd": 4.0, "gp_name": "West Eleri", "state_name": "KERALA", "state_lgd": 32, "population": 15688, "households": 3625}, "geometry": {"type": "Polygon", "coordinates": [[[75.31169000000001, 12.324050000000002], [75.31509000000001, 12.322790000000001], [75.31964, 12.32272], [75.31977, 12.319120000000002], [75.32182, 12.31817], [75.32523, 12.31807], [75.32451, 12.31587], [75.32468, 12.310690000000001], [75.32343, 12.308840000000002], [75.32941000000001, 12.30461], [75.33022000000001, 12.30549], [75.33459, 12.304250000000001], [75.33163, 12.29582], [75.33422, 12.295110000000001], [75.33413, 12.29396], [75.33762, 12.293780000000002], [75.33878, 12.28992], [75.33369, 12.28828], [75.33018000000001, 12.289010000000001], [75.32814, 12.288530000000002], [75.32438, 12.28692], [75.32267, 12.28532], [75.32045000000001, 12.280660000000001], [75.32192, 12.27298], [75.31921000000001, 12.274220000000001], [75.31396000000001, 12.271090000000001], [75.30808, 12.271400000000002], [75.29862, 12.2695], [75.29266000000001, 12.26421], [75.28869, 12.261890000000001], [75.28779, 12.26772], [75.28208000000001, 12.267790000000002], [75.27618000000001, 12.2719], [75.27593, 12.27594], [75.27452000000001, 12.27979], [75.26682000000001, 12.27879], [75.26439, 12.28195], [75.26799000000001, 12.28612], [75.26881, 12.29152], [75.26783, 12.29353], [75.2707, 12.299560000000001], [75.27667000000001, 12.306460000000001], [75.27849, 12.311140000000002], [75.27886000000001, 12.315100000000001], [75.28118, 12.31853], [75.28101000000001, 12.322750000000001], [75.28887, 12.32675], [75.29423000000001, 12.327100000000002], [75.30874, 12.3238], [75.31169000000001, 12.324050000000002]]]}}, {"id": "75", "type": "Feature", "properties": {"village_name": "Kuttikole", "vil_lgd": 627116, "district_name": "Kasaragod", "dist_lgd": 558, "subdistrict_name": "Kasaragod", "sdcode": 5630, "block_name": "Kasaragod", "block_lgd": 2.0, "gp_name": "Kuttikole", "state_name": "KERALA", "state_lgd": 32, "population": 7057, "households": 1657}, "geometry": {"type": "Polygon", "coordinates": [[[75.20874, 12.50664], [75.21555000000001, 12.50886], [75.22241000000001, 12.507990000000001], [75.22193, 12.50547], [75.22109, 12.50547], [75.21954000000001, 12.502650000000001], [75.22198, 12.498660000000001], [75.2213, 12.49688], [75.22006, 12.49627], [75.22017000000001, 12.494990000000001], [75.22293, 12.492180000000001], [75.22795, 12.490680000000001], [75.23001000000001, 12.486270000000001], [75.23287, 12.483910000000002], [75.23298000000001, 12.478950000000001], [75.23492, 12.473580000000002], [75.23261000000001, 12.47278], [75.23084, 12.471070000000001], [75.22524, 12.46925], [75.22481, 12.467490000000002], [75.22149, 12.464970000000001], [75.22181, 12.460890000000001], [75.21892000000001, 12.4579], [75.21383, 12.462810000000001], [75.21104000000001, 12.460700000000001], [75.20539000000001, 12.46156], [75.20302000000001, 12.459060000000001], [75.20161, 12.463610000000001], [75.19843, 12.465370000000002], [75.19318000000001, 12.46592], [75.19086, 12.46723], [75.18985, 12.46911], [75.19142000000001, 12.472360000000002], [75.19204, 12.47671], [75.18837, 12.47906], [75.18908, 12.483450000000001], [75.18775000000001, 12.483670000000002], [75.18594, 12.485640000000002], [75.18758000000001, 12.492090000000001], [75.18421000000001, 12.496870000000001], [75.18489000000001, 12.499860000000002], [75.18435000000001, 12.50106], [75.18185000000001, 12.504190000000001], [75.18101, 12.503960000000001], [75.17919, 12.505930000000001], [75.18187, 12.50618], [75.18259, 12.5075], [75.18775000000001, 12.508210000000002], [75.19291000000001, 12.506530000000001], [75.19754, 12.50721], [75.19993000000001, 12.50899], [75.20408, 12.50758], [75.20874, 12.50664]]]}}, {"id": "76", "type": "Feature", "properties": {"village_name": "Bandadka", "vil_lgd": 627118, "district_name": "Kasaragod", "dist_lgd": 558, "subdistrict_name": "Kasaragod", "sdcode": 5630, "block_name": "Kasaragod", "block_lgd": 2.0, "gp_name": "Kuttikole", "state_name": "KERALA", "state_lgd": 32, "population": 7824, "households": 1849}, "geometry": {"type": "Polygon", "coordinates": [[[75.29549, 12.52387], [75.29643, 12.522010000000002], [75.30296000000001, 12.52265], [75.3023, 12.515530000000002], [75.30383, 12.50894], [75.30303, 12.506], [75.30424000000001, 12.505180000000001], [75.30412000000001, 12.503330000000002], [75.30674, 12.502110000000002], [75.31375000000001, 12.502], [75.31311000000001, 12.501290000000001], [75.31445000000001, 12.497520000000002], [75.30724000000001, 12.49595], [75.30329, 12.493110000000001], [75.30269000000001, 12.490760000000002], [75.29629, 12.483500000000001], [75.29347, 12.4777], [75.29245, 12.47517], [75.29321, 12.47244], [75.29203000000001, 12.468850000000002], [75.28920000000001, 12.468820000000001], [75.27895000000001, 12.47108], [75.27803, 12.468860000000001], [75.27227, 12.462510000000002], [75.27309000000001, 12.460320000000001], [75.27166000000001, 12.457910000000002], [75.26651000000001, 12.458100000000002], [75.26871000000001, 12.46385], [75.27136, 12.46775], [75.27194, 12.478090000000002], [75.27328, 12.48113], [75.27328, 12.485190000000001], [75.27194, 12.489400000000002], [75.27328, 12.494330000000001], [75.27744000000001, 12.500280000000002], [75.27996, 12.50318], [75.281, 12.50332], [75.27937, 12.50622], [75.27952, 12.508820000000002], [75.27784000000001, 12.511040000000001], [75.27783000000001, 12.51185], [75.28087000000001, 12.51448], [75.28154, 12.516520000000002], [75.28167, 12.52101], [75.28004, 12.524180000000001], [75.28402000000001, 12.52524], [75.29134, 12.525590000000001], [75.29549, 12.52387]]]}}, {"id": "77", "type": "Feature", "properties": {"village_name": "Sheni", "vil_lgd": 627084, "district_name": "Kasaragod", "dist_lgd": 558, "subdistrict_name": "Manjeswaram", "sdcode": 5932, "block_name": "Manjeshwar", "block_lgd": 1.0, "gp_name": "Enmakaje", "state_name": "KERALA", "state_lgd": 32, "population": 5080, "households": 936}, "geometry": {"type": "Polygon", "coordinates": [[[75.05542000000001, 12.65055], [75.05943, 12.65014], [75.06655, 12.650960000000001], [75.06983000000001, 12.649140000000001], [75.06917, 12.646970000000001], [75.07396, 12.64573], [75.07342000000001, 12.642560000000001], [75.07844, 12.641620000000001], [75.07916, 12.6408], [75.07844, 12.635510000000002], [75.07659000000001, 12.631400000000001], [75.07724, 12.630690000000001], [75.07586, 12.626920000000002], [75.06525, 12.621670000000002], [75.06364, 12.618670000000002], [75.06203000000001, 12.61926], [75.05946, 12.617550000000001], [75.0579, 12.618910000000001], [75.05647, 12.62555], [75.05324, 12.625430000000001], [75.05192000000001, 12.62367], [75.04660000000001, 12.621670000000002], [75.0382, 12.624460000000001], [75.03874, 12.62681], [75.03497, 12.628520000000002], [75.03467, 12.629750000000001], [75.02995, 12.63474], [75.02894, 12.63433], [75.02679, 12.636450000000002], [75.03212, 12.641440000000001], [75.04144000000001, 12.64756], [75.04354000000001, 12.647440000000001], [75.04754000000001, 12.65079], [75.05327000000001, 12.65126], [75.05542000000001, 12.65055]]]}}, {"id": "78", "type": "Feature", "properties": {"village_name": "Kallar", "vil_lgd": 627143, "district_name": "Kasaragod", "dist_lgd": 558, "subdistrict_name": "Vellarikkundu", "sdcode": 5933, "block_name": "Kanhangad", "block_lgd": 3.0, "gp_name": "Kallar", "state_name": "KERALA", "state_lgd": 32, "population": 19414, "households": 4691}, "geometry": {"type": "Polygon", "coordinates": [[[75.23417, 12.47117], [75.23259, 12.46945], [75.23499000000001, 12.468010000000001], [75.23262000000001, 12.46465], [75.23516000000001, 12.462250000000001], [75.23994, 12.46438], [75.24098000000001, 12.46255], [75.24310000000001, 12.462460000000002], [75.24401, 12.463420000000001], [75.24469, 12.467170000000001], [75.24633, 12.46826], [75.24722000000001, 12.467500000000001], [75.24639, 12.46057], [75.25497, 12.459140000000001], [75.25794, 12.465510000000002], [75.26295, 12.46414], [75.2641, 12.462380000000001], [75.26486000000001, 12.458100000000002], [75.26651000000001, 12.458100000000002], [75.27166000000001, 12.457910000000002], [75.27454, 12.45719], [75.27943, 12.45335], [75.27951, 12.451920000000001], [75.28114000000001, 12.44973], [75.28139, 12.44838], [75.28027, 12.445850000000002], [75.28096000000001, 12.445250000000001], [75.28491000000001, 12.446430000000001], [75.28808000000001, 12.44466], [75.28894000000001, 12.441170000000001], [75.29176000000001, 12.436440000000001], [75.29356, 12.435170000000001], [75.29236, 12.43214], [75.29527, 12.42918], [75.29827, 12.42749], [75.30203, 12.41998], [75.30023, 12.41914], [75.30092, 12.41788], [75.29748000000001, 12.41492], [75.29740000000001, 12.412730000000002], [75.29559, 12.411550000000002], [75.29834000000001, 12.40994], [75.30116000000001, 12.40252], [75.29562, 12.400590000000001], [75.29297000000001, 12.401180000000002], [75.28920000000001, 12.40633], [75.28791000000001, 12.40633], [75.28732000000001, 12.407340000000001], [75.28612000000001, 12.407340000000001], [75.28500000000001, 12.406080000000001], [75.28148, 12.40684], [75.27445, 12.40601], [75.27085000000001, 12.404150000000001], [75.26870000000001, 12.404160000000001], [75.26433, 12.400530000000002], [75.25712, 12.39742], [75.25077, 12.39076], [75.2488, 12.390170000000001], [75.2462, 12.391160000000001], [75.24477, 12.396020000000002], [75.23885, 12.394850000000002], [75.23752, 12.395850000000001], [75.23419000000001, 12.396090000000001], [75.23342000000001, 12.39826], [75.22758, 12.394480000000001], [75.22591000000001, 12.39441], [75.22160000000001, 12.397340000000002], [75.22524, 12.403260000000001], [75.22566, 12.406640000000001], [75.23098, 12.41017], [75.23248000000001, 12.41215], [75.23125, 12.41319], [75.22316000000001, 12.409320000000001], [75.22229, 12.410800000000002], [75.22402000000001, 12.412370000000001], [75.2222, 12.413310000000001], [75.22626000000001, 12.41544], [75.22804000000001, 12.415510000000001], [75.23001000000001, 12.418220000000002], [75.22889, 12.418920000000002], [75.22615, 12.4176], [75.22422, 12.417990000000001], [75.22016, 12.415970000000002], [75.21723, 12.416950000000002], [75.2193, 12.420850000000002], [75.21652, 12.422630000000002], [75.21671, 12.42595], [75.2153, 12.428700000000001], [75.21907, 12.431180000000001], [75.21963000000001, 12.43514], [75.21976000000001, 12.438300000000002], [75.22366000000001, 12.439670000000001], [75.22367000000001, 12.4464], [75.22259000000001, 12.451830000000001], [75.22344000000001, 12.45653], [75.22181, 12.460890000000001], [75.22149, 12.464970000000001], [75.22481, 12.467490000000002], [75.22524, 12.46925], [75.23084, 12.471070000000001], [75.23261000000001, 12.47278], [75.23383000000001, 12.47164], [75.23417, 12.47117]]]}}, {"id": "79", "type": "Feature", "properties": {"village_name": "Badoor", "vil_lgd": 627081, "district_name": "Kasaragod", "dist_lgd": 558, "subdistrict_name": "Manjeswaram", "sdcode": 5932, "block_name": "Manjeshwar", "block_lgd": 1.0, "gp_name": "Puthige", "state_name": "KERALA", "state_lgd": 32, "population": 5536, "households": 960}, "geometry": {"type": "Polygon", "coordinates": [[[75.06435, 12.665130000000001], [75.06200000000001, 12.66347], [75.06141000000001, 12.66383], [75.06176, 12.661660000000001], [75.05908000000001, 12.658420000000001], [75.05967000000001, 12.657010000000001], [75.05842000000001, 12.65666], [75.05584, 12.653490000000001], [75.05542000000001, 12.65055], [75.05327000000001, 12.65126], [75.04754000000001, 12.65079], [75.04354000000001, 12.647440000000001], [75.04144000000001, 12.64756], [75.03212, 12.641440000000001], [75.02679, 12.636450000000002], [75.01942000000001, 12.637120000000001], [75.019, 12.64018], [75.01742, 12.644400000000001], [75.01578, 12.64905], [75.01366, 12.651340000000001], [75.01536, 12.65859], [75.01968000000001, 12.663770000000001], [75.02357, 12.66675], [75.02467, 12.66675], [75.02652, 12.6644], [75.03479, 12.665680000000002], [75.04231, 12.664980000000002], [75.04334, 12.660910000000001], [75.04711, 12.661710000000001], [75.04786, 12.662790000000001], [75.04664000000001, 12.66684], [75.05375000000001, 12.669260000000001], [75.05478000000001, 12.66882], [75.05616, 12.665080000000001], [75.05748000000001, 12.665080000000001], [75.05821, 12.66886], [75.05976000000001, 12.670850000000002], [75.06093, 12.670020000000001], [75.06093, 12.668400000000002], [75.06314, 12.667240000000001], [75.06409000000001, 12.665510000000001], [75.06435, 12.665130000000001]]]}}, {"id": "80", "type": "Feature", "properties": {"village_name": "Kodom", "vil_lgd": 627142, "district_name": "Kasaragod", "dist_lgd": 558, "subdistrict_name": "Vellarikkundu", "sdcode": 5933, "block_name": "Kanhangad", "block_lgd": 3.0, "gp_name": "Kodom-Bellur", "state_name": "KERALA", "state_lgd": 32, "population": 6915, "households": 1659}, "geometry": {"type": "Polygon", "coordinates": [[[75.18844, 12.432920000000001], [75.19232000000001, 12.43293], [75.19471, 12.426950000000001], [75.19734000000001, 12.426190000000002], [75.20259, 12.42908], [75.20635, 12.429490000000001], [75.20766, 12.43265], [75.20960000000001, 12.434500000000002], [75.21447, 12.435640000000001], [75.21963000000001, 12.43514], [75.21907, 12.431180000000001], [75.2153, 12.428700000000001], [75.21671, 12.42595], [75.21652, 12.422630000000002], [75.2193, 12.420850000000002], [75.21723, 12.416950000000002], [75.22016, 12.415970000000002], [75.22422, 12.417990000000001], [75.22615, 12.4176], [75.22889, 12.418920000000002], [75.23001000000001, 12.418220000000002], [75.22804000000001, 12.415510000000001], [75.22626000000001, 12.41544], [75.2222, 12.413310000000001], [75.22402000000001, 12.412370000000001], [75.22229, 12.410800000000002], [75.22316000000001, 12.409320000000001], [75.23125, 12.41319], [75.23248000000001, 12.41215], [75.23098, 12.41017], [75.22566, 12.406640000000001], [75.22524, 12.403260000000001], [75.22160000000001, 12.397340000000002], [75.21847000000001, 12.398600000000002], [75.21776000000001, 12.39976], [75.21448000000001, 12.398950000000001], [75.21357, 12.399370000000001], [75.21050000000001, 12.403960000000001], [75.20908, 12.404560000000002], [75.20765, 12.40446], [75.20317, 12.40075], [75.19604000000001, 12.401950000000001], [75.19355, 12.40412], [75.18811000000001, 12.40501], [75.18079, 12.404890000000002], [75.17721, 12.404720000000001], [75.17404, 12.400440000000001], [75.16826, 12.40187], [75.16546000000001, 12.40712], [75.17075000000001, 12.41275], [75.16963000000001, 12.416430000000002], [75.16996, 12.41829], [75.17102000000001, 12.420390000000001], [75.17006, 12.42205], [75.17014, 12.424970000000002], [75.17128000000001, 12.427080000000002], [75.1735, 12.42716], [75.17546, 12.43091], [75.17812, 12.429680000000001], [75.17892, 12.430000000000001], [75.18291, 12.435530000000002], [75.18521000000001, 12.43153], [75.18844, 12.432920000000001]]]}}, {"id": "81", "type": "Feature", "properties": {"village_name": "Pavoor", "vil_lgd": 627057, "district_name": "Kasaragod", "dist_lgd": 558, "subdistrict_name": "Manjeswaram", "sdcode": 5932, "block_name": "Manjeshwar", "block_lgd": 1.0, "gp_name": "Vorkady", "state_name": "KERALA", "state_lgd": 32, "population": 4798, "households": 853}, "geometry": {"type": "Polygon", "coordinates": [[[74.93705, 12.74652], [74.93555, 12.741130000000002], [74.93295, 12.736930000000001], [74.9285, 12.73455], [74.92432000000001, 12.729090000000001], [74.92003000000001, 12.73061], [74.91795, 12.72761], [74.91747000000001, 12.729270000000001], [74.9165, 12.729820000000002], [74.91730000000001, 12.73037], [74.91658000000001, 12.7314], [74.91795, 12.732500000000002], [74.91770000000001, 12.73661], [74.91289, 12.736210000000002], [74.90919000000001, 12.73487], [74.90613, 12.736920000000001], [74.90091000000001, 12.740710000000002], [74.90332000000001, 12.744810000000001], [74.90396000000001, 12.747650000000002], [74.90276, 12.74947], [74.90337000000001, 12.7543], [74.90153000000001, 12.76477], [74.91165000000001, 12.771220000000001], [74.91692, 12.772300000000001], [74.91715, 12.77016], [74.91956, 12.765310000000001], [74.92227000000001, 12.761790000000001], [74.92934000000001, 12.758410000000001], [74.93221000000001, 12.754740000000002], [74.93642000000001, 12.75224], [74.93832, 12.74811], [74.93705, 12.74652]]]}}, {"id": "82", "type": "Feature", "properties": {"village_name": "Adoor", "vil_lgd": 627119, "district_name": "Kasaragod", "dist_lgd": 558, "subdistrict_name": "Kasaragod", "sdcode": 5630, "block_name": "Kasaragod", "block_lgd": 2.0, "gp_name": "Delampady", "state_name": "KERALA", "state_lgd": 32, "population": 15482, "households": 3057}, "geometry": {"type": "Polygon", "coordinates": [[[75.26915000000001, 12.55971], [75.27126000000001, 12.55544], [75.26965000000001, 12.549710000000001], [75.27358000000001, 12.541170000000001], [75.27305000000001, 12.53686], [75.27404, 12.53575], [75.27377000000001, 12.534450000000001], [75.27850000000001, 12.53021], [75.28004, 12.524180000000001], [75.28167, 12.52101], [75.28154, 12.516520000000002], [75.28087000000001, 12.51448], [75.27783000000001, 12.51185], [75.27784000000001, 12.511040000000001], [75.27104, 12.511030000000002], [75.26945, 12.512880000000001], [75.26457, 12.513950000000001], [75.26078000000001, 12.51622], [75.25025000000001, 12.51341], [75.24232, 12.510250000000001], [75.24041000000001, 12.508140000000001], [75.23790000000001, 12.50697], [75.23132000000001, 12.5065], [75.2269, 12.50862], [75.22241000000001, 12.507990000000001], [75.21555000000001, 12.50886], [75.20874, 12.50664], [75.20408, 12.50758], [75.19993000000001, 12.50899], [75.19754, 12.50721], [75.19291000000001, 12.506530000000001], [75.18775000000001, 12.508210000000002], [75.18259, 12.5075], [75.18187, 12.50618], [75.17919, 12.505930000000001], [75.17468000000001, 12.50453], [75.17206, 12.50576], [75.17233, 12.50711], [75.17109, 12.509570000000002], [75.17163000000001, 12.51321], [75.17112, 12.514800000000001], [75.17183, 12.51594], [75.17072, 12.517710000000001], [75.17381, 12.52565], [75.17378000000001, 12.52795], [75.17518000000001, 12.53054], [75.17483, 12.531690000000001], [75.18396000000001, 12.53753], [75.18635, 12.53733], [75.18936000000001, 12.54254], [75.19077, 12.548540000000001], [75.19244, 12.54901], [75.20100000000001, 12.547160000000002], [75.20296, 12.545390000000001], [75.20458, 12.54602], [75.20667, 12.548140000000002], [75.20872, 12.55484], [75.21348, 12.554450000000001], [75.21753000000001, 12.55752], [75.21857, 12.560680000000001], [75.21834000000001, 12.56173], [75.21649000000001, 12.563070000000002], [75.21607, 12.56526], [75.21727, 12.56717], [75.22029, 12.568200000000001], [75.22387, 12.569560000000001], [75.22888, 12.567620000000002], [75.23743, 12.5684], [75.2376, 12.573070000000001], [75.23951000000001, 12.57276], [75.24107000000001, 12.574290000000001], [75.24394000000001, 12.57417], [75.24465000000001, 12.575220000000002], [75.24573000000001, 12.5737], [75.24632000000001, 12.570400000000001], [75.24812, 12.570520000000002], [75.24910000000001, 12.571570000000001], [75.25562000000001, 12.569790000000001], [75.26777000000001, 12.570340000000002], [75.27202000000001, 12.56948], [75.26915000000001, 12.55971]]]}}, {"id": "83", "type": "Feature", "properties": {"village_name": "Maloth", "vil_lgd": 627146, "district_name": "Kasaragod", "dist_lgd": 558, "subdistrict_name": "Vellarikkundu", "sdcode": 5933, "block_name": "Kanhangad", "block_lgd": 3.0, "gp_name": "Balal", "state_name": "KERALA", "state_lgd": 32, "population": 14660, "households": 3565}, "geometry": {"type": "Polygon", "coordinates": [[[75.37902000000001, 12.392750000000001], [75.37959000000001, 12.392100000000001], [75.38386000000001, 12.3909], [75.3867, 12.3923], [75.39224, 12.389890000000001], [75.39457, 12.387720000000002], [75.39588, 12.38455], [75.39913, 12.380970000000001], [75.40047000000001, 12.380650000000001], [75.40179, 12.38226], [75.40397, 12.379610000000001], [75.40556000000001, 12.37892], [75.41340000000001, 12.380090000000001], [75.42164000000001, 12.37321], [75.42179, 12.367780000000002], [75.42068, 12.36499], [75.41956, 12.35701], [75.41536, 12.349680000000001], [75.4116, 12.349210000000001], [75.41093000000001, 12.348500000000001], [75.38998000000001, 12.346260000000001], [75.38381000000001, 12.35129], [75.38226, 12.35435], [75.37819, 12.358530000000002], [75.37574000000001, 12.36344], [75.37207000000001, 12.36706], [75.36864, 12.367540000000002], [75.36578, 12.366670000000001], [75.36439, 12.363050000000001], [75.35976000000001, 12.364700000000001], [75.35912, 12.36419], [75.36027, 12.35988], [75.35962, 12.35824], [75.35486, 12.361160000000002], [75.35435000000001, 12.362680000000001], [75.35487, 12.364450000000001], [75.35384, 12.364830000000001], [75.35113000000001, 12.36256], [75.35049000000001, 12.36344], [75.351, 12.365340000000002], [75.34715, 12.368260000000001], [75.34573, 12.368390000000002], [75.34342000000001, 12.36776], [75.34212000000001, 12.36561], [75.33968, 12.36485], [75.32075, 12.362720000000001], [75.3173, 12.3641], [75.31628, 12.366430000000001], [75.31693, 12.37222], [75.31578, 12.37545], [75.31400000000001, 12.391340000000001], [75.31471, 12.392850000000001], [75.33575, 12.392140000000001], [75.34203000000001, 12.39262], [75.34762, 12.393500000000001], [75.37247, 12.40023], [75.37779, 12.398270000000002], [75.37966, 12.394110000000001], [75.37902000000001, 12.392750000000001]]]}}, {"id": "84", "type": "Feature", "properties": {"village_name": "Balal", "vil_lgd": 627145, "district_name": "Kasaragod", "dist_lgd": 558, "subdistrict_name": "Vellarikkundu", "sdcode": 5933, "block_name": "Kanhangad", "block_lgd": 3.0, "gp_name": "Balal", "state_name": "KERALA", "state_lgd": 32, "population": 9936, "households": 2415}, "geometry": {"type": "Polygon", "coordinates": [[[75.37076, 12.408610000000001], [75.37247, 12.40023], [75.34762, 12.393500000000001], [75.34203000000001, 12.39262], [75.33575, 12.392140000000001], [75.31471, 12.392850000000001], [75.31400000000001, 12.391340000000001], [75.31578, 12.37545], [75.31693, 12.37222], [75.31628, 12.366430000000001], [75.3173, 12.3641], [75.31573, 12.362100000000002], [75.3118, 12.36106], [75.30297, 12.36067], [75.29799000000001, 12.362200000000001], [75.29595, 12.36189], [75.28353000000001, 12.360130000000002], [75.28279, 12.35828], [75.28026000000001, 12.35796], [75.27797000000001, 12.356440000000001], [75.27585, 12.356280000000002], [75.27373, 12.357410000000002], [75.27038, 12.35701], [75.26899, 12.356050000000002], [75.26776000000001, 12.3571], [75.26302000000001, 12.35782], [75.26148, 12.361120000000001], [75.2596, 12.36185], [75.25813000000001, 12.36353], [75.25732, 12.368360000000001], [75.25936, 12.369480000000001], [75.26140000000001, 12.369240000000001], [75.26255, 12.37157], [75.26132000000001, 12.371970000000001], [75.26329000000001, 12.374540000000001], [75.26035, 12.378000000000002], [75.2591, 12.3808], [75.25289000000001, 12.38057], [75.25109, 12.38137], [75.25068, 12.38362], [75.24782, 12.38667], [75.2441, 12.384060000000002], [75.24098000000001, 12.38334], [75.24267, 12.377600000000001], [75.24489000000001, 12.37592], [75.24512, 12.37451], [75.23790000000001, 12.36964], [75.23559, 12.3688], [75.22979000000001, 12.361880000000001], [75.22460000000001, 12.359760000000001], [75.22236000000001, 12.370450000000002], [75.22112, 12.371810000000002], [75.21867, 12.372700000000002], [75.21903, 12.374640000000001], [75.22369, 12.378850000000002], [75.22447000000001, 12.384500000000001], [75.2241, 12.38531], [75.22122, 12.384920000000001], [75.21648, 12.386450000000002], [75.21762000000001, 12.388520000000002], [75.21991000000001, 12.3876], [75.22395, 12.38944], [75.22355, 12.390870000000001], [75.21855000000001, 12.39253], [75.21849, 12.395100000000001], [75.22160000000001, 12.397340000000002], [75.22591000000001, 12.39441], [75.22758, 12.394480000000001], [75.23342000000001, 12.39826], [75.23419000000001, 12.396090000000001], [75.23752, 12.395850000000001], [75.23885, 12.394850000000002], [75.24477, 12.396020000000002], [75.2462, 12.391160000000001], [75.2488, 12.390170000000001], [75.25077, 12.39076], [75.25712, 12.39742], [75.26433, 12.400530000000002], [75.26870000000001, 12.404160000000001], [75.27085000000001, 12.404150000000001], [75.27445, 12.40601], [75.28148, 12.40684], [75.28500000000001, 12.406080000000001], [75.28612000000001, 12.407340000000001], [75.28732000000001, 12.407340000000001], [75.28791000000001, 12.40633], [75.28920000000001, 12.40633], [75.29297000000001, 12.401180000000002], [75.29562, 12.400590000000001], [75.30116000000001, 12.40252], [75.29834000000001, 12.40994], [75.29559, 12.411550000000002], [75.29740000000001, 12.412730000000002], [75.29748000000001, 12.41492], [75.30092, 12.41788], [75.30023, 12.41914], [75.30203, 12.41998], [75.30271, 12.419270000000001], [75.30804, 12.419390000000002], [75.31252, 12.417750000000002], [75.31618, 12.41515], [75.31778, 12.415090000000001], [75.3199, 12.413070000000001], [75.32486, 12.412300000000002], [75.33025, 12.412680000000002], [75.33121000000001, 12.41078], [75.33622000000001, 12.412040000000001], [75.33738000000001, 12.41444], [75.34360000000001, 12.414560000000002], [75.34951000000001, 12.41713], [75.35156, 12.414230000000002], [75.35887000000001, 12.412260000000002], [75.36586000000001, 12.411950000000001], [75.37076, 12.408610000000001]]]}}, {"id": "85", "type": "Feature", "properties": {"village_name": "Panathady", "vil_lgd": 627144, "district_name": "Kasaragod", "dist_lgd": 558, "subdistrict_name": "Vellarikkundu", "sdcode": 5933, "block_name": "Kanhangad", "block_lgd": 3.0, "gp_name": "Panathady", "state_name": "KERALA", "state_lgd": 32, "population": 22976, "households": 5563}, "geometry": {"type": "Polygon", "coordinates": [[[75.40259, 12.498080000000002], [75.40756, 12.498650000000001], [75.41137, 12.501840000000001], [75.41338, 12.500330000000002], [75.41581000000001, 12.500480000000001], [75.41853, 12.495700000000001], [75.41725000000001, 12.493430000000002], [75.41855000000001, 12.490570000000002], [75.42048000000001, 12.48864], [75.42022, 12.47982], [75.42475, 12.47432], [75.42479, 12.46898], [75.4231, 12.46682], [75.41564000000001, 12.46602], [75.41557, 12.46222], [75.41324, 12.458620000000002], [75.40390000000001, 12.455000000000002], [75.39945, 12.454910000000002], [75.39693000000001, 12.45284], [75.39336, 12.451440000000002], [75.39212, 12.45517], [75.38954000000001, 12.4556], [75.38621, 12.458350000000001], [75.38338, 12.45803], [75.38176, 12.456700000000001], [75.37414000000001, 12.45978], [75.37119000000001, 12.456620000000001], [75.3661, 12.458260000000001], [75.36555000000001, 12.45681], [75.37021, 12.44893], [75.37035, 12.445680000000001], [75.36877000000001, 12.44223], [75.37141000000001, 12.437780000000002], [75.36868000000001, 12.4298], [75.36977, 12.425740000000001], [75.36859000000001, 12.424150000000001], [75.36658000000001, 12.416780000000001], [75.36694, 12.414050000000001], [75.36586000000001, 12.411950000000001], [75.35887000000001, 12.412260000000002], [75.35156, 12.414230000000002], [75.34951000000001, 12.41713], [75.34360000000001, 12.414560000000002], [75.33738000000001, 12.41444], [75.33622000000001, 12.412040000000001], [75.33121000000001, 12.41078], [75.33025, 12.412680000000002], [75.32486, 12.412300000000002], [75.3199, 12.413070000000001], [75.31778, 12.415090000000001], [75.31618, 12.41515], [75.31252, 12.417750000000002], [75.30804, 12.419390000000002], [75.30271, 12.419270000000001], [75.30203, 12.41998], [75.29827, 12.42749], [75.29527, 12.42918], [75.29236, 12.43214], [75.29356, 12.435170000000001], [75.29176000000001, 12.436440000000001], [75.28894000000001, 12.441170000000001], [75.28808000000001, 12.44466], [75.28491000000001, 12.446430000000001], [75.28096000000001, 12.445250000000001], [75.28027, 12.445850000000002], [75.28139, 12.44838], [75.28114000000001, 12.44973], [75.27951, 12.451920000000001], [75.27943, 12.45335], [75.27454, 12.45719], [75.27166000000001, 12.457910000000002], [75.27309000000001, 12.460320000000001], [75.27227, 12.462510000000002], [75.27803, 12.468860000000001], [75.27895000000001, 12.47108], [75.28920000000001, 12.468820000000001], [75.29203000000001, 12.468850000000002], [75.29321, 12.47244], [75.29245, 12.47517], [75.29347, 12.4777], [75.29629, 12.483500000000001], [75.30269000000001, 12.490760000000002], [75.30329, 12.493110000000001], [75.30724000000001, 12.49595], [75.31445000000001, 12.497520000000002], [75.32089, 12.498140000000001], [75.32452, 12.497250000000001], [75.32991000000001, 12.49896], [75.33143000000001, 12.500340000000001], [75.3335, 12.497160000000001], [75.33262, 12.493310000000001], [75.33654, 12.489080000000001], [75.33519000000001, 12.478280000000002], [75.33821, 12.47192], [75.34063, 12.470390000000002], [75.33575, 12.465420000000002], [75.337, 12.46507], [75.33625, 12.464150000000002], [75.34535000000001, 12.463120000000002], [75.35194000000001, 12.465190000000002], [75.35924, 12.46442], [75.36633, 12.472970000000002], [75.36698000000001, 12.475480000000001], [75.37059, 12.47502], [75.37211, 12.47695], [75.37184, 12.47911], [75.37265000000001, 12.480630000000001], [75.37107, 12.484050000000002], [75.37127000000001, 12.487000000000002], [75.37068000000001, 12.48817], [75.36772, 12.488550000000002], [75.36744, 12.49122], [75.36832000000001, 12.4923], [75.37486000000001, 12.494110000000001], [75.37821000000001, 12.49596], [75.3819, 12.50206], [75.38684, 12.501980000000001], [75.39152, 12.499730000000001], [75.39369, 12.502350000000002], [75.39778000000001, 12.503760000000002], [75.39997000000001, 12.50017], [75.40259, 12.498080000000002]]]}}, {"id": "86", "type": "Feature", "properties": {"village_name": "Nirchal", "vil_lgd": 627089, "district_name": "Kasaragod", "dist_lgd": 558, "subdistrict_name": "Kasaragod", "sdcode": 5630, "block_name": "Manjeshwar", "block_lgd": 1.0, "gp_name": "Badiyadka", "state_name": "KERALA", "state_lgd": 32, "population": 12369, "households": 2352}, "geometry": {"type": "Polygon", "coordinates": [[[75.09165, 12.621110000000002], [75.08969, 12.621410000000001], [75.08804, 12.623320000000001], [75.08352000000001, 12.620970000000002], [75.07976000000001, 12.611860000000002], [75.07991000000001, 12.607740000000002], [75.0781, 12.605390000000002], [75.07283000000001, 12.604510000000001], [75.07192, 12.60363], [75.07218, 12.59726], [75.07292000000001, 12.596750000000002], [75.07158000000001, 12.59257], [75.07279000000001, 12.590990000000001], [75.07438, 12.58195], [75.07288000000001, 12.579680000000002], [75.07381000000001, 12.576580000000002], [75.07318000000001, 12.57342], [75.07389, 12.571660000000001], [75.07638, 12.57202], [75.07587000000001, 12.57042], [75.0738, 12.56764], [75.07228, 12.56878], [75.07121000000001, 12.567430000000002], [75.07198000000001, 12.56667], [75.0715, 12.5662], [75.07115, 12.56667], [75.06553000000001, 12.563270000000001], [75.05501000000001, 12.567440000000001], [75.05585, 12.56896], [75.05668, 12.568380000000001], [75.0574, 12.570730000000001], [75.05663000000001, 12.571370000000002], [75.05788000000001, 12.57596], [75.04486, 12.57643], [75.03452, 12.58707], [75.0353, 12.58801], [75.03446000000001, 12.59018], [75.03649, 12.58988], [75.03763000000001, 12.59059], [75.03960000000001, 12.589820000000001], [75.03841000000001, 12.591650000000001], [75.03661000000001, 12.593530000000001], [75.03583, 12.59359], [75.03607000000001, 12.5927], [75.03315, 12.592350000000001], [75.03243, 12.594170000000002], [75.02927000000001, 12.594830000000002], [75.0206, 12.59942], [75.01498000000001, 12.6013], [75.01516000000001, 12.60247], [75.01328000000001, 12.6027], [75.01354, 12.603040000000002], [75.02588, 12.611210000000002], [75.02778, 12.613040000000002], [75.02987, 12.611920000000001], [75.03095, 12.612860000000001], [75.04129, 12.608870000000001], [75.04536, 12.61439], [75.04799000000001, 12.61621], [75.04660000000001, 12.621670000000002], [75.05192000000001, 12.62367], [75.05324, 12.625430000000001], [75.05647, 12.62555], [75.0579, 12.618910000000001], [75.05946, 12.617550000000001], [75.06203000000001, 12.61926], [75.06364, 12.618670000000002], [75.06525, 12.621670000000002], [75.07586, 12.626920000000002], [75.07701, 12.626190000000001], [75.08197000000001, 12.62865], [75.09154000000001, 12.630120000000002], [75.09249000000001, 12.625770000000001], [75.09769, 12.62559], [75.09165, 12.621110000000002]]]}}, {"id": "87", "type": "Feature", "properties": {"village_name": "Badiyadka", "vil_lgd": 627088, "district_name": "Kasaragod", "dist_lgd": 558, "subdistrict_name": "Kasaragod", "sdcode": 5630, "block_name": "Manjeshwar", "block_lgd": 1.0, "gp_name": "Badiyadka", "state_name": "KERALA", "state_lgd": 32, "population": 10694, "households": 2117}, "geometry": {"type": "Polygon", "coordinates": [[[75.10772, 12.621300000000002], [75.10881, 12.621030000000001], [75.11057000000001, 12.622100000000001], [75.11123, 12.62077], [75.11099, 12.614210000000002], [75.11048000000001, 12.609380000000002], [75.10354000000001, 12.603560000000002], [75.10246000000001, 12.601270000000001], [75.10103000000001, 12.600740000000002], [75.10085000000001, 12.59828], [75.09858000000001, 12.598450000000001], [75.09684, 12.596160000000001], [75.09816000000001, 12.593280000000002], [75.10270000000001, 12.59304], [75.10491, 12.590800000000002], [75.10503, 12.58727], [75.10401, 12.5868], [75.10467000000001, 12.585040000000001], [75.10194000000001, 12.583150000000002], [75.09677, 12.578710000000001], [75.09545, 12.58018], [75.0939, 12.57948], [75.09246, 12.579830000000001], [75.09318, 12.578130000000002], [75.09204000000001, 12.576780000000001], [75.09366, 12.57595], [75.09521000000001, 12.577660000000002], [75.09599, 12.576600000000001], [75.09545, 12.57449], [75.09143, 12.568050000000001], [75.09025000000001, 12.5692], [75.08529, 12.57291], [75.08128, 12.57337], [75.07955000000001, 12.57337], [75.07587000000001, 12.57042], [75.07638, 12.57202], [75.07389, 12.571660000000001], [75.07318000000001, 12.57342], [75.07381000000001, 12.576580000000002], [75.07288000000001, 12.579680000000002], [75.07438, 12.58195], [75.07279000000001, 12.590990000000001], [75.07158000000001, 12.59257], [75.07292000000001, 12.596750000000002], [75.07218, 12.59726], [75.07192, 12.60363], [75.07283000000001, 12.604510000000001], [75.0781, 12.605390000000002], [75.07991000000001, 12.607740000000002], [75.07976000000001, 12.611860000000002], [75.08352000000001, 12.620970000000002], [75.08804, 12.623320000000001], [75.08969, 12.621410000000001], [75.09165, 12.621110000000002], [75.09769, 12.62559], [75.10502000000001, 12.62799], [75.10786, 12.62635], [75.10772, 12.621300000000002]]]}}, {"id": "88", "type": "Feature", "properties": {"village_name": "Edanad", "vil_lgd": 627092, "district_name": "Kasaragod", "dist_lgd": 558, "subdistrict_name": "Manjeswaram", "sdcode": 5932, "block_name": "Manjeshwar", "block_lgd": 1.0, "gp_name": "Puthige", "state_name": "KERALA", "state_lgd": 32, "population": 2922, "households": 610}, "geometry": {"type": "Polygon", "coordinates": [[[75.00846, 12.594880000000002], [75.00114, 12.58599], [75.00073, 12.58384], [74.99413000000001, 12.590980000000002], [74.99068000000001, 12.591560000000001], [74.98879000000001, 12.59083], [74.98963, 12.593440000000001], [74.98863, 12.596470000000002], [74.98563, 12.598350000000002], [74.98538, 12.5995], [74.98247, 12.599250000000001], [74.97972, 12.600480000000001], [74.98072, 12.602770000000001], [74.9848, 12.60383], [74.98522000000001, 12.606040000000002], [74.98796, 12.608300000000002], [74.98779, 12.610090000000001], [74.98604, 12.61067], [74.98538, 12.611490000000002], [74.98588000000001, 12.61255], [74.98488, 12.612710000000002], [74.98463000000001, 12.616890000000001], [74.98696000000001, 12.619340000000001], [74.99429, 12.620730000000002], [74.99734000000001, 12.619280000000002], [75.00649, 12.60861], [75.01100000000001, 12.606060000000001], [75.01354, 12.603040000000002], [75.01328000000001, 12.6027], [75.00846, 12.594880000000002]]]}}, {"id": "89", "type": "Feature", "properties": {"village_name": "Paivalike", "vil_lgd": 627078, "district_name": "Kasaragod", "dist_lgd": 558, "subdistrict_name": "Manjeswaram", "sdcode": 5932, "block_name": "Manjeshwar", "block_lgd": 1.0, "gp_name": "Paivalike", "state_name": "KERALA", "state_lgd": 32, "population": 9034, "households": 1605}, "geometry": {"type": "Polygon", "coordinates": [[[74.98250276057196, 12.738214726131924], [74.98382264868768, 12.735362865595818], [74.98638380492137, 12.733018472522343], [74.9870778419602, 12.734022356850197], [74.98777695634213, 12.73381925173505], [74.98861681204866, 12.736213080578631], [74.98897937900806, 12.734922502373706], [74.99109450259246, 12.735575716991839], [74.98967604205858, 12.73624473012477], [74.99228587671143, 12.738707544950937], [74.99912649785762, 12.731776804361683], [75.01114999636873, 12.727961182127533], [75.0040655626934, 12.721528055047719], [75.00008635845724, 12.7208126105348], [74.9980037810071, 12.71933633616865], [74.99711248121264, 12.717597477437243], [74.9954784330121, 12.718322003407417], [74.99443858436901, 12.720495569854052], [74.9926559867364, 12.721654797868018], [74.98671399318607, 12.722379311790306], [74.98552559541153, 12.720350665010587], [74.9855255949439, 12.715278980032714], [74.98864514114857, 12.712235918975866], [74.99726103081659, 12.709772462672163], [74.99830088001232, 12.708323358626064], [74.99711248112085, 12.703541258989384], [75.00052166498635, 12.698710264580768], [74.99956389107813, 12.694677407775625], [75.00188927433591, 12.694071593761787], [75.00175570297736, 12.692525335441557], [75.0001119110862, 12.69131368677971], [75.00031903434589, 12.687402901046525], [75.00188920262119, 12.686326801961254], [75.0034638927483, 12.682700865081024], [75.00681594025377, 12.681624693105265], [75.00612310279091, 12.678888603901298], [75.00028223888603, 12.679631014927306], [74.99690721144492, 12.677917406786984], [74.99824246396267, 12.67669226745952], [74.99765772170225, 12.674725494920812], [74.99873975276229, 12.673907159958182], [74.99390988510166, 12.672026290907104], [74.99224775939675, 12.673088719417686], [74.98691603471993, 12.672763008952355], [74.98308539876693, 12.670882026400148], [74.98291955799898, 12.671944444983305], [74.97833829870655, 12.672436909507086], [74.976924804329, 12.672436839400934], [74.97742163748849, 12.676523958108639], [74.97542312791919, 12.679471605275712], [74.97221843648491, 12.679769711013554], [74.96784797651297, 12.677834190842994], [74.96470395036582, 12.680632317531384], [74.96536659694712, 12.683544095706141], [74.96712076115638, 12.68413661644261], [74.96809200535117, 12.686871962195136], [74.9695842043864, 12.683820409410126], [74.97136605869537, 12.685041305947761], [74.97143041075458, 12.686022399954293], [74.97033897853785, 12.686795437070769], [74.9713978847383, 12.688341743399205], [74.96979539133784, 12.6892548168016], [74.97182120694012, 12.69086010665025], [74.97157701379295, 12.692284264458578], [74.9694635447017, 12.691691680456376], [74.96933888179996, 12.694576200006848], [74.97124511959201, 12.695643449468195], [74.97009818464525, 12.69845994582187], [74.96867529977693, 12.698817026332604], [74.96813182605189, 12.700186818132869], [74.97052153973594, 12.701046104516369], [74.9730585896862, 12.703334141086884], [74.98031972863551, 12.711215156543712], [74.98153038948341, 12.717427281347058], [74.9811939899021, 12.720397609106254], [74.96988428787533, 12.716436096705854], [74.97054756932489, 12.715396315089787], [74.96721857051135, 12.71176994846889], [74.96752268108429, 12.710639656128036], [74.96628395135721, 12.710463219585852], [74.96725039513025, 12.715215062329156], [74.96613100746383, 12.717891458188136], [74.96525084447295, 12.72178406913107], [74.96688080107454, 12.723945380298213], [74.97116140116289, 12.727591680384684], [74.97561751946172, 12.729528237903443], [74.97678672902359, 12.734912770632695], [74.98063643428338, 12.736007351574338], [74.98250276057196, 12.738214726131924]]]}}, {"id": "90", "type": "Feature", "properties": {"village_name": "Meenja", "vil_lgd": 627064, "district_name": "Kasaragod", "dist_lgd": 558, "subdistrict_name": "Manjeswaram", "sdcode": 5932, "block_name": "Manjeshwar", "block_lgd": 1.0, "gp_name": "Meenja", "state_name": "KERALA", "state_lgd": 32, "population": 4144, "households": 826}, "geometry": {"type": "Polygon", "coordinates": [[[74.96725, 12.71522], [74.96628000000001, 12.710460000000001], [74.96752000000001, 12.710640000000001], [74.96722000000001, 12.711770000000001], [74.97055, 12.7154], [74.96988, 12.71644], [74.98119000000001, 12.720400000000001], [74.98153, 12.71743], [74.98032, 12.71122], [74.97306, 12.703330000000001], [74.97052000000001, 12.70105], [74.96813, 12.700190000000001], [74.96868, 12.698820000000001], [74.9701, 12.69846], [74.97125000000001, 12.695640000000001], [74.96934, 12.69458], [74.96946000000001, 12.691690000000001], [74.97158, 12.69228], [74.97182000000001, 12.69086], [74.9698, 12.689250000000001], [74.9714, 12.68834], [74.97034000000001, 12.686800000000002], [74.97143000000001, 12.686020000000001], [74.97137000000001, 12.68504], [74.96958000000001, 12.68382], [74.96809, 12.68687], [74.96712000000001, 12.684140000000001], [74.96537000000001, 12.68354], [74.96470000000001, 12.68063], [74.96785000000001, 12.67783], [74.96685000000001, 12.67783], [74.96109000000001, 12.673440000000001], [74.95967, 12.676210000000001], [74.95846, 12.676020000000001], [74.95769, 12.678210000000002], [74.95932, 12.67918], [74.95982000000001, 12.681740000000001], [74.95945, 12.682260000000001], [74.95570000000001, 12.681840000000001], [74.95552, 12.684000000000001], [74.95699, 12.685440000000002], [74.95280000000001, 12.687410000000002], [74.94895000000001, 12.686800000000002], [74.94676000000001, 12.685130000000001], [74.94579, 12.686110000000001], [74.94776, 12.69546], [74.94919, 12.69772], [74.95074000000001, 12.698210000000001], [74.95200000000001, 12.699840000000002], [74.95406000000001, 12.69987], [74.95505, 12.70105], [74.95807, 12.701350000000001], [74.95488, 12.709660000000001], [74.94563000000001, 12.709380000000001], [74.94031000000001, 12.712850000000001], [74.94767, 12.71714], [74.95465, 12.71728], [74.95807, 12.718300000000001], [74.96208, 12.721200000000001], [74.96525000000001, 12.72178], [74.96613, 12.71789], [74.96725, 12.71522]]]}}, {"id": "91", "type": "Feature", "properties": {"village_name": "Moodambail", "vil_lgd": 627066, "district_name": "Kasaragod", "dist_lgd": 558, "subdistrict_name": "Manjeswaram", "sdcode": 5932, "block_name": "Manjeshwar", "block_lgd": 1.0, "gp_name": "Meenja", "state_name": "KERALA", "state_lgd": 32, "population": 4779, "households": 932}, "geometry": {"type": "Polygon", "coordinates": [[[74.93134, 12.715610000000002], [74.93518, 12.716510000000001], [74.93714, 12.71245], [74.93947, 12.711710000000002], [74.94031000000001, 12.712850000000001], [74.94563000000001, 12.709380000000001], [74.95488, 12.709660000000001], [74.95807, 12.701350000000001], [74.95361000000001, 12.701490000000002], [74.9496, 12.69946], [74.94292, 12.69946], [74.93950000000001, 12.698160000000001], [74.93623000000001, 12.69424], [74.93386000000001, 12.693370000000002], [74.93014000000001, 12.69265], [74.92361000000001, 12.693230000000002], [74.92212, 12.692210000000001], [74.92108, 12.68772], [74.91871, 12.68627], [74.91779000000001, 12.684260000000002], [74.91551000000001, 12.68665], [74.91584, 12.690140000000001], [74.91618000000001, 12.693370000000002], [74.9196, 12.701780000000001], [74.91885, 12.703230000000001], [74.9193, 12.70526], [74.92643000000001, 12.715110000000001], [74.9264, 12.71822], [74.92936, 12.71761], [74.93067, 12.716550000000002], [74.93134, 12.715610000000002]]]}}, {"id": "92", "type": "Feature", "properties": {"village_name": "Enmakaje", "vil_lgd": 627085, "district_name": "Kasaragod", "dist_lgd": 558, "subdistrict_name": "Manjeswaram", "sdcode": 5932, "block_name": "Manjeshwar", "block_lgd": 1.0, "gp_name": "Enmakaje", "state_name": "KERALA", "state_lgd": 32, "population": 12697, "households": 2432}, "geometry": {"type": "Polygon", "coordinates": [[[75.10536, 12.698070000000001], [75.10673000000001, 12.69429], [75.10638, 12.692300000000001], [75.10973000000001, 12.691840000000001], [75.10931000000001, 12.689810000000001], [75.11191000000001, 12.68585], [75.11057000000001, 12.68307], [75.11529, 12.682770000000001], [75.11164000000001, 12.68083], [75.11653000000001, 12.68068], [75.12212000000001, 12.678170000000001], [75.12325000000001, 12.680600000000002], [75.12483, 12.680460000000002], [75.12901000000001, 12.67584], [75.13038, 12.675550000000001], [75.128, 12.67163], [75.12686000000001, 12.671410000000002], [75.12101000000001, 12.6705], [75.12016000000001, 12.671470000000001], [75.12011000000001, 12.67369], [75.11531000000001, 12.665260000000002], [75.11752000000001, 12.66131], [75.11531000000001, 12.657420000000002], [75.11566, 12.651240000000001], [75.12254, 12.647670000000002], [75.12486000000001, 12.64733], [75.13203, 12.641680000000001], [75.12402, 12.643450000000001], [75.12173, 12.642740000000002], [75.12227, 12.641150000000001], [75.12083000000001, 12.64033], [75.12077000000001, 12.641440000000001], [75.11982, 12.641210000000001], [75.11940000000001, 12.64197], [75.12042000000001, 12.64239], [75.12042000000001, 12.643210000000002], [75.11707000000001, 12.644390000000001], [75.11205000000001, 12.642510000000001], [75.11186000000001, 12.634870000000001], [75.10702, 12.628990000000002], [75.10502000000001, 12.62799], [75.09769, 12.62559], [75.09249000000001, 12.625770000000001], [75.09154000000001, 12.630120000000002], [75.08197000000001, 12.62865], [75.07701, 12.626190000000001], [75.07586, 12.626920000000002], [75.07724, 12.630690000000001], [75.07659000000001, 12.631400000000001], [75.07844, 12.635510000000002], [75.07916, 12.6408], [75.07844, 12.641620000000001], [75.07342000000001, 12.642560000000001], [75.07396, 12.64573], [75.06917, 12.646970000000001], [75.06983000000001, 12.649140000000001], [75.06655, 12.650960000000001], [75.05943, 12.65014], [75.05542000000001, 12.65055], [75.05584, 12.653490000000001], [75.05842000000001, 12.65666], [75.05967000000001, 12.657010000000001], [75.05908000000001, 12.658420000000001], [75.06176, 12.661660000000001], [75.06141000000001, 12.66383], [75.06200000000001, 12.66347], [75.06435, 12.665130000000001], [75.06619, 12.66342], [75.06916000000001, 12.663920000000001], [75.07312, 12.670850000000002], [75.08387, 12.674230000000001], [75.08518000000001, 12.673890000000002], [75.08635000000001, 12.67524], [75.08664, 12.677700000000002], [75.08745, 12.678420000000001], [75.08495, 12.683290000000001], [75.0854, 12.688600000000001], [75.08377, 12.69339], [75.08496000000001, 12.694590000000002], [75.08364, 12.695900000000002], [75.08420000000001, 12.696810000000001], [75.08353000000001, 12.697640000000002], [75.08027000000001, 12.698640000000001], [75.08007, 12.700320000000001], [75.08457, 12.70414], [75.08419, 12.704600000000001], [75.08513, 12.705290000000002], [75.09144, 12.701060000000002], [75.09275000000001, 12.701830000000001], [75.09935, 12.700920000000002], [75.10536, 12.698070000000001]]]}}, {"id": "93", "type": "Feature", "properties": {"village_name": "Bayar", "vil_lgd": 627080, "district_name": "Kasaragod", "dist_lgd": 558, "subdistrict_name": "Manjeswaram", "sdcode": 5932, "block_name": "Manjeshwar", "block_lgd": 1.0, "gp_name": "Paivalike", "state_name": "KERALA", "state_lgd": 32, "population": 11057, "households": 2022}, "geometry": {"type": "Polygon", "coordinates": [[[75.04436000000001, 12.722150000000001], [75.04684, 12.72001], [75.05014000000001, 12.71935], [75.04955000000001, 12.71714], [75.05301, 12.712380000000001], [75.05342, 12.708380000000002], [75.05037, 12.7077], [75.04952, 12.7047], [75.05471, 12.69471], [75.05263000000001, 12.691], [75.05183000000001, 12.69372], [75.04767000000001, 12.695290000000002], [75.04305000000001, 12.693890000000001], [75.04180000000001, 12.689380000000002], [75.03962, 12.686610000000002], [75.04212000000001, 12.68349], [75.04058, 12.67998], [75.04228, 12.672080000000001], [75.04587000000001, 12.668690000000002], [75.04664000000001, 12.66684], [75.04786, 12.662790000000001], [75.04711, 12.661710000000001], [75.04334, 12.660910000000001], [75.04231, 12.664980000000002], [75.03479, 12.665680000000002], [75.02652, 12.6644], [75.02467, 12.66675], [75.02357, 12.66675], [75.02323000000001, 12.670050000000002], [75.01674000000001, 12.67524], [75.00997000000001, 12.674230000000001], [75.00818000000001, 12.675580000000002], [75.00612000000001, 12.67889], [75.00682, 12.68162], [75.00346, 12.6827], [75.00189, 12.686330000000002], [75.00032, 12.6874], [75.00011, 12.691310000000001], [75.00176, 12.692530000000001], [75.00189, 12.694070000000002], [74.99956, 12.694680000000002], [75.00052000000001, 12.69871], [75.01311000000001, 12.702610000000002], [75.01428, 12.69992], [75.01544000000001, 12.700120000000002], [75.01893000000001, 12.70301], [75.01913, 12.703880000000002], [75.01708, 12.707180000000001], [75.01893000000001, 12.709930000000002], [75.01995000000001, 12.709460000000002], [75.02002, 12.711350000000001], [75.01523, 12.713410000000001], [75.01877, 12.720220000000001], [75.02648, 12.71836], [75.03203, 12.72052], [75.03386, 12.722610000000001], [75.03916000000001, 12.72282], [75.04218, 12.72023], [75.04436000000001, 12.722150000000001]]]}}, {"id": "94", "type": "Feature", "properties": {"village_name": "Vorkady", "vil_lgd": 627058, "district_name": "Kasaragod", "dist_lgd": 558, "subdistrict_name": "Manjeswaram", "sdcode": 5932, "block_name": "Manjeshwar", "block_lgd": 1.0, "gp_name": "Vorkady", "state_name": "KERALA", "state_lgd": 32, "population": 8787, "households": 1737}, "geometry": {"type": "Polygon", "coordinates": [[[74.95992000000001, 12.778960000000001], [74.95813000000001, 12.778220000000001], [74.95818000000001, 12.773180000000002], [74.95693, 12.770380000000001], [74.95489, 12.771220000000001], [74.95356000000001, 12.768730000000001], [74.95209000000001, 12.76885], [74.95197, 12.768040000000001], [74.95295, 12.767750000000001], [74.95230000000001, 12.766680000000001], [74.95280000000001, 12.76529], [74.95094, 12.76477], [74.95241, 12.761700000000001], [74.95501, 12.759120000000001], [74.95320000000001, 12.753530000000001], [74.95107, 12.75121], [74.94272000000001, 12.750210000000001], [74.93832, 12.74811], [74.93642000000001, 12.75224], [74.93221000000001, 12.754740000000002], [74.92934000000001, 12.758410000000001], [74.92227000000001, 12.761790000000001], [74.91956, 12.765310000000001], [74.91715, 12.77016], [74.91692, 12.772300000000001], [74.92743, 12.77874], [74.93128, 12.779200000000001], [74.93286, 12.780610000000001], [74.93535, 12.780920000000002], [74.93764, 12.7796], [74.94166000000001, 12.780050000000001], [74.94986, 12.7833], [74.95067, 12.784370000000001], [74.95816, 12.784740000000001], [74.95992000000001, 12.778960000000001]]]}}, {"id": "95", "type": "Feature", "properties": {"village_name": "Koliyoor", "vil_lgd": 627061, "district_name": "Kasaragod", "dist_lgd": 558, "subdistrict_name": "Manjeswaram", "sdcode": 5932, "block_name": "Manjeshwar", "block_lgd": 1.0, "gp_name": "Meenja", "state_name": "KERALA", "state_lgd": 32, "population": 2743, "households": 496}, "geometry": {"type": "Polygon", "coordinates": [[[74.96817, 12.727870000000001], [74.97337, 12.731560000000002], [74.97562, 12.72953], [74.97116000000001, 12.727590000000001], [74.96688, 12.72395], [74.95175, 12.72643], [74.94922000000001, 12.728750000000002], [74.95026, 12.729330000000001], [74.95264, 12.733680000000001], [74.95502, 12.735270000000002], [74.95338000000001, 12.745560000000001], [74.95107, 12.75121], [74.95320000000001, 12.753530000000001], [74.95501, 12.759120000000001], [74.95793, 12.75646], [74.96291000000001, 12.75458], [74.96593, 12.74937], [74.96700000000001, 12.74183], [74.96636000000001, 12.7337], [74.96547000000001, 12.732230000000001], [74.96574000000001, 12.72836], [74.96817, 12.727870000000001]]]}}, {"id": "96", "type": "Feature", "properties": {"village_name": "Kaliyoor", "vil_lgd": 627062, "district_name": "Kasaragod", "dist_lgd": 558, "subdistrict_name": "Manjeswaram", "sdcode": 5932, "block_name": "Manjeshwar", "block_lgd": 1.0, "gp_name": "Meenja", "state_name": "KERALA", "state_lgd": 32, "population": 2323, "households": 448}, "geometry": {"type": "Polygon", "coordinates": [[[74.94922000000001, 12.728750000000002], [74.93558, 12.72826], [74.93216000000001, 12.736130000000001], [74.93295, 12.736930000000001], [74.93555, 12.741130000000002], [74.93705, 12.74652], [74.93832, 12.74811], [74.94272000000001, 12.750210000000001], [74.95107, 12.75121], [74.95338000000001, 12.745560000000001], [74.95502, 12.735270000000002], [74.95264, 12.733680000000001], [74.95026, 12.729330000000001], [74.94922000000001, 12.728750000000002]]]}}, {"id": "97", "type": "Feature", "properties": {"village_name": "Badaje", "vil_lgd": 627069, "district_name": "Kasaragod", "dist_lgd": 558, "subdistrict_name": "Manjeswaram", "sdcode": 5932, "block_name": "Manjeshwar", "block_lgd": 1.0, "gp_name": "Manjeshwar", "state_name": "KERALA", "state_lgd": 32, "population": 8170, "households": 1479}, "geometry": {"type": "Polygon", "coordinates": [[[74.90919000000001, 12.73487], [74.91289, 12.736210000000002], [74.91770000000001, 12.73661], [74.91795, 12.732500000000002], [74.91658000000001, 12.7314], [74.91730000000001, 12.73037], [74.9165, 12.729820000000002], [74.91747000000001, 12.729270000000001], [74.91795, 12.72761], [74.92003000000001, 12.73061], [74.92432000000001, 12.729090000000001], [74.92398, 12.72478], [74.91879, 12.719450000000002], [74.91464, 12.716510000000001], [74.91452000000001, 12.71465], [74.90916, 12.707680000000002], [74.90608, 12.706420000000001], [74.90444000000001, 12.70743], [74.90326, 12.71076], [74.90400000000001, 12.71424], [74.90400000000001, 12.716700000000001], [74.90058, 12.720180000000001], [74.89617000000001, 12.73037], [74.90091000000001, 12.740710000000002], [74.90613, 12.736920000000001], [74.90919000000001, 12.73487]]]}}, {"id": "98", "type": "Feature", "properties": {"village_name": "Talikala", "vil_lgd": 627063, "district_name": "Kasaragod", "dist_lgd": 558, "subdistrict_name": "Manjeswaram", "sdcode": 5932, "block_name": "Manjeshwar", "block_lgd": 1.0, "gp_name": "Meenja", "state_name": "KERALA", "state_lgd": 32, "population": 1847, "households": 363}, "geometry": {"type": "Polygon", "coordinates": [[[74.95175, 12.72643], [74.96688, 12.72395], [74.96525000000001, 12.72178], [74.96208, 12.721200000000001], [74.95807, 12.718300000000001], [74.95465, 12.71728], [74.94767, 12.71714], [74.94031000000001, 12.712850000000001], [74.93947, 12.711710000000002], [74.93714, 12.71245], [74.93518, 12.716510000000001], [74.93134, 12.715610000000002], [74.93067, 12.716550000000002], [74.92936, 12.71761], [74.9264, 12.71822], [74.93558, 12.72826], [74.94922000000001, 12.728750000000002], [74.95175, 12.72643]]]}}, {"id": "99", "type": "Feature", "properties": {"village_name": "Kuloor", "vil_lgd": 627067, "district_name": "Kasaragod", "dist_lgd": 558, "subdistrict_name": "Manjeswaram", "sdcode": 5932, "block_name": "Manjeshwar", "block_lgd": 1.0, "gp_name": "Meenja", "state_name": "KERALA", "state_lgd": 32, "population": 3381, "households": 653}, "geometry": {"type": "Polygon", "coordinates": [[[74.95406000000001, 12.69987], [74.95200000000001, 12.699840000000002], [74.95074000000001, 12.698210000000001], [74.94919, 12.69772], [74.94776, 12.69546], [74.94579, 12.686110000000001], [74.94676000000001, 12.685130000000001], [74.94895000000001, 12.686800000000002], [74.95280000000001, 12.687410000000002], [74.95699, 12.685440000000002], [74.95552, 12.684000000000001], [74.95570000000001, 12.681840000000001], [74.95945, 12.682260000000001], [74.95982000000001, 12.681740000000001], [74.95932, 12.67918], [74.95769, 12.678210000000002], [74.94765000000001, 12.67941], [74.93741, 12.67664], [74.93412000000001, 12.67645], [74.92969000000001, 12.67402], [74.92816, 12.674040000000002], [74.92853000000001, 12.67773], [74.92598000000001, 12.678870000000002], [74.92475, 12.678870000000002], [74.92171, 12.675410000000001], [74.91977, 12.674690000000002], [74.91784000000001, 12.677000000000001], [74.92009, 12.680560000000002], [74.92001, 12.682070000000001], [74.91779000000001, 12.684260000000002], [74.91871, 12.68627], [74.92108, 12.68772], [74.92212, 12.692210000000001], [74.92361000000001, 12.693230000000002], [74.93014000000001, 12.69265], [74.93386000000001, 12.693370000000002], [74.93623000000001, 12.69424], [74.93950000000001, 12.698160000000001], [74.94292, 12.69946], [74.9496, 12.69946], [74.95361000000001, 12.701490000000002], [74.95807, 12.701350000000001], [74.95505, 12.70105], [74.95406000000001, 12.69987]]]}}, {"id": "100", "type": "Feature", "properties": {"village_name": "Kubanoor", "vil_lgd": 627074, "district_name": "Kasaragod", "dist_lgd": 558, "subdistrict_name": "Manjeswaram", "sdcode": 5932, "block_name": "Manjeshwar", "block_lgd": 1.0, "gp_name": "Mangalapady", "state_name": "KERALA", "state_lgd": 32, "population": 2178, "households": 420}, "geometry": {"type": "Polygon", "coordinates": [[[74.94955, 12.67093], [74.95369000000001, 12.66998], [74.95303000000001, 12.66327], [74.95219, 12.663020000000001], [74.95278, 12.66229], [74.95186000000001, 12.657020000000001], [74.95244000000001, 12.656120000000001], [74.94817, 12.654980000000002], [74.94422, 12.65169], [74.94176, 12.65703], [74.94028, 12.657160000000001], [74.94014, 12.659320000000001], [74.93646000000001, 12.665820000000002], [74.93542000000001, 12.670910000000001], [74.93754000000001, 12.670620000000001], [74.94955, 12.67093]]]}}, {"id": "101", "type": "Feature", "properties": {"village_name": "Bekoor", "vil_lgd": 627075, "district_name": "Kasaragod", "dist_lgd": 558, "subdistrict_name": "Manjeswaram", "sdcode": 5932, "block_name": "Manjeshwar", "block_lgd": 1.0, "gp_name": "Mangalapady", "state_name": "KERALA", "state_lgd": 32, "population": 1856, "households": 367}, "geometry": {"type": "Polygon", "coordinates": [[[74.95846, 12.676020000000001], [74.95967, 12.676210000000001], [74.96109000000001, 12.673440000000001], [74.95369000000001, 12.66998], [74.94955, 12.67093], [74.93754000000001, 12.670620000000001], [74.93672000000001, 12.67435], [74.93741, 12.67664], [74.94765000000001, 12.67941], [74.95769, 12.678210000000002], [74.95846, 12.676020000000001]]]}}, {"id": "102", "type": "Feature", "properties": {"village_name": "Mugu", "vil_lgd": 627083, "district_name": "Kasaragod", "dist_lgd": 558, "subdistrict_name": "Manjeswaram", "sdcode": 5932, "block_name": "Manjeshwar", "block_lgd": 1.0, "gp_name": "Puthige", "state_name": "KERALA", "state_lgd": 32, "population": 2951, "households": 521}, "geometry": {"type": "Polygon", "coordinates": [[[75.03497, 12.628520000000002], [75.03874, 12.62681], [75.0382, 12.624460000000001], [75.04660000000001, 12.621670000000002], [75.04799000000001, 12.61621], [75.04536, 12.61439], [75.04129, 12.608870000000001], [75.03095, 12.612860000000001], [75.02987, 12.611920000000001], [75.02778, 12.613040000000002], [75.02588, 12.611210000000002], [75.02426000000001, 12.613750000000001], [75.02446, 12.61489], [75.02295000000001, 12.61644], [75.02323000000001, 12.617780000000002], [75.02241000000001, 12.619330000000001], [75.02172, 12.619460000000002], [75.02186, 12.617640000000002], [75.01919000000001, 12.617040000000001], [75.01947000000001, 12.620130000000001], [75.01824, 12.62034], [75.01817000000001, 12.621340000000002], [75.01728, 12.620070000000002], [75.01639, 12.62081], [75.01611000000001, 12.622750000000002], [75.01694, 12.6239], [75.01563, 12.62363], [75.01563, 12.62517], [75.01434, 12.62517], [75.01427000000001, 12.627130000000001], [75.01671, 12.627730000000001], [75.02049000000001, 12.63155], [75.02206000000001, 12.62912], [75.02549, 12.630090000000001], [75.02894, 12.63433], [75.02995, 12.63474], [75.03467, 12.629750000000001], [75.03497, 12.628520000000002]]]}}, {"id": "103", "type": "Feature", "properties": {"village_name": "Arikady", "vil_lgd": 627097, "district_name": "Kasaragod", "dist_lgd": 558, "subdistrict_name": "Manjeswaram", "sdcode": 5932, "block_name": "Manjeshwar", "block_lgd": 1.0, "gp_name": "Kumbala", "state_name": "KERALA", "state_lgd": 32, "population": 8001, "households": 1398}, "geometry": {"type": "Polygon", "coordinates": [[[74.94994000000001, 12.616980000000002], [74.95888000000001, 12.618680000000001], [74.9604, 12.613040000000002], [74.96177, 12.61255], [74.96017, 12.6112], [74.96152000000001, 12.609140000000002], [74.96118000000001, 12.60866], [74.95962, 12.609280000000002], [74.95921000000001, 12.60862], [74.95892, 12.607500000000002], [74.96013, 12.6074], [74.96031, 12.60641], [74.95964000000001, 12.60481], [74.95184, 12.60557], [74.9484, 12.608060000000002], [74.94626000000001, 12.60763], [74.94278, 12.603100000000001], [74.93864, 12.595540000000002], [74.93707, 12.598510000000001], [74.9315, 12.60997], [74.93172000000001, 12.6127], [74.93497, 12.61884], [74.94564000000001, 12.61785], [74.94994000000001, 12.616980000000002]]]}}, {"id": "104", "type": "Feature", "properties": {"village_name": "Ichilampady", "vil_lgd": 627098, "district_name": "Kasaragod", "dist_lgd": 558, "subdistrict_name": "Manjeswaram", "sdcode": 5932, "block_name": "Manjeshwar", "block_lgd": 1.0, "gp_name": "Kumbala", "state_name": "KERALA", "state_lgd": 32, "population": 4001, "households": 694}, "geometry": {"type": "Polygon", "coordinates": [[[74.98289000000001, 12.62038], [74.98344, 12.621480000000002], [74.98443, 12.62137], [74.98642000000001, 12.62681], [74.99312, 12.627600000000001], [74.99454, 12.624], [74.99429, 12.620730000000002], [74.98696000000001, 12.619340000000001], [74.98463000000001, 12.616890000000001], [74.98488, 12.612710000000002], [74.98588000000001, 12.61255], [74.98538, 12.611490000000002], [74.98604, 12.61067], [74.98779, 12.610090000000001], [74.98796, 12.608300000000002], [74.98522000000001, 12.606040000000002], [74.9848, 12.60383], [74.98072, 12.602770000000001], [74.97713, 12.603650000000002], [74.96881, 12.6035], [74.96822, 12.607560000000001], [74.96495, 12.609010000000001], [74.96152000000001, 12.609140000000002], [74.96017, 12.6112], [74.96177, 12.61255], [74.9604, 12.613040000000002], [74.95888000000001, 12.618680000000001], [74.96151, 12.61856], [74.96167000000001, 12.61921], [74.96051, 12.61992], [74.95964000000001, 12.62086], [74.96300000000001, 12.62377], [74.96434, 12.626900000000001], [74.97103000000001, 12.625660000000002], [74.97132, 12.622660000000002], [74.97395, 12.62165], [74.97713, 12.627490000000002], [74.97924, 12.622480000000001], [74.98289000000001, 12.62038]]]}}, {"id": "105", "type": "Feature", "properties": {"village_name": "Mulinja", "vil_lgd": 627070, "district_name": "Kasaragod", "dist_lgd": 558, "subdistrict_name": "Manjeswaram", "sdcode": 5932, "block_name": "Manjeshwar", "block_lgd": 1.0, "gp_name": "Mangalapady", "state_name": "KERALA", "state_lgd": 32, "population": 3841, "households": 751}, "geometry": {"type": "Polygon", "coordinates": [[[74.90665, 12.69236], [74.90836, 12.689070000000001], [74.91169000000001, 12.68692], [74.91359, 12.68715], [74.91199, 12.689300000000001], [74.91211000000001, 12.69115], [74.91584, 12.690140000000001], [74.91551000000001, 12.68665], [74.91779000000001, 12.684260000000002], [74.92001, 12.682070000000001], [74.92009, 12.680560000000002], [74.91784000000001, 12.677000000000001], [74.91977, 12.674690000000002], [74.91999000000001, 12.67205], [74.91849, 12.667340000000001], [74.91683, 12.665730000000002], [74.91412000000001, 12.667930000000002], [74.90870000000001, 12.6766], [74.90960000000001, 12.681740000000001], [74.909, 12.68674], [74.90298, 12.689380000000002], [74.89996000000001, 12.691730000000002], [74.89695, 12.691730000000002], [74.89421, 12.69058], [74.88675, 12.70775], [74.88955, 12.708580000000001], [74.89044000000001, 12.707870000000002], [74.89550000000001, 12.698400000000001], [74.89775, 12.69658], [74.90695000000001, 12.693550000000002], [74.90665, 12.69236]]]}}, {"id": "106", "type": "Feature", "properties": {"village_name": "Puthige", "vil_lgd": 627091, "district_name": "Kasaragod", "dist_lgd": 558, "subdistrict_name": "Manjeswaram", "sdcode": 5932, "block_name": "Manjeshwar", "block_lgd": 1.0, "gp_name": "Puthige", "state_name": "KERALA", "state_lgd": 32, "population": 5441, "households": 928}, "geometry": {"type": "Polygon", "coordinates": [[[75.01434, 12.62517], [75.01563, 12.62517], [75.01563, 12.62363], [75.01694, 12.6239], [75.01611000000001, 12.622750000000002], [75.01639, 12.62081], [75.01728, 12.620070000000002], [75.01817000000001, 12.621340000000002], [75.01824, 12.62034], [75.01947000000001, 12.620130000000001], [75.01919000000001, 12.617040000000001], [75.02186, 12.617640000000002], [75.02172, 12.619460000000002], [75.02241000000001, 12.619330000000001], [75.02323000000001, 12.617780000000002], [75.02295000000001, 12.61644], [75.02446, 12.61489], [75.02426000000001, 12.613750000000001], [75.02588, 12.611210000000002], [75.01354, 12.603040000000002], [75.01100000000001, 12.606060000000001], [75.00649, 12.60861], [74.99734000000001, 12.619280000000002], [74.99429, 12.620730000000002], [74.99454, 12.624], [74.99312, 12.627600000000001], [74.99387, 12.629480000000001], [74.99695000000001, 12.628660000000002], [74.99915, 12.6292], [74.99997, 12.63113], [75.00298000000001, 12.630490000000002], [75.00367, 12.627920000000001], [75.00573, 12.6257], [75.00916000000001, 12.625250000000001], [75.01092000000001, 12.62602], [75.01256000000001, 12.628530000000001], [75.01365000000001, 12.62842], [75.01427000000001, 12.627130000000001], [75.01434, 12.62517]]]}}, {"id": "107", "type": "Feature", "properties": {"village_name": "Pathur", "vil_lgd": 627059, "district_name": "Kasaragod", "dist_lgd": 558, "subdistrict_name": "Manjeswaram", "sdcode": 5932, "block_name": "Manjeshwar", "block_lgd": 1.0, "gp_name": "Vorkady", "state_name": "KERALA", "state_lgd": 32, "population": 6383, "households": 1054}, "geometry": {"type": "Polygon", "coordinates": [[[75.00218000000001, 12.791870000000001], [75.00492000000001, 12.790410000000001], [75.00290000000001, 12.784440000000002], [75.00332, 12.77804], [75.00615, 12.770900000000001], [75.00938000000001, 12.76758], [75.00542, 12.76543], [75.00493, 12.76158], [75.00305, 12.75923], [74.99913000000001, 12.757460000000002], [74.99963000000001, 12.757010000000001], [74.9975, 12.75758], [74.99573000000001, 12.753330000000002], [74.99397, 12.752870000000001], [74.99254, 12.750910000000001], [74.99052, 12.75134], [74.98651000000001, 12.75482], [74.98131000000001, 12.760900000000001], [74.97582000000001, 12.76496], [74.97403, 12.767280000000001], [74.96066, 12.77105], [74.95818000000001, 12.773180000000002], [74.95813000000001, 12.778220000000001], [74.95992000000001, 12.778960000000001], [74.96286, 12.77875], [74.96371, 12.781580000000002], [74.96435000000001, 12.7817], [74.96626, 12.78086], [74.96647, 12.77655], [74.96751, 12.77635], [74.97582000000001, 12.779200000000001], [74.98187, 12.779700000000002], [74.98237, 12.782380000000002], [74.98422000000001, 12.78283], [74.9851, 12.781640000000001], [74.99203, 12.78828], [74.98738, 12.79371], [74.98901000000001, 12.795530000000001], [74.99115, 12.7956], [74.99595000000001, 12.789370000000002], [74.99862, 12.78921], [74.99767, 12.786950000000001], [74.99827, 12.78603], [75.00237, 12.788400000000001], [75.00009, 12.789340000000001], [74.99922000000001, 12.790840000000001], [75.00218000000001, 12.791870000000001]]]}}, {"id": "108", "type": "Feature", "properties": {"village_name": "Kattukukke", "vil_lgd": 627086, "district_name": "Kasaragod", "dist_lgd": 558, "subdistrict_name": "Manjeswaram", "sdcode": 5932, "block_name": "Manjeshwar", "block_lgd": 1.0, "gp_name": "Enmakaje", "state_name": "KERALA", "state_lgd": 32, "population": 3955, "households": 797}, "geometry": {"type": "Polygon", "coordinates": [[[75.14915, 12.675210000000002], [75.15004, 12.67387], [75.16091, 12.67299], [75.15797, 12.66656], [75.15399000000001, 12.660190000000002], [75.15122000000001, 12.65737], [75.14991, 12.65131], [75.14203, 12.647780000000001], [75.13762000000001, 12.64469], [75.13965, 12.6431], [75.13203, 12.641680000000001], [75.12486000000001, 12.64733], [75.12254, 12.647670000000002], [75.11566, 12.651240000000001], [75.11531000000001, 12.657420000000002], [75.11752000000001, 12.66131], [75.11531000000001, 12.665260000000002], [75.12011000000001, 12.67369], [75.12016000000001, 12.671470000000001], [75.12101000000001, 12.6705], [75.12686000000001, 12.671410000000002], [75.128, 12.67163], [75.13038, 12.675550000000001], [75.13298, 12.67458], [75.13499, 12.677190000000001], [75.13784000000001, 12.675930000000001], [75.13974, 12.679440000000001], [75.14071000000001, 12.6798], [75.14314, 12.67722], [75.14694, 12.68153], [75.15238000000001, 12.682250000000002], [75.14915, 12.675210000000002]]]}}, {"id": "109", "type": "Feature", "properties": {"village_name": "Delampady", "vil_lgd": 627120, "district_name": "Kasaragod", "dist_lgd": 558, "subdistrict_name": "Kasaragod", "sdcode": 5630, "block_name": "Kasaragod", "block_lgd": 2.0, "gp_name": "Delampady", "state_name": "KERALA", "state_lgd": 32, "population": 7291, "households": 1314}, "geometry": {"type": "Polygon", "coordinates": [[[75.28507, 12.612470000000002], [75.28868, 12.61166], [75.29066, 12.60321], [75.2945, 12.604370000000001], [75.29816000000001, 12.60716], [75.30098000000001, 12.606670000000001], [75.30467, 12.60232], [75.30678, 12.596240000000002], [75.31125, 12.590980000000002], [75.31327, 12.59229], [75.32263, 12.59219], [75.32610000000001, 12.59365], [75.32713000000001, 12.59224], [75.32649, 12.58744], [75.32709000000001, 12.585560000000001], [75.32513, 12.582210000000002], [75.32227, 12.580620000000001], [75.32063000000001, 12.580660000000002], [75.31778, 12.578750000000001], [75.31460000000001, 12.573870000000001], [75.31231000000001, 12.5745], [75.31082, 12.577860000000001], [75.30713, 12.579590000000001], [75.29891, 12.582450000000001], [75.29309, 12.582820000000002], [75.28967, 12.583860000000001], [75.28528, 12.574700000000002], [75.28576000000001, 12.573020000000001], [75.28378000000001, 12.57084], [75.27767, 12.57286], [75.27391, 12.570110000000001], [75.27203, 12.57023], [75.27202000000001, 12.56948], [75.26777000000001, 12.570340000000002], [75.25562000000001, 12.569790000000001], [75.24910000000001, 12.571570000000001], [75.24812, 12.570520000000002], [75.24632000000001, 12.570400000000001], [75.24573000000001, 12.5737], [75.24465000000001, 12.575220000000002], [75.24394000000001, 12.57417], [75.24107000000001, 12.574290000000001], [75.23951000000001, 12.57276], [75.2376, 12.573070000000001], [75.23722000000001, 12.575970000000002], [75.23898000000001, 12.57727], [75.23874, 12.579910000000002], [75.24085000000001, 12.578660000000001], [75.24945000000001, 12.583670000000001], [75.25162, 12.588130000000001], [75.25512, 12.590440000000001], [75.25666000000001, 12.595600000000001], [75.25957000000001, 12.59604], [75.26121, 12.59767], [75.26314, 12.60344], [75.26520000000001, 12.6049], [75.26581, 12.60636], [75.26422000000001, 12.612430000000002], [75.26628000000001, 12.61589], [75.26950000000001, 12.615920000000001], [75.27171000000001, 12.61682], [75.27283000000001, 12.618440000000001], [75.27546000000001, 12.619760000000001], [75.2801, 12.617920000000002], [75.28507, 12.612470000000002]]]}}, {"id": "110", "type": "Feature", "properties": {"village_name": "Bare CT", "vil_lgd": 627165, "district_name": "Kasaragod", "dist_lgd": 558, "subdistrict_name": "Hosdurg", "sdcode": 5631, "block_name": "", "block_lgd": null, "gp_name": "", "state_name": "KERALA", "state_lgd": 32, "population": 12804, "households": 2744}, "geometry": {"type": "Polygon", "coordinates": [[[75.02990000000001, 12.469990000000001], [75.03388000000001, 12.468050000000002], [75.03869, 12.46709], [75.04213, 12.465760000000001], [75.04265000000001, 12.462560000000002], [75.04765, 12.46316], [75.05990000000001, 12.45447], [75.06269, 12.447040000000001], [75.05304000000001, 12.4402], [75.05277000000001, 12.437520000000001], [75.05394000000001, 12.43485], [75.05073, 12.43332], [75.04893000000001, 12.430660000000001], [75.04579000000001, 12.430140000000002], [75.04067, 12.429860000000001], [75.03800000000001, 12.43166], [75.03452, 12.432200000000002], [75.03276000000001, 12.43321], [75.02848, 12.438970000000001], [75.02807, 12.44481], [75.02524000000001, 12.446050000000001], [75.02943, 12.45227], [75.03020000000001, 12.455480000000001], [75.02487, 12.460790000000001], [75.02510000000001, 12.463280000000001], [75.02133, 12.464150000000002], [75.01945, 12.463730000000002], [75.01841, 12.46747], [75.02011, 12.468610000000002], [75.02051, 12.471540000000001], [75.02246000000001, 12.47141], [75.02406, 12.473500000000001], [75.02698000000001, 12.478840000000002], [75.02953000000001, 12.47282], [75.02990000000001, 12.469990000000001]]]}}, {"id": "111", "type": "Feature", "properties": {"village_name": "Mogral CT", "vil_lgd": 627129, "district_name": "Kasaragod", "dist_lgd": 558, "subdistrict_name": "Manjeswaram", "sdcode": 5932, "block_name": "", "block_lgd": null, "gp_name": "", "state_name": "KERALA", "state_lgd": 32, "population": 8912, "households": 1627}, "geometry": {"type": "Polygon", "coordinates": [[[74.96598, 12.566510000000001], [74.96126000000001, 12.566510000000001], [74.95054, 12.55845], [74.93697, 12.591460000000001], [74.94032, 12.59157], [74.94731, 12.589900000000002], [74.95216, 12.58754], [74.95915000000001, 12.589480000000002], [74.97726, 12.59185], [74.98553000000001, 12.59491], [74.98610000000001, 12.59603], [74.98863, 12.596470000000002], [74.98963, 12.593440000000001], [74.98879000000001, 12.59083], [74.98738, 12.588700000000001], [74.98363, 12.586900000000002], [74.9808, 12.58403], [74.97173000000001, 12.57998], [74.97148, 12.578500000000002], [74.97315, 12.576870000000001], [74.97173000000001, 12.570570000000002], [74.97249000000001, 12.57004], [74.96598, 12.566510000000001]]]}}, {"id": "112", "type": "Feature", "properties": {"village_name": "Perole CT", "vil_lgd": 627170, "district_name": "Kasaragod", "dist_lgd": 558, "subdistrict_name": "Hosdurg", "sdcode": 5631, "block_name": "", "block_lgd": null, "gp_name": "", "state_name": "KERALA", "state_lgd": 32, "population": 14965, "households": 3748}, "geometry": {"type": "Polygon", "coordinates": [[[75.17502, 12.273790000000002], [75.17564, 12.27153], [75.1705, 12.26931], [75.16856, 12.264410000000002], [75.16714, 12.263300000000001], [75.16810000000001, 12.262340000000002], [75.16385000000001, 12.25267], [75.16420000000001, 12.251140000000001], [75.16255000000001, 12.243150000000002], [75.15983, 12.23981], [75.14667, 12.23582], [75.14392000000001, 12.24116], [75.13770000000001, 12.248990000000001], [75.13250000000001, 12.25744], [75.12884000000001, 12.265120000000001], [75.13276, 12.2657], [75.13367000000001, 12.26717], [75.13264000000001, 12.27006], [75.14169000000001, 12.279150000000001], [75.14620000000001, 12.280230000000001], [75.14927, 12.276140000000002], [75.15045, 12.275820000000001], [75.15254, 12.27682], [75.15663, 12.27688], [75.16437, 12.281210000000002], [75.1697, 12.277830000000002], [75.17502, 12.273790000000002]]]}}, {"id": "113", "type": "Feature", "properties": {"village_name": "Pallikkara CT", "vil_lgd": 627167, "district_name": "Kasaragod", "dist_lgd": 558, "subdistrict_name": "Hosdurg", "sdcode": 5631, "block_name": "", "block_lgd": null, "gp_name": "", "state_name": "KERALA", "state_lgd": 32, "population": 14334, "households": 2734}, "geometry": {"type": "Polygon", "coordinates": [[[75.05244, 12.41168], [75.05319, 12.406], [75.05439000000001, 12.40446], [75.05323, 12.39995], [75.05135, 12.400580000000001], [75.04835, 12.399120000000002], [75.04933000000001, 12.39052], [75.04964000000001, 12.38498], [75.05113, 12.38155], [75.0507, 12.37855], [75.05224000000001, 12.37282], [75.04736000000001, 12.37203], [75.03992000000001, 12.38821], [75.03865, 12.389880000000002], [75.03675000000001, 12.39061], [75.03232000000001, 12.39028], [75.02975, 12.392740000000002], [75.03001, 12.39423], [75.02725000000001, 12.39916], [75.03173000000001, 12.40619], [75.03558000000001, 12.40812], [75.03743, 12.41258], [75.03896, 12.413400000000001], [75.04163000000001, 12.410120000000001], [75.04626, 12.40783], [75.05244, 12.41168]]]}}, {"id": "114", "type": "Feature", "properties": {"village_name": "Udma CT", "vil_lgd": 627166, "district_name": "Kasaragod", "dist_lgd": 558, "subdistrict_name": "Hosdurg", "sdcode": 5631, "block_name": "", "block_lgd": null, "gp_name": "", "state_name": "KERALA", "state_lgd": 32, "population": 8115, "households": 1669}, "geometry": {"type": "Polygon", "coordinates": [[[75.01761, 12.443560000000002], [75.01959000000001, 12.443480000000001], [75.02524000000001, 12.446050000000001], [75.02807, 12.44481], [75.02848, 12.438970000000001], [75.02689000000001, 12.4389], [75.02531, 12.43612], [75.02352, 12.435530000000002], [75.02435000000001, 12.424570000000001], [75.02161000000001, 12.42392], [75.02053000000001, 12.424940000000001], [75.01293000000001, 12.42154], [75.00276000000001, 12.443380000000001], [75.00671000000001, 12.445260000000001], [75.01071, 12.44461], [75.01131000000001, 12.44608], [75.01342000000001, 12.44762], [75.01677000000001, 12.445060000000002], [75.01761, 12.443560000000002]]]}}, {"id": "115", "type": "Feature", "properties": {"village_name": "Madhur CT", "vil_lgd": 627132, "district_name": "Kasaragod", "dist_lgd": 558, "subdistrict_name": "Kasaragod", "sdcode": 5630, "block_name": "", "block_lgd": null, "gp_name": "", "state_name": "KERALA", "state_lgd": 32, "population": 12685, "households": 2526}, "geometry": {"type": "Polygon", "coordinates": [[[75.04456, 12.554990000000002], [75.04839000000001, 12.551010000000002], [75.04974, 12.54751], [75.04791, 12.546170000000002], [75.03568, 12.547110000000002], [75.03314, 12.5455], [75.03014, 12.54658], [75.02624, 12.546980000000001], [75.02590000000001, 12.545900000000001], [75.02214000000001, 12.543220000000002], [75.02419, 12.542000000000002], [75.02432, 12.537300000000002], [75.01995000000001, 12.53696], [75.01851, 12.534550000000001], [75.01673000000001, 12.53414], [75.01475, 12.53058], [75.01271000000001, 12.522950000000002], [75.0091, 12.524490000000002], [75.00462, 12.528780000000001], [75.00427, 12.53165], [75.00154, 12.53725], [74.99544, 12.53775], [74.99992, 12.545190000000002], [74.99667000000001, 12.55361], [74.99759, 12.556560000000001], [75.00669, 12.559280000000001], [75.01735000000001, 12.56864], [75.0207, 12.56722], [75.02364, 12.56084], [75.02637, 12.557540000000001], [75.03553000000001, 12.554920000000001], [75.04456, 12.554990000000002]]]}}, {"id": "116", "type": "Feature", "properties": {"village_name": "Pilicode CT", "vil_lgd": 627171, "district_name": "Kasaragod", "dist_lgd": 558, "subdistrict_name": "Hosdurg", "sdcode": 5631, "block_name": "", "block_lgd": null, "gp_name": "", "state_name": "KERALA", "state_lgd": 32, "population": 9676, "households": 2318}, "geometry": {"type": "Polygon", "coordinates": [[[75.17121, 12.2032], [75.17049, 12.20118], [75.17416, 12.194930000000001], [75.17469000000001, 12.19458], [75.17658, 12.19616], [75.17890000000001, 12.19528], [75.18185000000001, 12.19598], [75.18194000000001, 12.19317], [75.18364000000001, 12.19175], [75.18583000000001, 12.191640000000001], [75.17341, 12.18955], [75.17321000000001, 12.187600000000002], [75.17138, 12.185870000000001], [75.16995, 12.186390000000001], [75.16879, 12.187800000000001], [75.16432, 12.186570000000001], [75.16226, 12.182170000000001], [75.16118, 12.181560000000001], [75.15984, 12.18138], [75.15874000000001, 12.17778], [75.15698, 12.177740000000002], [75.15591, 12.18411], [75.15037000000001, 12.188960000000002], [75.14608000000001, 12.196000000000002], [75.14644000000001, 12.199700000000002], [75.14724000000001, 12.201720000000002], [75.15100000000001, 12.203040000000001], [75.15136000000001, 12.207], [75.15485000000001, 12.208670000000001], [75.15825000000001, 12.207960000000002], [75.1654, 12.211300000000001], [75.1663, 12.208400000000001], [75.17121, 12.2032]]]}}, {"id": "117", "type": "Feature", "properties": {"village_name": "Ajanur CT", "vil_lgd": 627169, "district_name": "Kasaragod", "dist_lgd": 558, "subdistrict_name": "Hosdurg", "sdcode": 5631, "block_name": "", "block_lgd": null, "gp_name": "", "state_name": "KERALA", "state_lgd": 32, "population": 33079, "households": 7027}, "geometry": {"type": "Polygon", "coordinates": [[[75.08943000000001, 12.355770000000001], [75.08665, 12.35734], [75.08598, 12.355400000000001], [75.087, 12.353940000000001], [75.08651, 12.35255], [75.08367000000001, 12.35209], [75.08068, 12.35002], [75.08084000000001, 12.349240000000002], [75.08281000000001, 12.349760000000002], [75.08401, 12.348300000000002], [75.08608000000001, 12.34749], [75.08799, 12.34918], [75.09498, 12.348400000000002], [75.09843000000001, 12.35086], [75.10155, 12.349590000000001], [75.10229000000001, 12.348080000000001], [75.10494, 12.34984], [75.10682000000001, 12.35003], [75.1079, 12.349300000000001], [75.10987, 12.34988], [75.11267000000001, 12.352640000000001], [75.11701000000001, 12.349260000000001], [75.12349, 12.344270000000002], [75.11998000000001, 12.33802], [75.11657000000001, 12.33206], [75.11401000000001, 12.33103], [75.11014, 12.32962], [75.10678, 12.329830000000001], [75.10198000000001, 12.328660000000001], [75.10021, 12.327160000000001], [75.09727000000001, 12.327430000000001], [75.09504000000001, 12.329630000000002], [75.09326, 12.328240000000001], [75.09194000000001, 12.328650000000001], [75.0913, 12.327430000000001], [75.08802, 12.32895], [75.08466, 12.3267], [75.08334, 12.3275], [75.08105, 12.324840000000002], [75.07956, 12.32492], [75.07824000000001, 12.32272], [75.07194000000001, 12.31924], [75.05905, 12.347700000000001], [75.06504000000001, 12.34609], [75.06655, 12.34637], [75.06812000000001, 12.34903], [75.07001000000001, 12.349710000000002], [75.07015000000001, 12.352900000000002], [75.07333000000001, 12.35246], [75.07499, 12.354600000000001], [75.07719, 12.354460000000001], [75.07881, 12.35669], [75.07843000000001, 12.3604], [75.09079000000001, 12.364680000000002], [75.09637000000001, 12.36757], [75.09469, 12.36439], [75.08943000000001, 12.355770000000001]]]}}, {"id": "118", "type": "Feature", "properties": {"village_name": "Keekan CT", "vil_lgd": 627168, "district_name": "Kasaragod", "dist_lgd": 558, "subdistrict_name": "Hosdurg", "sdcode": 5631, "block_name": "", "block_lgd": null, "gp_name": "", "state_name": "KERALA", "state_lgd": 32, "population": 9735, "households": 1831}, "geometry": {"type": "Polygon", "coordinates": [[[75.06276000000001, 12.391850000000002], [75.06499000000001, 12.38818], [75.06901, 12.389030000000002], [75.07097, 12.38437], [75.06701000000001, 12.381580000000001], [75.06292, 12.38053], [75.06169000000001, 12.379010000000001], [75.05973, 12.379230000000002], [75.05763, 12.37616], [75.06135, 12.373080000000002], [75.06132000000001, 12.370920000000002], [75.05720000000001, 12.367090000000001], [75.05499, 12.36672], [75.05211000000001, 12.362520000000002], [75.04736000000001, 12.37203], [75.05224000000001, 12.37282], [75.0507, 12.37855], [75.05113, 12.38155], [75.04964000000001, 12.38498], [75.04933000000001, 12.39052], [75.0518, 12.392430000000001], [75.05496000000001, 12.393250000000002], [75.05587000000001, 12.391190000000002], [75.05767, 12.390770000000002], [75.05796000000001, 12.39174], [75.05717, 12.392790000000002], [75.05877000000001, 12.39431], [75.06067, 12.393360000000001], [75.05978, 12.391380000000002], [75.06276000000001, 12.391850000000002]]]}}, {"id": "119", "type": "Feature", "properties": {"village_name": "Shiribagilu CT", "vil_lgd": 627131, "district_name": "Kasaragod", "dist_lgd": 558, "subdistrict_name": "Kasaragod", "sdcode": 5630, "block_name": "", "block_lgd": null, "gp_name": "", "state_name": "KERALA", "state_lgd": 32, "population": 7630, "households": 1449}, "geometry": {"type": "Polygon", "coordinates": [[[74.99327000000001, 12.561300000000001], [74.99476, 12.56146], [74.99667000000001, 12.55991], [74.99759, 12.556560000000001], [74.99667000000001, 12.55361], [74.99992, 12.545190000000002], [74.99544, 12.53775], [74.99366, 12.540210000000002], [74.98824, 12.53757], [74.98353, 12.54592], [74.98197, 12.547590000000001], [74.97797, 12.54954], [74.97712, 12.551070000000001], [74.97569, 12.55705], [74.97864000000001, 12.56525], [74.98122000000001, 12.563540000000001], [74.98131000000001, 12.56174], [74.9843, 12.560670000000002], [74.98439, 12.562310000000002], [74.98755000000001, 12.5637], [74.98738, 12.56812], [74.99146, 12.57196], [74.99226, 12.570060000000002], [74.99334, 12.569640000000001], [74.99318000000001, 12.566450000000001], [74.99201000000001, 12.56498], [74.99268000000001, 12.563020000000002], [74.99327000000001, 12.561300000000001]]]}}, {"id": "120", "type": "Feature", "properties": {"village_name": "Cheruvathur", "vil_lgd": 627176, "district_name": "Kasaragod", "dist_lgd": 558, "subdistrict_name": "Hosdurg", "sdcode": 5631, "block_name": "", "block_lgd": null, "gp_name": "", "state_name": "KERALA", "state_lgd": 32, "population": 0, "households": 0}, "geometry": {"type": "Polygon", "coordinates": [[[75.16666000000001, 12.232050000000001], [75.16659, 12.233], [75.16775000000001, 12.233310000000001], [75.16839, 12.231290000000001], [75.16993000000001, 12.231670000000001], [75.16993000000001, 12.232370000000001], [75.17109, 12.232240000000001], [75.17115000000001, 12.233500000000001], [75.17372, 12.234200000000001], [75.17636, 12.232840000000001], [75.17368, 12.232230000000001], [75.17579, 12.223640000000001], [75.1704, 12.21948], [75.16485, 12.21217], [75.1654, 12.211300000000001], [75.15825000000001, 12.207960000000002], [75.15485000000001, 12.208670000000001], [75.15136000000001, 12.207], [75.15100000000001, 12.203040000000001], [75.14724000000001, 12.201720000000002], [75.14644000000001, 12.199700000000002], [75.14578, 12.200450000000002], [75.14112, 12.200280000000001], [75.14059, 12.198340000000002], [75.13585, 12.196850000000001], [75.13031000000001, 12.20011], [75.12923, 12.205300000000001], [75.12620000000001, 12.209880000000002], [75.11834, 12.211300000000001], [75.11602, 12.210260000000002], [75.11539, 12.211870000000001], [75.11745, 12.213270000000001], [75.11864, 12.21546], [75.1175, 12.22464], [75.11757, 12.226690000000001], [75.11865, 12.227820000000001], [75.12134, 12.22952], [75.1323, 12.230620000000002], [75.14667, 12.23582], [75.15983, 12.23981], [75.16178000000001, 12.23736], [75.16171, 12.23408], [75.16261, 12.232560000000001], [75.1648, 12.232050000000001], [75.16666000000001, 12.232050000000001]]]}}, {"id": "121", "type": "Feature", "properties": {"village_name": "Bangra Manjeshwar CT", "vil_lgd": 627124, "district_name": "Kasaragod", "dist_lgd": 558, "subdistrict_name": "Manjeswaram", "sdcode": 5932, "block_name": "", "block_lgd": null, "gp_name": "", "state_name": "KERALA", "state_lgd": 32, "population": 5791, "households": 1041}, "geometry": {"type": "Polygon", "coordinates": [[[74.90326, 12.71076], [74.90444000000001, 12.70743], [74.90608, 12.706420000000001], [74.90916, 12.707680000000002], [74.90922, 12.702010000000001], [74.90784000000001, 12.697930000000001], [74.90703, 12.697820000000002], [74.90472000000001, 12.699810000000001], [74.90651000000001, 12.69663], [74.90847000000001, 12.696570000000001], [74.90836, 12.69476], [74.90695000000001, 12.693550000000002], [74.89775, 12.69658], [74.89550000000001, 12.698400000000001], [74.89044000000001, 12.707870000000002], [74.88955, 12.708580000000001], [74.88675, 12.70775], [74.88482, 12.709270000000002], [74.88524000000001, 12.712180000000002], [74.89217000000001, 12.712470000000001], [74.90196, 12.71512], [74.90400000000001, 12.71424], [74.90326, 12.71076]]]}}]}